202408;14;1980000883;COTAS;34088.618991000000000;
202408;14;1980000883;COTAS;3459033.382659000000000;
202408;14;1980000883;CAIXA;1366209.550000000000000;
202408;14;1980000883;COTAS;8511851.350828000000000;
202408;14;1980000883;COTAS;1890379.897408000000000;
202408;14;1980000883;COTAS;8243318.344487000000000;
202408;14;1980000883;COTAS;2912181.344804000000000;
202408;14;1980000883;COTAS;3653804.799009000000000;
202408;14;1980000883;COTAS;13666755.912597000000000;
202408;14;1980000883;COTAS;2760786.752792000000000;
202408;14;1980000883;TIT_PRIV;1391333.880000000000000;
202408;14;1980000883;COTAS;5033743.842520000000000;
202408;14;1980000883;COTAS;5524250.785857000000000;
202408;14;1980000883;COTAS;3405029.052340000000000;
202408;14;1980000883;COTAS;4009506.790980000000000;
202408;14;1980000883;ACOES;4041.750000000000000;
202408;14;1980000883;COTAS;4266140.746034000000000;
202408;14;1980000883;COTAS;8325447.694683000000000;00836258000122
202408;14;2008001083;COTAS;2070720.614748000000000;
202408;14;2008001083;COTAS;1779307.583583000000000;
202408;14;1980000883;OPERACAO_PARTICIPANTE;4148813.560000000000000;
202408;14;2008001083;COTAS;2062294.803708000000000;
202408;14;2008001083;COTAS;22849734.046358000000000;
202408;14;1980000883;COTAS;3117342.206445000000000;
202408;14;2023001692;COTAS;7543967.348551000000000;
202408;14;1980000883;COTAS;4189036.320040000000000;
202408;14;2008001083;COTAS;1006942.025634000000000;
202408;14;2023001692;COTAS;6120935.051501000000000;
202408;14;1980000883;COTAS;5779451.754171000000000;
202408;14;2023001692;COTAS;12814618.255152000000000;
202408;14;9970000000;COTAS;1125208.498129000000000;
202408;14;1980000883;COTAS;2071635.713922000000000;
202408;31;1988003156;COTAS;14654054.947867000000000;
202408;14;2008001083;COTAS;1071493.042149000000000;
202408;45;1999002474;CAIXA;45067.500000000000000;
202408;14;1980000883;COTAS;3750706.247257000000000;
202408;14;1980000883;COTAS;3672891.975216000000000;
202408;14;2008001083;COTAS;688436.638600000000000;
202408;14;1980000883;COTAS;2445002.970607000000000;
202408;59;1982000783;TIT_PUB;86005392.680000000000000;
202408;14;2023001692;COTAS;3786893.283560000000000;
202408;14;2008001083;COTAS;9547711.671016000000000;
202408;14;1980000883;COTAS;4974604.183914000000000;
202408;59;1982001811;COTAS;29503.651872000000000;
202408;14;2023001692;COTAS;969103.312620000000000;
202408;14;2008001083;VL_PG_RC;0.000000000000000;
202408;14;1980000883;COTAS;5015918.283937000000000;
202408;14;2023001692;COTAS;27715652.736830000000000;
202408;14;2008001083;COTAS;1126496.599640000000000;
202408;14;1980000883;COTAS;2811174.500956000000000;
202408;14;2008001083;COTAS;1030745.768759000000000;
202408;14;1980000883;COTAS;1018945.535554000000000;
202408;14;1980000883;COTAS;22540308.754950000000000;04875086000157
202408;14;1980000883;COTAS;16563801.275079000000000;37037999000153
202408;14;2023001692;COTAS;5275671.477111000000000;
202408;14;2008001083;COTAS;1846416.985335000000000;
202408;14;2023001692;COTAS;103623387.012662000000000;00836258000122
202408;14;2023001692;COTAS;2845725.741114000000000;
202408;14;2023001692;COTAS;94656263.660959000000000;37037999000153
202408;14;2008001083;COTAS;912766.247011000000000;
202408;14;1980000883;VL_PG_RC;64323.900000000000000;
202408;14;2023001692;COTAS;11819938.660479000000000;
202408;14;9970000000;COTAS;2691936.833256000000000;
202408;59;1982001811;COTAS;1181224.930065000000000;
202408;14;1980000883;COTAS;6317653.149275000000000;
202408;14;9970000000;COTAS;826318.547442000000000;
202408;14;2008001083;COTAS;3835583.105019000000000;
202408;14;9970000000;COTAS;1250079.800703000000000;
202408;14;2008001083;COTAS;1458047.390861000000000;
202408;14;9970000000;COTAS;128882.183613000000000;04875086000157
202408;14;9970000000;COTAS;127529.227727000000000;03100345000105
202408;14;9970000000;COTAS;2053231.887821000000000;05290139000130
202408;14;2008001083;COTAS;18816924.889614000000000;
202408;14;1980000883;COTAS;7932059.145919000000000;03100345000105
202408;14;2023001692;COTAS;61293329.584147000000000;
202408;31;1988003156;COTAS;435854.988533000000000;
202408;14;2023001692;COTAS;79552742.127695000000000;03100345000105
202408;14;2008001083;COTAS;1111332.671148000000000;
202408;31;1988003156;COTAS;9639412.191180000000000;
202408;14;2023001692;COTAS;117751555.604732000000000;04875086000157
202408;59;1982001811;COTAS;25497.637297000000000;
202408;14;2008001083;COTAS;1973911.035559000000000;
202408;31;1988003156;COTAS;20475212.107537000000000;
202408;14;9970000000;CAIXA;22765.120000000000000;
202408;14;2023001692;COTAS;4110128.537512000000000;
202408;14;1980000883;COTAS;5073540.222806000000000;05290139000130
202408;14;1980000883;IMOVEIS;15640434.770000000000000;
202408;59;2000008119;COTAS;137780284.200000000000000;
202408;14;2008001083;COTAS;3476077.001554000000000;37037999000153
202408;14;9970000000;COTAS;630126.632512000000000;
202408;14;2023001692;COTAS;5901481.821548000000000;
202408;59;2000008119;COTAS;457443.324992000000000;
202408;14;2023001692;COTAS;101775.809828000000000;
202408;14;9970000000;COTAS;923289.892034000000000;
202408;14;2023001692;COTAS;24307108.705376000000000;
202408;59;2000008119;COTAS;5088653.837632000000000;
202408;31;1988003156;COTAS;5551032.569130000000000;
202408;14;2023001692;COTAS;1719654.932092000000000;
202408;59;2000008119;COTAS;91806092.999891000000000;
202408;45;1999002474;COTAS;72815119.659999000000000;
202408;14;2023001692;COTAS;6257110.713100000000000;
202408;14;9970000000;COTAS;4861377.122570000000000;37037999000153
202408;59;2000008119;OPERACAO_PARTICIPANTE;66401477.830000000000000;
202408;31;1988003156;COTAS;6222566.375881000000000;
202408;45;1999002474;COTAS;135276080.560006000000000;04644580000100
202408;14;2008001083;COTAS;78879.621539000000000;
202408;59;2012000819;COTAS;317849.252657000000000;
202408;14;2023001692;ACOES;9845.770000000000000;
202408;45;9970000000;CAIXA;18735.080000000000000;
202408;14;2023001692;COTAS;3781219.653300000000000;
202408;31;1988003156;CAIXA;4438244.070000000000000;
202408;14;2023001692;COTAS;16631717.241738000000000;05290139000130
202408;14;2023001692;IMOVEIS;65524250.110000000000000;
202408;14;2023001692;COTAS;9806063.368479000000000;
202408;59;1982001811;VL_PG_RC;-9736.060000000000000;
202408;14;2023001692;COTAS;11478929.728805000000000;
202408;31;1988003156;COTAS;76894827.319295000000000;
202408;59;9970000000;COTAS;3135.369139000000000;
202408;59;2000008119;COTAS;169721048.938312000000000;
202408;31;1988003156;COTAS;374585.682282000000000;
202408;14;9970000000;COTAS;869694.084135000000000;
202408;14;9970000000;COTAS;4189142.199702000000000;00836258000122
202408;59;2000008119;COTAS;21189950.177066000000000;
202408;14;2023001692;CAIXA;12644.430000000000000;
202408;31;1988003156;COTAS;77087577.172903000000000;
202408;59;2000008119;COTAS;70238791.962499000000000;
202408;14;2023001692;TIT_PRIV;4185222.330000000000000;
202408;31;1988003156;VL_PG_RC;1927273.770000000000000;
202408;31;1988003156;COTAS;516483.281347000000000;
202408;14;9970000000;COTAS;562932.803127000000000;
202408;31;9970000000;VL_PG_RC;0.000000000000000;
202408;31;1988003156;COTAS;8125948.453194000000000;
202408;31;9970000000;COTAS;2139431.603900000000000;
202408;59;2000008119;COTAS;11341381.142228000000000;05362674000150
202408;59;1982000783;CAIXA;549.920000000000000;
202408;31;1988003156;COTAS;917396.343534000000000;
202408;59;2000008119;TIT_PRIV;95063815.550000000000000;
202408;45;1999002474;VL_PG_RC;35601.610000000000000;
202408;14;9970000000;COTAS;846621.337556000000000;
202408;59;1982000783;COTAS;-200512.284114000000000;
202408;45;9970000000;COTAS;2709498.250002000000000;
202408;59;2012000819;COTAS;637461.548738000000000;
202408;59;1982000783;COTAS;-1720.779657000000000;
202408;59;1982000783;COTAS;207811.800536000000000;
202408;59;9970000000;CAIXA;3585.920000000000000;
202408;59;1982000783;COTAS;8806.345147000000000;
202408;14;9970000000;COTAS;1153698.959742000000000;
202408;14;9970000000;COTAS;339648.511863000000000;
202408;59;1982001811;COTAS;952301.375307000000000;
202408;81;1998001229;COTAS;6616823.562645000000000;
202408;59;1982000783;COTAS;3114619.403039000000000;
202408;31;1988003156;COTAS;15079725.381567000000000;
202408;59;1982001811;COTAS;50170.565688000000000;
202408;81;1998001229;COTAS;6433625.250198000000000;
202408;14;2023001692;COTAS;9960286.270447000000000;
202408;14;9970000000;COTAS;1145016.113337000000000;
202408;59;1982000783;COTAS;8205646.929928000000000;
202408;14;2023001692;COTAS;3334205.258334000000000;
202408;14;9970000000;VL_PG_RC;1074848.920000000000000;
202408;59;1982000783;VL_PG_RC;-40162.470000000000000;
202408;59;9970000000;COTAS;14824.719816000000000;
202408;59;1982001811;COTAS;-258.116948000000000;
202408;59;1982001811;TIT_PUB;14085736.870000000000000;
202408;14;2023001692;COTAS;7549396.510390000000000;
202408;59;1982001811;COTAS;557.156173000000000;
202408;59;2000008119;CAIXA;35084.650000000000000;
202408;59;2000008119;COTAS;-9426890.220773000000000;
202408;31;1988003156;COTAS;2975589.863247000000000;
202408;59;2000008119;COTAS;73534361.859072000000000;
202408;31;1988003156;COTAS;23515171.396684000000000;
202408;59;2000008119;VL_PG_RC;1035857.360000000000000;
202408;31;9970000000;CAIXA;225929.380000000000000;
202408;59;2012000819;COTAS;1980228.425955000000000;
202408;59;1982001811;COTAS;684702.764444000000000;
202408;81;1998001229;COTAS;10937390.862505000000000;
202408;59;2012000819;TIT_PRIV;1109145.240000000000000;
202408;31;1988003156;COTAS;102530130.405064000000000;
202408;14;2023001692;VL_PG_RC;-321248.120000000000000;
202408;45;1999002474;IMOVEIS;2894481.420000000000000;
202408;81;1998001229;COTAS;135864.428819000000000;
202408;45;9970000000;VL_PG_RC;0.000000000000000;
202408;81;1998001229;VL_PG_RC;1126432.860000000000000;
202408;59;1982000783;COTAS;4231016.169540000000000;
202408;14;9970000000;COTAS;619641.120913000000000;
202408;31;1988003156;COTAS;95002255.518391000000000;
202408;81;1998001229;COTAS;1341115.572569000000000;
202408;31;1988003156;COTAS;150346226.761882000000000;
202408;59;9970000000;COTAS;39362736.380857000000000;
202408;81;1998001229;COTAS;10460863.275885000000000;
202408;59;2000008119;COTAS;1662851.336279000000000;
202408;31;1988003156;COTAS;5874053.208755000000000;
202408;31;1988003156;COTAS;21655048.934559000000000;
202408;81;1998001229;COTAS;16792504.010285000000000;
202408;59;2000008119;COTAS;66756187.416179000000000;
202408;81;2017000256;OPERACAO_PARTICIPANTE;878104.470000000000000;
202408;59;1982000783;COTAS;254976.362004000000000;
202408;59;2000008119;COTAS;83076370.549386000000000;
202408;81;1998001229;COTAS;88319.840066000000000;
202408;93;1987000129;CAIXA;9954.150000000000000;
202408;59;1982000783;COTAS;525245.441851000000000;
202408;59;1982001811;COTAS;2634.358253000000000;
202408;59;2000008119;COTAS;83952541.220582000000000;
202408;59;2000008119;ACOES;100660828.000000000000000;
202408;81;1998001229;COTAS;13041201.832112000000000;
202408;31;1988003156;COTAS;55165995.030545000000000;42888224000121
202408;59;1982000783;COTAS;41638.349992000000000;
202408;81;1998001229;COTAS;12906973.828407000000000;
202408;93;1996002856;COTAS;85483123.366539000000000;19549886000155
202408;59;1982000783;OPERACAO_PARTICIPANTE;543270.090000000000000;
202408;81;1998001229;COTAS;11334462.086244000000000;
202408;93;1996002856;COTAS;920106.617267000000000;39379846000110
202408;81;1998001229;COTAS;9154713.294656000000000;
202408;59;1982000783;COTAS;501705.656875000000000;
202408;81;1998001229;COTAS;5002781.755463000000000;
202408;93;1996002929;COTAS;30503035.624165000000000;03211696000193
202408;81;1998001229;COTAS;151793257.544138000000000;19531929000175
202408;59;1982001811;COTAS;48639.274341000000000;
202408;93;2000002692;CAIXA;180286.220000000000000;
202408;81;1998001229;OPERACAO_PARTICIPANTE;28140122.949384800300000;
202408;59;2012000819;COTAS;19272693.203320000000000;
202408;59;2000008119;COTAS;6974073.840342000000000;
202408;59;1982001811;OPERACAO_PARTICIPANTE;56910.430000000000000;
202408;81;1998001229;TIT_PUB;1444307239.460000000000000;
202408;81;2017000256;COTAS;927727.322751000000000;
202408;59;2000008119;COTAS;2576366.773083000000000;
202408;59;1982001811;CAIXA;841.530000000000000;
202408;93;2000002692;COTAS;696996566.556557000000000;10786641000177
202408;59;1982001811;TIT_PRIV;414626.800000000000000;
202408;59;2000008119;COTAS;4113651.611642000000000;
202408;81;2017000256;VL_PG_RC;-8324.000000000000000;
202408;59;2000008119;COTAS;-108584.106468000000000;
202408;81;9970000000;COTAS;20839427.837091000000000;49051587000157
202408;59;2000008119;COTAS;96747.440748000000000;
202408;81;2017000256;COTAS;883014.422939000000000;
202408;59;2000008119;COTAS;1989801.916993000000000;
202408;59;2012000819;COTAS;2623516.913143000000000;
202408;93;1979002592;VL_PG_RC;-2806.380000000000000;
202408;59;2000008119;COTAS;187539091.946736000000000;
202408;59;1982001811;COTAS;-29837.942743000000000;
202408;93;2005003956;OPERACAO_PARTICIPANTE;694519.710000000000000;
202408;93;1987000129;COTAS;7694319.180183000000000;27347280000165
202408;59;2012000819;VL_PG_RC;-8376.160000000000000;
202408;93;1994000619;COTAS;30411850.969494000000000;39379846000110
202408;31;1988003156;TIT_PUB;96336133.580000000000000;
202408;59;1982001811;COTAS;19978.779184000000000;05362674000150
202408;59;2000008119;COTAS;7563074.637612000000000;
202408;45;1999002474;COTAS;50698342.939998000000000;03567283000146
202408;59;2000008119;COTAS;782727.600000000000000;
202408;93;1987000129;COTAS;8575832.639863000000000;39488674000112
202408;59;9970000000;TIT_PRIV;6196477.060000000000000;
202408;59;1982000783;COTAS;457453.511853000000000;
202408;93;1994000619;COTAS;3318034.810000000000000;
202408;93;2015001565;COTAS;2032858.273011000000000;39488674000112
202408;59;9970000000;IMOVEIS;6239800.000000000000000;
202408;59;2000008119;COTAS;11814375.900000000000000;
202408;93;1994000619;OPERACAO_PARTICIPANTE;140524977.130000000000000;
202408;81;1998001229;COTAS;15014358.088845000000000;
202408;59;2000008119;COTAS;31857077.257672000000000;
202408;93;1994000619;COTAS;29183128.582192000000000;39488674000112
202408;93;2015001565;COTAS;2068878.012821000000000;39503903000120
202408;81;1998001229;COTAS;10198651.330199000000000;
202408;81;1998001229;CAIXA;154532.130000000000000;
202408;93;1994000619;IMOVEIS;27710500.000000000000000;
202408;93;1996002856;COTAS;882931.780888000000000;39488674000112
202408;81;1998001229;COTAS;39579353.845875000000000;
202408;59;1982000783;COTAS;486392.787128000000000;
202408;93;1996002929;CAIXA;808359.670000000000000;
202408;81;1998001229;COTAS;157624223.503036000000000;49051587000157
202408;59;1982000783;COTAS;144414.415216000000000;05362674000150
202408;93;2015001638;COTAS;50455981.411105000000000;23029058000163
202408;81;1998001229;COTAS;9671964.408869000000000;
202408;59;1982000783;TIT_PRIV;888976.530000000000000;
202408;81;1998001229;COTAS;14740529.687167000000000;
202408;93;1996002929;COTAS;29203727.871660000000000;39503903000120
202408;93;2000002374;VL_PG_RC;-223397.790000000000000;
202408;59;2000008119;COTAS;71755622.326791000000000;
202408;81;2017000256;COTAS;816441.537802000000000;
202408;59;1982001811;COTAS;52524.544186000000000;
202408;59;2000008119;COTAS;42497436.582534000000000;
202408;93;2021002365;COTAS;157540.680000000000000;
202408;93;1979002592;COTAS;268501.505923000000000;39379846000110
202408;93;1996002856;OPERACAO_PARTICIPANTE;272570.110000000000000;
202408;81;1998001229;COTAS;5397295.514267000000000;
202408;93;2005003956;COTAS;441465.883822000000000;39488674000112
202408;93;1996002929;OPERACAO_PARTICIPANTE;19389550.630000000000000;
202408;59;1982001811;COTAS;45745.352494000000000;
202408;93;2015001638;VL_PG_RC;-1635.360000000000000;
202408;81;1998001229;COTAS;19881924.937564000000000;
202408;93;1987000129;COTAS;35608531.979859000000000;12124223000140
202408;93;2015001719;COTAS;1259193.634215000000000;39488674000112
202408;93;9970000000;TIT_PUB;141632928.910000000000000;
202408;59;2000008119;COTAS;86502472.254594000000000;
202408;93;1994000619;COTAS;22381307.663590000000000;
202408;93;2021002365;CAIXA;19471.140000000000000;
202408;59;2012000819;CAIXA;1317.470000000000000;
202408;93;1994000619;COTAS;349213388.715383000000000;12124223000140
202408;81;1998001229;COTAS;4949311.959733000000000;
202408;93;2000002374;COTAS;94463701.097704000000000;17490583000189
202408;117;1979004765;COTAS;5083375.282358000000000;
202408;59;2000008119;COTAS;41145731.821899000000000;
202408;59;2012000819;COTAS;7562408.379145000000000;
202408;81;1998001229;IMOVEIS;43758656.710000000000000;
202408;93;2000002692;COTAS;48738305.738891000000000;12124223000140
202408;59;2000008119;IMOVEIS;115247612.640000000000000;
202408;81;2017000256;CAIXA;2477.730000000000000;
202408;93;2000002692;COTAS;6739321.828979000000000;39503903000120
202408;59;9970000000;COTAS;41676370.474123000000000;
202408;93;2021002365;COTAS;4340804.379229000000000;39503903000120
202408;93;2005003956;COTAS;567457.913841000000000;27347280000165
202408;117;1979004765;COTAS;4236920.478465000000000;
202408;81;2017000256;COTAS;833445.168193000000000;
202408;93;1979002592;CAIXA;102.480000000000000;
202408;93;9970000000;VL_PG_RC;-3309.630000000000000;
202408;117;2009001338;COTAS;3654682.259806000000000;
202408;59;9970000000;VL_PG_RC;0.000000000000000;
202408;93;1979002592;COTAS;262218.618285000000000;39503903000120
202408;93;1994000619;COTAS;29700217.772540000000000;39503903000120
202408;81;1998001229;ACOES;109027351.970000000000000;
202408;81;2017000256;COTAS;52469168.819465000000000;49051587000157
202408;59;2000008119;TIT_PUB;2407338337.950000000000000;
202408;117;1979004765;COTAS;30527304.600000000000000;
202408;81;1998001229;COTAS;18583643.104388000000000;
202408;93;1979002592;COTAS;257653.308050000000000;39488674000112
202408;81;1998001229;COTAS;5868672.095526000000000;
202408;117;1979004765;COTAS;2863933.433868000000000;
202408;93;1996002929;COTAS;223488834.836457000000000;12124223000140
202408;117;2009001338;COTAS;11914100.342684000000000;
202408;93;2005003956;COTAS;460053.301733000000000;39379846000110
202408;81;1998001229;COTAS;9980608.773268000000000;
202408;117;2009001338;COTAS;2625885.327875000000000;
202408;93;2006007556;OPERACAO_PARTICIPANTE;75508023.120000000000000;
202408;81;1998001229;COTAS;8529207.894627000000000;
202408;117;2009001338;COTAS;186916186.548369000000000;03211632000192
202408;93;1987000129;COTAS;8936908.296344000000000;39379846000110
202408;93;1996002929;IMOVEIS;3849339.170000000000000;
202408;81;1998001229;COTAS;8960324.780607000000000;
202408;117;1979004765;TIT_PRIV;144148588.000000000000000;
202408;93;2015001719;COTAS;43447205.901314000000000;23029058000163
202408;93;1987000129;OPERACAO_PARTICIPANTE;2200840.980000000000000;
202408;117;2009001338;TIT_PRIV;37783569.830000000000000;
202408;81;1998001229;COTAS;6765880.454047000000000;
202408;117;2009001338;COTAS;3783078.000000000000000;
202408;93;2000002374;COTAS;2755835119.313065000000000;05971921000115
202408;117;2009001338;COTAS;3232322.528160000000000;
202408;93;2015001719;VL_PG_RC;-1642.500000000000000;
202408;81;1998001229;COTAS;5791492.807532000000000;
202408;93;2021002365;COTAS;1307284.804566000000000;
202408;93;1994000619;COTAS;4554726.870000000000000;
202408;93;1996002856;COTAS;898576.233081000000000;39503903000120
202408;117;2009001338;VL_PG_RC;31704.120000000000000;
202408;117;2013002165;ACOES;53775398.740000000000000;
202408;81;1998001229;COTAS;21209800.733460000000000;
202408;117;2009001338;COTAS;9499603.711293000000000;
202408;117;2013002165;COTAS;18.598276000000000;
202408;81;1998001229;COTAS;5095913.472620000000000;
202408;117;2009001338;COTAS;1431966.716932000000000;
202408;93;2021002365;COTAS;380892286.574705000000000;27347280000165
202408;117;2013002165;COTAS;6141518.069631000000000;
202408;81;1998001229;COTAS;12696198.625610000000000;
202408;93;2005003956;VL_PG_RC;-2576.870000000000000;
202408;117;2013002165;COTAS;7386216.750653000000000;
202408;81;1998001229;COTAS;9857104.539771000000000;
202408;81;9970000000;CAIXA;3949.420000000000000;
202408;93;1996002929;COTAS;1148169470.260713000000000;19549859000182
202408;93;1994000619;COTAS;7110993664.313518000000000;10786628000118
202408;81;2017000256;COTAS;10995289.156117000000000;19531929000175
202408;93;1979002592;IMOVEIS;510429.530000000000000;
202408;93;2021002365;COTAS;4444812.407839000000000;39379846000110
202408;117;2013002165;COTAS;16494412.746406000000000;
202408;81;9970000000;VL_PG_RC;-5864.010000000000000;
202408;117;2013002165;COTAS;3680086.413700000000000;
202408;93;9970000000;COTAS;82736322.775886000000000;27347280000165
202408;93;1996002856;CAIXA;101.450000000000000;
202408;93;1979002592;COTAS;2583168.283836000000000;12124223000140
202408;117;2013002238;COTAS;38116804.745055000000000;
202408;93;2000002374;CAIXA;2723.300000000000000;
202408;93;1996002856;IMOVEIS;218131.300000000000000;
202408;93;2015001565;VL_PG_RC;-18516.610000000000000;
202408;117;2013002238;COTAS;68609243.642702000000000;
202408;93;1987000129;COTAS;521249179.209252000000000;04682496000181
202408;93;2015001638;COTAS;1662953.827788000000000;39488674000112
202408;93;9970000000;COTAS;9201066.131267000000000;39379846000110
202408;117;2013002238;COTAS;19062657.308842000000000;
202408;93;1979002592;COTAS;21953145.651628000000000;19550171000112
202408;93;2021002365;COTAS;5726429.803246000000000;12124223000140
202408;93;2000002692;COTAS;20455999.675387000000000;27347280000165
202408;117;2013002238;COTAS;19694139.959104000000000;
202408;93;1979002592;OPERACAO_PARTICIPANTE;85873.110000000000000;
202408;93;9970000000;COTAS;8829317.769148000000000;39488674000112
202408;93;2000002692;COTAS;6621988.310306000000000;39488674000112
202408;117;2013002238;CAIXA;12477.680000000000000;
202408;117;1979004765;COTAS;26.962950000000000;
202408;117;1979004765;COTAS;20659629.543159000000000;
202408;117;2013002238;COTAS;14873.879554000000000;
202408;117;1979004765;COTAS;20938912.497503000000000;
202408;93;1987000129;VL_PG_RC;-14543.840000000000000;
202408;93;1996002929;COTAS;28695282.739798000000000;39488674000112
202408;93;2015001565;CAIXA;102.430000000000000;
202408;93;1994000619;CAIXA;790618.630000000000000;
202408;117;2013002238;COTAS;714022539.625331000000000;03211632000192
202408;117;2018002147;ACOES;43637094.990000000000000;
202408;93;1987000129;COTAS;8727785.827568000000000;39503903000120
202408;93;2005003956;TIT_PUB;11572488.940000000000000;
202408;117;2018002147;COTAS;3070759.034816000000000;
202408;117;2013002238;COTAS;22122956.512569000000000;
202408;117;1979004765;COTAS;4606138.552221000000000;
202408;93;2006007556;COTAS;12485626301.842684000000000;08399811000119
202408;117;2018002147;COTAS;3693108.375327000000000;
202408;117;2013002238;COTAS;10250131.078732000000000;
202408;117;1979004765;COTAS;37296534.120450000000000;
202408;93;1996002856;VL_PG_RC;-35518.260000000000000;
202408;117;2013002238;COTAS;16828363.367539000000000;
202408;93;1996002929;COTAS;5922148.120000000000000;
202408;93;2015001565;COTAS;2118449.444096000000000;39379846000110
202408;93;2015001719;COTAS;1312210.549045000000000;39379846000110
202408;93;1996002929;COTAS;29903464.902466000000000;39379846000110
202408;93;2015001638;COTAS;6806254.315128000000000;12124223000140
202408;93;2021002365;COTAS;10022223.790221000000000;23029058000163
202408;117;2018002147;COTAS;2760082.024759000000000;
202408;117;2013002238;COTAS;9041968.376737000000000;
202408;117;1979004765;COTAS;754043.479713000000000;43778694000103
202408;117;1979004765;COTAS;5251770.655770000000000;
202408;134;1986000818;COTAS;165012.200000000000000;
202408;117;2018002147;COTAS;18133.513958000000000;
202408;117;1979004765;COTAS;4924144.500435000000000;
202408;93;1994000619;VL_PG_RC;-391528.260000000000000;
202408;117;2018002147;COTAS;4098914.927053000000000;
202408;117;1979004765;COTAS;201276331.330311000000000;03211632000192
202408;93;2015001638;COTAS;1692419.333385000000000;39503903000120
202408;93;1996002856;COTAS;18902723.802409000000000;12124223000140
202408;117;2018002147;COTAS;3365672.673569000000000;
202408;117;2009001338;COTAS;4100052.431493000000000;
202408;93;2000002374;OPERACAO_PARTICIPANTE;10654325.870000000000000;
202408;117;2009001338;COTAS;2462072.250218000000000;
202408;134;1986000818;COTAS;9258232.460000000000000;
202408;93;1996002929;VL_PG_RC;-35809.690000000000000;
202408;117;9970000000;TIT_PUB;15065734.000000000000000;
202408;93;2000002692;VL_PG_RC;-23148.510000000000000;
202408;117;2009001338;COTAS;1168290.123121000000000;
202408;93;2015001719;CAIXA;105.520000000000000;
202408;93;2000002692;COTAS;6900799.595000000000000;39379846000110
202408;93;2015001719;COTAS;8754747.137989000000000;12124223000140
202408;134;1986000818;COTAS;1676394.470000000000000;
202408;117;2009001338;COTAS;1412306.826155000000000;
202408;93;2006007556;CAIXA;255239.970000000000000;
202408;117;2009001338;COTAS;1840077.635819000000000;
202408;117;1979004765;ACOES;77018197.740000000000000;
202408;93;2006007556;VL_PG_RC;-414569.420000000000000;
202408;121;1998003711;VL_PG_RC;-9504.730000000000000;
202408;93;2000002692;OPERACAO_PARTICIPANTE;5272394.640000000000000;
202408;134;1986000818;COTAS;33777344.030000000000000;
202408;93;2015001565;COTAS;130256.652124000000000;12124223000140
202408;117;2013002165;COTAS;4673160.492297000000000;
202408;93;2015001719;COTAS;1281504.997752000000000;39503903000120
202408;93;2005003956;CAIXA;67463.840000000000000;
202408;93;2015001638;COTAS;1732970.622941000000000;39379846000110
202408;151;1980000956;TIT_PUB;1261984517.400000000000000;
202408;93;2021002365;COTAS;4265229.768699000000000;39488674000112
202408;93;2005003956;COTAS;3288574.760824000000000;12124223000140
202408;93;2021002365;COTAS;136267393.109963000000000;10786628000118
202408;151;1996004174;COTAS;39184822.120108000000000;
202408;134;1986000818;COTAS;8158352.150000000000000;
202408;93;2005003956;COTAS;449288.130019000000000;39503903000120
202408;117;1979004765;COTAS;2335.452561000000000;
202408;134;1986000818;COTAS;198554005.899959000000000;21186519000186
202408;93;2015001565;COTAS;90519175.906573000000000;23029058000163
202408;93;2021002365;COTAS;65107539.058966000000000;19550171000112
202408;134;9970000000;COTAS;3564515.149289000000000;
202408;93;2021002365;VL_PG_RC;-15270.990000000000000;
202408;93;2021002365;OPERACAO_PARTICIPANTE;9778538.310000000000000;
202408;117;1979004765;COTAS;4165174.629510000000000;
202408;117;2013002165;COTAS;23831800.200000000000000;
202408;117;1979004765;COTAS;11367336.941033000000000;
202408;151;1996004174;VL_PG_RC;5957491.560000000000000;
202408;117;2013002165;COTAS;5649227.304619000000000;
202408;117;2013002165;COTAS;5206449.446581000000000;
202408;165;1979001911;COTAS;8376156.086680000000000;
202408;151;1996004174;COTAS;36846590.404617000000000;
202408;117;1979004765;COTAS;6488568.283661000000000;
202408;117;1979004765;COTAS;2050026.215746000000000;
202408;93;2015001638;CAIXA;105.180000000000000;
202408;117;1979004765;COTAS;2760082.024759000000000;
202408;117;1979004765;COTAS;4487563.564657000000000;
202408;117;2013002165;COTAS;2050026.215746000000000;
202408;182;1967000174;COTAS;1770303.942098000000000;
202408;182;1967000174;OPERACAO_PARTICIPANTE;118717462.050000000000000;
202408;117;2013002238;COTAS;46245841.200000000000000;
202408;182;2023000629;TIT_PRIV;3425535.990000000000000;
202408;117;2013002238;COTAS;31442255.668773000000000;
202408;117;1979004765;VL_PG_RC;1176313.370000000000000;
202408;117;2013002165;TIT_PUB;561487824.940000000000000;
202408;182;9970000000;CAIXA;27062.250000000000000;
202408;117;2013002165;COTAS;4295900.150800000000000;
202408;165;1979001911;IMOVEIS;12950000.000000000000000;
202408;117;2013002165;TIT_PRIV;201367080.590000000000000;
202408;165;1979001911;TIT_PRIV;2222.790000000000000;
202408;93;2021002365;COTAS;274132.650000000000000;
202408;117;1979004765;IMOVEIS;69053408.410000000000000;
202408;93;9970000000;CAIXA;26273.940000000000000;
202408;117;2013002238;COTAS;22709988.990681000000000;
202408;117;2013002238;COTAS;12.591627000000000;
202408;117;2013002238;COTAS;1089.251559000000000;
202408;93;9970000000;COTAS;7429738.924263000000000;
202408;206;1988000874;COTAS;20391307.681820000000000;
202408;117;2013002238;COTAS;30102788.625916000000000;
202408;117;1979004765;COTAS;3504870.369176000000000;
202408;206;2010005538;COTAS;92026639.023198000000000;
202408;117;2013002238;COTAS;12851191.353958000000000;
202408;93;9970000000;COTAS;33753531.152285000000000;12124223000140
202408;165;9970000000;COTAS;60622.005977000000000;
202408;117;2013002238;COTAS;8591800.301603000000000;
202408;117;1979004765;TIT_PUB;480015239.570000000000000;
202408;182;1967000174;ACOES;28813238.000000000000000;
202408;93;9970000000;COTAS;8985762.411681000000000;39503903000120
202408;117;1979004765;OPERACAO_PARTICIPANTE;4328883.759975629900000;
202408;117;2013002238;TIT_PRIV;236843307.590000000000000;
202408;117;2009001338;ACOES;3581878.550000000000000;
202408;117;2009001338;CAIXA;20569.390000000000000;
202408;182;1967000174;COTAS;12678203.729766000000000;
202408;117;2013002238;IMOVEIS;32289711.660000000000000;
202408;182;1967000174;COTAS;9416986.918138000000000;
202408;117;2018002147;COTAS;12593386.013942000000000;
202408;206;2010005538;COTAS;93052675.233049000000000;
202408;117;2009001338;COTAS;3328457.856588000000000;
202408;117;1979004765;CAIXA;20065.100000000000000;
202408;206;2010005538;VL_PG_RC;-649313.670000000000000;
202408;117;2009001338;COTAS;2732609.949521000000000;
202408;117;2018002147;TIT_PRIV;112645151.790000000000000;
202408;182;2010001419;COTAS;860257.418740000000000;
202408;117;2013002238;COTAS;17761964.680202000000000;
202408;182;2023000629;COTAS;1515152.659996000000000;
202408;117;9970000000;VL_PG_RC;-2635.420000000000000;
202408;117;2013002238;OPERACAO_PARTICIPANTE;17706542.569721049500000;
202408;121;1986000265;VL_PG_RC;13154863.090000000000000;
202408;117;2009001338;COTAS;2539878.757510000000000;
202408;196;1999004183;CAIXA;76511.090000000000000;
202408;117;2009001338;COTAS;1535379.517405000000000;
202408;211;1996005138;ACOES;102611023.800000000000000;
202408;196;1999004183;COTAS;7500896.684800000000000;
202408;117;2009001338;COTAS;3903825.066046000000000;
202408;121;9970000000;COTAS;4005845.379995000000000;
202408;117;2018002147;COTAS;17427618.000000000000000;
202408;117;2009001338;OPERACAO_PARTICIPANTE;21014312.889598208500000;
202408;117;2009001338;TIT_PUB;151005357.300000000000000;
202408;211;1996005138;COTAS;11488801.576967000000000;
202408;117;2018002147;COTAS;4877767.191101000000000;
202408;117;1979004765;COTAS;31801.554507000000000;
202408;117;2013002165;CAIXA;10222.630000000000000;
202408;211;1996005138;COTAS;15260945.458377000000000;
202408;117;2018002147;COTAS;2863933.433868000000000;
202408;196;1999004183;COTAS;264213621.614027000000000;18079446000119
202408;117;2013002165;COTAS;21809783.468189000000000;
202408;211;1996005138;IMOVEIS;70560090.000000000000000;
202408;117;2013002165;COTAS;21938.699086000000000;
202408;211;1996005219;COTAS;153957.000000000000000;
202408;206;9970000000;CAIXA;13403.330000000000000;
202408;117;2013002165;COTAS;8110710.354221000000000;
202408;117;2013002238;TIT_PUB;978066874.670000000000000;
202408;121;9970000000;VL_PG_RC;0.030000000000000;
202408;117;1979004765;COTAS;5465219.901814000000000;
202408;117;2018002147;IMOVEIS;37348010.320000000000000;
202408;117;2013002165;COTAS;21790251.704207000000000;
202408;117;1979004765;COTAS;8432397.474935000000000;
202408;211;1996005138;COTAS;116680.222234000000000;
202408;117;2013002165;COTAS;6831524.876574000000000;
202408;117;2013002165;COTAS;35835167.890896000000000;
202408;211;1996005219;COTAS;35460929.351596000000000;
202408;117;2013002165;COTAS;4876567.214420000000000;
202408;117;2013002165;COTAS;7877655.983645000000000;
202408;211;1996005219;COTAS;5323469.160869000000000;
202408;211;1996005138;COTAS;198241965.121870000000000;
202408;117;2013002165;COTAS;176437299.150133000000000;03211632000192
202408;211;1996005219;COTAS;5081686.942280000000000;
202408;134;1986000818;COTAS;18184846.115584000000000;
202408;117;2013002165;VL_PG_RC;795241.650000000000000;
202408;117;2021001474;COTAS;3440741.359347000000000;
202408;117;2018002147;COTAS;11616986.509798000000000;
202408;117;2018002147;COTAS;3166584.811250000000000;
202408;117;2009001338;COTAS;159.048655000000000;
202408;211;1996005219;OPERACAO_PARTICIPANTE;6597647.199740472400000;
202408;117;2009001338;COTAS;2541687.641180000000000;
202408;134;1986000818;COTAS;13011777.390000000000000;
202408;211;1996005138;COTAS;18613985.268913000000000;
202408;117;2023000238;CAIXA;34688.070000000000000;
202408;117;9970000000;COTAS;98115734.703764000000000;
202408;117;2013002165;IMOVEIS;46249890.610000000000000;
202408;117;2018002147;COTAS;2050026.215746000000000;
202408;211;1996005138;VL_PG_RC;-23047522.880000000000000;
202408;117;9970000000;COTAS;418063.530123000000000;
202408;117;2009001338;COTAS;2243781.782328000000000;
202408;211;1996005219;COTAS;18535.951635000000000;
202408;121;1986000265;CAIXA;1000.010000000000000;
202408;117;2013002165;OPERACAO_PARTICIPANTE;6414866.899809443600000;
202408;121;1986000265;OPERACAO_PARTICIPANTE;5712406.641518008800000;
202408;211;1996005219;TIT_PUB;335157790.070000000000000;
202408;117;2018002147;COTAS;2824613.652310000000000;
202408;117;2013002238;COTAS;13818415.656668000000000;
202408;211;1996005219;COTAS;1825123.969287000000000;
202408;211;1997002329;COTAS;37383.665794000000000;
202408;211;1996005219;COTAS;2644848.315503000000000;
202408;121;1998003711;COTAS;351291728.179136000000000;04738236000180
202408;134;1986000818;COTAS;34702695.510000000000000;
202408;117;2013002238;COTAS;12710761.435219000000000;
202408;121;1998003711;OPERACAO_PARTICIPANTE;4943073.201960177900000;
202408;134;1986000818;COTAS;14638489.309999000000000;
202408;117;2013002238;COTAS;17234505.751524000000000;
202408;121;9970000000;CAIXA;472.470000000000000;
202408;117;2013002165;COTAS;1606.183828000000000;
202408;117;2018002147;VL_PG_RC;652335.020000000000000;
202408;134;1986000818;CAIXA;157126.040000000000000;
202408;117;2013002165;COTAS;7625062.923537000000000;
202408;223;1980000492;ALUGUEL;37445003.980000000000000;
202408;121;1998003711;CAIXA;1000.000000000000000;
202408;134;1986000818;COTAS;23510016.563880000000000;
202408;117;2018002147;CAIXA;10070.150000000000000;
202408;117;2013002165;COTAS;6731345.346985000000000;
202408;117;2018002147;COTAS;15.387637000000000;
202408;223;1980000492;CAIXA;28793.970000000000000;
202408;117;2021001474;VL_PG_RC;-1153.100000000000000;
202408;134;1986000818;COTAS;315199643.060000000000000;44544136000138
202408;117;2018002147;COTAS;1331.079437000000000;
202408;223;1980000492;COTAS;293398111.082940000000000;
202408;211;1996005219;COTAS;4612121.438944000000000;
202408;134;9970000000;VL_PG_RC;-3576.860000000000000;
202408;211;1997002329;COTAS;10612737.613757000000000;
202408;134;1986000818;OPERACAO_PARTICIPANTE;1571810.799988367500000;
202408;117;9970000000;CAIXA;571968.180000000000000;
202408;134;1986000818;COTAS;12836956.570001000000000;
202408;223;2002004838;COTAS;4176767.400000000000000;
202408;134;1986000818;COTAS;5541962.889471000000000;
202408;117;2018002147;COTAS;25423041.841205000000000;
202408;117;2013002238;ACOES;40581731.790000000000000;
202408;223;2011000874;COTAS;9479.996338000000000;
202408;134;1986000818;COTAS;10353602.960001000000000;
202408;151;1996004174;COTAS;42589566.686648000000000;
202408;134;1986000818;COTAS;10458689.080001000000000;
202408;223;2019003929;VL_PG_RC;239.560000000000000;
202408;134;1986000818;COTAS;60356058.649992000000000;
202408;151;1996004174;COTAS;174815207.643842000000000;
202408;223;9970000000;COTAS;51508763.460000000000000;
202408;211;1997002329;COTAS;783461.473345000000000;
202408;117;2018002147;COTAS;3504870.369176000000000;
202408;237;1979000492;COTAS;146372766.612437000000000;
202408;211;2021000192;CAIXA;1291.690000000000000;
202408;151;1996004174;CAIXA;122196.810000000000000;
202408;237;1981000119;COTAS;4682036.817059000000000;
202408;211;2021000192;COTAS;830631.153110000000000;
202408;134;1986000818;COTAS;22707214.570037000000000;
202408;151;1996004174;COTAS;304949271.373249000000000;
202408;211;2021000192;VL_PG_RC;-517.070000000000000;
202408;151;1996004174;COTAS;75615290.816354000000000;
202408;134;1986000818;COTAS;146215130.151073000000000;19831152000164
202408;151;1996004174;TIT_PUB;238149719.510000000000000;
202408;211;9970000000;COTAS;1740.196964000000000;
202408;134;1986000818;COTAS;29977459.260001000000000;
202408;151;1996004174;COTAS;11822310.403815000000000;
202408;165;1979001911;COTAS;5031902.077764000000000;
202408;117;2018002147;COTAS;3812531.461768000000000;
202408;237;1981000119;COTAS;1766574.942552000000000;
202408;134;1986000818;COTAS;562661394.430001000000000;18059047000196
202408;117;2013002238;COTAS;5520095.191700000000000;
202408;151;1980000956;CAIXA;197409.050000000000000;
202408;117;2018002147;COTAS;3938827.991813000000000;
202408;237;1981000119;COTAS;902694.760081000000000;42120328000191
202408;211;9970000000;COTAS;740557.528341000000000;
202408;117;2013002238;VL_PG_RC;627737.460000000000000;
202408;151;9970000000;COTAS;1633512.513146000000000;
202408;151;1996004174;COTAS;20051663.687254000000000;
202408;211;9970000000;COTAS;2664781.275834000000000;
202408;134;1986000818;COTAS;108305268.610000000000000;31533242000174
202408;151;9970000000;CAIXA;19194.630000000000000;
202408;211;9970000000;COTAS;2606083.588749000000000;
202408;117;2018002147;COTAS;5587733.266522000000000;
202408;117;2018002147;COTAS;12778054.573086000000000;
202408;223;1980000492;COTAS;15413424.000000000000000;
202408;117;2018002147;COTAS;177470625.087967000000000;03211632000192
202408;237;1981000119;COTAS;1754930.472974000000000;47227862000115
202408;117;2018002147;TIT_PUB;307022973.430000000000000;
202408;117;2018002147;OPERACAO_PARTICIPANTE;4778140.900131583000000;
202408;165;1979001911;COTAS;79330659.458176000000000;07667179000184
202408;237;1981000119;VL_PG_RC;852157.680000000000000;
202408;117;2021001474;CAIXA;24887.370000000000000;
202408;165;1979001911;COTAS;119713533.129576000000000;04899182000135
202408;165;1979001911;VL_PG_RC;484096.390000000000000;
202408;237;1982000147;COTAS;575240.821337000000000;
202408;223;1980000492;COTAS;26281780.527461000000000;
202408;165;9970000000;CAIXA;13318.050000000000000;
202408;182;1967000174;IMOVEIS;185110484.110000000000000;
202408;134;1986000818;COTAS;74290173.880001000000000;46171893000139
202408;182;1967000174;COTAS;3734728446.002178000000000;04320223000197
202408;165;9970000000;COTAS;1982851.620053000000000;
202408;182;1967000174;TIT_PUB;10652649.870000000000000;
202408;237;1982000856;CAIXA;20119.270000000000000;
202408;117;2023000238;COTAS;10033029.491770000000000;
202408;182;1967000174;CAIXA;567951.050000000000000;
202408;134;1986000818;VL_PG_RC;27297455.830000000000000;
202408;223;1980000492;COTAS;183024422.006153000000000;41745775000173
202408;182;1967000174;COTAS;11766470.870266000000000;
202408;182;2010001419;COTAS;12678203.729766000000000;
202408;117;9970000000;TIT_PRIV;25325698.360000000000000;
202408;182;1967000174;VL_PG_RC;-26113930.560000000000000;
202408;182;1967000174;COTAS;134756220.824221000000000;06137840000187
202408;117;2023000238;VL_PG_RC;-1.630000000000000;
202408;134;9970000000;COTAS;2196683.876478000000000;
202408;182;2010001419;COTAS;6963618.016193000000000;
202408;121;1986000265;IMOVEIS;35615000.000000000000000;
202408;182;2010001419;COTAS;9416986.927166000000000;
202408;223;2002004838;ALUGUEL;11551343.560000000000000;
202408;151;1996004174;COTAS;121561522.641813000000000;
202408;182;2010001419;COTAS;25188756.041981000000000;
202408;237;1982000856;COTAS;252575.326665000000000;47228177000103
202408;182;1967000174;TIT_PRIV;16930863.540000000000000;
202408;182;2010001419;COTAS;1581044.781524000000000;
202408;182;2010001419;COTAS;9665464.191423000000000;
202408;121;9970000000;COTAS;3685095.109997000000000;
202408;182;2010001419;COTAS;5029183.429534000000000;
202408;182;2010001419;OPCOES;-1088017.310000000000000;
202408;165;1979001911;CAIXA;20610.200000000000000;
202408;134;1986000818;COTAS;6734804.059724000000000;
202408;182;2010001419;COTAS;16936901.421815000000000;
202408;182;2010001419;COTAS;342273.129522000000000;
202408;223;2002004838;COTAS;5970875.680000000000000;
202408;121;1986000265;COTAS;577505850.003826000000000;02561152000199
202408;237;1982000856;OPERACAO_PARTICIPANTE;271109.760000000000000;
202408;134;1986000818;COTAS;142140266.459993000000000;
202408;182;2010001419;COTAS;10186146.721231000000000;
202408;182;2010001419;COTAS;11766470.870266000000000;
202408;223;2002004838;COTAS;2363832.929009000000000;
202408;182;2010001419;OPERACAO_PARTICIPANTE;159778622.410000000000000;
202408;134;1986000818;COTAS;9828739.020000000000000;
202408;223;2002004838;COTAS;15518342.165577000000000;39240107000142
202408;182;2010001419;TIT_PRIV;2293294.660000000000000;
202408;237;2005002283;IMOVEIS;31760619.130000000000000;
202408;182;2010001419;CAIXA;190173.340000000000000;
202408;182;2023000629;COTAS;254386.409998000000000;
202408;134;1986000818;COTAS;6576640.000000000000000;
202408;134;1986000818;COTAS;24505122.089999000000000;
202408;223;2002004838;COTAS;10354694.719461000000000;42556558000106
202408;182;2010001419;COTAS;2106525412.334356000000000;52356027000115
202408;237;2005002356;COTAS;5110439.419410000000000;08944896000179
202408;134;1986000818;COTAS;6855013.349118000000000;
202408;223;2002004838;VL_PG_RC;28797.640000000000000;
202408;182;9970000000;COTAS;121477274.459972000000000;04320223000197
202408;182;2023000629;VL_PG_RC;-643.920000000000000;
202408;182;2010001419;COTAS;10197808.896640000000000;
202408;237;2007000792;COTAS;33171820.443870000000000;41956824000117
202408;182;9970000000;IMOVEIS;1970132.500000000000000;
202408;223;2011000874;COTAS;0.001267000000000;
202408;206;1988000874;COTAS;705107.362124000000000;
202408;196;1999004183;VL_PG_RC;-409600.900000000000000;
202408;223;2011000874;OPERACAO_PARTICIPANTE;3128993.510000000000000;
202408;206;1988000874;COTAS;86201005.619980000000000;
202408;134;1986000818;COTAS;4817945.758804000000000;
202408;196;1999004183;COTAS;6110223.556969000000000;
202408;206;4002060047;COTAS;5090170.642319000000000;
202408;134;1986000818;COTAS;2511098.820000000000000;
202408;206;2010005538;CAIXA;187246.490000000000000;
202408;196;9970000000;COTAS;1134840.491456000000000;
202408;237;2007000865;CAIXA;20789.400000000000000;
202408;182;2010001419;COTAS;17209168.798593000000000;
202408;134;1986000818;COTAS;8948693.840000000000000;
202408;206;1988000874;COTAS;138166872.225981000000000;
202408;206;4002060047;VL_PG_RC;-28725.420000000000000;
202408;134;1986000818;COTAS;158833115.779942000000000;20934274000165
202408;206;1988000874;COTAS;10767812.513078000000000;
202408;237;2007000865;COTAS;517878.287309000000000;
202408;182;2010001419;VL_PG_RC;-496383.270000000000000;
202408;206;2010005538;COTAS;37315770.017906000000000;
202408;223;2011000874;TIT_PUB;578602717.080000000000000;
202408;211;1996005138;COTAS;15225831.643469000000000;
202408;196;9970000000;CAIXA;10713.000000000000000;
202408;151;1980000956;VL_PG_RC;-47790.520000000000000;
202408;134;9970000000;CAIXA;76600.330000000000000;
202408;223;2019003929;COTAS;792688.700909000000000;
202408;196;9970000000;VL_PG_RC;0.000000000000000;
202408;151;1996004174;COTAS;83196777.026307000000000;
202408;206;4002060047;COTAS;4830312.871453000000000;
202408;211;1996005138;COTAS;29574828.671701000000000;
202408;237;2007000865;COTAS;238174.099683000000000;47228177000103
202408;151;1996004174;COTAS;225446621.653921000000000;
202408;206;9970000000;VL_PG_RC;0.000000000000000;
202408;211;1996005219;COTAS;4996259.629942000000000;
202408;237;2007001047;COTAS;1114800.991328000000000;
202408;206;1988000874;VL_PG_RC;-3689594.090000000000000;
202408;151;9970000000;VL_PG_RC;398189.080000000000000;
202408;206;2010005538;COTAS;237684254.512935000000000;
202408;206;4002060047;CAIXA;36968.100000000000000;
202408;206;4002060047;COTAS;20154265.192700000000000;
202408;223;2019003929;COTAS;1691789.621580000000000;39240107000142
202408;237;2007001047;COTAS;1686288.973550000000000;04733518000195
202408;237;2007002574;CAIXA;17207.090000000000000;
202408;151;1996004174;COTAS;17210278.646044000000000;
202408;211;1996005219;COTAS;3641509.724449000000000;
202408;223;2019003929;COTAS;847820.630346000000000;42556558000106
202408;165;1979001911;COTAS;894656.988074000000000;
202408;237;2007002574;COTAS;9475105.418996000000000;08944896000179
202408;237;2007002574;IMOVEIS;9139370.410000000000000;
202408;211;1997002329;COTAS;211587.865240000000000;
202408;223;9970000000;COTAS;3869547.478925000000000;
202408;165;1979001911;COTAS;7163695.563262000000000;
202408;211;1997002329;TIT_PUB;1670615.330000000000000;
202408;165;1979001911;OPERACAO_PARTICIPANTE;2967777.320000000000000;
202408;165;1979001911;TIT_PUB;131699430.350000000000000;
202408;223;9970000000;TIT_PUB;396532460.620000000000000;
202408;211;1996005138;COTAS;1158052.050773000000000;
202408;182;1967000174;COTAS;113416.460396000000000;
202408;165;9970000000;VL_PG_RC;0.000000000000000;
202408;211;1996005138;CAIXA;188047.940000000000000;
202408;223;1980000492;COTAS;3171790.510000000000000;
202408;237;2007002647;COTAS;12680213.305588000000000;
202408;211;1996005138;COTAS;41128417.155083000000000;
202408;223;1980000492;COTAS;318814617.689467000000000;39240107000142
202408;211;1996005138;COTAS;162193692.117032000000000;
202408;182;1967000174;COTAS;21048749.933025000000000;
202408;211;1996005138;COTAS;39897344.232294000000000;
202408;223;1980000492;COTAS;159150220.957786000000000;42556558000106
202408;211;1996005138;COTAS;20183807.918350000000000;
202408;211;1996005138;COTAS;18746228.490327000000000;
202408;223;2002004838;COTAS;542621.570000000000000;
202408;211;1996005219;COTAS;5433320.240764000000000;
202408;182;2010001419;ACOES;48991370.000000000000000;
202408;237;2007002647;COTAS;3896622.852395000000000;47228177000103
202408;182;1967000174;COTAS;136909.253374000000000;
202408;211;9970000000;COTAS;39321854.411445000000000;
202408;237;2007002647;OPERACAO_PARTICIPANTE;9911060.927347000000000;
202408;182;2010001419;COTAS;20440205.422768000000000;
202408;237;1979000492;COTAS;163299925.208743000000000;
202408;211;9970000000;VL_PG_RC;-2241.010000000000000;
202408;211;1996005219;CAIXA;294665.660000000000000;
202408;223;1980000492;COTAS;6671608.700000000000000;
202408;237;2007003392;COTAS;2820471.978233000000000;
202408;211;1996005219;COTAS;131282.237085000000000;
202408;237;1981000119;COTAS;816.270000000000000;
202408;223;1980000492;OPERACAO_PARTICIPANTE;10480501.650000000000000;
202408;223;1980000492;TIT_PUB;3601250900.000000000000000;
202408;211;1996005138;COTAS;33871406.227573000000000;
202408;237;2013000911;COTAS;267577.326853000000000;41956824000117
202408;223;2002004838;COTAS;25085902.220000000000000;
202408;211;1996005219;COTAS;4466174.144174000000000;
202408;182;1967000174;COTAS;8883222.180000000000000;
202408;182;2010001419;COTAS;29610740.600000000000000;
202408;182;9970000000;VL_PG_RC;-36603.020000000000000;
202408;237;2014000883;COTAS;3286476.626263000000000;
202408;196;1999004183;COTAS;4980859.165862000000000;
202408;237;2014000883;COTAS;585254.602131000000000;
202408;182;2010001419;COTAS;283648.950280000000000;
202408;237;1981000119;COTAS;9165749.551788000000000;
202408;237;2014000883;COTAS;1193799.735239000000000;42120328000191
202408;182;2010001419;COTAS;8164981.140989000000000;
202408;237;1981000119;COTAS;678860.623571000000000;41956824000117
202408;237;2014000883;COTAS;423624.212989000000000;47227862000115
202408;182;2010001419;COTAS;90253735.158310000000000;53544038000191
202408;237;1982000147;CAIXA;18122.810000000000000;
202408;237;2014000883;VL_PG_RC;-3428.320000000000000;
202408;182;2023000629;CAIXA;17079.000000000000000;
202408;211;1996005219;COTAS;2013600.000000000000000;
202408;223;2002004838;COTAS;8166009.476211000000000;
202408;223;2011000874;COTAS;5357040.000000000000000;
202408;182;9970000000;COTAS;1196150.530000000000000;
202408;211;1996005219;COTAS;1608338.083212000000000;
202408;223;2019003929;COTAS;1200554.030000000000000;
202408;237;2018000365;TIT_PUB;16312977.290000000000000;
202408;211;1996005219;COTAS;2825917.395320000000000;
202408;211;1996005219;COTAS;2030110.885798000000000;
202408;237;1982000147;COTAS;4583673.528832000000000;
202408;237;9970000000;TIT_PUB;39626978.380000000000000;
202408;211;1996005219;TIT_PRIV;13874773.740000000000000;
202408;196;1999004183;OPERACAO_PARTICIPANTE;6748694.410000000000000;
202408;237;1982000147;COTAS;2429519.736665000000000;47228177000103
202408;196;1999004183;COTAS;3460790.608823000000000;
202408;211;1997002329;ACOES;309343.750000000000000;
202408;237;1982000856;COTAS;1681534.867078000000000;
202408;206;1988000874;COTAS;148314058.732763000000000;
202408;211;1997002329;CAIXA;107934.840000000000000;
202408;237;1982000856;COTAS;641795.000239000000000;08944896000179
202408;223;2002004838;COTAS;2383916.396408000000000;
202408;211;1997002329;COTAS;16361.250795000000000;
202408;223;2019003929;COTAS;965672.675467000000000;41745775000173
202408;241;1979003947;IMOVEIS;3703098.500000000000000;
202408;206;1988000874;TIT_PUB;825252981.260000000000000;
202408;237;2005002283;COTAS;18169626.742592000000000;
202408;196;1999004183;TIT_PRIV;405199.210000000000000;
202408;223;1980000492;COTAS;27372286.200000000000000;
202408;223;2002004838;OPERACAO_PARTICIPANTE;1228701.487206795300000;
202408;223;1980000492;COTAS;350896.474345000000000;
202408;223;1980000492;IMOVEIS;62944248.660000000000000;
202408;223;9970000000;COTAS;1062529.970000000000000;
202408;223;2002004838;COTAS;1260987.900000000000000;
202408;196;9970000000;COTAS;3728208.315254000000000;
202408;237;1979000492;COTAS;200710339.845995000000000;
202408;237;2005002283;COTAS;1433.661876000000000;
202408;223;2002004838;TIT_PUB;118850419.340000000000000;
202408;223;2002004838;COTAS;12609203.495488000000000;41745775000173
202408;237;2005002283;COTAS;20152412.051373000000000;
202408;223;2002004838;COTAS;5159612.400000000000000;
202408;206;1988000874;CAIXA;162979.520000000000000;
202408;223;2011000874;COTAS;1048562.310000000000000;
202408;237;2005002283;COTAS;7744182.778366000000000;41956824000117
202408;241;2010003683;CAIXA;220344.280000000000000;
202408;223;2011000874;COTAS;26632398.542525000000000;41745775000173
202408;223;2011000874;COTAS;3805340.800000000000000;
202408;223;2011000874;COTAS;3957467.955440000000000;
202408;237;2005002283;COTAS;10297597.121011000000000;42120328000191
202408;206;2010005538;COTAS;201756414.509334000000000;
202408;223;2002004838;COTAS;24743969.990000000000000;
202408;237;2005002283;COTAS;619672.022622000000000;47227862000115
202408;223;2019003929;COTAS;336008.400000000000000;
202408;254;9970000000;VL_PG_RC;-8295.490000000000000;
202408;223;2019003929;COTAS;904465.800000000000000;
202408;223;2019003929;CAIXA;3459.470000000000000;
202408;211;1996005138;COTAS;15085220.000000000000000;
202408;237;1979000492;COTAS;127916525.959240000000000;
202408;237;2005002283;VL_PG_RC;4091059.230000000000000;
202408;223;2019003929;COTAS;376203.520000000000000;
202408;211;1996005138;COTAS;12565141.275082000000000;
202408;223;2011000874;ACOES;1264059.280000000000000;
202408;237;2005002356;COTAS;17804204.703386000000000;
202408;223;2019003929;COTAS;308886.300000000000000;
202408;223;2019003929;COTAS;605148.100000000000000;
202408;223;2019003929;COTAS;822290.290000000000000;
202408;237;2005002356;TIT_PRIV;14251751.490000000000000;
202408;271;1983000256;COTAS;5097069.923259000000000;
202408;206;4002060047;COTAS;14271355.368940000000000;
202408;237;2007000792;OPERACAO_PARTICIPANTE;24997499.097060000000000;
202408;211;1996005138;COTAS;16398059.556116000000000;
202408;237;1979000492;COTAS;104370270.674265000000000;42120328000191
202408;271;1983000256;COTAS;15319393.687242000000000;
202408;237;2007000865;COTAS;172296.940555000000000;08944896000179
202408;237;1979000492;COTAS;65126542.854518000000000;47227862000115
202408;223;9970000000;COTAS;11002398.400000000000000;
202408;237;2007001047;COTAS;143639.000000000000000;
202408;223;2019003929;COTAS;826995.710000000000000;
202408;223;9970000000;COTAS;12750605.389273000000000;
202408;237;2007001047;COTAS;1161468.580312000000000;
202408;206;4002060047;COTAS;49356584.646183000000000;
202408;237;1979000492;VL_PG_RC;31482747.490000000000000;
202408;211;1996005138;OPERACAO_PARTICIPANTE;97371257.820594761800000;
202408;271;1983000256;COTAS;5188696.225170000000000;
202408;223;2019003929;COTAS;0.001623000000000;
202408;237;2007001047;COTAS;585546.557559000000000;
202408;271;1983000256;COTAS;2165478.400374000000000;
202408;211;1996005138;TIT_PRIV;122735673.960000000000000;
202408;223;2019003929;TIT_PUB;17872707.900000000000000;
202408;237;1979000492;COTAS;204252766.220017000000000;
202408;237;1979000492;IMOVEIS;249026100.140000000000000;
202408;211;1996005138;COTAS;11784696.810572000000000;
202408;223;9970000000;COTAS;18014323.409611000000000;41745775000173
202408;237;1981000119;COTAS;1412375.259321000000000;
202408;237;2007001047;COTAS;165310.406675000000000;08944896000179
202408;237;1979000492;TIT_PRIV;204970805.430000000000000;
202408;271;1983000256;COTAS;4671658.102501000000000;
202408;223;2011000874;ALUGUEL;8233651.320000000000000;
202408;237;1979000492;COTAS;32638.840000000000000;
202408;237;1981000119;CAIXA;18957.870000000000000;
202408;211;1996005138;TIT_PUB;2277718952.720000000000000;
202408;223;2011000874;COTAS;3957532.925074000000000;
202408;271;1983000256;TIT_PUB;592057160.910000000000000;
202408;211;1996005138;COTAS;41527445.924571000000000;
202408;237;1982000147;COTAS;357120.627568000000000;
202408;237;1982000147;COTAS;719501.430907000000000;
202408;237;2007001047;COTAS;299206.009934000000000;42120328000191
202408;237;1981000119;COTAS;759303.000000000000000;
202408;223;2011000874;VL_PG_RC;1445469.060000000000000;
202408;237;1981000119;COTAS;6373398.201156000000000;
202408;211;1996005138;COTAS;40811393.702283000000000;
202408;237;1981000119;COTAS;22948711.259281000000000;04733518000195
202408;211;1996005219;ACOES;17154236.450000000000000;
202408;237;1981000119;IMOVEIS;6798123.270000000000000;
202408;211;1996005219;COTAS;52590625.419725000000000;
202408;223;9970000000;COTAS;12806777.764166000000000;
202408;237;2007001047;VL_PG_RC;165590.840000000000000;
202408;271;2008002111;TIT_PRIV;480650.730000000000000;
202408;237;1981000119;TIT_PRIV;1983339.880000000000000;
202408;237;1981000119;COTAS;1769305.556854000000000;47228177000103
202408;211;1996005219;COTAS;2033918.054320000000000;
202408;211;1996005219;VL_PG_RC;774925.200000000000000;
202408;211;1997002329;COTAS;1427162.368550000000000;
202408;237;1982000147;COTAS;2128.880000000000000;
202408;211;1997002329;VL_PG_RC;10431.560000000000000;
202408;223;9970000000;VL_PG_RC;0.000000000000000;
202408;237;1982000147;COTAS;367655.040329000000000;42120328000191
202408;237;1982000147;COTAS;8660916.847021000000000;
202408;237;2007002574;TIT_PUB;270505038.830000000000000;
202408;237;1982000147;VL_PG_RC;2077900.030000000000000;
202408;237;2007003147;OPERACAO_PARTICIPANTE;404680.586608000000000;
202408;285;1979001774;COTAS;96365761.671199000000000;
202408;237;1979000492;COTAS;27791876.000000000000000;
202408;211;1997002329;COTAS;379.668359000000000;
202408;237;2007003147;TIT_PRIV;2335845.420000000000000;
202408;237;1982000856;TIT_PUB;10727133.360000000000000;
202408;285;1979001774;COTAS;37591761.316729000000000;
202408;237;1979000492;COTAS;255644208.122167000000000;04733518000195
202408;211;9970000000;CAIXA;576902.320000000000000;
202408;285;1979001774;COTAS;6071912.240345000000000;
202408;223;1980000492;ACOES;3777563.770000000000000;
202408;237;2007003392;COTAS;1808807.512392000000000;
202408;285;1979001774;COTAS;101937434.429914000000000;
202408;223;1980000492;COTAS;293386622.365496000000000;
202408;237;2005002283;OPERACAO_PARTICIPANTE;2140460.827778000000000;
202408;237;1982000856;IMOVEIS;1527900.200000000000000;
202408;223;1980000492;VL_PG_RC;50783659.860000000000000;
202408;237;2005002356;CAIXA;20563.500000000000000;
202408;237;1979000492;COTAS;65660011.306119000000000;47228177000103
202408;237;1982000147;COTAS;276490.504904000000000;41956824000117
202408;285;1979001774;IMOVEIS;178721874.550000000000000;
202408;237;2007003392;COTAS;585254.602131000000000;
202408;285;1998005283;COTAS;433099385.230156000000000;
202408;237;2007003392;COTAS;1083852.906538000000000;41956824000117
202408;237;1982000147;COTAS;2409780.600168000000000;47227862000115
202408;237;2007003392;COTAS;1441221.240889000000000;42120328000191
202408;237;1982000856;COTAS;1391387.292107000000000;
202408;285;1998005283;COTAS;93137054.805946000000000;41373641000179
202408;223;2002004838;CAIXA;11235.160000000000000;
202408;237;1982000856;COTAS;1170509.204266000000000;
202408;237;1979000492;TIT_PUB;4019672385.440000000000000;
202408;237;1982000856;COTAS;123492.425374000000000;
202408;285;1998005283;TIT_PRIV;93422843.860000000000000;
202408;211;9970000000;COTAS;24089568.530541000000000;
202408;237;1982000856;COTAS;98732.107137000000000;
202408;237;2005002356;COTAS;935.870000000000000;
202408;285;2006000756;VL_PG_RC;-4608.290000000000000;
202408;237;1982000856;COTAS;47455.750886000000000;41956824000117
202408;237;2007000792;COTAS;29733132.273328000000000;
202408;237;2007003392;COTAS;938779.700936000000000;47227862000115
202408;237;1982000856;COTAS;63102.876046000000000;42120328000191
202408;237;2007000792;COTAS;86321851.308275000000000;
202408;237;2007003392;VL_PG_RC;39532.790000000000000;
202408;237;1982000856;COTAS;250523.236117000000000;47227862000115
202408;211;9970000000;TIT_PUB;4661474.460000000000000;
202408;223;2002004838;ACOES;1664894.580000000000000;
202408;237;1982000856;VL_PG_RC;183869.480000000000000;
202408;237;2007000865;TIT_PRIV;932584.820000000000000;
202408;223;2002004838;COTAS;4889610.800000000000000;
202408;237;2005002283;CAIXA;20836.880000000000000;
202408;285;2024000274;VL_PG_RC;0.000000000000000;
202408;223;2011000874;CAIXA;5603.900000000000000;
202408;237;2009001192;COTAS;2810036.943055000000000;
202408;237;2005002283;COTAS;15059693.136608000000000;
202408;223;2002004838;COTAS;8276108.400000000000000;
202408;237;1982000147;IMOVEIS;16918054.100000000000000;
202408;237;2005002283;COTAS;1002046.243315000000000;08944896000179
202408;299;1981000518;COTAS;11173488.166943000000000;
202408;237;2007002574;COTAS;9433581.430515000000000;
202408;237;2009001192;COTAS;1813077.329127000000000;
202408;237;2007002574;COTAS;13757917.848423000000000;
202408;237;2013000911;COTAS;457122.572009000000000;
202408;237;2005002283;TIT_PUB;409925389.370000000000000;
202408;237;2007002647;CAIXA;15337.440000000000000;
202408;237;2013000911;COTAS;696306.956730000000000;
202408;237;2005002283;COTAS;16111837.479665000000000;
202408;237;2005002356;COTAS;38005720.463031000000000;04733518000195
202408;237;2007002647;COTAS;4173699.546065000000000;
202408;299;1981000518;COTAS;23725637.811573000000000;
202408;237;2005002356;COTAS;5887344.233067000000000;47228177000103
202408;237;2007000792;COTAS;1309.620000000000000;
202408;237;2005002283;COTAS;680189.766499000000000;47228177000103
202408;237;2007000792;COTAS;69014251.883924000000000;
202408;223;2002004838;COTAS;1897970.800000000000000;
202408;237;2007002647;COTAS;2700858.777858000000000;08944896000179
202408;237;2018000365;COTAS;4665040.123137000000000;04733518000195
202408;237;2007000792;COTAS;20078865.465196000000000;47228177000103
202408;223;2002004838;COTAS;502251.880000000000000;
202408;237;2005002356;COTAS;8557622.009400000000000;41956824000117
202408;223;2011000874;COTAS;7543880.400000000000000;
202408;237;2007000865;OPERACAO_PARTICIPANTE;3575669.550000000000000;
202408;237;2007000792;TIT_PUB;1489807023.050000000000000;
202408;223;2011000874;COTAS;2336540.200000000000000;
202408;223;2011000874;COTAS;4581592.400000000000000;
202408;237;2007000865;COTAS;549037.966606000000000;
202408;237;2005002356;OPERACAO_PARTICIPANTE;11757335.835211000000000;
202408;237;2007002647;COTAS;6094766.604500000000000;41956824000117
202408;241;1979003947;VL_PG_RC;166511.850000000000000;
202408;299;1981000518;COTAS;6116006.867310000000000;
202408;241;2010003683;COTAS;32706735.809043000000000;06290652000194
202408;223;2011000874;COTAS;27726413.131942000000000;39240107000142
202408;237;2005002356;TIT_PUB;335457146.410000000000000;
202408;237;2007000865;COTAS;581380.049011000000000;
202408;237;2007003147;COTAS;485648.000000000000000;
202408;223;2011000874;COTAS;23238295.684657000000000;42556558000106
202408;237;2007000865;COTAS;647753.370449000000000;
202408;299;1981000518;COTAS;5130992.178461000000000;
202408;237;2007003147;COTAS;12515702.971381000000000;04733518000195
202408;237;2007003147;COTAS;6088578.260783000000000;08944896000179
202408;241;9970000000;COTAS;6433434.158830000000000;
202408;223;2019003929;ALUGUEL;1022665.910000000000000;
202408;237;2007000792;CAIXA;64840.770000000000000;
202408;237;2007003147;COTAS;966304.661034000000000;41956824000117
202408;223;2019003929;COTAS;102358.920000000000000;
202408;237;2007000792;COTAS;51165669.797242000000000;08944896000179
202408;299;9970000000;CAIXA;10048.500000000000000;
202408;223;2019003929;COTAS;328956.000000000000000;
202408;237;2007000865;COTAS;1007979.540560000000000;
202408;237;2007003147;COTAS;597876.008083000000000;47228177000103
202408;237;2007000865;COTAS;3388966.891434000000000;04733518000195
202408;237;2007001047;TIT_PRIV;278386.450000000000000;
202408;223;2011000874;COTAS;3806743.900000000000000;
202408;237;2007003392;TIT_PUB;51868279.570000000000000;
202408;237;2007000865;COTAS;248919.112050000000000;41956824000117
202408;223;2011000874;IMOVEIS;1667244.310000000000000;
202408;237;2007002574;COTAS;5286902.129186000000000;41956824000117
202408;237;2007001047;OPERACAO_PARTICIPANTE;2198945.469358000000000;
202408;309;1979003629;COTAS;8283465.671498000000000;
202408;223;2019003929;COTAS;1192157.790000000000000;
202408;237;2009001192;COTAS;10646275.892644000000000;04733518000195
202408;237;2009001192;OPERACAO_PARTICIPANTE;2543287.140000000000000;
202408;223;2019003929;COTAS;796265.298033000000000;
202408;237;2014000883;COTAS;2336267.743734000000000;
202408;309;1979003629;VL_PG_RC;12955872.480000000000000;
202408;237;2007000865;COTAS;330992.783310000000000;42120328000191
202408;237;2007000865;COTAS;236239.002170000000000;47227862000115
202408;223;9970000000;COTAS;10384302.300000000000000;
202408;254;1987000447;CAIXA;50697.010000000000000;
202408;312;1978000138;COTAS;4282844.743925000000000;
202408;237;2007001047;TIT_PUB;21110578.120000000000000;
202408;237;2018000365;COTAS;1755763.806397000000000;
202408;237;2007000865;VL_PG_RC;13606.550000000000000;
202408;254;1987000447;VL_PG_RC;166076.130000000000000;
202408;312;1978000138;TIT_PUB;5751716458.410000000000000;
202408;237;2007002574;COTAS;2316739.207523000000000;47228177000103
202408;223;9970000000;CAIXA;10369.690000000000000;
202408;237;2007001047;COTAS;182.390000000000000;
202408;223;9970000000;COTAS;12704390.160000000000000;
202408;237;2007001047;COTAS;468144.019953000000000;
202408;223;9970000000;IMOVEIS;5185000.000000000000000;
202408;254;2020003147;CAIXA;4092.230000000000000;
202408;237;1979000492;OPERACAO_PARTICIPANTE;88166192.253926000000000;
202408;268;1979003874;CAIXA;52940.490000000000000;
202408;237;2007002647;COTAS;15860194.916167000000000;
202408;326;2000005683;VL_PG_RC;-356724.520000000000000;
202408;237;2007003147;COTAS;4345743.356514000000000;
202408;268;1979003874;COTAS;192482031.870000000000000;
202408;223;9970000000;COTAS;38434068.178634000000000;39240107000142
202408;237;2007001047;COTAS;505466.041695000000000;47228177000103
202408;223;9970000000;COTAS;16575407.030633000000000;42556558000106
202408;326;2006001574;COTAS;289524792.080243000000000;49997061000164
202408;237;1979000492;CAIXA;69792.250000000000000;
202408;237;2007002574;OPERACAO_PARTICIPANTE;1634022.681400000000000;
202408;237;2007003147;TIT_PUB;75299868.300000000000000;
202408;237;9970000000;COTAS;11157898.878815000000000;
202408;237;1979000492;COTAS;399552596.287470000000000;08944896000179
202408;237;1979000492;COTAS;78490393.692823000000000;41956824000117
202408;237;9970000000;COTAS;1884433.768773000000000;
202408;237;9970000000;VL_PG_RC;-7569.370000000000000;
202408;237;2007003392;COTAS;2254965.131192000000000;
202408;326;2009002938;COTAS;28391933.692921000000000;49997061000164
202408;237;2007002647;TIT_PUB;225891870.780000000000000;
202408;241;2010003683;TIT_PUB;87640104.630000000000000;
202408;237;2007002574;COTAS;10999444.440356000000000;
202408;237;2007003147;IMOVEIS;4364190.560000000000000;
202408;271;1983000256;IMOVEIS;47555999.010000000000000;
202408;237;2007002574;COTAS;2297916.384127000000000;47227862000115
202408;237;2007003392;COTAS;946469.491217000000000;47228177000103
202408;237;1981000119;COTAS;1890210.727208000000000;08944896000179
202408;254;1987000447;COTAS;744604694.303549000000000;19226038000105
202408;237;2007002647;COTAS;7131306.884467000000000;
202408;237;1981000119;OPERACAO_PARTICIPANTE;2350703.363090000000000;
202408;237;2007003392;CAIXA;16144.740000000000000;
202408;271;2008002111;COTAS;1781157.253765000000000;
202408;237;2007003392;COTAS;1437902.764600000000000;
202408;237;1982000147;COTAS;1945699.000000000000000;
202408;237;1981000119;TIT_PUB;131757446.790000000000000;
202408;237;2009001192;COTAS;2.990000000000000;
202408;237;2007003392;COTAS;746883.009827000000000;08944896000179
202408;254;1987000447;IMOVEIS;4354520.710000000000000;
202408;237;2009001192;COTAS;585254.602131000000000;
202408;326;2009002938;VL_PG_RC;-60818.390000000000000;
202408;237;1982000856;COTAS;175665.000000000000000;
202408;237;2009001192;COTAS;2267766.264002000000000;
202408;237;2007002647;COTAS;1170509.204266000000000;
202408;326;2021002111;COTAS;28334483.402884000000000;49996708000133
202408;237;2009001192;COTAS;2666188.100694000000000;
202408;271;2008002111;COTAS;189964.043064000000000;
202408;237;2013000911;CAIXA;17390.840000000000000;
202408;237;2013000911;COTAS;526137.373071000000000;08944896000179
202408;237;1982000856;COTAS;2046876.753662000000000;04733518000195
202408;237;2009001192;COTAS;1389616.951292000000000;08944896000179
202408;237;2014000883;COTAS;2582505.150767000000000;
202408;285;1979001774;TIT_PUB;5834751748.190000000000000;
202408;237;1982000147;COTAS;13236409.342542000000000;04733518000195
202408;254;1987000447;OPERACAO_PARTICIPANTE;17386910.049852804900000;
202408;237;2009001192;COTAS;1158796.446292000000000;42120328000191
202408;254;1987000447;TIT_PUB;248838390.500000000000000;
202408;237;2009001192;COTAS;499210.196242000000000;47227862000115
202408;237;1982000856;TIT_PRIV;163617.120000000000000;
202408;254;9970000000;CAIXA;3543.340000000000000;
202408;237;2007002647;COTAS;8104334.980343000000000;42120328000191
202408;268;1979003874;COTAS;4673532.366249000000000;
202408;237;2009001192;TIT_PRIV;3824453.020000000000000;
202408;237;2005002283;COTAS;4203.940000000000000;
202408;285;1998005283;CAIXA;4325.560000000000000;
202408;326;2021002111;TIT_PRIV;2787967.590000000000000;
202408;237;2005002356;COTAS;8975617.689935000000000;
202408;285;1998005283;COTAS;273659213.195013000000000;
202408;326;2022001419;CAIXA;74.110000000000000;
202408;271;1983000256;COTAS;36618.930000000000000;
202408;237;1982000147;COTAS;2832222.613966000000000;08944896000179
202408;237;2009001192;VL_PG_RC;10305.520000000000000;
202408;271;1983000256;COTAS;2069770.142767000000000;
202408;237;2013000911;COTAS;556696.852217000000000;
202408;357;1993000429;CAIXA;163010.720000000000000;
202408;271;1983000256;COTAS;3852259.406420000000000;
202408;237;2013000911;TIT_PRIV;976023.110000000000000;
202408;237;2007002647;COTAS;3864963.926244000000000;47227862000115
202408;357;1993000429;COTAS;929856.916390000000000;
202408;237;1982000147;OPERACAO_PARTICIPANTE;2752164.580000000000000;
202408;237;2007002647;VL_PG_RC;200866.500000000000000;
202408;237;1982000147;TIT_PRIV;1457481.600000000000000;
202408;237;2014000883;COTAS;8089905.617993000000000;04733518000195
202408;237;2005002356;COTAS;1755763.806397000000000;
202408;357;1993000429;COTAS;114667.798167000000000;
202408;271;1983000256;VL_PG_RC;791608.260000000000000;
202408;237;2005002356;COTAS;22269196.114616000000000;
202408;357;1993000429;COTAS;3362406.797124000000000;
202408;237;2014000883;COTAS;427094.223996000000000;47228177000103
202408;237;2005002356;COTAS;11379243.820977000000000;42120328000191
202408;357;2006006811;COTAS;0.172283000000000;
202408;237;2018000365;COTAS;440019.410695000000000;41956824000117
202408;237;2018000365;CAIXA;41863.230000000000000;
202408;237;2005002356;COTAS;5839511.286246000000000;47227862000115
202408;285;2006000756;COTAS;4205810.873557000000000;
202408;357;2006006811;COTAS;9280580.683008000000000;
202408;237;2005002356;VL_PG_RC;343538.300000000000000;
202408;237;1982000147;TIT_PUB;84645129.640000000000000;
202408;237;2007000792;COTAS;197963327.883059000000000;04733518000195
202408;237;1982000856;COTAS;176.410000000000000;
202408;271;2008002111;COTAS;843785.315112000000000;
202408;237;2005002283;COTAS;3537200.003585000000000;
202408;237;2018000365;COTAS;204530.607293000000000;47228177000103
202408;271;2008002111;VL_PG_RC;239357.870000000000000;
202408;357;2006006811;OPERACAO_PARTICIPANTE;21331831.450000000000000;
202408;237;9970000000;CAIXA;15448.170000000000000;
202408;237;2007000865;TIT_PUB;13162347.880000000000000;
202408;357;2020000611;COTAS;5859448.699883000000000;
202408;285;2017001465;COTAS;192957597.734716000000000;
202408;237;9970000000;TIT_PRIV;5884527.350000000000000;
202408;237;2007001047;COTAS;501359.277178000000000;47227862000115
202408;357;2020000611;COTAS;2285449.490734000000000;
202408;237;2005002283;COTAS;45136240.491246000000000;04733518000195
202408;237;2007002574;COTAS;1010970.001195000000000;
202408;285;1979001774;CAIXA;11906.670000000000000;
202408;237;2005002283;TIT_PRIV;11227298.140000000000000;
202408;241;2010003683;IMOVEIS;2557901.500000000000000;
202408;357;2020000611;TIT_PRIV;3301276.010000000000000;
202408;241;1979003947;CAIXA;280726.910000000000000;
202408;237;2007002574;COTAS;23035741.424152000000000;04733518000195
202408;361;1980002029;COTAS;2947787.690000000000000;
202408;241;1979003947;COTAS;7616005.297521000000000;
202408;237;2005002356;COTAS;5751472.905965000000000;
202408;254;1987000447;COTAS;49687605.362004000000000;
202408;361;1980002029;COTAS;20665909.540227000000000;
202408;237;2007003147;CAIXA;19194.540000000000000;
202408;237;2007000792;COTAS;68175190.680560000000000;
202408;285;1998005283;COTAS;78983713.937624000000000;
202408;237;2007000792;COTAS;14046110.451175000000000;
202408;285;2006000756;COTAS;2084247.306402000000000;52342548000113
202408;237;2007002647;COTAS;16739573.377817000000000;04733518000195
202408;285;2006000756;OP_COMP;7944617.250000000000000;
202408;254;2020003147;OPERACAO_PARTICIPANTE;128999.330000000000000;
202408;361;1980002029;COTAS;48113517.200563000000000;
202408;241;2010003683;VL_PG_RC;-534829.970000000000000;
202408;237;2007003147;COTAS;2927475.732712000000000;
202408;285;2006000756;TIT_PUB;31317471.780000000000000;
202408;237;2007003147;COTAS;606.970000000000000;
202408;237;2007000792;COTAS;44109243.416091000000000;42120328000191
202408;299;1981000518;COTAS;84915.262652000000000;
202408;285;2017001465;OP_COMP;1651292.780000000000000;
202408;237;2007000792;COTAS;19915730.573262000000000;47227862000115
202408;254;1987000447;COTAS;104231745.281463000000000;
202408;237;2007000792;TIT_PRIV;134401540.090000000000000;
202408;285;9970000000;COTAS;13394130.142828000000000;
202408;285;9970000000;COTAS;3623337.007786000000000;52342548000113
202408;361;1980002029;COTAS;19555624.954899000000000;
202408;237;2007003392;COTAS;10399235.844852000000000;04733518000195
202408;268;1979003874;COTAS;274738758.300000000000000;
202408;361;2001002165;COTAS;11152982.882657000000000;
202408;268;1979003874;COTAS;111876440.790001000000000;42046941000106
202408;361;2001002165;COTAS;11606030.023722000000000;
202408;268;1979003874;VL_PG_RC;5609600.040000000000000;
202408;254;2020003147;COTAS;3259641.854121000000000;
202408;268;9970000000;VL_PG_RC;-1866.480000000000000;
202408;285;9970000000;VL_PG_RC;-608.490000000000000;
202408;254;2020003147;COTAS;310744.655540000000000;
202408;271;1983000256;COTAS;80140.550000000000000;
202408;361;2001002165;COTAS;206809051.401013000000000;18681157000195
202408;237;2007003392;OPERACAO_PARTICIPANTE;6649436.085235000000000;
202408;237;2007000792;VL_PG_RC;770029.250000000000000;
202408;254;9970000000;COTAS;21647253.464652000000000;
202408;237;2007000865;COTAS;35.880000000000000;
202408;254;9970000000;COTAS;23141672.037097000000000;
202408;237;2007001047;CAIXA;59998.380000000000000;
202408;237;2007003392;TIT_PRIV;4010773.280000000000000;
202408;237;2007001047;COTAS;914727.703579000000000;
202408;237;2009001192;CAIXA;17347.770000000000000;
202408;237;2007003147;COTAS;1170509.204266000000000;
202408;271;1983000256;COTAS;4529789.113469000000000;
202408;271;1983000256;COTAS;9066858.500000000000000;
202408;299;1981000518;COTAS;3664368.246435000000000;
202408;271;1983000256;COTAS;10134427.575917000000000;
202408;299;1981000518;COTAS;7389311.413969000000000;
202408;299;1981000518;COTAS;5184356.161934000000000;
202408;271;1983000256;COTAS;3164451.525489000000000;
202408;361;2001002238;COTAS;1286051.780000000000000;
202408;299;1981000518;COTAS;7434643.004247000000000;
202408;299;1981000518;COTAS;6911865.693068000000000;
202408;271;1983000256;COTAS;8246543.750610000000000;
202408;299;1981000518;COTAS;5127802.499037000000000;
202408;237;2007001047;COTAS;225014.231350000000000;41956824000117
202408;271;1983000256;COTAS;15538587.057122000000000;
202408;237;2007001047;IMOVEIS;1290187.160000000000000;
202408;237;2007003147;COTAS;2514580.341076000000000;
202408;271;1983000256;COTAS;5356270.044068000000000;
202408;299;1981000518;TIT_PUB;493680123.920000000000000;
202408;299;1981000518;COTAS;5135340.150155000000000;
202408;271;1983000256;OPERACAO_PARTICIPANTE;8755598.820088254000000;
202408;237;2007002574;COTAS;1342.510000000000000;
202408;237;2009001192;COTAS;871458.784237000000000;41956824000117
202408;271;1983000256;COTAS;7965879.140263000000000;
202408;309;2019001519;CAIXA;409.890000000000000;
202408;361;2001002238;COTAS;42878.088599000000000;
202408;309;2019001519;COTAS;3253.308574000000000;32862022000157
202408;271;1983000256;COTAS;19096728.592061000000000;
202408;361;2001002238;COTAS;13191931.216852000000000;
202408;271;9970000000;VL_PG_RC;-412.440000000000000;
202408;309;2019001519;COTAS;23286.619715000000000;33269204000181
202408;285;1998005283;COTAS;75615133.250758000000000;
202408;237;2007003147;COTAS;1284914.935138000000000;42120328000191
202408;285;1998005283;FUTURO;-171150.750000000000000;
202408;237;2007003147;VL_PG_RC;562981.510000000000000;
202408;285;1998005283;OP_COMP;830224129.220000000000000;
202408;237;2013000911;COTAS;3902272.300650000000000;04733518000195
202408;309;1979003629;COTAS;10112834.612459000000000;
202408;309;1979003629;COTAS;65715.660670000000000;
202408;309;2019001519;VL_PG_RC;-663.680000000000000;
202408;309;1979003629;COTAS;3384660.021863000000000;
202408;309;1979003629;COTAS;11508773.203038000000000;
202408;309;2019001683;VL_PG_RC;-19.560000000000000;
202408;237;2009001192;TIT_PUB;56059745.880000000000000;
202408;237;2007002574;COTAS;13980023.823289000000000;
202408;271;1983000256;TIT_PRIV;134396532.880000000000000;
202408;309;1979003629;IMOVEIS;23950000.000000000000000;
202408;271;2008002111;TIT_PUB;4652250.940000000000000;
202408;309;1979003629;COTAS;12737340.000000000000000;
202408;361;2019002647;COTAS;30595.099018000000000;
202408;285;1979001774;COTAS;82319603.164666000000000;
202408;237;2013000911;COTAS;260790.746019000000000;47228177000103
202408;237;2007002574;COTAS;2965958.108239000000000;
202408;309;2011000165;CAIXA;2616.140000000000000;
202408;285;1979001774;COTAS;151112377.160205000000000;45127083000112
202408;237;2013000911;OPERACAO_PARTICIPANTE;1860191.720000000000000;
202408;309;2019001519;COTAS;30116.780000000000000;
202408;309;9970000000;CAIXA;76563.440000000000000;
202408;237;2013000911;TIT_PUB;13511155.450000000000000;
202408;309;2019001683;CAIXA;439.430000000000000;
202408;237;2007002574;COTAS;7030101.162789000000000;42120328000191
202408;309;2011000165;COTAS;116249.831323000000000;
202408;285;1979001774;COTAS;40164648.551531000000000;52342548000113
202408;309;2011000165;VL_PG_RC;-17012.470000000000000;
202408;361;2019002647;COTAS;232825064.611358000000000;05855398000161
202408;285;1998005283;COTAS;110534847.140027000000000;
202408;309;2019001683;COTAS;373.329913000000000;33269204000181
202408;309;2019001519;COTAS;661602.990004000000000;34793104000112
202408;285;1998005283;VL_PG_RC;196992110.270000000000000;
202408;309;9970000000;COTAS;1172348.769935000000000;
202408;312;1978000138;COTAS;1845535.500273000000000;
202408;285;2024000274;OP_COMP;95701.920000000000000;
202408;237;2014000883;COTAS;1867844.212666000000000;
202408;237;2007002574;TIT_PRIV;11558924.010000000000000;
202408;361;2019002647;COTAS;3924865.703481000000000;39725887000110
202408;312;1978000138;CAIXA;111329.540000000000000;
202408;361;9970000000;COTAS;244202333.338975000000000;05855398000161
202408;237;2013000911;COTAS;882396.338366000000000;
202408;312;1978000138;VL_PG_RC;5261595.630000000000000;
202408;388;1985001438;CAIXA;40026.790000000000000;
202408;237;2007002574;VL_PG_RC;1234088.540000000000000;
202408;312;1978000138;COTAS;5913847.155877000000000;
202408;285;9970000000;COTAS;6782267.274768000000000;
202408;312;1978000138;COTAS;1495449.300000000000000;
202408;312;1978000138;COTAS;8316705.295400000000000;
202408;237;2013000911;COTAS;585254.602131000000000;
202408;388;9970000000;CAIXA;4629.290000000000000;
202408;237;2014000883;TIT_PRIV;3988857.390000000000000;
202408;237;2013000911;COTAS;355802.990511000000000;42120328000191
202408;391;1979001529;ACOES;200.000000000000000;
202408;237;2007002647;COTAS;379.730000000000000;
202408;312;1978000138;COTAS;10881645.873360000000000;
202408;237;2007002647;TIT_PRIV;13266148.560000000000000;
202408;312;1978000138;COTAS;15508710.000000000000000;
202408;299;1981000518;COTAS;4164997.417000000000000;
202408;391;1979001529;COTAS;0.027147000000000;
202408;312;1978000138;COTAS;108195191.922281000000000;
202408;312;1978000138;COTAS;660048.799774000000000;
202408;237;2018000365;COTAS;2212586.889369000000000;
202408;312;1978000138;TIT_PRIV;89088946.520000000000000;
202408;312;1978000138;COTAS;1432253.776520000000000;
202408;237;2018000365;COTAS;752001.938022000000000;08944896000179
202408;312;1978000138;COTAS;226858598.924278000000000;
202408;312;1978000383;COTAS;20041932.876127000000000;
202408;312;1978000383;CAIXA;10790.300000000000000;
202408;391;1979001529;COTAS;29017722.384310000000000;
202408;299;1981000518;COTAS;9141058.114799000000000;
202408;312;1978000383;TIT_PRIV;1197297.870000000000000;
202408;237;2013000911;COTAS;258671.908328000000000;47227862000115
202408;312;1978000383;OPERACAO_PARTICIPANTE;3165007.380000000000000;
202408;391;1979001529;COTAS;11718082238.410292000000000;01912197000106
202408;237;2018000365;TIT_PRIV;2455355.380000000000000;
202408;312;2006003429;VL_PG_RC;-678240.980000000000000;
202408;299;1981000518;COTAS;6623905.758415000000000;
202408;326;1979002118;CAIXA;479424.830000000000000;
202408;237;9970000000;COTAS;3963400.322348000000000;04733518000195
202408;299;1981000518;VL_PG_RC;-2847.700000000000000;
202408;312;9970000000;VL_PG_RC;-94.000000000000000;
202408;312;9970000000;CAIXA;13027.840000000000000;
202408;326;2000005683;COTAS;13746179.300000000000000;
202408;309;1979003629;COTAS;889314.780487000000000;
202408;326;2006001574;COTAS;648069271.257190000000000;49995995000167
202408;326;2000005683;COTAS;151003675.531488000000000;49997061000164
202408;391;2020001519;TERMO;108705.510000000000000;
202408;312;9970000000;COTAS;130422.578125000000000;
202408;391;2022002865;COTAS;404150.390021000000000;
202408;326;2006001574;TIT_PUB;852692282.440000000000000;
202408;401;1997000611;VL_PG_RC;-6698.200000000000000;
202408;309;2011000165;COTAS;1469771.000000000000000;
202408;477;1985000318;VL_PG_RC;-6637.760000000000000;
202408;309;2011000165;COTAS;608307.049404000000000;
202408;237;2013000911;VL_PG_RC;-317.470000000000000;
202408;326;2006001574;COTAS;118155764.830392000000000;49996708000133
202408;237;2014000883;CAIXA;20076.890000000000000;
202408;326;2021002111;COTAS;79984116.614666000000000;49997061000164
202408;309;2011000165;OPERACAO_PARTICIPANTE;322291.260000000000000;
202408;326;2009002938;CAIXA;6631.580000000000000;
202408;237;9970000000;COTAS;219668.024200000000000;47228177000103
202408;326;1979002118;COTAS;321777614.575283000000000;49997061000164
202408;237;2007003147;COTAS;2010405.001466000000000;
202408;326;2023001838;COTAS;404492.849963000000000;49995995000167
202408;326;2009002938;COTAS;2914383.050000000000000;
202408;326;2021002111;COTAS;8839668.350000000000000;
202408;477;1991000138;IMOVEIS;3275666.610000000000000;
202408;309;2019001683;COTAS;10445.288684000000000;
202408;494;1981001174;ACOES;49945.640000000000000;
202408;326;2021002111;COTAS;174411385.603524000000000;49995995000167
202408;326;9970000000;VL_PG_RC;-6761.880000000000000;
202408;309;9970000000;VL_PG_RC;-12466.190000000000000;
202408;357;1993000429;COTAS;0.021439000000000;
202408;326;2021002111;OPERACAO_PARTICIPANTE;15331596.756304739500000;
202408;326;2021002111;CAIXA;6021.930000000000000;
202408;494;2010000838;CAIXA;23668.220000000000000;
202408;237;2014000883;COTAS;906784.487039000000000;08944896000179
202408;326;2021002111;VL_PG_RC;138320.260000000000000;
202408;494;9970000000;CAIXA;28526.230000000000000;
202408;357;1993000429;COTAS;3092.744369000000000;
202408;494;9970000000;COTAS;194773.706590000000000;
202408;357;1993000429;IMOVEIS;860000.770000000000000;
202408;312;1978000219;CAIXA;10853.500000000000000;
202408;357;2006006811;CAIXA;1259495.630000000000000;
202408;237;2007003147;COTAS;593018.431118000000000;47227862000115
202408;357;1993000429;COTAS;1807583.562474000000000;
202408;357;2006006811;COTAS;61943969.718450000000000;
202408;237;2007003392;COTAS;89.700000000000000;
202408;241;1979003947;COTAS;6901804.356657000000000;
202408;237;2009001192;COTAS;503299.357122000000000;47228177000103
202408;357;2006006811;ACOES;2447.970000000000000;
202408;312;1978000383;TIT_PUB;41475205.260000000000000;
202408;504;1982001119;COTAS;40149846.298269000000000;
202408;312;2006003429;CAIXA;11847.030000000000000;
202408;357;2006006811;COTAS;15370787.098900000000000;
202408;357;2006006811;COTAS;42980126.247903000000000;
202408;357;2006006811;COTAS;27376087.122040000000000;
202408;237;2014000883;COTAS;897782.582288000000000;41956824000117
202408;504;1982001119;TIT_PUB;1107379997.790000000000000;
202408;237;2014000883;OPERACAO_PARTICIPANTE;2885642.072845000000000;
202408;357;2020000611;COTAS;2470582.074081000000000;
202408;357;2006006811;IMOVEIS;7147163.730000000000000;
202408;237;2014000883;TIT_PUB;57799568.970000000000000;
202408;357;9970000000;COTAS;1182831.623873000000000;
202408;504;9970000000;VL_PG_RC;-975.930000000000000;
202408;357;1993000429;COTAS;294657.777500000000000;
202408;326;1979002118;COTAS;43789909.400000000000000;
202408;357;9970000000;COTAS;2179704.197283000000000;
202408;357;1993000429;OPERACAO_PARTICIPANTE;1495603.600000000000000;
202408;326;1979002118;IMOVEIS;156354162.050000000000000;
202408;361;1980002029;COTAS;7456823.331159000000000;
202408;535;1982000538;COTAS;5398364.195527000000000;
202408;361;1980002029;COTAS;59158143.954512000000000;55167531000165
202408;535;1982000538;COTAS;11083956.453223000000000;
202408;361;2001002165;COTAS;6111586.060000000000000;
202408;357;1993000429;TIT_PUB;109783614.760000000000000;
202408;357;2020000611;COTAS;7123200.276999000000000;
202408;237;2018000365;COTAS;1145046.932173000000000;
202408;357;2020000611;COTAS;4107167.478427000000000;
202408;237;2018000365;COTAS;6212886.458211000000000;
202408;326;1979002118;TIT_PUB;866419986.110000000000000;
202408;535;1982000538;COTAS;822652293.134053000000000;10586926000164
202408;241;1979003947;OPERACAO_PARTICIPANTE;2199148.939919919800000;
202408;241;1979003947;TIT_PUB;170387495.980000000000000;
202408;326;2000005683;CAIXA;9822.700000000000000;
202408;357;2006006811;COTAS;25791.289992000000000;
202408;237;2018000365;COTAS;585102.780118000000000;42120328000191
202408;237;2018000365;COTAS;915464.109086000000000;
202408;535;2019002574;COTAS;82250.792118000000000;
202408;237;2018000365;VL_PG_RC;-1281.880000000000000;
202408;326;2006001574;CAIXA;75239.540000000000000;
202408;357;2006006811;COTAS;1740172.084093000000000;
202408;357;2020000611;OPERACAO_PARTICIPANTE;2411569.120000000000000;
202408;361;2001002165;COTAS;41394693.086369000000000;
202408;326;2006001574;VL_PG_RC;-199661.540000000000000;
202408;361;2001002165;COTAS;6808990.139909000000000;
202408;326;2021002111;COTAS;1547823.590431000000000;
202408;361;2001002165;VL_PG_RC;-125722.030000000000000;
202408;357;2006006811;TIT_PUB;573153278.280000000000000;
202408;237;2018000365;COTAS;162559.810019000000000;47227862000115
202408;357;9970000000;VL_PG_RC;1456001.390000000000000;
202408;237;9970000000;COTAS;212824.722519000000000;47227862000115
202408;326;2023001838;CAIXA;166.780000000000000;
202408;535;2019002574;COTAS;2070596.026434000000000;02846259000183
202408;357;9970000000;COTAS;4941137.296076000000000;
202408;535;2019002574;VL_PG_RC;-1567.370000000000000;
202408;241;2010003683;OPERACAO_PARTICIPANTE;10233205.450083853800000;
202408;361;1980002029;COTAS;1586373.100000000000000;
202408;361;2001002238;COTAS;-117966.993660000000000;
202408;361;1980002029;COTAS;13712086.649539000000000;
202408;326;2023001838;VL_PG_RC;0.000000000000000;
202408;361;2001002238;COTAS;3917220.468841000000000;
202408;326;9970000000;COTAS;27891382.163967000000000;49995995000167
202408;535;2021002292;COTAS;424008.650685000000000;
202408;241;9970000000;CAIXA;3470.810000000000000;
202408;535;9970000000;COTAS;4149376.391376000000000;
202408;326;9970000000;TIT_PUB;81434249.080000000000000;
202408;361;1980002029;COTAS;6080003.880587000000000;
202408;361;1980002029;COTAS;81622.749229000000000;
202408;361;2001002238;COTAS;23688592.480000000000000;
202408;361;1980002029;COTAS;11606030.023722000000000;
202408;549;2005003883;COTAS;68531059.923694000000000;33913663000156
202408;361;1980002029;VL_PG_RC;2799499.220000000000000;
202408;549;2010005929;CAIXA;5356.630000000000000;
202408;361;2001002238;COTAS;291337300.769078000000000;05855398000161
202408;552;1979002665;COTAS;1709208.000000000000000;
202408;361;2019002647;CAIXA;169.300000000000000;
202408;361;2001002165;COTAS;18092.534532000000000;
202408;552;1979002665;TIT_PUB;497133990.840000000000000;
202408;361;2001002165;COTAS;1585617.770000000000000;
202408;361;1980002029;COTAS;40905008.208315000000000;
202408;391;1979001529;COTAS;12385270.577220000000000;
202408;268;1979003874;COTAS;14855178.000018000000000;
202408;357;1993000429;ACOES;293.790000000000000;
202408;361;2001002165;COTAS;61368530.610463000000000;55167531000165
202408;241;1979003947;COTAS;1363628.942290000000000;
202408;237;9970000000;COTAS;3518212.786037000000000;
202408;552;2002000638;CAIXA;113028.440000000000000;
202408;361;2001002165;COTAS;22641842.998218000000000;
202408;552;2002000638;COTAS;95326951.395578000000000;05142777000104
202408;391;1979001529;COTAS;35559990.001260000000000;
202408;241;2010003683;COTAS;37295473.330848000000000;
202408;357;2006006811;COTAS;9661067.955937000000000;
202408;361;2001002165;COTAS;28134448.130358000000000;
202408;552;2002004692;CAIXA;132738.320000000000000;
202408;361;2001002238;CAIXA;9399.740000000000000;
202408;361;2001002165;COTAS;29021368.547791000000000;
202408;241;2010003683;COTAS;96244106.566116000000000;
202408;241;2010003683;COTAS;35557472.670725000000000;
202408;361;2001002165;COTAS;1510577102.507907000000000;05855398000161
202408;357;2020000611;COTAS;3350371.688466000000000;
202408;268;1979003874;IMOVEIS;82314861.070000000000000;
202408;268;1979003874;TIT_PUB;1332431831.010000000000000;
202408;552;2002004692;COTAS;105779.598022000000000;
202408;271;1983000256;ACOES;14201363.970000000000000;
202408;552;9970000000;TIT_PRIV;1106160.870000000000000;
202408;391;1979001529;COTAS;244931315.490124000000000;
202408;571;1988001218;COTAS;188032.486388000000000;
202408;391;1979001529;COTAS;244575858.673880000000000;05097813000165
202408;571;2020002418;COTAS;1331624.026777000000000;
202408;271;1983000256;CAIXA;78910.240000000000000;
202408;391;1979001529;COTAS;648362285.162809000000000;17405933000161
202408;571;2020002418;COTAS;4938704.179428000000000;
202408;391;2019000156;COTAS;171233.410000000000000;
202408;357;2020000611;IMOVEIS;2109710.990000000000000;
202408;571;2020002418;COTAS;1201135.099970000000000;
202408;391;2019000156;COTAS;168742.200000000000000;
202408;571;2023001511;COTAS;140355.682414000000000;
202408;391;2019000156;VL_PG_RC;-2348.740000000000000;
202408;271;1983000256;COTAS;413232.602360000000000;
202408;361;2001002238;COTAS;21640783.278403000000000;
202408;271;1983000256;COTAS;87293.100000000000000;
202408;571;2023001511;VL_PG_RC;112874.580000000000000;
202408;391;2020001519;COTAS;142278.000000000000000;
202408;607;1986000338;CAIXA;100958.120000000000000;
202408;357;2020000611;TIT_PUB;281010139.000000000000000;
202408;271;1983000256;COTAS;11557201.698982000000000;
202408;361;1980002029;COTAS;127804.089332000000000;
202408;391;2020001519;COTAS;143248.090000000000000;
202408;611;1979000956;ACOES;1202497.880000000000000;
202408;391;2020001519;COTAS;144640.120000000000000;
202408;611;1979000956;COTAS;146268122.140165000000000;
202408;361;1980002029;COTAS;13774.227257000000000;
202408;361;2001002238;COTAS;9560264.837978000000000;
202408;611;1979000956;COTAS;8397449.725091000000000;
202408;361;2001002165;COTAS;76987925.560000000000000;
202408;391;2022002865;COTAS;78499.200000000000000;
202408;611;1979004056;COTAS;23446346.581040000000000;
202408;361;2001002165;IMOVEIS;4830800.000000000000000;
202408;391;9970000000;VL_PG_RC;-5314.580000000000000;
202408;611;1979004056;COTAS;15209949.747571000000000;
202408;271;2008002111;COTAS;685233.306902000000000;
202408;241;9970000000;COTAS;699154.769714000000000;
202408;361;2001002238;COTAS;13712086.649539000000000;
202408;361;2001002165;TIT_PRIV;1290690.290000000000000;
202408;268;9970000000;COTAS;11454402.189998000000000;
202408;361;2001002238;TIT_PUB;1152106189.890000000000000;
202408;361;2001002238;COTAS;7235.864111000000000;
202408;241;9970000000;VL_PG_RC;199494.700000000000000;
202408;401;1997000611;COTAS;104758470.757092000000000;37242190000163
202408;611;1979004056;COTAS;149422046.654421000000000;
202408;271;9970000000;CAIXA;39190.510000000000000;
202408;271;1983000256;COTAS;12098.681143000000000;
202408;361;2001002238;COTAS;1613154.620000000000000;
202408;361;2019002647;TIT_PUB;15258145.240000000000000;
202408;254;2020003147;VL_PG_RC;3663.750000000000000;
202408;477;1985000318;COTAS;268490.612649000000000;
202408;611;1979004056;COTAS;61389891.026864000000000;
202408;477;1991000138;COTAS;34990.210109000000000;
202408;361;2001002238;COTAS;2265785.357279000000000;
202408;477;9970000000;COTAS;111987.357584000000000;
202408;611;1983000418;VL_PG_RC;119296.390000000000000;
202408;361;2001002238;VL_PG_RC;-112872.990000000000000;
202408;611;1984001019;COTAS;165012.199929000000000;
202408;268;1979003874;COTAS;45891787.339999000000000;
202408;611;1984001019;COTAS;5641100.024395000000000;
202408;271;1983000256;COTAS;86184.000000000000000;
202408;477;9970000000;COTAS;13529108.262787000000000;
202408;361;2019002647;COTAS;2941918.252344000000000;18681157000195
202408;285;1979001774;COTAS;106420.070908000000000;
202408;361;9970000000;CAIXA;459442.950000000000000;
202408;285;1979001774;COTAS;204691278.485931000000000;
202408;361;9970000000;COTAS;3211278.613802000000000;04165971000142
202408;361;2022002938;CAIXA;66.910000000000000;
202408;388;1985001438;COTAS;3794680.670006000000000;
202408;494;1981001174;VL_PG_RC;0.000000000000000;
202408;285;1979001774;OP_COMP;146707775.980000000000000;
202408;388;1985001438;COTAS;3729046.300002000000000;
202408;361;2001002238;COTAS;3879384.739734000000000;
202408;388;9970000000;VL_PG_RC;-6628.600000000000000;
202408;611;1984001019;COTAS;158564003.267813000000000;
202408;271;1983000256;COTAS;102681.934162000000000;
202408;391;1979001529;CAIXA;135013.090000000000000;
202408;611;1984001019;COTAS;1658426492.060509000000000;
202408;271;1983000256;COTAS;9343795.231487000000000;
202408;611;1984001019;COTAS;4442331.733699000000000;42378671000130
202408;388;1985001438;COTAS;3640347.239683000000000;03394711000186
202408;361;2001002238;COTAS;5576491.434800000000000;
202408;285;1998005283;COTAS;64634441.133930000000000;
202408;268;1979003874;OPERACAO_PARTICIPANTE;22929693.803566540900000;
202408;271;1983000256;COTAS;3046477.079534000000000;
202408;494;9970000000;COTAS;600910.121686000000000;
202408;391;1979001529;COTAS;58125113.882596000000000;
202408;271;2008002111;CAIXA;24686.930000000000000;
202408;361;2001002238;COTAS;15107395.621149000000000;18681157000195
202408;391;1979001529;COTAS;18694129.464996000000000;
202408;391;2019000156;COTAS;163495.800000000000000;
202408;285;1998005283;COTAS;188068863.094694000000000;
202408;271;2008002111;COTAS;347214.399540000000000;
202408;268;9970000000;CAIXA;41077.850000000000000;
202408;611;1984001019;COTAS;11716326.127583000000000;42378811000170
202408;271;9970000000;COTAS;695492.975693000000000;
202408;391;1979001529;COTAS;45128800.262627000000000;
202408;611;1990000347;COTAS;12981.717797000000000;
202408;504;1982001119;COTAS;4114399.603823000000000;
202408;285;1979001774;COTAS;29910363.004419000000000;
202408;611;1990000347;COTAS;678382.254086000000000;
202408;285;1979001774;COTAS;71154443.435755000000000;
202408;285;1998005283;COTAS;239194208.254944000000000;45127083000112
202408;285;1979001774;COTAS;64091357.965954000000000;41373641000179
202408;504;1998002918;CAIXA;12810.130000000000000;
202408;391;1979001529;COTAS;68691562.400386000000000;
202408;361;2019002647;VL_PG_RC;-188694.820000000000000;
202408;391;2019000156;TERMO;26429.210000000000000;
202408;285;1998005283;COTAS;31421363.029711000000000;52342548000113
202408;391;2020001519;COTAS;142677.600000000000000;
202408;391;2022002865;TERMO;161470.640000000000000;
202408;611;1990000592;CAIXA;13006.230000000000000;
202408;271;1983000256;COTAS;4075644.562150000000000;
202408;391;1979001529;COTAS;780402100.555861000000000;19351264000118
202408;611;1990000592;COTAS;10204073.698150000000000;
202408;361;2022002938;COTAS;2721431.584340000000000;05855398000161
202408;391;1979001529;COTAS;145323271.514690000000000;54546764000106
202408;391;2022002865;VL_PG_RC;-154699.150000000000000;
202408;285;2006000756;CAIXA;10112.400000000000000;
202408;391;2019000156;OP_COMP;81128.640000000000000;
202408;611;2006005383;COTAS;1301496.707247000000000;
202408;391;9970000000;COTAS;3414806.268695000000000;
202408;271;1983000256;COTAS;5132424.522984000000000;
202408;285;1979001774;TIT_PRIV;1175651.190000000000000;
202408;388;1985001438;COTAS;227715674.240023000000000;
202408;391;2020001519;VL_PG_RC;-93957.430000000000000;
202408;285;1979001774;VL_PG_RC;32118926.810000000000000;
202408;401;1988000629;VL_PG_RC;0.000000000000000;
202408;285;2006000756;COTAS;8328740.139927000000000;
202408;285;1998005283;COTAS;374853923.388221000000000;
202408;504;1998002918;COTAS;1215128.111841000000000;
202408;388;9970000000;COTAS;3699517.479966000000000;
202408;285;1998005283;COTAS;148779084.891287000000000;
202408;285;1998005283;COTAS;381486892.642518000000000;
202408;401;1997000611;COTAS;58079195.544227000000000;
202408;285;1998005283;COTAS;192372285.867281000000000;
202408;285;2017001465;VL_PG_RC;-668.600000000000000;
202408;285;1998005283;COTAS;61597379.358524000000000;
202408;285;9970000000;OP_COMP;6759521.520000000000000;
202408;391;1979001529;COTAS;15917069.309648000000000;
202408;504;1998002918;COTAS;766759.363554000000000;
202408;285;2024000274;CAIXA;1532.100000000000000;
202408;504;9970000000;COTAS;2866380.653349000000000;
202408;299;1981000518;COTAS;11401424.885611000000000;
202408;535;2021002292;COTAS;573646.168112000000000;05092810000139
202408;477;1991000138;COTAS;314468.688052000000000;
202408;285;1998005283;IMOVEIS;2050000.000000000000000;
202408;535;9970000000;CAIXA;5132.350000000000000;
202408;494;1981001174;COTAS;14989614.814227000000000;
202408;391;2022002865;COTAS;77525.850001000000000;
202408;535;9970000000;COTAS;1943572.902595000000000;17689994000106
202408;285;1998005283;TIT_PUB;3106532588.780000000000000;
202408;611;2009002611;COTAS;98207799.407864000000000;
202408;549;1979001456;COTAS;472328586.029094000000000;33913650000187
202408;285;9970000000;TIT_PUB;47741163.000000000000000;
202408;494;1981001174;TIT_PRIV;579913.440000000000000;
202408;549;2005003883;COTAS;41498158.857485000000000;33913659000198
202408;391;2022002865;COTAS;74274.170000000000000;
202408;299;1981000518;CAIXA;6065.360000000000000;
202408;285;2017001465;CAIXA;7698.950000000000000;
202408;549;2005003883;COTAS;30085645.919662000000000;33913669000123
202408;299;9970000000;COTAS;7712223.242597000000000;
202408;552;1979002665;OPERACAO_PARTICIPANTE;9922768.990000000000000;
202408;611;2009002611;COTAS;1617294.190448000000000;
202408;391;1979001529;VL_PG_RC;-6584511.560000000000000;
202408;285;9970000000;CAIXA;63.140000000000000;
202408;611;2009002611;TIT_PRIV;10909454.470000000000000;
202408;391;2019000156;COTAS;167549.600000000000000;
202408;494;2010000838;VL_PG_RC;0.000000000000000;
202408;309;1979003629;CAIXA;65483515.170000000000000;
202408;552;2002000638;COTAS;1469284.602187000000000;
202408;504;1982001119;COTAS;19408504.952678000000000;
202408;391;2019000156;COTAS;120893.520003000000000;
202408;552;2002000638;COTAS;552627229.250219000000000;04592305000190
202408;504;1982001119;COTAS;3810396.716653000000000;
202408;552;2002000638;OPERACAO_PARTICIPANTE;37164073.918716414600000;
202408;309;1979003629;COTAS;169830.526831000000000;
202408;504;1982001119;OPERACAO_PARTICIPANTE;36592513.515791605900000;
202408;299;1981000518;IMOVEIS;43207150.000000000000000;
202408;535;1982000538;COTAS;121670504.252773000000000;09125491000171
202408;401;1997000611;TIT_PUB;266028877.520000000000000;
202408;309;1979003629;COTAS;7363850.000000000000000;
202408;477;1991000138;CAIXA;101898.670000000000000;
202408;552;2002000638;TIT_PUB;978323819.640000000000000;
202408;299;1981000518;OPERACAO_PARTICIPANTE;4944745.569919588000000;
202408;391;2020001519;COTAS;155069.450000000000000;
202408;309;2011000165;COTAS;8974.816005000000000;
202408;391;2020001519;COTAS;142722.300000000000000;
202408;535;2019002574;COTAS;1295134.936005000000000;09125491000171
202408;309;2011000165;COTAS;838625.720076000000000;32862022000157
202408;391;2020001519;COTAS;449406.579980000000000;
202408;611;2009002611;TIT_PUB;113912888.620000000000000;
202408;309;1979003629;COTAS;20080437.065970000000000;
202408;391;2022002865;COTAS;72588.000000000000000;
202408;611;2009002865;COTAS;5496096.587092000000000;
202408;309;1979003629;COTAS;54872178.223681000000000;32862022000157
202408;309;2011000165;COTAS;2886838.221212000000000;33269204000181
202408;552;2002004692;COTAS;488444.400000000000000;
202408;299;9970000000;VL_PG_RC;0.000000000000000;
202408;309;1979003629;COTAS;138714863.924473000000000;33269204000181
202408;477;9970000000;CAIXA;93592.470000000000000;
202408;309;1979003629;COTAS;5088653.837632000000000;
202408;309;1979003629;COTAS;129218268.286553000000000;34793104000112
202408;494;1981001174;COTAS;18646108.500174000000000;
202408;309;1979003629;COTAS;36107541.578113000000000;
202408;611;2009002865;COTAS;682313724.228217000000000;
202408;312;1978000138;COTAS;1762993.511463000000000;
202408;611;2010004418;VL_PG_RC;2098053.440000000000000;
202408;312;1978000138;COTAS;243028.674308000000000;
202408;391;2022002865;COTAS;78704.900000000000000;
202408;611;2019002019;COTAS;56795.033151000000000;
202408;312;1978000138;COTAS;22090871.068855000000000;
202408;549;2005003883;CAIXA;5109.830000000000000;
202408;309;1979003629;TIT_PRIV;3604229.480000000000000;
202408;312;1978000219;VL_PG_RC;-24009.000000000000000;
202408;401;1988000629;CAIXA;7712.290000000000000;
202408;309;1979003629;OPERACAO_PARTICIPANTE;7732096.630000000000000;
202408;549;2005003883;COTAS;277079212.793793000000000;33913650000187
202408;401;1997000611;COTAS;2332081.125871000000000;
202408;504;1982001119;CAIXA;108207.410000000000000;
202408;549;2010005929;OPERACAO_PARTICIPANTE;5260210.810000000000000;
202408;309;1979003629;TIT_PUB;553006369.220000000000000;
202408;504;1982001119;COTAS;4638126799.358469000000000;
202408;611;2019002019;COTAS;3264949.512898000000000;
202408;309;2019001683;COTAS;18782.217688000000000;34793104000112
202408;312;2006003429;COTAS;358063.440090000000000;
202408;309;2011000165;COTAS;14953299.254551000000000;34793104000112
202408;309;9970000000;COTAS;11183763.300755000000000;34793104000112
202408;549;9970000000;COTAS;18799952.549909000000000;33913650000187
202408;504;1982001119;SWAP;516960200.850000000000000;
202408;611;2019002019;TIT_PUB;183189504.380000000000000;
202408;312;9970000000;TIT_PUB;10333364.560000000000000;
202408;552;2002004692;IMOVEIS;14424956.150000000000000;
202408;611;2019002183;CAIXA;15162.150000000000000;
202408;552;1979002665;COTAS;696430.675434000000000;
202408;571;1988001218;COTAS;1537946.248781000000000;
202408;504;1982001119;VL_PG_RC;-563602.460000000000000;
202408;312;1978000138;COTAS;16923300.101351000000000;
202408;326;1979002118;COTAS;102968490.898198000000000;49995995000167
202408;312;1978000138;OPERACAO_PARTICIPANTE;94391291.334064930000000;
202408;571;1988001218;VL_PG_RC;-8778146.860000000000000;
202408;611;2019002183;COTAS;22964.191219000000000;
202408;571;2020002418;CAIXA;21382.290000000000000;
202408;309;2011000165;TIT_PUB;393828.240000000000000;
202408;504;1998002918;COTAS;5390368.127453000000000;
202408;571;2020002418;COTAS;911565.669657000000000;
202408;326;1979002118;OPERACAO_PARTICIPANTE;53737400.571741906000000;
202408;571;9970000000;COTAS;4036144.318050000000000;
202408;477;9970000000;IMOVEIS;1341676.630000000000000;
202408;611;1979000956;COTAS;161943819.797379000000000;
202408;535;1982000538;COTAS;11125360.081121000000000;
202408;552;1979002665;COTAS;17963465.764062000000000;05142777000104
202408;611;1979000956;VL_PG_RC;-369716.150000000000000;
202408;326;2000005683;COTAS;52047052.428853000000000;49996708000133
202408;326;2000005683;TIT_PUB;343336277.810000000000000;
202408;535;1982000538;COTAS;11095713.932375000000000;
202408;611;2019002183;COTAS;20307338.066983000000000;
202408;655;1970000147;COTAS;-806757.958208000000000;
202408;312;1978000219;COTAS;19373330.547384000000000;
202408;535;1982000538;COTAS;82679990.315574000000000;05092810000139
202408;552;2002004692;COTAS;179082.177016000000000;
202408;312;1978000219;OPERACAO_PARTICIPANTE;9016562.897141150000000;
202408;326;2009002938;COTAS;78023625.932506000000000;49995995000167
202408;611;1979004056;COTAS;53735739.190916000000000;
202408;535;1982000538;IMOVEIS;41417833.330000000000000;
202408;611;1979004056;COTAS;62477981.383963000000000;
202408;312;1978000138;COTAS;303616.758694000000000;
202408;611;1979004056;COTAS;6652345670.982120000000000;13411036000100
202408;312;1978000138;COTAS;228817.667544000000000;
202408;611;1980000638;VL_PG_RC;0.000000000000000;
202408;312;1978000138;IMOVEIS;140483000.000000000000000;
202408;312;1978000219;TIT_PUB;64427933.690000000000000;
202408;611;1980001529;CAIXA;12000.000000000000000;
202408;535;1982000538;OPERACAO_PARTICIPANTE;102606832.411668262100000;
202408;312;1978000383;VL_PG_RC;-13215.610000000000000;
202408;611;1983000418;COTAS;16776134.418485000000000;
202408;535;1999005147;CAIXA;13911.570000000000000;
202408;312;2006003429;COTAS;2629865.674973000000000;
202408;312;1978000219;TIT_PRIV;3590788.230000000000000;
202408;611;1984001019;COTAS;791885.058387000000000;
202408;655;1970000147;COTAS;0.000044000000000;
202408;552;2002004692;VL_PG_RC;-2235208.510000000000000;
202408;535;1999005147;COTAS;166969182.779181000000000;
202408;312;2006003429;COTAS;2180800617.922880000000000;
202408;655;1970000147;COTAS;214797979.499890000000000;29045373000160
202408;326;2009002938;OPERACAO_PARTICIPANTE;2698782.418938515200000;
202408;504;1982001119;IMOVEIS;82089020.000000000000000;
202408;312;2006003429;COTAS;180467383.433570000000000;
202408;552;9970000000;COTAS;110889.408350000000000;
202408;504;1998002918;COTAS;485292.771914000000000;
202408;312;2006003429;TIT_PRIV;71871033.640000000000000;
202408;611;1990000347;COTAS;134443.386145000000000;40188751000106
202408;326;1979002118;COTAS;18759676.035179000000000;49996708000133
202408;326;2009002938;TIT_PUB;51733031.050000000000000;
202408;326;2021002111;IMOVEIS;42042814.990000000000000;
202408;326;1979002118;TIT_PRIV;13883734.720000000000000;
202408;535;2019002574;COTAS;70262.300188000000000;
202408;611;1990000592;TIT_PUB;5210194.620000000000000;
202408;312;2006003429;OPERACAO_PARTICIPANTE;178674986.594998080000000;
202408;552;9970000000;TIT_PUB;97978515.490000000000000;
202408;655;1970000147;IMOVEIS;698806781.290000000000000;
202408;326;2000005683;COTAS;382397589.492174000000000;49995995000167
202408;611;1997004038;VL_PG_RC;18154243.410000000000000;
202408;655;1999003111;COTAS;4639028.144370000000000;19587206000198
202408;611;1997004674;CAIXA;79182.770000000000000;
202408;535;2021002292;COTAS;25267.005186000000000;
202408;655;1999003111;VL_PG_RC;0.000000000000000;
202408;326;2022001419;VL_PG_RC;0.000000000000000;
202408;535;2021002292;COTAS;164059.135957000000000;
202408;312;2006003429;TIT_PUB;665581445.740000000000000;
202408;611;1997004674;COTAS;152268102.663489000000000;
202408;535;2021002292;COTAS;1119428.220144000000000;17689994000106
202408;611;1997004674;COTAS;97082951.514095000000000;
202408;655;2000005918;COTAS;2212302.302393000000000;32862087000100
202408;504;1998002918;COTAS;472821.242498000000000;
202408;312;9970000000;COTAS;30304652.327177000000000;
202408;504;1998002918;VL_PG_RC;-1383.700000000000000;
202408;611;1998003183;VL_PG_RC;-18684.490000000000000;
202408;655;2002000492;CAIXA;172527.210000000000000;
202408;535;1982000538;CAIXA;520907.490000000000000;
202408;326;2006001574;IMOVEIS;60512208.760000000000000;
202408;611;2009002547;COTAS;3067783.263002000000000;
202408;535;1999005147;COTAS;400515103.691054000000000;
202408;326;2009002938;COTAS;8282943.484513000000000;49996708000133
202408;357;1993000429;COTAS;692428.581711000000000;
202408;655;2002000492;COTAS;1360957.094711000000000;32862087000100
202408;326;1979002118;COTAS;7606620.400312000000000;
202408;611;2009002547;VL_PG_RC;-85967.120000000000000;
202408;326;1979002118;VL_PG_RC;812989.160000000000000;
202408;535;2019002574;COTAS;22791.424282000000000;
202408;611;2009002611;COTAS;6683914.078817000000000;
202408;535;2021002292;VL_PG_RC;0.000000000000000;
202408;326;9970000000;CAIXA;45103.410000000000000;
202408;611;2009002611;COTAS;3105921.169500000000000;
202408;571;1988001218;COTAS;84953505.000000000000000;
202408;549;1979001456;COTAS;116909960.000000000000000;
202408;655;2002001911;COTAS;2708309.572614000000000;33255042000122
202408;571;1988001218;COTAS;22593580.800000000000000;
202408;357;1993000429;TIT_PRIV;669.790000000000000;
202408;655;2002001911;COTAS;748748.739270000000000;34081202000127
202408;571;1988001218;COTAS;11374043.800000000000000;
202408;326;2000005683;OPERACAO_PARTICIPANTE;11052577.648095925800000;
202408;549;1979001456;COTAS;161811935.542351000000000;33913663000156
202408;655;2002001911;COTAS;30576.736143000000000;41756323000197
202408;571;1988001218;COTAS;28607171.071592000000000;
202408;326;2006001574;COTAS;35569454.300000000000000;
202408;611;9970000000;COTAS;21182213.144740000000000;
202408;535;2019002574;COTAS;321364.762463000000000;
202408;357;2006006811;COTAS;26612408.530743000000000;
202408;571;1988001218;IMOVEIS;65265907.890000000000000;
202408;535;2019002574;COTAS;1841145.323222000000000;55983603000142
202408;357;2006006811;TIT_PRIV;9252018.110000000000000;
202408;571;2020002418;COTAS;257149.200000000000000;
202408;535;2021002292;COTAS;61985.043275000000000;
202408;655;2002001911;COTAS;85424.116074000000000;49397796000157
202408;549;1979001456;COTAS;102244104.975651000000000;33913669000123
202408;326;2006001574;OPERACAO_PARTICIPANTE;25385434.388142970700000;
202408;357;1993000429;COTAS;2273545.557476000000000;
202408;357;2020000611;COTAS;2968969.764019000000000;
202408;571;2020002418;COTAS;108582.913817000000000;
202408;655;2002003874;CAIXA;624060.300000000000000;
202408;357;9970000000;COTAS;5110747.181505000000000;
202408;571;2020002418;COTAS;624867.341962000000000;
202408;535;2021002292;COTAS;39616.493401000000000;
202408;326;2021002111;TIT_PUB;276266438.030000000000000;
202408;549;2010005929;VL_PG_RC;354816.380000000000000;
202408;357;1993000429;VL_PG_RC;287308.850000000000000;
202408;655;2003002383;COTAS;2425.747815000000000;
202408;655;1970000147;CAIXA;339613.050000000000000;
202408;552;1979002665;COTAS;914837.582494000000000;
202408;357;2006006811;COTAS;12377535.727551000000000;
202408;655;2003002383;COTAS;91616.987370000000000;11965107000190
202408;326;2022001419;COTAS;153750.078137000000000;49995995000167
202408;357;2006006811;COTAS;54512505.199872000000000;
202408;357;1993000429;COTAS;2567879.930527000000000;
202408;655;1970000147;COTAS;8428496.443400000000000;
202408;571;2020002418;COTAS;352244.833571000000000;
202408;655;1970000147;COTAS;-46435.647669000000000;
202408;357;2006006811;VL_PG_RC;2831138.860000000000000;
202408;357;1993000429;COTAS;484171.594391000000000;
202408;655;2003002383;COTAS;43495.476535000000000;21397837000196
202408;549;1979001456;VL_PG_RC;1177041.180000000000000;
202408;357;2006006811;COTAS;986712.939568000000000;
202408;361;1980002029;CAIXA;485933.590000000000000;
202408;549;2005003883;VL_PG_RC;978428.900000000000000;
202408;357;2006006811;COTAS;16603589.926898000000000;
202408;655;2003002618;CAIXA;1663.990000000000000;
202408;549;2010005929;COTAS;24062257.267295000000000;33913659000198
202408;357;2020000611;CAIXA;351233.410000000000000;
202408;571;2020002418;COTAS;2235727.135076000000000;
202408;361;1980002029;COTAS;41455036.840000000000000;
202408;549;9970000000;VL_PG_RC;-2829.680000000000000;
202408;357;2020000611;COTAS;293273.900878000000000;
202408;655;2003002618;COTAS;330795.465607000000000;23884799000121
202408;552;1979002665;CAIXA;196598.890000000000000;
202408;552;1979002665;IMOVEIS;53719743.820000000000000;
202408;571;2020002418;COTAS;496780.337088000000000;
202408;655;2003002618;COTAS;25792164.938759000000000;32862087000100
202408;552;2002000638;COTAS;1034696.999080000000000;
202408;552;1979002665;TIT_PRIV;8849286.950000000000000;
202408;571;2023001511;COTAS;276118.293488000000000;
202408;357;2020000611;ACOES;722.610000000000000;
202408;357;2020000611;COTAS;2111976.504752000000000;
202408;655;1970000147;COTAS;65833.233528000000000;
202408;552;9970000000;COTAS;11376202.566813000000000;05142777000104
202408;357;9970000000;TIT_PUB;553504.770000000000000;
202408;655;1970000147;COTAS;25881397.767114000000000;18330535000196
202408;357;2020000611;COTAS;0.050120000000000;
202408;361;1980002029;COTAS;99172286.520909000000000;39725887000110
202408;655;1970000147;COTAS;1617274.354334000000000;23884799000121
202408;357;2020000611;COTAS;7616.570624000000000;
202408;361;2001002165;CAIXA;34612.020000000000000;
202408;552;2002000638;COTAS;2685981.000000000000000;
202408;357;2020000611;COTAS;5047447.337823000000000;
202408;361;2001002165;COTAS;8312967.320060000000000;
202408;552;2002000638;TIT_PRIV;14158859.120000000000000;
202408;655;1999003111;COTAS;1664646.288974000000000;34081202000127
202408;571;1988001218;COTAS;559793.690800000000000;
202408;361;1980002029;COTAS;-224960.315560000000000;
202408;357;2020000611;VL_PG_RC;701212.850000000000000;
202408;361;2001002165;COTAS;11935180.047969000000000;
202408;361;2001002165;COTAS;120011245.529718000000000;39725887000110
202408;655;2003002618;OPERACAO_PARTICIPANTE;7581417.070296190300000;
202408;361;2001002165;TIT_PUB;1491093479.860000000000000;
202408;361;1980002029;COTAS;-386535.971405000000000;
202408;655;2004002638;COTAS;14810754.587629000000000;36615983000118
202408;571;1988001218;COTAS;7277479.600352000000000;
202408;571;2023001511;COTAS;1123167.671526000000000;
202408;361;1980002029;COTAS;4433582.569495000000000;
202408;655;2004002638;COTAS;10506670.740000000000000;49397796000157
202408;655;1999003111;COTAS;114059.992820000000000;41756323000197
202408;361;2001002238;COTAS;57491.388779000000000;
202408;361;1980002029;COTAS;11152982.882657000000000;
202408;357;9970000000;CAIXA;209553.940000000000000;
202408;607;9970000000;VL_PG_RC;0.000000000000000;
202408;611;1979004056;COTAS;693051.243363000000000;
202408;655;2005000711;VL_PG_RC;0.000000000000000;
202408;655;1999003111;COTAS;308348.798144000000000;49397796000157
202408;361;2001002238;COTAS;-203001.027652000000000;
202408;611;1979004056;COTAS;22564400.142554000000000;
202408;552;2002004692;COTAS;277223.509847000000000;
202408;361;1980002029;COTAS;38341620.777717000000000;04165971000142
202408;361;2001002238;COTAS;10322990.052312000000000;
202408;571;2020002418;COTAS;208306.300486000000000;
202408;361;1980002029;COTAS;3398678.035918000000000;
202408;655;2007001519;ACOES;42934261.360000000000000;
202408;655;2000005918;COTAS;898933.293989000000000;36617506000191
202408;571;2023001511;COTAS;318287.302503000000000;
202408;361;1980002029;COTAS;3957548.875500000000000;
202408;611;1979004056;COTAS;1282322237.789841000000000;
202408;361;1980002029;COTAS;88940041.141309000000000;18681157000195
202408;571;2023001511;COTAS;248316.120715000000000;
202408;361;2001002238;COTAS;14032292.848711000000000;
202408;361;1980002029;COTAS;18670708.092833000000000;
202408;655;2007001519;COTAS;-298689.292607000000000;
202408;655;2000005918;COTAS;920872.887337000000000;39997959000189
202408;361;2001002238;COTAS;64891231.293173000000000;55167531000165
202408;571;1988001218;COTAS;22311388.825973000000000;
202408;611;1979004056;COTAS;17880580.958411000000000;42378671000130
202408;361;1980002029;TIT_PRIV;2182945.830000000000000;
202408;361;2001002238;OPERACAO_PARTICIPANTE;11814480.330000000000000;
202408;361;1980002029;COTAS;45365806.439034000000000;
202408;655;2007001519;COTAS;72213355.180000000000000;
202408;655;2002000883;CAIXA;0.000000000000000;
202408;571;9970000000;COTAS;11018258.402934000000000;
202408;655;2002001911;COTAS;2086239.762083000000000;19587206000198
202408;611;1979004056;COTAS;47382712.470329000000000;42378811000170
202408;361;2001002238;COTAS;3040001.940293000000000;
202408;361;1980002029;COTAS;535101543.742328000000000;05855398000161
202408;571;1988001218;COTAS;35867740.015054000000000;
202408;655;2007001519;COTAS;16281433.250000000000000;
202408;361;2001002238;TIT_PRIV;1129806.730000000000000;
202408;655;2002001911;COTAS;28096.392481000000000;41128068000138
202408;361;2019002647;COTAS;2604096.997296000000000;
202408;655;2003002138;VL_PG_RC;-2.610000000000000;
202408;611;1983000418;COTAS;1183762.001308000000000;
202408;361;2019002647;COTAS;21043443.863593000000000;55167531000165
202408;571;2020002418;COTAS;2952539.035475000000000;
202408;655;2007001519;COTAS;77635750.050000000000000;
202408;655;2003002219;VL_PG_RC;-9.790000000000000;
202408;611;1984001019;COTAS;3735508.533881000000000;
202408;571;2020002418;COTAS;2685338.536056000000000;
202408;611;1979004056;COTAS;16587608.770445000000000;
202408;611;1984001019;COTAS;309316514.598762000000000;
202408;571;2023001511;COTAS;421137.600000000000000;
202408;611;1979004056;COTAS;426408569.340977000000000;
202408;655;2003002383;COTAS;226475.061152000000000;20815620000196
202408;361;2001002238;COTAS;5803015.036356000000000;
202408;611;1979004056;TIT_PRIV;64782541.750000000000000;
202408;655;2007001519;COTAS;365208520.438168000000000;41902409000180
202408;611;1984001019;COTAS;42882550.600971000000000;
202408;361;2001002238;COTAS;2518440.193500000000000;
202408;571;2023001511;COTAS;287288.400000000000000;
202408;361;2022002938;COTAS;252474.067931000000000;55167531000165
202408;611;1984001019;OPERACAO_PARTICIPANTE;12829109.420000000000000;
202408;655;2003002383;IMOVEIS;3151618.200000000000000;
202408;571;2023001511;COTAS;3132479.716929000000000;
202408;361;9970000000;VL_PG_RC;-8486.980000000000000;
202408;361;1980002029;IMOVEIS;23886140.000000000000000;
202408;611;1984001019;TIT_PRIV;30289692.550000000000000;
202408;391;1979001529;COTAS;4429285.199105000000000;
202408;361;1980002029;OPERACAO_PARTICIPANTE;77929257.580000000000000;
202408;611;1990000347;COTAS;109716.188131000000000;
202408;391;1979001529;IMOVEIS;946711515.000000000000000;
202408;571;2023001511;COTAS;414187.686224000000000;
202408;361;2022002938;VL_PG_RC;-1263.450000000000000;
202408;361;1980002029;TIT_PUB;1383403653.160000000000000;
202408;655;2007001519;COTAS;155829110.400000000000000;50006439000108
202408;655;2003002456;COTAS;128888.601423000000000;
202408;388;1985001438;VL_PG_RC;37083.020000000000000;
202408;391;2019000156;COTAS;169464.000000000000000;
202408;655;2003002529;CAIXA;0.000000000000000;
202408;611;1983000418;COTAS;4625436.656488000000000;
202408;655;2007001519;IMOVEIS;224291706.170000000000000;
202408;655;2010000447;COTAS;7107516.261984000000000;36615983000118
202408;655;2003002618;COTAS;0.000009000000000;
202408;611;1979000956;COTAS;70755252.078607000000000;
202408;655;2010000447;COTAS;887854.232663000000000;49397796000157
202408;391;1979001529;COTAS;2.500006000000000;
202408;611;1990000347;COTAS;351562.451571000000000;
202408;655;2010001583;COTAS;525823.146192000000000;34081202000127
202408;655;2003002618;COTAS;2567373.020200000000000;36617506000191
202408;391;2020001519;OP_COMP;123180.720000000000000;
202408;361;2001002165;COTAS;18282782.182544000000000;
202408;611;1979000956;COTAS;10623899.953290000000000;
202408;391;1979001529;COTAS;4856864.193574000000000;
202408;611;1990000592;COTAS;1478221.194787000000000;
202408;611;1980001529;COTAS;6100821.609967000000000;
202408;611;1984001019;COTAS;37182307.475245000000000;
202408;611;1990000592;COTAS;210934.624881000000000;
202408;391;2022002865;OP_COMP;172804.640000000000000;
202408;655;2010001583;COTAS;32360.942748000000000;41128068000138
202408;611;1984001019;IMOVEIS;4029220.000000000000000;
202408;611;1980001529;TIT_PUB;43411231.690000000000000;
202408;655;2010002547;CAIXA;0.000000000000000;
202408;655;2003002618;IMOVEIS;12666054.560000000000000;
202408;391;2022002865;TIT_PUB;3882892.270000000000000;
202408;361;2001002165;COTAS;22657853.576830000000000;
202408;391;9970000000;CAIXA;20695.390000000000000;
202408;361;2001002165;COTAS;2518440.193500000000000;
202408;655;2003002618;TIT_PUB;146040209.130000000000000;
202408;611;1997004038;COTAS;1470061621.242341000000000;
202408;655;2010004019;COTAS;2328362.795620000000000;36615983000118
202408;655;2004001747;CAIXA;0.000000000000000;
202408;611;1983000418;COTAS;7598683.845404000000000;
202408;361;2001002165;COTAS;13592601.293497000000000;
202408;391;1979001529;COTAS;306750174.046680000000000;
202408;611;1990000347;CAIXA;11611.460000000000000;
202408;611;1983000418;COTAS;1204743.306164000000000;
202408;361;2001002165;OPERACAO_PARTICIPANTE;46412189.040000000000000;
202408;391;2019000156;CAIXA;4709.780000000000000;
202408;655;2004001747;COTAS;524017.510636000000000;
202408;655;2004002638;COTAS;1263559.690000000000000;
202408;655;2010004019;COTAS;158414.100058000000000;41902409000180
202408;611;1984001019;CAIXA;11885.850000000000000;
202408;361;2001002238;COTAS;34087336.224326000000000;39725887000110
202408;391;9970000000;COTAS;432587409.727962000000000;
202408;611;1984001019;COTAS;5861587.372608000000000;
202408;361;2019002647;COTAS;152000.096964000000000;
202408;655;2004002638;COTAS;20431200.648204000000000;19587206000198
202408;611;1984001019;COTAS;99114462.701622000000000;
202408;611;1990000347;COTAS;13906941.106376000000000;
202408;361;2022002938;COTAS;15997.673855000000000;18681157000195
202408;611;1990000347;TIT_PUB;24419399.590000000000000;
202408;655;2018000292;ACOES;813952180.940000000000000;
202408;391;2019000156;COTAS;141942.379994000000000;
202408;388;1985001438;COTAS;94068717.919805000000000;
202408;655;2004002638;COTAS;27464882.879383000000000;29045373000160
202408;655;2018000292;COTAS;-150076.634623000000000;
202408;401;1997000611;CAIXA;62751.820000000000000;
202408;391;2019000156;TIT_PUB;2221695.840000000000000;
202408;391;1979001529;COTAS;91412746.745528000000000;
202408;655;2004002638;COTAS;107280276.503111000000000;34791568000190
202408;655;2018000292;COTAS;212751.651962000000000;
202408;391;2022002865;COTAS;83034.900000000000000;
202408;655;2004002638;COTAS;1811966.400000000000000;50006439000108
202408;611;1997004038;COTAS;204384747.706275000000000;
202408;401;1997000611;COTAS;735599277.230788000000000;37240914000130
202408;611;1990000592;COTAS;2336349.688967000000000;
202408;611;1997004674;COTAS;470963145.773524000000000;
202408;655;2018000292;COTAS;18752330.380935000000000;20820603000147
202408;611;1997004038;COTAS;168593726.438411000000000;
202408;611;1998003183;COTAS;5387464.371486000000000;
202408;655;2018000292;COTAS;8087067.687586000000000;11965107000190
202408;401;9970000000;VL_PG_RC;0.000000000000000;
202408;611;1997004038;COTAS;9084003.662954000000000;
202408;611;1998003183;TIT_PUB;4207911.500000000000000;
202408;655;2005000411;CAIXA;0.000000000000000;
202408;391;1979001529;COTAS;44335826.137829000000000;
202408;611;2006005383;COTAS;21026200.888851000000000;
202408;611;1984001019;COTAS;24793292.911553000000000;
202408;611;2006005383;COTAS;10725512.975278000000000;
202408;391;1979001529;COTAS;66980598.873436000000000;
202408;477;9970000000;VL_PG_RC;635381.520000000000000;
202408;611;1984001019;COTAS;15805993.936367000000000;
202408;655;2007001519;CAIXA;229023.420000000000000;
202408;611;2006005383;OPERACAO_PARTICIPANTE;682621.490000000000000;
202408;611;2006005383;TIT_PUB;104165779.250000000000000;
202408;611;1984001019;VL_PG_RC;-259565.110000000000000;
202408;655;2007001519;COTAS;24382.846949000000000;
202408;611;2009002547;COTAS;1094626.472000000000000;
202408;401;9970000000;CAIXA;3303.570000000000000;
202408;655;2018000292;COTAS;349232640.491022000000000;36615983000118
202408;611;1990000347;COTAS;61237.843249000000000;
202408;611;2009002611;COTAS;130055184.869887000000000;
202408;401;9970000000;COTAS;963483.590029000000000;
202408;391;1979001529;COTAS;178957048.488945000000000;
202408;477;9970000000;COTAS;12460.576586000000000;
202408;655;2007001519;COTAS;598994.687393000000000;23884799000121
202408;504;9970000000;CAIXA;108263.430000000000000;
202408;611;2009002547;COTAS;6118410.338348000000000;
202408;655;2008002756;COTAS;5133617.336587000000000;19587206000198
202408;535;1982000538;COTAS;8284165.667866000000000;
202408;611;2009002865;CAIXA;40877.330000000000000;
202408;655;2008002756;COTAS;6663434.310056000000000;33255042000122
202408;655;2018000292;COTAS;115929413.429918000000000;41902409000180
202408;611;1990000592;COTAS;152496.752403000000000;
202408;655;2008002756;COTAS;126225.556254000000000;41756323000197
202408;611;2009002547;TIT_PRIV;40077335.150000000000000;
202408;504;1998002918;COTAS;93808.017125000000000;
202408;611;2010004418;COTAS;113519355.534390000000000;
202408;655;2018000292;OPCOES;-14440659.360000000000000;
202408;611;2009002865;COTAS;455211195.719324000000000;
202408;611;2010004418;COTAS;22837442.070484000000000;
202408;655;2019003619;CAIXA;391280.050000000000000;
202408;611;2009002865;COTAS;33427735.846152000000000;
202408;611;2019002019;CAIXA;14050.080000000000000;
202408;535;1982000538;COTAS;2544326.937399000000000;
202408;611;1997004038;COTAS;256712377.383606000000000;
202408;611;2009002865;VL_PG_RC;51761409.040000000000000;
202408;655;2008002756;COTAS;341237.077100000000000;49397796000157
202408;535;1982000538;COTAS;89079414.102006000000000;02846259000183
202408;611;2010004418;CAIXA;16000.000000000000000;
202408;391;1979001529;OPERACAO_PARTICIPANTE;480736853.581590558900000;
202408;535;1982000538;COTAS;436273318.053993000000000;42867858000106
202408;611;1997004038;IMOVEIS;4946080.000000000000000;
202408;655;2019003619;OPERACAO_PARTICIPANTE;173030278.394730540700000;
202408;391;2019000156;COTAS;182747.750000000000000;
202408;611;2019002019;COTAS;5228589.693462000000000;
202408;611;1997004674;COTAS;65376739.323210000000000;
202408;655;2019003783;CAIXA;107997.820000000000000;
202408;391;2020001519;CAIXA;14581.660000000000000;
202408;535;1999005147;VL_PG_RC;16040953.440000000000000;
202408;535;1982000538;COTAS;14332420.046581000000000;
202408;611;2010004418;COTAS;1864480.883175000000000;
202408;655;2008002756;VL_PG_RC;-107935.480000000000000;
202408;655;2010000447;COTAS;13357483.736769000000000;19587206000198
202408;611;1997004674;COTAS;5597596.613173000000000;
202408;655;2019003783;OPERACAO_PARTICIPANTE;49984604.281965199300000;
202408;611;2019002183;COTAS;4868.138243000000000;
202408;655;2010000447;COTAS;3800357.565758000000000;29045373000160
202408;535;2019002574;COTAS;1901444.801029000000000;
202408;611;2019002019;COTAS;1110650.146512000000000;
202408;391;2020001519;COTAS;136630.840003000000000;
202408;535;2021002292;CAIXA;6241.250000000000000;
202408;535;1982000538;COTAS;8338778.557140000000000;
202408;655;2010000447;COTAS;19072641.348327000000000;34791568000190
202408;655;2021000011;COTAS;93566.726525000000000;
202408;391;2020001519;TIT_PUB;4651244.060000000000000;
202408;611;9970000000;CAIXA;158289.340000000000000;
202408;611;2009002547;COTAS;181155468.849755000000000;
202408;611;2019002183;COTAS;105797574.694837000000000;
202408;391;2022002865;CAIXA;7082.490000000000000;
202408;535;1982000538;COTAS;9227892.178126000000000;18364675000185
202408;655;2010000447;VL_PG_RC;0.000000000000000;
202408;535;2021002292;COTAS;12401.603075000000000;
202408;655;2010001583;COTAS;1465492.734473000000000;19587206000198
202408;611;9970000000;VL_PG_RC;-4503.240000000000000;
202408;655;1970000147;ACOES;251872346.450000000000000;
202408;535;9970000000;VL_PG_RC;0.000000000000000;
202408;655;2010001583;VL_PG_RC;0.000000000000000;
202408;391;2022002865;COTAS;78365.500000000000000;
202408;655;1970000147;COTAS;2093751797.949731000000000;
202408;549;1979001456;OPERACAO_PARTICIPANTE;6319381.090000000000000;
202408;655;2010004019;COTAS;4375834.490993000000000;19587206000198
202408;535;1982000538;COTAS;117548051.739160000000000;55983603000142
202408;655;1970000147;COTAS;24598233.528616000000000;05117292000160
202408;611;2019002183;TIT_PRIV;2080971.820000000000000;
202408;655;2021000011;COTAS;442101.323167000000000;
202408;401;1988000629;COTAS;779486991.710263000000000;05024903000126
202408;655;1970000147;COTAS;17524.363954000000000;
202408;655;2021000011;COTAS;52671.170540000000000;13294396000179
202408;535;1999005147;OPERACAO_PARTICIPANTE;8669092.490000000000000;
202408;655;1970000147;COTAS;3337244.879092000000000;21397715000108
202408;552;1979002665;COTAS;411365.104071000000000;
202408;401;1997000611;COTAS;54860423.864390000000000;
202408;611;2009002547;COTAS;1837356.756345000000000;
202408;655;2021000011;COTAS;464827050.200688000000000;32862087000100
202408;552;1979002665;COTAS;184004958.951153000000000;04592305000190
202408;477;1985000318;CAIXA;9250.480000000000000;
202408;655;1970000147;COTAS;1577127.836804000000000;23884789000196
202408;655;1970000147;COTAS;458215.636516000000000;11097650000113
202408;655;2021000011;COTAS;36736614.390285000000000;52026196000197
202408;477;1991000138;COTAS;29517546.922486000000000;
202408;655;1970000147;COTAS;1430936.482243000000000;19587206000198
202408;655;1970000147;COTAS;2498619.597857000000000;11965107000190
202408;655;2010004019;COTAS;1244965.300863000000000;29045373000160
202408;655;1970000147;COTAS;62702478.735945000000000;32862118000115
202408;655;2021000011;OPERACAO_PARTICIPANTE;166422732.730097881000000;
202408;655;2021003183;CAIXA;5339.760000000000000;
202408;655;1970000147;COTAS;6179281.531414000000000;20815620000196
202408;535;2019002574;CAIXA;34593.610000000000000;
202408;655;2021003183;COTAS;179825.698555000000000;
202408;477;1991000138;VL_PG_RC;2155226.630000000000000;
202408;655;1970000147;COTAS;64212892.580683000000000;36617506000191
202408;655;2021003183;COTAS;15163.644932000000000;
202408;655;2010004019;COTAS;6248002.006964000000000;34791568000190
202408;552;2002000638;IMOVEIS;85877342.070000000000000;
202408;655;1970000147;COTAS;1190376.087199000000000;21397837000196
202408;655;1970000147;COTAS;31898901.970308000000000;41902409000180
202408;611;2009002547;COTAS;2369564.628199000000000;40188751000106
202408;552;2002004692;OPERACAO_PARTICIPANTE;6026256.150000000000000;
202408;655;1970000147;COTAS;20747008.143000000000000;52026196000197
202408;611;2009002611;COTAS;14757603.644199000000000;
202408;494;1981001174;CAIXA;172646.710000000000000;
202408;655;2018000292;COTAS;57148005.804451000000000;19587206000198
202408;655;1970000147;VL_PG_RC;193842421.970000000000000;
202408;535;2019002574;COTAS;155949.068898000000000;
202408;655;2018000292;COTAS;20037109.010694000000000;20815620000196
202408;655;1999003111;COTAS;167942.895762000000000;41902409000180
202408;655;1999003111;COTAS;6736217.657680000000000;
202408;655;2021003183;COTAS;2254448.000000000000000;
202408;655;2018000292;COTAS;471639080.780844000000000;29045373000160
202408;494;1981001174;TIT_PUB;243441570.210000000000000;
202408;655;1999003111;COTAS;4847503.248808000000000;32862118000115
202408;655;2021003183;COTAS;418797.270000000000000;
202408;611;2009002611;VL_PG_RC;-67302.880000000000000;
202408;494;2010000838;COTAS;28600104.819085000000000;
202408;655;1999003111;COTAS;6021215.450900000000000;33255042000122
202408;611;2009002865;COTAS;1165109.587366000000000;
202408;494;9970000000;VL_PG_RC;0.000000000000000;
202408;655;1999003111;COTAS;102447.984351000000000;41128068000138
202408;611;2019002019;COTAS;267915.564216000000000;
202408;504;1998002918;COTAS;367941.449126000000000;
202408;655;2000005918;CAIXA;0.000000000000000;
202408;655;2000005918;COTAS;526525.874006000000000;34081202000127
202408;655;2000005918;COTAS;780757.565915000000000;36615983000118
202408;655;2000005918;COTAS;417467.629702000000000;29045373000160
202408;655;2018000292;COTAS;326867602.981235000000000;34791568000190
202408;552;9970000000;COTAS;47013.155511000000000;
202408;655;2002000492;COTAS;30047910.543861000000000;
202408;655;2000005918;COTAS;1530655.078555000000000;32862118000115
202408;535;2019002574;COTAS;835570.014484000000000;
202408;655;2021003183;COTAS;207886.359584000000000;
202408;655;2018000292;VL_PG_RC;633920822.900000000000000;
202408;535;1982000538;COTAS;6882522.450000000000000;
202408;535;2019002574;COTAS;2079957.287773000000000;05092810000139
202408;611;2019002019;TIT_PRIV;14889737.760000000000000;
202408;535;1982000538;COTAS;23070151.379463000000000;
202408;535;2019002574;COTAS;8337290.363383000000000;17689994000106
202408;611;2019002183;COTAS;10419820.113129000000000;
202408;655;2021003183;COTAS;50306877.552608000000000;32862118000115
202408;655;2000005918;COTAS;2095413.541163000000000;34791568000190
202408;535;2021002292;COTAS;576046.613858000000000;02846259000183
202408;655;9970000000;COTAS;101906572.707211000000000;33255042000122
202408;535;1982000538;COTAS;8654036.415840000000000;
202408;655;9970000000;COTAS;716134.621060000000000;41756323000197
202408;535;2021002292;COTAS;169492.963740000000000;09125491000171
202408;655;2000005918;VL_PG_RC;0.000000000000000;
202408;655;2002001911;COTAS;593661.912679000000000;29045373000160
202408;549;2010005929;COTAS;157375482.851707000000000;33913650000187
202408;655;2019003619;TIT_PUB;3784478485.880000000000000;
202408;655;1970000147;COTAS;710725.031558000000000;
202408;655;2002001911;COTAS;2979747.458000000000000;34791568000190
202408;655;9970000000;COTAS;32863888.710000000000000;49397796000157
202408;552;9970000000;COTAS;43337854.278884000000000;04592305000190
202408;655;2019003783;TIT_PUB;2104733511.120000000000000;
202408;655;1970000147;COTAS;2416863.225962000000000;
202408;655;2021000011;COTAS;0.000008000000000;
202408;655;9970000000;VL_PG_RC;-3169069.210000000000000;
202408;655;2000007392;CAIXA;0.000000000000000;
202408;552;9970000000;VL_PG_RC;-1073614.710000000000000;
202408;655;2021000011;COTAS;45132.916491000000000;11097650000113
202408;686;1978000529;COTAS;27288072.960077000000000;
202408;655;2000007392;VL_PG_RC;0.000000000000000;
202408;571;1988001218;COTAS;47730299.773588000000000;
202408;655;2021000011;COTAS;55172801.388158000000000;34081202000127
202408;655;1970000147;COTAS;5802664.908140000000000;20820603000147
202408;571;1988001218;COTAS;29325994.239254000000000;
202408;686;1978000529;IMOVEIS;8947900.000000000000000;
202408;549;2010005929;COTAS;41061066.368577000000000;33913663000156
202408;535;1982000538;COTAS;49159967.363091000000000;
202408;655;2002001911;COTAS;1110280.188614000000000;36615983000118
202408;549;2010005929;COTAS;17465032.688855000000000;33913669000123
202408;535;1982000538;COTAS;205252096.702696000000000;17689994000106
202408;655;2002001911;COTAS;1309531.871908000000000;39997959000189
202408;655;2002003874;COTAS;207579.990237000000000;
202408;549;9970000000;CAIXA;25000.000000000000000;
202408;655;2021000011;COTAS;9425317.294007000000000;36617506000191
202408;655;1970000147;COTAS;287940.829120000000000;13294396000179
202408;655;2003002138;CAIXA;0.000000000000000;
202408;686;2022001192;CAIXA;1416.420000000000000;
202408;655;1970000147;COTAS;93431921.537734000000000;36615983000118
202408;655;2003002383;COTAS;0.000002000000000;
202408;686;2022001656;COTAS;75101.554101000000000;
202408;655;1970000147;COTAS;264788357.079437000000000;39997959000189
202408;655;2003002219;CAIXA;0.000000000000000;
202408;686;2022001656;VL_PG_RC;997545.030000000000000;
202408;655;1970000147;OPERACAO_PARTICIPANTE;167725433.032962699600000;
202408;535;1982000538;VL_PG_RC;27191077.020000000000000;
202408;655;1999003111;COTAS;2468416.564556000000000;36615983000118
202408;655;2021000011;COTAS;75823920.621764000000000;39997959000189
202408;552;2002000638;COTAS;611171.011970000000000;
202408;655;2021000011;TIT_PRIV;6554062.580000000000000;
202408;552;2002000638;VL_PG_RC;-13420674.310000000000000;
202408;535;2019002574;COTAS;267720.526957000000000;
202408;571;1988001218;COTAS;49488969.886945000000000;
202408;552;2002004692;COTAS;102426157.357063000000000;04592305000190
202408;686;2022001729;COTAS;13771.289270000000000;
202408;655;1999003111;COTAS;2911400.390323000000000;39997959000189
202408;535;2019002574;COTAS;162032.825503000000000;
202408;571;1988001218;COTAS;19698226.367117000000000;
202408;686;2022001729;COTAS;4085580.289991000000000;
202408;655;2021003183;COTAS;373.923903000000000;
202408;655;2003002383;TIT_PUB;148150416.880000000000000;
202408;655;2000005918;COTAS;1595101.161909000000000;
202408;552;2002004692;TIT_PRIV;2433553.900000000000000;
202408;571;1988001218;OPERACAO_PARTICIPANTE;107989551.650030169300000;
202408;655;2003002383;COTAS;-30185.754953000000000;
202408;686;2022001818;COTAS;19568.039728000000000;
202408;571;2020002418;VL_PG_RC;-16681.350000000000000;
202408;655;2000005918;COTAS;32404.186354000000000;41128068000138
202408;552;2002004692;TIT_PUB;216856847.310000000000000;
202408;655;2003002383;COTAS;486443.703656000000000;21397791000105
202408;571;2023001511;COTAS;340850.449498000000000;
202408;655;2003002456;ACOES;17466112.480000000000000;
202408;655;2003002383;OPERACAO_PARTICIPANTE;2894652.450165589700000;
202408;655;2000005918;COTAS;53120.166856000000000;41902409000180
202408;691;1981000429;COTAS;0.000250000000000;
202408;535;2021002292;COTAS;251102.963255000000000;55983603000142
202408;655;2021003183;COTAS;-990.798870000000000;
202408;655;2003002456;CAIXA;6207.660000000000000;
202408;571;2023001511;COTAS;13433527.146598000000000;
202408;552;9970000000;COTAS;79592.078923000000000;
202408;655;2021003183;COTAS;1039576.063820000000000;
202408;571;2023001511;COTAS;8516516.622591000000000;
202408;655;2003002456;COTAS;1018165.640000000000000;
202408;571;1988001218;COTAS;493151.126486000000000;
202408;655;2021003183;COTAS;1454724.630000000000000;
202408;655;2000007392;COTAS;539614.345587000000000;
202408;655;2003002618;COTAS;6758884.297090000000000;29045373000160
202408;691;1981000429;IMOVEIS;397372488.660000000000000;
202408;655;2021003183;COTAS;162044.128861000000000;23884789000196
202408;655;2003002383;ACOES;2590823.950000000000000;
202408;655;2003002618;COTAS;102350794.537370000000000;34791568000190
202408;571;9970000000;VL_PG_RC;356.560000000000000;
202408;571;1988001218;COTAS;1676224.570689000000000;
202408;549;1979001456;CAIXA;4318.440000000000000;
202408;655;2003002618;COTAS;17102607.797276000000000;39997959000189
202408;655;2003002456;COTAS;401424.379501000000000;23884799000121
202408;655;2003002456;COTAS;173303262.854669000000000;
202408;691;2002004765;CAIXA;346692.780000000000000;
202408;571;1988001218;COTAS;9347064.732498000000000;
202408;655;2003002456;VL_PG_RC;-3061574.580000000000000;
202408;655;2004001356;CAIXA;18033.720000000000000;
202408;549;1979001456;COTAS;161891619.812878000000000;33913659000198
202408;691;2002004765;COTAS;8126601.392770000000000;
202408;655;2021003183;COTAS;6484743.611397000000000;41902409000180
202408;655;2003002618;COTAS;13465.455949000000000;
202408;655;2004002638;COTAS;3660153.644400000000000;41756323000197
202408;571;1988001218;COTAS;5253.125550000000000;
202408;549;2005003883;OPERACAO_PARTICIPANTE;14953091.390000000000000;
202408;571;1988001218;COTAS;81789962.494224000000000;
202408;655;2003002383;COTAS;59591.490459000000000;23884799000121
202408;655;2003002618;COTAS;2701893.317922000000000;21397791000105
202408;655;2004002638;COTAS;5217750.577830000000000;41902409000180
202408;691;2002004765;COTAS;0.000000000000000;
202408;655;2003002618;COTAS;8040412.775217000000000;36615983000118
202408;552;1979002665;VL_PG_RC;-8165185.990000000000000;
202408;655;2021003183;IMOVEIS;19102632.240000000000000;
202408;571;1988001218;COTAS;36952893.599760000000000;
202408;655;2003002383;COTAS;30446666.744545000000000;
202408;655;9970000000;ACOES;13801045.990000000000000;
202408;571;2020002418;COTAS;522046.200000000000000;
202408;655;2004001356;VL_PG_RC;0.000000000000000;
202408;552;2002004692;COTAS;20621792.967142000000000;05142777000104
202408;607;1986000338;IMOVEIS;5732577.200000000000000;
202408;655;2007001519;COTAS;0.000016000000000;
202408;655;2003002383;COTAS;4774.662448000000000;10430028000112
202408;611;1979000956;COTAS;136032145.370063000000000;
202408;655;9970000000;COTAS;622468.140000000000000;
202408;571;2020002418;COTAS;612531.482348000000000;
202408;655;2003002456;COTAS;0.000011000000000;
202408;611;1979000956;OPERACAO_PARTICIPANTE;12929347.353626898000000;
202408;655;9970000000;COTAS;2150863.108145000000000;05117292000160
202408;691;9970000000;CAIXA;150714.640000000000000;
202408;655;2004001747;VL_PG_RC;0.000000000000000;
202408;552;9970000000;CAIXA;193842.130000000000000;
202408;571;2020002418;COTAS;384104.833013000000000;
202408;655;2007001519;COTAS;44442329.250000000000000;
202408;655;2003002456;COTAS;3279677.284211000000000;21397791000105
202408;611;1979004056;VL_PG_RC;22280288.950000000000000;
202408;713;1983000183;ACOES;557.710000000000000;
202408;655;2007001519;COTAS;24533619.450000000000000;
202408;611;1983000418;COTAS;4094611.776599000000000;
202408;713;1983000183;COTAS;6058617.720200000000000;09548706000167
202408;655;2007001519;COTAS;11119468.874181000000000;
202408;655;2004002638;COTAS;426943.340000000000000;
202408;655;2003002456;TIT_PUB;962326601.720000000000000;
202408;655;2007001519;COTAS;2230998619.093877000000000;36615983000118
202408;655;9970000000;COTAS;19555.678032000000000;10430028000112
202408;611;1983000418;COTAS;36351620.639876000000000;
202408;571;1988001218;CAIXA;151886462.960000000000000;
202408;655;2003002529;COTAS;23668915.027427000000000;
202408;655;2007001519;COTAS;154465023.829458000000000;46502938000100
202408;611;1983000418;OPERACAO_PARTICIPANTE;512671.910000000000000;
202408;655;2003002618;ACOES;14892812.480000000000000;
202408;655;2007001519;COTAS;156236866.500000000000000;50069605000107
202408;611;1984001019;COTAS;4667819.908421000000000;
202408;655;2004002638;COTAS;34084.318657000000000;
202408;655;2003002618;COTAS;81191209.648430000000000;
202408;571;2023001511;CAIXA;7241.030000000000000;
202408;713;2011000556;IMOVEIS;78073261.460000000000000;
202408;655;9970000000;COTAS;2103342.399521000000000;41128068000138
202408;713;2021003418;VL_PG_RC;15257.040000000000000;
202408;655;9970000000;COTAS;2268726.079761000000000;46502938000100
202408;655;2003002618;COTAS;1549831.233588000000000;41128068000138
202408;571;9970000000;CAIXA;26057.200000000000000;
202408;571;1988001218;COTAS;56575921.247428000000000;
202408;655;2003002618;COTAS;1707917.265593000000000;41902409000180
202408;571;1988001218;COTAS;41077455.794549000000000;
202408;713;9970000000;COTAS;2050416.120058000000000;
202408;655;9970000000;COTAS;5435899.200000000000000;50006439000108
202408;655;2004002638;COTAS;23641245.736932000000000;32862087000100
202408;727;1971000256;VL_PG_RC;73593332.720000000000000;
202408;655;2007001519;OPCOES;-34751130.540000000000000;
202408;655;9970000000;COTAS;5450123.250000000000000;50069605000107
202408;655;2004002638;COTAS;442808.927575000000000;41128068000138
202408;731;2018001647;CAIXA;507182.550000000000000;
202408;571;9970000000;TIT_PUB;19560417.300000000000000;
202408;686;1978000529;CAIXA;57478.820000000000000;
202408;655;2004002638;COTAS;25153396.701311000000000;
202408;607;1986000338;VL_PG_RC;-1030.740000000000000;
202408;655;2008002756;COTAS;1460625.922482000000000;29045373000160
202408;655;2004002638;COTAS;903384.140367000000000;46502938000100
202408;655;2008002756;COTAS;1842196.360895000000000;34081202000127
202408;655;2004002638;COTAS;1816707.750000000000000;50069605000107
202408;655;2008002756;COTAS;7330551.444797000000000;34791568000190
202408;611;1984001019;COTAS;13004530.641116000000000;
202408;571;1988001218;TIT_PUB;4657836017.090000000000000;
202408;611;1984001019;COTAS;4520658.813990000000000;40188751000106
202408;571;2020002418;COTAS;271357.315366000000000;
202408;686;2022000765;COTAS;165639.760259000000000;
202408;655;2004002638;COTAS;20533421.887352000000000;32862118000115
202408;731;2018001647;COTAS;9539712.850705000000000;30993999000188
202408;571;2020002418;COTAS;2730899.956312000000000;
202408;655;2004002638;OPCOES;-319512.760000000000000;
202408;655;2004002638;VL_PG_RC;-281200.800000000000000;
202408;611;1979000956;COTAS;2652957027.720107000000000;
202408;611;1990000347;COTAS;2310681.707035000000000;
202408;571;2023001511;COTAS;63957.059944000000000;
202408;655;2006001256;CAIXA;0.000000000000000;
202408;655;2008002756;COTAS;3221928.428677000000000;39997959000189
202408;686;2022001192;COTAS;2958090.529961000000000;
202408;731;2018001647;COTAS;10095313.176835000000000;30994076000140
202408;571;2023001511;COTAS;3449111.893138000000000;
202408;611;1990000347;COTAS;345439.787153000000000;
202408;744;1986000729;COTAS;156205266.000000000000000;
202408;611;1979000956;COTAS;10438878.561147000000000;
202408;611;1979004056;CAIXA;104915.740000000000000;
202408;655;2006001256;VL_PG_RC;0.000000000000000;
202408;758;2002002411;COTAS;820429611.766414000000000;
202408;611;1990000347;TIT_PRIV;2194532.160000000000000;
202408;611;1979004056;COTAS;3224335.302280000000000;
202408;758;2002002411;COTAS;77906562.732552000000000;
202408;571;2023001511;COTAS;8540581.413141000000000;
202408;686;2022001192;IMOVEIS;9029500.000000000000000;
202408;611;1979004056;COTAS;79272307.789787000000000;
202408;655;2007001519;COTAS;7060619.914370000000000;
202408;655;2007001519;COTAS;351026.889134000000000;13442691000125
202408;611;1990000592;COTAS;4768798.537128000000000;
202408;775;2007002965;CAIXA;0.000000000000000;
202408;655;2007001519;COTAS;1650883.870028000000000;22734984000177
202408;571;9970000000;COTAS;614711.930100000000000;
202408;775;9970000000;VL_PG_RC;0.000000000000000;
202408;655;2010000447;COTAS;328422.384007000000000;41756323000197
202408;607;9970000000;CAIXA;52297.060000000000000;
202408;611;1979004056;COTAS;258233896.737872000000000;
202408;792;1988000718;COTAS;561464.156142000000000;
202408;655;2007001519;COTAS;112701159.938147000000000;18330535000196
202408;655;2007001519;COTAS;1401895049.125253000000000;29045373000160
202408;611;1979004056;COTAS;97981812.918385000000000;
202408;611;1990000592;COTAS;1184571.156040000000000;
202408;792;1988000718;COTAS;10966753.757146000000000;44432479000100
202408;655;2010000447;COTAS;483571.887661000000000;41902409000180
202408;611;1979004056;IMOVEIS;452835273.160000000000000;
202408;686;2022001192;TIT_PUB;11336202.780000000000000;
202408;792;1998000818;COTAS;111254.785932000000000;
202408;655;2007001519;COTAS;5177032.047174000000000;05117292000160
202408;611;1979004056;OPERACAO_PARTICIPANTE;17103808.583449464000000;
202408;611;1979000956;CAIXA;70989.400000000000000;
202408;611;1997004674;COTAS;24438786.236188000000000;
202408;655;2007001519;COTAS;47069.762095000000000;10430028000112
202408;655;2007001519;COTAS;12339662129.843769000000000;34791568000190
202408;792;1998000818;COTAS;106886.639902000000000;
202408;655;2007001519;COTAS;164916.131891000000000;11097650000113
202408;686;2022001729;ACOES;3711863.440000000000000;
202408;655;2007001519;OPERACAO_PARTICIPANTE;1138782628.843037337500000;
202408;611;1979000956;IMOVEIS;10523520.000000000000000;
202408;655;2010001583;COTAS;919643.844283000000000;39997959000189
202408;792;1998000818;COTAS;151965.447116000000000;
202408;611;1997004674;COTAS;6079117.634291000000000;
202408;691;1981000429;CAIXA;571060.730000000000000;
202408;792;1998000974;CAIXA;1892.180000000000000;
202408;655;2008002756;COTAS;2731696.247756000000000;36615983000118
202408;691;1981000429;COTAS;544928.095379000000000;
202408;792;1998000974;COTAS;108417.548232000000000;
202408;655;2010002547;VL_PG_RC;0.000000000000000;
202408;655;2010000447;COTAS;294986.945756000000000;41128068000138
202408;611;1979004056;COTAS;142620132.036563000000000;
202408;792;1998000974;COTAS;660490.135996000000000;
202408;655;2007001519;COTAS;428953.172926000000000;21397837000196
202408;611;1979004056;COTAS;17082712.646307000000000;40188751000106
202408;611;1980001529;TIT_PRIV;2607771.810000000000000;
202408;655;2010004019;COTAS;107588.422031000000000;41756323000197
202408;655;2010001583;COTAS;2207640.472660000000000;32862087000100
202408;691;1981000429;COTAS;-163218.856813000000000;
202408;691;1981000429;COTAS;8245595.676783000000000;
202408;611;1984001019;COTAS;15530723.365751000000000;
202408;792;1998000974;COTAS;75050.644764000000000;
202408;655;2018000292;COTAS;0.000142000000000;
202408;655;2010001583;COTAS;36028.905717000000000;41756323000197
202408;611;1980001529;COTAS;648717.901096000000000;
202408;611;1990000592;VL_PG_RC;-4216.640000000000000;
202408;792;1998000974;OPERACAO_PARTICIPANTE;1340934.584346608000000;
202408;655;2010004019;COTAS;6625902.078153000000000;32862087000100
202408;611;1980001529;VL_PG_RC;-6022.960000000000000;
202408;655;2010004019;COTAS;96635.255374000000000;41128068000138
202408;792;1999002865;COTAS;20262330.004798000000000;
202408;655;2018000292;COTAS;63354626.608775000000000;41756323000197
202408;655;2018000292;COTAS;1653025.104602000000000;
202408;792;1999002865;COTAS;1415866.132879000000000;
202408;611;1997004674;VL_PG_RC;7203570.740000000000000;
202408;655;2018000292;COTAS;27238165.929336000000000;
202408;611;1997004038;CAIXA;23640.360000000000000;
202408;611;1998003183;COTAS;2419697.946578000000000;
202408;655;2007001519;COTAS;29320941.600000000000000;49397796000157
202408;655;2018000292;IMOVEIS;2258316861.100000000000000;
202408;655;2018000292;COTAS;2296832.715801000000000;
202408;792;1999002865;COTAS;24859970.297193000000000;44432479000100
202408;611;1983000418;CAIXA;12000.000000000000000;
202408;792;1999002938;CAIXA;2237.060000000000000;
202408;611;1983000418;COTAS;286193051.341987000000000;
202408;655;2018000292;COTAS;930531.289622000000000;13294396000179
202408;655;2007001519;COTAS;19655060.346000000000000;52026196000197
202408;792;1999002938;COTAS;18435433.659944000000000;
202408;611;1997004038;COTAS;542128114.334370000000000;
202408;611;1984001019;COTAS;3686135.284528000000000;
202408;655;2010000447;CAIXA;654876.100000000000000;
202408;792;1999002938;COTAS;18722708.587806000000000;
202408;611;1997004674;COTAS;85328201.036722000000000;
202408;655;2010000447;COTAS;17337384.338688000000000;33255042000122
202408;655;2018000292;COTAS;149832495.350228000000000;32862087000100
202408;611;1998003183;CAIXA;11985.160000000000000;
202408;655;2010000447;COTAS;8383036.265818000000000;39997959000189
202408;655;2018000292;COTAS;135981852.495893000000000;41128068000138
202408;792;1999002938;COTAS;16098313.926184000000000;
202408;611;1998003183;COTAS;3473580.141975000000000;
202408;611;1998003183;OPERACAO_PARTICIPANTE;243203.650000000000000;
202408;655;2010001583;COTAS;3434675.290550000000000;
202408;611;1990000347;VL_PG_RC;-4975.410000000000000;
202408;792;1999002938;COTAS;16290032.308976000000000;
202408;611;2009002547;COTAS;232048.282708000000000;
202408;655;2018000292;TIT_PRIV;115777356.060000000000000;
202408;611;1997004038;COTAS;61859684.843636000000000;
202408;792;1999002938;COTAS;12356122.441013000000000;
202408;611;2009002547;COTAS;7965118.697575000000000;
202408;611;2006005383;CAIXA;12082.140000000000000;
202408;611;2009002547;TIT_PUB;518393054.110000000000000;
202408;611;1997004038;COTAS;13421608.205215000000000;
202408;792;1999002938;COTAS;38661378.409709000000000;
202408;611;2009002865;COTAS;6592649272.613588000000000;
202408;691;1981000429;COTAS;1299682.938991000000000;
202408;611;1998003183;COTAS;214446545.601669000000000;
202408;655;2010001583;COTAS;1530320.688703000000000;32862118000115
202408;792;1999003047;COTAS;8883348.298446000000000;
202408;611;2009002865;COTAS;1000670.341327000000000;
202408;655;2021000011;COTAS;1541770.954079000000000;
202408;792;1999003047;COTAS;702821.631420000000000;
202408;655;2019003619;COTAS;400620455.932151000000000;
202408;655;2021000011;COTAS;130008.381785000000000;
202408;792;1999003047;COTAS;583364.217633000000000;
202408;655;2010001583;COTAS;97400.232298000000000;49397796000157
202408;655;2019003783;COTAS;203412096.512524000000000;
202408;655;2021000011;COTAS;5496700.220000000000000;
202408;611;2006005383;VL_PG_RC;-17689.700000000000000;
202408;655;2010004019;CAIXA;222424.140000000000000;
202408;655;2021000011;COTAS;47812626.466157000000000;41756323000197
202408;691;1981000429;OPERACAO_PARTICIPANTE;306600729.145345159300000;
202408;792;1999003047;TIT_PUB;1398079.910000000000000;
202408;611;2009002611;COTAS;24120351.875003000000000;
202408;611;2009002865;TIT_PRIV;20596990.930000000000000;
202408;611;2009002547;CAIXA;14273.440000000000000;
202408;655;2010004019;COTAS;5679581.883855000000000;33255042000122
202408;655;2021000011;COTAS;1061444.359792000000000;20820603000147
202408;611;2009002547;COTAS;3122157.449538000000000;
202408;655;2010004019;COTAS;2680784.554748000000000;36617506000191
202408;792;2023001056;CAIXA;1801.350000000000000;
202408;655;2021000011;COTAS;50088.456927000000000;13442691000125
202408;611;2010004418;COTAS;6552827.388247000000000;
202408;655;2018000292;COTAS;152310.049851000000000;
202408;802;1977000118;COTAS;6166200.000000000000000;
202408;611;2010004418;COTAS;1987017.767073000000000;
202408;655;2021003183;ACOES;6174487.140000000000000;
202408;611;2009002611;CAIXA;62998.400000000000000;
202408;655;2021000011;COTAS;11180925.350188000000000;41128068000138
202408;655;2021003183;COTAS;114104.770000000000000;
202408;611;2009002865;COTAS;192907133.698400000000000;
202408;802;1977000118;COTAS;18519899.941240000000000;
202408;655;2021003183;COTAS;2659219.335485000000000;18330535000196
202408;611;2019002183;COTAS;72821894.853657000000000;
202408;655;2018000292;COTAS;83640280.675472000000000;18330535000196
202408;655;2021000011;COTAS;88976833.984837000000000;41902409000180
202408;655;2021003183;COTAS;71201.615043000000000;21397715000108
202408;802;1977000118;TIT_PRIV;89770648.580000000000000;
202408;611;2009002611;COTAS;12793056.589614000000000;
202408;611;2019002183;TIT_PUB;27240414.850000000000000;
202408;802;1977000118;TIT_PUB;653401513.580000000000000;
202408;655;2021000011;COTAS;6795912.510560000000000;46502938000100
202408;655;1970000147;COTAS;4041006.760000000000000;
202408;691;2002004765;COTAS;0.000250000000000;
202408;802;2003001956;COTAS;12608043.378660000000000;
202408;611;2009002865;COTAS;687267754.779887000000000;
202408;611;2009002865;COTAS;43243020.445520000000000;
202408;655;2021000011;COTAS;14533662.000000000000000;50069605000107
202408;655;1970000147;COTAS;511507.133972000000000;
202408;655;2021003183;COTAS;45703.901237000000000;23884799000121
202408;611;2009002865;COTAS;2481890880.723285000000000;
202408;655;2021003183;COTAS;3657.220502000000000;10430028000112
202408;611;2009002865;COTAS;273682134.050033000000000;
202408;655;2021003183;COTAS;86440.233205000000000;11965107000190
202408;802;2003001956;VL_PG_RC;216052.140000000000000;
202408;655;2021003183;COTAS;60574892.530890000000000;19587206000198
202408;691;2002004765;COTAS;174480060.942709000000000;39504822000145
202408;655;2021003183;COTAS;108782231.309460000000000;33255042000122
202408;655;1999003111;CAIXA;115186.630000000000000;
202408;655;2021003183;COTAS;174001.801631000000000;20815620000196
202408;691;2002004765;COTAS;133810830.413974000000000;43122405000105
202408;655;2021003183;COTAS;2193084.518269000000000;36617506000191
202408;655;2021003183;COTAS;33772.013043000000000;21397837000196
202408;691;2002004765;IMOVEIS;76438133.990000000000000;
202408;655;2021003183;COTAS;21232000.631450000000000;49397796000157
202408;802;9970000000;TIT_PRIV;7322611.800000000000000;
202408;691;9970000000;TIT_PUB;293820879.650000000000000;
202408;611;2010004418;COTAS;25676612.486589000000000;
202408;655;1999003111;COTAS;2842036.915962000000000;36617506000191
202408;655;2000005918;COTAS;1467028.404089000000000;19587206000198
202408;821;1988000238;COTAS;262910.970797000000000;
202408;713;1983000183;VL_PG_RC;7224010.710000000000000;
202408;611;2010004418;COTAS;34974478.974522000000000;
202408;864;1971000183;VL_PG_RC;-40091.760000000000000;
202408;655;2018000292;COTAS;5226505.995245000000000;23884799000121
202408;713;2006001892;COTAS;10458338.491864000000000;
202408;655;2021003183;COTAS;9220892.508000000000000;52026196000197
202408;611;2010004418;COTAS;17464925.595616000000000;
202408;611;2019002019;COTAS;1091307.528717000000000;
202408;713;2006001892;COTAS;3753670.122136000000000;
202408;655;2021003183;TIT_PRIV;4097027.220000000000000;
202408;611;2019002019;VL_PG_RC;-23834.400000000000000;
202408;864;2022000692;COTAS;521788.406233000000000;
202408;655;2018000292;COTAS;420664.059265000000000;10430028000112
202408;655;9970000000;COTAS;78795.232366000000000;
202408;611;2019002183;COTAS;12162805.729072000000000;
202408;655;2018000292;COTAS;536869472.994144000000000;34081202000127
202408;655;9970000000;COTAS;338949024.403024000000000;
202408;611;2019002183;COTAS;1256696.353358000000000;
202408;864;2023000483;COTAS;101252.079954000000000;52316309000199
202408;655;9970000000;COTAS;68516.342215000000000;11097650000113
202408;655;9970000000;COTAS;375237.463970000000000;11965107000190
202408;864;9970000000;CAIXA;124437.580000000000000;
202408;655;2019003619;VL_PG_RC;-807912.790000000000000;
202408;713;2006001892;VL_PG_RC;56773.260000000000000;
202408;611;2019002183;COTAS;2431080.271740000000000;
202408;713;2011000556;CAIXA;126444.940000000000000;
202408;655;2021000011;ACOES;46088889.820000000000000;
202408;611;2019002183;COTAS;1315050.161263000000000;
202408;655;9970000000;COTAS;2305688.298101000000000;41902409000180
202408;655;2000005918;COTAS;1904504.128234000000000;33255042000122
202408;878;1999003918;COTAS;9739387.496863000000000;
202408;686;1978000529;ACOES;4734414.240000000000000;
202408;878;1999003918;TIT_PUB;15571190.140000000000000;
202408;655;1970000147;COTAS;47130.363923000000000;
202408;611;2019002183;VL_PG_RC;-42846.750000000000000;
202408;655;9970000000;COTAS;92860040.049719000000000;19587206000198
202408;655;2000005918;COTAS;36077.056012000000000;41756323000197
202408;878;9970000000;CAIXA;2230.820000000000000;
202408;655;1970000147;COTAS;13215303.586613000000000;21397791000105
202408;686;2022000765;COTAS;132.667886000000000;
202408;655;2021000011;COTAS;3205.620877000000000;
202408;655;1970000147;COTAS;130169.026044000000000;10430028000112
202408;655;9970000000;COTAS;927582.881719000000000;20815620000196
202408;655;2021000011;COTAS;8621.256123000000000;
202408;881;1979000247;OPERACAO_PARTICIPANTE;0.000000000000000;
202408;655;9970000000;COTAS;2161998.332800000000000;36617506000191
202408;655;2021000011;COTAS;2417391.065062000000000;21397791000105
202408;655;9970000000;TIT_PRIV;3352033.010000000000000;
202408;655;1970000147;COTAS;125814347.088009000000000;34081202000127
202408;713;2011000556;COTAS;133099624.061179000000000;41266112000176
202408;686;1978000529;VL_PG_RC;-601282.530000000000000;
202408;881;1979000247;TIT_PUB;468484117.230000000000000;
202408;713;2011000556;COTAS;76557223.848335000000000;41543813000105
202408;686;2022001656;COTAS;12183944.910006000000000;
202408;655;2002000492;VL_PG_RC;0.000000000000000;
202408;686;2022001656;TIT_PUB;41378656.730000000000000;
202408;655;1970000147;COTAS;273821.730574000000000;13442691000125
202408;655;2021000011;COTAS;288493.892759000000000;23884789000196
202408;686;2022000765;COTAS;32604188.200075000000000;
202408;881;1994000929;COTAS;29279.097004000000000;
202408;686;2022001818;COTAS;2988529.860008000000000;
202408;655;1970000147;COTAS;37482053.244016000000000;41128068000138
202408;686;2022000765;IMOVEIS;62988600.000000000000000;
202408;655;2021000011;COTAS;295837.647667000000000;23884799000121
202408;881;1994000929;COTAS;7034664.457805000000000;
202408;655;1970000147;COTAS;17432530.398565000000000;41756323000197
202408;727;1971000256;COTAS;32511759.834872000000000;
202408;655;1970000147;COTAS;57930729.769927000000000;32862087000100
202408;686;2022001818;VL_PG_RC;289927.910000000000000;
202408;655;2021000011;COTAS;112088140.442657000000000;
202408;655;1970000147;COTAS;72322505.361839000000000;34791568000190
202408;655;1970000147;TIT_PRIV;35157250.980000000000000;
202408;686;2022000765;TIT_PUB;100956090.880000000000000;
202408;727;1971000256;TIT_PRIV;24711728.390000000000000;
202408;655;1999003111;COTAS;1319851.443454000000000;29045373000160
202408;686;2022001656;CAIXA;8249.820000000000000;
202408;686;9970000000;COTAS;243594.269988000000000;
202408;655;2000005918;COTAS;97530.401259000000000;49397796000157
202408;686;2022001729;CAIXA;758.180000000000000;
202408;691;1981000429;COTAS;10295221.912000000000000;
202408;731;2006005611;COTAS;362243438.907951000000000;30994076000140
202408;655;2002000883;VL_PG_RC;0.000000000000000;
202408;686;2022001729;VL_PG_RC;229507.210000000000000;
202408;655;2002001911;COTAS;3153769.623763000000000;32862087000100
202408;655;2002001911;CAIXA;0.000000000000000;
202408;655;2021000011;COTAS;455266984.323551000000000;32862118000115
202408;691;1981000429;COTAS;21198738.859887000000000;13089217000161
202408;881;1999004256;COTAS;2322005.408172000000000;
202408;686;2022001818;ACOES;5037463.800000000000000;
202408;655;2002001911;COTAS;1278332.563913000000000;36617506000191
202408;731;9970000000;COTAS;23858421.420598000000000;
202408;691;1981000429;VL_PG_RC;-613727972.620000000000000;
202408;691;2002004765;ACOES;133345132.510000000000000;
202408;655;2021000011;VL_PG_RC;35045305.410000000000000;
202408;744;9970000000;COTAS;3129227.055787000000000;05464910000149
202408;691;2002004765;COTAS;13208793.364344000000000;
202408;655;2021003183;COTAS;-22801.471097000000000;
202408;744;9970000000;VL_PG_RC;-4024.990000000000000;
202408;655;1970000147;OPCOES;-4091080.960000000000000;
202408;655;2021003183;COTAS;1245387.100000000000000;
202408;758;2002002411;COTAS;155085303.883008000000000;
202408;655;2003002138;COTAS;124750.928253000000000;
202408;758;2002002411;COTAS;121715264.589700000000000;30453307000109
202408;655;2002001911;COTAS;2168924.720861000000000;32862118000115
202408;691;2002004765;COTAS;426960956.921454000000000;35179107000123
202408;758;2002002411;VL_PG_RC;-31890.830000000000000;
202408;713;1983000183;CAIXA;94857.280000000000000;
202408;686;2022001818;CAIXA;1197.400000000000000;
202408;881;1999004256;COTAS;3009649.511603000000000;
202408;655;2003002383;COTAS;19143.826317000000000;
202408;655;2021003183;COTAS;51564.857575000000000;
202408;655;2003002456;COTAS;-203292.328193000000000;
202408;881;1999004256;TIT_PRIV;3056110.130000000000000;
202408;758;4007580065;COTAS;9654534.583966000000000;
202408;655;2003002456;IMOVEIS;3539555.910000000000000;
202408;655;2002001911;OPERACAO_PARTICIPANTE;275716.890000000000000;
202408;713;2006001892;COTAS;4010420.940356000000000;
202408;758;9970000000;CAIXA;62455.330000000000000;
202408;655;2003002529;VL_PG_RC;-23.470000000000000;
202408;686;9970000000;COTAS;26615658.669910000000000;
202408;655;1970000147;TIT_PUB;8101346277.090000000000000;
202408;713;2006001892;OPERACAO_PARTICIPANTE;3183861.071013653600000;
202408;655;2021003183;COTAS;830854.750000000000000;
202408;655;2003002618;COTAS;110211.446276000000000;
202408;655;1999003111;COTAS;6986100.141489000000000;32862087000100
202408;691;1981000429;ACOES;5308272.000000000000000;
202408;713;2011000556;COTAS;518121524.372160000000000;41543719000156
202408;881;2000003729;COTAS;8269633.287040000000000;
202408;655;2003002618;COTAS;6787099.879305000000000;34081202000127
202408;655;1999003111;COTAS;6623845.106808000000000;34791568000190
202408;881;2000003729;TIT_PUB;77980030.540000000000000;
202408;713;2011000556;OPERACAO_PARTICIPANTE;47441277.681684389400000;
202408;655;2021003183;COTAS;13151.445466000000000;13294396000179
202408;655;2004002638;COTAS;4433013.222385000000000;34081202000127
202408;655;2002000883;COTAS;36834.937460000000000;
202408;727;1971000256;COTAS;67133264.937829000000000;
202408;655;2002003874;VL_PG_RC;-0.020000000000000;
202408;655;2002001911;COTAS;3857807.855260000000000;
202408;727;1971000256;TIT_PUB;21347798.240000000000000;
202408;655;2003002219;COTAS;6318970.054155000000000;
202408;655;2002001911;COTAS;45174.043661000000000;41902409000180
202408;655;2004002638;COTAS;945874.270600000000000;36617506000191
202408;881;2000003974;COTAS;-116339.067610000000000;
202408;691;1981000429;COTAS;1059163826.278894000000000;11375619000105
202408;655;2002001911;VL_PG_RC;-16442.840000000000000;
202408;655;2004002638;OPERACAO_PARTICIPANTE;6651171.670210366500000;
202408;881;2000003974;COTAS;11054896.713866000000000;
202408;727;9970000000;TIT_PUB;208527.770000000000000;
202408;655;2003002383;CAIXA;0.000000000000000;
202408;881;2000003974;TIT_PRIV;103069.500000000000000;
202408;691;2002004765;VL_PG_RC;-40732097.980000000000000;
202408;655;2003002383;COTAS;16728.768219000000000;11097650000113
202408;655;2004002638;TIT_PUB;161419629.290000000000000;
202408;655;2021003183;COTAS;12404.756766000000000;13442691000125
202408;789;9970000000;CAIXA;751414.940000000000000;
202408;731;1982002956;VL_PG_RC;-55548.610000000000000;
202408;655;2007001519;COTAS;374848.037681000000000;13294396000179
202408;881;2002001065;COTAS;413392.364922000000000;
202408;792;1988000718;COTAS;862638.628122000000000;
202408;713;1983000183;COTAS;58496557.227649000000000;09548734000184
202408;655;2003002383;COTAS;151228.390000000000000;
202408;792;1988000718;COTAS;11198519.697434000000000;29983445000110
202408;731;2006005611;COTAS;665159788.848928000000000;30993999000188
202408;655;2003002383;COTAS;525153.596497000000000;05117292000160
202408;792;1998000818;COTAS;109558.754651000000000;18959722000133
202408;792;1998000818;TIT_PUB;11862330.710000000000000;
202408;731;2006005611;VL_PG_RC;-919548.970000000000000;
202408;655;2007001519;COTAS;2811669586.017245000000000;33255042000122
202408;881;2002001065;COTAS;54697.590323000000000;
202408;792;1998000974;COTAS;70230.223428000000000;
202408;731;9970000000;VL_PG_RC;-700.000000000000000;
202408;655;2007001519;COTAS;1732440105.999565000000000;39997959000189
202408;655;2003002456;OPERACAO_PARTICIPANTE;22987416.890988189500000;
202408;881;2002001065;TIT_PRIV;544073.440000000000000;
202408;744;1986000729;COTAS;75583903.078396000000000;
202408;713;2006001892;COTAS;3393176.166529000000000;
202408;655;2007001519;COTAS;52379208.991362000000000;41128068000138
202408;881;2008001619;COTAS;149099.354906000000000;
202408;758;2002002411;CAIXA;365148.920000000000000;
202408;727;1971000256;CAIXA;118836.850000000000000;
202408;881;2008001619;COTAS;342908.808829000000000;
202408;758;2002002411;COTAS;36533878.895815000000000;
202408;655;2021003183;COTAS;68484909.929375000000000;34791568000190
202408;731;1982002956;COTAS;1095653194.343057000000000;01634642000105
202408;881;2008001619;OPERACAO_PARTICIPANTE;0.000000000000000;
202408;655;2007001519;COTAS;280266819.928461000000000;41756323000197
202408;655;2021003183;OPCOES;-856425.970000000000000;
202408;731;2006005611;CAIXA;3205603.360000000000000;
202408;655;2007001519;TIT_PRIV;157655433.560000000000000;
202408;655;9970000000;COTAS;6778.578651000000000;
202408;758;2002002411;COTAS;121993783.213769000000000;30453303000120
202408;881;9970000000;COTAS;5607553.154050000000000;
202408;655;9970000000;COTAS;12098170.539434000000000;34081202000127
202408;731;2018001647;VL_PG_RC;-12689.290000000000000;
202408;655;2003002618;TIT_PRIV;793571.090000000000000;
202408;655;2008002756;COTAS;7378804.325312000000000;
202408;895;2000002511;COTAS;4937466.146817000000000;
202408;655;2004002638;CAIXA;279.090000000000000;
202408;655;2008002756;COTAS;7713172.099800000000000;32862087000100
202408;655;2004002638;COTAS;28383622.871123000000000;33255042000122
202408;655;9970000000;COTAS;19027325.730649000000000;36615983000118
202408;731;9970000000;CAIXA;207482.830000000000000;
202408;792;1998000974;COTAS;38114.929946000000000;
202408;655;2008002756;COTAS;5382588.236669000000000;32862118000115
202408;895;2012001718;COTAS;251292.665696000000000;
202408;655;2003002383;VL_PG_RC;-955778.400000000000000;
202408;744;1986000729;COTAS;73577041.364423000000000;
202408;895;2012001718;VL_PG_RC;-18340.460000000000000;
202408;655;2003002456;COTAS;16340.495501000000000;
202408;686;1978000529;COTAS;22450.398843000000000;
202408;758;4007580065;CAIXA;202237.010000000000000;
202408;655;2003002618;COTAS;-173830.033483000000000;
202408;744;1986000729;OPERACAO_PARTICIPANTE;61264969.782346797200000;
202408;655;2005000711;CAIXA;0.000000000000000;
202408;758;9970000000;TIT_PUB;3361885.450000000000000;
202408;895;2014002118;COTAS;6124986.606455000000000;
202408;758;1981001719;COTAS;801435625.751735000000000;
202408;775;2007002965;COTAS;1536531.208337000000000;
202408;895;2014002118;COTAS;5826274.182080000000000;
202408;655;2008002756;COTAS;3145166.694534000000000;36617506000191
202408;686;1978000529;TIT_PUB;5790845.130000000000000;
202408;686;2022000765;ACOES;41966324.140000000000000;
202408;792;1998000974;COTAS;76857.920683000000000;
202408;655;2003002618;COTAS;733407.330000000000000;
202408;895;2017000183;COTAS;79929.389671000000000;
202408;686;2022000765;COTAS;47404622.169997000000000;
202408;655;2010001583;COTAS;416910.459494000000000;29045373000160
202408;655;2003002618;COTAS;933365.031333000000000;41756323000197
202408;655;2010001583;COTAS;779715.530171000000000;36615983000118
202408;792;1998000974;COTAS;25796.142253000000000;
202408;655;2003002618;OPCOES;-220694.390000000000000;
202408;686;2022001656;ACOES;14392722.720000000000000;
202408;789;9970000000;VL_PG_RC;332420.910000000000000;
202408;655;2007001519;COTAS;1496024.330000000000000;
202408;792;1998000974;COTAS;625818.651029000000000;10740536000105
202408;792;1998000974;IMOVEIS;506489.580000000000000;
202408;655;2010001583;COTAS;53049.264425000000000;41902409000180
202408;655;2003002618;VL_PG_RC;-2330809.610000000000000;
202408;686;2022001729;COTAS;2917979.920061000000000;
202408;792;1988000718;COTAS;171046.956432000000000;
202408;655;2004002638;COTAS;8732081.287246000000000;39997959000189
202408;686;9970000000;COTAS;25274198.339993000000000;
202408;792;1988000718;COTAS;905915.491313000000000;
202408;792;1998000974;TIT_PUB;47850298.780000000000000;
202408;655;2018000292;COTAS;56633.379837000000000;
202408;775;2007002965;COTAS;242171.983410000000000;
202408;655;2007001519;COTAS;55605057.877582000000000;
202408;895;2017000183;TIT_PUB;25297939.340000000000000;
202408;775;9970000000;CAIXA;0.000000000000000;
202408;655;2007001519;COTAS;120592416.000000000000000;
202408;895;9970000000;COTAS;6221798.650466000000000;
202408;792;1988000718;COTAS;20003385.439211000000000;
202408;792;1999002865;COTAS;2219584.787240000000000;
202408;655;2004002638;COTAS;4731773.787000000000000;52026196000197
202408;686;9970000000;VL_PG_RC;0.000000000000000;
202408;792;1988000718;COTAS;207218.447010000000000;
202408;655;2004002638;TIT_PRIV;187951.900000000000000;
202408;691;1981000429;COTAS;7201031.378143000000000;
202408;792;1988000718;COTAS;337062.034896000000000;
202408;792;1998000818;OPERACAO_PARTICIPANTE;139911.750058513200000;
202408;792;1999002865;COTAS;25327175.718977000000000;29983445000110
202408;655;2007001519;COTAS;6867640.189869000000000;23884789000196
202408;655;2018000292;COTAS;5096765.280347000000000;23884789000196
202408;792;1999002938;COTAS;23404561.725247000000000;
202408;655;2007001519;COTAS;2378784265.866543000000000;
202408;792;1988000718;COTAS;331746.752000000000000;
202408;919;1980000719;COTAS;525335229.112415000000000;14172627000134
202408;792;1998000974;COTAS;30125.966032000000000;
202408;655;2005000411;VL_PG_RC;0.000000000000000;
202408;792;1988000718;COTAS;4030125.312836000000000;21889006000131
202408;922;1981001018;COTAS;11366.820109000000000;
202408;792;1998000974;COTAS;26266.839132000000000;
202408;655;2007001519;COTAS;1767991.912147000000000;11965107000190
202408;922;1981001018;COTAS;22672293.654223000000000;
202408;655;2018000292;COTAS;5490504827.509413000000000;
202408;655;2007001519;COTAS;189376.618862000000000;
202408;936;1990001483;COTAS;507392.565800000000000;
202408;792;1998000818;COTAS;65511.797163000000000;29983445000110
202408;691;2002004765;COTAS;7208548.176672000000000;
202408;655;2007001519;COTAS;79291596.530000000000000;
202408;655;2007001519;COTAS;1495099428.316295000000000;19587206000198
202408;691;2002004765;COTAS;14110627.982310000000000;
202408;792;1999002938;COTAS;18537250.197385000000000;
202408;936;1990001483;COTAS;1379457.500440000000000;
202408;792;1999002938;COTAS;20936853.573238000000000;
202408;691;2002004765;OPERACAO_PARTICIPANTE;818460092.555393841700000;
202408;936;1990001483;COTAS;13245478.139990000000000;
202408;655;2007001519;COTAS;4894713.160397000000000;21397791000105
202408;792;1999002938;TIT_PUB;188224799.870000000000000;
202408;792;1998000974;COTAS;76799.724172000000000;
202408;691;9970000000;VL_PG_RC;-849.110000000000000;
202408;655;2007001519;COTAS;2232647.318009000000000;20815620000196
202408;792;1998000974;COTAS;47301.682592000000000;
202408;655;2007001519;COTAS;2947352204.869968000000000;32862087000100
202408;792;1999003047;CAIXA;2384.990000000000000;
202408;936;1990001483;OPERACAO_PARTICIPANTE;13715270.330012702600000;
202408;655;2007001519;COTAS;642064804.903007000000000;34081202000127
202408;713;1998006174;OPERACAO_PARTICIPANTE;82111.070000000000000;
202408;792;1999003047;COTAS;1283457.510319000000000;
202408;936;1998003256;COTAS;158930.588829000000000;
202408;792;1998000974;COTAS;66912.106489000000000;
202408;655;2018000292;COTAS;213781667.275317000000000;32862118000115
202408;792;1998000818;COTAS;63802.246007000000000;44432479000100
202408;655;2007001519;COTAS;2769193408.606588000000000;32862118000115
202408;713;2006001892;COTAS;11552380.233787000000000;
202408;655;2018000292;COTAS;164430923.849635000000000;36617506000191
202408;792;1998000974;COTAS;62967.412363000000000;
202408;655;2007001519;TIT_PUB;12899517878.530000000000000;
202408;655;2007001519;COTAS;58363801.469731000000000;36617506000191
202408;713;2011000556;COTAS;77832189.252287000000000;13058863000161
202408;655;2018000292;OPERACAO_PARTICIPANTE;1158861523.813014148300000;
202408;792;1999003047;COTAS;562135.261451000000000;
202408;655;2007001519;VL_PG_RC;-18546781.310000000000000;
202408;792;1999002865;COTAS;2533293.501735000000000;
202408;936;1998003256;COTAS;1019780.869584000000000;
202408;792;1998000974;COTAS;3749249.271823000000000;18959722000133
202408;655;2008002756;COTAS;113375.017769000000000;41128068000138
202408;936;1998003256;COTAS;370851.444092000000000;
202408;713;9970000000;CAIXA;99223.390000000000000;
202408;792;1999003047;COTAS;489228.335704000000000;
202408;936;2010002156;COTAS;883155.477267000000000;
202408;655;2010000447;COTAS;20118070.431777000000000;32862087000100
202408;792;1999002865;COTAS;2029301.590214000000000;
202408;655;2008002756;CAIXA;339573.510000000000000;
202408;792;1998000974;VL_PG_RC;-54792.660000000000000;
202408;655;2010000447;COTAS;4793153.927907000000000;34081202000127
202408;936;2010002156;COTAS;19230171.069200000000000;
202408;655;2008002756;COTAS;185855.576471000000000;41902409000180
202408;792;1999003047;COTAS;332265.477399000000000;
202408;792;1999002865;COTAS;1444077.166724000000000;
202408;655;2021000011;COTAS;739162.930000000000000;
202408;792;1999003047;COTAS;1198311.087348000000000;
202408;655;2010001583;CAIXA;0.000000000000000;
202408;655;2021000011;COTAS;-8494.804976000000000;
202408;792;1999003047;COTAS;569646.697137000000000;
202408;655;2010001583;COTAS;1901962.281564000000000;33255042000122
202408;792;1999002865;COTAS;2226165.357682000000000;
202408;792;1999003047;OPERACAO_PARTICIPANTE;4117860.394616182400000;
202408;655;2010001583;COTAS;897733.532606000000000;36617506000191
202408;792;1999002865;COTAS;57130825.086464000000000;18959722000133
202408;655;2021000011;COTAS;12042.451094000000000;
202408;655;2008002756;OPERACAO_PARTICIPANTE;1283587.330005087500000;
202408;936;2010002156;COTAS;12035894.068528000000000;
202408;713;9970000000;COTAS;3286196.422730000000000;
202408;802;1977000118;COTAS;1212101.768688000000000;
202408;936;2010002156;COTAS;131899130.192593000000000;
202408;792;1999002865;VL_PG_RC;-150658.280000000000000;
202408;792;1999002865;COTAS;1405206.081530000000000;
202408;655;2021000011;COTAS;440582.003009000000000;11965107000190
202408;655;2010000447;COTAS;35879710.668161000000000;
202408;655;2010004019;COTAS;4536297.458451000000000;32862118000115
202408;655;2021000011;COTAS;430880763.388062000000000;19587206000198
202408;936;2010002156;COTAS;21798303.861828000000000;
202408;792;1999002938;COTAS;20159927.601396000000000;
202408;792;1999002938;COTAS;46267275.346054000000000;
202408;936;2010002156;TIT_PUB;428023304.110000000000000;
202408;655;2010004019;COTAS;1570197.077210000000000;34081202000127
202408;655;2021000011;COTAS;1039985.449232000000000;20815620000196
202408;936;2022002792;COTAS;535187.927461000000000;
202408;655;2010004019;COTAS;290853.609568000000000;49397796000157
202408;655;2021000011;COTAS;131664331.400093000000000;29045373000160
202408;727;9970000000;COTAS;18359724.905773000000000;
202408;802;1977000118;OPERACAO_PARTICIPANTE;7602978.170000000000000;
202408;655;2010004019;VL_PG_RC;0.000000000000000;
202408;655;2018000292;CAIXA;1493458.860000000000000;
202408;792;1999002938;COTAS;18227515.959230000000000;
202408;936;9970000000;VL_PG_RC;-5765.930000000000000;
202408;802;2003001956;ACOES;12681727.220000000000000;
202408;655;2018000292;COTAS;-2607201.033189000000000;
202408;941;1980001618;COTAS;-950898.420126000000000;
202408;941;1980001618;COTAS;13762495.514604000000000;
202408;655;2010000447;COTAS;13955404.839177000000000;32862118000115
202408;655;2021000011;COTAS;86372712.590772000000000;36615983000118
202408;792;1999002938;COTAS;45826155.200538000000000;
202408;655;2010000447;COTAS;8183312.276362000000000;36617506000191
202408;792;1999003047;COTAS;1835866.402816000000000;
202408;731;2006005611;COTAS;829667479.362644000000000;30994014000139
202408;655;2018000292;COTAS;13058736.950000000000000;
202408;655;2010001583;COTAS;2092184.514226000000000;34791568000190
202408;792;1999003047;COTAS;953223.432773000000000;
202408;655;2018000292;COTAS;7810517.827356000000000;
202408;792;1999002938;COTAS;16651382.380461000000000;
202408;941;1980001618;COTAS;31365450.737542000000000;
202408;655;2021000011;COTAS;14495731.200000000000000;50006439000108
202408;731;2018001647;COTAS;17155261.369754000000000;30994041000101
202408;792;1999002938;COTAS;20444533.836561000000000;
202408;941;1980001618;COTAS;22077359.404241000000000;
202408;802;9970000000;COTAS;1336602.406214000000000;
202408;941;1998007774;COTAS;28812310.729646000000000;
202408;655;2010004019;COTAS;3366942.187459000000000;
202408;655;2021000011;IMOVEIS;127828235.810000000000000;
202408;941;1998007774;COTAS;135343315.937136000000000;
202408;792;1999002938;COTAS;519798538.134556000000000;10740536000105
202408;792;1999003047;COTAS;213561.971600000000000;
202408;655;2021003183;COTAS;14453.763377000000000;
202408;941;1998007774;COTAS;59994752.635156000000000;
202408;821;1988000238;COTAS;151982.279622000000000;
202408;792;1999003047;COTAS;6279439.969256000000000;21889006000131
202408;655;2010004019;COTAS;2746212.460694000000000;39997959000189
202408;792;1999003047;IMOVEIS;573869.050000000000000;
202408;744;1986000729;COTAS;68112141.538291000000000;
202408;655;2018000292;COTAS;10784892.717292000000000;21397715000108
202408;655;2021003183;COTAS;1482436.790000000000000;
202408;941;1998007774;COTAS;115351906.925136000000000;
202408;821;1988000238;COTAS;12534869.980721000000000;
202408;792;1999002938;COTAS;479821485.782862000000000;18959722000133
202408;655;2018000292;COTAS;45404131.937395000000000;05117292000160
202408;821;1988000238;COTAS;132242526.932085000000000;
202408;792;1999002938;OPERACAO_PARTICIPANTE;70497478.495599396400000;
202408;802;1977000118;CAIXA;21011614.530000000000000;
202408;941;9970000000;COTAS;798147.300596000000000;
202408;792;1999003047;COTAS;464283.146493000000000;
202408;802;1977000118;COTAS;20981892.352955000000000;
202408;953;1976000165;VL_PG_RC;-81281.210000000000000;
202408;744;1986000729;COTAS;211191397.387085000000000;05464910000149
202408;792;1999003047;COTAS;3523138.857487000000000;
202408;792;1999003047;COTAS;915433.667481000000000;
202408;655;2021003183;COTAS;132003.309311000000000;
202408;953;1976000238;COTAS;3237920.016530000000000;
202408;758;4007580065;COTAS;14293102.706306000000000;
202408;821;1988000238;COTAS;1419419.711907000000000;
202408;655;2021003183;COTAS;396808.088645000000000;05117292000160
202408;655;2018000292;COTAS;42707576.359751000000000;21397791000105
202408;655;2018000292;COTAS;1144426665.707030000000000;39997959000189
202408;821;1988000238;VL_PG_RC;-48315.480000000000000;
202408;655;2021000011;CAIXA;46335.020000000000000;
202408;802;1977000118;VL_PG_RC;1574420.320000000000000;
202408;864;1971000183;COTAS;8989274.499777000000000;
202408;655;2021000011;COTAS;4734318.467778000000000;18330535000196
202408;792;9970000000;COTAS;42247795.900397000000000;
202408;655;2021003183;COTAS;13039.753958000000000;11097650000113
202408;967;1991001029;ACOES;1965639.560000000000000;
202408;655;2021000011;COTAS;610460.853376000000000;21397715000108
202408;792;9970000000;COTAS;4213.546105000000000;21889006000131
202408;655;2021003183;COTAS;30864.444019000000000;22734984000177
202408;802;2003001956;TIT_PUB;153199159.280000000000000;
202408;758;4007580065;COTAS;510662.887173000000000;
202408;802;2003001956;COTAS;1189978.399387000000000;
202408;655;2018000292;COTAS;1509779.322804000000000;11097650000113
202408;967;1991001029;COTAS;5109520542.731746000000000;21082121000108
202408;821;1988000238;COTAS;3178546.190315000000000;
202408;655;2021003183;COTAS;41674094.989460000000000;39997959000189
202408;758;4007580065;COTAS;1543573.253453000000000;30453307000109
202408;821;9970000000;COTAS;105817.782165000000000;
202408;655;2021003183;COTAS;2042880.044730000000000;46502938000100
202408;967;2000004318;COTAS;74494360.072748000000000;10462501000143
202408;758;4007580065;TIT_PUB;10316311.500000000000000;
202408;655;2018000292;COTAS;884902.996030000000000;13442691000125
202408;864;2002000311;COTAS;31252.830125000000000;
202408;802;9970000000;CAIXA;34610.070000000000000;
202408;655;2021000011;COTAS;6297356.503734000000000;05117292000160
202408;864;1971000183;TIT_PRIV;80022801.860000000000000;
202408;802;9970000000;VL_PG_RC;-0.020000000000000;
202408;967;2002003947;COTAS;282951079.065315000000000;05091139000101
202408;655;2018000292;COTAS;3902581.669022000000000;21397837000196
202408;655;2021000011;COTAS;143417.571508000000000;21397837000196
202408;864;2002000311;VL_PG_RC;-11915.930000000000000;
202408;864;2002000311;COTAS;781676.043459000000000;
202408;655;2021000011;COTAS;370800232.726279000000000;33255042000122
202408;792;1988000718;COTAS;180542.234603000000000;
202408;967;2013001592;OPERACAO_PARTICIPANTE;8909024.073967189200000;
202408;655;2018000292;COTAS;90752994.684000000000000;52026196000197
202408;655;9970000000;COTAS;166524.179814000000000;23884799000121
202408;864;2022000692;VL_PG_RC;-245.740000000000000;
202408;967;9970000000;COTAS;2232191.351678000000000;
202408;655;9970000000;COTAS;13547.197540000000000;13294396000179
202408;864;2022000692;COTAS;4162118.258781000000000;
202408;864;2023000483;COTAS;94224.065770000000000;
202408;821;1988000238;CAIXA;72867.480000000000000;
202408;792;1998000974;COTAS;24451.324757000000000;
202408;878;1999003918;COTAS;1359142.382499000000000;
202408;864;9970000000;VL_PG_RC;-1802.500000000000000;
202408;792;1999002865;COTAS;2113680.557234000000000;
202408;655;9970000000;COTAS;78508139.954227000000000;32862118000115
202408;821;1988000238;COTAS;5148219.603324000000000;
202408;971;2000006711;COTAS;4166429.885473000000000;
202408;881;1979000247;COTAS;3407375.533098000000000;
202408;878;1999003918;CAIXA;10826.030000000000000;
202408;655;2018000292;TIT_PUB;32907917026.910000000000000;
202408;878;1999003918;COTAS;20490006.146728000000000;
202408;792;1999002938;COTAS;15462739.675070000000000;
202408;655;2019003783;VL_PG_RC;-198223.490000000000000;
202408;971;2000006711;COTAS;11356974.570101000000000;
202408;655;2021003183;COTAS;0.000001000000000;
202408;821;1988000238;COTAS;721685.977409000000000;
202408;792;1999002938;COTAS;30479464.095139000000000;
202408;655;2021000011;COTAS;-147560.942602000000000;
202408;655;2021003183;COTAS;1860.437677000000000;
202408;881;1979000247;COTAS;2395555.798147000000000;
202408;878;1999003918;COTAS;1173089.856384000000000;
202408;655;9970000000;COTAS;31019515.751373000000000;39997959000189
202408;971;2000006711;COTAS;9852974.194914000000000;
202408;792;1999002938;IMOVEIS;36320913.790000000000000;
202408;878;1999003918;COTAS;468860.484529000000000;
202408;821;9970000000;COTAS;41426.163307000000000;
202408;971;2000006711;COTAS;2295686.956629000000000;
202408;655;2021003183;COTAS;123802.441569000000000;20820603000147
202408;971;2000006711;TIT_PUB;55388885.810000000000000;
202408;881;1994000929;COTAS;-201313.244612000000000;
202408;655;2021000011;COTAS;16180792.000000000000000;
202408;686;2022001192;ACOES;5908492.740000000000000;
202408;881;1994000929;TIT_PRIV;3309552.530000000000000;
202408;881;1979000247;CAIXA;8578.870000000000000;
202408;881;1979000247;COTAS;50829.407883000000000;
202408;821;9970000000;COTAS;591384.657040000000000;
202408;655;2021003183;COTAS;38884416.080446000000000;29045373000160
202408;881;1994000929;COTAS;244281.891222000000000;
202408;984;1981000992;COTAS;919366.867554000000000;
202408;655;2021000011;COTAS;23810.980977000000000;10430028000112
202408;881;1999004256;OPERACAO_PARTICIPANTE;0.000000000000000;
202408;984;1981000992;COTAS;870764.779997000000000;
202408;792;1999003047;COTAS;496775.551229000000000;
202408;655;2021003183;COTAS;50040904.883501000000000;32862087000100
202408;881;1994000929;VL_PG_RC;382390.120000000000000;
202408;686;2022001192;COTAS;4713282.649996000000000;
202408;792;1999003047;COTAS;556569.386712000000000;
202408;821;9970000000;COTAS;4221.121442000000000;
202408;686;2022001192;VL_PG_RC;409357.960000000000000;
202408;881;1999004256;COTAS;205151.196168000000000;
202408;984;1990001629;COTAS;472973.318968000000000;
202408;655;2021000011;COTAS;898984023.349792000000000;34791568000190
202408;881;1999004256;IMOVEIS;201989449.950000000000000;
202408;655;2021003183;COTAS;50324459.229308000000000;36615983000118
202408;792;1999003047;COTAS;483497.001300000000000;
202408;655;2021000011;COTAS;85634220.920972000000000;49397796000157
202408;686;9970000000;TIT_PUB;25865529.290000000000000;
202408;655;2021003183;COTAS;3623932.800000000000000;50006439000108
202408;984;1990001629;COTAS;3666135.097373000000000;
202408;655;2021003183;COTAS;1005.547198000000000;
202408;881;1999004256;TIT_PUB;2541885805.420000000000000;
202408;655;2021003183;COTAS;3633415.500000000000000;50069605000107
202408;792;1999003047;COTAS;507873.857442000000000;
202408;864;1971000183;ACOES;200.000000000000000;
202408;984;1994002883;COTAS;1351244.947377000000000;
202408;655;2021003183;COTAS;373464.553787000000000;21397791000105
202408;881;2000003656;COTAS;3710591.419463000000000;
202408;984;1994002883;COTAS;8326162.988933000000000;
202408;655;2021003183;COTAS;63119711.469053000000000;
202408;881;2000003656;COTAS;-13197.011589000000000;
202408;792;1999003047;COTAS;14945766.816627000000000;10740536000105
202408;655;2021003183;OPERACAO_PARTICIPANTE;31289949.943360245700000;
202408;792;1999003047;COTAS;6212520.468515000000000;18959722000133
202408;792;9970000000;COTAS;43024204.603801000000000;
202408;691;1981000429;COTAS;15780035.842857000000000;
202408;864;1971000183;COTAS;26738714.661848000000000;
202408;984;2000007783;COTAS;2764301.470134000000000;
202408;792;9970000000;COTAS;163492.741724000000000;18959722000133
202408;655;2021003183;COTAS;18429495.954539000000000;34081202000127
202408;881;2000003656;COTAS;55352.620486000000000;
202408;655;2021003183;COTAS;1871374.949501000000000;41128068000138
202408;691;1981000429;COTAS;6998970.842302000000000;08432295000187
202408;881;2000003974;ACOES;983.640000000000000;
202408;864;1971000183;COTAS;15319747658.204793000000000;03958061000154
202408;655;2021003183;COTAS;4442244.601392000000000;41756323000197
202408;984;2000007783;COTAS;2094616.729423000000000;
202408;655;2021003183;VL_PG_RC;3936743.540000000000000;
202408;655;9970000000;CAIXA;280913.890000000000000;
202408;881;2000003729;COTAS;581602.528738000000000;
202408;984;2005001538;COTAS;28518877.573471000000000;
202408;864;2002000311;COTAS;439672.474234000000000;
202408;792;9970000000;VL_PG_RC;-4353.450000000000000;
202408;881;2000003974;COTAS;911.967020000000000;
202408;655;2021003183;TIT_PUB;305300644.900000000000000;
202408;655;9970000000;COTAS;0.000005000000000;
202408;881;2002001065;COTAS;36523.584415000000000;
202408;864;2002000311;COTAS;2308585837.367559000000000;07192293000103
202408;881;2002001065;IMOVEIS;4755415.740000000000000;
202408;881;2002001065;TIT_PUB;67877289.090000000000000;
202408;984;2005001538;COTAS;1419334.346446000000000;
202408;655;9970000000;COTAS;-124285.480311000000000;
202408;655;9970000000;COTAS;12965.749355000000000;13442691000125
202408;864;2002000311;OPERACAO_PARTICIPANTE;13114513.305103000000000;
202408;984;2017001211;COTAS;2003054.475200000000000;
202408;655;9970000000;COTAS;1359266.818646000000000;21397791000105
202408;655;9970000000;COTAS;178213.952736000000000;21397837000196
202408;881;2000003729;COTAS;404307.143700000000000;
202408;984;2017001211;COTAS;5279962.458698000000000;
202408;655;9970000000;COTAS;339449207.378878000000000;32862087000100
202408;881;2000003974;COTAS;4065338.774798000000000;
202408;984;2017001211;COTAS;2048051.690586000000000;
202408;802;1977000118;COTAS;48251732.585632000000000;
202408;864;2022000692;ACOES;1125495.960000000000000;
202408;881;9970000000;CAIXA;130698.750000000000000;
202408;655;9970000000;COTAS;390290531.306004000000000;34791568000190
202408;881;9970000000;COTAS;35215049.310835000000000;
202408;686;1978000529;COTAS;42016512.380001000000000;
202408;686;2022000765;CAIXA;6711.940000000000000;
202408;864;2022000692;CAIXA;30190.410000000000000;
202408;984;2017001211;VL_PG_RC;794266.720000000000000;
202408;686;2022001656;COTAS;6713219.390065000000000;
202408;984;9970000000;COTAS;259307.655759000000000;
202408;895;1985000792;COTAS;4956794.730000000000000;
202408;686;2022000765;VL_PG_RC;2643948.650000000000000;
202408;895;1985000792;IMOVEIS;44309999.980000000000000;
202408;686;2022001729;TIT_PUB;22878328.920000000000000;
202408;686;2022001192;COTAS;23731.448706000000000;
202408;984;9970000000;COTAS;114113.848002000000000;
202408;691;1981000429;COTAS;-664502.940180000000000;
202408;864;2023000483;COTAS;18006.815608000000000;
202408;686;2022001656;IMOVEIS;23511000.000000000000000;
202408;984;9970000000;COTAS;36594.892562000000000;
202408;895;2000002511;TIT_PUB;757924512.840000000000000;
202408;686;2022001729;IMOVEIS;5240900.000000000000000;
202408;802;2003001956;CAIXA;36142.950000000000000;
202408;686;2022001818;COTAS;5607781.380115000000000;
202408;984;9970000000;VL_PG_RC;-86646.250000000000000;
202408;686;2022001818;IMOVEIS;7186200.000000000000000;
202408;691;1981000429;COTAS;86191817.083388000000000;
202408;878;1999003918;COTAS;18062553.875125000000000;
202408;802;2003001956;COTAS;87425658.137397000000000;34546439000136
202408;691;2002004765;COTAS;13699303.800000000000000;
202408;691;1981000429;TIT_PRIV;11973389.530000000000000;
202408;802;9970000000;COTAS;2018031.477597000000000;
202408;895;2012001718;COTAS;619833.664516000000000;
202408;881;2000003974;COTAS;32067082.431759000000000;
202408;802;9970000000;TIT_PUB;21643605.800000000000000;
202408;895;2014002118;TIT_PUB;103640804.710000000000000;
202408;881;2000003974;VL_PG_RC;473824.090000000000000;
202408;895;2017000183;COTAS;5162432.688672000000000;
202408;878;1999003918;COTAS;376596.970340000000000;
202408;881;2002001065;COTAS;976719.785796000000000;
202408;821;1988000238;COTAS;11356656.677806000000000;
202408;998;1988001129;OPERACAO_PARTICIPANTE;11510666.678848933300000;
202408;881;1979000247;COTAS;39674.116945000000000;
202408;691;2002004765;TIT_PRIV;71562064.590000000000000;
202408;864;1971000183;COTAS;772391.422421000000000;
202408;881;1979000247;COTAS;20230222.826849000000000;
202408;881;1994000929;ACOES;2417373.540000000000000;
202408;881;2002001065;OPERACAO_PARTICIPANTE;0.000000000000000;
202408;686;2022001818;TIT_PUB;23843553.070000000000000;
202408;691;9970000000;COTAS;15228541.684671000000000;
202408;864;1971000183;COTAS;8793904.225460000000000;
202408;998;9970000000;VL_PG_RC;-354.100000000000000;
202408;895;2017000183;COTAS;337329.946988000000000;
202408;713;1983000183;OPERACAO_PARTICIPANTE;675831.813726758400000;
202408;864;2002000311;COTAS;1407300.769162000000000;
202408;686;9970000000;CAIXA;5264.370000000000000;
202408;691;2002004765;COTAS;10713327.856807000000000;
202408;713;2006001892;CAIXA;53727.090000000000000;
202408;691;1981000429;COTAS;3475891.031918000000000;
202408;713;2006001892;COTAS;2208473.462600000000000;
202408;864;2022000692;COTAS;4499429.207893000000000;52316309000199
202408;895;2017000183;TIT_PRIV;642910.570000000000000;
202408;881;1999004256;COTAS;-1445409.055020000000000;
202408;881;2008001619;COTAS;-9813.119625000000000;
202408;713;2021003418;OPERACAO_PARTICIPANTE;2720338.175792978800000;
202408;864;2023000483;CAIXA;1108.090000000000000;
202408;691;2002004765;COTAS;210576140.635096000000000;
202408;881;2000003656;COTAS;327833.973004000000000;
202408;691;1981000429;TIT_PUB;1916952305.210000000000000;
202408;1033;1975000218;COTAS;1514588.215919000000000;
202408;895;2020001829;COTAS;123538.911463000000000;
202408;881;2008001619;TIT_PRIV;196226.530000000000000;
202408;881;2000003656;IMOVEIS;81464137.970000000000000;
202408;881;2000003656;TIT_PUB;723384764.440000000000000;
202408;691;2002004765;COTAS;11479409.000000000000000;
202408;864;2023000483;COTAS;52020.697568000000000;
202408;881;2008001619;TIT_PUB;25100441.570000000000000;
202408;881;2000003729;COTAS;6771.947065000000000;
202408;727;1971000256;IMOVEIS;127408861.770000000000000;
202408;1033;1975000218;COTAS;67.716809000000000;
202408;881;9970000000;COTAS;952893.038566000000000;
202408;727;1971000256;OPERACAO_PARTICIPANTE;10796989.660000000000000;
202408;864;2023000483;VL_PG_RC;-617.930000000000000;
202408;713;2006001892;COTAS;12183153.559145000000000;
202408;881;2000003729;COTAS;2260429.731835000000000;
202408;878;1999003918;COTAS;76253.217004000000000;
202408;691;2002004765;COTAS;133345652.704052000000000;42067084000120
202408;881;2000003729;VL_PG_RC;1296585.840000000000000;
202408;881;9970000000;TIT_PRIV;1987248.740000000000000;
202408;881;1979000247;COTAS;301044.598382000000000;
202408;895;2021003574;CAIXA;158.450000000000000;
202408;881;2000003974;CAIXA;11715.180000000000000;
202408;881;1979000247;TIT_PRIV;4484551.570000000000000;
202408;691;2002004765;TIT_PUB;7438565949.400000000000000;
202408;1033;1975000218;COTAS;284427755.506731000000000;18000701000196
202408;727;9970000000;CAIXA;19704.110000000000000;
202408;919;1980000719;CAIXA;20922.280000000000000;
202408;713;2006001892;TIT_PUB;11965818.840000000000000;
202408;1033;1979003556;CAIXA;54966.310000000000000;
202408;713;1983000183;IMOVEIS;13571591.850000000000000;
202408;881;1994000929;TIT_PUB;313614605.290000000000000;
202408;1033;1979003556;COTAS;12235536.679424000000000;
202408;881;2002001065;COTAS;-27951.093795000000000;
202408;727;9970000000;COTAS;321252.781193000000000;
202408;1033;1996003674;COTAS;314592.365311000000000;
202408;727;1971000256;COTAS;10450858.616588000000000;04150705000146
202408;881;2008001619;COTAS;13173.047690000000000;
202408;731;1982002956;CAIXA;5912514.810000000000000;
202408;922;1981001018;COTAS;1751539.745920000000000;
202408;713;2006001892;COTAS;15529030.318223000000000;
202408;895;1985000792;OPERACAO_PARTICIPANTE;26141875.049997732600000;
202408;881;1999004256;COTAS;27036.501615000000000;
202408;744;1986000729;COTAS;159361950.600025000000000;09613212000119
202408;922;1981001018;IMOVEIS;4327387.940000000000000;
202408;744;1986000729;COTAS;244826436.378175000000000;18272304000173
202408;922;2017001392;VL_PG_RC;-186393.100000000000000;
202408;744;9970000000;CAIXA;69451.710000000000000;
202408;881;9970000000;COTAS;17580.611135000000000;
202408;1033;1996003674;COTAS;77415629.644838000000000;
202408;881;1999004256;COTAS;1132555373.978725000000000;
202408;758;9970000000;VL_PG_RC;-2744.410000000000000;
202408;895;1985000792;TIT_PUB;2550384102.540000000000000;
202408;1033;1996003674;COTAS;204890.070562000000000;
202408;881;2000003656;CAIXA;523379.140000000000000;
202408;881;9970000000;COTAS;1509894.834707000000000;
202408;744;1986000729;CAIXA;568728.030000000000000;
202408;881;2000003729;TIT_PRIV;765485.750000000000000;
202408;789;2006001965;CAIXA;3422311.790000000000000;
202408;758;1981001719;VL_PG_RC;-4930.200000000000000;
202408;1033;2000007538;COTAS;9202.842875000000000;
202408;758;2002002411;TIT_PUB;283349813.240000000000000;
202408;792;1988000718;CAIXA;1680.000000000000000;
202408;1033;2000007538;COTAS;5555474.807489000000000;
202408;895;2000002511;CAIXA;1191.160000000000000;
202408;895;1985000792;COTAS;0.070000000000000;
202408;1051;1991001411;COTAS;47633068.214962000000000;
202408;895;1985000792;TIT_PRIV;146746624.050000000000000;
202408;922;9970000000;COTAS;7066804.591588000000000;
202408;792;1988000718;COTAS;831401.910205000000000;
202408;713;2006001892;COTAS;1194393.857672000000000;
202408;758;4007580065;COTAS;11404767.655547000000000;
202408;895;2000002511;OPERACAO_PARTICIPANTE;14350884.900160702700000;
202408;895;2012001718;TIT_PUB;55352312.260000000000000;
202408;1078;1984000918;COTAS;26856738.155302000000000;
202408;895;2012001718;COTAS;10492452.765786000000000;
202408;758;4007580065;COTAS;1004523.514317000000000;
202408;881;2000003974;OPERACAO_PARTICIPANTE;0.000000000000000;
202408;936;1990001483;COTAS;4025713.482571000000000;
202408;1078;9970000000;CAIXA;763882.310000000000000;
202408;713;2011000556;ACOES;3505.030000000000000;
202408;895;2014002118;COTAS;758519.920010000000000;
202408;895;2014002118;OPERACAO_PARTICIPANTE;1892044.669954436400000;
202408;792;1988000718;COTAS;258299.646529000000000;
202408;936;1990001483;COTAS;5082200.545342000000000;
202408;895;2020001829;CAIXA;441.690000000000000;
202408;792;1988000718;COTAS;750944.695590000000000;
202408;792;1988000718;COTAS;178334.755510000000000;
202408;895;2014002118;VL_PG_RC;-68134.820000000000000;
202408;936;1998003256;COTAS;91068.383817000000000;
202408;713;2011000556;COTAS;370516985.111684000000000;13058869000139
202408;895;2017000183;CAIXA;604.180000000000000;
202408;936;1998003256;COTAS;463721.000000000000000;
202408;1081;1979004374;COTAS;1593719.400000000000000;
202408;792;1988000718;COTAS;7925458.011967000000000;
202408;881;2000003974;TIT_PUB;165751168.560000000000000;
202408;895;2017000183;OPERACAO_PARTICIPANTE;444142.250005125200000;
202408;936;1998003256;COTAS;6798667.586130000000000;
202408;895;2020001829;TIT_PUB;997501.610000000000000;
202408;758;4007580065;COTAS;1547110.780756000000000;30453303000120
202408;895;2021003574;COTAS;16590.148770000000000;
202408;936;1998003256;TIT_PUB;29599883.870000000000000;
202408;881;2002001065;ACOES;721409.120000000000000;
202408;919;1980000719;COTAS;82843992.355839000000000;39240301000128
202408;936;2010002156;COTAS;2837176.488080000000000;
202408;881;2002001065;COTAS;4813.375241000000000;
202408;922;2013000847;COTAS;47522447.411973000000000;
202408;936;2010002156;COTAS;1113487.995884000000000;
202408;1081;1979004374;COTAS;5773818.663939000000000;
202408;922;2013000847;TIT_PUB;246447750.650000000000000;
202408;792;1988000718;COTAS;884613.337455000000000;
202408;1081;1979004374;COTAS;23358901.951899000000000;
202408;881;2002001065;COTAS;13034498.277478000000000;
202408;792;1988000718;COTAS;11840088.519275000000000;10740536000105
202408;919;9970000000;CAIXA;6519.130000000000000;
202408;881;2008001619;CAIXA;3668.950000000000000;
202408;758;4007580065;VL_PG_RC;-658.370000000000000;
202408;1081;1979004374;TIT_PRIV;9672435.700000000000000;
202408;881;9970000000;COTAS;-160473.234320000000000;
202408;922;2017001392;COTAS;208078.610260000000000;
202408;881;9970000000;IMOVEIS;38350825.540000000000000;
202408;1081;1979004374;TIT_PUB;322671932.790000000000000;
202408;936;2010002156;COTAS;5670276.500000000000000;
202408;775;2007002965;COTAS;96573.523382000000000;
202408;713;2011000556;COTAS;53164815.058545000000000;18007571000113
202408;1081;1979004692;COTAS;1634029.800000000000000;
202408;792;1988000718;IMOVEIS;19838668.720000000000000;
202408;881;9970000000;TIT_PUB;260210867.500000000000000;
202408;1081;1979004692;COTAS;5528393.928705000000000;
202408;922;1981001018;OPERACAO_PARTICIPANTE;1393623.128876590000000;
202408;792;1988000718;OPERACAO_PARTICIPANTE;3862412.553018635000000;
202408;792;1988000718;TIT_PUB;594932915.730000000000000;
202408;895;1985000792;COTAS;9130144.717927000000000;
202408;1081;1979004692;COTAS;2459555.993903000000000;
202408;792;1998000818;COTAS;1059.304011000000000;21889006000131
202408;792;1998000818;IMOVEIS;133722.630000000000000;
202408;1081;1979004692;COTAS;22927125.404952000000000;
202408;792;1998000974;COTAS;47660.518431000000000;
202408;775;2007002965;VL_PG_RC;369.370000000000000;
202408;922;2013000847;COTAS;519353.137184000000000;
202408;775;9970000000;COTAS;6431.747355000000000;
202408;922;2017001392;COTAS;311.877800000000000;
202408;1081;1979004692;TIT_PUB;326740977.150000000000000;
202408;792;1998000974;COTAS;210798.562850000000000;29983445000110
202408;792;1988000718;COTAS;909173.205572000000000;
202408;922;2017001392;TIT_PRIV;1655097.210000000000000;
202408;936;1990001483;IMOVEIS;30377349.420000000000000;
202408;1081;2002001456;COTAS;4845507.577984000000000;
202408;792;1999002865;CAIXA;90753.130000000000000;
202408;713;2011000556;VL_PG_RC;41422061.640000000000000;
202408;936;1990001483;COTAS;18795283.653452000000000;
202408;936;2010002156;COTAS;16316494.261397000000000;
202408;895;2000002511;ACOES;6134158.540000000000000;
202408;792;1999002865;COTAS;5061607.241485000000000;
202408;792;1988000718;COTAS;327955.138357000000000;
202408;936;2010002156;COTAS;12122649.364206000000000;
202408;1081;2002001456;COTAS;30997053.881635000000000;
202408;792;1998000818;CAIXA;3192.720000000000000;
202408;936;2010002156;COTAS;10196838.081519000000000;
202408;1081;2002001456;COTAS;539441285.320636000000000;
202408;792;1999002865;COTAS;2096578.730010000000000;
202408;792;1998000818;COTAS;201352.846571000000000;
202408;936;1990001483;COTAS;17035140.500000000000000;
202408;713;9970000000;COTAS;3211802.887520000000000;
202408;792;1999002865;COTAS;3198821.606746000000000;
202408;936;1990001483;COTAS;3059342.662299000000000;
202408;713;9970000000;COTAS;4729412.697829000000000;
202408;792;1999002865;COTAS;2200434.782793000000000;
202408;936;1990001483;COTAS;17046046.433887000000000;
202408;936;1990001483;TIT_PUB;2371197938.000000000000000;
202408;713;9970000000;VL_PG_RC;429.100000000000000;
202408;792;1999002865;COTAS;85880580.898469000000000;10740536000105
202408;1081;2005000329;CAIXA;3315.060000000000000;
202408;936;1998003256;COTAS;95319.919083000000000;
202408;792;1998000974;COTAS;4589126.956608000000000;
202408;936;2010002156;COTAS;103930252.143471000000000;
202408;936;1998003256;COTAS;2500590.663794000000000;
202408;895;2000002511;TIT_PRIV;40061936.460000000000000;
202408;792;1998000974;COTAS;73186.309202000000000;
202408;936;1998003256;COTAS;1188696.760817000000000;
202408;727;1971000256;COTAS;1608037.604568000000000;
202408;792;1999002938;COTAS;12449857.375310000000000;
202408;1081;2005000329;COTAS;0.186058000000000;
202408;792;1999002938;COTAS;250998973.161209000000000;21889006000131
202408;941;1980001618;COTAS;142472.085648000000000;
202408;936;1998003256;COTAS;11009817.957455000000000;
202408;792;1999002938;COTAS;204060727.722419000000000;29983445000110
202408;941;1980001618;COTAS;28416546.442700000000000;
202408;792;1998000974;COTAS;207010.740890000000000;44432479000100
202408;1081;2010004256;COTAS;49.755267000000000;
202408;792;1999003047;COTAS;3494393.401926000000000;
202408;941;1980001618;COTAS;29550677.710527000000000;
202408;727;1971000256;COTAS;236189979.035256000000000;
202408;792;1999003047;COTAS;334786.080681000000000;
202408;936;1998003256;COTAS;1926.701564000000000;
202408;936;1998003256;COTAS;37553.547300000000000;
202408;895;2012001718;CAIXA;186.810000000000000;
202408;792;1999002865;COTAS;28606240.260348000000000;
202408;936;1998003256;COTAS;8576089.550416000000000;
202408;895;2017000183;COTAS;152069.309000000000000;
202408;941;1980001618;COTAS;640259.902493000000000;
202408;792;1999002865;COTAS;1893686.623661000000000;
202408;1081;2010004256;COTAS;-2857.802670000000000;
202408;936;1998003256;COTAS;762330.004563000000000;
202408;895;2017000183;VL_PG_RC;-14383.740000000000000;
202408;792;1999002865;COTAS;2292697.648820000000000;
202408;727;1971000256;COTAS;167.467698000000000;
202408;895;2020001829;COTAS;2333581.212205000000000;
202408;941;1980001618;COTAS;2138818537.958603000000000;
202408;727;9970000000;VL_PG_RC;0.000000000000000;
202408;1081;2010004256;COTAS;478712.598077000000000;
202408;936;2010002156;COTAS;459164.934511000000000;
202408;936;1998003256;VL_PG_RC;-6628.570000000000000;
202408;792;1999002865;COTAS;4224419.523485000000000;
202408;1081;2010004256;OPERACAO_PARTICIPANTE;1467.526872000000000;
202408;895;9970000000;CAIXA;13589.600000000000000;
202408;941;1998007774;COTAS;-1911505.499874000000000;
202408;1081;2015000992;ACOES;69180.690000000000000;
202408;919;9970000000;COTAS;11384170.276498000000000;18686761000104
202408;941;1998007774;COTAS;68969438.633941000000000;
202408;1081;2015000992;COTAS;39997.003260000000000;
202408;731;2006005611;COTAS;819612102.816249000000000;30994041000101
202408;936;2010002156;COTAS;19528589.590023000000000;
202408;936;2010002156;CAIXA;25058.620000000000000;
202408;1081;2015000992;COTAS;290068.887140000000000;
202408;936;2010002156;COTAS;70187061.232860000000000;
202408;792;1999003047;COTAS;555496.084590000000000;
202408;936;2010002156;COTAS;2939558.367460000000000;
202408;1081;2016002247;COTAS;26836.875390000000000;
202408;792;1999002865;COTAS;2276126.111671000000000;
202408;941;1980001618;COTAS;16836267.759179000000000;04644612000178
202408;936;2010002156;COTAS;2057610.309504000000000;
202408;941;1980001618;COTAS;37137390.033661000000000;
202408;792;1999003047;COTAS;8118584.442667000000000;29983445000110
202408;922;1981001018;CAIXA;5650.220000000000000;
202408;792;1999002865;IMOVEIS;2184314.290000000000000;
202408;941;1998007774;COTAS;63495875.476792000000000;
202408;731;2006005611;IMOVEIS;3999454.080000000000000;
202408;936;2010002156;COTAS;6673866.512775000000000;
202408;936;2010002156;COTAS;4681396.236341000000000;
202408;1081;2016002247;COTAS;22156.536784000000000;
202408;941;1980001618;COTAS;29959649.540011000000000;
202408;1081;2016002247;COTAS;8377.791620000000000;
202408;936;2010002156;COTAS;6860970.751878000000000;
202408;941;1998007774;COTAS;868683.130944000000000;
202408;922;2013000847;CAIXA;18742.380000000000000;
202408;731;2018001647;COTAS;11352542.413663000000000;30994014000139
202408;941;1998007774;COTAS;60328464.998454000000000;
202408;941;2023000165;COTAS;21099342.236808000000000;49684938000167
202408;792;1999003047;VL_PG_RC;-37416.630000000000000;
202408;744;1986000729;COTAS;183153708.236378000000000;
202408;936;2010002156;COTAS;32368986.584074000000000;
202408;941;1998007774;COTAS;2017704.544373000000000;
202408;802;1977000118;COTAS;1511339533.229753000000000;34546404000105
202408;941;1998007774;IMOVEIS;23157636.350000000000000;
202408;802;2003001956;OPERACAO_PARTICIPANTE;1236113.130000000000000;
202408;1081;2016002247;TIT_PUB;1198354.390000000000000;
202408;744;1986000729;VL_PG_RC;-40492.480000000000000;
202408;821;1988000238;COTAS;7576551.343000000000000;
202408;922;2013000847;VL_PG_RC;-151546.560000000000000;
202408;953;9970000000;CAIXA;25024.820000000000000;
202408;821;1988000238;COTAS;38484203.731986000000000;
202408;792;1999002865;OPERACAO_PARTICIPANTE;22790371.734825809600000;
202408;967;1991001029;COTAS;2565214532.468348000000000;21082123000199
202408;792;1999002865;TIT_PUB;6588858.580000000000000;
202408;922;2017001392;COTAS;24620042.082398000000000;
202408;1081;2016002311;COTAS;35534.825742000000000;
202408;967;1991001029;IMOVEIS;396746151.940000000000000;
202408;821;9970000000;CAIXA;377.570000000000000;
202408;967;1991001029;TIT_PRIV;59302588.590000000000000;
202408;792;1999002938;COTAS;211830939.487440000000000;
202408;821;9970000000;COTAS;2146.175969000000000;
202408;967;2000000819;COTAS;8243947.934522000000000;10462501000143
202408;1081;2016002311;COTAS;27982.915316000000000;
202408;967;2000000819;VL_PG_RC;11229.210000000000000;
202408;1081;2016002311;TIT_PUB;1567699.760000000000000;
202408;922;2017001392;OPERACAO_PARTICIPANTE;829789.890000000000000;
202408;792;1999002938;COTAS;212808229.352039000000000;
202408;864;1971000183;IMOVEIS;316600000.000000000000000;
202408;967;2000000983;COTAS;3714.174383000000000;
202408;922;9970000000;CAIXA;98388.940000000000000;
202408;936;2022002792;CAIXA;4105.630000000000000;
202408;758;1981001719;CAIXA;33949.520000000000000;
202408;967;2000000983;COTAS;1388281.965145000000000;10462501000143
202408;758;2002002411;COTAS;1009200062.340519000000000;
202408;941;1980001618;COTAS;8590333.101514000000000;
202408;864;1971000183;OPERACAO_PARTICIPANTE;75630431.804213000000000;
202408;792;1999002938;COTAS;19936670.491660000000000;
202408;967;2000000983;VL_PG_RC;-638.350000000000000;
202408;1081;2021001547;VL_PG_RC;-169.980000000000000;
202408;792;1999002938;COTAS;199718148.279003000000000;44432479000100
202408;1105;1974000419;CAIXA;746.410000000000000;
202408;792;1999002938;VL_PG_RC;-887015.790000000000000;
202408;967;2000000983;TIT_PRIV;55686.770000000000000;
202408;967;2000001947;COTAS;2988881.143578000000000;
202408;758;2002002411;COTAS;694426394.335370000000000;
202408;936;1990001483;CAIXA;14584.940000000000000;
202408;792;1999003047;COTAS;8014302.510659000000000;44432479000100
202408;792;2023001056;VL_PG_RC;-97.980000000000000;
202408;967;2000001947;COTAS;131881.566301000000000;
202408;967;2000001947;TIT_PRIV;1881626.500000000000000;
202408;1105;1974000419;COTAS;8026536.186917000000000;
202408;792;9970000000;CAIXA;53892.580000000000000;
202408;967;2000004318;COTAS;130916496.395593000000000;05091139000101
202408;967;2002003947;COTAS;195598539.441498000000000;10462501000143
202408;936;1990001483;COTAS;37131518.497406000000000;
202408;792;9970000000;COTAS;166056.098364000000000;10740536000105
202408;941;1980001618;COTAS;35166770.902771000000000;
202408;967;2002003947;VL_PG_RC;-13045.040000000000000;
202408;967;2000004318;CAIXA;0.000000000000000;
202408;936;1998003256;COTAS;11345.472210000000000;
202408;967;4009670029;VL_PG_RC;-236451.970000000000000;
202408;936;1998003256;COTAS;3664782.554849000000000;
202408;941;1980001618;COTAS;52958216.371885000000000;
202408;792;9970000000;IMOVEIS;812370.070000000000000;
202408;936;1998003256;COTAS;2104087.707807000000000;
202408;792;9970000000;TIT_PUB;7798272.580000000000000;
202408;802;1977000118;ACOES;100263576.960000000000000;
202408;789;2006001965;VL_PG_RC;0.000000000000000;
202408;936;1998003256;COTAS;2619730.699294000000000;
202408;1105;1974000419;COTAS;82653617.517150000000000;48966312000180
202408;941;1998007774;COTAS;36431361.196687000000000;
202408;802;2003001956;COTAS;822160.000000000000000;
202408;1105;1974000419;OPERACAO_PARTICIPANTE;13805046.049950861200000;
202408;864;2002000311;CAIXA;66796.350000000000000;
202408;971;2000006711;COTAS;107577007.417863000000000;
202408;941;1998007774;COTAS;45267680.435797000000000;
202408;967;2013001592;COTAS;2401748.000000000000000;
202408;1105;1997003147;COTAS;23949157.112349000000000;
202408;792;1988000718;COTAS;20211717.593451000000000;
202408;864;2022000692;COTAS;7202865.817055000000000;
202408;967;4009670029;COTAS;242952204.634380000000000;10462501000143
202408;792;1988000718;COTAS;204795.620887000000000;
202408;971;2000006711;COTAS;10216301.336856000000000;
202408;971;2000006711;COTAS;18912308.656745000000000;
202408;802;2003001956;COTAS;8344898.868566000000000;
202408;1105;1997003147;COTAS;35730767.142997000000000;
202408;802;2003001956;TIT_PRIV;33243401.090000000000000;
202408;971;2000006711;COTAS;2832578.018900000000000;
202408;864;2023000483;ACOES;27174.600000000000000;
202408;941;1998007774;COTAS;51021161.823999000000000;
202408;1105;1997003147;COTAS;7988949.888816000000000;
202408;821;1988000238;COTAS;11312096.634728000000000;
202408;936;2022002792;VL_PG_RC;-13.390000000000000;
202408;941;1998007774;COTAS;33116039.106448000000000;
202408;1105;1997003147;IMOVEIS;47757519.630000000000000;
202408;864;1971000183;CAIXA;526679.720000000000000;
202408;971;2000006711;COTAS;38288360.106658000000000;
202408;878;1999003918;COTAS;10913422.084457000000000;
202408;864;1971000183;COTAS;36318475.783036000000000;
202408;936;9970000000;CAIXA;7347.570000000000000;
202408;878;1999003918;COTAS;619157.216400000000000;
202408;1105;1997003147;TIT_PUB;1479052222.420000000000000;
202408;971;2000006711;COTAS;1577746.711996000000000;
202408;792;1988000718;COTAS;557236.894455000000000;
202408;971;2000006711;COTAS;2618700.279338000000000;
202408;941;9970000000;COTAS;3425081.465150000000000;
202408;984;1981000992;COTAS;1367037.852435000000000;
202408;936;9970000000;COTAS;61896568.363815000000000;
202408;878;1999003918;COTAS;10823591.870313000000000;
202408;971;2000006711;OPERACAO_PARTICIPANTE;9753519.170000000000000;
202408;1105;2010001265;CAIXA;1912.750000000000000;
202408;864;2002000311;COTAS;1109344.990806000000000;
202408;878;1999003918;COTAS;922159.683196000000000;
202408;1105;2010001265;COTAS;28019437.125035000000000;48966312000180
202408;971;2000006711;TIT_PRIV;13711946.490000000000000;
202408;878;9970000000;VL_PG_RC;0.000000000000000;
202408;881;1979000247;ACOES;13603386.450000000000000;
202408;984;1981000992;COTAS;149528.382846000000000;
202408;864;2022000692;COTAS;20756334.103930000000000;52315713000148
202408;941;1980001618;COTAS;95629.021168000000000;
202408;1105;2010001265;OPERACAO_PARTICIPANTE;12337316.560049872900000;
202408;792;1988000718;COTAS;788685.320737000000000;
202408;864;9970000000;COTAS;115178078.425670000000000;09564251000173
202408;984;1981000992;COTAS;7311406.750022000000000;
202408;941;1980001618;COTAS;30046525.558652000000000;
202408;881;1979000247;COTAS;100411321.840696000000000;
202408;878;1999003918;COTAS;12668014.453318000000000;
202408;941;1980001618;COTAS;26609609.891639000000000;
202408;1136;1980001911;COTAS;1641105924.904129000000000;13199182000113
202408;792;1988000718;COTAS;15660351.565310000000000;18959722000133
202408;878;1999003918;COTAS;37199864.952373000000000;
202408;984;1981000992;COTAS;446102.242702000000000;
202408;941;9970000000;COTAS;67170210.767915000000000;22150448000124
202408;792;1988000718;VL_PG_RC;-445668.310000000000000;
202408;984;1981000992;IMOVEIS;1387000.000000000000000;
202408;941;1998007774;COTAS;96278.474715000000000;
202408;1171;2000008429;VL_PG_RC;-79999.930000000000000;
202408;984;1981000992;OPERACAO_PARTICIPANTE;59135.660000000000000;
202408;941;1998007774;COTAS;23944419.018923000000000;
202408;792;1998000818;COTAS;201797.767008000000000;10740536000105
202408;984;1990001629;COTAS;71011.438604000000000;
202408;792;1998000818;VL_PG_RC;-15117.900000000000000;
202408;878;1999003918;COTAS;15096331.804440000000000;
202408;984;1985001292;COTAS;1557324.974206000000000;
202408;792;1998000974;COTAS;4626594.374306000000000;
202408;1171;9970000000;CAIXA;1085.150000000000000;
202408;984;1990001629;COTAS;532828.937328000000000;
202408;792;1998000974;COTAS;49804.723278000000000;
202408;941;1998007774;COTAS;39914414.827662000000000;
202408;953;9970000000;COTAS;348606.397777000000000;
202408;984;1990001629;COTAS;123155.114003000000000;
202408;984;1994002883;COTAS;281626.283511000000000;
202408;953;9970000000;VL_PG_RC;-0.010000000000000;
202408;878;1999003918;VL_PG_RC;-40670.030000000000000;
202408;792;1998000974;COTAS;840944.476358000000000;
202408;878;9970000000;COTAS;2209261.060009000000000;
202408;1171;9970000000;COTAS;176128.475703000000000;
202408;967;1991001029;VL_PG_RC;1899059.360000000000000;
202408;792;1998000974;COTAS;85365.458048000000000;
202408;881;1994000929;CAIXA;7529.200000000000000;
202408;941;1998007774;COTAS;4193541505.660760000000000;04822739000130
202408;1171;9970000000;COTAS;884819.601351000000000;
202408;792;1998000974;COTAS;27991.132200000000000;
202408;792;1998000974;COTAS;889185.297617000000000;21889006000131
202408;984;1994002883;COTAS;825679.316614000000000;
202408;792;1999002865;COTAS;20453782.884461000000000;
202408;984;1990001629;OPERACAO_PARTICIPANTE;1394.740000000000000;
202408;984;1994002883;COTAS;738472.251553000000000;
202408;881;1994000929;COTAS;-7051.717543000000000;
202408;941;9970000000;COTAS;2731502.323468000000000;
202408;792;1999002865;COTAS;2559161.957452000000000;
202408;984;1994002883;CAIXA;61508.140000000000000;
202408;984;2000007783;COTAS;21426795.620449000000000;
202408;941;9970000000;VL_PG_RC;-191493.670000000000000;
202408;792;1999002865;COTAS;2330936.938706000000000;
202408;984;1994002883;COTAS;1973849.357825000000000;
202408;984;2000007783;COTAS;415027.690267000000000;
202408;953;1976000238;CAIXA;50069.750000000000000;
202408;792;1999002865;COTAS;4166187.439379000000000;
202408;984;2005001538;COTAS;1116144.606025000000000;
202408;967;1991001029;COTAS;5273065051.921409000000000;04519681000150
202408;881;1979000247;VL_PG_RC;4385090.880000000000000;
202408;984;2005001538;COTAS;501983.441796000000000;
202408;967;2000001947;VL_PG_RC;18461.680000000000000;
202408;881;1994000929;COTAS;37511.588881000000000;
202408;792;1999002865;COTAS;6395919.756403000000000;
202408;984;1994002883;COTAS;633095.368555000000000;
202408;1171;9970000000;COTAS;1795259.658196000000000;
202408;881;1994000929;IMOVEIS;20454980.970000000000000;
202408;792;1999002865;COTAS;4303197.991087000000000;
202408;984;1994002883;COTAS;750068.391257000000000;
202408;1171;9970000000;COTAS;4269977.091303000000000;
202408;967;2000004318;TIT_PRIV;3255233.390000000000000;
202408;881;2000003656;COTAS;-376749.664188000000000;
202408;881;1994000929;OPERACAO_PARTICIPANTE;0.000000000000000;
202408;881;1999004256;ACOES;57824727.040000000000000;
202408;967;9970000000;VL_PG_RC;-2750809.050000000000000;
202408;881;2000003656;COTAS;3873506.639432000000000;
202408;984;1994002883;VL_PG_RC;123519.840000000000000;
202408;984;2017001211;COTAS;13168555.125214000000000;
202408;971;2000006711;COTAS;4561034.412265000000000;
202408;967;2000000819;COTAS;13586.528869000000000;
202408;984;2000007783;COTAS;3114128.758923000000000;
202408;1184;1984000111;CAIXA;4347.430000000000000;
202408;971;2000006711;COTAS;9486063.394224000000000;
202408;1184;1984000111;OPERACAO_PARTICIPANTE;587549.856522000000000;
202408;984;2005001538;COTAS;4357387.527330000000000;
202408;792;1999002865;COTAS;852174.469200000000000;
202408;984;2017001211;COTAS;4201993.825025000000000;
202408;881;1999004256;COTAS;-50630.631048000000000;
202408;967;2000000819;COTAS;43140426.834431000000000;05113533000101
202408;984;9970000000;COTAS;193498.044725000000000;
202408;967;2000000819;TIT_PRIV;202230.890000000000000;
202408;881;2000003656;OPERACAO_PARTICIPANTE;0.000000000000000;
202408;792;1999002865;COTAS;33850101.773878000000000;21889006000131
202408;881;2000003729;ACOES;1586683.680000000000000;
202408;967;2000000983;CAIXA;15980.180000000000000;
202408;1184;1984000292;CAIXA;1510.370000000000000;
202408;792;1999002938;COTAS;308418761.809957000000000;
202408;967;2000004318;COTAS;225841.025984000000000;
202408;1184;1984000292;OPERACAO_PARTICIPANTE;1361427.276378000000000;
202408;792;1999002938;COTAS;50338259.339796000000000;
202408;967;2000004318;COTAS;789804730.112157000000000;05113533000101
202408;792;1999002938;COTAS;31383915.361321000000000;
202408;881;1999004256;COTAS;34638.436198000000000;
202408;967;2000004318;OPERACAO_PARTICIPANTE;4092356.260000000000000;
202408;998;1988001129;CAIXA;25889.900000000000000;
202408;792;1999002938;COTAS;7656093.011000000000000;
202408;1184;2023001765;VL_PG_RC;0.000000000000000;
202408;984;2017001211;COTAS;1683139.690596000000000;
202408;998;1998006638;COTAS;1035743011.011368000000000;04701088000120
202408;792;1999003047;COTAS;1338484.107273000000000;
202408;971;2000006711;COTAS;1792241.612104000000000;
202408;984;2017001211;COTAS;11741608.373542000000000;
202408;1033;1975000218;OPERACAO_PARTICIPANTE;5299550.479120521000000;
202408;984;2017001211;COTAS;5838326.446793000000000;
202408;792;1999003047;COTAS;375472.347795000000000;
202408;1033;1979003556;COTAS;7113294.230000000000000;
202408;881;2000003729;COTAS;51385.094654000000000;
202408;792;1999003047;COTAS;543245.107984000000000;
202408;1198;1998003019;CAIXA;943825.290000000000000;
202408;967;2002003947;COTAS;245171.923916000000000;
202408;984;9970000000;COTAS;1270789.145240000000000;
202408;1198;1998003019;COTAS;15291491.176276000000000;
202408;1033;1979003556;COTAS;99954843.393418000000000;
202408;971;2000006711;COTAS;2642900.915862000000000;
202408;984;9970000000;COTAS;21387.983451000000000;
202408;1198;2019001111;COTAS;2732910.885784000000000;
202408;792;2023001056;COTAS;462146.610924000000000;10740536000105
202408;881;1999004256;VL_PG_RC;4354527.550000000000000;
202408;967;2002003947;TIT_PRIV;3524386.090000000000000;
202408;967;2013001592;COTAS;10242446.423721000000000;
202408;1208;1979005265;OPERACAO_PARTICIPANTE;24335379.700254682400000;
202408;802;1977000118;IMOVEIS;84760000.000000000000000;
202408;1208;1995003956;COTAS;1159164058.839999000000000;21377854000161
202408;1033;1979003556;COTAS;499007143.183282000000000;18000701000196
202408;998;1988001129;COTAS;1134605.440000000000000;
202408;802;2003001956;COTAS;894802.375875000000000;
202408;971;2000006711;VL_PG_RC;572731.500000000000000;
202408;998;1988001129;COTAS;335064.316282000000000;
202408;802;2003001956;COTAS;5426200.548205000000000;
202408;1208;1995003956;VL_PG_RC;12844281.500000000000000;
202408;1033;1979003556;VL_PG_RC;-360792.980000000000000;
202408;998;1998006638;COTAS;2968851433.022464000000000;05808851000189
202408;1033;1975000218;TIT_PUB;816631415.880000000000000;
202408;802;9970000000;COTAS;2020439.831163000000000;
202408;971;9970000000;CAIXA;4150.110000000000000;
202408;1033;1979003556;ACOES;207728450.580000000000000;
202408;881;2000003656;COTAS;13165091.807389000000000;
202408;821;1988000238;TIT_PUB;20753745.680000000000000;
202408;1033;1996003674;COTAS;2133751.300000000000000;
202408;881;2000003656;TIT_PRIV;4883646.660000000000000;
202408;881;2000003974;COTAS;1168.387532000000000;
202408;984;1981000992;COTAS;921414.250954000000000;
202408;1208;9970000000;COTAS;171548059.219999000000000;11377292000100
202408;1033;1979003556;COTAS;8750440.280000000000000;
202408;821;9970000000;VL_PG_RC;-142.210000000000000;
202408;1208;9970000000;VL_PG_RC;-0.030000000000000;
202408;1033;1979003556;COTAS;70170816.523629000000000;
202408;881;2000003729;CAIXA;4434.720000000000000;
202408;984;1985001365;COTAS;68335402.102462000000000;
202408;1239;1979002738;TIT_PRIV;9166231.025847000000000;
202408;881;2000003729;IMOVEIS;10625310.520000000000000;
202408;1239;1979002819;VL_PG_RC;-518933.200000000000000;
202408;881;2008001619;COTAS;-343.739795000000000;
202408;881;2000003974;COTAS;-4075.192371000000000;
202408;1239;1979002983;ACOES;17641.170000000000000;
202408;881;2008001619;COTAS;2224.184523000000000;
202408;984;1990001629;COTAS;101211.928110000000000;
202408;881;2000003974;COTAS;6919.946035000000000;
202408;1239;1979003092;COTAS;528079541.546509000000000;05754041000197
202408;984;1990001629;COTAS;358389.935815000000000;
202408;1033;1996003674;COTAS;36991611.271052000000000;
202408;881;2002001065;COTAS;-979.087072000000000;
202408;1033;1996003674;COTAS;4630715.770033000000000;
202408;881;2008001619;IMOVEIS;1967132.580000000000000;
202408;1239;1979003092;VL_PG_RC;-89549.290000000000000;
202408;1033;2000007538;COTAS;2435596.800000000000000;
202408;984;1990001629;VL_PG_RC;47717.390000000000000;
202408;1239;1979003165;IMOVEIS;19393198.200000000000000;
202408;1033;2000007538;COTAS;23358.030000000000000;
202408;881;9970000000;COTAS;22523.804515000000000;
202408;1033;1996003674;COTAS;286847.101729000000000;
202408;1033;2000007538;COTAS;1066566.560000000000000;
202408;895;1985000792;COTAS;3553575.470246000000000;
202408;1239;1979003238;CAIXA;88563610.050000000000000;
202408;1033;2000007538;COTAS;1312635.970000000000000;
202408;895;2000002511;COTAS;698869.873330000000000;
202408;864;2023000483;COTAS;1086838.942339000000000;52315713000148
202408;1239;1982002174;CAIXA;1246578.930000000000000;
202408;1033;1996003674;OPERACAO_PARTICIPANTE;53599409.029193862600000;
202408;1033;2000007538;COTAS;130613.512141000000000;
202408;967;4009670029;CAIXA;196.620000000000000;
202408;881;2002001065;COTAS;6166.766451000000000;
202408;1239;1982002247;IMOVEIS;99121995.440000000000000;
202408;881;2002001065;VL_PG_RC;107259.030000000000000;
202408;1239;1982002311;VL_PG_RC;-288075.700000000000000;
202408;878;1999003918;COTAS;47239187.565970000000000;
202408;1033;2000007538;COTAS;1532059.708264000000000;
202408;967;4009670029;COTAS;2429203517.921160000000000;04437639000190
202408;895;2000002511;VL_PG_RC;-277673.030000000000000;
202408;1033;2000007538;COTAS;8459283.100670000000000;
202408;881;9970000000;COTAS;-5621.149812000000000;
202408;1239;2020000083;VL_PG_RC;-6928.530000000000000;
202408;881;1979000247;COTAS;-20279.266410000000000;
202408;881;9970000000;VL_PG_RC;1137274.540000000000000;
202408;984;1994002883;COTAS;1239419.465526000000000;
202408;1239;2020000156;COTAS;30495075.246567000000000;17518976000153
202408;881;1979000247;COTAS;-578934.821090000000000;
202408;1051;1991001411;CAIXA;148665.510000000000000;
202408;895;1985000792;ACOES;66370.620000000000000;
202408;967;9970000000;IMOVEIS;44418585.750000000000000;
202408;1033;2000007538;TIT_PRIV;215413964.440000000000000;
202408;984;1994002883;COTAS;317477.236618000000000;
202408;1239;2020000792;ACOES;230913.050000000000000;
202408;971;2000006711;COTAS;14401984.548995000000000;
202408;1051;1991001411;COTAS;24726508.870104000000000;
202408;1239;2020000792;COTAS;2370827248.070869000000000;36620612000124
202408;971;2000006711;COTAS;2665753.910294000000000;
202408;895;1985000792;COTAS;41488883.460712000000000;
202408;1078;1984000918;COTAS;118964326.999594000000000;
202408;984;2000007783;COTAS;591535.019962000000000;
202408;971;2000006711;COTAS;10603637.919941000000000;
202408;881;1979000247;IMOVEIS;113557245.770000000000000;
202408;1239;2020000792;VL_PG_RC;-2835431.640000000000000;
202408;971;2000006711;COTAS;6228447.090835000000000;
202408;895;2020001829;VL_PG_RC;-1787.900000000000000;
202408;881;1994000929;COTAS;222167.873430000000000;
202408;1239;2021000656;CAIXA;0.000000000000000;
202408;984;2000007783;COTAS;4628054.083947000000000;
202408;895;2021003574;COTAS;229658.404125000000000;
202408;895;1985000792;VL_PG_RC;3255645.180000000000000;
202408;881;1994000929;COTAS;2514608.677998000000000;
202408;1239;2022001011;CAIXA;2347537.150000000000000;
202408;1078;1984000918;COTAS;10968556.068341000000000;
202408;895;2021003574;VL_PG_RC;-0.150000000000000;
202408;881;1999004256;CAIXA;10139.730000000000000;
202408;1078;1984000918;COTAS;5932151.294649000000000;
202408;984;2005001538;CAIXA;216242.190000000000000;
202408;971;2000006711;COTAS;7433907.067483000000000;
202408;1239;2022001011;COTAS;253810876.616513000000000;04087244000104
202408;984;2005001538;COTAS;2225753.216981000000000;
202408;971;2000006711;COTAS;12658480.338152000000000;
202408;881;1999004256;COTAS;50508185.721045000000000;
202408;1242;1985001683;COTAS;524851.250000000000000;
202408;1081;1979004447;COTAS;-745727.710818000000000;
202408;1242;1985001683;COTAS;157149.720000000000000;
202408;919;1980000719;COTAS;151016514.859239000000000;06095452000180
202408;984;2017001211;COTAS;60967295.145265000000000;
202408;971;9970000000;VL_PG_RC;0.000000000000000;
202408;984;9970000000;COTAS;252987.684570000000000;
202408;1081;1979004447;COTAS;19150812.557204000000000;
202408;984;1981000992;COTAS;1765594.876549000000000;
202408;1242;1985001683;COTAS;732524.850000000000000;
202408;984;9970000000;COTAS;6388.475755000000000;
202408;895;9970000000;TIT_PUB;76449407.590000000000000;
202408;984;1981000992;COTAS;253429.709690000000000;
202408;1242;1985001683;COTAS;318560.800000000000000;
202408;919;1980000719;COTAS;145774651.313116000000000;14172036000167
202408;1081;1979004692;COTAS;2367.645145000000000;
202408;1242;1985001683;COTAS;409165.900000000000000;
202408;922;1981001018;COTAS;36371898.760541000000000;
202408;1078;1984000918;COTAS;4778398.035938000000000;
202408;984;1981000992;VL_PG_RC;249334.390000000000000;
202408;922;1981001018;TIT_PRIV;4137743.020000000000000;
202408;881;2000003656;ACOES;8379705.490000000000000;
202408;984;9970000000;COTAS;123226.327533000000000;
202408;1078;1984000918;COTAS;64228195.804352000000000;37967685000150
202408;1081;1979004692;COTAS;4237587.684439000000000;
202408;1242;1985001683;COTAS;216348.000000000000000;
202408;881;2000003656;COTAS;43204.641363000000000;
202408;1078;9970000000;COTAS;20297.099679000000000;01424041000178
202408;919;1980000719;COTAS;269205336.484743000000000;14172204000114
202408;984;1985001365;CAIXA;12908.870000000000000;
202408;922;2013000847;COTAS;26852115.394314000000000;
202408;1081;1979004374;COTAS;840126.054817000000000;
202408;1081;1979004692;COTAS;4254188.594634000000000;
202408;1242;1985001683;COTAS;12569260.612640000000000;
202408;881;2000003656;COTAS;193539130.015236000000000;
202408;1081;1979004374;COTAS;23861964.000000000000000;
202408;1081;1979004374;COTAS;2703256.919409000000000;
202408;1242;1985001683;COTAS;63963597.410730000000000;43651064000165
202408;881;2000003656;VL_PG_RC;827887.100000000000000;
202408;1081;1979004692;VL_PG_RC;-3075799.600000000000000;
202408;1242;2021001792;COTAS;2055928.251771000000000;
202408;984;1990001629;COTAS;706055.967467000000000;
202408;881;2000003729;COTAS;-2265.909718000000000;
202408;922;2017001392;COTAS;11352.558106000000000;
202408;1081;1979004374;COTAS;2881756.135093000000000;
202408;998;1988001129;IMOVEIS;262405645.690000000000000;
202408;984;1990001629;COTAS;317499.007240000000000;
202408;919;1980000719;COTAS;431541699.501078000000000;18686761000104
202408;1242;2021001792;COTAS;109704037.720440000000000;09087799000170
202408;881;2000003729;COTAS;-64687.448996000000000;
202408;1081;1979004374;COTAS;57766522.401892000000000;
202408;998;1998006638;CAIXA;405166.520000000000000;
202408;984;1994002883;COTAS;1661104.856476000000000;
202408;919;1980000719;VL_PG_RC;81988275.050000000000000;
202408;998;9970000000;CAIXA;59062.000000000000000;
202408;1256;2009001265;COTAS;64539365.894508000000000;
202408;881;2000003729;COTAS;8676.035811000000000;
202408;919;9970000000;VL_PG_RC;-3126.300000000000000;
202408;936;1998003256;COTAS;123652.638473000000000;
202408;1081;2002001456;ACOES;48884685.900000000000000;
202408;881;2000003729;OPERACAO_PARTICIPANTE;0.000000000000000;
202408;922;1981001018;COTAS;459.719586000000000;
202408;1033;1979003556;COTAS;53169732.653500000000000;
202408;881;2000003974;COTAS;78323.459971000000000;
202408;984;1994002883;COTAS;278379.926449000000000;
202408;1033;1979003556;OPERACAO_PARTICIPANTE;10039665.269986967100000;
202408;881;2002001065;CAIXA;4370.140000000000000;
202408;1081;2002001456;COTAS;-956433.978107000000000;
202408;881;2008001619;ACOES;294047.650000000000000;
202408;1033;1996003674;CAIXA;7528905.270000000000000;
202408;1081;1979004374;OPERACAO_PARTICIPANTE;11869246.555232000000000;
202408;1081;2002001456;COTAS;30617014.869325000000000;
202408;881;2008001619;COTAS;1736.053211000000000;
202408;1261;2005006165;COTAS;98692354.560461000000000;10787165000109
202408;1081;1979004447;COTAS;12987.822590000000000;
202408;922;1981001018;COTAS;30732581.135186000000000;
202408;1081;2002001456;IMOVEIS;15374321.400000000000000;
202408;1033;1996003674;COTAS;49977417.978182000000000;
202408;1081;1979004447;COTAS;18790130.192490000000000;
202408;922;1981001018;VL_PG_RC;-60547.280000000000000;
202408;1273;9970000000;TIT_PUB;366843.080000000000000;
202408;1033;2000007538;COTAS;24030.513870000000000;
202408;936;1998003256;COTAS;228623.366330000000000;
202408;922;2013000847;COTAS;45850070.205688000000000;
202408;1314;1985000156;TIT_PUB;830153244.600000000000000;
202408;1033;2000007538;COTAS;108194.474169000000000;
202408;1081;1979004447;COTAS;18956485.540389000000000;
202408;922;2017001392;CAIXA;3376.460000000000000;
202408;984;2000007783;COTAS;4126557.398953000000000;
202408;1081;2003001311;COTAS;57204.057476000000000;
202408;922;2017001392;IMOVEIS;2935738.700000000000000;
202408;984;2000007783;COTAS;703968.230091000000000;
202408;1033;2000007538;COTAS;25902.037517000000000;
202408;1081;1979004447;VL_PG_RC;-14978276.970000000000000;
202408;936;1998003256;COTAS;6677564.594417000000000;
202408;1314;2005000965;COTAS;123634828.488632000000000;
202408;881;2008001619;COTAS;276007.714505000000000;
202408;922;9970000000;COTAS;2428001.366518000000000;
202408;936;2010002156;COTAS;25473.421582000000000;
202408;1314;2005000965;COTAS;37950052.368248000000000;
202408;1033;9970000000;COTAS;72657982.646450000000000;18000701000196
202408;1081;2003001311;COTAS;264445.969972000000000;
202408;1081;1979004692;COTAS;-135944.118207000000000;
202408;1314;9970000000;CAIXA;96704.460000000000000;
202408;1033;9970000000;VL_PG_RC;0.000000000000000;
202408;1081;2003001311;COTAS;17087631.011030000000000;
202408;922;9970000000;VL_PG_RC;-2115.870000000000000;
202408;936;2010002156;COTAS;33722348.724869000000000;
202408;1051;1991001411;COTAS;41102377.579932000000000;
202408;936;1990001483;COTAS;3081673.445309000000000;
202408;1081;1979004692;COTAS;4384061.203709000000000;
202408;936;2010002156;COTAS;62425212.173866000000000;
202408;1051;1991001411;TIT_PRIV;4641357.640000000000000;
202408;984;2000007783;COTAS;1855628.927224000000000;
202408;881;2008001619;VL_PG_RC;160006.500000000000000;
202408;1081;2003001311;OPERACAO_PARTICIPANTE;4231295.015676000000000;
202408;1359;1991002165;COTAS;5660460.752803000000000;
202408;881;9970000000;COTAS;133400.527400000000000;
202408;936;1990001483;COTAS;97082.932574000000000;
202408;1359;1991002165;COTAS;8461966.387927000000000;
202408;984;2000007783;COTAS;719782.383157000000000;
202408;936;1990001483;COTAS;203986540.785733000000000;
202408;1359;1991002165;TIT_PRIV;0.000000000000000;
202408;936;2010002156;COTAS;44650274.326596000000000;
202408;1078;1984000918;COTAS;11217589.819771000000000;
202408;936;1998003256;CAIXA;11146.080000000000000;
202408;936;2010002156;COTAS;131436288.148265000000000;
202408;1081;2002001456;COTAS;11331067.800000000000000;
202408;1078;1984000918;COTAS;29351887.433156000000000;
202408;1359;1991002165;TIT_PUB;1272118994.690000000000000;
202408;1081;2003001311;TIT_PRIV;2685343.420000000000000;
202408;984;2000007783;VL_PG_RC;236693.080000000000000;
202408;1359;1991002238;COTAS;6002.542967000000000;
202408;1081;2005000329;COTAS;26291.526819000000000;
202408;895;1985000792;CAIXA;457313.390000000000000;
202408;1359;1991002238;COTAS;425644.267880000000000;
202408;895;2000002511;COTAS;550754.970000000000000;
202408;1078;1984000918;COTAS;19769341.652547000000000;
202408;936;1998003256;COTAS;433070.856651000000000;
202408;941;1980001618;CAIXA;31741.450000000000000;
202408;984;2005001538;COTAS;2596223.367238000000000;
202408;1359;1991002238;COTAS;12891656.088448000000000;
202408;1081;2005000329;COTAS;418809.347794000000000;
202408;895;2000002511;COTAS;7236401.899430000000000;
202408;1359;1991002238;COTAS;10690297.975150000000000;
202408;1081;2010004256;COTAS;14473.275650000000000;
202408;941;1980001618;COTAS;36881999.364685000000000;
202408;895;2000002511;COTAS;245307.441366000000000;
202408;1078;1984000918;VL_PG_RC;-11611.200000000000000;
202408;984;2017001211;COTAS;7865477.721681000000000;
202408;941;1980001618;COTAS;12587713.400235000000000;
202408;895;2012001718;COTAS;3328607.657107000000000;
202408;1081;1979004374;CAIXA;10664.250000000000000;
202408;1359;2014001774;COTAS;18923034.403517000000000;
202408;1081;2010004256;COTAS;2050166.155118000000000;
202408;984;2017001211;COTAS;5959972.672576000000000;
202408;941;1998007774;CAIXA;20896.120000000000000;
202408;1081;2002001456;COTAS;30363213.462525000000000;
202408;1081;2002001456;TIT_PRIV;59954596.420000000000000;
202408;1081;2010004256;COTAS;449060.601416000000000;
202408;936;1998003256;COTAS;1346961.010202000000000;
202408;1359;2014001774;VL_PG_RC;-13074.020000000000000;
202408;1081;2010004256;COTAS;11706374.814533000000000;
202408;936;1998003256;COTAS;521676.897225000000000;
202408;941;1998007774;COTAS;42338286.015013000000000;
202408;1381;2006005138;COTAS;174337554.074865000000000;08759871000103
202408;1081;2010004256;COTAS;51153186.956518000000000;
202408;1081;2010004256;TIT_PUB;83145489.840000000000000;
202408;1081;2003001311;IMOVEIS;181502.390000000000000;
202408;984;9970000000;COTAS;134224.670989000000000;
202408;936;1998003256;COTAS;3194080.046312000000000;
202408;1403;2000008038;COTAS;6301493.926173000000000;
202408;895;2014002118;CAIXA;32886.720000000000000;
202408;1081;2015000992;COTAS;39916.028624000000000;
202408;941;1998007774;COTAS;55762569.976231000000000;
202408;984;9970000000;COTAS;130101.472735000000000;
202408;936;1998003256;COTAS;838096.302706000000000;
202408;1403;2000008038;COTAS;5359702.778433000000000;
202408;984;9970000000;COTAS;41031.295161000000000;
202408;1081;1979004374;COTAS;-165831.322947000000000;
202408;1081;2005000329;COTAS;4254.120930000000000;
202408;941;1998007774;COTAS;23377182.043233000000000;
202408;998;1998006638;COTAS;324953792.113813000000000;11462883000178
202408;1403;2000008038;COTAS;1024472.460814000000000;
202408;1081;2005000329;COTAS;69461.198841000000000;
202408;1081;2015000992;COTAS;15318.138776000000000;
202408;1403;2000008038;COTAS;6041460.398572000000000;
202408;1081;1979004374;COTAS;4534439.737520000000000;
202408;895;2014002118;COTAS;2023304.549193000000000;
202408;936;1998003256;OPERACAO_PARTICIPANTE;2218024.089997645800000;
202408;998;1998006638;COTAS;140163441.894458000000000;41559542000186
202408;941;9970000000;IMOVEIS;14930000.000000000000000;
202408;1033;1975000218;TIT_PRIV;87691101.280000000000000;
202408;1081;2015000992;COTAS;290054.322951000000000;
202408;1081;1979004374;COTAS;4447367.979721000000000;
202408;1081;2015000992;VL_PG_RC;-3595.810000000000000;
202408;953;1976000165;IMOVEIS;2079105.290000000000000;
202408;1403;2000008038;COTAS;4108586.855728000000000;
202408;895;2017000183;COTAS;394571.726332000000000;
202408;936;2010002156;ACOES;8288.390000000000000;
202408;1403;2000008038;IMOVEIS;1525148.860000000000000;
202408;1081;2005000329;COTAS;227256.800000000000000;
202408;936;2010002156;COTAS;848212.120083000000000;
202408;1033;1979003556;COTAS;90665044.346538000000000;
202408;1081;1979004447;COTAS;6083555.400000000000000;
202408;936;2010002156;VL_PG_RC;-49041.930000000000000;
202408;1033;1979003556;COTAS;25252979.082807000000000;
202408;1081;1979004447;COTAS;16925596.499464000000000;
202408;941;1980001618;COTAS;15271558.669813000000000;
202408;895;9970000000;COTAS;9315484.853217000000000;
202408;1081;2005000329;COTAS;28027.587081000000000;
202408;1403;2000008038;TIT_PUB;149915271.710000000000000;
202408;941;1980001618;COTAS;30717566.737172000000000;
202408;1081;2016002247;COTAS;7858.861786000000000;
202408;1033;1979003556;COTAS;113697283.696472000000000;
202408;967;1991001029;OPERACAO_PARTICIPANTE;78140337.934692440000000;
202408;1081;1979004447;COTAS;307856684.400775000000000;
202408;1081;2016002247;COTAS;662024.214747000000000;
202408;967;2000000819;CAIXA;940.460000000000000;
202408;1081;2016002311;CAIXA;5649.540000000000000;
202408;941;1980001618;COTAS;32581473.707178000000000;
202408;1081;2005000329;COTAS;1631584.681022000000000;
202408;967;2000001947;CAIXA;0.000000000000000;
202408;1403;2008004783;COTAS;1048914.301336000000000;
202408;1081;1979004447;IMOVEIS;11987288.180000000000000;
202408;967;2000001947;COTAS;56571677.000939000000000;10462501000143
202408;1403;2016000619;ACOES;86769.260000000000000;
202408;941;1980001618;IMOVEIS;39770723.270000000000000;
202408;1403;2016000619;COTAS;8778433.370055000000000;
202408;1033;1979003556;IMOVEIS;33869841.510000000000000;
202408;1081;1979004447;OPERACAO_PARTICIPANTE;45935949.932940000000000;
202408;1081;2005000329;OPERACAO_PARTICIPANTE;0.000000000000000;
202408;1403;2016000619;COTAS;3400676.875394000000000;
202408;1033;1996003674;COTAS;7918076.400000000000000;
202408;1081;2016002311;COTAS;212137.230228000000000;
202408;1403;2016000619;COTAS;4395052.233263000000000;
202408;1033;1996003674;COTAS;78291329.647600000000000;
202408;1081;2016002311;VL_PG_RC;-1967.680000000000000;
202408;941;1998007774;COTAS;76712587.113052000000000;
202408;1403;2016000619;VL_PG_RC;-49370.110000000000000;
202408;967;2000001947;OPERACAO_PARTICIPANTE;476079.680000000000000;
202408;1033;1996003674;TIT_PRIV;569110529.020000000000000;
202408;1081;2021001547;TIT_PUB;21698.020000000000000;
202408;1403;9970000000;VL_PG_RC;-87.840000000000000;
202408;1081;1979004692;COTAS;688722.945101000000000;
202408;1081;9970000000;COTAS;9090272.000000000000000;
202408;1081;2005000329;TIT_PUB;1982469.260000000000000;
202408;1434;1980002347;OPERACAO_PARTICIPANTE;29824.390000000000000;
202408;1081;2006000365;IMOVEIS;1324000.000000000000000;
202408;1081;1979004692;COTAS;19316828.000000000000000;
202408;895;9970000000;VL_PG_RC;0.000000000000000;
202408;1081;9970000000;COTAS;15065608.821697000000000;
202408;967;2000004318;COTAS;5133650.291349000000000;
202408;1081;1979004692;COTAS;44380782.234481000000000;
202408;919;1980000719;OPERACAO_PARTICIPANTE;1877460.237819739500000;
202408;941;1998007774;COTAS;22552775.213480000000000;
202408;1434;1985000474;COTAS;17776664.821764000000000;
202408;1081;1979004692;TIT_PRIV;8675714.570000000000000;
202408;1033;1996003674;TIT_PUB;1310943595.240000000000000;
202408;922;1981001018;TIT_PUB;246232006.240000000000000;
202408;1434;1985000474;COTAS;28359021.091875000000000;04495282000104
202408;1081;2002001456;COTAS;50882797.520000000000000;
202408;1081;2006000365;TIT_PRIV;24672.040000000000000;
202408;1434;1985000474;COTAS;5094821.576238000000000;17285268000110
202408;1081;2003001311;COTAS;196.652242000000000;
202408;1033;2000007538;COTAS;15474.175689000000000;
202408;922;2017001392;COTAS;34193809.617000000000000;
202408;941;1998007774;COTAS;28361466.103977000000000;
202408;967;2002003947;CAIXA;0.000000000000000;
202408;1081;9970000000;OP_COMP;67247103.640000000000000;
202408;941;1998007774;COTAS;54852797.744950000000000;
202408;1081;2003001311;COTAS;-11286.461395000000000;
202408;1105;2010001265;COTAS;1042140.400000000000000;56705255000104
202408;922;2017001392;COTAS;21215608.684388000000000;
202408;1081;2003001311;COTAS;562996.880114000000000;
202408;1033;2000007538;COTAS;345669.420933000000000;
202408;1081;2003001311;COTAS;545900.302643000000000;
202408;922;2017001392;TIT_PUB;327786190.880000000000000;
202408;1105;9970000000;COTAS;1568806.351318000000000;
202408;1081;2005000329;ACOES;93208.090000000000000;
202408;1136;1980001911;OPERACAO_PARTICIPANTE;49815152.770000000000000;
202408;967;2013001592;COTAS;3978000.000000000000000;
202408;1081;2005000329;COTAS;52926.471214000000000;
202408;1434;1986000192;COTAS;5038772.515670000000000;
202408;936;1990001483;ACOES;28646.540000000000000;
202408;1081;2005000329;VL_PG_RC;-23151.130000000000000;
202408;936;1990001483;COTAS;10021335.332044000000000;
202408;1434;1986000192;COTAS;16214661.178155000000000;04495282000104
202408;936;1990001483;COTAS;6621895.052549000000000;
202408;941;1998007774;COTAS;60508451.170474000000000;
202408;967;2013001592;COTAS;1344583.159927000000000;
202408;1434;1996002211;COTAS;15221937.266379000000000;
202408;941;2023000165;VL_PG_RC;1303.750000000000000;
202408;1081;2010004256;COTAS;6249562.000000000000000;
202408;1033;2000007538;COTAS;24988714.618996000000000;
202408;936;1990001483;COTAS;3345223.648115000000000;
202408;967;2013001592;COTAS;163904223.779677000000000;05091139000101
202408;1081;2006000365;CAIXA;9237.750000000000000;
202408;936;1990001483;COTAS;9171312.356080000000000;
202408;936;1990001483;VL_PG_RC;2408748.000000000000000;
202408;1136;9970000000;CAIXA;4414.690000000000000;
202408;1081;2015000992;CAIXA;30005.750000000000000;
202408;971;2000006711;COTAS;15906816.530780000000000;
202408;1081;2010004256;ACOES;2756301.190000000000000;
202408;1434;1996002211;COTAS;34973741.597848000000000;04495282000104
202408;936;1998003256;COTAS;1183395.142720000000000;
202408;971;2000006711;COTAS;2831260.615113000000000;
202408;1081;2010004256;VL_PG_RC;-151994.360000000000000;
202408;936;1998003256;COTAS;975883.293241000000000;
202408;971;2000006711;COTAS;2518707.016751000000000;
202408;1081;2015000992;COTAS;33945.600000000000000;
202408;1434;1996002211;COTAS;10189643.152475000000000;17285268000110
202408;936;1998003256;COTAS;9546708.297867000000000;
202408;1171;2000008429;COTAS;2649180.864441000000000;
202408;1081;2016002247;COTAS;14453.400000000000000;
202408;1033;2000007538;VL_PG_RC;-158176.400000000000000;
202408;1081;2016002247;COTAS;136354.080000000000000;
202408;941;9970000000;CAIXA;4885.570000000000000;
202408;1081;2015000992;COTAS;1210144.827999000000000;
202408;1081;2016002311;COTAS;29192.623300000000000;
202408;1171;9970000000;COTAS;0.005964000000000;
202408;1081;2016002247;CAIXA;6532.590000000000000;
202408;1051;1991001411;COTAS;33202799.692414000000000;
202408;1434;1997000474;VL_PG_RC;9020991.720000000000000;
202408;1081;2016002247;COTAS;158564.705777000000000;
202408;1051;1991001411;COTAS;54472705.687113000000000;
202408;1051;1991001411;OPERACAO_PARTICIPANTE;100668038.570000000000000;
202408;936;1998003256;COTAS;383769.139781000000000;
202408;1051;1991001411;TIT_PUB;1467438022.670000000000000;
202408;971;2000006711;COTAS;86778449.218503000000000;50132470000187
202408;1081;2021001547;CAIXA;4576.240000000000000;
202408;1051;9970000000;CAIXA;5698.780000000000000;
202408;941;9970000000;COTAS;2194111.909799000000000;
202408;1434;2000006965;COTAS;67259.959776000000000;
202408;1081;9970000000;COTAS;2324408.392646000000000;
202408;936;2010002156;COTAS;141310.760413000000000;
202408;1171;9970000000;TIT_PRIV;186797.730000000000000;
202408;1081;2016002311;COTAS;18696.600000000000000;
202408;1434;2000006965;COTAS;135.135674000000000;
202408;936;2010002156;COTAS;4744340.929814000000000;
202408;1081;9970000000;TIT_PUB;98998184.180000000000000;
202408;984;1981000992;COTAS;224885.413474000000000;
202408;936;2010002156;COTAS;18823390.812905000000000;
202408;1078;1984000918;COTAS;28381826.988282000000000;
202408;984;1985001292;COTAS;1541918.651882000000000;
202408;1184;1979005583;TIT_PUB;17606903.740000000000000;
202408;936;2010002156;OPERACAO_PARTICIPANTE;39972413.389471502800000;
202408;1105;1997003147;COTAS;41012696.091557000000000;56705255000104
202408;984;1985001292;VL_PG_RC;278652.410000000000000;
202408;1184;9970000000;COTAS;4496930.708600000000000;
202408;1105;2010001265;TIT_PUB;9867871.330000000000000;
202408;953;1976000165;CAIXA;543924.540000000000000;
202408;953;1976000165;COTAS;16386190.887510000000000;
202408;1198;1998003019;COTAS;2804757.043090000000000;
202408;1434;2000006965;COTAS;6301429.665399000000000;
202408;941;1980001618;COTAS;4391685.404304000000000;
202408;1198;1998003019;COTAS;1684448.210170000000000;
202408;984;1985001365;COTAS;56123747.606581000000000;
202408;941;1980001618;COTAS;28246190.404683000000000;
202408;1198;2019001111;COTAS;3307018.141012000000000;
202408;953;1976000238;VL_PG_RC;-41685.680000000000000;
202408;1081;1979004374;COTAS;2888.128515000000000;
202408;1198;9970000000;CAIXA;120015.590000000000000;
202408;967;2000001947;COTAS;345108422.865913000000000;05113533000101
202408;984;1990001629;COTAS;3128486.223844000000000;
202408;941;1980001618;VL_PG_RC;140712034.110000000000000;
202408;967;2000004318;VL_PG_RC;37900.410000000000000;
202408;1105;9970000000;CAIXA;5741.230000000000000;
202408;984;1990001629;COTAS;791862.292913000000000;
202408;1198;9970000000;COTAS;10710473.149505000000000;
202408;1081;2016002311;COTAS;940478.518002000000000;
202408;1105;9970000000;COTAS;2827117.865198000000000;48966312000180
202408;1208;1979005265;IMOVEIS;118165799.070000000000000;
202408;941;1998007774;COTAS;18577920.446640000000000;
202408;1081;9970000000;COTAS;1766267.567475000000000;
202408;984;1994002883;COTAS;8111936.746004000000000;
202408;941;1998007774;VL_PG_RC;46593283.070000000000000;
202408;1081;1979004447;COTAS;24124050.453412000000000;
202408;967;2013001592;TIT_PRIV;850444.380000000000000;
202408;967;1991001029;CAIXA;32533.370000000000000;
202408;1434;2005005029;CAIXA;3007841.480000000000000;
202408;1105;9970000000;VL_PG_RC;0.000000000000000;
202408;984;1994002883;COTAS;238971.336491000000000;
202408;1208;1995003956;COTAS;1705106961.549997000000000;04667988000106
202408;1434;2005005029;COTAS;11977361.028944000000000;
202408;1136;1980001911;COTAS;589306950.125007000000000;04573104000146
202408;967;1991001029;COTAS;3644488.500000000000000;
202408;1208;1998001474;ACOES;14086852.720000000000000;
202408;1081;1979004447;COTAS;18043213.429784000000000;
202408;1081;9970000000;VL_PG_RC;-1616568.610000000000000;
202408;967;1991001029;COTAS;633547.087507000000000;
202408;1208;1998001474;CAIXA;1711.960000000000000;
202408;1434;2005005029;OPERACAO_PARTICIPANTE;26575570.570000000000000;
202408;1105;1997003147;COTAS;1989.099607000000000;
202408;967;2000000819;COTAS;314687.022180000000000;
202408;967;2013001592;VL_PG_RC;249188.290000000000000;
202408;984;2000007783;COTAS;18284496.653666000000000;
202408;1105;1997003147;COTAS;8603220.315308000000000;
202408;984;2000007783;OPERACAO_PARTICIPANTE;718399.570000000000000;
202408;1105;1997003147;VL_PG_RC;-5990178.930000000000000;
202408;1208;2013001411;CAIXA;89289.160000000000000;
202408;1434;2008000974;COTAS;14414122.941015000000000;33624828000170
202408;1105;2010001265;VL_PG_RC;-2281.720000000000000;
202408;967;4009670029;COTAS;2432945187.097168000000000;21596134000197
202408;1081;1979004447;COTAS;81940273.684150000000000;
202408;967;2000000819;OPERACAO_PARTICIPANTE;26289.080000000000000;
202408;1136;1998006018;COTAS;12807911.790150000000000;17804124000122
202408;967;9970000000;COTAS;1001442726.167833000000000;20726687000154
202408;984;2005001538;COTAS;29272025.950547000000000;
202408;1136;1998005992;CAIXA;1315.280000000000000;
202408;1081;1979004447;TIT_PUB;1037105183.270000000000000;
202408;984;2005001538;COTAS;5839893.421486000000000;
202408;1208;2013001411;COTAS;261650624.970000000000000;26355036000181
202408;1136;9970000000;COTAS;56503509.378790000000000;17804124000122
202408;967;2000000983;COTAS;86007.408472000000000;
202408;1434;2008000974;TIT_PUB;55573631.140000000000000;
202408;1225;1979002347;VL_PG_RC;0.000000000000000;
202408;1171;2000008429;COTAS;3657137.261708000000000;
202408;967;2000000983;COTAS;11790572.890814000000000;05113533000101
202408;1081;2002001456;CAIXA;1523556.870000000000000;
202408;1171;2000008429;TIT_PRIV;82093.670000000000000;
202408;1239;1979002738;CAIXA;106945949.400000000000000;
202408;1171;9970000000;COTAS;1567449.573158000000000;
202408;1081;2002001456;COTAS;213.275151000000000;
202408;984;2005001538;COTAS;978691.438318000000000;
202408;967;2002003947;COTAS;5004373.172768000000000;
202408;971;2000006711;CAIXA;26325102.680000000000000;
202408;1171;9970000000;COTAS;2321803.348508000000000;
202408;1171;9970000000;COTAS;2658671.642307000000000;
202408;1081;2003001311;COTAS;276205.800000000000000;
202408;984;2017001211;CAIXA;55826.670000000000000;
202408;1184;1984000292;VL_PG_RC;-44.690000000000000;
202408;984;2017001211;COTAS;8860867.977122000000000;
202408;967;2002003947;COTAS;834445595.174124000000000;05113533000101
202408;971;2000006711;COTAS;1022030.829803000000000;
202408;1184;9970000000;CAIXA;32685.600000000000000;
202408;1434;9970000000;VL_PG_RC;402770.490000000000000;
202408;967;2002003947;OPERACAO_PARTICIPANTE;2372088.510102326400000;
202408;971;2000006711;COTAS;5223965.962019000000000;
202408;1081;2003001311;COTAS;709848.360522000000000;
202408;1451;1979001618;IMOVEIS;3797818.620000000000000;
202408;967;2013001592;CAIXA;0.000000000000000;
202408;1239;1979002738;VL_PG_RC;-1329990.110000000000000;
202408;967;2013001592;COTAS;59126.855359000000000;
202408;1184;9970000000;VL_PG_RC;0.000000000000000;
202408;971;2000006711;COTAS;831433.308321000000000;
202408;967;2013001592;COTAS;8657708.897815000000000;10462501000143
202408;1198;1998003019;COTAS;6158750.179651000000000;
202408;984;1981000992;COTAS;8953034.097133000000000;
202408;967;2013001592;COTAS;55635998.760000000000000;36521658000196
202408;1451;2006002929;COTAS;935437.332544000000000;
202408;984;1981000992;COTAS;1832892.016010000000000;
202408;1171;9970000000;COTAS;369387.062055000000000;
202408;1081;2003001311;COTAS;281907.646622000000000;
202408;1239;1979002983;VL_PG_RC;-64954.000000000000000;
202408;1198;1998003019;OPERACAO_PARTICIPANTE;15211876.647825540000000;
202408;984;2017001211;COTAS;52026272.328072000000000;
202408;1239;1979003092;IMOVEIS;2801992.640000000000000;
202408;1184;2022000218;VL_PG_RC;0.000000000000000;
202408;984;1985001365;VL_PG_RC;-67242.850000000000000;
202408;967;4009670029;COTAS;215780.790583000000000;
202408;1198;1998003019;COTAS;522311.982876000000000;
202408;984;1990001629;COTAS;177217.700481000000000;
202408;967;9970000000;CAIXA;0.000000000000000;
202408;1208;1979005265;COTAS;1814964191.690005000000000;04682806000168
202408;984;2017001211;COTAS;1511949.945307000000000;
202408;1239;1979003092;TIT_PRIV;441265.839743000000000;
202408;1198;1998003019;COTAS;3187441.679909000000000;
202408;1451;2006002929;COTAS;2483570.410862000000000;
202408;1239;1982002247;COTAS;1231114.918065000000000;
202408;1208;1995003956;ACOES;257008794.600000000000000;
202408;984;1990001629;COTAS;90917.806788000000000;
202408;1239;1982002247;OPERACAO_PARTICIPANTE;49876416.015232330000000;
202408;1081;2003001311;COTAS;4365238.279730000000000;
202408;1198;1998003019;VL_PG_RC;556750.260000000000000;
202408;984;1994002883;COTAS;403716.815654000000000;
202408;1451;2006002929;COTAS;13983330.966077000000000;35491278000193
202408;984;2017001211;OPERACAO_PARTICIPANTE;3936180.360000000000000;
202408;967;9970000000;COTAS;164347544.166909000000000;10462501000143
202408;984;2000007783;COTAS;1035752.187990000000000;
202408;1239;1982002311;IMOVEIS;7913882.480000000000000;
202408;971;2000006711;COTAS;2034101.784358000000000;
202408;1198;2019001111;CAIXA;330946.610000000000000;
202408;1208;1995003956;CAIXA;101896.910000000000000;
202408;1239;1995003311;COTAS;90254245.469838000000000;
202408;1451;2006002929;OPERACAO_PARTICIPANTE;111776.710000000000000;
202408;1198;2019001111;COTAS;18927820.601695000000000;
202408;984;2000007783;COTAS;531370.833972000000000;
202408;1239;1995003311;COTAS;19801506.909258000000000;
202408;984;2005001538;COTAS;4750528.811202000000000;
202408;1239;1998007383;VL_PG_RC;-53890.280000000000000;
202408;1081;2003001311;TIT_PUB;25809611.310000000000000;
202408;984;2017001211;COTAS;2947104.665613000000000;
202408;971;2000006711;COTAS;7929350.664608000000000;
202408;1239;2018000829;CAIXA;0.000000000000000;
202408;1451;9970000000;COTAS;4672989.704891000000000;
202408;984;2017001211;COTAS;1180909.928585000000000;
202408;1198;2019001111;COTAS;2292662.702272000000000;
202408;984;9970000000;COTAS;26946.865968000000000;
202408;1081;2006000365;VL_PG_RC;-4593.110000000000000;
202408;1479;1997002711;CAIXA;2969837.040000000000000;
202408;1208;1995003956;COTAS;16631228.900001000000000;19673072000128
202408;984;1981000992;CAIXA;293223.980000000000000;
202408;1081;2010004256;COTAS;599086.800000000000000;
202408;1208;1995003956;IMOVEIS;157280403.240000000000000;
202408;1479;1997002711;COTAS;93125933.039701000000000;
202408;984;9970000000;CAIXA;38994.880000000000000;
202408;998;1988001129;ACOES;284020.600000000000000;
202408;1081;2010004256;COTAS;1556150.085625000000000;
202408;1479;1997002711;COTAS;146355049.066049000000000;
202408;1239;1979002819;COTAS;454682.744873000000000;
202408;998;1988001129;COTAS;279844.740000000000000;
202408;984;1981000992;COTAS;186429.894297000000000;
202408;1479;1997002711;COTAS;21532010.546206000000000;
202408;998;1988001129;COTAS;8996307.860834000000000;
202408;984;1981000992;COTAS;288546.200401000000000;
202408;1479;1997002711;COTAS;8017404121.307203000000000;08576322000195
202408;998;1988001129;VL_PG_RC;15715172.590000000000000;
202408;984;1981000992;COTAS;805240.654342000000000;
202408;1479;1997002711;COTAS;123792186.414568000000000;52285421000100
202408;1081;2010004256;TIT_PRIV;6021203.390000000000000;
202408;1239;1979002819;OPERACAO_PARTICIPANTE;29159485.196069730000000;
202408;1208;9970000000;ACOES;11055526.180000000000000;
202408;984;1985001292;CAIXA;26831.660000000000000;
202408;984;9970000000;COTAS;1045089.487493000000000;
202408;1239;2018000918;VL_PG_RC;-92.720000000000000;
202408;1239;1979002819;TIT_PRIV;1434346.718431000000000;
202408;1479;1997002711;OPERACAO_PARTICIPANTE;391088132.569122113700000;
202408;1239;1979002983;COTAS;1694546.989033000000000;
202408;1033;1975000218;VL_PG_RC;-2099450.850000000000000;
202408;984;9970000000;COTAS;63191.706204000000000;
202408;1239;1979002983;IMOVEIS;1975308.440000000000000;
202408;1033;1979003556;COTAS;27465569.170923000000000;
202408;1479;1997002892;COTAS;77057328.867155000000000;41326144000110
202408;1479;1997002892;COTAS;150929037.127749000000000;52322683000105
202408;1033;1979003556;COTAS;17936097.194063000000000;
202408;998;1998006638;COTAS;1149195532.867564000000000;05024715000106
202408;1239;2019000229;CAIXA;0.000000000000000;
202408;1479;2012000738;COTAS;1583311.123361000000000;
202408;1239;1979003238;COTAS;4226206.964493000000000;
202408;998;1998006638;COTAS;449118833.626993000000000;18138767000147
202408;1479;2012000738;COTAS;922374.954250000000000;
202408;1239;1979003238;OPERACAO_PARTICIPANTE;72435493.352592150000000;
202408;1033;1979003556;COTAS;7878934.438692000000000;
202408;998;1998006638;OPERACAO_PARTICIPANTE;38773438.706176797700000;
202408;1239;2019000229;COTAS;70780094.704515000000000;17518976000153
202408;1239;1982002018;VL_PG_RC;1547594.400000000000000;
202408;998;9970000000;COTAS;42661075.882254000000000;04701088000120
202408;1479;2012000738;COTAS;829598.522884000000000;
202408;1239;1982002174;COTAS;84953.138646000000000;
202408;984;1990001629;CAIXA;3357.000000000000000;
202408;1239;1979002983;OPERACAO_PARTICIPANTE;4311018.876890730000000;
202408;1479;9970000000;VL_PG_RC;0.000000000000000;
202408;1033;1979003556;TIT_PRIV;212843390.390000000000000;
202408;984;1990001629;COTAS;252677.718493000000000;
202408;1081;2016002247;COTAS;21245.966756000000000;
202408;1239;2022000511;CAIXA;0.000000000000000;
202408;1033;1975000218;COTAS;36622.455494000000000;
202408;1482;1979005411;CAIXA;1895.880000000000000;
202408;1239;1982002174;COTAS;1526722661.529074000000000;05754026000149
202408;1033;1975000218;COTAS;123479.858666000000000;
202408;1033;1996003674;COTAS;2625184.530000000000000;
202408;1239;2022000511;COTAS;11543204.907833000000000;17518976000153
202408;1239;1979003165;TIT_PRIV;3065715.763368000000000;
202408;1033;1996003674;COTAS;25332965.122167000000000;
202408;1239;2022002547;VL_PG_RC;-19.550000000000000;
202408;984;1990001629;COTAS;120449.304756000000000;
202408;1242;1985001683;CAIXA;53743.580000000000000;
202408;1482;1982000211;CAIXA;0.000000000000000;
202408;1239;1982002174;OPERACAO_PARTICIPANTE;13906444.561490130000000;
202408;1239;1979003238;TIT_PRIV;10666592.748641000000000;
202408;1033;1996003674;COTAS;140177.997933000000000;
202408;1239;1995003311;CAIXA;0.000000000000000;
202408;1239;1979003319;VL_PG_RC;0.000000000000000;
202408;1242;1985001683;COTAS;515070.770000000000000;
202408;1239;1995003311;COTAS;273932302.535813000000000;
202408;984;1990001629;COTAS;351075.005802000000000;
202408;1033;1996003674;COTAS;38574330.939025000000000;
202408;1081;2016002311;COTAS;170442.600000000000000;
202408;1239;1995003311;VL_PG_RC;-3056398.400000000000000;
202408;1033;1996003674;COTAS;90266.024677000000000;
202408;1033;2000007538;COTAS;5.823680000000000;
202408;1482;1982000465;CAIXA;1174715.980000000000000;
202408;1033;1996003674;COTAS;977272.526298000000000;
202408;1033;2000007538;COTAS;48830467.234819000000000;
202408;1482;1983000329;VL_PG_RC;-15800.690000000000000;
202408;1242;1985001683;COTAS;633522.500000000000000;
202408;1239;1998007383;COTAS;16760466.128104000000000;17518976000153
202408;1242;1985001683;COTAS;637651.570000000000000;
202408;1482;1985000865;TIT_PRIV;202.300000000000000;
202408;1239;2018000829;COTAS;22016576.163205000000000;17518976000153
202408;1081;2016002311;COTAS;12625.699515000000000;
202408;1033;2000007538;COTAS;38301415.575681000000000;
202408;1242;1985001683;COTAS;5334657.859435000000000;
202408;984;1994002883;COTAS;142784.649112000000000;
202408;1239;1982002247;CAIXA;193876133.080000000000000;
202408;1033;2000007538;COTAS;60886.527832000000000;
202408;1242;1985001683;COTAS;253598233.581469000000000;17435331000157
202408;1239;1982002311;CAIXA;2447.240000000000000;
202408;1482;1987000692;COTAS;44686.911084000000000;
202408;1239;2020000083;ACOES;113275.870000000000000;
202408;1033;2000007538;COTAS;304470047.727651000000000;18000701000196
202408;1033;2000007538;OPERACAO_PARTICIPANTE;7971816.727274548700000;
202408;1081;9970000000;CAIXA;7384.990000000000000;
202408;984;2000007783;CAIXA;19620.140000000000000;
202408;1239;1995003311;COTAS;123330051.617810000000000;
202408;1482;1987000692;TIT_PRIV;3708.750000000000000;
202408;1239;2020000083;CAIXA;0.000000000000000;
202408;1242;2021001792;COTAS;171660.720000000000000;
202408;1105;1974000419;COTAS;1191.884601000000000;
202408;1242;2021001792;COTAS;332401.848269000000000;
202408;1239;2022001011;OPERACAO_PARTICIPANTE;5401139.279783550000000;
202408;1239;1998007383;OPERACAO_PARTICIPANTE;146772.390000000000000;
202408;1482;1987000838;CAIXA;0.000000000000000;
202408;1242;2021001792;COTAS;1048327.256068000000000;
202408;1239;1998007383;TIT_PUB;2884168.950000000000000;
202408;1482;1987001265;VL_PG_RC;-11442.380000000000000;
202408;1256;2009001265;CAIXA;63368.750000000000000;
202408;1051;1991001411;COTAS;52896610.736247000000000;
202408;1242;1985001683;COTAS;519030.990000000000000;
202408;984;2000007783;COTAS;1476779.684452000000000;
202408;1105;1974000419;IMOVEIS;28616559.820000000000000;
202408;1239;2019002965;CAIXA;0.000000000000000;
202408;1261;9970000000;COTAS;2214082.526638000000000;
202408;1105;1974000419;TIT_PUB;1081364801.990000000000000;
202408;1033;2000007538;COTAS;54275164.999152000000000;
202408;1051;1991001411;COTAS;24830138.448358000000000;
202408;1242;1985001683;COTAS;314469.810000000000000;
202408;1482;1987001419;CAIXA;0.000000000000000;
202408;1081;1979004374;COTAS;36.972300000000000;
202408;1239;2019002965;COTAS;3047264.105107000000000;17518976000153
202408;1273;1985000229;IMOVEIS;612000.000000000000000;
202408;1482;1987001419;OPERACAO_PARTICIPANTE;375928.980000000000000;
202408;1081;1979004447;ACOES;28838158.990000000000000;
202408;1273;1985000229;TIT_PUB;76088370.970000000000000;
202408;1242;1985001683;COTAS;644025.060000000000000;
202408;1081;1979004447;COTAS;81944867.423561000000000;
202408;1105;1997003147;CAIXA;3628.600000000000000;
202408;1242;1985001683;COTAS;455170.900000000000000;
202408;1239;2020000083;IMOVEIS;12765268.920000000000000;
202408;984;2000007783;COTAS;2051864.483132000000000;
202408;1314;2005000965;COTAS;64723447.153116000000000;
202408;1242;1985001683;COTAS;7669429.235257000000000;
202408;984;2005001538;COTAS;990104.552354000000000;
202408;1359;1991002165;COTAS;8091961.140004000000000;
202408;1242;1985001683;COTAS;64687494.607990000000000;11541979000121
202408;984;2005001538;COTAS;2902814.467474000000000;
202408;1359;1991002165;COTAS;5040223.143762000000000;
202408;1242;2021001792;COTAS;261067.400000000000000;
202408;984;2005001538;COTAS;6939399.300925000000000;
202408;1239;2021000656;VL_PG_RC;0.000000000000000;
202408;1081;1979004692;CAIXA;40318.430000000000000;
202408;1105;1997003147;COTAS;138668146.969056000000000;48966312000180
202408;1239;2022001011;VL_PG_RC;-3896.800000000000000;
202408;984;2005001538;COTAS;840143.914125000000000;
202408;1033;2000007538;TIT_PUB;87697954.970000000000000;
202408;1081;1979004692;COTAS;30.300807000000000;
202408;1242;2021001792;COTAS;1635902.779811000000000;
202408;984;2005001538;COTAS;2636991.546137000000000;
202408;1482;1988002338;COTAS;14375863.767286000000000;
202408;1242;2021001792;COTAS;7041082.555031000000000;
202408;1105;1997003147;OPERACAO_PARTICIPANTE;38626516.420030056000000;
202408;1033;9970000000;CAIXA;24856.960000000000000;
202408;1242;2021001792;COTAS;7958956.048434000000000;43651064000165
202408;1105;2010001265;COTAS;3369779.442045000000000;
202408;1051;1991001411;ACOES;21785400.000000000000000;
202408;1256;2009001265;VL_PG_RC;-5181.340000000000000;
202408;1105;2010001265;COTAS;12740864.480809000000000;
202408;1239;9970000000;COTAS;266034281.260665000000000;
202408;1256;9970000000;CAIXA;77252.350000000000000;
202408;1482;1988002656;VL_PG_RC;-20530.430000000000000;
202408;1105;2010001265;COTAS;4526564.128428000000000;
202408;1242;1985001683;COTAS;689413.400000000000000;
202408;1482;1989000592;TIT_PUB;5339595.940000000000000;
202408;1105;9970000000;TIT_PRIV;18346918.850000000000000;
202408;1359;1991002238;CAIXA;26123.670000000000000;
202408;1081;1979004692;IMOVEIS;2185250.150000000000000;
202408;1261;1980000311;COTAS;666667339.966362000000000;
202408;1359;1991002238;COTAS;31151253.040224000000000;
202408;1242;1985001683;COTAS;27278983.440795000000000;
202408;1482;1989000665;VL_PG_RC;-9606.500000000000000;
202408;1359;1991002238;COTAS;2296038.414523000000000;
202408;1081;2002001456;COTAS;16657.558129000000000;
202408;1482;1989001483;CAIXA;226752.990000000000000;
202408;1051;1991001411;COTAS;132463285.359990000000000;
202408;1261;2005006165;VL_PG_RC;-3117.850000000000000;
202408;1359;1991002238;COTAS;14786092.925344000000000;
202408;1136;1980001911;CAIXA;50393.530000000000000;
202408;1482;1989001556;CAIXA;325916.380000000000000;
202408;1359;2014001774;COTAS;659028.608153000000000;
202408;1081;2002001456;COTAS;156403124.724159000000000;
202408;984;2005001538;VL_PG_RC;434254.770000000000000;
202408;1314;2005000965;CAIXA;296621.320000000000000;
202408;1081;2003001311;ACOES;1010447.970000000000000;
202408;1136;1998006018;VL_PG_RC;-256.040000000000000;
202408;1051;1991001411;COTAS;55295197.805195000000000;
202408;1314;2005000965;VL_PG_RC;-265959.840000000000000;
202408;984;9970000000;COTAS;32349.755832000000000;
202408;1051;1991001411;OPCOES;2576250.720000000000000;
202408;1381;2006005138;COTAS;15047051.653329000000000;
202408;1314;9970000000;VL_PG_RC;-81.840000000000000;
202408;1051;1991001411;VL_PG_RC;-231696.620000000000000;
202408;1482;1989002129;CAIXA;7302.620000000000000;
202408;1359;1991002165;COTAS;24374.200919000000000;
202408;1051;9970000000;COTAS;4314007.238547000000000;
202408;1081;2003001311;CAIXA;26166.320000000000000;
202408;1242;1985001683;COTAS;2297803.037934000000000;
202408;1078;1984000918;COTAS;88325862.947305000000000;01424041000178
202408;1381;9970000000;COTAS;17612985.754698000000000;
202408;1242;2021001792;CAIXA;32455.910000000000000;
202408;1482;1989002447;TIT_PRIV;741.750000000000000;
202408;1081;2003001311;COTAS;2.525067000000000;
202408;998;1988001129;COTAS;3718389545.628641000000000;05681154000100
202408;1482;1990002056;CAIXA;15715.940000000000000;
202408;1081;2005000329;COTAS;14.624530000000000;
202408;998;1988001129;TIT_PRIV;5407569.600000000000000;
202408;1403;1981000747;ACOES;13126.750000000000000;
202408;1242;2021001792;COTAS;185554.210000000000000;
202408;1359;1991002165;COTAS;1728425.913700000000000;
202408;1078;1984000918;TIT_PRIV;885489.530000000000000;
202408;1242;2021001792;COTAS;112669.050000000000000;
202408;1171;1981001492;COTAS;909872.434968000000000;
202408;1081;2005000329;COTAS;24000.600000000000000;
202408;1081;1979004374;COTAS;23360259.794335000000000;
202408;1403;1981000747;COTAS;958840.842107000000000;
202408;1242;2021001792;COTAS;211364.640000000000000;
202408;1171;2000008429;ACOES;411236.000000000000000;
202408;1359;1991002165;COTAS;4687831.495639000000000;
202408;1242;2021001792;COTAS;7713048.946545000000000;
202408;1482;1992001911;VL_PG_RC;-0.730000000000000;
202408;1081;2006000365;COTAS;3999199.106484000000000;
202408;1359;1991002165;OPERACAO_PARTICIPANTE;896832.040000000000000;
202408;1242;2021001792;COTAS;964229.513544000000000;
202408;1482;1993001565;COTAS;1206977.935427000000000;
202408;1359;1991002238;COTAS;47769533.307025000000000;
202408;1242;2021001792;COTAS;2097257.429692000000000;
202408;1482;1993002911;COTAS;41243508.885744000000000;
202408;1359;2014001774;CAIXA;132950.570000000000000;
202408;1081;2010004256;COTAS;0.637912000000000;
202408;1482;1996002538;COTAS;5011167.596968000000000;
202408;1359;2014001774;COTAS;165824.996604000000000;
202408;1081;2015000992;COTAS;39988.344278000000000;
202408;1482;1996003811;CAIXA;0.000000000000000;
202408;1403;1981000747;COTAS;1369024.441667000000000;
202408;1381;1980002411;IMOVEIS;95755000.000000000000000;
202408;1081;1979004374;IMOVEIS;2665637.170000000000000;
202408;1482;1997005011;COTAS;66.709496000000000;
202408;1403;1981000747;COTAS;1221344.151140000000000;
202408;998;1998006638;COTAS;14256884.113756000000000;
202408;1081;1979004447;CAIXA;494601.930000000000000;
202408;1482;1998003418;COTAS;688749.666585000000000;
202408;1381;1980002411;TIT_PRIV;556312.310000000000000;
202408;998;1998006638;COTAS;258430275.192224000000000;09075867000180
202408;1381;2006005138;COTAS;7566448.607781000000000;
202408;998;1998006638;VL_PG_RC;-259941.320000000000000;
202408;1403;2000008038;COTAS;2232343.709711000000000;
202408;1381;9970000000;CAIXA;828.290000000000000;
202408;1482;1998003418;COTAS;2188984.551273000000000;31032327000179
202408;1081;2015000992;COTAS;284071.000000000000000;
202408;1403;2000008038;COTAS;5653665.983984000000000;
202408;1381;9970000000;COTAS;7725487.497588000000000;
202408;1171;2000008429;COTAS;1366870.456614000000000;
202408;1033;1975000218;CAIXA;5619368.030000000000000;
202408;1242;2021001792;COTAS;30704309.627974000000000;17435331000157
202408;1171;2000008429;COTAS;8157449.632353000000000;
202408;1081;2016002247;COTAS;158572.706775000000000;
202408;1033;1979003556;COTAS;9321674.564396000000000;
202408;1403;1981000747;COTAS;311201.120789000000000;
202408;1081;2021001547;COTAS;370999.765922000000000;
202408;1403;2000008038;OPERACAO_PARTICIPANTE;2293960.330002655300000;
202408;1403;1981000747;COTAS;891638.661751000000000;
202408;1171;2000008429;COTAS;3188499.261883000000000;
202408;1081;9970000000;COTAS;672016.800000000000000;
202408;1482;1998003474;CAIXA;425.810000000000000;
202408;1081;9970000000;TIT_PRIV;4683454.890000000000000;
202408;1171;9970000000;COTAS;37047.580416000000000;
202408;1081;1979004447;COTAS;3778020.298471000000000;
202408;1482;1998004392;TIT_PRIV;674.320000000000000;
202408;1403;1981000747;VL_PG_RC;-428.880000000000000;
202408;1081;1979004447;COTAS;166.282321000000000;
202408;1403;2008004783;COTAS;6568653.165571000000000;
202408;1403;2000008038;COTAS;9288715.604293000000000;
202408;1081;1979004692;ACOES;7368595.970000000000000;
202408;1403;2016000619;COTAS;9955693.572181000000000;
202408;1261;2005006165;COTAS;163484028.865850000000000;
202408;1482;1998005747;COTAS;2864991.889135000000000;31032327000179
202408;1033;1979003556;TIT_PUB;3634626101.000000000000000;
202408;1184;1984000111;IMOVEIS;6256557.450000000000000;
202408;1261;9970000000;VL_PG_RC;0.000000000000000;
202408;1482;1999000218;TIT_PRIV;7518.650000000000000;
202408;1105;1974000419;VL_PG_RC;521300.810000000000000;
202408;1081;1979004692;COTAS;22928508.657010000000000;
202408;1403;2016000619;COTAS;4617702.525590000000000;
202408;1184;1984000292;IMOVEIS;37070442.550000000000000;
202408;1403;2016000619;COTAS;5562103.938784000000000;
202408;1403;2000008038;COTAS;1547490.856925000000000;
202408;1184;1984000292;TIT_PUB;251259429.850000000000000;
202408;1081;2002001456;COTAS;27661837.674793000000000;
202408;1273;1985000229;VL_PG_RC;-593915.510000000000000;
202408;1081;2002001456;VL_PG_RC;-19940219.620000000000000;
202408;1184;2022000218;TIT_PUB;259527.850000000000000;
202408;1403;2016000619;COTAS;16265593.671146000000000;41300431000150
202408;1105;1997003147;COTAS;2643847.136535000000000;
202408;1403;2000008038;COTAS;3794382.113074000000000;
202408;1482;1999001419;VL_PG_RC;-13234.820000000000000;
202408;1033;1996003674;COTAS;108015.884829000000000;
202408;1105;2010001265;COTAS;793154.072850000000000;
202408;1081;2003001311;COTAS;4365484.032541000000000;
202408;1482;1999001818;COTAS;28577217.516377000000000;
202408;1403;9970000000;COTAS;192869.640370000000000;
202408;1359;1991002165;COTAS;11955613.751538000000000;
202408;1482;2000003192;COTAS;4773496.044901000000000;32273402000156
202408;1198;1998003019;COTAS;1364885.253070000000000;
202408;1403;9970000000;COTAS;83545.043398000000000;
202408;1359;1991002165;COTAS;5541978.295209000000000;
202408;1482;2000007211;CAIXA;0.000000000000000;
202408;1198;1998003019;COTAS;5604097.007429000000000;
202408;1033;1996003674;COTAS;474760424.095191000000000;18000701000196
202408;1198;1998003019;IMOVEIS;9623500.200000000000000;
202408;1403;9970000000;TIT_PRIV;22278.140000000000000;
202408;1359;1991002165;COTAS;5751799.815568000000000;
202408;1482;2000007211;OPERACAO_PARTICIPANTE;143869.970000000000000;
202408;1434;1986000192;OPERACAO_PARTICIPANTE;1431762.130000000000000;
202408;1359;1991002165;COTAS;23247554.724145000000000;
202408;1136;9970000000;VL_PG_RC;-3124.480000000000000;
202408;1198;9970000000;VL_PG_RC;267.300000000000000;
202408;1081;2005000329;COTAS;418782.294936000000000;
202408;1403;2008004783;COTAS;2225330.973115000000000;
202408;1033;1996003674;VL_PG_RC;-440999.980000000000000;
202408;1208;2013001411;OPERACAO_PARTICIPANTE;22946713.899610159400000;
202408;1359;1991002238;COTAS;220783.328328000000000;
202408;1482;2003000119;CAIXA;0.000000000000000;
202408;1434;1997000474;TIT_PUB;286257369.730000000000000;
202408;1359;1991002238;COTAS;1241211.481923000000000;
202408;1403;2016000619;COTAS;9762058.021342000000000;
202408;1171;1981001492;CAIXA;363.510000000000000;
202408;1225;1979002347;CAIXA;101138.950000000000000;
202408;1403;2016000619;COTAS;5922148.100000000000000;
202408;1482;2004000465;COTAS;95978750.605860000000000;21287493000162
202408;1359;1991002238;COTAS;5272026.983726000000000;
202408;1081;2005000329;TIT_PRIV;934990.830000000000000;
202408;1482;2004000538;COTAS;350139306.159449000000000;28428255000179
202408;1403;2016000619;TIT_PRIV;19857528.750000000000000;
202408;1081;2006000365;OPERACAO_PARTICIPANTE;52686.568896000000000;
202408;1225;9970000000;CAIXA;0.000000000000000;
202408;1081;2010004256;COTAS;1560270.006113000000000;
202408;1482;2004000538;OPERACAO_PARTICIPANTE;1663231.110000000000000;
202408;1482;2004001518;CAIXA;0.000000000000000;
202408;1434;1985000474;COTAS;1507991.577902000000000;
202408;1359;1991002238;COTAS;67902.062960000000000;
202408;1081;2015000992;COTAS;51080.360555000000000;
202408;1359;2014001774;COTAS;5323247.156546000000000;
202408;1482;2004003138;CAIXA;0.000000000000000;
202408;1434;2000000411;VL_PG_RC;-450043.960000000000000;
202408;1239;1979002738;COTAS;1605360.305277000000000;
202408;1434;1985000474;COTAS;18303194.560426000000000;41799499000126
202408;1171;1981001492;COTAS;12938.259442000000000;
202408;1482;2005004065;TIT_PRIV;15408.170000000000000;
202408;1081;2015000992;TIT_PUB;2357587.670000000000000;
202408;1171;2000008429;CAIXA;127447.850000000000000;
202408;1482;2005004138;COTAS;62300640.874590000000000;
202408;1081;2016002247;ACOES;35784.260000000000000;
202408;1239;1979002738;OPERACAO_PARTICIPANTE;36756747.813661520000000;
202408;1171;2000008429;COTAS;6792.750008000000000;
202408;1434;1985000474;VL_PG_RC;2188217.210000000000000;
202408;1033;2000007538;CAIXA;268291.340000000000000;
202408;1359;9970000000;COTAS;2131089.694727000000000;
202408;1434;2000006965;COTAS;0.034115000000000;
202408;1434;1986000192;TIT_PUB;178268427.150000000000000;
202408;1381;1980002411;COTAS;2487036.695881000000000;
202408;1171;2000008429;COTAS;1225799.344643000000000;
202408;1239;1979002819;ACOES;81286.160000000000000;
202408;1434;1997000474;CAIXA;21640.990000000000000;
202408;1381;2006005138;COTAS;99481.466794000000000;
202408;1239;1979002983;CAIXA;602.830000000000000;
202408;1434;1997000474;COTAS;2900827.752287000000000;
202408;1403;2000008038;COTAS;1823358.766179000000000;
202408;1033;2000007538;COTAS;6751.367192000000000;
202408;1171;2000008429;COTAS;6210788.136688000000000;
202408;1434;2000006965;COTAS;52629408.281113000000000;33624828000170
202408;1434;2000006965;COTAS;1000.000000000000000;
202408;1081;2016002247;VL_PG_RC;-1470.240000000000000;
202408;1033;9970000000;COTAS;9794248.707048000000000;
202408;1239;1979003092;ACOES;25020.480000000000000;
202408;1482;2005004456;COTAS;1700036.610505000000000;31032327000179
202408;1434;2000006965;COTAS;296242.399337000000000;
202408;1403;2008004783;COTAS;1659267.911511000000000;
202408;1239;1979003165;CAIXA;2092680.940000000000000;
202408;1434;2005005029;COTAS;3272467.118065000000000;04495282000104
202408;1239;1979003165;COTAS;6613644.169775000000000;
202408;1434;2005005029;COTAS;42159661.039385000000000;41799499000126
202408;1171;9970000000;COTAS;339258.202032000000000;
202408;1081;2016002311;ACOES;47262.320000000000000;
202408;1403;2008004783;VL_PG_RC;-63325.350000000000000;
202408;1171;9970000000;COTAS;8788772.156041000000000;
202408;1434;2000006965;COTAS;6183310.821945000000000;
202408;1403;2016000619;COTAS;5083967.285363000000000;
202408;1033;9970000000;TIT_PRIV;7244834.170000000000000;
202408;1434;2005005029;TIT_PRIV;1971342.750000000000000;
202408;1482;2005004456;VL_PG_RC;1208.260000000000000;
202408;1434;2000006965;TIT_PRIV;309416.970000000000000;
202408;1403;2016000619;COTAS;1048914.301336000000000;
202408;1239;1979003165;COTAS;4778968944.418508000000000;07325929000130
202408;1434;2008000974;VL_PG_RC;-55983.690000000000000;
202408;1198;1998003019;COTAS;84915.263688000000000;
202408;1434;2005005029;COTAS;55642546.248544000000000;05508422000196
202408;1081;2016002311;COTAS;28617.488172000000000;
202408;1434;2009003292;OPERACAO_PARTICIPANTE;262247.130004252300000;
202408;1434;2005005029;COTAS;48607021.156263000000000;33624828000170
202408;1081;2016002311;COTAS;212148.071990000000000;
202408;1434;2009003292;TIT_PUB;42332736.050000000000000;
202408;1198;1998003019;COTAS;21136203.710112000000000;
202408;1403;2016000619;COTAS;4845491.025211000000000;
202408;1239;1979003165;OPERACAO_PARTICIPANTE;31299471.546171650000000;
202408;1434;2015000747;OPERACAO_PARTICIPANTE;85059.570000000000000;
202408;1198;1998003019;COTAS;3677446.158018000000000;
202408;1051;1991001411;COTAS;98912837.400000000000000;
202408;1482;2005005665;CAIXA;0.000000000000000;
202408;1081;9970000000;COTAS;817814.413832000000000;
202408;1239;1979003238;IMOVEIS;67772142.920000000000000;
202408;1434;2015000747;COTAS;1.360000000000000;
202408;1051;1991001411;COTAS;47262203.576553000000000;
202408;1434;1985000474;OPERACAO_PARTICIPANTE;6391037.309972674900000;
202408;1081;9970000000;COTAS;871815.655962000000000;
202408;1434;9970000000;COTAS;18306418.463676000000000;
202408;1434;1986000192;COTAS;137437.392296000000000;
202408;1482;2005006092;COTAS;32307816.833272000000000;
202408;1198;1998003019;TIT_PUB;381333530.310000000000000;
202408;1482;2007002711;VL_PG_RC;-3903.950000000000000;
202408;1451;1979001618;COTAS;1246273.643887000000000;
202408;1081;9970000000;COTAS;15064835.533279000000000;
202408;1239;1982002174;IMOVEIS;4116857.200000000000000;
202408;1482;2008001156;VL_PG_RC;-7623.060000000000000;
202408;1451;1979001618;COTAS;16620817.982426000000000;
202408;1239;1982002311;ACOES;102942.630000000000000;
202408;1482;2008001318;COTAS;338232495.618729000000000;39807355000122
202408;1208;1979005265;ACOES;179978554.480000000000000;
202408;1482;2009001011;COTAS;3251708.232479000000000;
202408;1451;1979001618;TIT_PUB;1590378712.270000000000000;
202408;1451;2006002929;COTAS;8211.018396000000000;
202408;1051;1991001411;COTAS;20899788.695402000000000;
202408;1239;1982002311;COTAS;1794637495.012863000000000;05754046000110
202408;1105;1974000419;COTAS;6827312.975101000000000;
202408;1451;2006002929;COTAS;5407177.063028000000000;
202408;1434;1986000192;TIT_PRIV;1465440.230000000000000;
202408;1051;9970000000;VL_PG_RC;0.000000000000000;
202408;1239;1995003311;COTAS;71905360.091606000000000;
202408;1105;1974000419;COTAS;81190927.073736000000000;
202408;1434;1996002211;COTAS;9835322.601956000000000;41799499000126
202408;1208;1979005265;VL_PG_RC;16588090.160000000000000;
202408;1482;2009001818;CAIXA;0.000000000000000;
202408;1434;1997000474;TIT_PRIV;3027824.240000000000000;
202408;1451;2022001974;CAIXA;580.020000000000000;
202408;1239;1998007383;COTAS;55764.022447000000000;
202408;1105;1974000419;COTAS;19800667.600000000000000;56705255000104
202408;1479;1997002711;COTAS;837287250.574758000000000;17138135000110
202408;1451;9970000000;COTAS;4628030.878274000000000;
202408;1239;2018000918;COTAS;11425600.769592000000000;17518976000153
202408;1482;2009001818;COTAS;465771.323747000000000;
202408;1451;9970000000;TIT_PUB;20378692.240000000000000;
202408;1208;2013001411;ACOES;29004168.740000000000000;
202408;1482;2010001729;TIT_PRIV;23331.400000000000000;
202408;1479;1997002711;COTAS;99606703.287869000000000;
202408;1479;1997002711;COTAS;130096579.848706000000000;43759309000172
202408;1434;2000000411;OPERACAO_PARTICIPANTE;162061.670000000000000;
202408;1105;2010001265;TIT_PRIV;15699933.840000000000000;
202408;1482;2010002938;CAIXA;0.000000000000000;
202408;1078;1984000918;CAIXA;15911917.610000000000000;
202408;1105;9970000000;COTAS;7321.608015000000000;
202408;1239;2018001418;COTAS;5847676.186580000000000;17518976000153
202408;1479;1997002892;COTAS;60053565.892240000000000;
202408;1434;2000000411;TIT_PUB;10105395.280000000000000;
202408;1479;1997002711;COTAS;98731365.894930000000000;52152426000164
202408;1136;1980001911;VL_PG_RC;30667.540000000000000;
202408;1208;2013001411;VL_PG_RC;-22887.570000000000000;
202408;1479;1997002892;COTAS;13019221.338998000000000;
202408;1136;1998005992;VL_PG_RC;-121.760000000000000;
202408;1225;1979002347;TIT_PRIV;4994516.760000000000000;
202408;1239;2018001418;VL_PG_RC;-45.860000000000000;
202408;1225;9970000000;VL_PG_RC;0.000000000000000;
202408;1479;1997002892;COTAS;69183024.373386000000000;
202408;1136;1998006018;CAIXA;497.890000000000000;
202408;1078;1984000918;COTAS;5179342.779561000000000;
202408;1479;2012000738;COTAS;1610730.622534000000000;41326144000110
202408;1171;1981001492;IMOVEIS;3716366.140000000000000;
202408;1239;2020000156;VL_PG_RC;2414.630000000000000;
202408;1434;2000006965;CAIXA;76902.070000000000000;
202408;1171;2000008429;COTAS;6423052.463002000000000;
202408;1479;1997002711;VL_PG_RC;-1297721.900000000000000;
202408;1239;2022000511;VL_PG_RC;-92.950000000000000;
202408;1239;1979002738;ACOES;521251.130000000000000;
202408;1479;2012000738;COTAS;3553687.218267000000000;41610657000158
202408;1239;2022001011;ACOES;16383.510000000000000;
202408;1078;1984000918;COTAS;11550129.679610000000000;
202408;1171;9970000000;ACOES;720206.500000000000000;
202408;1479;1997002892;COTAS;4080555675.428970000000000;05983533000154
202408;1482;2010002938;COTAS;7266715.248160000000000;
202408;1078;9970000000;VL_PG_RC;-2411.210000000000000;
202408;1171;9970000000;VL_PG_RC;-12052.280000000000000;
202408;1479;1997002892;COTAS;30845962.585015000000000;42449329000184
202408;1479;2012000738;COTAS;945748.883932000000000;52285421000100
202408;1081;1979004374;ACOES;7791145.860000000000000;
202408;1239;1979002738;COTAS;4694775838.228008000000000;04912456000189
202408;1482;2010003111;CAIXA;0.000000000000000;
202408;1081;1979004374;COTAS;4419596.564142000000000;
202408;1239;1979002819;CAIXA;1854133.010000000000000;
202408;1479;2012000738;OPERACAO_PARTICIPANTE;5900276.391743512500000;
202408;1479;2012000738;COTAS;862200.850207000000000;
202408;1239;1979003092;COTAS;45157.814501000000000;
202408;1184;1984000111;VL_PG_RC;-27426.770000000000000;
202408;1239;1979003092;OPERACAO_PARTICIPANTE;6254087.092936310000000;
202408;1434;2000006965;COTAS;40273.093713000000000;
202408;1482;2010003111;COTAS;8591863.393007000000000;31032327000179
202408;1434;2000006965;COTAS;6568550.312739000000000;
202408;1184;2023001765;TIT_PUB;53449.930000000000000;
202408;1479;2012000738;COTAS;95857.984229000000000;
202408;1081;1979004374;VL_PG_RC;-3449190.510000000000000;
202408;1239;2022001011;IMOVEIS;1894898.720000000000000;
202408;1239;1979003319;COTAS;170752.986082000000000;
202408;1239;2022002547;CAIXA;0.000000000000000;
202408;1198;1998003019;COTAS;13289074.560932000000000;39959611000105
202408;1239;1982002018;CAIXA;2274579.080000000000000;
202408;1081;1979004447;COTAS;60223052.000000000000000;
202408;1239;9970000000;VL_PG_RC;-1937793.640000000000000;
202408;1198;1998003019;TIT_PRIV;674323.940000000000000;
202408;1482;2010003829;CAIXA;0.000000000000000;
202408;1208;1995003956;OPERACAO_PARTICIPANTE;89898024.736280254800000;
202408;1434;2000006965;COTAS;27112468.485575000000000;
202408;1208;1998001474;COTAS;350942994.429999000000000;10820311000150
202408;1479;2012000738;COTAS;2001884.058305000000000;41570019000150
202408;1482;1981000674;COTAS;233077.107070000000000;
202408;1434;2005005029;COTAS;28213211.894335000000000;
202408;1482;2010004965;COTAS;22659125.279643000000000;
202408;1239;1982002174;TIT_PRIV;648660.433118000000000;
202408;1479;2012000738;COTAS;419120.838808000000000;42449329000184
202408;1482;1982003138;COTAS;6450719.883907000000000;
202408;1434;2005005029;VL_PG_RC;-643084.330000000000000;
202408;1239;1982002174;VL_PG_RC;-215837.030000000000000;
202408;1242;1985001519;VL_PG_RC;-382506.960000000000000;
202408;1208;1998001474;VL_PG_RC;11690427.990000000000000;
202408;1434;2008000974;COTAS;47044431.477477000000000;05508422000196
202408;1482;2010004965;TIT_PRIV;3270.440000000000000;
202408;1242;1985001683;COTAS;535414.420000000000000;
202408;1081;1979004447;TIT_PRIV;42508523.760000000000000;
202408;1434;2008000974;OPERACAO_PARTICIPANTE;6659272.890000000000000;
202408;1239;1982002247;TIT_PRIV;15508698.027291000000000;
202408;1242;1985001683;COTAS;524696.180000000000000;
202408;1208;9970000000;CAIXA;23119.080000000000000;
202408;1482;1983000329;TIT_PRIV;5428.260000000000000;
202408;1434;2009003292;COTAS;7261025.573542000000000;41799499000126
202408;1239;1982002311;TIT_PRIV;1235614.709776000000000;
202408;1482;2011000238;VL_PG_RC;-2780.510000000000000;
202408;1479;9970000000;COTAS;17634552.637756000000000;37037679000101
202408;1434;2015000747;COTAS;1414663.068939000000000;
202408;1242;1985001683;COTAS;156999.040000000000000;
202408;1239;1979002738;IMOVEIS;58401850.680000000000000;
202408;1239;1995003311;COTAS;71945559.057416000000000;
202408;1482;2011002011;COTAS;38121511.116055000000000;
202408;1239;1979002819;COTAS;1906985737.231874000000000;04912431000185
202408;1434;2015000747;VL_PG_RC;43670.630000000000000;
202408;1482;2013001029;COTAS;21541024.283595000000000;31032327000179
202408;1239;1979002983;COTAS;414974699.834352000000000;05753821000112
202408;1482;1985000547;COTAS;183616.945316000000000;
202408;1451;1979001618;ACOES;343068.510000000000000;
202408;1482;2016002174;COTAS;29722320.112339000000000;
202408;1482;1982000465;VL_PG_RC;-182.500000000000000;
202408;1482;1982000929;CAIXA;848232.700000000000000;
202408;1239;1979003165;ACOES;172528.170000000000000;
202408;1482;1982003138;CAIXA;39724.080000000000000;
202408;1451;1979001618;COTAS;1197590.464301000000000;
202408;1239;2018000829;VL_PG_RC;-163.950000000000000;
202408;1242;1985001683;COTAS;133943511.538914000000000;
202408;1482;2018001965;VL_PG_RC;-58496.680000000000000;
202408;1081;1979004692;COTAS;2307208.329750000000000;
202408;1451;1979001618;COTAS;16993390.137809000000000;
202408;1482;1985000865;CAIXA;1516.250000000000000;
202408;1239;2018001418;CAIXA;0.000000000000000;
202408;1451;2006002929;COTAS;1207584.312218000000000;
202408;1482;1987000692;CAIXA;0.000000000000000;
202408;1482;1985000865;VL_PG_RC;-107.110000000000000;
202408;1239;2020000792;IMOVEIS;25002604.360000000000000;
202408;1242;1985001683;COTAS;7430146.303604000000000;
202408;1081;1979004692;OPERACAO_PARTICIPANTE;8412369.930688000000000;
202408;1482;1987001011;COTAS;20441656.001670000000000;
202408;1482;2021003256;COTAS;74639.679770000000000;
202408;1081;2002001456;COTAS;39112793.410954000000000;
202408;1482;1987000692;VL_PG_RC;-20.700000000000000;
202408;1239;2020000792;OPERACAO_PARTICIPANTE;60950019.089033920000000;
202408;1239;1979003319;CAIXA;18404.200000000000000;
202408;1081;2002001456;COTAS;29488381.165305000000000;
202408;1451;2006002929;VL_PG_RC;-32431.610000000000000;
202408;1482;1987001011;VL_PG_RC;-15248.880000000000000;
202408;1482;2021003256;COTAS;450397.960423000000000;
202408;1451;9970000000;CAIXA;16621.950000000000000;
202408;1239;2022002547;COTAS;2352966.651591000000000;17518976000153
202408;1239;1979003319;COTAS;257875104.504020000000000;46205698000182
202408;1081;2002001456;COTAS;156412560.924309000000000;
202408;1239;9970000000;COTAS;2377830.896123000000000;
202408;1482;2021003256;VL_PG_RC;54809.530000000000000;
202408;1482;1988001447;CAIXA;37268.490000000000000;
202408;1482;1987001811;CAIXA;831298.870000000000000;
202408;1482;2022000056;VL_PG_RC;-1578.260000000000000;
202408;1482;1988002656;COTAS;45152609.004734000000000;
202408;1451;9970000000;COTAS;1642751.658175000000000;
202408;1482;1987001811;COTAS;5121007.759071000000000;
202408;1242;1985001519;CAIXA;16644.550000000000000;
202408;1242;1985001683;COTAS;209255352.819606000000000;18731304000194
202408;1482;1989000592;VL_PG_RC;-4098.570000000000000;
202408;1482;1987001811;VL_PG_RC;-7092.210000000000000;
202408;1482;1989000665;TIT_PUB;15162571.950000000000000;
202408;1239;1982002311;COTAS;63785.413099000000000;
202408;1482;1988001447;COTAS;0.000000000000000;
202408;1242;1985001683;COTAS;1802617.299109000000000;
202408;1451;9970000000;COTAS;11936740.492960000000000;35491278000193
202408;1242;1985001683;VL_PG_RC;-702748.470000000000000;
202408;1482;1989001238;COTAS;575101.956547000000000;
202408;1081;2002001456;OPERACAO_PARTICIPANTE;85282494.209627000000000;
202408;1482;1989002129;TIT_PRIV;1247.490000000000000;
202408;1482;2022000129;COTAS;293593.484168000000000;
202408;1482;1989002211;CAIXA;5.450000000000000;
202408;1482;1988002656;CAIXA;353095.700000000000000;
202408;1482;2022000129;COTAS;888774.436650000000000;
202408;1482;1990001947;CAIXA;1227598.840000000000000;
202408;1482;1989001483;COTAS;129672.050093000000000;
202408;1482;2023001374;COTAS;9684886.957724000000000;
202408;1482;1990002056;TIT_PRIV;2697.270000000000000;
202408;1479;1997002711;COTAS;29386119.861213000000000;
202408;1242;2021001792;COTAS;33029115.309495000000000;18820186000190
202408;1482;1993001492;CAIXA;590493.380000000000000;
202408;1479;1997002711;COTAS;75411216.122903000000000;
202408;1482;1993001565;TIT_PUB;8038038.530000000000000;
202408;1482;2023001374;VL_PG_RC;149022.660000000000000;
202408;1081;2002001456;TIT_PUB;1705502187.950000000000000;
202408;1239;1982002311;OPERACAO_PARTICIPANTE;24886585.064937210000000;
202408;1242;9970000000;COTAS;9278258.081613000000000;
202408;1482;1989001556;VL_PG_RC;-1.900000000000000;
202408;1081;2003001311;COTAS;543623.649192000000000;
202408;1482;1993003983;COTAS;2155.958003000000000;
202408;1081;2003001311;VL_PG_RC;-195932.770000000000000;
202408;1479;1997002892;COTAS;7106577.744000000000000;
202408;1482;1994000783;COTAS;1061.387313000000000;
202408;1081;2005000329;COTAS;-839.760106000000000;
202408;1242;1985001683;COTAS;13732854.470090000000000;
202408;1239;1998007383;CAIXA;0.000000000000000;
202408;1081;2005000329;COTAS;54789.036155000000000;
202408;1242;1985001683;COTAS;14615505.427563000000000;
202408;1479;1997002892;COTAS;475465437.103304000000000;37037679000101
202408;1242;9970000000;VL_PG_RC;-7632.230000000000000;
202408;1482;1989002211;COTAS;100.388309000000000;
202408;1239;2018000918;CAIXA;0.000000000000000;
202408;1261;2005006165;COTAS;103981802.867200000000000;
202408;1482;1994004274;CAIXA;0.000000000000000;
202408;1482;1989002374;VL_PG_RC;-11.890000000000000;
202408;1239;2019000229;VL_PG_RC;-98231.610000000000000;
202408;1511;1988002419;COTAS;28747169.139995000000000;03168115000188
202408;1482;1994004274;VL_PG_RC;-10010.560000000000000;
202408;1081;2005000329;COTAS;53336.006895000000000;
202408;1479;2012000738;COTAS;13536329.104644000000000;17138135000110
202408;1523;1977000274;COTAS;1155686.793581000000000;
202408;1273;9970000000;CAIXA;98405.020000000000000;
202408;1479;2012000738;TIT_PRIV;326361.860000000000000;
202408;1523;1977000274;COTAS;314733.726912000000000;
202408;1482;1979005411;VL_PG_RC;-144.900000000000000;
202408;1482;1991001347;COTAS;6028208.372658000000000;
202408;1239;2020000083;COTAS;968444676.376891000000000;46205770000171
202408;1482;1995000256;VL_PG_RC;-1591.470000000000000;
202408;1239;2020000083;OPERACAO_PARTICIPANTE;10656412.254173950000000;
202408;1482;1993001956;TIT_PRIV;33.720000000000000;
202408;1482;1981000674;TIT_PRIV;303.440000000000000;
202408;1239;2020000083;TIT_PRIV;1996587.695772000000000;
202408;1242;1985001683;COTAS;64371498.263756000000000;18820186000190
202408;1482;1997000156;VL_PG_RC;877.190000000000000;
202408;1482;1982000929;COTAS;110846.095972000000000;
202408;1239;2020000792;CAIXA;0.000000000000000;
202408;1482;1994000783;CAIXA;309526.940000000000000;
202408;1242;2021001792;COTAS;203175.500000000000000;
202408;1081;2010004256;CAIXA;38429.000000000000000;
202408;1482;1982003138;TIT_PRIV;4551.650000000000000;
202408;1239;9970000000;CAIXA;5611412.270000000000000;
202408;1523;1977000274;COTAS;-2217800.117469000000000;
202408;1081;2010004256;COTAS;1623078.404093000000000;
202408;1482;1997000938;COTAS;12244.925260000000000;
202408;1482;1982003211;CAIXA;0.000000000000000;
202408;1482;1994004274;COTAS;44148242.576325000000000;
202408;1482;1997001683;CAIXA;0.000000000000000;
202408;1314;1985000156;CAIXA;67885.760000000000000;
202408;1482;1995000892;TIT_PRIV;43594.660000000000000;
202408;1081;2010004256;COTAS;11705718.944430000000000;
202408;1242;2021001792;COTAS;161959.770000000000000;
202408;1482;1995001856;TIT_PRIV;101.150000000000000;
202408;1523;1977000274;COTAS;2198716.516127000000000;
202408;1242;2021001792;COTAS;245206.500000000000000;
202408;1482;1996003811;COTAS;14995805.186411000000000;
202408;1242;1985001683;COTAS;632128.000000000000000;
202408;1081;2015000992;COTAS;14369.316034000000000;
202408;1314;2005000965;COTAS;550891445.528689000000000;20077406000180
202408;1242;1985001683;COTAS;255707031.591978000000000;09087799000170
202408;1523;1977000274;COTAS;-446823.792382000000000;
202408;1242;2021001792;COTAS;244608.000000000000000;
202408;1482;1997001683;COTAS;52153754.955178000000000;
202408;1242;2021001792;COTAS;207232.810000000000000;
202408;1242;2021001792;COTAS;186913.250000000000000;
202408;1482;1996003811;TIT_PUB;7840697.100000000000000;
202408;1482;1987001192;CAIXA;1703781.990000000000000;
202408;1242;2021001792;COTAS;77491.920000000000000;
202408;1482;1987001265;COTAS;27978375.617284000000000;
202408;1359;1991002165;COTAS;896541.209081000000000;
202408;1242;2021001792;COTAS;3491242.950530000000000;
202408;1242;2021001792;COTAS;62361.000000000000000;
202408;1482;1997002574;VL_PG_RC;1000.000000000000000;
202408;1359;1991002165;COTAS;11816544.763682000000000;
202408;1523;1977000274;COTAS;13087800.100000000000000;
202408;1242;2021001792;COTAS;283567.350000000000000;
202408;1482;1997005011;CAIXA;0.000000000000000;
202408;1081;2016002247;COTAS;21174.663770000000000;
202408;1482;1998003418;TIT_PUB;2096720.840000000000000;
202408;1242;2021001792;COTAS;123231.450000000000000;
202408;1081;2016002311;COTAS;11843.649489000000000;
202408;1482;1998003474;TIT_PRIV;67.430000000000000;
202408;1482;1997000156;CAIXA;0.000000000000000;
202408;1523;1977000274;COTAS;10353529.564413000000000;
202408;1359;1991002165;COTAS;2052035.271069000000000;
202408;1242;4012420038;CAIXA;68253.230000000000000;
202408;1523;1977000274;COTAS;29679326.495766000000000;
202408;1482;1989000665;COTAS;5550914.534253000000000;
202408;1482;1997000938;CAIXA;0.000000000000000;
202408;1523;1977000274;COTAS;1218718125.204214000000000;14120553000192
202408;1081;9970000000;ACOES;3251126.350000000000000;
202408;1482;1998005747;COTAS;54759023.686758000000000;
202408;1256;9970000000;COTAS;638131.488308000000000;
202408;1081;9970000000;COTAS;1846005.838285000000000;
202408;1359;1991002238;COTAS;2944203.977721000000000;
202408;1482;1998002683;VL_PG_RC;0.000000000000000;
202408;1256;9970000000;VL_PG_RC;-1533.780000000000000;
202408;1523;1977000274;COTAS;29893512.965829000000000;39753127000117
202408;1081;9970000000;COTAS;1774631.446394000000000;
202408;1359;1991002238;COTAS;1063129.110346000000000;
202408;1261;1980000311;VL_PG_RC;-18.570000000000000;
202408;1523;1977000274;VL_PG_RC;1592872410.410000000000000;
202408;1482;1989001238;VL_PG_RC;-261.430000000000000;
202408;1261;2005006165;COTAS;142344491.814771000000000;20468287000196
202408;1482;1999001419;TIT_PRIV;5360.830000000000000;
202408;1105;1974000419;COTAS;6186698.711667000000000;
202408;1242;2021001792;COTAS;62324.480000000000000;
202408;1482;2000003192;CAIXA;0.000000000000000;
202408;1105;1974000419;COTAS;184002.247242000000000;
202408;1359;1991002238;COTAS;7061505.517973000000000;
202408;1273;1985000229;COTAS;150308162.521407000000000;
202408;1482;2000007211;COTAS;73824772.594703000000000;
202408;1523;1998004465;COTAS;343.381974000000000;
202408;1242;2021001792;COTAS;89406955.551070000000000;18731304000194
202408;1523;1998004465;COTAS;38023.687594000000000;
202408;1482;2000007211;COTAS;25206552.681746000000000;
202408;1242;9970000000;CAIXA;4524.740000000000000;
202408;1523;1998004465;COTAS;3525360.663993000000000;
202408;1314;1985000156;VL_PG_RC;-45529.150000000000000;
202408;1482;1989002129;COTAS;1149987.971674000000000;
202408;1523;1998004465;COTAS;1220849.389851000000000;
202408;1359;1991002165;COTAS;4317078.997513000000000;
202408;1482;1990001947;TIT_PRIV;51956.200000000000000;
202408;1314;9970000000;COTAS;3473391.187344000000000;
202408;1482;1998003892;COTAS;28176017.517845000000000;
202408;1482;1991001118;CAIXA;149078.890000000000000;
202408;1359;1991002165;CAIXA;22726.520000000000000;
202408;1359;1991002238;VL_PG_RC;-99690.560000000000000;
202408;1523;1998004465;COTAS;4938611.210000000000000;
202408;1359;1991002165;COTAS;16871295.611272000000000;
202408;1482;1991001118;VL_PG_RC;-0.010000000000000;
202408;1105;1974000419;TIT_PRIV;69896151.740000000000000;
202408;1359;2014001774;COTAS;1294492.402766000000000;
202408;1523;1998004465;COTAS;452232226.966366000000000;14120553000192
202408;1482;1998004392;COTAS;51610050.024589000000000;
202408;1482;1991001347;CAIXA;0.000000000000000;
202408;1359;2014001774;COTAS;24572378.676102000000000;
202408;1482;2000007211;COTAS;68843504.324869000000000;
202408;1359;1991002165;COTAS;278007.580240000000000;
202408;1523;1998004465;COTAS;15351307.785736000000000;15154385000119
202408;1482;1992001847;VL_PG_RC;-8.400000000000000;
202408;1359;1991002238;COTAS;1154389.715991000000000;
202408;1105;1997003147;COTAS;10474508.410514000000000;
202408;1359;2014001774;COTAS;2274783.526973000000000;
202408;1359;1991002165;COTAS;18916256.650022000000000;
202408;1523;1998004465;COTAS;520003.692818000000000;39753127000117
202408;1482;1998004392;COTAS;716572.382786000000000;
202408;1359;1991002238;COTAS;2909956.685058000000000;
202408;1523;1998004465;COTAS;21976695.064543000000000;51891082000142
202408;1359;1991002238;COTAS;20788202.900858000000000;
202408;1482;1993001565;VL_PG_RC;-6084.520000000000000;
202408;1359;2014001774;COTAS;2270419.616261000000000;
202408;1523;1998004465;COTAS;21956230.746000000000000;53275192000105
202408;1359;9970000000;CAIXA;477294.280000000000000;
202408;1482;1993001956;VL_PG_RC;-0.440000000000000;
202408;1359;2014001774;OPERACAO_PARTICIPANTE;1136729.070000000000000;
202408;1105;1997003147;COTAS;6356458.547646000000000;
202408;1482;1993003983;TIT_PRIV;67.430000000000000;
202408;1482;2001000138;CAIXA;0.000000000000000;
202408;1482;1999001818;COTAS;7929242.252173000000000;
202408;1482;1995000418;VL_PG_RC;999.460000000000000;
202408;1482;2001000383;CAIXA;0.000000000000000;
202408;1359;1991002238;COTAS;20612155.440019000000000;
202408;1359;9970000000;COTAS;833843.454206000000000;
202408;1482;1995001856;COTAS;45091.160790000000000;
202408;1482;2001000383;COTAS;1967370.506314000000000;
202408;1482;2000003192;VL_PG_RC;-11248.680000000000000;
202408;1482;2001000383;COTAS;5577.709031000000000;
202408;1105;1997003147;COTAS;61907990.769912000000000;
202408;1482;2000004083;CAIXA;0.000000000000000;
202408;1359;1991002238;OPERACAO_PARTICIPANTE;1898031.370000000000000;
202408;1482;2001000383;COTAS;7518846.568942000000000;
202408;1482;1996002538;VL_PG_RC;-1267.310000000000000;
202408;1381;1980002411;COTAS;21418194.975786000000000;
202408;1381;1980002411;CAIXA;436576.190000000000000;
202408;1105;1997003147;TIT_PRIV;293197024.510000000000000;
202408;1523;1998004465;IMOVEIS;67547713.320000000000000;
202408;1482;2001000383;COTAS;42873081.071719000000000;
202408;1523;2006003674;COTAS;112422.155904000000000;
202408;1482;2000004083;COTAS;14627032.443359000000000;
202408;1381;2006005138;CAIXA;4583.910000000000000;
202408;1523;2006003674;COTAS;2467200.796182000000000;
202408;1482;2000007211;COTAS;56687929.599355000000000;
202408;1482;1996004956;VL_PG_RC;-4986.110000000000000;
202408;1523;2006003674;COTAS;1763480.401628000000000;
202408;1381;1980002411;VL_PG_RC;5151412.920000000000000;
202408;1482;2001000383;VL_PG_RC;-21892.770000000000000;
202408;1359;1991002238;TIT_PRIV;0.000000000000000;
202408;1523;2006003674;COTAS;22077267.746232000000000;
202408;1381;2006005138;COTAS;5068370.210370000000000;
202408;1482;1997002574;COTAS;10.792777000000000;
202408;1523;2006003674;COTAS;45372707.000000000000000;
202408;1403;1981000747;TIT_PRIV;1129652.410000000000000;
202408;1482;2002001618;COTAS;70624247.123479000000000;
202408;1482;2001000138;VL_PG_RC;459.570000000000000;
202408;1482;2003000119;TIT_PUB;309677933.310000000000000;
202408;1403;2000008038;CAIXA;85472.200000000000000;
202408;1105;2010001265;COTAS;941708.854910000000000;
202408;1381;2006005138;OPERACAO_PARTICIPANTE;3443071.870000000000000;
202408;1403;2000008038;COTAS;5345498.886414000000000;
202408;1105;2010001265;COTAS;71091.884237000000000;
202408;1359;1991002238;TIT_PUB;268163771.740000000000000;
202408;1403;2000008038;COTAS;1048914.301336000000000;
202408;1482;2003001247;COTAS;982802885.997916000000000;05701082000115
202408;1136;1980001911;IMOVEIS;21427000.000000000000000;
202408;1359;2014001774;COTAS;2240716.041276000000000;
202408;1482;2001000383;COTAS;4631903.954085000000000;
202408;1482;2004000392;OPERACAO_PARTICIPANTE;103378.430000000000000;
202408;1523;2006003674;COTAS;7668.659886000000000;04137375000159
202408;1359;9970000000;VL_PG_RC;0.000000000000000;
202408;1403;2008004783;COTAS;8425152.654877000000000;
202408;1523;2006003674;COTAS;1834544.262580000000000;12547115000180
202408;1136;1998005992;COTAS;5960163.710202000000000;17804124000122
202408;1482;1998003418;COTAS;12815450.924415000000000;
202408;1381;9970000000;VL_PG_RC;-2421.100000000000000;
202408;1381;1980002411;COTAS;1169068790.707760000000000;03185374000117
202408;1403;2008004783;COTAS;7266705.936354000000000;
202408;1403;1981000747;CAIXA;3250.040000000000000;
202408;1381;1980002411;OPERACAO_PARTICIPANTE;11052725.950000000000000;
202408;1523;2006003674;COTAS;391082.737873000000000;17098803000123
202408;1171;1981001492;COTAS;72003.341324000000000;
202408;1482;2001000383;COTAS;12129660.272701000000000;
202408;1482;2004000465;CAIXA;12797175.810000000000000;
202408;1523;2006003674;COTAS;2752468701.865415000000000;49382099000122
202408;1482;2001001665;COTAS;16512.665809000000000;
202408;1482;2005001074;COTAS;5945458.687046000000000;
202408;1171;1981001492;VL_PG_RC;39912.200000000000000;
202408;1403;1981000747;COTAS;916571.702735000000000;
202408;1403;1981000747;COTAS;376773.809518000000000;
202408;1403;2008004783;COTAS;1770531.076236000000000;
202408;1523;2006003674;COTAS;63071831.682659000000000;50198930000170
202408;1482;2002001618;VL_PG_RC;6297.230000000000000;
202408;1403;1981000747;IMOVEIS;215131.170000000000000;
202408;1403;2008004783;COTAS;4451430.739928000000000;
202408;1523;2006003674;COTAS;222613561.917450000000000;53245893000100
202408;1482;2003001174;COTAS;1539772.148312000000000;31032327000179
202408;1403;2008004783;COTAS;5324525.202617000000000;
202408;1403;2008004783;COTAS;2295776.772844000000000;
202408;1523;9970000000;COTAS;15941906.925429000000000;16916054000131
202408;1482;2004000538;COTAS;207961598.938433000000000;
202408;1403;1981000747;COTAS;966321.475764000000000;
202408;1403;2008004783;TIT_PRIV;7695970.190000000000000;
202408;1537;1980001774;COTAS;11624548.275506000000000;
202408;1482;1998003418;VL_PG_RC;-4320.030000000000000;
202408;1482;2004003138;TIT_PUB;19905689.460000000000000;
202408;1403;2016000619;CAIXA;4988.930000000000000;
202408;1482;2005004138;VL_PG_RC;-14507.340000000000000;
202408;1171;2000008429;COTAS;0.007289000000000;
202408;1482;2005005665;COTAS;6239240.924517000000000;
202408;1403;2008004783;IMOVEIS;4760223.500000000000000;
202408;1482;2005004138;CAIXA;0.000000000000000;
202408;1482;2008000265;COTAS;67305366.639767000000000;
202408;1482;2005004383;TIT_PRIV;119893.730000000000000;
202408;1171;2000008429;COTAS;447348.291267000000000;
202408;1403;2016000619;COTAS;1024472.460814000000000;
202408;1403;2016000619;COTAS;2063321.142503000000000;
202408;1482;1998003892;COTAS;9570275.017640000000000;31032327000179
202408;1403;1981000747;COTAS;665560.124121000000000;
202408;1482;2008000265;COTAS;70502341.167515000000000;
202408;1403;9970000000;ACOES;6387.390000000000000;
202408;1403;2000008038;COTAS;3537294.296855000000000;
202408;1482;1998003892;VL_PG_RC;-10428.220000000000000;
202408;1403;2016000619;COTAS;9610653.398520000000000;
202408;1537;1988000165;COTAS;15782907.260290000000000;
202408;1482;1998004211;CAIXA;0.000000000000000;
202408;1482;2009001011;CAIXA;318103.630000000000000;
202408;1403;9970000000;COTAS;91085.281928000000000;
202408;1403;2000008038;VL_PG_RC;-69079.100000000000000;
202408;1482;2010004965;CAIXA;0.000000000000000;
202408;1482;1998004392;COTAS;4200448.903627000000000;31032327000179
202408;1482;2005004456;CAIXA;0.000000000000000;
202408;1482;2010004965;VL_PG_RC;-9315.950000000000000;
202408;1171;2000008429;COTAS;578880.325586000000000;
202408;1482;1999001419;CAIXA;0.000000000000000;
202408;1482;2005005665;COTAS;3371919.394165000000000;31032327000179
202408;1482;2011000238;TIT_PRIV;7990.670000000000000;
202408;1482;1999001419;COTAS;31429637.051386000000000;
202408;1403;9970000000;COTAS;571089.947219000000000;
202408;1403;2008004783;COTAS;1547490.856925000000000;
202408;1171;2000008429;COTAS;5948709.912774000000000;
202408;1482;2000007211;COTAS;11706344.157452000000000;
202408;1482;2005005983;CAIXA;39507.240000000000000;
202408;1403;2008004783;OPERACAO_PARTICIPANTE;636415.260000000000000;
202408;1403;2016000619;IMOVEIS;783928.700000000000000;
202408;1482;2000007211;COTAS;234377459.605483000000000;
202408;1482;2006003038;VL_PG_RC;-8189.540000000000000;
202408;1482;2007002711;CAIXA;0.000000000000000;
202408;1537;1988000165;COTAS;20872004.403080000000000;
202408;1403;2016000619;OPERACAO_PARTICIPANTE;3437565.650287933300000;
202408;1482;2007002711;COTAS;35486185.415206000000000;
202408;1482;2000007211;COTAS;2700076.275580000000000;
202408;1171;2000008429;IMOVEIS;6176818.420000000000000;
202408;1541;1986000656;COTAS;5545871.404768000000000;
202408;1403;9970000000;COTAS;1031764.558055000000000;
202408;1403;2008004783;TIT_PUB;144212844.880000000000000;
202408;1541;1986000656;VL_PG_RC;936149.780000000000000;
202408;1434;1985000474;COTAS;11372943.208928000000000;33624828000170
202408;1482;2001000383;COTAS;10567237.505720000000000;
202408;1482;2011000483;COTAS;73454036.235421000000000;
202408;1554;1978000456;TIT_PUB;65222837.060000000000000;
202408;1434;1986000192;VL_PG_RC;745318.630000000000000;
202408;1482;2011001129;VL_PG_RC;787.660000000000000;
202408;1571;1996000365;COTAS;2450798947.137435000000000;02294026000115
202408;1403;2016000619;TIT_PUB;63095986.770000000000000;
202408;1482;2011002338;CAIXA;0.000000000000000;
202408;1571;4015710029;COTAS;76672747.382197000000000;
202408;1434;1997000474;COTAS;26.750000000000000;
202408;1482;2016002174;VL_PG_RC;2525.710000000000000;
202408;1482;2001000383;TIT_PUB;1172887.980000000000000;
202408;1585;2006000911;COTAS;22167912.954585000000000;
202408;1171;9970000000;COTAS;6737602.033836000000000;
202408;1434;1997000474;COTAS;5094821.576238000000000;17285268000110
202408;1482;2018001965;COTAS;281125590.776933000000000;
202408;1171;9970000000;COTAS;5507222.441732000000000;
202408;1403;2016000619;COTAS;12021178.570245000000000;
202408;1482;2020000938;CAIXA;0.000000000000000;
202408;1482;2003000119;COTAS;41542212.795754000000000;
202408;1585;2006000911;COTAS;1370063.633153000000000;
202408;1585;2006000911;COTAS;108460584.575400000000000;20979909000140
202408;1184;1979005583;CAIXA;9933.080000000000000;
202408;1403;2016000619;COTAS;5172002.753248000000000;
202408;1585;2006000911;TIT_PUB;246615612.060000000000000;
202408;1482;2003001174;COTAS;1479094.437497000000000;
202408;1403;9970000000;COTAS;937992.998452000000000;
202408;1403;9970000000;CAIXA;3955.090000000000000;
202408;1482;2008000265;COTAS;14265693.282624000000000;
202408;1585;9970000000;COTAS;2174613.796158000000000;32225875000188
202408;1403;9970000000;COTAS;269464.489279000000000;
202408;1482;2008001318;VL_PG_RC;-109121.730000000000000;
202408;1599;1979001219;COTAS;64101730.673610000000000;41272558000103
202408;1482;2020000938;VL_PG_RC;-6411.090000000000000;
202408;1482;2009001011;COTAS;59273505.343726000000000;
202408;1184;1979005583;VL_PG_RC;0.000000000000000;
202408;1434;1985000474;CAIXA;20373.860000000000000;
202408;1434;1985000474;IMOVEIS;11061963.610000000000000;
202408;1482;2003001247;VL_PG_RC;-1786.650000000000000;
202408;1434;2000000411;COTAS;1138501.169790000000000;
202408;1482;2022000129;COTAS;456166.920272000000000;
202408;1482;2004000392;CAIXA;1439488.190000000000000;
202408;1434;1985000474;TIT_PUB;437807340.520000000000000;
202408;1434;2000000411;COTAS;269024.904184000000000;04495282000104
202408;1482;9970000000;CAIXA;0.000000000000000;
202408;1434;1996002211;OPERACAO_PARTICIPANTE;2046224.120000000000000;
202408;1434;2000006965;COTAS;725858.828212000000000;
202408;1434;1986000192;CAIXA;21713.620000000000000;
202408;1482;2004000465;OPERACAO_PARTICIPANTE;3773641.030000000000000;
202408;1434;2000006965;COTAS;1722120.000000000000000;
202408;1434;1996002211;TIT_PUB;271782560.070000000000000;
202408;1511;1988002419;CAIXA;320993.940000000000000;
202408;1482;2010003111;COTAS;5493074.577482000000000;
202408;1184;1984000111;TIT_PUB;217583586.720000000000000;
202408;1482;2010003111;VL_PG_RC;-19101.530000000000000;
202408;1482;2004000538;CAIXA;5184496.070000000000000;
202408;1184;2022000218;CAIXA;14632.530000000000000;
202408;1434;2000000411;CAIXA;21543.060000000000000;
202408;1482;2011000483;VL_PG_RC;-57045.360000000000000;
202408;1482;2004001518;COTAS;18078235.491411000000000;
202408;1184;2023001765;CAIXA;38.500000000000000;
202408;1434;2000006965;COTAS;11933197.796860000000000;
202408;1434;1996002211;CAIXA;10953.480000000000000;
202408;1511;1988002419;COTAS;39309617.130789000000000;23872743000157
202408;1599;1979001219;OPERACAO_PARTICIPANTE;5185261.590000000000000;
202408;1523;1977000274;COTAS;345883349.820000000000000;
202408;1482;2011001129;CAIXA;0.000000000000000;
202408;1599;2001002483;OPERACAO_PARTICIPANTE;4760166.400000000000000;
202408;1184;9970000000;TIT_PUB;687612.820000000000000;
202408;1523;1977000274;COTAS;54147349.856151000000000;
202408;1434;2000006965;COTAS;132827562.789349000000000;
202408;1482;2004001518;VL_PG_RC;-63938.140000000000000;
202408;1523;1977000274;COTAS;454093.033841000000000;
202408;1434;2000006965;COTAS;49451525.225785000000000;41799499000126
202408;1434;2005005029;IMOVEIS;31491841.520000000000000;
202408;1482;2011001129;COTAS;49113011.916967000000000;
202408;1434;1997000474;COTAS;6794090.471969000000000;
202408;1523;1977000274;COTAS;1978874.958227000000000;
202408;1434;2005005029;TIT_PUB;165814494.910000000000000;
202408;1434;2000006965;OPERACAO_PARTICIPANTE;561579.240000000000000;
202408;1434;1997000474;OPERACAO_PARTICIPANTE;1920410.430000000000000;
202408;1612;2022002229;COTAS;427325943.974071000000000;04588085000121
202408;1198;1998003019;COTAS;3323041.462706000000000;
202408;1434;2008000974;COTAS;5563657.445303000000000;
202408;1434;2008000974;COTAS;3574344.516635000000000;
202408;1434;2000006965;TIT_PUB;349143852.850000000000000;
202408;1612;2022002229;VL_PG_RC;-123374.630000000000000;
202408;1434;2008000974;COTAS;46477345.714470000000000;04495282000104
202408;1434;2005005029;COTAS;20135303.636545000000000;
202408;1657;9970000000;CAIXA;843.490000000000000;
202408;1482;2004003138;COTAS;5354325.614179000000000;
202408;1523;1977000274;COTAS;924250349.320840000000000;03524814000113
202408;1661;1990001718;COTAS;1434365.257773000000000;
202408;1482;2005001074;TIT_PUB;49476714.090000000000000;
202408;1482;2016002174;CAIXA;0.000000000000000;
202408;1523;1977000274;COTAS;926653308.927469000000000;04194710000150
202408;1434;2008000974;COTAS;20148075.996974000000000;41799499000126
202408;1434;2008000974;CAIXA;277515.440000000000000;
202408;1482;2005001392;COTAS;8310580.612933000000000;
202408;1434;9970000000;CAIXA;254928.790000000000000;
202408;1198;1998003019;COTAS;2410752.432862000000000;
202408;1482;2018001965;COTAS;61326204.446180000000000;
202408;1434;2009003292;CAIXA;89094.160000000000000;
202408;1674;1989002056;COTAS;604428.260373000000000;
202408;1482;2018001965;COTAS;22729267.598120000000000;31032327000179
202408;1523;1977000274;COTAS;189257558.673207000000000;50190791000138
202408;1451;1979001618;VL_PG_RC;-854183.940000000000000;
202408;1198;1998003019;COTAS;838197.229616000000000;
202408;1482;2005004383;CAIXA;0.000000000000000;
202408;1523;1998004465;COTAS;-6154.057487000000000;
202408;1451;2022001974;COTAS;567742.996455000000000;
202408;1674;1989002056;COTAS;14168.873633000000000;
202408;1482;2020000938;COTAS;22287549.466259000000000;
202408;1434;2000006965;COTAS;1212206.681425000000000;
202408;1482;2005005665;COTAS;27287108.762374000000000;
202408;1482;2023001374;CAIXA;0.000000000000000;
202408;1198;1998003019;COTAS;96685206.223201000000000;
202408;1434;2000006965;COTAS;6298220.220180000000000;
202408;1434;2009003292;COTAS;12342134.721016000000000;05508422000196
202408;1674;1989002056;COTAS;1163220.252009000000000;
202408;1523;1998004465;COTAS;173784.568432000000000;
202408;1479;1997002711;COTAS;328037.536216000000000;
202408;1434;9970000000;COTAS;38102145.866912000000000;
202408;1674;2014000492;COTAS;70452.233442000000000;
202408;1523;1998004465;COTAS;1361.892230000000000;
202408;1479;1997002711;COTAS;154668581.081405000000000;41610657000158
202408;1451;1979001618;CAIXA;11991.520000000000000;
202408;1482;2005006092;VL_PG_RC;-48769.420000000000000;
202408;1523;1998004465;COTAS;-37585.911734000000000;
202408;1506;1979001383;ACOES;8754.860000000000000;
202408;1451;1979001618;COTAS;1084735.581195000000000;
202408;1674;2014000492;COTAS;6579149.340957000000000;
202408;1523;1998004465;COTAS;11134775.430000000000000;
202408;1506;1979001383;TIT_PRIV;6955273.240000000000000;
202408;1479;1997002892;CAIXA;2525342.170000000000000;
202408;1482;2007002711;TIT_PUB;828860.610000000000000;
202408;1451;1979001618;COTAS;367761700.884015000000000;35491278000193
202408;1434;2005005029;COTAS;10856721.038387000000000;
202408;1523;1998004465;COTAS;31660.249713000000000;
202408;1198;1998003019;COTAS;5731656.755680000000000;
202408;1451;1979001618;OPERACAO_PARTICIPANTE;27216942.700945241000000;
202408;1479;1997002892;COTAS;7113158.421000000000000;52170037000161
202408;1482;2008001156;COTAS;42429812.171260000000000;
202408;1523;1998004465;COTAS;1770333.170611000000000;04194710000150
202408;1198;2019001111;VL_PG_RC;2582.990000000000000;
202408;1479;1997002892;COTAS;74407159.184816000000000;52285421000100
202408;1482;2008002438;CAIXA;0.000000000000000;
202408;1482;2008002438;COTAS;13295653.738477000000000;
202408;1434;2008000974;COTAS;48839450.567663000000000;17285268000110
202408;1451;2006002929;TIT_PUB;28187102.130000000000000;
202408;1479;2012000738;COTAS;3999537.963006000000000;
202408;1482;2009001011;COTAS;516398.181668000000000;31032327000179
202408;1434;2009003292;COTAS;1388803.043401000000000;
202408;1208;1979005265;CAIXA;2991.990000000000000;
202408;1674;2014000492;COTAS;2047972.351274000000000;
202408;1434;2009003292;COTAS;1284782.820210000000000;04495282000104
202408;1506;9970000000;TIT_PRIV;27691.000000000000000;
202408;1523;1998004465;COTAS;13651392.974928000000000;04684251000193
202408;1482;2009001818;COTAS;10675575.006353000000000;
202408;1523;1977000274;COTAS;312298.416571000000000;
202408;1451;9970000000;COTAS;280842.493487000000000;
202408;1482;2010001729;COTAS;27269128.063120000000000;
202408;1479;2012000738;COTAS;10154795.063814000000000;
202408;1479;2012000738;COTAS;611537.257830000000000;
202408;1482;1979005411;TIT_PRIV;236.010000000000000;
202408;1208;1998001474;IMOVEIS;25640397.690000000000000;
202408;1479;1997002711;COTAS;14226316.845426000000000;52170037000161
202408;1674;2014000492;COTAS;261551.356968000000000;
202408;1434;2009003292;COTAS;6110268.501338000000000;33624828000170
202408;1674;2015000356;COTAS;1616605.737993000000000;
202408;1523;1977000274;COTAS;59328305.409752000000000;
202408;1434;2009003292;VL_PG_RC;-36574.610000000000000;
202408;1479;1997002711;COTAS;143318098.925446000000000;
202408;1523;1977000274;COTAS;5089947.672110000000000;12547115000180
202408;1674;2015000356;COTAS;3009176.471201000000000;
202408;1523;1977000274;COTAS;4481100840.935053000000000;14386893000160
202408;1674;2015000356;COTAS;358191.260039000000000;
202408;1434;2015000747;CAIXA;99848.670000000000000;
202408;1208;1998001474;OPERACAO_PARTICIPANTE;5787266.809835485600000;
202408;1482;2010002938;VL_PG_RC;18888.310000000000000;
202408;1523;1977000274;COTAS;2350116.563835000000000;16877602000161
202408;1479;1997002711;COTAS;123096430.200899000000000;11769259000118
202408;1674;2015000356;COTAS;5158952.401264000000000;
202408;1523;1998004465;COTAS;6263634.830771000000000;50190791000138
202408;1482;1981000674;VL_PG_RC;-106.000000000000000;
202408;1674;2016000783;CAIXA;17662.380000000000000;
202408;1434;2015000747;COTAS;138527.749163000000000;04495282000104
202408;1479;1997002711;COTAS;408185773.846548000000000;32320637000151
202408;1674;2016000783;COTAS;4029165.471479000000000;
202408;1482;2010003829;COTAS;684148.471456000000000;
202408;1482;2011000238;CAIXA;0.000000000000000;
202408;1523;1998004465;VL_PG_RC;31163709.760000000000000;
202408;1523;1977000274;COTAS;171912466.233005000000000;22791114000130
202408;1482;1982000211;VL_PG_RC;-1.930000000000000;
202408;1482;2011000483;COTAS;38841872.328555000000000;32273485000183
202408;1523;1998004465;ACOES;52968223.280000000000000;
202408;1434;2015000747;TIT_PUB;5369842.470000000000000;
202408;1674;2016000783;COTAS;38783.513281000000000;
202408;1239;1979002819;IMOVEIS;52600000.000000000000000;
202408;1451;1979001618;COTAS;20399945.155343000000000;
202408;1523;2006003674;COTAS;99491877.260237000000000;51891082000142
202408;1482;1982000929;VL_PG_RC;-50.380000000000000;
202408;1482;2011002011;CAIXA;0.000000000000000;
202408;1523;1998004465;COTAS;4187630.963872000000000;
202408;1479;1997002711;COTAS;164765951.710859000000000;41570019000150
202408;1674;2016000783;COTAS;161045.141365000000000;
202408;1239;1979002983;TIT_PRIV;310754.735278000000000;
202408;1523;1998004465;COTAS;2704366.611912000000000;
202408;1479;1997002711;COTAS;140813686.050673000000000;42449329000184
202408;1239;1979003092;CAIXA;702.630000000000000;
202408;1523;1998004465;COTAS;673948.796059000000000;
202408;1479;1997002711;COTAS;82941033.257211000000000;51918188000192
202408;1674;2016000783;COTAS;3710.611091000000000;
202408;1482;2011002011;COTAS;4402999.959741000000000;
202408;1523;1998004465;COTAS;14392896.620000000000000;
202408;1239;1979003165;VL_PG_RC;-709498.280000000000000;
202408;1523;1998004465;COTAS;1530219.171226000000000;03191766000199
202408;1479;1997002711;COTAS;42548824.078573000000000;52324000000140
202408;1674;2019001918;COTAS;12705201.571095000000000;
202408;1482;2013001029;CAIXA;0.000000000000000;
202408;1451;1979001618;COTAS;6548060.540432000000000;
202408;1479;1997002711;IMOVEIS;181486532.330000000000000;
202408;1239;1979003238;ACOES;570494.720000000000000;
202408;1523;1998004465;COTAS;764025.827582000000000;08070787000170
202408;1482;1982003138;VL_PG_RC;-2932.090000000000000;
202408;1239;1979003238;COTAS;6409954448.996699000000000;05754033000140
202408;1482;1983000329;COTAS;34063510.123968000000000;
202408;1239;1979003238;VL_PG_RC;-1077993.930000000000000;
202408;1482;2013001029;COTAS;66780238.001280000000000;
202408;1482;1985000865;COTAS;235606.861078000000000;
202408;1239;1982002018;COTAS;11853.926538000000000;
202408;1482;2022000056;OPERACAO_PARTICIPANTE;17420.790000000000000;
202408;1523;9970000000;COTAS;42334025.355725000000000;14120553000192
202408;1479;1997002711;TIT_PUB;860440017.980000000000000;
202408;1451;2006002929;COTAS;12446543.493156000000000;
202408;1523;1998004465;COTAS;28552825.067738000000000;09606345000168
202408;1479;1997002892;COTAS;67746522.575293000000000;
202408;1451;2022001974;VL_PG_RC;-161.130000000000000;
202408;1674;2019001918;COTAS;2452420.898843000000000;
202408;1523;1998004465;COTAS;156726891.593451000000000;14387403000140
202408;1239;1982002174;ACOES;36963.030000000000000;
202408;1537;1980001774;COTAS;7286556.226295000000000;
202408;1674;2019001918;COTAS;5356458.537470000000000;
202408;1482;1987000838;COTAS;19949582.107740000000000;
202408;1239;1982002247;ACOES;883518.150000000000000;
202408;1537;1980001774;COTAS;1402827.360306000000000;
202408;1674;2019001918;COTAS;2579429.403734000000000;
202408;1482;1987000838;VL_PG_RC;-5900.210000000000000;
202408;1523;1998004465;COTAS;23290.564949000000000;16877625000176
202408;1523;1998004465;COTAS;834656940.575870000000000;24651157000145
202408;1479;1997002892;VL_PG_RC;12003341.660000000000000;
202408;1482;1987001192;VL_PG_RC;-3888.820000000000000;
202408;1523;1998004465;COTAS;15200255.217224000000000;49534273000105
202408;1537;1988000165;CAIXA;67122.290000000000000;
202408;1482;9970000000;COTAS;6525390.995026000000000;
202408;1688;1979002274;COTAS;376842925.918381000000000;06041391000179
202408;1523;1998004465;COTAS;125114344.641813000000000;50866507000109
202408;1506;9970000000;VL_PG_RC;0.000000000000000;
202408;1688;1979002274;TIT_PRIV;7262404.400000000000000;
202408;1537;1988000165;COTAS;17165584.510242000000000;
202408;1511;9970000000;VL_PG_RC;48.230000000000000;
202408;1688;2021000338;VL_PG_RC;-1101.880000000000000;
202408;1523;1998004465;COTAS;79692443.928930000000000;52982641000192
202408;1451;9970000000;COTAS;20340.848953000000000;
202408;1688;2021001865;CAIXA;8.840000000000000;
202408;1523;2006003674;COTAS;-14365.630267000000000;
202408;1239;1982002247;COTAS;10145903769.953217000000000;05754101000171
202408;1239;1982002247;VL_PG_RC;-2152720.880000000000000;
202408;1523;1977000274;ACOES;1679011375.410000000000000;
202408;1479;2012000738;COTAS;355232.434610000000000;
202408;1688;9970000000;CAIXA;18386.520000000000000;
202408;1239;1995003311;COTAS;679911121.536954000000000;
202408;1523;2006003674;COTAS;71248.147587000000000;
202408;1537;1988000165;COTAS;22021963.248321000000000;
202408;1451;9970000000;VL_PG_RC;7677.340000000000000;
202408;1523;1977000274;COTAS;4310077.880000000000000;
202408;1554;1978000456;COTAS;168879.070333000000000;
202408;1479;1997002711;COTAS;11844296.240000000000000;
202408;1585;2006000911;CAIXA;3545456.470000000000000;
202408;1479;2012000738;COTAS;292179.227320000000000;
202408;1523;1977000274;COTAS;4304212.862462000000000;
202408;1585;2006000911;COTAS;4999918.512706000000000;
202408;1479;2012000738;COTAS;8021081.410912000000000;
202408;1523;1977000274;COTAS;9400.517512000000000;
202408;1585;2006000911;COTAS;70522508.936491000000000;09521007000123
202408;1479;2012000738;COTAS;206365.496206000000000;
202408;1523;1977000274;COTAS;1533457.094452000000000;03191766000199
202408;1523;2006003674;COTAS;-16247.981101000000000;
202408;1701;1999000838;COTAS;4665673.818635000000000;
202408;1585;2006000911;COTAS;42159208.048691000000000;20214858000166
202408;1482;1987001265;TIT_PUB;79683206.160000000000000;
202408;1523;1977000274;COTAS;255520185.269154000000000;09606345000168
202408;1523;2006003674;COTAS;2184.787970000000000;
202408;1482;1987001419;VL_PG_RC;543.610000000000000;
202408;1479;2012000738;COTAS;2786115.573463000000000;32320637000151
202408;1523;2006003674;COTAS;12881883.839960000000000;
202408;1585;9970000000;VL_PG_RC;-388.130000000000000;
202408;1239;1995003311;COTAS;166047240.345770000000000;
202408;1523;2006003674;COTAS;26336484.859916000000000;
202408;1523;1977000274;COTAS;143227035.442282000000000;14387403000140
202408;1701;9970000000;COTAS;426929.575919000000000;11960212000137
202408;1482;1988002338;CAIXA;566792.720000000000000;
202408;1523;2006003674;COTAS;3594652451.003017000000000;16916054000131
202408;1701;9970000000;VL_PG_RC;-43.580000000000000;
202408;1523;1977000274;COTAS;124101082.980577000000000;15154385000119
202408;1482;1988002338;TIT_PUB;18167023.010000000000000;
202408;1239;2019002965;VL_PG_RC;-24.950000000000000;
202408;1479;1997002711;COTAS;10318274.813160000000000;
202408;1599;1979001219;ACOES;244248.650000000000000;
202408;1482;1979005411;COTAS;318810.655681000000000;
202408;1523;2006003674;COTAS;4025007247.971923000000000;27455174000103
202408;1715;1979000174;ACOES;7805235.630000000000000;
202408;1523;1977000274;COTAS;4881407873.791616000000000;16916054000131
202408;1599;2001002483;COTAS;17026727.741248000000000;05324555000102
202408;1523;2006003674;COTAS;99544891.171316000000000;49599183000100
202408;1482;1989000665;CAIXA;866522.510000000000000;
202408;1715;1979000174;COTAS;2428741.742563000000000;
202408;1599;9970000000;COTAS;11936685.722541000000000;
202408;1523;9970000000;COTAS;148230.690683000000000;50198930000170
202408;1523;1977000274;COTAS;2082790356.218723000000000;27455174000103
202408;1715;1979000174;COTAS;10012535.096552000000000;
202408;1479;1997002711;COTAS;54783584.203775000000000;
202408;1523;1977000274;COTAS;94604559.233186000000000;51891082000142
202408;1715;1979000174;COTAS;10334445.495385000000000;
202408;1599;9970000000;COTAS;512873.232741000000000;41272558000103
202408;1523;1998004465;COTAS;3756.833604000000000;
202408;1482;1981000674;CAIXA;1639.160000000000000;
202408;1715;1979000174;COTAS;6405138.573283000000000;
202408;1612;2022002229;COTAS;1579199602.771320000000000;18000683000142
202408;1523;1998004465;COTAS;989393.241373000000000;
202408;1482;1982000465;COTAS;400638.044484000000000;
202408;1239;2020000156;CAIXA;0.000000000000000;
202408;1482;1989001238;CAIXA;2737.070000000000000;
202408;1612;2022002229;COTAS;75676143.524615000000000;42119596000193
202408;1479;1997002711;COTAS;900741909.009414000000000;37037679000101
202408;1482;1982003211;VL_PG_RC;-0.460000000000000;
202408;1239;2020000792;TIT_PRIV;4026925.024589000000000;
202408;1479;1997002711;COTAS;121320070.089005000000000;41326144000110
202408;1482;1985000547;CAIXA;874989.850000000000000;
202408;1715;2008004619;COTAS;34263952.125878000000000;
202408;1482;1989002374;CAIXA;359.580000000000000;
202408;1612;9970000000;VL_PG_RC;-541.110000000000000;
202408;1715;2008004619;COTAS;10312134.911731000000000;
202408;1482;1990001947;TIT_PUB;29638084.940000000000000;
202408;1674;1989002056;COTAS;2785410.758116000000000;
202408;1479;1997002892;COTAS;528257995.110507000000000;17138135000110
202408;1523;1998004465;COTAS;1603302.217399000000000;
202408;1674;1989002056;COTAS;336433.067484000000000;
202408;1537;1980001774;COTAS;17188709.508418000000000;
202408;1482;1987001011;TIT_PUB;99343630.010000000000000;
202408;1479;1997002892;IMOVEIS;560157987.280000000000000;
202408;1715;2008004619;COTAS;11318728.350746000000000;
202408;1674;1989002056;COTAS;1135052.721062000000000;
202408;1239;2022001011;TIT_PRIV;290903.588531000000000;
202408;1523;1998004465;COTAS;2019633.479358000000000;
202408;1537;1980001774;IMOVEIS;3425977.310000000000000;
202408;1479;1997002892;OPERACAO_PARTICIPANTE;159641440.958158723800000;
202408;1674;1989002056;COTAS;620658.454944000000000;
202408;1482;1987001192;TIT_PUB;37975876.730000000000000;
202408;1242;1985001519;TIT_PUB;2363530058.330000000000000;
202408;1482;1991001347;VL_PG_RC;-46235.720000000000000;
202408;1482;1987001419;COTAS;63479307.688411000000000;
202408;1674;1989002056;COTAS;714534.013225000000000;
202408;1715;2008004619;COTAS;33016128.320574000000000;
202408;1242;1985001683;COTAS;526765.920000000000000;
202408;1523;1998004465;COTAS;2161619.049815000000000;16877602000161
202408;1715;2008004619;COTAS;7370358.314932000000000;
202408;1715;2008004619;TIT_PUB;219107431.830000000000000;
202408;1523;1998004465;COTAS;17662337.460138000000000;22791114000130
202408;1674;1989002056;COTAS;474003.036715000000000;
202408;1482;1992001847;COTAS;19659.698245000000000;
202408;1715;9970000000;COTAS;2831265.031536000000000;
202408;1479;2012000738;CAIXA;22569.080000000000000;
202408;1523;1998004465;COTAS;12604460.716149000000000;50198930000170
202408;1482;1992001911;CAIXA;0.000000000000000;
202408;1715;9970000000;COTAS;1589266.805329000000000;
202408;1537;1980001774;TIT_PUB;337799195.750000000000000;
202408;1479;2012000738;COTAS;47377.184960000000000;
202408;1674;2014000492;COTAS;2593311.412906000000000;
202408;1482;1987001811;TIT_PUB;43255475.270000000000000;
202408;1479;2012000738;COTAS;15573423.953612000000000;37037679000101
202408;1674;2014000492;COTAS;1095472.803810000000000;
202408;1482;1993001492;COTAS;1236.551783000000000;
202408;1482;1988001447;VL_PG_RC;0.000000000000000;
202408;1537;1988000165;COTAS;23787979.406645000000000;
202408;1715;9970000000;COTAS;3096693.708824000000000;
202408;1479;2012000738;COTAS;11199195.005856000000000;43759309000172
202408;1715;9970000000;COTAS;949421.903050000000000;
202408;1479;2012000738;COTAS;403168.626147000000000;51918188000192
202408;1242;1985001683;COTAS;3838465.355418000000000;
202408;1482;1988002656;TIT_PRIV;33850.760000000000000;
202408;1674;2014000492;COTAS;41715370.079735000000000;
202408;1482;1993001565;TIT_PRIV;842.900000000000000;
202408;1715;9970000000;COTAS;162368.133848000000000;
202408;1674;2014000492;COTAS;260063.371261000000000;
202408;1479;9970000000;CAIXA;16167.510000000000000;
202408;1674;2014000492;VL_PG_RC;573876.030000000000000;
202408;1715;9970000000;COTAS;2125028.129583000000000;
202408;1482;1982000211;TIT_PRIV;168.580000000000000;
202408;1537;1988000165;VL_PG_RC;-78770.010000000000000;
202408;1523;2006003674;CAIXA;2857227.490000000000000;
202408;1541;1986000656;CAIXA;445409.500000000000000;
202408;1674;2015000356;COTAS;1435537.811986000000000;
202408;1482;1993002911;TIT_PRIV;46629.090000000000000;
202408;1482;1982000465;TIT_PRIV;977.760000000000000;
202408;1242;1985001683;TIT_PUB;631502633.360000000000000;
202408;1482;1989000592;CAIXA;187030.810000000000000;
202408;1729;1990001092;COTAS;41420.732293000000000;
202408;1482;1982000929;TIT_PRIV;33.720000000000000;
202408;1541;1986000656;COTAS;28585070.573170000000000;
202408;1674;2015000356;COTAS;7841899.546965000000000;
202408;1523;2006003674;COTAS;6504.188146000000000;
202408;1729;1990001092;COTAS;3498458.398190000000000;
202408;1541;1986000656;COTAS;4403196.887732000000000;
202408;1242;2021001792;ACOES;21634.310000000000000;
202408;1482;1989001238;TIT_PRIV;101.150000000000000;
202408;1729;1990001092;COTAS;86150.012726000000000;
202408;1482;1983000329;CAIXA;0.000000000000000;
202408;1729;1990001092;COTAS;1060453.568674000000000;
202408;1482;1985000547;VL_PG_RC;-84.080000000000000;
202408;1482;1989001556;COTAS;5141.022595000000000;
202408;1242;2021001792;COTAS;228491.750000000000000;
202408;1729;1990001092;COTAS;109518270.136715000000000;19821512000147
202408;1523;2006003674;COTAS;28084967.222014000000000;
202408;1242;2021001792;COTAS;157178.450000000000000;
202408;1729;1990001092;VL_PG_RC;965020.060000000000000;
202408;1482;1987001011;CAIXA;1952723.040000000000000;
202408;1482;1993002911;VL_PG_RC;-18895.900000000000000;
202408;1541;9970000000;CAIXA;34260.700000000000000;
202408;1482;1989002211;VL_PG_RC;0.000000000000000;
202408;1482;1989000592;COTAS;7016375.380781000000000;
202408;1554;1978000456;OPERACAO_PARTICIPANTE;398463.070000000000000;
202408;1242;2021001792;COTAS;135379.800000000000000;
202408;1523;2006003674;COTAS;6262703.553155000000000;
202408;1523;2006003674;COTAS;220094.270645000000000;
202408;1729;9970000000;CAIXA;75501.490000000000000;
202408;1242;2021001792;COTAS;19023798.751758000000000;11541979000121
202408;1523;2006003674;COTAS;58457594.430000000000000;
202408;1674;2015000356;COTAS;173733.521002000000000;
202408;1554;1978000456;TIT_PRIV;1607968.510000000000000;
202408;1523;2006003674;COTAS;2616199620.420624000000000;03524814000113
202408;1482;1989002374;COTAS;26149.505180000000000;
202408;1482;1993003983;VL_PG_RC;-0.960000000000000;
202408;1732;1985001111;IMOVEIS;1044302.810000000000000;
202408;1482;1989002447;VL_PG_RC;-482.660000000000000;
202408;1242;2021001792;VL_PG_RC;-256396.450000000000000;
202408;1523;2006003674;COTAS;118676243.622849000000000;04684251000193
202408;1554;9970000000;COTAS;3401547.012497000000000;
202408;1242;4012420038;COTAS;37089808.758376000000000;
202408;1482;1989001483;VL_PG_RC;-58.990000000000000;
202408;1482;1994000783;VL_PG_RC;-0.650000000000000;
202408;1674;2015000356;VL_PG_RC;-27291.570000000000000;
202408;1732;9970000000;CAIXA;3591.690000000000000;
202408;1482;1995000256;COTAS;271402.197641000000000;
202408;1674;2016000783;COTAS;599163.655593000000000;
202408;1523;2006003674;COTAS;742423.035074000000000;04714699000102
202408;1482;1989002129;VL_PG_RC;-522.960000000000000;
202408;1482;1996000756;COTAS;314.240444000000000;
202408;1674;2016000783;COTAS;94689.069356000000000;
202408;1523;2006003674;COTAS;288931.511998000000000;16877625000176
202408;1482;1996002538;TIT_PRIV;4922.520000000000000;
202408;1674;2019001918;CAIXA;12616.800000000000000;
202408;1571;9970000000;COTAS;304498501.311095000000000;
202408;1523;2006003674;COTAS;159539849.780019000000000;28581662000111
202408;1482;1989002447;CAIXA;6537.210000000000000;
202408;1746;1982003065;COTAS;12681351.987319000000000;
202408;1523;2006003674;COTAS;103862521.877982000000000;50190791000138
202408;1242;4012420038;VL_PG_RC;-30314.550000000000000;
202408;1746;1982003065;COTAS;16778185.645909000000000;
202408;1523;2006003674;COTAS;337545769.031244000000000;52982641000192
202408;1571;9970000000;VL_PG_RC;-60379.190000000000000;
202408;1261;1980000311;CAIXA;3319.900000000000000;
202408;1482;1990002056;VL_PG_RC;-1112.670000000000000;
202408;1674;2019001918;COTAS;2666868.840384000000000;
202408;1585;2006000911;COTAS;51582523.534099000000000;
202408;1482;1990001947;COTAS;28299437.078404000000000;
202408;1674;2019001918;COTAS;1896560.687465000000000;
202408;1523;9970000000;COTAS;15533791.112767000000000;14387403000140
202408;1482;1990001947;COTAS;71610891.536318000000000;
202408;1482;1991001347;TIT_PRIV;57721.620000000000000;
202408;1482;1996003811;TIT_PRIV;4113.340000000000000;
202408;1482;1990001947;VL_PG_RC;-59473.140000000000000;
202408;1523;9970000000;COTAS;8433502.688274000000000;52982641000192
202408;1746;1982003065;COTAS;20056145.293310000000000;
202408;1674;2019001918;COTAS;1506461.775180000000000;
202408;1482;1990002056;COTAS;2446653.807010000000000;
202408;1537;1980001774;CAIXA;55356.790000000000000;
202408;1482;1996003811;VL_PG_RC;-10063.990000000000000;
202408;1537;1980001774;COTAS;78287545.923652000000000;
202408;1482;1996004956;CAIXA;0.000000000000000;
202408;1674;2019001918;COTAS;109165.723935000000000;
202408;1482;1992001911;COTAS;1567.044638000000000;
202408;1585;2006000911;COTAS;50190488.149556000000000;19091575000195
202408;1763;1990000819;COTAS;169830.526685000000000;
202408;1482;1993001492;VL_PG_RC;-0.650000000000000;
202408;1585;2006000911;COTAS;780370261.454339000000000;32225875000188
202408;1482;1997000156;COTAS;208674.664390000000000;
202408;1688;2021000419;CAIXA;53.270000000000000;
202408;1599;1979001219;CAIXA;46.230000000000000;
202408;1482;1993001565;COTAS;3799586.270275000000000;
202408;1537;1980001774;COTAS;15241406.081262000000000;
202408;1763;1990000819;COTAS;2967941.941360000000000;
202408;1482;1993001956;CAIXA;345906.070000000000000;
202408;1537;1980001774;COTAS;47254856.799496000000000;
202408;1482;1997000938;VL_PG_RC;-4.120000000000000;
202408;1482;1995000418;COTAS;217907.854408000000000;
202408;1537;1980001774;COTAS;21310872.831049000000000;
202408;1261;9970000000;CAIXA;14716.480000000000000;
202408;1537;1988000165;IMOVEIS;3193360.040000000000000;
202408;1701;1999000838;COTAS;2253254.462990000000000;
202408;1261;9970000000;COTAS;2886876.764023000000000;
202408;1537;1988000165;TIT_PRIV;64446757.680000000000000;
202408;1701;1999000838;COTAS;4135755.591426000000000;
202408;1599;2001002483;CAIXA;50.460000000000000;
202408;1661;1990001718;IMOVEIS;14388706.710000000000000;
202408;1482;1997002574;CAIXA;0.000000000000000;
202408;1701;1999000838;COTAS;28537300.120861000000000;
202408;1781;1980000174;ACOES;66266923543.840000000000000;
202408;1537;9970000000;CAIXA;1279.210000000000000;
202408;1482;1998002683;COTAS;0.000000000000000;
202408;1273;1985000229;CAIXA;66605.220000000000000;
202408;1482;1995000892;CAIXA;0.000000000000000;
202408;1701;1999000838;TIT_PUB;3228137.030000000000000;
202408;1661;9970000000;CAIXA;0.060000000000000;
202408;1273;9970000000;COTAS;23332861.726973000000000;
202408;1715;1979000174;COTAS;5087652.198015000000000;
202408;1781;1980000174;COTAS;1679381.070000000000000;
202408;1661;9970000000;VL_PG_RC;0.000000000000000;
202408;1273;9970000000;VL_PG_RC;-6986.740000000000000;
202408;1715;1979000174;COTAS;18021239.567061000000000;
202408;1781;1980000174;COTAS;7171753.926776000000000;
202408;1314;1985000156;COTAS;26852230.705400000000000;
202408;1537;9970000000;COTAS;3350125.576985000000000;
202408;1715;1979000174;COTAS;28167710.086492000000000;
202408;1781;1980000174;COTAS;115995368078.522311000000000;00822055000187
202408;1359;1991002165;COTAS;10197808.883253000000000;
202408;1715;2008004619;COTAS;14715380.897846000000000;
202408;1482;1992001911;TIT_PRIV;33.720000000000000;
202408;1541;1986000656;COTAS;7529462.853969000000000;
202408;1482;1998003474;VL_PG_RC;-36.980000000000000;
202408;1781;1980000174;OPCOES;547040520.890000000000000;
202408;1482;1995001856;VL_PG_RC;-20.500000000000000;
202408;1674;1989002056;CAIXA;18413.220000000000000;
202408;1482;1995002429;COTAS;352.411367000000000;
202408;1674;1989002056;COTAS;782913.630773000000000;
202408;1715;2008004619;COTAS;16355612.776045000000000;
202408;1482;1996004956;COTAS;13200449.650142000000000;
202408;1674;1989002056;COTAS;3568734.620875000000000;
202408;1482;1998003892;CAIXA;0.000000000000000;
202408;1482;1993003983;CAIXA;0.000000000000000;
202408;1482;1997001683;COTAS;2014528.718808000000000;
202408;1674;1989002056;COTAS;342645.947650000000000;
202408;1482;1998004211;VL_PG_RC;0.000000000000000;
202408;1715;2008004619;COTAS;18294748.463137000000000;
202408;1482;1997001683;COTAS;183512.593574000000000;
202408;1359;1991002165;COTAS;42814938.180731000000000;
202408;1482;1998004392;CAIXA;2908679.540000000000000;
202408;1482;1997005011;VL_PG_RC;0.000000000000000;
202408;1482;1998002683;CAIXA;953.010000000000000;
202408;1482;1995000256;CAIXA;0.000000000000000;
202408;1674;1989002056;COTAS;23136.063297000000000;
202408;1541;1986000656;COTAS;5663319.717180000000000;
202408;1482;1998003418;COTAS;13192704.987077000000000;
202408;1674;1989002056;VL_PG_RC;-5231.800000000000000;
202408;1541;1986000656;COTAS;3235053.105307000000000;
202408;1482;1998003892;COTAS;159965877.198062000000000;
202408;1541;1986000656;IMOVEIS;26925247.000000000000000;
202408;1359;1991002165;COTAS;25479396.442288000000000;
202408;1482;1998005747;CAIXA;0.000000000000000;
202408;1674;2014000492;CAIXA;54403.830000000000000;
202408;1781;1998003574;COTAS;310958587.881756000000000;35302796000111
202408;1359;1991002165;VL_PG_RC;-322154.320000000000000;
202408;1715;2008004619;COTAS;17199210.650191000000000;
202408;1482;1998004392;COTAS;135813042.397567000000000;
202408;1541;1986000656;OPERACAO_PARTICIPANTE;4812342.140000000000000;
202408;1781;1998003574;COTAS;94729317.272157000000000;48400668000152
202408;1482;1995000892;VL_PG_RC;-12271.520000000000000;
202408;1482;1999000218;COTAS;8964852.274360000000000;
202408;1482;1998004392;COTAS;84363348.930575000000000;
202408;1541;9970000000;COTAS;476603.888724000000000;
202408;1482;1998005747;COTAS;1170671.544252000000000;
202408;1715;2008004619;COTAS;2288617.505660000000000;
202408;1674;2014000492;COTAS;25032352.281719000000000;
202408;1482;1995001856;CAIXA;0.000000000000000;
202408;1715;2008004619;COTAS;46553891.968946000000000;
202408;1781;1998003574;COTAS;2874204139.252186000000000;49766341000161
202408;1482;1998005747;COTAS;179494093.497531000000000;
202408;1482;1999001818;TIT_PRIV;73230.930000000000000;
202408;1781;2019002711;COTAS;42269565.000000000000000;
202408;1674;2014000492;COTAS;2027332.234916000000000;
202408;1482;1999001818;VL_PG_RC;-38925.270000000000000;
202408;1359;1991002238;COTAS;1992541.578541000000000;
202408;1482;2000003192;COTAS;17394022.415543000000000;
202408;1715;9970000000;COTAS;5236652.269701000000000;
202408;1804;1988001838;COTAS;48791705.271274000000000;
202408;1359;1991002238;COTAS;4679228.343996000000000;
202408;1482;1995002429;VL_PG_RC;-0.430000000000000;
202408;1482;2000003192;COTAS;15444825.254495000000000;32273477000137
202408;1674;2014000492;COTAS;5187488.727381000000000;
202408;1482;2000007211;COTAS;58995913.093167000000000;
202408;1804;1988001838;COTAS;529866.417008000000000;
202408;1554;1978000456;CAIXA;106531.670000000000000;
202408;1482;2000007211;COTAS;20957328.106419000000000;
202408;1804;1988001838;COTAS;27436271.348745000000000;19418922000141
202408;1554;1978000456;COTAS;21152603.025159000000000;
202408;1674;2014000492;COTAS;402666.165843000000000;
202408;1674;2014000492;COTAS;6939023.941157000000000;
202408;1482;1996000756;CAIXA;0.000000000000000;
202408;1715;9970000000;COTAS;2970803.390539000000000;
202408;1571;1996000365;CAIXA;524184.950000000000000;
202408;1674;2014000492;COTAS;132982.464548000000000;
202408;1482;1997001683;VL_PG_RC;-2201.210000000000000;
202408;1715;9970000000;COTAS;3426982.267207000000000;
202408;1674;2015000356;COTAS;2998836.383742000000000;
202408;1482;2000003192;COTAS;11771722.544276000000000;32273485000183
202408;1715;9970000000;COTAS;465837.395097000000000;
202408;1804;4018040083;VL_PG_RC;0.000000000000000;
202408;1571;1996000365;COTAS;304563809.230084000000000;09323724000140
202408;1482;2000007211;TIT_PRIV;15779.040000000000000;
202408;1482;1998004392;VL_PG_RC;-46939.660000000000000;
202408;1818;1997001365;VL_PG_RC;0.000000000000000;
202408;1359;2014001774;COTAS;851920.214424000000000;
202408;1571;4015710029;VL_PG_RC;0.000000000000000;
202408;1482;2000003192;OPERACAO_PARTICIPANTE;387953.950000000000000;
202408;1729;1990001092;COTAS;747752502.084575000000000;
202408;1359;2014001774;COTAS;496286.597731000000000;
202408;1599;2001002483;COTAS;15000578.997337000000000;41272558000103
202408;1482;2000004083;VL_PG_RC;-4670.800000000000000;
202408;1482;2002001618;CAIXA;0.000000000000000;
202408;1482;1999001818;CAIXA;0.000000000000000;
202408;1818;9970000000;VL_PG_RC;0.000000000000000;
202408;1381;1980002411;COTAS;35129930.439866000000000;34626114000163
202408;1674;2016000783;COTAS;4011610.093293000000000;
202408;1482;2003000119;VL_PG_RC;-191654.290000000000000;
202408;1674;2016000783;COTAS;7958795.051206000000000;
202408;1599;9970000000;COTAS;1922820.568629000000000;35726949000158
202408;1482;2003001174;COTAS;20180567.710074000000000;
202408;1729;1990001092;COTAS;85563328.219069000000000;
202408;1674;2016000783;COTAS;81881.358886000000000;
202408;1381;2006005138;COTAS;7611742.673928000000000;
202408;1599;9970000000;VL_PG_RC;-2618.940000000000000;
202408;1482;2003001174;VL_PG_RC;162419.750000000000000;
202408;1729;1990001092;COTAS;60964998.372095000000000;
202408;1821;1980002274;TIT_PUB;455350489.290000000000000;
202408;1482;2004000465;VL_PG_RC;-33596.830000000000000;
202408;1746;1982003065;COTAS;29376859.052619000000000;
202408;1821;9970000000;VL_PG_RC;0.000000000000000;
202408;1381;2006005138;VL_PG_RC;-4691.830000000000000;
202408;1746;1982003065;VL_PG_RC;-60829.390000000000000;
202408;1482;2000007211;COTAS;34922008.045388000000000;
202408;1482;2000004083;OPERACAO_PARTICIPANTE;156803.070000000000000;
202408;1674;2016000783;COTAS;3074829.157017000000000;
202408;1746;9970000000;VL_PG_RC;0.000000000000000;
202408;1403;1981000747;TIT_PUB;4442257.450000000000000;
202408;1852;1985001047;COTAS;1495007806.546301000000000;11419800000168
202408;1763;1990000819;COTAS;23722998.226511000000000;
202408;1403;2000008038;COTAS;6468045.060147000000000;
202408;1883;1988001056;COTAS;15707552.933080000000000;
202408;1482;2000007211;COTAS;48769015.068175000000000;
202408;1674;2016000783;VL_PG_RC;-18091.290000000000000;
202408;1403;2000008038;COTAS;5922148.100000000000000;
202408;1883;1988001056;VL_PG_RC;-5741.250000000000000;
202408;1482;2001000138;COTAS;143785225.388988000000000;
202408;1763;1990000819;COTAS;6157047.764361000000000;
202408;1482;2000007211;COTAS;36496812.910117000000000;
202408;1403;2000008038;COTAS;20279470.752199000000000;41300431000150
202408;1883;2006003356;CAIXA;9337.270000000000000;
202408;1763;1990000819;VL_PG_RC;62118.340000000000000;
202408;1657;1987001338;CAIXA;652.170000000000000;
202408;1883;2006003356;COTAS;2583751.808996000000000;
202408;1781;1980000174;COTAS;1176952.049284000000000;
202408;1482;2001001665;VL_PG_RC;1018.930000000000000;
202408;1482;2000007211;COTAS;8700964.148026000000000;
202408;1781;1980000174;COTAS;44186904.300290000000000;
202408;1482;2004001518;TIT_PUB;69674245.530000000000000;
202408;1482;2000007211;VL_PG_RC;-77747.470000000000000;
202408;1482;2004003138;TIT_PRIV;24005.720000000000000;
202408;1482;2004000392;COTAS;52812490.300768000000000;
202408;1482;2001000383;COTAS;3624317.107568000000000;
202408;1674;2019001918;COTAS;2241561.455341000000000;
202408;1657;9970000000;VL_PG_RC;0.000000000000000;
202408;1781;1980000174;COTAS;26480465.000000000000000;
202408;1403;2000008038;TIT_PRIV;6257259.850000000000000;
202408;1482;2001000383;TIT_PRIV;43830.670000000000000;
202408;1661;2009003438;VL_PG_RC;160156.790000000000000;
202408;1674;2019001918;COTAS;1325265.815917000000000;
202408;1482;2005001074;VL_PG_RC;-30834.920000000000000;
202408;1482;2001001665;CAIXA;0.000000000000000;
202408;1883;2006003356;COTAS;26409014.688705000000000;
202408;1482;2005001392;CAIXA;0.000000000000000;
202408;1482;2004000465;COTAS;368109926.657866000000000;
202408;1781;1980000174;COTAS;22372856.000000000000000;
202408;1482;2005001392;COTAS;5441105.482836000000000;
202408;1482;2004000465;COTAS;1018301169.351638000000000;
202408;1661;9970000000;COTAS;195570.196866000000000;
202408;1482;2002001618;COTAS;13474935.899153000000000;32273402000156
202408;1883;2006003356;COTAS;1423956.335787000000000;50841871000106
202408;1674;2019001918;COTAS;4310267.162072000000000;
202408;1482;2003001247;CAIXA;0.000000000000000;
202408;1674;1989002056;COTAS;325740.139742000000000;
202408;1674;1989002056;COTAS;1507178.265691000000000;
202408;1482;2004000392;COTAS;67064213.362277000000000;28428287000174
202408;1911;1992001618;OPERACAO_PARTICIPANTE;37329.380000000000000;
202408;1482;2005004065;COTAS;16818395.891384000000000;
202408;1911;1997003211;COTAS;14094976.000112000000000;42479278000133
202408;1674;2019001918;COTAS;1725008.415055000000000;
202408;1911;1997003211;COTAS;211735.669824000000000;54366569000102
202408;1674;2014000492;COTAS;6887186.927113000000000;
202408;1911;1998004147;COTAS;2723867.790873000000000;
202408;1403;2008004783;CAIXA;4730.400000000000000;
202408;1674;2014000492;COTAS;2549838.453214000000000;
202408;1403;2008004783;COTAS;2126570.993273000000000;
202408;1911;1998004147;COTAS;1144898.028951000000000;
202408;1674;2015000356;COTAS;100646.169746000000000;
202408;1674;2019001918;VL_PG_RC;571135.730000000000000;
202408;1674;2015000356;COTAS;13019094.688207000000000;
202408;1482;2005004138;TIT_PRIV;1854.370000000000000;
202408;1482;2004000538;COTAS;525750.772851000000000;21287493000162
202408;1482;2004000538;VL_PG_RC;-13747.850000000000000;
202408;1403;2008004783;COTAS;1024472.460814000000000;
202408;1781;1980000174;COTAS;954616.460310000000000;
202408;1688;1979002274;COTAS;127277508.692976000000000;07733030000156
202408;1674;2015000356;COTAS;19331285.449299000000000;
202408;1482;2004001518;COTAS;31019236.989934000000000;
202408;1688;1979002274;COTAS;123644425.654682000000000;41881550000144
202408;1482;2005001074;CAIXA;0.000000000000000;
202408;1688;1979002274;OPERACAO_PARTICIPANTE;20667983.089800476500000;
202408;1482;2005004383;COTAS;2805993.540262000000000;
202408;1781;1980000174;OPERACAO_PARTICIPANTE;6952522366.460000000000000;
202408;1911;1998004147;OPERACAO_PARTICIPANTE;89790.470000000000000;
202408;1482;2005004065;VL_PG_RC;67938.690000000000000;
202408;1781;1998003574;COTAS;13538640.062556000000000;
202408;1911;1998004147;TIT_PUB;8743355.340000000000000;
202408;1482;2005004383;TIT_PUB;5422125.390000000000000;
202408;1482;2004001518;TIT_PRIV;74174.980000000000000;
202408;1911;1998005518;COTAS;5428348.578759000000000;
202408;1482;2005005665;VL_PG_RC;276552.930000000000000;
202408;1911;1998005518;COTAS;25422051.844705000000000;
202408;1482;2005004383;VL_PG_RC;-60813.220000000000000;
202408;1781;1998003574;COTAS;510461022.531826000000000;49766087000100
202408;1403;2008004783;COTAS;3202192.979458000000000;
202408;1688;2021000419;VL_PG_RC;-4536.300000000000000;
202408;1482;2005004065;CAIXA;0.000000000000000;
202408;1911;1998005518;OPERACAO_PARTICIPANTE;7795780.195334667400000;
202408;1781;1998003574;COTAS;2321868.880000000000000;49767689000173
202408;1403;2008004783;COTAS;13092474.231213000000000;41300431000150
202408;1911;1998005518;TIT_PUB;211494683.160000000000000;
202408;1482;2005005665;COTAS;7608443.050360000000000;
202408;1911;2000006183;COTAS;9026749.871561000000000;26304143000180
202408;1701;1999000838;COTAS;9539315.616075000000000;
202408;1781;2019002711;COTAS;17461411.576553000000000;40021645000125
202408;1434;1996002211;VL_PG_RC;2553203.080000000000000;
202408;1482;2005005983;COTAS;55954.280381000000000;
202408;1715;1979000174;COTAS;46963274.165015000000000;
202408;1482;2005006092;COTAS;38720028.927233000000000;
202408;1434;1997000474;COTAS;18676171.955156000000000;04495282000104
202408;1794;1981001956;COTAS;223508263.096550000000000;
202408;1482;2005005983;VL_PG_RC;-1.350000000000000;
202408;1434;1997000474;COTAS;3331585.760028000000000;41799499000126
202408;1715;1979000174;COTAS;321434.934038000000000;
202408;1674;2015000356;COTAS;2474578.505976000000000;
202408;1482;2005004456;COTAS;32975606.081426000000000;
202408;1911;2000006183;VL_PG_RC;-329520.890000000000000;
202408;1674;2015000356;COTAS;217773.853436000000000;
202408;1482;2006003038;CAIXA;0.000000000000000;
202408;1482;2005004456;COTAS;6607583.003735000000000;
202408;1434;2000000411;COTAS;16.160000000000000;
202408;1715;1979000174;COTAS;2283571.981599000000000;
202408;1482;2008000265;CAIXA;0.000000000000000;
202408;1482;2005005665;TIT_PRIV;19824.950000000000000;
202408;1482;2008000265;COTAS;21596010.075664000000000;
202408;1434;2000006965;COTAS;24147.240000000000000;
202408;1482;2005006092;TIT_PRIV;81659.900000000000000;
202408;1674;2016000783;COTAS;4022700.868905000000000;
202408;1482;2008000265;COTAS;37668472.769096000000000;
202408;1434;2000006965;COTAS;26904999.240574000000000;
202408;1674;2019001918;COTAS;3989150.070174000000000;
202408;1482;2005006092;COTAS;94275871.706969000000000;
202408;1715;1979000174;COTAS;2814380.986690000000000;
202408;1794;1981001956;VL_PG_RC;11279931.350000000000000;
202408;1482;2006003038;COTAS;20057549.482023000000000;
202408;1715;1979000174;COTAS;21055709.359602000000000;
202408;1482;2008001318;CAIXA;0.000000000000000;
202408;1434;2000006965;COTAS;11082626.631027000000000;
202408;1911;2005004847;COTAS;216943.924083000000000;
202408;1482;2008003329;VL_PG_RC;-5840.340000000000000;
202408;1434;2000006965;VL_PG_RC;-199741.210000000000000;
202408;1715;1979000174;IMOVEIS;3263789.860000000000000;
202408;1715;1979000174;TIT_PRIV;26270671.700000000000000;
202408;1674;2019001918;COTAS;1541521.139799000000000;
202408;1451;1979001618;COTAS;437981.126950000000000;
202408;1482;2010001729;VL_PG_RC;-11305.150000000000000;
202408;1715;2008004619;COTAS;1018731.539723000000000;
202408;1804;9970000000;VL_PG_RC;0.000000000000000;
202408;1674;9970000000;COTAS;437397.859255000000000;
202408;1482;2010003829;TIT_PRIV;16756.800000000000000;
202408;1715;2008004619;COTAS;52660615.609807000000000;
202408;1818;2002000174;CAIXA;877681.910000000000000;
202408;1482;2007002711;COTAS;1187509.295408000000000;
202408;1482;2011000483;COTAS;1991806.795517000000000;32273402000156
202408;1911;2005004847;COTAS;3320734.177238000000000;21791224000139
202408;1482;2008001156;CAIXA;0.000000000000000;
202408;1482;2011002338;COTAS;29124440.020598000000000;
202408;1911;2005004847;COTAS;47551.680221000000000;52277799000161
202408;1482;2011002338;COTAS;8978598.188380000000000;
202408;1482;2006003038;TIT_PRIV;23095.390000000000000;
202408;1911;2006001411;COTAS;794218.628787000000000;
202408;1451;1979001618;COTAS;39183356.070328000000000;
202408;1715;2008004619;COTAS;29861684.277794000000000;
202408;1482;2008000265;COTAS;34838766.612196000000000;
202408;1482;2008003329;COTAS;30625021.862403000000000;
202408;1852;1985001047;COTAS;1416869568.987705000000000;11121992000121
202408;1482;2008000265;COTAS;7347528.831009000000000;
202408;1883;2006003356;COTAS;2765292.073526000000000;
202408;1482;2013001819;COTAS;21216864.019465000000000;
202408;1883;2006003356;COTAS;60000748.852978000000000;
202408;1715;2008004619;COTAS;20908261.962213000000000;
202408;1911;2006001411;COTAS;11325052.644598000000000;21791224000139
202408;1911;1987000218;COTAS;153702.656330000000000;50069086000187
202408;1674;9970000000;VL_PG_RC;-75.140000000000000;
202408;1482;2018001965;CAIXA;0.000000000000000;
202408;1482;2009001818;VL_PG_RC;-30645.490000000000000;
202408;1715;2008004619;OPERACAO_PARTICIPANTE;57479890.370000000000000;
202408;1911;2006005847;COTAS;1112353.140618000000000;09315610000159
202408;1482;2010002938;COTAS;116847.455442000000000;
202408;1911;2007001292;COTAS;702915.328708000000000;36521640000194
202408;1482;2008000265;COTAS;203662769.930288000000000;
202408;1482;2018001965;COTAS;92120784.098388000000000;
202408;1911;1992001618;COTAS;136629.003086000000000;
202408;1451;2006002929;CAIXA;11322.470000000000000;
202408;1482;2008000265;VL_PG_RC;-96568.600000000000000;
202408;1482;2021003256;CAIXA;0.000000000000000;
202408;1911;1994001992;COTAS;2952242.786580000000000;
202408;1911;2007001292;COTAS;4500006.536597000000000;50069086000187
202408;1482;2008003329;CAIXA;0.000000000000000;
202408;1482;2009001011;VL_PG_RC;-1403.800000000000000;
202408;1482;2022000056;COTAS;1924958.206018000000000;
202408;1688;1979002274;COTAS;681803596.855455000000000;17545746000183
202408;1715;2008004619;TIT_PRIV;14896215.040000000000000;
202408;1911;1994001992;COTAS;670485.548693000000000;21791224000139
202408;1911;1994001992;COTAS;3834580.048498000000000;50069086000187
202408;1482;2009001818;COTAS;47413741.952610000000000;
202408;1482;9970000000;VL_PG_RC;-11357.990000000000000;
202408;1688;1979002274;VL_PG_RC;38335095.690000000000000;
202408;1911;2008003183;COTAS;333600.008713000000000;
202408;1701;1999000838;COTAS;18713803.508187000000000;
202408;1911;1997003211;COTAS;3507810.370200000000000;
202408;1523;1977000274;COTAS;-133202.196004000000000;
202408;1482;2010003111;COTAS;6117210.886505000000000;
202408;1911;2015000674;COTAS;9431888.399869000000000;
202408;1451;9970000000;COTAS;4588237.765222000000000;
202408;1911;1997003211;COTAS;1613176.679242000000000;
202408;1715;9970000000;COTAS;2885599.040529000000000;
202408;1482;2010003111;COTAS;32109230.339102000000000;
202408;1715;1979000174;COTAS;1989652.955980000000000;
202408;1911;2015000674;COTAS;204142.853616000000000;
202408;1523;1977000274;COTAS;-1983897.412447000000000;
202408;1715;1979000174;COTAS;11152938.268508000000000;
202408;1911;2015000674;COTAS;277854.990965000000000;
202408;1479;1997002711;COTAS;26205057.920423000000000;
202408;1523;1977000274;COTAS;16829755.157409000000000;
202408;1715;1979000174;COTAS;1915862.019174000000000;
202408;1479;1997002711;COTAS;381203845.632473000000000;
202408;1523;1977000274;COTAS;1293940.316347000000000;04714699000102
202408;1715;1979000174;COTAS;2832077.173736000000000;
202408;1482;2010003829;VL_PG_RC;-10007.140000000000000;
202408;1523;1977000274;COTAS;29727179.042502000000000;08070787000170
202408;1482;2011000483;CAIXA;0.000000000000000;
202408;1715;1979000174;COTAS;17776121.247909000000000;
202408;1479;1997002711;COTAS;76372324.896146000000000;
202408;1482;2011002011;COTAS;20607.899813000000000;
202408;1715;2008004619;COTAS;994825.590543000000000;
202408;1479;1997002711;COTAS;124654902.585699000000000;
202408;1523;1977000274;COTAS;171506869.503399000000000;28581662000111
202408;1482;2013001029;COTAS;88371822.139999000000000;
202408;1715;2008004619;COTAS;7807132.601979000000000;
202408;1479;1997002892;COTAS;52108903.447289000000000;
202408;1911;2015000674;COTAS;1075591.933234000000000;36521640000194
202408;1911;1997003211;COTAS;8866631.061446000000000;
202408;1715;9970000000;COTAS;2135431.777278000000000;
202408;1911;1997003211;VL_PG_RC;-140512.650000000000000;
202408;1911;2015000674;COTAS;13790793.761329000000000;50069086000187
202408;1482;2010003829;COTAS;14785943.913810000000000;
202408;1482;2013001819;CAIXA;0.000000000000000;
202408;1715;2008004619;COTAS;6651721.940821000000000;
202408;1911;1998004147;COTAS;315179.037522000000000;
202408;1911;2018001711;COTAS;4036185.362464000000000;
202408;1715;2008004619;COTAS;13418458.682242000000000;
202408;1911;2018001711;COTAS;2803565.608176000000000;
202408;1911;1998004147;COTAS;1368170.407943000000000;
202408;1523;1977000274;COTAS;257641920.545996000000000;49599183000100
202408;1482;2022000056;CAIXA;0.000000000000000;
202408;1911;2018001711;COTAS;478664.511916000000000;
202408;1729;1990001092;COTAS;560288552.573568000000000;
202408;1715;2008004619;COTAS;20052731.613200000000000;
202408;1911;9970000000;COTAS;3593250.634586000000000;
202408;1479;1997002892;COTAS;243196690.447374000000000;32320637000151
202408;1924;1989000274;VL_PG_RC;-25032.220000000000000;
202408;1911;1998005518;COTAS;10853293.888078000000000;
202408;1715;9970000000;COTAS;2854116.535605000000000;
202408;1924;2008003711;COTAS;10011380.999891000000000;
202408;1729;9970000000;COTAS;608003.928493000000000;
202408;1924;2008003711;COTAS;12246545.000000000000000;
202408;1479;2012000738;COTAS;1975509.565507000000000;
202408;1729;9970000000;VL_PG_RC;-42.180000000000000;
202408;1479;2012000738;COTAS;884680.943358000000000;
202408;1924;2008003711;COTAS;107953464.000000000000000;15060258000150
202408;1506;1979001383;CAIXA;95575.580000000000000;
202408;1479;2012000738;VL_PG_RC;-1972.410000000000000;
202408;1715;9970000000;COTAS;3583968.891424000000000;
202408;1746;1982003065;COTAS;5282584.897195000000000;
202408;1511;1988002419;COTAS;1778908.253371000000000;
202408;1482;2011000483;COTAS;51392263.752053000000000;32273477000137
202408;1924;9970000000;COTAS;70264.000000000000000;
202408;1911;1998005518;COTAS;36351919.302820000000000;
202408;1511;1988002419;VL_PG_RC;-211072.620000000000000;
202408;1715;9970000000;TIT_PUB;22315344.320000000000000;
202408;1482;1982000211;COTAS;5355.902918000000000;
202408;1924;9970000000;COTAS;2002620.000000000000000;15060252000183
202408;1732;1985001111;VL_PG_RC;2832.350000000000000;
202408;1969;1981000356;COTAS;7261808.073450000000000;
202408;1746;1982003065;COTAS;116759785.005735000000000;17041023000147
202408;1482;1982003211;COTAS;63402.256528000000000;
202408;1969;1981000356;COTAS;7253547.438608000000000;
202408;1746;9970000000;CAIXA;2566.800000000000000;
202408;1482;1985000547;TIT_PRIV;1180.060000000000000;
202408;1523;1977000274;IMOVEIS;5164402452.550000000000000;
202408;1911;1999002156;COTAS;873598.220837000000000;
202408;1746;1982003065;COTAS;24515025.299984000000000;
202408;1482;1987001192;COTAS;20756256.478527000000000;
202408;1969;1999004019;COTAS;117591094.760198000000000;03369970000157
202408;1523;1977000274;CAIXA;9209003.410000000000000;
202408;1482;1987001265;CAIXA;2733063.930000000000000;
202408;1911;1999002156;COTAS;3698389.001974000000000;42479278000133
202408;1523;1977000274;COTAS;70115.023805000000000;
202408;1746;1982003065;COTAS;41981260.004868000000000;
202408;1482;1988002338;VL_PG_RC;-15175.490000000000000;
202408;1523;1977000274;COTAS;-14526204.511520000000000;
202408;1523;1977000274;OPERACAO_PARTICIPANTE;1905560608.330000000000000;
202408;1781;1904000118;TIT_PRIV;16392112.150000000000000;
202408;1523;1977000274;COTAS;2466078.093072000000000;
202408;1523;1998004465;COTAS;28083.820007000000000;
202408;1482;1989001483;TIT_PRIV;202.300000000000000;
202408;1523;1998004465;COTAS;20105116.174918000000000;15154395000154
202408;1482;1989002374;TIT_PRIV;33.720000000000000;
202408;1482;2011002011;COTAS;210676.836943000000000;31032327000179
202408;1523;1998004465;COTAS;12640098.818701000000000;15154481000167
202408;1911;1999002156;COTAS;4239942.904569000000000;50069086000187
202408;1763;1990000819;COTAS;14495044.177288000000000;
202408;1523;1977000274;COTAS;28293877.834798000000000;
202408;1969;1999004019;COTAS;114411733.260832000000000;04519722000108
202408;1523;1977000274;COTAS;39742380.513115000000000;
202408;1482;2011002338;VL_PG_RC;-1069.700000000000000;
202408;1523;1998004465;COTAS;30502848.337419000000000;16916048000184
202408;1523;1977000274;COTAS;240314200.808717000000000;04684251000193
202408;1523;1998004465;COTAS;180417628.966420000000000;27455174000103
202408;1969;1999004019;COTAS;51348825.129895000000000;18391324000163
202408;1523;1977000274;COTAS;38679883781.706481000000000;14120561000139
202408;1781;1980000174;COTAS;0.000000000000000;
202408;1972;2005001783;COTAS;66805.276983000000000;
202408;1911;1999002156;COTAS;85196.370183000000000;54366569000102
202408;1523;1998004465;COTAS;25597146.076038000000000;28586408000106
202408;1781;1980000174;COTAS;30300997.100000000000000;
202408;1911;2000006183;COTAS;1409030.166220000000000;
202408;1482;2013001819;VL_PG_RC;915.180000000000000;
202408;1482;2022000129;CAIXA;0.000000000000000;
202408;1763;1990000819;TIT_PUB;63685442.510000000000000;
202408;1523;2006003674;COTAS;24234.950000000000000;
202408;1523;1977000274;COTAS;172560004.563250000000000;28586408000106
202408;1506;1979001383;VL_PG_RC;0.000000000000000;
202408;1763;9970000000;CAIXA;5084.760000000000000;
202408;1523;1977000274;COTAS;74939218.863300000000000;53245893000100
202408;1511;9970000000;CAIXA;268524.350000000000000;
202408;1482;1989002447;COTAS;1061927.238543000000000;
202408;1523;1998004465;COTAS;51445.280000000000000;
202408;1511;9970000000;COTAS;1387537.276020000000000;
202408;1523;2006003674;COTAS;-107320.872434000000000;
202408;1911;2005004847;COTAS;969468.766568000000000;09315610000159
202408;1781;1904000118;COTAS;675870696.340836000000000;05832319000105
202408;1523;1998004465;COTAS;14761.470958000000000;
202408;1523;2006003674;COTAS;168333906.000000000000000;
202408;1523;1977000274;COTAS;6298580.156977000000000;
202408;1482;1991001118;COTAS;1144.076653000000000;
202408;1781;1980000174;COTAS;0.000000000000000;
202408;1523;1998004465;COTAS;4128679.140000000000000;
202408;1972;2005001783;COTAS;49711398.246330000000000;
202408;1781;1980000174;COTAS;91643018.725695000000000;
202408;1781;1980000174;COTAS;24821957.000624000000000;
202408;1523;2006003674;COTAS;10801347.851642000000000;08070787000170
202408;1781;1980000174;TIT_PUB;1046538844.770000000000000;
202408;1781;1980000174;COTAS;255254.009994000000000;
202408;1523;1998004465;COTAS;684204.670000000000000;
202408;1972;2005001783;COTAS;8538797.836795000000000;
202408;1523;1977000274;COTAS;153317703.867047000000000;15154356000157
202408;1482;1991001347;COTAS;65145563.426001000000000;
202408;1911;2005004847;COTAS;1329333.451696000000000;25401546000185
202408;1523;2006003674;COTAS;1551465640.827184000000000;14387403000140
202408;1523;1977000274;COTAS;289813581.903343000000000;15154395000154
202408;1781;1998003574;COTAS;59221481.210000000000000;
202408;1523;1998004465;COTAS;584624369.889511000000000;14387389000184
202408;1781;1980000174;COTAS;59221481.210000000000000;
202408;1482;1991001347;TIT_PUB;28157853.860000000000000;
202408;1781;1998003574;COTAS;3202327651.276124000000000;01873685000143
202408;1523;1998004465;COTAS;16914120.686098000000000;15154356000157
202408;1972;2007000229;COTAS;8267742.675149000000000;
202408;1523;2006003674;COTAS;157507061.861165000000000;15154356000157
202408;1523;1998004465;TIT_PRIV;4523009.460000000000000;
202408;1911;2006001411;COTAS;9643406.421071000000000;26304143000180
202408;1781;1980000174;TIT_PRIV;1588165155.930000000000000;
202408;1523;1977000274;COTAS;1025348.350716000000000;16877625000176
202408;1991;9970000000;CAIXA;4970.000000000000000;
202408;1781;1998003574;COTAS;18937245.168374000000000;
202408;1523;2006003674;COTAS;1946501.100000000000000;
202408;2004;1987001729;COTAS;468759946.189946000000000;42479262000120
202408;1911;2006001411;OPERACAO_PARTICIPANTE;1852274.999667546300000;
202408;1781;1998003574;COTAS;3979267.328364000000000;
202408;1523;2006003674;COTAS;192079900.638055000000000;15154395000154
202408;1523;1977000274;COTAS;254089767.592899000000000;50198930000170
202408;1781;1998003574;COTAS;10466861575.000630000000000;19294570000160
202408;1911;2006005847;COTAS;364787.173927000000000;
202408;1523;2006003674;COTAS;1710290937.194146000000000;50866507000109
202408;1482;1992001847;CAIXA;69648.390000000000000;
202408;2018;1980001065;CAIXA;0.000000000000000;
202408;1523;2006003674;TIT_PRIV;15337540.720000000000000;
202408;1482;1993001565;CAIXA;223937.170000000000000;
202408;2018;1980001065;COTAS;13227704.761997000000000;
202408;1523;9970000000;COTAS;198969295.388206000000000;27455174000103
202408;2018;1980001065;OPERACAO_PARTICIPANTE;9332073.520000000000000;
202408;1523;1977000274;TIT_PRIV;149932285.760000000000000;
202408;1781;1998003574;COTAS;3525650.961242000000000;48400629000155
202408;1523;1998004465;CAIXA;678861.490000000000000;
202408;1482;1993001565;COTAS;5575267.383355000000000;
202408;1781;1998003574;COTAS;399784317.470361000000000;49769782000117
202408;1911;2006005847;COTAS;1911077.059230000000000;36521640000194
202408;1523;1998004465;COTAS;-336035.746662000000000;
202408;2021;1991001274;VL_PG_RC;2680519.090000000000000;
202408;1911;2007001292;COTAS;726985.187180000000000;
202408;2021;2013001118;COTAS;6751099.736006000000000;
202408;1482;1993001956;COTAS;753.604110000000000;
202408;1781;1998003574;IMOVEIS;765300970.530000000000000;
202408;1482;1993002911;CAIXA;609722.050000000000000;
202408;1523;1998004465;COTAS;182512.945234000000000;
202408;2021;9970000000;IMOVEIS;23008.360000000000000;
202408;1523;1998004465;COTAS;574392.863843000000000;
202408;1523;1998004465;COTAS;-3341.105520000000000;
202408;1523;2006003674;COTAS;12374.427346000000000;
202408;1781;1998003574;COTAS;1792938.479419000000000;
202408;1482;1994004274;TIT_PRIV;1584.650000000000000;
202408;1523;2006003674;COTAS;3729550.980000000000000;
202408;1523;1998004465;COTAS;93101.799120000000000;
202408;1781;1998003574;COTAS;5931020076.322156000000000;49766905000166
202408;1523;1998004465;COTAS;2759959.628128000000000;
202408;2021;9970000000;TIT_PUB;7894933.620000000000000;
202408;1781;1998003574;COTAS;814838067.020357000000000;49768506000134
202408;1523;1998004465;COTAS;782920.999194000000000;
202408;1523;1998004465;COTAS;271115802.876193000000000;03524814000113
202408;1781;1998003574;OPERACAO_PARTICIPANTE;3596286744.770000000000000;
202408;1523;1998004465;COTAS;17404.080835000000000;04137375000159
202408;2052;1990000983;COTAS;2708434.311317000000000;
202408;1781;2019002711;OP_COMP;50522001.620000000000000;
202408;1523;2006003674;COTAS;-124074.043227000000000;
202408;1482;1995000256;TIT_PUB;4134780.090000000000000;
202408;1523;2006003674;COTAS;9456065.558051000000000;
202408;1482;1995000418;CAIXA;0.000000000000000;
202408;1523;9970000000;COTAS;98221.962307000000000;50190791000138
202408;1523;2006003674;COTAS;8675436.056684000000000;
202408;1781;9970000000;ACOES;150184015.140000000000000;
202408;1537;1980001774;COTAS;9253265.287612000000000;
202408;1523;2006003674;COTAS;1524963.012318000000000;03191766000199
202408;2052;1990000983;COTAS;141139.778794000000000;
202408;1794;1981001956;COTAS;108235538.696357000000000;
202408;1523;1998004465;COTAS;84848.252544000000000;04714699000102
202408;1523;2006003674;COTAS;117621423.274132000000000;15154481000167
202408;1818;1997001365;COTAS;535423833.199944000000000;02498096000195
202408;1911;2007001292;VL_PG_RC;-12525.840000000000000;
202408;1537;1980001774;TIT_PRIV;42698991.450000000000000;
202408;1482;1995000892;COTAS;29185895.472904000000000;
202408;1818;2002000174;COTAS;100612382.040074000000000;01631246000124
202408;1482;1995002429;CAIXA;0.000000000000000;
202408;1523;2006003674;COTAS;9049237.063007000000000;16877602000161
202408;2052;1990000983;COTAS;1792706.731582000000000;
202408;1482;1996000756;VL_PG_RC;-0.220000000000000;
202408;1523;2006003674;COTAS;499826403.870952000000000;16916048000184
202408;2052;1990000983;COTAS;3931713.083310000000000;
202408;1781;2019002711;ACOES;10779756.000000000000000;
202408;1482;1996002538;CAIXA;0.000000000000000;
202408;1523;2006003674;COTAS;116375687.582365000000000;22791114000130
202408;2052;1990000983;COTAS;2863537.153544000000000;
202408;1852;1985001047;COTAS;142757043.599705000000000;
202408;1911;2008003183;COTAS;2237001.878870000000000;
202408;1482;1996003811;COTAS;1344396.236529000000000;
202408;2052;1990000983;COTAS;3958733.549279000000000;
202408;1852;1985001047;COTAS;282395828.705506000000000;17329754000192
202408;1482;1996004956;TIT_PRIV;12946.900000000000000;
202408;1523;2006003674;COTAS;197033587.721565000000000;28586408000106
202408;1781;2019002711;VL_PG_RC;-3208592.330000000000000;
202408;1883;2006003356;COTAS;152303950.274028000000000;
202408;1482;1997001683;TIT_PUB;2644715.650000000000000;
202408;1523;2006003674;COTAS;98821703.075537000000000;49534273000105
202408;2052;1990000983;COTAS;143028.307380000000000;
202408;1794;1981001956;TIT_PRIV;10000158.670000000000000;
202408;1911;2009003365;COTAS;178516.289377000000000;
202408;1482;1998003418;CAIXA;0.000000000000000;
202408;1537;1980001774;VL_PG_RC;-63487.780000000000000;
202408;1523;2006003674;OPERACAO_PARTICIPANTE;1430189884.290000000000000;
202408;1911;2009003365;COTAS;222092.154593000000000;
202408;2052;2006001011;COTAS;8085755.829046000000000;
202408;1804;1988001838;CAIXA;10109405.240000000000000;
202408;1523;9970000000;COTAS;62563561.709849000000000;16916048000184
202408;1883;2006003356;COTAS;1580949.946500000000000;
202408;2052;2006001011;COTAS;1310265.226340000000000;
202408;1482;1998003474;COTAS;81379.653723000000000;
202408;1883;2006003356;VL_PG_RC;-23848.250000000000000;
202408;1911;2009003365;COTAS;479828.724116000000000;42479278000133
202408;1482;1998004211;COTAS;234.350237000000000;
202408;1804;1988001838;COTAS;17626128.591074000000000;
202408;1523;9970000000;COTAS;252779.039787000000000;49534273000105
202408;1537;1988000165;TIT_PUB;221617184.940000000000000;
202408;1804;1988001838;COTAS;15615155.383173000000000;
202408;1911;2009003365;COTAS;4930277.949788000000000;50069086000187
202408;1482;1998005747;VL_PG_RC;870643.470000000000000;
202408;1541;1986000656;COTAS;4535587.310838000000000;
202408;1818;1997001365;COTAS;119885727.939977000000000;01631246000124
202408;1554;1978000456;IMOVEIS;18526587.950000000000000;
202408;1537;1988000165;COTAS;5464917.169722000000000;
202408;1523;1998004465;COTAS;771103.711241000000000;12547115000180
202408;1821;1980002274;COTAS;61599752.517070000000000;
202408;1911;2013001274;COTAS;741564.884734000000000;
202408;1523;1998004465;COTAS;54702.278368000000000;17098803000123
202408;1482;1999000218;CAIXA;0.000000000000000;
202408;1911;1992001618;COTAS;85806.392477000000000;26304143000180
202408;1537;1988000165;COTAS;43725968.921275000000000;
202408;1911;1994001992;OPERACAO_PARTICIPANTE;84378.870000000000000;
202408;1821;1980002274;VL_PG_RC;195055.990000000000000;
202408;1537;1988000165;COTAS;25304960.827901000000000;
202408;1911;1997003211;COTAS;297069.010977000000000;
202408;1821;9970000000;CAIXA;10182.300000000000000;
202408;1537;9970000000;VL_PG_RC;0.000000000000000;
202408;1541;1986000656;TIT_PUB;303244926.470000000000000;
202408;1852;1985001047;COTAS;131165772.477950000000000;42287499000100
202408;2066;1974000192;COTAS;61855407.815162000000000;
202408;1541;9970000000;VL_PG_RC;0.000000000000000;
202408;1852;9970000000;CAIXA;84449.600000000000000;
202408;2066;1974000192;COTAS;11667092.850873000000000;
202408;1571;1980001383;IMOVEIS;17500000.000000000000000;
202408;1482;1999000218;VL_PG_RC;65706.510000000000000;
202408;1554;1978000456;ACOES;18106547.000000000000000;
202408;1911;2013001274;COTAS;342446.972908000000000;26304143000180
202408;1883;2006003356;COTAS;9388104.748793000000000;
202408;1523;1998004465;COTAS;23016463.735168000000000;28581662000111
202408;1911;2013001274;COTAS;10847.488648000000000;54366569000102
202408;1482;1999001818;TIT_PUB;51335803.720000000000000;
202408;1523;1998004465;COTAS;21881229.719250000000000;53245893000100
202408;1554;1978000456;COTAS;32274199.510177000000000;
202408;1911;1997003211;COTAS;2494208.359167000000000;
202408;1523;2006003674;ACOES;241796117.170000000000000;
202408;1571;1980001383;CAIXA;25734.030000000000000;
202408;2066;1974000192;COTAS;44742835.702505000000000;
202408;1482;2000004083;COTAS;5339182.564608000000000;32273402000156
202408;1571;1980001383;COTAS;31661209.906498000000000;
202408;1911;2013001274;OPERACAO_PARTICIPANTE;530314.320000000000000;
202408;1883;2006003356;COTAS;4607071.848152000000000;
202408;1523;2006003674;COTAS;1771.200505000000000;
202408;2066;1974000192;COTAS;60299337.406208000000000;
202408;1911;2015000674;COTAS;489251.920341000000000;
202408;1911;1997003211;COTAS;3103913.929877000000000;
202408;2066;1974000192;COTAS;11443313.042591000000000;
202408;1523;2006003674;COTAS;-2522.994576000000000;
202408;1911;2015000674;VL_PG_RC;-26682.820000000000000;
202408;2066;1974000192;COTAS;8084728.966715000000000;
202408;1482;2000004083;COTAS;3273200.085894000000000;32273485000183
202408;1911;1997003211;COTAS;2742434.070304000000000;
202408;1883;9970000000;VL_PG_RC;0.000000000000000;
202408;1523;2006003674;COTAS;423153.951743000000000;
202408;1911;1992001618;COTAS;60731.841852000000000;
202408;1585;2006000911;COTAS;10164300.282590000000000;
202408;1482;2000007211;COTAS;21484213.383954000000000;
202408;1911;1997003211;COTAS;7943966.104021000000000;09315610000159
202408;1571;1996000365;COTAS;123679209.840909000000000;
202408;1482;2002001618;COTAS;17268519.038991000000000;32273485000183
202408;1911;2018001711;COTAS;160319.159940000000000;
202408;1911;1992001618;COTAS;460325.772424000000000;
202408;2066;1974000192;TIT_PRIV;72030232.970000000000000;
202408;1585;2006000911;COTAS;29765088.712086000000000;
202408;1911;2018001711;COTAS;559997.178133000000000;
202408;1911;1992001618;COTAS;984497.215988000000000;50069086000187
202408;1585;2006000911;COTAS;41466463.204895000000000;51564188000131
202408;1482;2002001618;OPERACAO_PARTICIPANTE;651002.020000000000000;
202408;1911;1997003211;COTAS;11566070.098183000000000;52277799000161
202408;1571;9970000000;CAIXA;169256.460000000000000;
202408;1482;2003001174;CAIXA;0.000000000000000;
202408;1924;1989000274;COTAS;3806702.342187000000000;
202408;1911;1992001618;COTAS;602547.495701000000000;52277799000161
202408;2066;9970000000;COTAS;2752603.805276000000000;
202408;1482;2004000392;COTAS;19057091.122717000000000;21287493000162
202408;1911;1998005518;COTAS;8406636.608389000000000;
202408;1523;2006003674;COTAS;16791091.110927000000000;
202408;1482;2004000392;VL_PG_RC;-3049.720000000000000;
202408;1924;1989000274;COTAS;8968859.835779000000000;
202408;1911;1992001618;VL_PG_RC;-9411.560000000000000;
202408;1585;2006000911;COTAS;13119798.934220000000000;
202408;1482;2004003138;VL_PG_RC;-13725.350000000000000;
202408;1924;1989000274;COTAS;5454475.664780000000000;
202408;1911;1998005518;COTAS;35960694.656618000000000;36521640000194
202408;2071;1986000583;OPERACAO_PARTICIPANTE;1248205.190000000000000;
202408;1482;2005001392;COTAS;1011020.324826000000000;31032327000179
202408;1911;1999002156;COTAS;1929072.507371000000000;
202408;1911;1994001992;COTAS;12751.404845000000000;36521640000194
202408;1924;1989000347;COTAS;10274942.000232000000000;
202408;1911;1999002156;COTAS;5170727.143585000000000;21791224000139
202408;1599;1979001219;VL_PG_RC;-605164.610000000000000;
202408;1911;1997003211;COTAS;14039613.687454000000000;
202408;2083;1973000156;COTAS;0.000000000000000;
202408;1523;2006003674;COTAS;6237838.580768000000000;
202408;1924;1989000347;COTAS;2507754.000054000000000;
202408;1599;2001002483;ACOES;17901.850000000000000;
202408;1911;1997003211;COTAS;6935565.219680000000000;
202408;1523;2006003674;COTAS;91459038.330000000000000;
202408;1482;2005001392;VL_PG_RC;-723.750000000000000;
202408;1599;2001002483;VL_PG_RC;-119876.580000000000000;
202408;2083;1973000156;COTAS;79361928.241798000000000;03519674000195
202408;1924;1989000347;COTAS;2962559.000000000000000;
202408;1482;2005004383;COTAS;126160152.552077000000000;
202408;1911;1999002156;VL_PG_RC;-35901.730000000000000;
202408;2083;1973000156;IMOVEIS;924591019.580000000000000;
202408;1911;1997003211;COTAS;2799601.737038000000000;
202408;1924;1989000347;COTAS;27388906.000000000000000;15060258000150
202408;1911;2000006183;COTAS;2252356.790236000000000;
202408;1911;1998004147;COTAS;1710745.506414000000000;50069086000187
202408;1612;2022002229;COTAS;439052139.540608000000000;51992822000137
202408;1911;2000006183;COTAS;1722461.190735000000000;
202408;2083;1995002356;TIT_PRIV;472918.010000000000000;
202408;1911;1998005518;COTAS;23954067.966385000000000;09315610000159
202408;1911;2005004847;COTAS;233516.094296000000000;
202408;1482;2005006092;CAIXA;0.000000000000000;
202408;1657;1987001338;VL_PG_RC;-3004.900000000000000;
202408;1585;2006000911;VL_PG_RC;234690.430000000000000;
202408;1482;2007002711;COTAS;742911.430284000000000;
202408;1661;1990001718;CAIXA;11889367.150000000000000;
202408;1599;1979001219;COTAS;870200803.334249000000000;26179528000163
202408;1924;1989000347;OPERACAO_PARTICIPANTE;455091.860000000000000;
202408;2083;1999005211;COTAS;812142342.206631000000000;16569908000150
202408;1599;1979001219;COTAS;52748071.964807000000000;36440234000105
202408;1924;2008003711;COTAS;319216830.000000000000000;15044971000100
202408;1482;2008002438;VL_PG_RC;-1937.520000000000000;
202408;1599;2001002483;COTAS;13056113.755222000000000;36440234000105
202408;1924;2008003711;COTAS;138717177.000001000000000;15060248000115
202408;2083;2000008283;COTAS;422283428.639568000000000;05170419000105
202408;1599;9970000000;COTAS;1598484.503277000000000;05324555000102
202408;1924;2008003711;VL_PG_RC;-49782.830000000000000;
202408;1523;2006003674;COTAS;172882712.651203000000000;09606345000168
202408;2083;2000008283;COTAS;160895129.936129000000000;11308040000111
202408;1612;9970000000;COTAS;836886.659933000000000;
202408;1674;1989002056;COTAS;598689.170775000000000;
202408;1911;2005004847;COTAS;1733767.653874000000000;50069086000187
202408;1657;1987001338;COTAS;4481957.362465000000000;
202408;1674;1989002056;COTAS;1258810.566041000000000;
202408;1523;2006003674;COTAS;4104634325.110610000000000;14120553000192
202408;1661;1990001718;COTAS;98541.659927000000000;
202408;1674;1989002056;COTAS;69313.308248000000000;
202408;1523;2006003674;COTAS;124927703.313212000000000;15154385000119
202408;1661;1990001718;COTAS;1031645.172883000000000;
202408;1482;2010001729;CAIXA;0.000000000000000;
202408;1911;1998005518;COTAS;24505642.436506000000000;25401546000185
202408;1969;1981000356;COTAS;469376261.022456000000000;04551365000165
202408;2083;2000008283;COTAS;15349392.062610000000000;28849695000108
202408;1674;1989002056;COTAS;10735.844351000000000;
202408;1674;1989002056;COTAS;313719.848888000000000;
202408;1911;1998005518;COTAS;30168558.903174000000000;42479278000133
202408;1911;2006001411;COTAS;896550.793737000000000;
202408;1523;2006003674;COTAS;44000721.425506000000000;39753127000117
202408;1482;2010002938;COTAS;319350.644194000000000;
202408;1523;2006003674;COTAS;223376601.560400000000000;53275192000105
202408;1482;2010003111;TIT_PRIV;5697.990000000000000;
202408;1969;1999004019;COTAS;159262971.621712000000000;17898668000109
202408;2083;2000008283;COTAS;37212966.018561000000000;35600762000103
202408;1482;2010003829;COTAS;24005504.296636000000000;
202408;1911;2000006183;COTAS;4720779.618056000000000;09315610000159
202408;2083;2011002192;CAIXA;0.000000000000000;
202408;1482;2011000238;COTAS;8337602.976991000000000;
202408;1969;1999004019;VL_PG_RC;-18325.460000000000000;
202408;1911;2000006183;COTAS;9127803.323297000000000;42479278000133
202408;1911;2006001411;COTAS;832924.377778000000000;
202408;1972;2005001783;COTAS;2685576.814772000000000;
202408;1674;1989002056;COTAS;474283.308349000000000;
202408;2083;2011002265;COTAS;9886338.590254000000000;09296055000165
202408;1911;2006005847;COTAS;262373.774177000000000;
202408;2083;2011002265;OPERACAO_PARTICIPANTE;1269413.650000000000000;
202408;1482;2011002011;VL_PG_RC;-1087.320000000000000;
202408;1911;2006001411;COTAS;1105537.165632000000000;
202408;1972;2005001783;COTAS;45293055.747636000000000;
202408;2083;2011002265;TIT_PUB;1461361.290000000000000;
202408;1972;2005001783;COTAS;17446717.282227000000000;
202408;1674;2014000492;COTAS;5748921.092214000000000;
202408;1972;2005001783;COTAS;140871002.052313000000000;46449503000140
202408;1674;1989002056;COTAS;27867.684912000000000;
202408;1911;2006005847;COTAS;1295475.953501000000000;
202408;1482;2013001029;VL_PG_RC;-29279.950000000000000;
202408;1523;2006003674;IMOVEIS;92317486.590000000000000;
202408;1482;2018001965;TIT_PUB;25942703.220000000000000;
202408;1523;9970000000;CAIXA;17536.210000000000000;
202408;1911;2007001292;COTAS;229055.719935000000000;
202408;1482;2021003256;COTAS;1099289.526874000000000;
202408;1972;2005001783;OPERACAO_PARTICIPANTE;16013654.060000000000000;
202408;1911;2007001292;COTAS;224104.623740000000000;
202408;1674;2014000492;COTAS;1653601.218500000000000;
202408;2083;2012000274;COTAS;2474967.186398000000000;09296055000165
202408;1674;2014000492;COTAS;1839515.276800000000000;
202408;1482;2022000056;COTAS;928291.858322000000000;
202408;2083;2012000274;OPERACAO_PARTICIPANTE;16541.150000000000000;
202408;1972;2007000229;COTAS;10197808.896640000000000;
202408;1523;9970000000;COTAS;274769.453458000000000;51891082000142
202408;1911;2007001292;COTAS;764035.729482000000000;
202408;1972;2007000229;COTAS;17126289.608707000000000;
202408;1674;2015000356;COTAS;5168908.528764000000000;
202408;2083;2019002329;COTAS;67444375.142276000000000;05170419000105
202408;1674;2015000356;COTAS;2469689.389358000000000;
202408;1482;2022000056;COTAS;1663314.232670000000000;
202408;1972;9970000000;COTAS;1134330.413500000000000;04822511000140
202408;1911;2006001411;COTAS;2950623.484538000000000;
202408;1482;2022000129;VL_PG_RC;3054.480000000000000;
202408;2083;2019002329;COTAS;24203737.352432000000000;11308040000111
202408;1674;2015000356;COTAS;13467790.265796000000000;
202408;1506;9970000000;CAIXA;6539.230000000000000;
202408;1991;1980000565;COTAS;32571562.660336000000000;
202408;1674;2014000492;COTAS;8735603.516640000000000;
202408;1511;1988002419;IMOVEIS;953860.880000000000000;
202408;1911;2007001292;COTAS;260438.810578000000000;52277799000161
202408;2083;2020001438;COTAS;331684439.951485000000000;05170419000105
202408;1991;1996003119;VL_PG_RC;-4791.710000000000000;
202408;1674;2014000492;COTAS;1727568.707121000000000;
202408;1911;2008003183;COTAS;384290.261721000000000;
202408;1991;2017000892;CAIXA;6929.140000000000000;
202408;2083;2020001438;VL_PG_RC;0.000000000000000;
202408;1911;2008003183;COTAS;3650721.959064000000000;36521640000194
202408;1911;2006001411;COTAS;7156451.112106000000000;50069086000187
202408;1674;2015000356;COTAS;33577538.813649000000000;
202408;1911;2009003365;COTAS;6312381.927532000000000;21791224000139
202408;1523;1977000274;COTAS;152424183.754169000000000;
202408;1991;2017000892;COTAS;7445101.997214000000000;
202408;2138;9970000000;CAIXA;927.060000000000000;
202408;1674;2016000783;COTAS;1108982.766006000000000;
202408;1537;1980001774;COTAS;8469985.864739000000000;
202408;1991;9970000000;COTAS;1238285.711036000000000;
202408;1911;2009003365;COTAS;2116135.771060000000000;25401546000185
202408;1674;2016000783;COTAS;4501.271484000000000;
202408;1537;1980001774;COTAS;8542880.038911000000000;
202408;1911;2009003365;VL_PG_RC;-13458.540000000000000;
202408;2141;1980001219;VL_PG_RC;299091.490000000000000;
202408;1523;1977000274;COTAS;12623994.673980000000000;
202408;1674;2016000783;COTAS;10536028.628141000000000;
202408;1911;2013001274;COTAS;25661.723339000000000;
202408;1674;2019001918;COTAS;50551528.631719000000000;
202408;1523;1977000274;COTAS;-523659.616775000000000;
202408;2004;9970000000;COTAS;1777911.190001000000000;
202408;1674;2019001918;COTAS;4840487.775443000000000;
202408;1523;1977000274;COTAS;25179723.407490000000000;
202408;1537;1988000165;COTAS;92936433.588185000000000;
202408;1911;2013001274;COTAS;686524.470227000000000;21791224000139
202408;1523;1977000274;COTAS;1362584.302220000000000;04137375000159
202408;1537;1988000165;COTAS;1760805.634208000000000;
202408;2018;9970000000;COTAS;13641777.768075000000000;
202408;1911;2006001411;VL_PG_RC;-41145.860000000000000;
202408;1911;2013001274;COTAS;1044451.871678000000000;50069086000187
202408;1911;2015000674;COTAS;233447.025470000000000;
202408;1674;2016000783;COTAS;3000838.667002000000000;
202408;2141;9970000000;COTAS;965989.136033000000000;
202408;1911;2015000674;COTAS;598507.208297000000000;
202408;1674;2016000783;COTAS;3984281.986744000000000;
202408;1911;2015000674;COTAS;5133199.389125000000000;52277799000161
202408;1674;2016000783;COTAS;3073849.873724000000000;
202408;1523;1977000274;COTAS;168825666.902376000000000;15154481000167
202408;1541;1986000656;ACOES;38354828.470000000000000;
202408;1523;1977000274;COTAS;375279259.319631000000000;16916048000184
202408;2169;1972000111;OPERACAO_PARTICIPANTE;1743178.770000000000000;
202408;1911;2018001711;COTAS;1383317.426006000000000;
202408;1523;1977000274;COTAS;705899.287504000000000;17098803000123
202408;1674;2019001918;COTAS;1023412.777992000000000;
202408;1541;1986000656;COTAS;28919414.192069000000000;
202408;1674;2019001918;COTAS;84397.787007000000000;
202408;2169;1999000374;VL_PG_RC;125016.880000000000000;
202408;1911;2006005847;COTAS;4502812.128472000000000;
202408;1924;1989000274;COTAS;23615532.815096000000000;15060248000115
202408;1674;2019001918;COTAS;214708.222301000000000;
202408;2169;9970000000;COTAS;5390541.123318000000000;
202408;1523;1977000274;COTAS;230954801.199672000000000;49534273000105
202408;1688;1979002274;COTAS;761796759.332326000000000;04786973000159
202408;1924;1989000274;COTAS;133086815.251084000000000;15060252000183
202408;1688;1979002274;COTAS;27010749.400000000000000;
202408;2213;1991002483;COTAS;2189838.071427000000000;
202408;1911;2006005847;COTAS;2787267.961432000000000;21791224000139
202408;1541;9970000000;COTAS;14949082.541211000000000;
202408;2213;1991002483;OPERACAO_PARTICIPANTE;3907246.410084470400000;
202408;1688;1979002274;IMOVEIS;51230000.000000000000000;
202408;1523;1977000274;COTAS;75196083.693600000000000;53275192000105
202408;1924;2008003711;COTAS;5835430.999999000000000;
202408;2021;1979001138;OPERACAO_PARTICIPANTE;6826.279986073000000;
202408;1911;2006005847;COTAS;4782224.774559000000000;25401546000185
202408;1554;1978000456;COTAS;14040866.232601000000000;
202408;2231;1982002719;COTAS;693486.210203000000000;
202408;1688;2021001865;COTAS;3704905.182220000000000;04786973000159
202408;1523;1998004465;COTAS;-41591.408400000000000;
202408;1924;2008003711;COTAS;24136104.000000000000000;
202408;2231;1982002719;VL_PG_RC;-28143.460000000000000;
202408;1688;2021001865;VL_PG_RC;-1626.800000000000000;
202408;1523;1998004465;COTAS;5582517.200000000000000;
202408;2231;1987000511;TIT_PUB;1529039.570000000000000;
202408;1554;9970000000;COTAS;25665.021250000000000;
202408;1701;1999000838;CAIXA;4666.970000000000000;
202408;1701;1999000838;COTAS;268656032.430882000000000;11960212000137
202408;2021;1991001274;IMOVEIS;213509.190000000000000;
202408;1523;1998004465;COTAS;10990865.800000000000000;
202408;2231;1992000311;COTAS;49974.145203000000000;
202408;2021;2013001118;COTAS;103010.682932000000000;
202408;1523;1998004465;COTAS;278018037.881145000000000;16916054000131
202408;1924;2008003711;COTAS;237935135.000000000000000;15060252000183
202408;1715;1979000174;COTAS;25862186.097975000000000;
202408;2021;9970000000;VL_PG_RC;16368.280000000000000;
202408;1523;1998004465;COTAS;518165701.927900000000000;49382099000122
202408;1924;2008003711;COTAS;219500302.000002000000000;15060253000128
202408;1715;1979000174;COTAS;6963972.205709000000000;
202408;1911;2006005847;COTAS;917757.690209000000000;42479278000133
202408;1554;9970000000;VL_PG_RC;-6344.960000000000000;
202408;1715;1979000174;COTAS;316158.892937000000000;
202408;2052;1990000983;COTAS;8522974.876438000000000;
202408;1715;2008004619;COTAS;4022668.574429000000000;
202408;2052;1990000983;COTAS;7163305.326976000000000;
202408;1571;1996000365;COTAS;2129378719.412094000000000;
202408;1911;2006005847;OPERACAO_PARTICIPANTE;2270461.619021463200000;
202408;2052;1990000983;COTAS;72912.520383000000000;
202408;1924;9970000000;COTAS;257876.000267000000000;
202408;1523;1998004465;COTAS;14996574.407773000000000;49599183000100
202408;1715;2008004619;COTAS;30020727.849825000000000;
202408;1688;1979002274;COTAS;649347872.265261000000000;00856751000104
202408;1715;2008004619;COTAS;16961755.851473000000000;
202408;2231;1992000956;COTAS;1298.713962000000000;
202408;2052;1990000983;COTAS;901100.411773000000000;
202408;1523;1998004465;OPERACAO_PARTICIPANTE;134318568.960000000000000;
202408;1688;1979002274;COTAS;988700258.555661000000000;51531685000133
202408;1924;9970000000;COTAS;24467.999973000000000;
202408;1571;1996000365;VL_PG_RC;0.000000000000000;
202408;1688;2021000338;CAIXA;13.120000000000000;
202408;1924;9970000000;COTAS;56492.000000000000000;
202408;2231;1992000956;COTAS;6736115.351016000000000;
202408;2052;1990000983;COTAS;3049044.779219000000000;
202408;1911;2007001292;COTAS;2796437.732629000000000;
202408;1969;1981000356;COTAS;16661515.557168000000000;
202408;2052;1990000983;TIT_PRIV;1968340.240000000000000;
202408;1585;2006000911;COTAS;10657658.576002000000000;
202408;1688;9970000000;COTAS;22226707.833137000000000;04786973000159
202408;1969;1999004019;COTAS;12971968.935955000000000;
202408;2052;2006001011;COTAS;47040141.901830000000000;
202408;2231;1992000956;TIT_PUB;17499331.300000000000000;
202408;1585;2006000911;OPERACAO_PARTICIPANTE;10620740.388737835600000;
202408;1585;9970000000;CAIXA;54017.250000000000000;
202408;1715;9970000000;COTAS;1038140.893127000000000;
202408;1911;2007001292;COTAS;2529884.761813000000000;21791224000139
202408;2052;2006001011;COTAS;1893229.444541000000000;
202408;1599;1979001219;COTAS;113128853.419422000000000;35726949000158
202408;1523;2006003674;COTAS;2058.399813000000000;
202408;1688;9970000000;VL_PG_RC;-541.060000000000000;
202408;1911;2008003183;COTAS;6193059.729653000000000;
202408;2052;2006001011;COTAS;3698261.225513000000000;
202408;1715;9970000000;VL_PG_RC;-1310.910000000000000;
202408;1729;1990001092;CAIXA;702517.400000000000000;
202408;1523;2006003674;COTAS;-2083356.731058000000000;
202408;1911;2008003183;COTAS;107103.880920000000000;
202408;2231;1994001518;COTAS;10852.582433000000000;
202408;1523;2006003674;COTAS;225465533.150000000000000;
202408;1911;2008003183;COTAS;12756873.422838000000000;50069086000187
202408;1969;1999004019;COTAS;39623141.400000000000000;42870959000128
202408;2231;1994001518;IMOVEIS;456676.150000000000000;
202408;1599;2001002483;COTAS;32896850.684180000000000;35726949000158
202408;1911;2009003365;COTAS;1049066.934891000000000;
202408;1729;1990001092;COTAS;14976242.581819000000000;
202408;1523;2006003674;COTAS;30843.390287000000000;
202408;1911;2009003365;COTAS;194376.675183000000000;
202408;1729;1990001092;COTAS;86907098.790159000000000;29092126000115
202408;1701;9970000000;CAIXA;0.000000000000000;
202408;1599;9970000000;CAIXA;85.770000000000000;
202408;1612;2022002229;COTAS;10565169.990238000000000;
202408;1715;1979000174;CAIXA;116503.720000000000000;
202408;1612;9970000000;CAIXA;447596.820000000000000;
202408;1911;2009003365;COTAS;3608808.176151000000000;26304143000180
202408;2231;1998000583;CAIXA;9.000000000000000;
202408;2052;2006001011;COTAS;628792.302685000000000;
202408;1661;1990001718;COTAS;8319725.491712000000000;
202408;1972;2005001783;COTAS;6281434.756126000000000;
202408;2231;2008003019;COTAS;65568.554433000000000;
202408;2052;2006001011;COTAS;42424.768480000000000;
202408;1523;2006003674;COTAS;832538.181151000000000;04194710000150
202408;2231;2008003019;COTAS;10455.043809000000000;
202408;1732;1985001111;COTAS;146783949.480000000000000;
202408;1715;1979000174;COTAS;3313757.197230000000000;
202408;2231;2008003019;COTAS;1118590.318644000000000;44703493000100
202408;1972;2005001783;COTAS;2337297.533646000000000;
202408;1732;1985001111;OPERACAO_PARTICIPANTE;431756.651420172600000;
202408;1715;1979000174;COTAS;5678271.187874000000000;
202408;2231;2010002229;COTAS;142019.952195000000000;
202408;1972;2005001783;COTAS;3092726.359000000000000;
202408;2052;9970000000;CAIXA;69353.220000000000000;
202408;1523;2006003674;COTAS;7944630570.916106000000000;14120568000150
202408;1911;2009003365;COTAS;3112760.751233000000000;36521640000194
202408;2231;2010002229;COTAS;420883925.468109000000000;
202408;1523;2006003674;COTAS;3301250864.959788000000000;24651208000139
202408;1661;1990001718;COTAS;5481359.031200000000000;
202408;2231;2010002229;COTAS;1113612176.330227000000000;44900441000115
202408;2052;9970000000;VL_PG_RC;0.000000000000000;
202408;1523;2006003674;VL_PG_RC;-8507940.920000000000000;
202408;1523;9970000000;VL_PG_RC;8547.440000000000000;
202408;1715;1979000174;COTAS;773349.811161000000000;
202408;1537;1988000165;COTAS;10786477.756497000000000;
202408;2231;2010002229;VL_PG_RC;-911083.400000000000000;
202408;1746;1982003065;COTAS;3433477.201271000000000;
202408;1541;1986000656;COTAS;6104340.211146000000000;
202408;1972;2007000229;COTAS;6734805.203547000000000;
202408;1715;1979000174;COTAS;2059853.921393000000000;
202408;1661;1990001718;VL_PG_RC;24522.590000000000000;
202408;1554;1978000456;COTAS;6364004.705052000000000;
202408;2231;2010002474;TIT_PUB;826563777.780000000000000;
202408;1911;2013001274;COTAS;24493.594621000000000;
202408;1746;1982003065;COTAS;60759316.562474000000000;
202408;1746;1982003065;TIT_PUB;344526131.640000000000000;
202408;2231;2011001218;COTAS;814867.001999000000000;
202408;2066;1974000192;CAIXA;459401.220000000000000;
202408;1972;2007000229;COTAS;48626427.716062000000000;
202408;2231;2012001947;COTAS;42675746.241341000000000;44703472000186
202408;1674;1989002056;COTAS;181758.072335000000000;
202408;1554;1978000456;VL_PG_RC;-171876.060000000000000;
202408;1972;2007000229;VL_PG_RC;-2529.640000000000000;
202408;1911;2018001711;COTAS;689011.653415000000000;
202408;1674;1989002056;COTAS;2574343.355829000000000;
202408;1554;9970000000;CAIXA;118091.130000000000000;
202408;1911;2018001711;COTAS;1443815.634861000000000;42479278000133
202408;2066;1974000192;COTAS;110721141.432097000000000;
202408;2231;2012001947;COTAS;28218138.689291000000000;44703483000166
202408;1571;1980001383;COTAS;9997508.390508000000000;
202408;1972;9970000000;COTAS;526081.916347000000000;
202408;2066;1974000192;COTAS;36742508.644038000000000;
202408;1674;1989002056;COTAS;1971848.128355000000000;
202408;1924;1989000347;COTAS;63912139.999999000000000;15060253000128
202408;1674;1989002056;COTAS;321661.206365000000000;
202408;1571;1980001383;COTAS;331199041.845065000000000;12610779000146
202408;1924;1989000347;VL_PG_RC;-11852.580000000000000;
202408;1674;1989002056;COTAS;374651.102315000000000;
202408;1763;1990000819;COTAS;8722917.694066000000000;
202408;1571;1980001383;VL_PG_RC;39258.330000000000000;
202408;1924;2008003711;COTAS;41784436.000184000000000;
202408;1991;1980000565;COTAS;457917108.882230000000000;35153518000140
202408;2066;1974000192;COTAS;16477257.214474000000000;
202408;2231;2013001665;COTAS;13384079.467561000000000;
202408;1674;1989002056;COTAS;345826.744460000000000;
202408;2066;1974000192;COTAS;700377.621246000000000;
202408;2231;2013001665;OPERACAO_PARTICIPANTE;865100.480000000000000;
202408;1924;2008003711;COTAS;11015132.000000000000000;
202408;1674;2014000492;COTAS;1143974.344324000000000;
202408;2231;2014001383;COTAS;1220807.762270000000000;
202408;1571;1996000365;COTAS;309781557.114654000000000;
202408;1715;1979000174;COTAS;15530931.825061000000000;
202408;2231;2014001383;COTAS;5498012.858172000000000;44900441000115
202408;1715;1979000174;OPERACAO_PARTICIPANTE;28072435.140000000000000;
202408;1924;2008003711;OPERACAO_PARTICIPANTE;8484751.868589440000000;
202408;1674;2014000492;COTAS;2567806.111858000000000;
202408;1924;9970000000;CAIXA;6190.910000000000000;
202408;1571;1996000365;COTAS;304723839.560498000000000;40921932000191
202408;1674;2014000492;COTAS;1127648.050926000000000;
202408;1991;1980000565;IMOVEIS;2501874.560000000000000;
202408;1969;9970000000;COTAS;44507.323467000000000;17898668000109
202408;1972;2005001783;CAIXA;67168.310000000000000;
202408;1715;1979000174;TIT_PUB;800916342.770000000000000;
202408;1763;1990000819;COTAS;80104378.863418000000000;
202408;1585;2006000911;COTAS;4915620.660377000000000;
202408;1674;2014000492;COTAS;4476868.220134000000000;
202408;2066;1974000192;COTAS;729918.564459000000000;
202408;1715;2008004619;COTAS;56372471.015079000000000;
202408;1763;1990000819;COTAS;8049173.574248000000000;
202408;1585;2006000911;COTAS;5015937.344053000000000;
202408;1972;2005001783;COTAS;11625023.025792000000000;
202408;1715;2008004619;COTAS;1305781.953618000000000;
202408;2231;2014001383;VL_PG_RC;-47545.240000000000000;
202408;2018;1980001065;TIT_PUB;628025789.550000000000000;
202408;1972;2005001783;COTAS;10197781.880818000000000;
202408;1715;2008004619;COTAS;25398443.994859000000000;
202408;2071;1986000583;COTAS;155854632.433306000000000;04885601000180
202408;2231;2018002074;COTAS;2992024.292354000000000;44900441000115
202408;1585;2006000911;COTAS;88090684.957905000000000;17453712000169
202408;1972;2005001783;COTAS;113926981.545834000000000;
202408;2071;1986000583;COTAS;139331562.161108000000000;05164317000187
202408;1674;2014000492;COTAS;2192117.329892000000000;
202408;1585;2006000911;COTAS;98744072.495966000000000;20889158000171
202408;2018;2016001811;VL_PG_RC;-1680.870000000000000;
202408;1715;2008004619;COTAS;39482752.114674000000000;
202408;2018;9970000000;COTAS;12616806.459646000000000;
202408;1763;1990000819;COTAS;5011800.872233000000000;
202408;1972;2005001783;COTAS;5458416.900883000000000;
202408;2071;1986000583;COTAS;96593858.113519000000000;05164325000123
202408;1674;2015000356;CAIXA;19301.240000000000000;
202408;1781;1980000174;CAIXA;99314639.400000000000000;
202408;1585;2006000911;COTAS;108524063.927239000000000;20969532000149
202408;2083;1973000156;VL_PG_RC;-782819.810000000000000;
202408;1674;2015000356;COTAS;110724.372517000000000;
202408;1715;2008004619;COTAS;22301746.037805000000000;
202408;2231;2019003074;COTAS;325169.540271000000000;
202408;1972;2005001783;COTAS;43651903.823097000000000;11090936000177
202408;2231;9970000000;CAIXA;50266.690000000000000;
202408;1715;9970000000;COTAS;1677307.335268000000000;
202408;1715;9970000000;COTAS;1552922.008517000000000;
202408;1972;2005001783;COTAS;98880166.869749000000000;36945569000177
202408;2083;1999005211;COTAS;1107525239.008034000000000;32760026000124
202408;2258;1989000738;VL_PG_RC;-48529.440000000000000;
202408;1972;2005001783;VL_PG_RC;-18088.050000000000000;
202408;2083;2000008283;COTAS;115170668.658438000000000;03573959000104
202408;2258;1990000118;COTAS;2507547.488025000000000;
202408;1972;2007000229;COTAS;3140717.382200000000000;
202408;1674;2019001918;COTAS;5157619.168275000000000;
202408;1585;2006000911;COTAS;89556250.173414000000000;41054683000147
202408;2021;1979001138;IMOVEIS;47483.090000000000000;
202408;1674;2019001918;COTAS;2203669.588001000000000;
202408;2258;1990000118;COTAS;2119454.896852000000000;
202408;2083;2000008283;COTAS;153184637.717673000000000;32760026000124
202408;1972;2007000229;COTAS;10133339.797600000000000;
202408;1781;1980000174;COTAS;31407494.866883000000000;
202408;1599;1979001219;COTAS;103103972.828272000000000;05324555000102
202408;2083;2000008283;VL_PG_RC;824591.110000000000000;
202408;1972;2007000229;OPERACAO_PARTICIPANTE;899224.340000000000000;
202408;1729;1990001092;COTAS;203334546.903610000000000;15259169000138
202408;1599;1979001219;IMOVEIS;7740365.480000000000000;
202408;1732;9970000000;VL_PG_RC;-326.180000000000000;
202408;1781;1980000174;COTAS;11937802.004832000000000;
202408;1688;1979002274;COTAS;91601040.658310000000000;
202408;1972;9970000000;COTAS;4586357.471899000000000;
202408;2021;1979001138;TIT_PUB;21636787.640000000000000;
202408;1599;2001002483;COTAS;180349776.091345000000000;26179544000156
202408;1688;2021000338;COTAS;2518110.587139000000000;04786973000159
202408;2083;2011002192;COTAS;102561285.974996000000000;14437383000174
202408;2258;1990000118;COTAS;15631090.314189000000000;50634860000155
202408;1746;1982003065;COTAS;254745.775500000000000;
202408;1701;1999000838;COTAS;9420885.658492000000000;
202408;1701;1999000838;COTAS;187912090.496750000000000;31389791000117
202408;1781;1998003574;COTAS;3489721.649597000000000;
202408;2083;2011002265;COTAS;89643942.279347000000000;05170419000105
202408;2258;1992000565;COTAS;697117.197478000000000;
202408;2083;2012000274;COTAS;1592971.086926000000000;34792991000104
202408;1746;1982003065;COTAS;831427.924254000000000;
202408;2083;2019002329;COTAS;9302229.514140000000000;09296055000165
202408;1746;1982003065;COTAS;30285079.400110000000000;
202408;2258;1992000565;COTAS;9632119.115227000000000;50634860000155
202408;1763;1990000819;CAIXA;104839.360000000000000;
202408;2258;1992000719;COTAS;2484280.518050000000000;
202408;2021;1991001274;COTAS;888237.095198000000000;
202408;1763;1990000819;COTAS;3937613.909164000000000;
202408;2258;1993000992;VL_PG_RC;-82948.430000000000000;
202408;1715;1979000174;COTAS;7298157.564923000000000;
202408;2083;2020001438;TIT_PUB;1449613036.470000000000000;
202408;1763;1990000819;COTAS;7404217.511084000000000;
202408;2258;1993002847;COTAS;7375978.036429000000000;50625158000125
202408;2021;2013001118;VL_PG_RC;215241.340000000000000;
202408;1781;2019002711;TIT_PUB;132587436.220000000000000;
202408;2258;1993003029;COTAS;47935483.161492000000000;50620290000144
202408;1715;9970000000;COTAS;2546021.543979000000000;
202408;1763;1990000819;COTAS;97948817.023092000000000;17339084000195
202408;2138;1981001311;IMOVEIS;17708313.430000000000000;
202408;1972;9970000000;COTAS;281468.034731000000000;
202408;1763;1990000819;IMOVEIS;5332134.280000000000000;
202408;2141;9970000000;CAIXA;3687.490000000000000;
202408;2155;1985000938;CAIXA;14176.200000000000000;
202408;1781;9970000000;VL_PG_RC;5043107.090000000000000;
202408;2258;1994003138;COTAS;43775190.708920000000000;50625158000125
202408;1763;9970000000;VL_PG_RC;-103.240000000000000;
202408;1794;1981001956;CAIXA;165352.100000000000000;
202408;1599;2001002483;IMOVEIS;288634.510000000000000;
202408;1781;1904000118;CAIXA;84855.070000000000000;
202408;1715;9970000000;COTAS;1375211.400267000000000;
202408;2155;1985000938;COTAS;352550885.722437000000000;55947120000192
202408;2021;9970000000;COTAS;197017.149644000000000;
202408;1612;2022002229;CAIXA;7331319.520000000000000;
202408;2258;1994003138;VL_PG_RC;-90844.800000000000000;
202408;1972;9970000000;COTAS;733244.138594000000000;
202408;1781;1980000174;COTAS;63314183.520000000000000;
202408;2155;9970000000;CAIXA;2042.120000000000000;
202408;2052;1990000983;COTAS;19253394.342071000000000;
202408;2258;1995000183;COTAS;1609826.687624000000000;50620435000107
202408;2052;1990000983;COTAS;2734377.789271000000000;
202408;2258;1995000183;COTAS;6317535.780051000000000;51059844000149
202408;1674;1989002056;COTAS;548450.262641000000000;
202408;2052;2006001011;COTAS;495529.625004000000000;
202408;1715;9970000000;COTAS;3221711.541013000000000;
202408;1818;1997001365;COTAS;80904397.210000000000000;19941813000104
202408;1781;1980000174;COTAS;45315707.149623000000000;
202408;2155;9970000000;COTAS;848165.450715000000000;55947120000192
202408;1852;1985001047;CAIXA;546034.070000000000000;
202408;2052;2006001011;COTAS;3094411.085922000000000;
202408;1781;1980000174;COTAS;28972944.000000000000000;
202408;2169;1972000111;COTAS;490263046.925766000000000;03149243000184
202408;2052;2006001011;TIT_PUB;229290.650000000000000;
202408;1781;1980000174;COTAS;51474346.790000000000000;
202408;1972;9970000000;COTAS;1336192.512565000000000;
202408;1852;9970000000;COTAS;16902754.041796000000000;
202408;1781;1980000174;COTAS;1399699350.547911000000000;35302796000111
202408;1972;9970000000;COTAS;1139875.704000000000000;15166133000100
202408;2258;1995003174;CAIXA;595210.050000000000000;
202408;2169;1999000374;COTAS;41109778.069604000000000;
202408;2052;9970000000;COTAS;397694.329979000000000;
202408;1715;9970000000;COTAS;1668154.190227000000000;
202408;2172;1988003229;CAIXA;13415.950000000000000;
202408;2066;1974000192;COTAS;6317380.727139000000000;
202408;1972;9970000000;COTAS;922050.816725000000000;54759045000173
202408;2172;2005005592;COTAS;225355710.536391000000000;31615270000130
202408;1991;1980000565;VL_PG_RC;-21736.280000000000000;
202408;1883;2006003356;COTAS;13775888.235598000000000;
202408;2172;2005005592;COTAS;52836503.283931000000000;31615302000106
202408;2258;1995003719;COTAS;7001267.641982000000000;50634860000155
202408;2172;2005005592;VL_PG_RC;54152.970000000000000;
202408;2071;1986000583;CAIXA;81934.100000000000000;
202408;2004;9970000000;VL_PG_RC;-6985.070000000000000;
202408;1883;2006003356;COTAS;4854493.090679000000000;
202408;2071;1986000583;VL_PG_RC;109825.010000000000000;
202408;1674;1989002056;COTAS;1255390.678407000000000;
202408;2258;1996001329;VL_PG_RC;-45244.450000000000000;
202408;2213;1991002483;COTAS;5732583.593283000000000;
202408;1715;9970000000;COTAS;1938456.800986000000000;
202408;2083;1973000156;CAIXA;258146.150000000000000;
202408;2083;1995002356;TIT_PUB;20898233.880000000000000;
202408;2231;1979003483;OPERACAO_PARTICIPANTE;0.000000000000000;
202408;1911;1987000218;VL_PG_RC;-109.910000000000000;
202408;2083;1999005211;ACOES;779662.840000000000000;
202408;1781;1980000174;IMOVEIS;12880527216.310000000000000;
202408;1911;1994001992;COTAS;2510614.565431000000000;52277799000161
202408;1674;1989002056;COTAS;1986625.622337000000000;
202408;2231;1982002719;TIT_PUB;54789393.340000000000000;
202408;2018;1980001065;ACOES;10202151.840000000000000;
202408;1746;1982003065;CAIXA;23072.420000000000000;
202408;1674;2014000492;COTAS;2051735.056435000000000;
202408;1781;1998003574;CAIXA;6786523.550000000000000;
202408;1911;1994001992;VL_PG_RC;-13239.050000000000000;
202408;2258;1996002465;COTAS;285339963.298612000000000;50620290000144
202408;1674;2014000492;COTAS;1860903.334126000000000;
202408;2231;1982002883;COTAS;78532.034940000000000;
202408;1911;1997003211;COTAS;2789353.583022000000000;
202408;2018;1980001065;COTAS;8035410.846585000000000;
202408;1746;1982003065;COTAS;2402078.617374000000000;
202408;2083;1999005211;CAIXA;31413.490000000000000;
202408;1911;1998004147;COTAS;42390.309381000000000;
202408;1746;1982003065;COTAS;8668141.046604000000000;
202408;2083;1999005211;COTAS;832264478.435531000000000;03573959000104
202408;1674;2015000356;COTAS;21526784.904493000000000;
202408;1911;1998005518;COTAS;11242886.653393000000000;
202408;2018;1980001065;COTAS;6029090.929981000000000;
202408;1911;1998005518;COTAS;50566047.984743000000000;21791224000139
202408;1781;1998003574;COTAS;259111256.239993000000000;49767385000106
202408;2021;1979001138;CAIXA;6569.960000000000000;
202408;1911;1998005518;COTAS;71365608.574177000000000;26304143000180
202408;1674;2019001918;COTAS;1247137.742756000000000;
202408;1781;2019002711;CAIXA;4067505.560000000000000;
202408;2231;1982002883;OPERACAO_PARTICIPANTE;448879.799996101800000;
202408;2258;1997000547;CAIXA;399730.430000000000000;
202408;1674;2019001918;COTAS;1742511.757123000000000;
202408;2231;1987000511;CAIXA;102.470000000000000;
202408;2258;1998002365;VL_PG_RC;-125906.200000000000000;
202408;2231;1987000511;VL_PG_RC;0.100000000000000;
202408;1781;9970000000;COTAS;1258207212.366378000000000;11328936000162
202408;1763;1990000819;COTAS;3956849.304096000000000;
202408;1781;9970000000;TIT_PRIV;64046597.260000000000000;
202408;2231;1992000956;IMOVEIS;640479.620000000000000;
202408;2258;1998005356;CAIXA;1440917.190000000000000;
202408;1804;1988001838;COTAS;21118648.729281000000000;
202408;2231;1994001518;COTAS;61990.737753000000000;
202408;2258;1999000765;CAIXA;0.000000000000000;
202408;1763;1990000819;COTAS;7507118.379215000000000;
202408;2231;1994001518;COTAS;11390.604025000000000;
202408;2258;1999003683;VL_PG_RC;-42220.720000000000000;
202408;2021;1979001138;COTAS;471900.525568000000000;
202408;2231;1994001518;VL_PG_RC;-2838.400000000000000;
202408;1804;1988001838;COTAS;269404.115381000000000;
202408;2083;1999005211;COTAS;25785991.369419000000000;42102159000167
202408;2231;1998000583;TIT_PUB;508744.080000000000000;
202408;1804;1988001838;TIT_PUB;972508998.780000000000000;
202408;1911;1998005518;COTAS;10120330.063777000000000;52277799000161
202408;2258;1999003829;COTAS;52554446.529790000000000;50620290000144
202408;1804;4018040083;CAIXA;608430.790000000000000;
202408;2258;1999003829;COTAS;23015448.562744000000000;50620572000141
202408;2231;2008003019;COTAS;10973.531448000000000;
202408;1674;9970000000;CAIXA;2052.050000000000000;
202408;2231;2008003019;VL_PG_RC;-11904.820000000000000;
202408;1818;1997001365;CAIXA;0.010000000000000;
202408;2258;2000004474;VL_PG_RC;-186635.430000000000000;
202408;2083;1999005211;VL_PG_RC;18258838.040000000000000;
202408;1688;1979002274;CAIXA;267300.520000000000000;
202408;1781;1980000174;COTAS;54905309.830000000000000;
202408;1911;1998005518;VL_PG_RC;-383569.160000000000000;
202408;1818;1997001365;COTAS;172944373.550001000000000;19941775000190
202408;1781;1980000174;COTAS;8304909.720433000000000;
202408;2083;2000008283;CAIXA;139544.340000000000000;
202408;1818;1997001365;COTAS;33728004.660000000000000;19941829000117
202408;2021;1991001274;OPERACAO_PARTICIPANTE;37758.001484131500000;
202408;2258;2003002911;VL_PG_RC;-108046.640000000000000;
202408;2083;2011002192;COTAS;122827782.758861000000000;05170419000105
202408;2258;2003003029;TIT_PUB;7955880.890000000000000;
202408;1688;1979002274;COTAS;83605042.507159000000000;
202408;2021;1991001274;TIT_PUB;39751284.890000000000000;
202408;2231;2010002229;COTAS;13463252.233259000000000;
202408;2258;2005005347;COTAS;6645408.423536000000000;50620435000107
202408;2052;1990000983;COTAS;1527678.376641000000000;
202408;2083;2011002192;COTAS;10942965.032587000000000;09296055000165
202408;1911;1999002156;COTAS;1086368.894197000000000;
202408;2052;1990000983;COTAS;2246340.902587000000000;
202408;2231;2010002229;COTAS;2240097.627644000000000;
202408;1688;1979002274;COTAS;83803208.919737000000000;
202408;1818;2002000174;COTAS;191670502.739951000000000;02498096000195
202408;1781;1980000174;COTAS;54154560.310224000000000;
202408;2083;2011002192;OPERACAO_PARTICIPANTE;489736.000000000000000;
202408;2052;1990000983;COTAS;4302778.608968000000000;
202408;1781;1980000174;COTAS;67828989.720000000000000;
202408;2083;2011002265;CAIXA;0.000000000000000;
202408;2258;2006000683;CAIXA;0.000000000000000;
202408;1818;2002000174;COTAS;6816070.319999000000000;19941775000190
202408;1911;1999002156;COTAS;708321.104171000000000;
202408;2258;2006001647;COTAS;445325.412973000000000;
202408;1818;2002000174;COTAS;102481756.219999000000000;19941813000104
202408;1781;1980000174;COTAS;387117323.622322000000000;38226067000111
202408;2231;2010002229;COTAS;5198850.741411000000000;
202408;2258;2006001647;COTAS;540215.922815000000000;
202408;2083;2012000274;COTAS;3284539.274653000000000;16569908000150
202408;1781;1980000174;VL_PG_RC;1543221783.310000000000000;
202408;2231;2010002474;COTAS;124143.533510000000000;
202408;2083;2012000274;TIT_PRIV;0.540000000000000;
202408;1911;2000006183;COTAS;551029.235468000000000;
202408;1781;1998003574;COTAS;922767.741159000000000;
202408;1688;2021000419;COTAS;10362390.611375000000000;04786973000159
202408;2083;2020000229;COTAS;20686893.538489000000000;16569908000150
202408;2258;2006001647;COTAS;8773031.588188000000000;29983486000107
202408;1818;2002000174;COTAS;60327671.050001000000000;19941829000117
202408;2052;2006001011;COTAS;103459.766990000000000;
202408;1911;2000006183;COTAS;111436.901936000000000;
202408;2258;2006001647;COTAS;17381917.709909000000000;49927877000111
202408;1701;1999000838;COTAS;4128107.039420000000000;
202408;2258;2006001647;VL_PG_RC;-190558.770000000000000;
202408;2083;2020000229;COTAS;972054.011242000000000;34792991000104
202408;1781;1998003574;COTAS;8273985.663542000000000;
202408;1701;1999000838;VL_PG_RC;-45991.980000000000000;
202408;2231;2010002474;COTAS;2179795.569178000000000;
202408;1781;1998003574;COTAS;10182557.617454000000000;
202408;1911;2000006183;COTAS;870427.527488000000000;
202408;1821;1980002274;CAIXA;5482845.800000000000000;
202408;1781;1998003574;COTAS;2642105.229343000000000;49766712000105
202408;1911;2000006183;COTAS;1980110.874735000000000;
202408;1852;1985001047;COTAS;192871668.855659000000000;
202408;1781;1998003574;VL_PG_RC;-13928069.980000000000000;
202408;2107;9970000000;TIT_PUB;425090.450000000000000;
202408;2258;2006006111;COTAS;30959085.190570000000000;50634860000155
202408;1781;2019002711;COTAS;2019929.580000000000000;
202408;1911;2000006183;OPERACAO_PARTICIPANTE;9537117.519009215800000;
202408;2258;2007002256;CAIXA;0.000000000000000;
202408;1911;2005004847;COTAS;290517.419723000000000;
202408;2258;2007002256;COTAS;10738557.597761000000000;50620290000144
202408;2231;2010002474;COTAS;164532121.350833000000000;
202408;2052;2006001011;COTAS;346459.423139000000000;
202408;2258;2007002256;COTAS;3773044.582627000000000;50620819000120
202408;2052;2006001011;COTAS;202804.453538000000000;
202408;1781;2019002711;COTAS;53126333.150000000000000;
202408;2141;1980001219;COTAS;3061254.092582000000000;
202408;2231;2010002474;IMOVEIS;55912139.800000000000000;
202408;1911;2005004847;COTAS;266307.167573000000000;
202408;1781;9970000000;COTAS;8059411.089418000000000;
202408;1715;1979000174;COTAS;3091635.788101000000000;
202408;1911;2005004847;COTAS;719963.013802000000000;
202408;1852;1985001047;COTAS;1296327337.480251000000000;01622154000188
202408;1715;1979000174;COTAS;20493763.467185000000000;
202408;2258;2007002418;COTAS;5545301.358171000000000;50625158000125
202408;1715;1979000174;COTAS;21464154.226387000000000;
202408;1911;2006001411;COTAS;9668209.707966000000000;36521640000194
202408;1804;9970000000;CAIXA;1683081.210000000000000;
202408;2066;1974000192;COTAS;5748152.646017000000000;
202408;2258;2007002892;VL_PG_RC;-42422.580000000000000;
202408;1818;2002000174;VL_PG_RC;0.000000000000000;
202408;2066;1974000192;COTAS;139636150.637752000000000;
202408;2258;2007003211;VL_PG_RC;-56434.500000000000000;
202408;1818;9970000000;COTAS;1066061.729893000000000;02498096000195
202408;2258;2008000338;COTAS;659001.219675000000000;50620435000107
202408;2141;9970000000;VL_PG_RC;0.000000000000000;
202408;1852;1985001047;COTAS;97654927.002594000000000;42287704000137
202408;1911;2006005847;COTAS;273738.041589000000000;
202408;2169;1972000111;CAIXA;72596.940000000000000;
202408;1715;1979000174;VL_PG_RC;-7497145.740000000000000;
202408;1911;2006005847;COTAS;1407253.824253000000000;
202408;1715;2008004619;CAIXA;285906.150000000000000;
202408;1852;1985001047;COTAS;5715960.550944000000000;18954443000187
202408;1883;2006003356;COTAS;14154498.726560000000000;
202408;1715;2008004619;COTAS;1030546.260478000000000;
202408;2231;2011001218;IMOVEIS;3170767.560000000000000;
202408;2258;2008001792;COTAS;126128211.246523000000000;50625158000125
202408;1911;2006005847;COTAS;2774363.354125000000000;26304143000180
202408;1715;2008004619;COTAS;42603076.408701000000000;
202408;1852;9970000000;VL_PG_RC;-460.830000000000000;
202408;2066;1974000192;COTAS;31261.692461000000000;
202408;1883;1988001056;CAIXA;3570.560000000000000;
202408;2258;2010001338;CAIXA;0.000000000000000;
202408;1715;2008004619;COTAS;35229553.292404000000000;
202408;2258;2012000983;CAIXA;225886.320000000000000;
202408;2066;1974000192;OPERACAO_PARTICIPANTE;1657375.330000000000000;
202408;1911;2006005847;VL_PG_RC;-37361.190000000000000;
202408;1883;2006003356;COTAS;100036531.339141000000000;
202408;1883;1988001056;TIT_PUB;273733925.020000000000000;
202408;2066;1974000192;TIT_PUB;63684624.190000000000000;
202408;1883;2006003356;COTAS;7038936.645971000000000;
202408;2071;1986000583;TIT_PUB;14365322.400000000000000;
202408;2231;2011001218;TIT_PUB;1765659.960000000000000;
202408;1911;2007001292;COTAS;1365719.035879000000000;09315610000159
202408;1883;2006003356;COTAS;7362720.557022000000000;
202408;2071;9970000000;CAIXA;47591.190000000000000;
202408;2231;2012001947;COTAS;549361.425863000000000;
202408;1911;2007001292;COTAS;1491487.218101000000000;25401546000185
202408;1883;2006003356;COTAS;13654500.820235000000000;
202408;2231;2012001947;OPERACAO_PARTICIPANTE;5447396.069946380200000;
202408;2258;2012001092;COTAS;89069001.366466000000000;50620290000144
202408;1715;2008004619;VL_PG_RC;1020775.320000000000000;
202408;2071;9970000000;COTAS;378626.185206000000000;
202408;1715;9970000000;CAIXA;58291.070000000000000;
202408;2083;1999005211;COTAS;611923074.363263000000000;09296055000165
202408;2231;2013001665;COTAS;155126.112844000000000;
202408;2169;1972000111;COTAS;7046.481354000000000;
202408;1911;2009003365;COTAS;933091.442855000000000;
202408;1883;2006003356;TIT_PRIV;96865.780000000000000;
202408;1911;1992001618;COTAS;88690.561019000000000;
202408;2169;1999000374;COTAS;16806545.988039000000000;
202408;2258;2012001165;COTAS;47087756.330549000000000;50625158000125
202408;2083;1999005211;IMOVEIS;208882971.890000000000000;
202408;2083;1999005211;OPERACAO_PARTICIPANTE;628602691.558940565500000;
202408;1911;1992001618;COTAS;136722.863799000000000;36521640000194
202408;2172;2005005592;COTAS;1926658.124003000000000;
202408;1911;2009003365;COTAS;762947.916121000000000;
202408;2231;2013001665;COTAS;2831548.784551000000000;44703483000166
202408;1715;9970000000;COTAS;726143.659237000000000;
202408;2258;2015000518;COTAS;19111029.972864000000000;04052631000105
202408;1911;1992001618;COTAS;44833.944758000000000;
202408;1715;9970000000;COTAS;2326726.391038000000000;
202408;2258;2016000929;COTAS;6734674.596221000000000;50625158000125
202408;1911;1993001311;COTAS;2398258.445684000000000;50069086000187
202408;1911;1992001618;TIT_PUB;5849461.160000000000000;
202408;2083;1999005211;TIT_PUB;5605208141.350000000000000;
202408;1911;1993001311;VL_PG_RC;-1039.440000000000000;
202408;2172;2005005592;COTAS;177169822.125407000000000;31615254000148
202408;2213;1991002483;CAIXA;992232.310000000000000;
202408;1911;2009003365;COTAS;998393.039978000000000;09315610000159
202408;1715;9970000000;COTAS;552984.160236000000000;
202408;2258;2017001074;COTAS;29539496.967387000000000;50625158000125
202408;2213;1991002483;COTAS;2828.301907000000000;
202408;2231;2013001665;COTAS;2593256.414199000000000;44703493000100
202408;1911;1994001992;COTAS;428202.526718000000000;
202408;2083;2000008283;COTAS;77678141.814381000000000;09296055000165
202408;2258;2017001074;VL_PG_RC;-9050.160000000000000;
202408;2083;2000008283;OPERACAO_PARTICIPANTE;50881433.882314008500000;
202408;1911;1994001992;COTAS;124994.850868000000000;25401546000185
202408;2258;2017001147;COTAS;47589844.747647000000000;50625158000125
202408;2231;2019003074;COTAS;84307.185650000000000;
202408;2258;2017001147;VL_PG_RC;-16526.580000000000000;
202408;2213;1991002483;COTAS;21374872.488711000000000;
202408;1911;1994001992;TIT_PUB;3534672.760000000000000;
202408;1911;1994001992;COTAS;640870.173022000000000;
202408;2213;1991002483;COTAS;196478811.190000000000000;28581086000102
202408;1911;1997003211;COTAS;27075957.684317000000000;21791224000139
202408;2083;2000008283;TIT_PUB;298163992.710000000000000;
202408;1729;1990001092;COTAS;8110.676291000000000;
202408;2258;2019000318;COTAS;2322996.619649000000000;50620435000107
202408;2231;2019003074;COTAS;5127823.914800000000000;44703472000186
202408;1911;2013001274;COTAS;205594.700051000000000;
202408;2258;2019000318;COTAS;3922804.806188000000000;50620572000141
202408;1911;2015000674;COTAS;5558093.733284000000000;54366569000102
202408;2083;2012000274;COTAS;29675076.818546000000000;05170419000105
202408;1729;1990001092;COTAS;31607425.288959000000000;
202408;1911;1997003211;COTAS;21750430.148720000000000;25401546000185
202408;2258;1981001565;CAIXA;1000.000000000000000;
202408;2083;2020000229;COTAS;29073943.315772000000000;03573959000104
202408;1911;1998004147;COTAS;588003.509219000000000;
202408;1911;2018001711;COTAS;171707.412569000000000;
202408;2213;1991002483;VL_PG_RC;-60924.180000000000000;
202408;1729;1990001092;COTAS;44096514.425127000000000;
202408;2258;1990000118;COTAS;4990238.430029000000000;
202408;1911;2018001711;COTAS;696802.705748000000000;
202408;1729;1990001092;COTAS;956265.014159000000000;
202408;1911;1998004147;COTAS;436816.391965000000000;
202408;1911;2018001711;COTAS;413250.257743000000000;
202408;2231;1982002719;CAIXA;83790.890000000000000;
202408;1911;1994001992;COTAS;3064047.644730000000000;26304143000180
202408;1911;1998004147;COTAS;376574.537569000000000;
202408;1911;2018001711;COTAS;1647763.984350000000000;52277799000161
202408;2231;1982002883;IMOVEIS;607432.760000000000000;
202408;1911;1997003211;COTAS;1406229.203676000000000;
202408;1911;1998005518;COTAS;18345779.475554000000000;
202408;2083;2020000229;VL_PG_RC;-14928.290000000000000;
202408;2258;1990000118;COTAS;9893892.162427000000000;
202408;2258;2019001756;COTAS;177213.702684000000000;50620435000107
202408;1911;2018001711;VL_PG_RC;-33958.820000000000000;
202408;2258;2019002256;VL_PG_RC;-83561.200000000000000;
202408;2258;1990000118;COTAS;4915773.890557000000000;
202408;1911;9970000000;COTAS;1052762.289584000000000;52277799000161
202408;1911;1999002156;COTAS;84668.215130000000000;
202408;2258;2019003147;COTAS;7054101.577314000000000;50620290000144
202408;1729;1990001092;TIT_PUB;774520854.620000000000000;
202408;1911;9970000000;VL_PG_RC;0.000000000000000;
202408;2258;2019003211;COTAS;1168405.418967000000000;50634860000155
202408;2258;1990000118;COTAS;110067.742297000000000;
202408;1732;1985001111;CAIXA;21223.250000000000000;
202408;1924;1989000274;CAIXA;11300.850000000000000;
202408;1911;1997003211;COTAS;26609485.263731000000000;26304143000180
202408;2258;1992000565;COTAS;20795156.255747000000000;50620290000144
202408;1732;9970000000;COTAS;18546592.529999000000000;
202408;1911;1997003211;COTAS;24489034.525891000000000;36521640000194
202408;2258;2019003392;COTAS;382901.186634000000000;50620435000107
202408;1746;1982003065;COTAS;2544326.918816000000000;
202408;1911;1999002156;COTAS;811600.701758000000000;
202408;1763;1990000819;COTAS;1887059.506392000000000;
202408;1911;1999002156;COTAS;783433.321223000000000;
202408;2258;2019003392;VL_PG_RC;-592.350000000000000;
202408;1924;1989000274;COTAS;5172141.799714000000000;
202408;2258;1992000565;TIT_PUB;38836955.530000000000000;
202408;1911;1997003211;COTAS;20228287.309773000000000;50069086000187
202408;2231;1992000956;OPERACAO_PARTICIPANTE;90715.210026719500000;
202408;2083;9970000000;COTAS;112126233.427171000000000;03256787000145
202408;2258;2020002892;COTAS;3334611.971220000000000;50625158000125
202408;2258;1993000992;TIT_PUB;5564779.440000000000000;
202408;1924;1989000347;COTAS;5867390.000001000000000;
202408;1763;1990000819;COTAS;14079212.879672000000000;
202408;2258;2020002892;VL_PG_RC;-6848.400000000000000;
202408;1911;1999002156;COTAS;0.010908000000000;52277799000161
202408;1924;1989000347;COTAS;2849664.000000000000000;
202408;2258;2020003465;COTAS;33396.072453000000000;50625158000125
202408;1911;1998004147;COTAS;325944.402724000000000;
202408;2231;1994001518;CAIXA;7771.300000000000000;
202408;1924;9970000000;COTAS;305424.000001000000000;15060248000115
202408;2258;2020003465;VL_PG_RC;-40823.720000000000000;
202408;2083;9970000000;COTAS;182679815.271892000000000;05170419000105
202408;1911;2000006183;COTAS;3301378.695782000000000;
202408;1924;9970000000;COTAS;2385232.999999000000000;15060253000128
202408;2258;2021000974;COTAS;82204897.175926000000000;50620435000107
202408;2138;9970000000;VL_PG_RC;0.000000000000000;
202408;1911;1998004147;COTAS;2213647.986732000000000;21791224000139
202408;1969;1981000356;CAIXA;111347.730000000000000;
202408;2231;1994001518;COTAS;37499.608954000000000;
202408;2258;2022003047;COTAS;3687460.002623000000000;51059511000110
202408;1911;1998004147;COTAS;1239632.604499000000000;26304143000180
202408;1911;2000006183;COTAS;10040921.441438000000000;
202408;2231;2008003019;CAIXA;5550.130000000000000;
202408;2258;2023000092;CAIXA;0.000000000000000;
202408;2155;1985000938;COTAS;82187144.043615000000000;38066095000119
202408;1911;1998004147;COTAS;709995.392016000000000;52277799000161
202408;1763;9970000000;COTAS;1931061.853343000000000;
202408;2169;1972000111;IMOVEIS;107173000.000000000000000;
202408;2258;2023000092;COTAS;3250598.198485000000000;50620290000144
202408;1781;1904000118;VL_PG_RC;-81214.870000000000000;
202408;2231;2008003019;COTAS;43082.422058000000000;
202408;2169;1999000374;CAIXA;64705.840000000000000;
202408;1911;1998004147;VL_PG_RC;-17904.540000000000000;
202408;2169;1999000374;COTAS;48732973.339086000000000;
202408;1781;1980000174;ALUGUEL;11221624.240000000000000;
202408;2258;1993003029;COTAS;5931456.687179000000000;50625158000125
202408;1911;2000006183;COTAS;20831145.060246000000000;52277799000161
202408;1969;1999004019;CAIXA;156150.450000000000000;
202408;2258;1993003811;CAIXA;0.000000000000000;
202408;2231;2008003019;COTAS;74181.370181000000000;
202408;1911;1998005518;COTAS;2789939.547037000000000;
202408;2292;1998002756;COTAS;84915.253435000000000;
202408;2292;1998002756;COTAS;227024.076720000000000;
202408;1911;2005004847;COTAS;2134375.603515000000000;26304143000180
202408;2231;2008003019;COTAS;1212547.284265000000000;44703483000166
202408;1911;2005004847;VL_PG_RC;-12265.210000000000000;
202408;2231;2010002229;CAIXA;1088314.720000000000000;
202408;2292;1998002756;COTAS;13293138.890200000000000;
202408;2169;9970000000;COTAS;4636436.330582000000000;
202408;1911;1999002156;COTAS;1962232.666256000000000;
202408;2258;1993003811;COTAS;12093332.153715000000000;50625158000125
202408;2172;2020000865;COTAS;10707103.161216000000000;31615254000148
202408;1911;1999002156;COTAS;2121153.642288000000000;09315610000159
202408;2258;1993003811;VL_PG_RC;-109222.410000000000000;
202408;2172;9970000000;VL_PG_RC;-5033.570000000000000;
202408;1911;1999002156;COTAS;3429373.344071000000000;25401546000185
202408;2231;2010002229;COTAS;6619902.183393000000000;
202408;1969;1999004019;COTAS;9159257.173416000000000;
202408;1911;1999002156;OPERACAO_PARTICIPANTE;1810885.708261265800000;
202408;2231;2010002474;COTAS;5706471.432030000000000;
202408;1911;1999002156;TIT_PUB;19301609.580000000000000;
202408;1969;1999004019;COTAS;202198908.730666000000000;21596653000155
202408;2292;1998002756;TIT_PUB;29889539.570000000000000;
202408;2231;1979003483;VL_PG_RC;130842186.160000000000000;
202408;2231;2010002474;COTAS;7228729.433492000000000;
202408;1781;1980000174;COTAS;23190425321.769426000000000;18015618000190
202408;1911;2000006183;COTAS;5378775.619979000000000;
202408;2292;1998002829;COTAS;215113370.909708000000000;
202408;2231;2011001218;COTAS;113852.398865000000000;
202408;1911;2006001411;COTAS;550088.336124000000000;
202408;1969;9970000000;COTAS;59365.014679000000000;46205976000100
202408;2231;1982002638;CAIXA;9.060000000000000;
202408;1781;1980000174;COTAS;177097226.287030000000000;29306138000103
202408;1972;2005001783;COTAS;24705047.844435000000000;
202408;2231;1982002719;COTAS;108881.095723000000000;
202408;1781;1998003574;COTAS;644721644.310459000000000;40021645000125
202408;2258;1994001356;CAIXA;0.000000000000000;
202408;2292;1998002829;COTAS;1235853.453056000000000;
202408;2231;1982002719;COTAS;428273.998358000000000;
202408;2258;1994001429;CAIXA;0.000000000000000;
202408;2292;1998002829;COTAS;9593880.849237000000000;
202408;2231;1982002883;CAIXA;9946.410000000000000;
202408;2258;1994003138;COTAS;18918064.416137000000000;50634860000155
202408;2292;1998002829;COTAS;71695856.256479000000000;04764252000148
202408;1911;2000006183;TIT_PUB;186108944.570000000000000;
202408;2231;2011001218;OPERACAO_PARTICIPANTE;1483100.830000000000000;
202408;1911;2007001292;COTAS;1651287.862221000000000;26304143000180
202408;2231;1982002883;VL_PG_RC;-37498.970000000000000;
202408;1781;1998003574;COTAS;4352181800.906870000000000;49766541000114
202408;2258;1996002147;CAIXA;25.970000000000000;
202408;2292;1998002829;COTAS;68642625.953790000000000;41562294000122
202408;2231;1992000956;COTAS;125881.791514000000000;
202408;1911;2005004847;COTAS;1325556.509878000000000;
202408;2231;2013001665;CAIXA;14131.870000000000000;
202408;1911;2008003183;COTAS;1164990.812324000000000;
202408;1911;2005004847;COTAS;2300338.975380000000000;
202408;1781;1998003574;COTAS;2494957.720000000000000;49767200000163
202408;2258;1996002147;COTAS;196062.498933000000000;
202408;2292;1998002829;IMOVEIS;23332585.610000000000000;
202408;1781;2019002711;TIT_PRIV;5177371.080000000000000;
202408;2231;2014001383;COTAS;224319.572320000000000;
202408;1911;2008003183;COTAS;0.016789000000000;
202408;1781;9970000000;CAIXA;204779.910000000000000;
202408;2231;2014001383;OPERACAO_PARTICIPANTE;958003.220000000000000;
202408;2292;2016000392;COTAS;14955.726327000000000;
202408;1794;1981001956;COTAS;40016480.236552000000000;
202408;2258;1996002147;COTAS;19122534.691945000000000;50625158000125
202408;2258;1996002147;VL_PG_RC;-58041.060000000000000;
202408;2231;2019003074;COTAS;5958.678326000000000;
202408;1911;2005004847;OPERACAO_PARTICIPANTE;1288384.537647787900000;
202408;1972;2005001783;COTAS;30277113.203028000000000;54759045000173
202408;1804;1988001838;VL_PG_RC;-32314.260000000000000;
202408;2231;1992000956;COTAS;23105.345885000000000;
202408;1972;2007000229;COTAS;18282357.648699000000000;
202408;2258;1997004356;VL_PG_RC;-273770.320000000000000;
202408;2231;2019003074;COTAS;451042.566949000000000;
202408;2231;1992000956;COTAS;70871.723649000000000;
202408;2258;1998005356;COTAS;242768941.038703000000000;50620290000144
202408;1911;2009003365;COTAS;165847.348773000000000;
202408;2231;2019003074;COTAS;35842680.272530000000000;44900441000115
202408;2231;1994001518;COTAS;9167.849073000000000;
202408;2292;2016000392;TIT_PUB;1490915.560000000000000;
202408;2231;1994001518;COTAS;52292.862128000000000;
202408;2292;2018002538;COTAS;1720505.204417000000000;
202408;1972;2007000229;TIT_PUB;849477094.480000000000000;
202408;2292;2018002538;COTAS;364504.642520000000000;
202408;2258;1998006956;VL_PG_RC;-97337.360000000000000;
202408;1911;2006001411;COTAS;3993391.421972000000000;
202408;2231;2019003074;IMOVEIS;2938810.190000000000000;
202408;1911;2009003365;COTAS;380413.477140000000000;
202408;1972;9970000000;VL_PG_RC;269971.710000000000000;
202408;2258;1999003683;COTAS;4428392.103357000000000;50620435000107
202408;2258;1981001565;COTAS;345006.432044000000000;50620435000107
202408;1911;2013001274;COTAS;204682.080577000000000;09315610000159
202408;2258;1999003829;CAIXA;0.000000000000000;
202408;2231;2008003019;COTAS;715.693210000000000;
202408;1821;9970000000;COTAS;5218006.597882000000000;
202408;1991;1980000565;CAIXA;16090.210000000000000;
202408;2258;1989000118;COTAS;31129710.524209000000000;50620290000144
202408;2292;9970000000;CAIXA;35128.160000000000000;
202408;2258;1989000118;COTAS;12675994.368682000000000;50641862000171
202408;1911;2006001411;COTAS;2649212.644227000000000;
202408;1852;1985001047;COTAS;186715522.570042000000000;00974902000129
202408;1991;1980000565;COTAS;178148293.081326000000000;
202408;1911;2006001411;COTAS;562213.887727000000000;
202408;2302;1988000483;COTAS;9605121.081364000000000;29092660000121
202408;2231;2010002229;IMOVEIS;66298138.380000000000000;
202408;1852;1985001047;COTAS;125389314.346625000000000;49442251000115
202408;2258;1989000738;CAIXA;1203.550000000000000;
202408;1911;2007001292;COTAS;159335.548126000000000;
202408;2302;1988002011;COTAS;229585.161683000000000;
202408;1852;1985001047;VL_PG_RC;1475871.210000000000000;
202408;2258;1990000118;COTAS;325777.610676000000000;
202408;1911;2013001274;COTAS;291510.829534000000000;25401546000185
202408;1883;2006003356;COTAS;94166132.184616000000000;
202408;2258;1990000118;COTAS;15444434.414645000000000;
202408;1911;2007001292;COTAS;34778.294568000000000;54366569000102
202408;1911;2015000674;COTAS;109778.306517000000000;
202408;2258;1990000118;COTAS;60714648.032214000000000;51059844000149
202408;2231;2010002229;OPERACAO_PARTICIPANTE;40700029.598949650300000;
202408;1991;9970000000;VL_PG_RC;-2583.680000000000000;
202408;2004;1987001729;VL_PG_RC;-3.630000000000000;
202408;1883;2006003356;COTAS;1479580.619393000000000;
202408;2231;2011001218;COTAS;2738027.428832000000000;44703493000100
202408;1883;2006003356;COTAS;1650657.131950000000000;
202408;2258;1992000565;COTAS;3799106.362571000000000;50634601000124
202408;2231;2012001947;CAIXA;295557.900000000000000;
202408;2302;1988002011;COTAS;207410290.565841000000000;29106500000194
202408;1883;9970000000;CAIXA;6806.870000000000000;
202408;2258;1992000719;CAIXA;7774.810000000000000;
202408;2231;2012001947;COTAS;3714642.190918000000000;
202408;2316;1979000719;CAIXA;8501.980000000000000;
202408;1911;1992001618;COTAS;79464.607112000000000;21791224000139
202408;1911;2018001711;COTAS;158394.154642000000000;
202408;2231;2012001947;COTAS;37472.009847000000000;
202408;2316;1979000719;COTAS;601203.638419000000000;
202408;2258;1999003829;COTAS;8984002.462723000000000;50625158000125
202408;1911;1992001618;COTAS;387958.274109000000000;25401546000185
202408;1911;2018001711;COTAS;1468726.630972000000000;
202408;2231;2012001947;COTAS;650314.453805000000000;
202408;1911;1992001618;COTAS;105265.863415000000000;42479278000133
202408;2258;2000004474;COTAS;141099465.843530000000000;50625158000125
202408;1911;2007001292;OPERACAO_PARTICIPANTE;1909694.270201657900000;
202408;1911;2018001711;COTAS;1474199.832162000000000;09315610000159
202408;2018;2016001811;CAIXA;141.920000000000000;
202408;1911;2018001711;OPERACAO_PARTICIPANTE;2649052.498055307500000;
202408;2316;1979000719;COTAS;696393.931759000000000;
202408;2231;2012001947;COTAS;2273280.279849000000000;
202408;2018;2016001811;COTAS;19282363.777847000000000;
202408;1924;1989000274;COTAS;12628877.460420000000000;
202408;1911;1994001992;COTAS;219125.175662000000000;
202408;2258;2000006019;COTAS;21001131.657966000000000;50620290000144
202408;2021;9970000000;COTAS;191778.766434000000000;
202408;2258;1992000719;COTAS;67831334.004734000000000;
202408;1924;1989000347;COTAS;1412964.000003000000000;
202408;2316;1979000719;COTAS;356066.989889000000000;30509257000134
202408;2052;1990000983;COTAS;4167161.034146000000000;
202408;1924;1989000347;COTAS;5289180.000001000000000;
202408;2316;1979000719;COTAS;225514.190000000000000;56479808000158
202408;2231;2012001947;COTAS;1589156.297272000000000;
202408;1911;2008003183;COTAS;513474.269029000000000;
202408;2316;2015001492;CAIXA;12739.650000000000000;
202408;2258;1992000719;COTAS;1263101.074739000000000;
202408;2231;2012001947;COTAS;2196578.531997000000000;
202408;1924;1989000347;COTAS;13813355.000000000000000;41888673000107
202408;1911;2008003183;COTAS;10830466.606428000000000;21791224000139
202408;2316;2015001492;COTAS;31079454.572026000000000;30509257000134
202408;1911;1994001992;COTAS;203384.194859000000000;
202408;1911;2008003183;COTAS;3946692.509814000000000;26304143000180
202408;2052;2006001011;CAIXA;10712.760000000000000;
202408;2258;1992000719;COTAS;308910.090832000000000;
202408;1924;2008003711;CAIXA;68107.660000000000000;
202408;1911;1997003211;OPERACAO_PARTICIPANTE;5847282.786202823900000;
202408;2316;2023001447;COTAS;23868.671372000000000;
202408;2231;2013001665;COTAS;5763.862069000000000;
202408;2258;2001000618;COTAS;6647627.530168000000000;50620290000144
202408;2258;1992000719;VL_PG_RC;-160931.620000000000000;
202408;1911;1997003211;TIT_PUB;34706197.900000000000000;
202408;2258;2002001138;VL_PG_RC;-19848.910000000000000;
202408;1911;2008003183;COTAS;3084.527143000000000;52277799000161
202408;2316;2023001447;COTAS;8303.026146000000000;
202408;1911;1998004147;COTAS;350843.030989000000000;
202408;2258;2003003029;VL_PG_RC;-63039.810000000000000;
202408;1911;2008003183;VL_PG_RC;-23814.410000000000000;
202408;2316;9970000000;COTAS;447897.045110000000000;
202408;2231;2013001665;COTAS;315115.390432000000000;
202408;2258;2006000683;COTAS;17363260.332693000000000;50620435000107
202408;1924;2008003711;COTAS;49329695.000000000000000;41888673000107
202408;1911;2009003365;COTAS;2745925.036974000000000;
202408;2258;1993002847;VL_PG_RC;-64836.680000000000000;
202408;2052;2006001011;COTAS;1384530.115094000000000;
202408;1911;1998004147;COTAS;394309.827117000000000;09315610000159
202408;1911;2013001274;COTAS;33178.905162000000000;
202408;2258;1993003029;CAIXA;0.000000000000000;
202408;1924;9970000000;COTAS;82231.000000000000000;
202408;1911;2013001274;COTAS;171673.464153000000000;36521640000194
202408;2258;1993003029;COTAS;1681956.249279000000000;50620435000107
202408;2052;2006001011;COTAS;599647.519134000000000;
202408;1911;1998004147;COTAS;436925.071732000000000;25401546000185
202408;2258;1993003811;COTAS;5011551.100594000000000;50620435000107
202408;2333;2019000938;COTAS;2491759.231295000000000;
202408;1924;9970000000;COTAS;1902433.999999000000000;15044971000100
202408;2258;1994001747;COTAS;50716892.291549000000000;50620290000144
202408;1911;2013001274;VL_PG_RC;-852.160000000000000;
202408;1969;1981000356;COTAS;254745.790373000000000;
202408;1911;1998004147;COTAS;1011117.305510000000000;42479278000133
202408;1911;2015000674;COTAS;392039.823080000000000;
202408;1969;1981000356;VL_PG_RC;-17142.080000000000000;
202408;1911;1998005518;COTAS;54326900.884837000000000;
202408;1969;9970000000;CAIXA;343420.320000000000000;
202408;2231;2013001665;COTAS;31198886.721017000000000;44900441000115
202408;2258;1994003138;COTAS;106579.516899000000000;50620572000141
202408;2258;1995000183;COTAS;79755470.703578000000000;50620290000144
202408;2258;2006001647;COTAS;734250.195729000000000;
202408;2395;1994001811;COTAS;33284687.145110000000000;
202408;1911;2015000674;COTAS;5940609.544405000000000;42479278000133
202408;2258;1995003174;COTAS;113489357.625434000000000;50620290000144
202408;1911;1998005518;COTAS;14592159.658071000000000;
202408;2395;1994001811;COTAS;14794153.347640000000000;
202408;1969;9970000000;COTAS;41021.250131000000000;13969771000133
202408;2231;2014001383;COTAS;213724.216088000000000;
202408;2052;2006001011;COTAS;1333610.322330000000000;
202408;2395;1994001811;COTAS;28819061.226743000000000;
202408;1911;2018001711;COTAS;5781043.955356000000000;
202408;2258;1995003719;CAIXA;0.000000000000000;
202408;2395;1994001811;COTAS;8833110.765203000000000;
202408;1924;1989000274;COTAS;8035730.426841000000000;
202408;1972;2005001783;COTAS;7902220.004129000000000;
202408;2395;1994001811;COTAS;477462.695357000000000;
202408;1911;1998005518;COTAS;41535934.158872000000000;50069086000187
202408;2258;2006001647;COTAS;269685647.737214000000000;10412071000155
202408;2052;2006001011;COTAS;568581.069001000000000;
202408;2258;2006001647;TIT_PUB;49581130.760000000000000;
202408;1924;1989000347;COTAS;71122915.999999000000000;15060252000183
202408;1972;2005001783;COTAS;9734368.681876000000000;
202408;2395;1994001811;OPERACAO_PARTICIPANTE;9423056.440000000000000;
202408;2258;2006003283;COTAS;27213213.042056000000000;50620290000144
202408;1924;2008003711;COTAS;21766610.000000000000000;
202408;1972;2005001783;COTAS;43713844.738670000000000;04822511000140
202408;2052;2006001011;COTAS;98980.879975000000000;
202408;1924;9970000000;COTAS;22023.999999000000000;
202408;1972;2007000229;COTAS;268163.480281000000000;
202408;1911;1998005518;COTAS;695130.796334000000000;54366569000102
202408;2066;1974000192;COTAS;15717630.319810000000000;
202408;2258;1996000829;COTAS;391359.211389000000000;
202408;2258;2007002418;COTAS;8638450.681323000000000;50620572000141
202408;1911;1999002156;COTAS;1996833.514510000000000;
202408;2422;1982001747;OPERACAO_PARTICIPANTE;3333.699999981700000;
202408;1969;1999004019;COTAS;212429054.625798000000000;46205976000100
202408;1911;1999002156;COTAS;705658.581534000000000;
202408;2066;1974000192;COTAS;233208.805119000000000;
202408;2258;2007002418;COTAS;291280.649467000000000;50641862000171
202408;1911;1999002156;COTAS;2837964.315775000000000;
202408;2066;1974000192;COTAS;233351495.773861000000000;
202408;2422;1994003383;COTAS;1698087.057739000000000;14205056000197
202408;2258;2007003211;COTAS;27518790.841838000000000;50620435000107
202408;2066;1974000192;COTAS;877253.535054000000000;
202408;2422;1994003911;COTAS;35219260.612305000000000;14205056000197
202408;2258;1996000829;COTAS;1295454.047549000000000;
202408;1972;2005001783;COTAS;28016724.194418000000000;
202408;1911;1999002156;COTAS;4768374.439261000000000;26304143000180
202408;1972;2007000229;COTAS;11912236.654793000000000;
202408;2258;2007003465;CAIXA;210473.700000000000000;
202408;1911;1999002156;COTAS;4050287.757612000000000;36521640000194
202408;1991;1996003119;CAIXA;88557.260000000000000;
202408;2258;1996000829;COTAS;79544458.741414000000000;51059844000149
202408;2231;2014001383;COTAS;705315.214579000000000;
202408;2066;1974000192;COTAS;26658259.483587000000000;
202408;2422;2002002819;COTAS;6164206.853027000000000;14205056000197
202408;2083;1973000156;COTAS;78268297.460718000000000;00856171000117
202408;1972;2007000229;CAIXA;33200.430000000000000;
202408;1991;1996003119;COTAS;415189402.633313000000000;
202408;1972;2007000229;COTAS;895259.604930000000000;
202408;2258;1996001329;COTAS;62691343.475298000000000;50620290000144
202408;1911;2000006183;CAIXA;848656.020000000000000;
202408;2258;1996001329;COTAS;313402.388720000000000;50620819000120
202408;1972;9970000000;COTAS;191410.615035000000000;
202408;2231;2014001383;IMOVEIS;5835603.340000000000000;
202408;2422;2002003238;ACOES;5180.500000000000000;
202408;2083;1973000156;COTAS;144290154.760581000000000;03256787000145
202408;2231;2018002074;COTAS;22282.555775000000000;
202408;1911;2000006183;COTAS;99088341.286114000000000;
202408;1991;1996003119;COTAS;143283249.552515000000000;
202408;2422;2002003483;CAIXA;157584.480000000000000;
202408;2258;2007003465;COTAS;1655628.733128000000000;50620435000107
202408;2083;1973000156;COTAS;624670644.792115000000000;05170419000105
202408;2231;2018002074;VL_PG_RC;-18499.510000000000000;
202408;2004;1987001729;CAIXA;778.400000000000000;
202408;2258;1996002147;COTAS;8258691.726168000000000;50620435000107
202408;2018;1980001065;COTAS;6086428.694173000000000;
202408;2422;2002003483;OPERACAO_PARTICIPANTE;13162.510000357600000;
202408;2258;2008000729;CAIXA;50460.830000000000000;
202408;2018;1980001065;COTAS;60173473.727590000000000;05508427000119
202408;2422;2002003556;VL_PG_RC;305207.630000000000000;
202408;2083;1973000156;OPERACAO_PARTICIPANTE;192034577.158677455800000;
202408;2258;1998006956;CAIXA;87.650000000000000;
202408;2083;1973000156;TIT_PRIV;235137437.850000000000000;
202408;1911;2000006183;COTAS;1122322.497390000000000;
202408;2258;2009001656;COTAS;4256773.750836000000000;50620435000107
202408;2231;2019003074;COTAS;3368414.209219000000000;44703483000166
202408;2422;2002004218;ACOES;20071.290000000000000;
202408;2258;2010001656;COTAS;75650951.695395000000000;50620290000144
202408;2258;2012000983;COTAS;2887358.854718000000000;50620435000107
202408;2083;1999005211;COTAS;102528069.701311000000000;28849695000108
202408;2422;2002004374;OPERACAO_PARTICIPANTE;33776.959999533500000;
202408;2018;1980001065;IMOVEIS;29389601.550000000000000;
202408;2018;2016001811;TIT_PUB;8648413.920000000000000;
202408;2083;1999005211;COTAS;126270893.626025000000000;34792991000104
202408;2231;2019003074;COTAS;3073679.659036000000000;44703493000100
202408;1911;2000006183;COTAS;147731768.061132000000000;50069086000187
202408;2083;2000008283;COTAS;103091793.453762000000000;16569908000150
202408;2258;1999000765;VL_PG_RC;-19727.590000000000000;
202408;2083;2011002192;COTAS;7074304.975531000000000;03573959000104
202408;1911;2000006183;COTAS;70798222.722924000000000;54366569000102
202408;2258;2012001092;COTAS;50668832.022928000000000;50625158000125
202408;2422;9970000000;IMOVEIS;6096666.990000000000000;
202408;2258;1999003683;CAIXA;0.000000000000000;
202408;1911;2005004847;COTAS;209547.326912000000000;
202408;2258;2014001529;COTAS;6375436.926448000000000;50620290000144
202408;2258;1999003829;VL_PG_RC;-35641.750000000000000;
202408;2018;9970000000;VL_PG_RC;-1231.060000000000000;
202408;2511;1992001529;COTAS;1222970180.290341000000000;06095367000112
202408;2083;2011002192;VL_PG_RC;3121.660000000000000;
202408;2258;2015000811;CAIXA;988.880000000000000;
202408;2258;2000004156;COTAS;3993048.514993000000000;50620290000144
202408;2525;1974000265;COTAS;5664463.327155000000000;
202408;2258;2016001038;COTAS;14326076.731646000000000;04052631000105
202408;1911;2005004847;COTAS;505430.513941000000000;
202408;1972;9970000000;COTAS;404196.839068000000000;
202408;2525;1974000265;COTAS;34981978.887089000000000;
202408;2258;2016001038;COTAS;6886550.696667000000000;50620435000107
202408;1911;2006001411;COTAS;866839.137997000000000;
202408;1991;1996003119;COTAS;57289185.861078000000000;
202408;2258;2016001119;VL_PG_RC;-693.120000000000000;
202408;1911;2006001411;COTAS;3211728.308402000000000;09315610000159
202408;2525;1979004511;TIT_PUB;265547675.760000000000000;
202408;2021;1991001274;COTAS;31304985.611135000000000;
202408;2231;9970000000;COTAS;20292930.350088000000000;
202408;2525;2009003756;COTAS;293339720.713674000000000;05194813000183
202408;2258;2017001538;COTAS;223212149.084462000000000;50620290000144
202408;2258;1981001565;COTAS;2179971.014342000000000;50634860000155
202408;1911;2006001411;COTAS;7834366.899084000000000;25401546000185
202408;2525;2009003756;COTAS;53902321.177652000000000;54874511000161
202408;2021;2013001118;COTAS;100271.787740000000000;
202408;2258;1989000118;COTAS;36137004.079465000000000;50625158000125
202408;2083;2011002265;COTAS;5843083.998130000000000;03573959000104
202408;2021;9970000000;CAIXA;2681.130000000000000;
202408;2258;2018001256;VL_PG_RC;-77003.590000000000000;
202408;1911;2006001411;COTAS;2808383.733954000000000;42479278000133
202408;2052;1990000983;COTAS;65584.529461000000000;
202408;2258;1989000118;VL_PG_RC;-83269.380000000000000;
202408;2258;2006000683;COTAS;5958092.348877000000000;50625158000125
202408;2052;1990000983;COTAS;3122933.120066000000000;
202408;2258;2019001756;CAIXA;0.000000000000000;
202408;2258;2007002418;COTAS;58421504.915937000000000;50634860000155
202408;1911;2006005847;COTAS;5145447.045843000000000;50069086000187
202408;2052;1990000983;COTAS;524418.398170000000000;
202408;2525;2009003756;OPERACAO_PARTICIPANTE;28270120.601406699500000;
202408;1991;2017000892;VL_PG_RC;-1614.570000000000000;
202408;2525;2020002256;COTAS;173553.048635000000000;45494526000103
202408;2258;1990000118;COTAS;1472328.289338000000000;
202408;2525;2023000556;COTAS;26087.481150000000000;
202408;1911;2006005847;COTAS;48185.428479000000000;54366569000102
202408;2083;2011002265;VL_PG_RC;4940.420000000000000;
202408;2258;2019002256;COTAS;47540477.806395000000000;50634860000155
202408;2258;2007002892;CAIXA;2853.700000000000000;
202408;2052;2006001011;COTAS;3104713.518519000000000;
202408;2004;1987001729;COTAS;653017809.760047000000000;42479235000158
202408;2258;2007003211;CAIXA;0.900000000000000;
202408;2083;2012000274;COTAS;9270840.063737000000000;03573959000104
202408;2018;1980001065;COTAS;1992480.613106000000000;
202408;2258;2007003211;COTAS;22616448.753165000000000;50625158000125
202408;1911;2008003183;COTAS;4331607.972986000000000;25401546000185
202408;2018;1980001065;TIT_PRIV;215149910.220000000000000;
202408;2018;1980001065;VL_PG_RC;431397.540000000000000;
202408;2258;2007003465;COTAS;511443.553840000000000;50625158000125
202408;2525;2023000556;COTAS;2442793.607708000000000;04573108000124
202408;2018;2016001811;COTAS;8560990.303580000000000;
202408;2083;2012000274;VL_PG_RC;-16086.130000000000000;
202408;2258;2007003465;VL_PG_RC;-34191.280000000000000;
202408;2258;1990000118;COTAS;5172002.919782000000000;
202408;2258;2019003211;COTAS;1859049.471981000000000;50620290000144
202408;2021;1979001138;COTAS;484790.354200000000000;
202408;2083;2019002329;CAIXA;4000.000000000000000;
202408;2258;1990000118;COTAS;1873729.374842000000000;
202408;2525;9970000000;COTAS;5664389.629847000000000;54874511000161
202408;1911;2008003183;COTAS;990323.147612000000000;42479278000133
202408;2258;2008001792;COTAS;96368061.501723000000000;50620435000107
202408;2066;1974000192;COTAS;201956519.353881000000000;
202408;2021;1979001138;VL_PG_RC;59728315.440000000000000;
202408;2258;1990000118;COTAS;1952277.030168000000000;
202408;2066;1974000192;COTAS;22738348.402449000000000;
202408;2258;2019003211;COTAS;1881413.693434000000000;50641862000171
202408;2021;1991001274;CAIXA;1123.890000000000000;
202408;2258;1990000118;COTAS;1318102.400610000000000;
202408;2066;1974000192;COTAS;92569371.672390000000000;
202408;2556;1993000119;COTAS;5664463.394545000000000;
202408;1911;2013001274;COTAS;48044.776390000000000;
202408;2258;2009001656;CAIXA;0.000000000000000;
202408;2258;2020001111;COTAS;28720638.374680000000000;50620290000144
202408;2258;1990000118;COTAS;115787.514572000000000;
202408;2066;1974000192;COTAS;37922.990137000000000;
202408;2258;2020001111;COTAS;8288126.886478000000000;50620819000120
202408;2258;1990000118;COTAS;71034250.457504000000000;07892341000168
202408;2258;2009001656;COTAS;850399.569522000000000;50625158000125
202408;2258;2020002892;COTAS;346446.096133000000000;50634860000155
202408;2021;2013001118;CAIXA;22296.310000000000000;
202408;2258;2009001656;VL_PG_RC;-88955.460000000000000;
202408;1911;2013001274;COTAS;166967.030190000000000;
202408;2083;2019002329;COTAS;12345275.235180000000000;16569908000150
202408;2258;1990000118;VL_PG_RC;649692.760000000000000;
202408;2258;2023001129;COTAS;2130201.787490000000000;50620435000107
202408;2083;2020000229;COTAS;115332923.973342000000000;05170419000105
202408;2066;1974000192;VL_PG_RC;-167487.840000000000000;
202408;2021;2013001118;IMOVEIS;15999.360000000000000;
202408;2021;2013001118;TIT_PUB;3525188.360000000000000;
202408;2556;1993000119;TIT_PUB;1074981693.520000000000000;
202408;2083;2020000229;COTAS;15587210.794442000000000;09296055000165
202408;2066;9970000000;VL_PG_RC;0.000000000000000;
202408;2021;9970000000;COTAS;6460280.197886000000000;
202408;2292;1990002129;COTAS;49975.578018000000000;
202408;2083;2020000229;COTAS;3507696.600053000000000;28849695000108
202408;2258;1992000565;CAIXA;1001.790000000000000;
202408;2258;2010001338;COTAS;26333308.529861000000000;50620290000144
202408;2556;1998007618;COTAS;1225904.538878000000000;
202408;2083;2020000229;COTAS;36948910.275372000000000;32760026000124
202408;2258;1992000565;COTAS;2257915.843806000000000;50620435000107
202408;2052;1990000983;COTAS;13343474.426194000000000;
202408;2556;1998007618;COTAS;352585.980615000000000;
202408;2258;2012000983;COTAS;15340800.144346000000000;50625158000125
202408;2258;1992000565;COTAS;8048559.405566000000000;50625158000125
202408;2052;1990000983;COTAS;5473607.301305000000000;
202408;2556;1998007618;COTAS;18067.799549000000000;
202408;1911;2015000674;COTAS;1569075.185719000000000;
202408;2052;1990000983;COTAS;10944525.494734000000000;
202408;2083;2020000229;OPERACAO_PARTICIPANTE;9253158.940467254000000;
202408;2292;1990002129;VL_PG_RC;3137.010000000000000;
202408;2052;1990000983;COTAS;2073858.475636000000000;
202408;2258;2012001092;COTAS;39764429.404330000000000;50620435000107
202408;2052;1990000983;COTAS;1612532.705305000000000;
202408;2258;2012001165;VL_PG_RC;-42288.290000000000000;
202408;1911;2015000674;COTAS;524657.291968000000000;
202408;2083;1995002356;COTAS;12189739.835546000000000;05170419000105
202408;1911;2018001711;COTAS;4584441.795193000000000;50069086000187
202408;2052;2006001011;COTAS;623025.690008000000000;
202408;2556;1998007618;COTAS;345802.291708000000000;
202408;2292;1998002756;COTAS;2066246.198612000000000;
202408;2556;1998007618;COTAS;3951110.000000000000000;
202408;2258;2012001319;CAIXA;0.000000000000000;
202408;1911;2018001711;COTAS;3120200.539152000000000;54366569000102
202408;2052;2006001011;COTAS;90473.287910000000000;
202408;2556;1998007618;COTAS;12405055.680757000000000;
202408;2258;2012001319;VL_PG_RC;-904.220000000000000;
202408;2258;1993000992;COTAS;31776098.318762000000000;50625158000125
202408;1911;9970000000;CAIXA;2049.690000000000000;
202408;2258;2014000719;COTAS;16485097.735694000000000;50620819000120
202408;2066;1974000192;COTAS;417989.817130000000000;
202408;2258;1993003811;COTAS;103015743.196489000000000;50620290000144
202408;2083;1995002356;VL_PG_RC;0.000000000000000;
202408;2083;2020000229;TIT_PUB;118360808.940000000000000;
202408;2083;2000008283;TIT_PRIV;200958.850000000000000;
202408;2556;1998007618;COTAS;16983292.760250000000000;
202408;2083;9970000000;COTAS;57528218.455147000000000;00856171000117
202408;2066;1974000192;COTAS;1435611.424679000000000;
202408;2258;2014001618;CAIXA;0.000000000000000;
202408;2258;1994001429;COTAS;20345141.551230000000000;50634601000124
202408;2138;1981001311;VL_PG_RC;-66062.710000000000000;
202408;2083;2012000274;COTAS;9707374.363024000000000;32760026000124
202408;2292;1998002756;COTAS;340716.176007000000000;
202408;2556;1998007618;COTAS;18960296.819693000000000;
202408;2169;1972000111;VL_PG_RC;201329.740000000000000;
202408;1911;9970000000;COTAS;5316359.462755000000000;50069086000187
202408;2556;1998007618;COTAS;16092814.714374000000000;
202408;2258;1994001747;CAIXA;308092.890000000000000;
202408;1924;1989000274;COTAS;22794837.277692000000000;
202408;2083;2019002329;COTAS;4461131.915964000000000;35600762000103
202408;2556;2018001574;COTAS;69813.666965000000000;
202408;2169;1999000374;COTAS;47830405.144640000000000;
202408;2083;2020001438;TIT_PRIV;25035497.920000000000000;
202408;2292;1998002756;COTAS;185843817.301865000000000;
202408;2258;2014001618;VL_PG_RC;-4480.340000000000000;
202408;1924;1989000274;COTAS;507354105.167840000000000;15102065000115
202408;2066;9970000000;CAIXA;58643.820000000000000;
202408;2258;2015000518;COTAS;9184723.974426000000000;50620290000144
202408;2258;1994001747;COTAS;1374784.323886000000000;50620435000107
202408;2292;1998002756;COTAS;432981.690260000000000;
202408;2258;2016000929;VL_PG_RC;-16774.610000000000000;
202408;2169;1999000374;COTAS;59036697.660963000000000;
202408;2071;9970000000;VL_PG_RC;-3114.660000000000000;
202408;2258;2016001038;VL_PG_RC;-16711.820000000000000;
202408;2169;9970000000;VL_PG_RC;542.250000000000000;
202408;2258;1995000183;VL_PG_RC;-86959.280000000000000;
202408;2292;1998002756;COTAS;539902824.883744000000000;14549707000166
202408;2083;9970000000;VL_PG_RC;0.000000000000000;
202408;2258;1995003174;COTAS;5874846.614148000000000;50620435000107
202408;2083;1999005211;COTAS;3541230550.539320000000000;05170419000105
202408;2107;9970000000;VL_PG_RC;0.000000000000000;
202408;2258;2016001119;COTAS;662118.623954000000000;04052631000105
202408;2561;1999000447;COTAS;72455.821756000000000;
202408;2083;1999005211;COTAS;317930878.142324000000000;35600762000103
202408;2138;1981001311;COTAS;11763994.917595000000000;
202408;2083;1999005211;TIT_PRIV;47949116.530000000000000;
202408;2292;1998002829;COTAS;1619102.000000000000000;
202408;2258;1995003719;COTAS;7600815.982486000000000;50620819000120
202408;2258;2017001619;CAIXA;0.000000000000000;
202408;2561;1999000447;COTAS;128458919.925102000000000;
202408;2258;2017001619;VL_PG_RC;-3364.130000000000000;
202408;2292;1998002829;TIT_PUB;1235836760.940000000000000;
202408;2083;2012000274;COTAS;1228509.383316000000000;35600762000103
202408;2258;2019000318;VL_PG_RC;-16052.170000000000000;
202408;2258;1996000829;COTAS;282830026.359427000000000;52985327000163
202408;2155;1985000938;OPERACAO_PARTICIPANTE;8747181.020000000000000;
202408;2292;2016000392;COTAS;288267.630348000000000;
202408;2083;2020000229;COTAS;40812917.043996000000000;11308040000111
202408;2258;1996002147;COTAS;18876891.873740000000000;51059844000149
202408;2172;2005005592;CAIXA;11291.070000000000000;
202408;2292;2016000392;VL_PG_RC;98328.210000000000000;
202408;2258;1998002365;COTAS;108793926.069436000000000;50620435000107
202408;2172;2020000865;CAIXA;15614.650000000000000;
202408;2561;1999000447;COTAS;28759508.607077000000000;40226038000100
202408;1924;1989000347;CAIXA;16142.960000000000000;
202408;2258;1998005356;COTAS;254793959.173266000000000;50625158000125
202408;2169;1972000111;COTAS;49740145.907646000000000;
202408;2083;2020000229;TIT_PRIV;379447.660000000000000;
202408;2292;2018002538;CAIXA;63884.710000000000000;
202408;2258;2019001292;COTAS;68857.335582000000000;50625158000125
202408;2083;2020001438;CAIXA;0.000000000000000;
202408;2292;2018002538;COTAS;822279.654452000000000;
202408;2258;2019001292;VL_PG_RC;-4605.490000000000000;
202408;1924;1989000347;COTAS;91203711.000000000000000;15044971000100
202408;2083;9970000000;CAIXA;13706.670000000000000;
202408;2172;9970000000;COTAS;5307536.219973000000000;
202408;2561;1999000447;COTAS;23475903.021451000000000;41545586000157
202408;1924;1989000347;COTAS;32983972.000000000000000;15060248000115
202408;2083;9970000000;COTAS;58311483.296525000000000;03519674000195
202408;2561;2014000174;COTAS;83649185.482015000000000;
202408;2258;2019001365;OPERACAO_PARTICIPANTE;1057041.100584000000000;
202408;2561;2014000174;COTAS;629514573.432866000000000;
202408;2231;1982002638;COTAS;2202346.951905000000000;
202408;2258;2019002256;COTAS;91953750.040281000000000;50620572000141
202408;2107;9970000000;CAIXA;597968.240000000000000;
202408;1924;9970000000;COTAS;79682.999999000000000;
202408;2155;1985000938;VL_PG_RC;-12292.580000000000000;
202408;2169;1972000111;COTAS;46378020.490470000000000;
202408;2231;1982002719;COTAS;129051.013297000000000;
202408;2258;2020001111;COTAS;38785423.316498000000000;51059844000149
202408;2292;2018002538;COTAS;20536.385268000000000;
202408;2231;1982002719;COTAS;14910465.459337000000000;
202408;2258;1998005356;VL_PG_RC;-221125.250000000000000;
202408;2561;2014000174;COTAS;27046283.018370000000000;40226038000100
202408;2231;1982002719;OPERACAO_PARTICIPANTE;390488.490000000000000;
202408;2258;2020001292;COTAS;17556829.282520000000000;50620290000144
202408;2258;1999002229;VL_PG_RC;-134914.990000000000000;
202408;1924;9970000000;VL_PG_RC;-1283.070000000000000;
202408;2302;1988000319;COTAS;24983783.570102000000000;03100395000192
202408;2155;9970000000;VL_PG_RC;-2346.010000000000000;
202408;2258;2020001292;COTAS;11039185.672070000000000;50641862000171
202408;2258;1999003683;COTAS;10269972.499917000000000;50620819000120
202408;1969;1981000356;OPERACAO_PARTICIPANTE;6914599.800000000000000;
202408;1969;1999004019;COTAS;11545072.658308000000000;
202408;2561;2014001219;COTAS;59984486.506110000000000;
202408;2258;2020002892;COTAS;23080.404909000000000;50620572000141
202408;2258;1999003829;COTAS;8326151.704836000000000;50620819000120
202408;1969;1999004019;COTAS;146788566.218800000000000;13969771000133
202408;2258;2000004474;COTAS;152922487.538389000000000;50620290000144
202408;2302;1988000483;COTAS;22178069.923991000000000;
202408;2169;1972000111;COTAS;59788473.936214000000000;
202408;1969;9970000000;COTAS;56506.117734000000000;21596653000155
202408;2561;2014001219;COTAS;443540729.730684000000000;
202408;2258;2021000974;COTAS;31808649.203987000000000;50634860000155
202408;2169;1999000374;COTAS;2990.000000000000000;
202408;2258;2023000092;VL_PG_RC;-5597.960000000000000;
202408;2231;1992000956;COTAS;18374.993969000000000;
202408;2561;2014001219;COTAS;38127804.869594000000000;40226038000100
202408;2302;1988000483;COTAS;21080529.743040000000000;
202408;2169;1972000111;COTAS;38148704.619443000000000;
202408;2659;2000002447;CAIXA;41972.230000000000000;
202408;2302;1988000483;COTAS;674036815.410142000000000;20887247000189
202408;2231;1992000956;COTAS;117239.593813000000000;
202408;2659;9970000000;COTAS;11734208.109386000000000;
202408;2302;1988000483;COTAS;60907416.236866000000000;41799343000145
202408;2231;1994001518;COTAS;18930512.144043000000000;
202408;2693;1993000811;COTAS;48826348.992481000000000;
202408;2302;9970000000;COTAS;1149967.057293000000000;
202408;1969;9970000000;VL_PG_RC;-3.900000000000000;
202408;2231;1994001518;OPERACAO_PARTICIPANTE;0.000000000000000;
202408;2169;1999000374;COTAS;258406435.720390000000000;02143194000100
202408;2316;2015001311;CAIXA;18997.990000000000000;
202408;2258;2000006019;VL_PG_RC;-12064.690000000000000;
202408;2169;1999000374;OPERACAO_PARTICIPANTE;3368967.040620000000000;
202408;2316;2015001492;COTAS;387897352.045130000000000;27292841000176
202408;2231;1994001518;TIT_PUB;18220258.960000000000000;
202408;1972;2005001783;COTAS;6734805.192652000000000;
202408;2258;2023001129;COTAS;1354606.131282000000000;50625158000125
202408;2231;1998000583;VL_PG_RC;0.020000000000000;
202408;2316;2015001492;TIT_PUB;474369237.540000000000000;
202408;2172;1988003229;COTAS;487648356.781967000000000;97519502000165
202408;2258;2023001129;VL_PG_RC;-9731.120000000000000;
202408;2258;2006000683;COTAS;15477459.933473000000000;50634860000155
202408;2172;1988003229;VL_PG_RC;-4343.330000000000000;
202408;2172;1988003229;OPERACAO_PARTICIPANTE;231079.330000000000000;
202408;2258;2006001647;COTAS;202373371.124695000000000;07892341000168
202408;2231;2010002229;COTAS;1824525.671064000000000;
202408;2316;2023001447;COTAS;61136.233146000000000;
202408;2213;1991002483;TIT_PUB;61425727.560000000000000;
202408;1972;2005001783;COTAS;124049590.067932000000000;
202408;2693;1993000811;COTAS;67242500.120154000000000;40921948000102
202408;2231;1982002719;COTAS;307572.568279000000000;
202408;1972;2005001783;COTAS;30201665.447721000000000;
202408;2693;1993000811;COTAS;38186992.893274000000000;41215415000160
202408;2333;1992001065;COTAS;614150784.730406000000000;04682817000148
202408;2693;1993000811;TIT_PRIV;97796698.930000000000000;
202408;2258;9970000000;COTAS;21630043.030759000000000;
202408;2333;2019000938;COTAS;34540845.667780000000000;
202408;2231;1982002883;COTAS;99534569.878625000000000;
202408;1972;2005001783;COTAS;38207743.903946000000000;15166133000100
202408;2231;1982002883;TIT_PUB;130226778.620000000000000;
202408;2172;9970000000;CAIXA;16875.890000000000000;
202408;2292;1990002129;COTAS;141117.681894000000000;
202408;2395;1994001811;COTAS;37639137.683784000000000;
202408;2693;2021001938;COTAS;137952.928677000000000;
202408;2231;2010002229;COTAS;11934292.463084000000000;
202408;2395;1994001811;COTAS;17390174.459377000000000;
202408;2213;1991002483;COTAS;75129216.799418000000000;
202408;2292;1990002129;COTAS;10952.737766000000000;
202408;2231;1979003483;COTAS;58298176.842018000000000;
202408;2395;1994001811;COTAS;82885785.966544000000000;
202408;2693;2021001938;COTAS;1858443.531974000000000;40921948000102
202408;2292;1998002756;COTAS;1436046.787720000000000;
202408;2395;9970000000;COTAS;7770797.217640000000000;
202408;2231;1987000511;COTAS;2610674.003703000000000;
202408;2292;1998002756;COTAS;871369.842705000000000;
202408;1972;2007000229;COTAS;17395322.361207000000000;
202408;2231;2010002474;COTAS;12391380.561036000000000;
202408;2231;1982002638;TIT_PUB;1377460.960000000000000;
202408;2292;1998002756;COTAS;3182478.597792000000000;
202408;2258;2006001647;COTAS;23574934.979916000000000;50620435000107
202408;1972;9970000000;CAIXA;46218.200000000000000;
202408;2693;2021001938;COTAS;519983.415320000000000;41215415000160
202408;2292;1998002756;OPERACAO_PARTICIPANTE;38504857.135266000000000;
202408;2258;2006001647;COTAS;64739618.767083000000000;50634860000155
202408;2231;1987000511;OPERACAO_PARTICIPANTE;0.000000000000000;
202408;2231;1982002883;COTAS;451487.472992000000000;
202408;2292;1998002829;COTAS;1441211.219784000000000;
202408;2258;2006006111;CAIXA;1074138.090000000000000;
202408;1972;9970000000;COTAS;2128138.569326000000000;
202408;2231;2010002474;COTAS;3990253.088778000000000;
202408;2292;1998002829;OPERACAO_PARTICIPANTE;4878502.408830000000000;
202408;2422;1982001356;IMOVEIS;13382.490000000000000;
202408;2231;1992000956;CAIXA;10475.720000000000000;
202408;2422;1982001747;ACOES;7992.190000000000000;
202408;2258;2006006111;COTAS;235159866.679524000000000;50620572000141
202408;1972;9970000000;COTAS;427911.042419000000000;
202408;2422;1982001747;IMOVEIS;1703706.080000000000000;
202408;2258;2007000547;VL_PG_RC;-1001.510000000000000;
202408;2231;1998000583;COTAS;1451825.407640000000000;
202408;2796;1993002529;CAIXA;46296.620000000000000;
202408;2258;2009001656;COTAS;83229833.462998000000000;50620290000144
202408;2292;2016000392;CAIXA;198331.320000000000000;
202408;1972;9970000000;COTAS;1443680.152609000000000;11090936000177
202408;2796;1993002529;COTAS;108994282.526913000000000;14298810000180
202408;2231;2010002474;COTAS;5178138.003760000000000;
202408;2292;2016000392;COTAS;44202.450728000000000;
202408;2231;2010002229;COTAS;7434663.670923000000000;
202408;2231;2011001218;COTAS;317981.054279000000000;
202408;2258;2010001656;CAIXA;0.000000000000000;
202408;2231;1992000311;VL_PG_RC;0.000000000000000;
202408;1972;9970000000;COTAS;3161792.943536000000000;36945569000177
202408;2422;1994003383;CAIXA;28859.050000000000000;
202408;2796;9970000000;VL_PG_RC;2071.170000000000000;
202408;1991;1980000565;COTAS;353307192.285007000000000;
202408;2231;2011001218;COTAS;34547587.397277000000000;44900441000115
202408;2422;1994003847;VL_PG_RC;11880.250000000000000;
202408;2811;1993002774;COTAS;1173476.124918000000000;
202408;2231;1992000956;COTAS;22013.958646000000000;
202408;2231;2008003019;COTAS;4310.581399000000000;
202408;2231;2008003019;COTAS;61637.066653000000000;
202408;2422;2002002665;VL_PG_RC;51054.320000000000000;
202408;2231;2008003019;COTAS;5150252.301117000000000;
202408;2258;2010005783;COTAS;3116017.365406000000000;04052631000105
202408;2292;2016000392;COTAS;42264.008685000000000;
202408;2231;2008003019;COTAS;1853664.755412000000000;44703472000186
202408;2231;2008003019;OPERACAO_PARTICIPANTE;167389.440000000000000;
202408;2422;2002002738;COTAS;9408428.615020000000000;14205056000197
202408;2231;2010002229;COTAS;2351151.260811000000000;
202408;2258;2010005783;COTAS;13646884.973462000000000;50625158000125
202408;2231;2013001665;COTAS;210043.126734000000000;
202408;2292;2016000392;COTAS;2738.180529000000000;
202408;2231;2010002229;COTAS;90728365.100606000000000;44703493000100
202408;2422;2002003238;CAIXA;85087.640000000000000;
202408;2231;2010002474;COTAS;55053757.557441000000000;44900441000115
202408;2292;2016000392;COTAS;458404.953838000000000;
202408;2422;2002003556;COTAS;5311368.564046000000000;14205056000197
202408;2811;1993002774;COTAS;86730.561600000000000;
202408;2231;2010002229;COTAS;7760114.576718000000000;
202408;2231;2010002229;COTAS;150586658.402793000000000;44703472000186
202408;2422;2002003556;IMOVEIS;829390.340000000000000;
202408;2231;2010002229;COTAS;99180319.056840000000000;44703483000166
202408;2231;2010002474;VL_PG_RC;-451836.580000000000000;
202408;1991;2017000892;COTAS;5174956.120266000000000;
202408;2231;2014001383;TIT_PUB;72298292.320000000000000;
202408;2292;2018002538;COTAS;1939271.633861000000000;
202408;2258;2010005783;VL_PG_RC;-22436.690000000000000;
202408;1991;2017000892;COTAS;1504987.084931000000000;
202408;2292;2018002538;COTAS;10257161.978107000000000;
202408;2258;2012001165;COTAS;11235912.834738000000000;50620290000144
202408;2258;2012001319;COTAS;8186060.354479000000000;50620290000144
202408;2004;9970000000;CAIXA;523.150000000000000;
202408;2231;2018002074;COTAS;635804.623840000000000;44703493000100
202408;2422;2002003718;CAIXA;181339.490000000000000;
202408;2018;1980001065;COTAS;10044332.030947000000000;
202408;2231;2019003074;OPERACAO_PARTICIPANTE;6714171.970106160900000;
202408;2231;2011001218;COTAS;8214.501136000000000;
202408;2292;2018002538;COTAS;18043179.828284000000000;
202408;2258;2012001319;OPERACAO_PARTICIPANTE;93461.544313000000000;
202408;2811;1993002774;COTAS;24211028.033403000000000;
202408;2231;2010002474;CAIXA;899728.270000000000000;
202408;2258;1990000118;COTAS;3836472.896868000000000;
202408;2292;2018002538;COTAS;11349007.170894000000000;04764252000148
202408;2811;1993002774;COTAS;13208646.417202000000000;
202408;2231;2010002474;COTAS;1705983.430159000000000;
202408;2302;1988000319;COTAS;8525.513639000000000;
202408;2811;1993002774;COTAS;7186137.629740000000000;
202408;2231;2011001218;COTAS;142542.834463000000000;
202408;2302;1988000483;COTAS;57115007.549255000000000;23931715000163
202408;2258;1990000118;COTAS;2607442.617457000000000;
202408;2422;2002004218;VL_PG_RC;1896984.440000000000000;
202408;2018;1980001065;COTAS;24561838.813640000000000;
202408;2258;1990000118;COTAS;246015.425555000000000;
202408;2231;2011001218;COTAS;290358.698664000000000;
202408;2231;2011001218;COTAS;274125.274108000000000;
202408;2258;2014000719;COTAS;23457364.848588000000000;50620435000107
202408;2258;1990000118;COTAS;4445372.000799000000000;22282955000111
202408;2422;2002004447;ACOES;170761.830000000000000;
202408;2811;1993002774;VL_PG_RC;453143.870000000000000;
202408;2018;1980001065;COTAS;6028323.294580000000000;
202408;2422;2002004447;IMOVEIS;16673501.390000000000000;
202408;2823;1994000392;COTAS;272256.881274000000000;
202408;2018;2016001811;OPERACAO_PARTICIPANTE;293119.720000000000000;
202408;2018;9970000000;CAIXA;0.000000000000000;
202408;2484;2004001992;COTAS;209244751.682894000000000;14985743000172
202408;2823;1994000392;COTAS;3885406.822560000000000;
202408;2231;2011001218;COTAS;373575.334173000000000;
202408;2231;2012001947;COTAS;125982931.810845000000000;
202408;2302;1988000483;COTAS;8698998.385291000000000;29106500000194
202408;2823;1994000465;COTAS;49160275.731263000000000;
202408;2231;2012001947;COTAS;321093099.477092000000000;44900441000115
202408;2302;1988002011;COTAS;235776980.798202000000000;29092660000121
202408;2021;1979001138;COTAS;11798136.311651000000000;
202408;2231;2011001218;COTAS;13349634.406726000000000;
202408;2258;1992000492;COTAS;58692529.954712000000000;50620290000144
202408;2823;1994000465;COTAS;81976620.617560000000000;
202408;2231;2012001947;VL_PG_RC;-249835.490000000000000;
202408;2258;1992000719;COTAS;265282630.240690000000000;
202408;2302;9970000000;VL_PG_RC;0.000000000000000;
202408;2823;1994000465;COTAS;12028763.120900000000000;
202408;2316;1979000719;IMOVEIS;495586.170000000000000;
202408;2484;2004001992;COTAS;230020202.389243000000000;18138920000136
202408;2823;1994000465;COTAS;20932003.766651000000000;
202408;2231;2013001665;COTAS;221856.646447000000000;
202408;2484;2004001992;COTAS;69667970.880488000000000;49361982000136
202408;2231;2011001218;COTAS;4538014.719827000000000;44703472000186
202408;2823;1994000465;VL_PG_RC;6488533.090000000000000;
202408;2316;2015001311;COTAS;6103160.872097000000000;
202408;2021;1991001274;COTAS;864620.236893000000000;
202408;2484;2004001992;COTAS;30927523.134949000000000;49498790000176
202408;2258;1992000719;COTAS;26683122.114508000000000;22282955000111
202408;2052;1990000983;CAIXA;12991.170000000000000;
202408;2823;1994000538;COTAS;127631345.765977000000000;
202408;2484;9970000000;COTAS;4451573.371943000000000;18138920000136
202408;2258;1992000719;TIT_PUB;386470919.840000000000000;
202408;2052;1990000983;COTAS;1375892.446568000000000;
202408;2231;2013001665;COTAS;4298367.139233000000000;44703472000186
202408;2258;1993002847;CAIXA;233861.070000000000000;
202408;2052;1990000983;COTAS;1840609.631694000000000;
202408;2316;2015001311;COTAS;3350059.896386000000000;
202408;2258;2014001529;CAIXA;0.000000000000000;
202408;2823;1994000538;COTAS;62161689.776577000000000;
202408;2231;2011001218;COTAS;2920126.881561000000000;44703483000166
202408;2823;1994000538;COTAS;12519875.892891000000000;
202408;2231;2014001383;COTAS;445522.070998000000000;
202408;2511;1992001529;CAIXA;515315.510000000000000;
202408;2823;1994000538;COTAS;15279441.208183000000000;
202408;2052;1990000983;COTAS;3182262.461996000000000;
202408;2052;1990000983;COTAS;3363205.556651000000000;
202408;2316;2015001492;COTAS;47949577.809606000000000;27292836000163
202408;2052;1990000983;COTAS;72721.017687000000000;
202408;2841;2005004529;CAIXA;189211.340000000000000;
202408;2231;2014001383;COTAS;535655.257122000000000;
202408;2231;2012001947;COTAS;682553.780713000000000;
202408;2258;1993002847;COTAS;95203008.109910000000000;50620290000144
202408;2052;1990000983;COTAS;76597.412763000000000;
202408;2511;9970000000;VL_PG_RC;-2603.260000000000000;
202408;2316;2015001492;OPERACAO_PARTICIPANTE;7761310.190017015400000;
202408;2841;2005004529;COTAS;516540.752950000000000;
202408;2052;1990000983;VL_PG_RC;551442.300000000000000;
202408;2231;2018002074;COTAS;403239.847256000000000;44703483000166
202408;2231;2012001947;COTAS;3162341.215517000000000;
202408;2052;2006001011;COTAS;1672196.351777000000000;
202408;2258;2014001529;COTAS;5408610.456491000000000;50625158000125
202408;2258;1993002847;COTAS;5148377.711704000000000;50620572000141
202408;2258;1993003029;VL_PG_RC;-42622.830000000000000;
202408;2231;2012001947;COTAS;25743890.867808000000000;44703493000100
202408;2052;2006001011;COTAS;1974053.137618000000000;
202408;2258;2014001529;VL_PG_RC;-14601.580000000000000;
202408;2525;1974000265;COTAS;4490377.376152000000000;
202408;2316;9970000000;COTAS;3802198.676031000000000;
202408;2841;2005004529;COTAS;6707873.694959000000000;
202408;2395;1994001811;COTAS;56936921.938381000000000;
202408;2052;2006001011;COTAS;3422652.755533000000000;
202408;2231;2019003074;COTAS;577562.941903000000000;
202408;2525;1974000265;COTAS;2533539.038065000000000;
202408;2258;1994001356;COTAS;91361373.338811000000000;50620290000144
202408;2231;2012001947;IMOVEIS;18444082.090000000000000;
202408;2258;2015000518;VL_PG_RC;-53028.780000000000000;
202408;2395;1994001811;COTAS;215362.557754000000000;
202408;2231;2013001665;VL_PG_RC;-27090.960000000000000;
202408;2258;2015000811;COTAS;81024858.156322000000000;50620572000141
202408;2231;2019003074;COTAS;101003.067584000000000;
202408;2395;1994001811;COTAS;25803369.727824000000000;
202408;2258;1994001429;COTAS;87764339.504141000000000;50620290000144
202408;2841;2005004529;COTAS;1284658.248954000000000;
202408;2231;2019003074;VL_PG_RC;-44762.250000000000000;
202408;2258;1981001565;COTAS;3553159.772799000000000;
202408;2395;1994001811;COTAS;45938932.098677000000000;
202408;2258;1994003138;COTAS;61142039.498050000000000;50620290000144
202408;2052;2006001011;COTAS;76395.346876000000000;
202408;2258;1994003138;COTAS;12096910.525599000000000;50620819000120
202408;2231;2014001383;CAIXA;93112.270000000000000;
202408;2258;1995000183;COTAS;1944177.921779000000000;50620572000141
202408;2258;2016001119;COTAS;1026253.288404000000000;50620290000144
202408;2052;2006001011;VL_PG_RC;-13610.270000000000000;
202408;2841;2005004529;COTAS;649075.295005000000000;51983827000101
202408;2066;1974000192;COTAS;10184455.851896000000000;
202408;2841;2005004611;COTAS;-2673.645458000000000;
202408;2258;2019001365;COTAS;34620713.571513000000000;50620435000107
202408;2066;1974000192;COTAS;446275.331335000000000;
202408;2395;1994001811;COTAS;2365943.501181000000000;
202408;2525;1974000265;COTAS;31117780.391469000000000;05194813000183
202408;2231;2014001383;COTAS;180546.280943000000000;
202408;2258;1995003719;VL_PG_RC;-56005.920000000000000;
202408;2525;1974000265;IMOVEIS;3592457.270000000000000;
202408;2231;2018002074;CAIXA;9400.920000000000000;
202408;2841;2005004611;COTAS;59412987.953355000000000;
202408;2258;1996002147;COTAS;36604.299889000000000;
202408;2066;1974000192;COTAS;2951541.190083000000000;
202408;2525;1979004511;COTAS;7171218.201039000000000;45521758000103
202408;2841;2005004611;COTAS;364884764.024208000000000;51911677000112
202408;2258;1981001565;VL_PG_RC;-24778.270000000000000;
202408;2083;1973000156;COTAS;273110341.464343000000000;41881531000118
202408;2525;2009003756;COTAS;5664463.327155000000000;
202408;2231;2019003074;COTAS;11729143.049830000000000;
202408;2258;1996002465;VL_PG_RC;-148949.020000000000000;
202408;2525;2020002256;COTAS;157289.900424000000000;54874511000161
202408;2258;2019001756;COTAS;4707540.975145000000000;50634860000155
202408;2395;1994001811;COTAS;8432266.055076000000000;
202408;2083;1973000156;TIT_PUB;8314000195.450000000000000;
202408;2525;2023000556;CAIXA;2817.680000000000000;
202408;2231;9970000000;VL_PG_RC;0.000000000000000;
202408;2258;1989000118;CAIXA;150555.020000000000000;
202408;2556;1993000119;COTAS;22559.798270000000000;
202408;2395;1994001811;COTAS;34409195.417915000000000;
202408;2258;1997004356;CAIXA;0.000000000000000;
202408;2083;1995002356;CAIXA;0.000000000000000;
202408;2395;1994001811;COTAS;10311066.935739000000000;
202408;2854;1995002518;VL_PG_RC;-2528.640000000000000;
202408;2083;1999005211;COTAS;0.000000000000000;
202408;2422;1982001356;COTAS;454222.847577000000000;14205056000197
202408;2258;1998002365;CAIXA;0.000000000000000;
202408;2258;1990000118;CAIXA;7407.550000000000000;
202408;2258;1981001565;TIT_PUB;30699756.480000000000000;
202408;2258;2000004156;CAIXA;0.000000000000000;
202408;2258;1990000118;COTAS;5779424.702551000000000;
202408;2556;1993000119;COTAS;124745639.410948000000000;27880083000107
202408;2258;1989000118;COTAS;84608298.319504000000000;50634860000155
202408;2083;1999005211;COTAS;1140786153.879819000000000;11308040000111
202408;2258;1989000738;TIT_PUB;100938490.790000000000000;
202408;2854;2011000319;COTAS;74801784.160813000000000;
202408;2258;1990000118;COTAS;4955295.255217000000000;
202408;2556;1993000119;VL_PG_RC;67690920.920000000000000;
202408;2258;2019003147;CAIXA;0.110000000000000;
202408;2083;2012000274;CAIXA;0.000000000000000;
202408;2422;1994003847;CAIXA;4908.150000000000000;
202408;2854;9970000000;COTAS;2350063.360008000000000;
202408;2258;2001000618;CAIXA;5000.000000000000000;
202408;2422;1994003911;ACOES;17286.590000000000000;
202408;2083;2012000274;COTAS;14248872.591213000000000;11308040000111
202408;2258;2002001138;COTAS;1855070.637889000000000;50625158000125
202408;2422;1994003911;IMOVEIS;1687993.020000000000000;
202408;2083;2019002329;COTAS;15748264.546526000000000;03573959000104
202408;2258;2003002911;CAIXA;0.000000000000000;
202408;2258;1990000118;COTAS;4814519.578386000000000;
202408;2422;2002004374;CAIXA;11041.760000000000000;
202408;2258;2019003147;COTAS;9708.160663000000000;50625158000125
202408;2422;2002004374;VL_PG_RC;6193.260000000000000;
202408;2258;1990000118;COTAS;3195906.890229000000000;
202408;2556;1998007618;COTAS;309924.451770000000000;
202408;2083;2019002329;COTAS;18787111.391498000000000;32760026000124
202408;2909;1993003411;TIT_PUB;7569093.160000000000000;
202408;2258;1990000118;COTAS;1926981.094458000000000;
202408;2258;2019003211;COTAS;47850.410522000000000;50620435000107
202408;2511;9970000000;COTAS;10961819.107906000000000;06095361000145
202408;2258;1990000118;COTAS;133521.125679000000000;
202408;2556;1998007618;COTAS;1436046.792028000000000;
202408;2258;1990000118;COTAS;4235298.992003000000000;
202408;2258;2003003029;COTAS;87588861.037710000000000;50625158000125
202408;2909;2010004711;CAIXA;148605.430000000000000;
202408;2258;2019003392;COTAS;225235.001315000000000;50641862000171
202408;2083;2019002329;VL_PG_RC;-55519.080000000000000;
202408;2912;1993003738;COTAS;937351.823452000000000;27619757000114
202408;2258;2020001111;COTAS;14128804.291094000000000;50634860000155
202408;2083;2020000229;CAIXA;220.000000000000000;
202408;2931;1994000211;COTAS;10095221.781947000000000;
202408;2258;2020001292;CAIXA;0.000000000000000;
202408;2258;1990000118;COTAS;36919726.311698000000000;04052631000105
202408;2931;1994000211;COTAS;42211296.662085000000000;
202408;2525;1979004511;COTAS;557115.553612000000000;
202408;2258;1990000118;COTAS;2633782.531874000000000;49927877000111
202408;2931;1994000211;COTAS;17868588.445882000000000;
202408;2525;1979004511;COTAS;1169485.688695000000000;04573108000124
202408;2258;2020002019;COTAS;211869718.151658000000000;51079513000170
202408;2083;2020000229;COTAS;7645875.785950000000000;35600762000103
202408;2556;1998007618;COTAS;69331118.597475000000000;
202408;2258;2020002892;CAIXA;0.000000000000000;
202408;2258;1990000118;COTAS;60087212.895194000000000;50625158000125
202408;2931;1994000211;COTAS;101473.764228000000000;
202408;2556;1998007618;COTAS;55766316.277016000000000;
202408;2525;1979004511;OPERACAO_PARTICIPANTE;9752762.029479453000000;
202408;2138;1981001311;CAIXA;19815.340000000000000;
202408;2258;2005005347;CAIXA;28832.040000000000000;
202408;2258;1992000492;VL_PG_RC;-48093.220000000000000;
202408;2258;2020003465;CAIXA;0.000000000000000;
202408;2258;1992000719;COTAS;1055933.199623000000000;
202408;2556;1998007618;COTAS;12254593.441326000000000;
202408;2258;2022003047;VL_PG_RC;-5024.760000000000000;
202408;2258;1992000492;CAIXA;0.000000000000000;
202408;2258;2023001129;COTAS;2519307.285542000000000;50620290000144
202408;2556;2018001574;COTAS;72892.669305000000000;
202408;2141;1980001219;CAIXA;1997.390000000000000;
202408;2556;2018001574;TIT_PUB;1270690.980000000000000;
202408;2931;1994000211;COTAS;2634916.577500000000000;
202408;2155;1985000938;COTAS;53691018.289960000000000;38090040000144
202408;2155;1985000938;COTAS;354288394.875331000000000;45599011000178
202408;2525;1979004511;TIT_PRIV;2707039.840000000000000;
202408;2556;9970000000;CAIXA;407264.880000000000000;
202408;2991;1985000547;COTAS;3919369.993467000000000;
202408;2525;2009003756;CAIXA;314956.370000000000000;
202408;2258;9970000000;VL_PG_RC;0.000000000000000;
202408;2258;1993002847;COTAS;5980397.662246000000000;50620435000107
202408;2169;1972000111;COTAS;52675895.754945000000000;
202408;2292;1990002129;COTAS;5192555.541876000000000;
202408;2556;9970000000;COTAS;137300.418010000000000;
202408;2991;1985000547;COTAS;1496836.429381000000000;41978492000171
202408;2258;1994001356;VL_PG_RC;-32357.300000000000000;
202408;2292;1990002129;COTAS;61514977.431826000000000;31247779000178
202408;2561;1999000447;COTAS;61519.486085000000000;
202408;2258;1993000992;CAIXA;670764.190000000000000;
202408;2258;1994001429;VL_PG_RC;-31115.570000000000000;
202408;2991;1985000547;OPERACAO_PARTICIPANTE;1282713.290000000000000;
202408;2991;1985000547;TIT_PUB;64118139.010000000000000;
202408;2556;1993000119;CAIXA;249955.420000000000000;
202408;2561;1999000447;COTAS;40480972.537718000000000;
202408;2258;1994001747;COTAS;7204796.687118000000000;50625158000125
202408;2258;2005005411;COTAS;28073912.841500000000000;50620435000107
202408;2991;1994002492;COTAS;690898.100000000000000;
202408;2258;2006001647;CAIXA;11461.610000000000000;
202408;2169;1999000374;COTAS;17102007.585568000000000;
202408;2991;1994002492;COTAS;5026163.757020000000000;
202408;2258;2006006111;VL_PG_RC;-128651.620000000000000;
202408;2561;2014000174;COTAS;40796797.509604000000000;
202408;2169;1999000374;COTAS;8724514.392990000000000;
202408;2258;1994001747;COTAS;12235116.790944000000000;50634860000155
202408;2258;2006006411;COTAS;51844599.312971000000000;20163867000175
202408;2258;2007000611;CAIXA;0.000000000000000;
202408;2561;2014001219;CAIXA;55274.100000000000000;
202408;2169;9970000000;CAIXA;79971.830000000000000;
202408;2556;1993000119;COTAS;3966295.661243000000000;
202408;2991;1994002492;COTAS;7042406.459794000000000;
202408;2556;1993000119;COTAS;8502006.759909000000000;
202408;2292;1990002129;COTAS;8816797.608647000000000;41562294000122
202408;2991;1994002492;COTAS;14693441.000000000000000;
202408;2556;1993000119;COTAS;13533715.500035000000000;
202408;2561;2014001219;COTAS;86753468.222680000000000;
202408;2292;1998002756;COTAS;1142723.000968000000000;
202408;2991;1994002492;COTAS;7138466.247728000000000;
202408;2556;1998007618;COTAS;6746125.228299000000000;
202408;2258;2007002418;CAIXA;0.000000000000000;
202408;2561;2014001219;VL_PG_RC;-6224.090000000000000;
202408;2991;1994002492;COTAS;4708493.435143000000000;
202408;2172;2005005592;OPERACAO_PARTICIPANTE;306158.390000000000000;
202408;2258;1994003138;COTAS;4179470.561608000000000;50620435000107
202408;2561;9970000000;COTAS;309609.832206000000000;
202408;2292;1998002756;COTAS;6589718.990995000000000;
202408;2258;1993000992;COTAS;101254575.277109000000000;50620290000144
202408;2556;1998007618;COTAS;2545105.104505000000000;
202408;2991;1994002492;COTAS;1321923.577997000000000;
202408;2258;2008001792;CAIXA;1040312.270000000000000;
202408;2556;1998007618;COTAS;24720096.791933000000000;
202408;2561;9970000000;VL_PG_RC;-132.950000000000000;
202408;2292;1998002756;COTAS;11228633.203225000000000;
202408;2258;2010001338;VL_PG_RC;-26921.990000000000000;
202408;2172;2020000865;VL_PG_RC;-0.050000000000000;
202408;2258;1995000183;COTAS;84433641.924933000000000;51059511000110
202408;2991;1994002492;COTAS;68454.622775000000000;
202408;2258;2010005783;COTAS;16582212.087220000000000;50620572000141
202408;2213;1991002483;COTAS;1114237.800000000000000;
202408;2659;2000002447;COTAS;294758542.920002000000000;04982274000184
202408;2292;1998002756;COTAS;3276910.947569000000000;50799566000101
202408;2258;1993002847;COTAS;10227100.109849000000000;50634860000155
202408;2292;1998002756;VL_PG_RC;3099511.200000000000000;
202408;2258;2012001092;VL_PG_RC;-86905.210000000000000;
202408;2258;1994001356;COTAS;21156334.225244000000000;50634601000124
202408;2292;1998002829;CAIXA;365697.320000000000000;
202408;2258;1995003719;COTAS;46357189.443466000000000;50620290000144
202408;2991;1994002492;COTAS;19225454.449530000000000;
202408;2659;2000002447;COTAS;300937768.360003000000000;23964361000153
202408;2258;1995003719;COTAS;3733138.453996000000000;50641862000171
202408;3006;1994002174;COTAS;11203480.155055000000000;
202408;2213;1991002483;COTAS;1051207.300000000000000;
202408;2693;1993000811;COTAS;48398666.885575000000000;
202408;2258;1996000829;COTAS;42019549.169478000000000;52980608000123
202408;2556;1998007618;COTAS;13972382.573535000000000;
202408;2258;2014000247;COTAS;537586.737146000000000;50620290000144
202408;2556;1998007618;IMOVEIS;30012126.770000000000000;
202408;3006;9970000000;CAIXA;37335.450000000000000;
202408;2258;2014000719;VL_PG_RC;-52566.790000000000000;
202408;2292;1998002829;COTAS;12983954.036615000000000;
202408;2258;1996002147;COTAS;6837446.988726000000000;50634860000155
202408;2258;2015000518;COTAS;9833276.415404000000000;50620572000141
202408;2292;1998002829;COTAS;133312.617607000000000;
202408;3037;1994001119;COTAS;12853901.210582000000000;
202408;2292;1998002829;COTAS;6379917.494101000000000;
202408;3037;1994001119;COTAS;26196109.978500000000000;
202408;2258;2016000929;CAIXA;0.000000000000000;
202408;2213;1991002483;COTAS;5331535.281953000000000;
202408;3037;1994001119;COTAS;477224.115009000000000;
202408;2693;1993000811;COTAS;20859061.537845000000000;
202408;2258;2016000929;COTAS;18672338.952021000000000;50620572000141
202408;3037;1994001119;COTAS;4104076.845281000000000;
202408;2258;1995003719;COTAS;5483059.137979000000000;50620435000107
202408;2258;2016001038;CAIXA;0.000000000000000;
202408;2213;1991002483;COTAS;105695541.961506000000000;
202408;2292;1998002829;COTAS;7331223.709618000000000;
202408;2693;1993000811;COTAS;74936143.383970000000000;06877846000190
202408;2213;1991002483;IMOVEIS;9270983.980000000000000;
202408;3099;1994004411;OPERACAO_PARTICIPANTE;18961.140000186300000;
202408;2693;1993000811;COTAS;48576568.844181000000000;48330517000175
202408;2258;2017001074;COTAS;1509401.905039000000000;50620290000144
202408;2213;9970000000;VL_PG_RC;0.000000000000000;
202408;3099;1996002392;VL_PG_RC;-1812.180000000000000;
202408;2258;1996000829;COTAS;79486597.935029000000000;04052631000105
202408;2258;2017001147;CAIXA;92114.410000000000000;
202408;3099;1999004892;COTAS;10002203.809999000000000;
202408;2258;1996000829;COTAS;325886695.289760000000000;51059511000110
202408;2556;2018001574;COTAS;1181053.906500000000000;
202408;2231;1979003483;CAIXA;9220.450000000000000;
202408;2556;2018001574;COTAS;94085.942254000000000;
202408;2231;1982002638;VL_PG_RC;-1.210000000000000;
202408;2258;1996000829;VL_PG_RC;-283868.470000000000000;
202408;2292;1998002829;COTAS;2471450.756898000000000;
202408;2258;2017001147;COTAS;1074926.403323000000000;50620290000144
202408;3099;1999005392;CAIXA;1072.420000000000000;
202408;2693;1993000811;VL_PG_RC;1356641.860000000000000;
202408;2556;9970000000;COTAS;0.611385000000000;
202408;3099;1999005392;COTAS;974015.600000000000000;
202408;2693;9970000000;CAIXA;1637.100000000000000;
202408;3099;1999005465;COTAS;956391.059699000000000;
202408;2258;2017001147;COTAS;1008850.670130000000000;50620819000120
202408;2258;1996002147;COTAS;34168568.697940000000000;51059511000110
202408;2561;1999000447;COTAS;24539236.405652000000000;
202408;2258;2017001147;OPERACAO_PARTICIPANTE;0.000000000000000;
202408;2258;1997000547;VL_PG_RC;0.000000000000000;
202408;2292;1998002829;COTAS;33514240.947135000000000;
202408;2258;2019000318;CAIXA;326.420000000000000;
202408;2721;2004002018;COTAS;793154.150690000000000;
202408;2292;1998002829;COTAS;65869242.462122000000000;
202408;3099;1999005465;COTAS;50687681.649995000000000;04701028000107
202408;2258;1996002465;CAIXA;12606.500000000000000;
202408;2721;2004002018;COTAS;36468413.722361000000000;13911092000103
202408;2721;2004002018;OPERACAO_PARTICIPANTE;1877223.512933171000000;
202408;2231;1982002719;COTAS;6897.516878000000000;
202408;2561;2014000174;COTAS;83763733.329857000000000;41545586000157
202408;2258;2019001292;CAIXA;13283.300000000000000;
202408;2811;1993002774;COTAS;1537.707011000000000;
202408;2561;9970000000;CAIXA;10831.550000000000000;
202408;2258;2019001292;COTAS;2000419.958439000000000;50620572000141
202408;2258;1999002229;COTAS;515053852.431057000000000;51079513000170
202408;2292;2016000392;COTAS;102477.847308000000000;
202408;2258;2019002256;COTAS;23740093.282521000000000;50620819000120
202408;2258;1999003683;COTAS;85017685.120453000000000;50620290000144
202408;2231;1982002719;COTAS;122955.475638000000000;
202408;3126;1993001492;COTAS;3696423.605262000000000;
202408;2258;2000004156;COTAS;43322384.446395000000000;50625158000125
202408;2659;2000002447;COTAS;8247397.880001000000000;
202408;2811;1993002774;COTAS;16740344.990661000000000;
202408;2258;2000004474;CAIXA;0.000000000000000;
202408;2231;1982002719;IMOVEIS;3061870.190000000000000;
202408;2258;2019003147;COTAS;142542.159382000000000;50634860000155
202408;2811;1993002774;COTAS;55939715.678154000000000;
202408;2258;2000004474;COTAS;139850324.709194000000000;04052631000105
202408;2258;2021000974;CAIXA;1832720.230000000000000;
202408;2258;2001000618;TIT_PUB;5260183.590000000000000;
202408;2258;2000006019;CAIXA;0.000000000000000;
202408;2258;2021000974;COTAS;211205990.372283000000000;50620290000144
202408;3126;1993002219;COTAS;4165530.318266000000000;
202408;2258;2002001138;COTAS;732870.384954000000000;50620435000107
202408;2659;2000002447;COTAS;20643437.559956000000000;
202408;2231;1982002883;COTAS;283946.236235000000000;
202408;2292;2016000392;COTAS;7456.388647000000000;
202408;2659;2000002447;COTAS;19547796.160016000000000;
202408;2823;1994000392;COTAS;583540.571283000000000;
202408;2659;2000002447;IMOVEIS;1850576.040000000000000;
202408;2258;2003002911;COTAS;150329017.578535000000000;50620290000144
202408;2823;1994000392;COTAS;331993.317962000000000;
202408;2659;9970000000;CAIXA;53584.200000000000000;
202408;2258;2005005411;COTAS;34070878.029559000000000;50625158000125
202408;2823;1994000392;COTAS;2224580.620702000000000;
202408;2258;2021000974;COTAS;32384577.126534000000000;50620819000120
202408;2258;2005005411;VL_PG_RC;-26657.290000000000000;
202408;2258;2002001138;CAIXA;0.560000000000000;
202408;2231;1992000956;VL_PG_RC;-8975.880000000000000;
202408;2292;2016000392;COTAS;1975392.359737000000000;50765883000107
202408;2258;2002001138;COTAS;23316481.293363000000000;50620290000144
202408;2823;1994000392;COTAS;311743.335849000000000;
202408;2258;2023000092;COTAS;1613817.986420000000000;50620435000107
202408;2258;2003003029;CAIXA;10600.920000000000000;
202408;2292;2016000392;OPERACAO_PARTICIPANTE;1550319.989260000000000;
202408;3126;1994002956;COTAS;57212773.291357000000000;
202408;2231;1994001518;COTAS;625.340649000000000;
202408;2258;2003003029;COTAS;6907692.900209000000000;50620819000120
202408;2693;1993000811;COTAS;104698216.070038000000000;
202408;2258;2023001129;COTAS;1854554.303978000000000;50634860000155
202408;2292;2018002538;COTAS;308750.059360000000000;
202408;2823;1994000465;COTAS;404212450.210361000000000;
202408;2231;2008003019;COTAS;120715.806023000000000;
202408;2292;2018002538;COTAS;505193.850940000000000;
202408;2292;1990002129;CAIXA;61502.190000000000000;
202408;2231;2008003019;COTAS;13735556.687924000000000;44900441000115
202408;2292;2018002538;COTAS;2216725.026148000000000;
202408;3126;1994002956;COTAS;25182291.569052000000000;
202408;2823;1994000538;COTAS;97290608.227839000000000;
202408;2693;1993000811;COTAS;10519094.642830000000000;
202408;2292;2018002538;OPERACAO_PARTICIPANTE;6048666.484812000000000;
202408;2231;2010002474;COTAS;2287858.654161000000000;
202408;2258;2006000683;VL_PG_RC;-116840.550000000000000;
202408;2258;2005005347;COTAS;7925512.882802000000000;50625158000125
202408;2823;1994000538;COTAS;10991.789021000000000;
202408;2292;1990002129;COTAS;9176410.986918000000000;
202408;3126;1995000711;COTAS;9410345.112957000000000;
202408;2231;2010002474;OPERACAO_PARTICIPANTE;5334216.949862997100000;
202408;2292;1998002756;COTAS;82433423.260094000000000;04764252000148
202408;2258;2005005347;VL_PG_RC;-6250.780000000000000;
202408;2823;9970000000;COTAS;618655.921045000000000;
202408;2693;2021001938;COTAS;849049.682632000000000;
202408;3126;1995000711;COTAS;18924940.532530000000000;
202408;2231;2011001218;CAIXA;55849.950000000000000;
202408;2292;1998002756;COTAS;18267742.422193000000000;50765883000107
202408;2258;2006003283;CAIXA;0.000000000000000;
202408;2258;2005005411;CAIXA;38561.680000000000000;
202408;2841;1993003592;COTAS;427048.269256000000000;51911677000112
202408;2292;2018002538;TIT_PUB;233188818.460000000000000;
202408;2693;2021001938;COTAS;554499.895794000000000;41727284000108
202408;3126;1995000711;COTAS;9938598.931017000000000;
202408;2841;1993003592;COTAS;123952.846272000000000;51983827000101
202408;2693;9970000000;COTAS;4694119.099399000000000;
202408;2258;2006006111;COTAS;2624339.741344000000000;50620435000107
202408;2841;2005004529;COTAS;-5505.725424000000000;
202408;2302;1988000483;COTAS;24640362.810259000000000;
202408;3126;1995000711;COTAS;888238.967710000000000;
202408;2258;2006001647;COTAS;33731528.421635000000000;22282955000111
202408;2796;1993002529;COTAS;342904418.630849000000000;14298797000160
202408;3126;1995001147;COTAS;15271362.726816000000000;
202408;2258;2006006411;CAIXA;1000.240000000000000;
202408;2302;1988002011;CAIXA;20816.710000000000000;
202408;2231;2011001218;COTAS;135809.927008000000000;
202408;3126;1995001147;COTAS;0.009164000000000;
202408;2292;1998002756;IMOVEIS;4840558.090000000000000;
202408;2316;1979000719;COTAS;11288008.553773000000000;27292841000176
202408;2231;2011001218;COTAS;203032.356424000000000;
202408;2258;2007000611;COTAS;87610413.865069000000000;50620290000144
202408;2841;2005004529;COTAS;1758306.965429000000000;
202408;2811;1993002774;COTAS;27953780.486362000000000;
202408;2258;2007002256;COTAS;54265123.050725000000000;50625158000125
202408;2841;2005004529;TIT_PRIV;0.000000000000000;
202408;2316;2015001311;COTAS;731077099.208856000000000;27292841000176
202408;2841;2005004611;OPERACAO_PARTICIPANTE;30863682.649977537600000;
202408;2811;1993002774;COTAS;1869634.004551000000000;
202408;2292;1998002829;COTAS;2950519.145157000000000;
202408;2854;1995002518;COTAS;2895374.416383000000000;
202408;2258;2007002256;VL_PG_RC;-32505.520000000000000;
202408;3126;1995001147;COTAS;2235369.562370000000000;
202408;2854;2011000319;VL_PG_RC;-106697.320000000000000;
202408;2258;2007002418;COTAS;2316797.162478000000000;50634601000124
202408;2909;2016000465;CAIXA;101701.780000000000000;
202408;2316;2015001492;COTAS;1239845.528448000000000;
202408;3126;1995001147;COTAS;3535751.744847000000000;
202408;2258;2007003465;COTAS;48936773.821719000000000;50620572000141
202408;2258;2007000547;CAIXA;0.000000000000000;
202408;3126;1995001147;COTAS;2991993.287593000000000;
202408;2231;2011001218;VL_PG_RC;-34069.270000000000000;
202408;2258;2008000338;CAIXA;35.150000000000000;
202408;2811;9970000000;COTAS;218637.779487000000000;
202408;3126;1995001147;VL_PG_RC;1279269.280000000000000;
202408;2231;2012001947;COTAS;1963256.583621000000000;
202408;2316;2023001447;COTAS;31225.141650000000000;
202408;3126;1997001918;COTAS;1351840.604541000000000;
202408;2292;2016000392;COTAS;16508.442002000000000;
202408;2231;2014001383;COTAS;12315.081568000000000;
202408;2811;9970000000;COTAS;291815.745290000000000;
202408;3126;1997001918;COTAS;8230755.350598000000000;
202408;2231;2014001383;COTAS;637666.177633000000000;
202408;2258;2008000338;COTAS;18774933.709791000000000;50620290000144
202408;2258;2007000547;COTAS;1908422.623642000000000;50620290000144
202408;2909;2016000465;COTAS;124575593.441815000000000;34867805000159
202408;2316;2023001447;COTAS;16971.672788000000000;
202408;2823;1994000392;CAIXA;33913.820000000000000;
202408;3126;2000007074;COTAS;6757223.211139000000000;
202408;2258;2007000611;VL_PG_RC;-58669.240000000000000;
202408;2909;2016000465;VL_PG_RC;-13693.370000000000000;
202408;2316;9970000000;COTAS;6175712.920219000000000;
202408;2258;2008000729;VL_PG_RC;0.000000000000000;
202408;2258;2007002418;COTAS;49169708.547483000000000;50620435000107
202408;2909;9970000000;VL_PG_RC;-2632.460000000000000;
202408;2316;9970000000;TIT_PUB;9493592.760000000000000;
202408;2823;1994000392;COTAS;914716.473931000000000;
202408;2292;2016000392;COTAS;54483.778812000000000;
202408;2333;1992001065;OPERACAO_PARTICIPANTE;41401787.790000000000000;
202408;2823;1994000392;COTAS;663249.651925000000000;
202408;2912;1993003738;COTAS;165516.593563000000000;
202408;3126;2000007074;COTAS;32878495.771154000000000;
202408;2333;9970000000;COTAS;2464990.258041000000000;
202408;2912;2005006711;COTAS;393235343.291391000000000;09636594000104
202408;2292;2016000392;COTAS;1891008.546482000000000;04764252000148
202408;2395;1994001811;CAIXA;177463.950000000000000;
202408;2823;1994000392;COTAS;1216003.883763000000000;
202408;2258;2007002418;VL_PG_RC;-65180.090000000000000;
202408;3126;2001000774;COTAS;0.012012000000000;
202408;2823;1994000392;VL_PG_RC;204543.420000000000000;
202408;2912;9970000000;COTAS;1727595.388726000000000;08830058000174
202408;2292;2016000392;COTAS;713239.671119000000000;50799566000101
202408;3126;2001000774;COTAS;132028.950285000000000;
202408;2912;9970000000;COTAS;1794979.368734000000000;09564278000166
202408;2258;2008001792;TIT_PUB;32096787.680000000000000;
202408;2823;1994000465;COTAS;116980037.461791000000000;
202408;2258;2012000983;VL_PG_RC;-20394.350000000000000;
202408;2258;2007002892;COTAS;80319529.413788000000000;50641862000171
202408;2292;2018002538;COTAS;351.478554000000000;
202408;2931;1994000211;COTAS;9934088.326756000000000;
202408;2258;2008000338;VL_PG_RC;-20900.670000000000000;
202408;2258;2008000729;OPERACAO_PARTICIPANTE;0.000000000000000;
202408;2823;1994000465;COTAS;44968140.135004000000000;
202408;2231;2014001383;COTAS;20285834.510161000000000;
202408;2258;2008001792;VL_PG_RC;-110430.610000000000000;
202408;2231;2018002074;COTAS;31030171.500747000000000;
202408;2292;2018002538;COTAS;1026560.047731000000000;
202408;2258;2010005783;COTAS;439929.703639000000000;50634601000124
202408;2231;2018002074;COTAS;226038.220995000000000;44703472000186
202408;2258;2012000983;COTAS;12465547.272030000000000;50620290000144
202408;3126;2001000774;VL_PG_RC;95345.950000000000000;
202408;2395;1994001811;COTAS;447766.813078000000000;
202408;2231;2019003074;CAIXA;48658.260000000000000;
202408;2258;2012001092;CAIXA;433.100000000000000;
202408;2823;1994000465;COTAS;33511697.786638000000000;
202408;2931;1994000211;COTAS;13876979.106624000000000;
202408;2395;1994001811;COTAS;27581591.247390000000000;
202408;2292;2018002538;COTAS;3088524.575860000000000;
202408;2823;1994000465;COTAS;11941900.419173000000000;
202408;3126;2001001983;COTAS;14452510.673260000000000;
202408;2258;2012001165;CAIXA;602567.890000000000000;
202408;2823;1994000538;COTAS;64726723.607450000000000;
202408;2395;1994001811;COTAS;18269927.443911000000000;
202408;2292;2018002538;COTAS;30164529.906099000000000;50799566000101
202408;3126;2005005811;COTAS;4606499.937486000000000;
202408;2931;9970000000;COTAS;871669.510005000000000;
202408;2231;2019003074;COTAS;106010.495249000000000;
202408;3126;2005005811;COTAS;3007052.719717000000000;
202408;2991;1994002492;CAIXA;25283.580000000000000;
202408;2258;2012001165;COTAS;21630578.527337000000000;50620572000141
202408;2292;2018002538;VL_PG_RC;43114.970000000000000;
202408;2991;1994002492;COTAS;292666.000000000000000;
202408;2395;1994001811;COTAS;42380225.016920000000000;
202408;2258;1981001565;COTAS;3553867.344520000000000;50620572000141
202408;2823;1994000538;COTAS;35169031.649008000000000;
202408;2258;2014001618;COTAS;8581910.320822000000000;50620290000144
202408;2395;1994001811;COTAS;3525841.863031000000000;
202408;2258;2015000518;CAIXA;0.000000000000000;
202408;2422;1994003383;ACOES;1512.000000000000000;
202408;3126;2005005811;COTAS;6473791.512284000000000;
202408;2258;2015000518;COTAS;41659456.551850000000000;50634860000155
202408;2422;1994003847;IMOVEIS;27640.430000000000000;
202408;2302;1988000319;CAIXA;50725384.170000000000000;
202408;2258;2012001165;COTAS;26767490.402665000000000;04052631000105
202408;2258;2016001119;CAIXA;0.000000000000000;
202408;2991;1994002492;COTAS;11625023.025785000000000;
202408;2302;1988000319;COTAS;24392817.935549000000000;29092660000121
202408;2258;2014000247;VL_PG_RC;-25976.060000000000000;
202408;2991;1994002492;COTAS;10902854.330066000000000;
202408;2422;2002002738;VL_PG_RC;556339.870000000000000;
202408;2258;1989000118;COTAS;1466019.409103000000000;50620435000107
202408;2991;1994002492;COTAS;10765152.866051000000000;
202408;2823;1994000538;COTAS;4612312.314546000000000;
202408;2422;2002003238;COTAS;5857004.274993000000000;14205056000197
202408;2258;1990000118;COTAS;38674887.874530000000000;
202408;2302;1988000483;COTAS;431767.938554000000000;
202408;2258;2014000719;CAIXA;0.000000000000000;
202408;2991;9970000000;CAIXA;22876.330000000000000;
202408;2422;2002003238;IMOVEIS;505870.990000000000000;
202408;2302;1988000483;COTAS;674026864.988182000000000;00977449000104
202408;3126;2006001183;COTAS;845743.037648000000000;
202408;2422;2002003556;CAIXA;148228.900000000000000;
202408;2422;2002003718;COTAS;3632097.038498000000000;14205056000197
202408;2258;2015000811;VL_PG_RC;-41857.620000000000000;
202408;2823;1994000538;TIT_PUB;169659937.940000000000000;
202408;2258;2017001074;CAIXA;24710.620000000000000;
202408;3126;2006001183;COTAS;818304.711453000000000;
202408;2302;1988000483;COTAS;651336962.660725000000000;14399722000175
202408;2258;2016000929;COTAS;2976929.642990000000000;50620435000107
202408;2841;2005004529;COTAS;3263551.251815000000000;
202408;2991;9970000000;COTAS;2348588.087164000000000;
202408;2258;1990000118;COTAS;7865649.429981000000000;
202408;2302;1988000483;COTAS;97199901.423295000000000;17786475000158
202408;3126;2006001183;COTAS;21683998.266212000000000;
202408;2422;2002003718;IMOVEIS;968976.080000000000000;
202408;2258;1990000118;COTAS;3226476.546106000000000;29983486000107
202408;3126;2006001183;COTAS;43536280.596263000000000;
202408;2422;2002004374;IMOVEIS;58512.730000000000000;
202408;3023;2001001738;COTAS;505156128.996275000000000;
202408;2258;2017001538;VL_PG_RC;-47417.270000000000000;
202408;2258;2016001119;COTAS;194557.029202000000000;50620435000107
202408;2258;2017001619;COTAS;3213718.845813000000000;50634860000155
202408;3126;2006003747;COTAS;161263.268590000000000;
202408;2422;2002004447;OPERACAO_PARTICIPANTE;1251992.950077893600000;
202408;2258;2017001147;COTAS;1152107.459290000000000;50620435000107
202408;2841;2005004611;COTAS;7300.121030000000000;
202408;3126;2006003811;COTAS;738261.952604000000000;
202408;2258;2017001538;CAIXA;0.000000000000000;
202408;2841;2005004611;COTAS;2832042.671223000000000;
202408;3126;2006003811;COTAS;127847.784145000000000;
202408;2258;2017001619;COTAS;2584687.686655000000000;04052631000105
202408;2302;9970000000;CAIXA;14001.170000000000000;
202408;2258;2019000318;COTAS;10168237.214585000000000;50620819000120
202408;2258;1990000118;COTAS;8964104.982995000000000;50620435000107
202408;2422;9970000000;CAIXA;1164695.090000000000000;
202408;2316;2015001492;COTAS;21723258.330000000000000;56479808000158
202408;2841;4028410029;COTAS;3777845.761369000000000;51911677000112
202408;2258;1992000565;VL_PG_RC;-38350.940000000000000;
202408;2258;2018001256;CAIXA;0.000000000000000;
202408;2484;2004001992;CAIXA;27348.970000000000000;
202408;2484;2005000183;COTAS;7612853.658295000000000;42865356000138
202408;2316;2023001447;COTAS;11923.635982000000000;
202408;2258;1992000719;TIT_PRIV;13542225.200000000000000;
202408;3023;2001001738;COTAS;48047044.066590000000000;
202408;2258;2019000318;OPERACAO_PARTICIPANTE;217004.313540000000000;
202408;2484;2005000183;COTAS;27146126.767193000000000;49962448000185
202408;2258;2018001256;COTAS;146863055.256534000000000;50620290000144
202408;2316;2023001447;VL_PG_RC;614.630000000000000;
202408;2258;1993000992;COTAS;10027650.776012000000000;50620435000107
202408;3023;2001001738;OPERACAO_PARTICIPANTE;4117706.660000000000000;
202408;2258;2019000318;COTAS;13181456.530800000000000;50634860000155
202408;2316;9970000000;CAIXA;72226.430000000000000;
202408;2258;2019001365;TIT_PUB;4940451.770000000000000;
202408;2841;9970000000;COTAS;590994.895660000000000;
202408;3126;2006003992;COTAS;7724649.509385000000000;
202408;2258;2019001756;COTAS;1845841.173437000000000;50634601000124
202408;2909;2010004711;TIT_PUB;5013812.050000000000000;
202408;2333;1992001065;COTAS;677930745.121607000000000;04288830000117
202408;2912;1993003738;COTAS;1741056.232575000000000;09544240000121
202408;2333;2019000938;VL_PG_RC;-2178.950000000000000;
202408;3126;2006003992;COTAS;11432208.662380000000000;
202408;2258;2019001756;VL_PG_RC;-8137.640000000000000;
202408;2912;1993003738;COTAS;4927535.271326000000000;18138892000157
202408;2484;9970000000;CAIXA;22097.530000000000000;
202408;2333;9970000000;CAIXA;17736.660000000000000;
202408;2258;2019002256;COTAS;97284418.709071000000000;50620435000107
202408;2912;2005006711;COTAS;377538472.012172000000000;08830058000174
202408;2258;2019003147;COTAS;7121516.771792000000000;50641862000171
202408;2258;2019003392;COTAS;174640.983961000000000;50625158000125
202408;3037;1994001119;COTAS;5096614.339535000000000;
202408;2333;9970000000;COTAS;18653947.906645000000000;
202408;2258;1993000992;COTAS;4869884.357730000000000;50634860000155
202408;2912;2005006711;COTAS;392264168.212062000000000;09564278000166
202408;2258;1994001747;VL_PG_RC;-57800.940000000000000;
202408;3126;2006003992;COTAS;7190014.081011000000000;
202408;2258;2019003147;VL_PG_RC;-8453.020000000000000;
202408;2258;1994003138;CAIXA;0.000000000000000;
202408;3126;2006003992;COTAS;7174125.652530000000000;
202408;2912;9970000000;COTAS;1799423.412756000000000;09636594000104
202408;2258;2019003392;CAIXA;0.000000000000000;
202408;2395;1994001811;COTAS;613057.059743000000000;
202408;2931;1994000211;COTAS;2611907.380360000000000;
202408;2258;2019003392;COTAS;222199.773471000000000;50620290000144
202408;2395;1994001811;COTAS;5097621.771090000000000;
202408;2511;1992001529;COTAS;1544742740.450404000000000;06095361000145
202408;3126;2006003992;COTAS;4809076.861415000000000;
202408;2258;2020001111;CAIXA;0.900000000000000;
202408;2258;1995000183;CAIXA;1.010000000000000;
202408;3126;2006003992;TIT_PUB;114698500.190000000000000;
202408;2931;1994000211;COTAS;3397035.333960000000000;
202408;3037;9970000000;COTAS;1857637.919997000000000;
202408;2395;1994001811;COTAS;939078.604166000000000;
202408;2931;1994000211;COTAS;3092726.359000000000000;
202408;2258;2020001292;COTAS;18482257.914058000000000;50634860000155
202408;2258;2020001111;COTAS;29376773.918903000000000;51059511000110
202408;2258;1995000183;COTAS;6115876.436359000000000;50625158000125
202408;2931;1994000211;COTAS;13424297.829977000000000;
202408;3126;2006004011;COTAS;2646548.298971000000000;
202408;3099;1997000318;COTAS;4694937.639863000000000;
202408;2422;1982001356;ACOES;137.070000000000000;
202408;2258;1995003174;COTAS;9944580.830770000000000;50625158000125
202408;2931;1994000211;COTAS;2382388.702289000000000;
202408;3099;1999004647;OPERACAO_PARTICIPANTE;127357.630000000000000;
202408;2525;1974000265;COTAS;1853716.669832000000000;
202408;3099;1999005465;COTAS;5690676.470000000000000;
202408;2258;2020001292;COTAS;8388652.738771000000000;50620819000120
202408;2422;1982001356;VL_PG_RC;5750.360000000000000;
202408;2991;1985000547;CAIXA;28710.140000000000000;
202408;3099;2020003074;COTAS;17615.431799000000000;
202408;2258;1995003174;VL_PG_RC;-43303.950000000000000;
202408;2525;1979004511;COTAS;1915.214158000000000;
202408;2991;1985000547;COTAS;738804.153092000000000;
202408;3099;2020003074;VL_PG_RC;-17712.950000000000000;
202408;2991;1994002492;COTAS;5660460.752800000000000;
202408;3099;9970000000;COTAS;16269899.342253000000000;
202408;2991;1994002492;COTAS;1005836.689581000000000;
202408;2258;1996000829;CAIXA;481.340000000000000;
202408;2525;1979004511;COTAS;41.153099000000000;
202408;2258;2020002892;COTAS;4553159.951746000000000;50620290000144
202408;3126;2006004711;COTAS;16095967.026782000000000;
202408;2525;2009003756;COTAS;13563912.479904000000000;41763054000196
202408;3126;2007001918;CAIXA;23887.350000000000000;
202408;2258;2020002892;COTAS;170285.409208000000000;50620435000107
202408;2525;2020002256;VL_PG_RC;71.440000000000000;
202408;3126;2007002019;COTAS;249854.221109000000000;
202408;3099;9970000000;VL_PG_RC;-1752.390000000000000;
202408;2422;1982001747;COTAS;31382452.644720000000000;14205056000197
202408;2991;1994002492;COTAS;73498535.722266000000000;
202408;2258;1996000829;COTAS;420450.383168000000000;
202408;3126;1993001492;COTAS;135033.107355000000000;
202408;2258;2020003465;COTAS;385664.973356000000000;50620435000107
202408;2258;1996001329;CAIXA;0.000000000000000;
202408;2258;2021000974;COTAS;117932617.335330000000000;50625158000125
202408;3023;2001001738;COTAS;29454908.223626000000000;
202408;2258;1996001329;COTAS;4410082.007302000000000;50625158000125
202408;3126;1993001492;COTAS;7479797.396662000000000;
202408;2258;2020002892;COTAS;2195540.487210000000000;50620819000120
202408;3126;2008000192;CAIXA;76959.360000000000000;
202408;2258;1996002147;COTAS;30174.655413000000000;
202408;2525;2023000556;COTAS;270993.668573000000000;41763054000196
202408;2258;2021000974;VL_PG_RC;-154969.260000000000000;
202408;3126;2008000192;COTAS;21294885.316257000000000;
202408;3023;2001001738;COTAS;18653776.182384000000000;
202408;2525;9970000000;COTAS;31534302.119475000000000;
202408;2292;1990002129;COTAS;3461221.128430000000000;50765883000107
202408;3037;1994001119;COTAS;37648962.267130000000000;
202408;2258;1996002147;COTAS;26014009.597523000000000;50620290000144
202408;3126;1993002219;COTAS;55834143.391066000000000;
202408;2422;1982001747;VL_PG_RC;732354.260000000000000;
202408;3126;2008000192;COTAS;7561522.416881000000000;
202408;2525;9970000000;TIT_PRIV;85571.250000000000000;
202408;3126;1993002219;VL_PG_RC;540478.660000000000000;
202408;2258;2020003465;COTAS;82752820.458410000000000;50620290000144
202408;3037;1994001119;COTAS;608020.219434000000000;
202408;2556;1993000119;COTAS;723157.054130000000000;
202408;2258;2023000092;COTAS;1339849.726619000000000;50625158000125
202408;3126;1994002956;COTAS;14301568.274426000000000;
202408;3126;2008000192;COTAS;4378698.539286000000000;
202408;2292;1998002756;COTAS;1293287.820450000000000;
202408;3126;2008000192;COTAS;624260.648526000000000;
202408;3037;1994001119;COTAS;2861403.411530000000000;
202408;2258;1997004356;COTAS;300074493.092658000000000;50620290000144
202408;2556;1993000119;COTAS;5087875.648604000000000;
202408;2422;1994003383;OPERACAO_PARTICIPANTE;619.760000040000000;
202408;2292;1998002756;COTAS;512109.947302000000000;
202408;3126;2008000192;COTAS;78966.362312000000000;
202408;2422;1994003847;COTAS;626264.241502000000000;14205056000197
202408;2258;2023001129;CAIXA;68383.490000000000000;
202408;2258;1998002365;COTAS;154273175.067075000000000;50625158000125
202408;3037;1994001119;COTAS;4708328.365782000000000;
202408;2292;1998002756;CAIXA;476087.890000000000000;
202408;2556;1993000119;TIT_PRIV;134978622.950000000000000;
202408;2258;1998005356;COTAS;9769895.659168000000000;50620435000107
202408;2258;1998006956;COTAS;95854124.270815000000000;50620290000144
202408;2258;1999000765;COTAS;19505812.836620000000000;50620290000144
202408;2292;1998002756;COTAS;2354527.678253000000000;
202408;3126;2008000192;OPERACAO_PARTICIPANTE;839.379957932800000;
202408;3037;1994001119;COTAS;2919329.363813000000000;
202408;2292;1998002756;COTAS;1353747.260979000000000;
202408;2258;1999002229;CAIXA;550434.560000000000000;
202408;3126;2008001229;COTAS;5968161.814808000000000;
202408;2292;1998002756;COTAS;914543.355770000000000;
202408;2258;1999003683;COTAS;53153892.885602000000000;50634860000155
202408;3126;2009000447;VL_PG_RC;75836.580000000000000;
202408;2292;1998002756;COTAS;143422155.977317000000000;41562294000122
202408;2258;2000004156;VL_PG_RC;-17615.030000000000000;
202408;3126;2010000129;COTAS;10773315.312403000000000;
202408;2292;1998002829;COTAS;1127296.728360000000000;
202408;2292;1998002829;COTAS;1239.008916000000000;
202408;2258;2001000618;COTAS;996158.844141000000000;
202408;3126;2010002547;VL_PG_RC;-15895.040000000000000;
202408;2556;1998007618;CAIXA;195873.930000000000000;
202408;2292;1998002829;COTAS;1567461.322070000000000;
202408;2258;2001000618;COTAS;15954832.479571000000000;50625158000125
202408;3037;1994001119;COTAS;21500720.398823000000000;
202408;2556;1998007618;COTAS;31402525.852819000000000;
202408;2292;1998002829;COTAS;2051785.522956000000000;
202408;2258;2001000618;VL_PG_RC;-18291.990000000000000;
202408;2292;1998002829;COTAS;2788008.975228000000000;
202408;3126;2012001483;CAIXA;11000.010000000000000;
202408;2556;1998007618;COTAS;35920168.569626000000000;
202408;2292;1998002829;COTAS;7970863.289350000000000;
202408;2258;2003003029;COTAS;44511070.054991000000000;50620290000144
202408;3037;1994001119;COTAS;15820917.877630000000000;
202408;2556;1998007618;COTAS;78662942.400000000000000;35939526000116
202408;2292;1998002829;COTAS;3943860.221389000000000;
202408;2422;1994003911;OPERACAO_PARTICIPANTE;13936.749999138000000;
202408;2292;1998002829;COTAS;2763000.000000000000000;
202408;3126;1995000711;COTAS;25024299.634412000000000;
202408;2422;2002002665;CAIXA;19273.060000000000000;
202408;3099;1996002392;CAIXA;2155.690000000000000;
202408;3126;1995000711;COTAS;2527551.937416000000000;
202408;2258;2006000683;COTAS;275249433.466484000000000;50620290000144
202408;3099;1997000318;VL_PG_RC;-18648.820000000000000;
202408;3126;1995001147;COTAS;26690709.600167000000000;
202408;2292;1998002829;COTAS;120630618.036112000000000;50765883000107
202408;2422;2002002665;IMOVEIS;118745.450000000000000;
202408;2422;2002002738;IMOVEIS;1293876.870000000000000;
202408;3099;1999005392;COTAS;2554063.710000000000000;
202408;3126;1995002674;COTAS;1789338.998258000000000;
202408;2422;2002002819;CAIXA;68653.060000000000000;
202408;3099;2020003074;COTAS;46442.393257000000000;
202408;2292;1998002829;COTAS;416618.650709000000000;
202408;2258;2006000683;COTAS;2360695.383843000000000;50620819000120
202408;3126;1995002674;COTAS;2905684.968859000000000;
202408;2258;2006001647;COTAS;7752359.232778000000000;
202408;2292;2016000392;COTAS;10566.315944000000000;
202408;3126;1995002674;COTAS;9343976.836934000000000;
202408;2258;2006001647;COTAS;588757.143549000000000;
202408;2292;2016000392;COTAS;16444.288650000000000;
202408;2422;2002003718;ACOES;6037.460000000000000;
202408;2258;2006001647;COTAS;301253.031109000000000;
202408;2292;1998002829;COTAS;61609.163627000000000;
202408;2422;2002003718;VL_PG_RC;416676.140000000000000;
202408;3099;9970000000;CAIXA;7945.850000000000000;
202408;2258;2006003283;VL_PG_RC;-19150.300000000000000;
202408;2292;2018002538;COTAS;3554223.531912000000000;
202408;2422;2002004218;CAIXA;641444.200000000000000;
202408;2292;2018002538;COTAS;422340.594923000000000;
202408;3126;1995002674;COTAS;1393920.993890000000000;
202408;2292;2018002538;COTAS;36517.919331000000000;
202408;2556;2018001574;COTAS;30793.602762000000000;
202408;3126;1993001492;CAIXA;1885507.190000000000000;
202408;2292;2018002538;COTAS;362381.631468000000000;
202408;2258;2006006411;VL_PG_RC;-20388.860000000000000;
202408;2292;2018002538;COTAS;42844631.886775000000000;50765883000107
202408;3126;1995002674;COTAS;1921587.336895000000000;
202408;3126;1993001492;COTAS;2571454.098830000000000;
202408;2422;2002004447;COTAS;454244114.429664000000000;14205056000197
202408;3126;2012001483;COTAS;4426635.945909000000000;
202408;2292;9970000000;VL_PG_RC;0.000000000000000;
202408;3126;2012001483;COTAS;1490534.943563000000000;
202408;2556;9970000000;COTAS;12405326.174308000000000;
202408;3126;2012001483;COTAS;139014.255331000000000;
202408;2302;1988000483;COTAS;664059291.611514000000000;14399693000141
202408;3126;1993001492;VL_PG_RC;69457.030000000000000;
202408;2258;2007002418;COTAS;9780413.728612000000000;50620290000144
202408;3126;2012001483;OPERACAO_PARTICIPANTE;832922.869983326400000;
202408;2302;1988000483;COTAS;664154862.504447000000000;14399804000110
202408;2561;1999000447;COTAS;1152349422.387712000000000;21082397000188
202408;3126;1993002219;COTAS;6865559.886433000000000;
202408;2292;2018002538;COTAS;129624.035880000000000;
202408;2422;2002004447;VL_PG_RC;7099566.480000000000000;
202408;2302;1988000483;VL_PG_RC;-149564.640000000000000;
202408;3126;1993002219;COTAS;5411101.241309000000000;
202408;3126;1995002674;VL_PG_RC;145157.550000000000000;
202408;2258;2007002418;COTAS;8781077.403070000000000;50620819000120
202408;2561;2014000174;CAIXA;122420.710000000000000;
202408;3126;1997000938;COTAS;0.060755000000000;
202408;3126;1994001674;TIT_PUB;110808186.260000000000000;
202408;2302;1988002011;OPERACAO_PARTICIPANTE;2001929.120000000000000;
202408;3126;2013000529;COTAS;1326009.929939000000000;
202408;2422;9970000000;VL_PG_RC;2621311.170000000000000;
202408;2258;2007003211;COTAS;34527398.712976000000000;50620290000144
202408;3126;1994002956;CAIXA;11999.560000000000000;
202408;2316;1979000719;VL_PG_RC;11457.770000000000000;
202408;2561;2014000174;COTAS;100211900.018513000000000;
202408;3126;1997001918;COTAS;61422359.978938000000000;
202408;2258;2008000338;COTAS;6117413.565002000000000;50634860000155
202408;3126;2013000529;COTAS;812377.653505000000000;
202408;2484;2005000183;CAIXA;21201.830000000000000;
202408;2292;9970000000;COTAS;8564121.386115000000000;
202408;3126;1994002956;COTAS;16580208.353509000000000;
202408;3126;2021001156;COTAS;1033050.091148000000000;
202408;2302;1988000483;CAIXA;692049.370000000000000;
202408;3126;1995000711;COTAS;7389431.181226000000000;
202408;2561;2014001219;COTAS;23735153.291879000000000;
202408;2484;2005000183;COTAS;38103664.261808000000000;49361982000136
202408;2258;2010001338;COTAS;248846.235070000000000;50620435000107
202408;2316;2015001311;COTAS;29281365.080000000000000;56479808000158
202408;3126;1997001918;COTAS;7631605.850850000000000;
202408;2258;2010001656;VL_PG_RC;-61620.660000000000000;
202408;3126;1995000711;COTAS;2395418.676117000000000;
202408;2316;2015001311;VL_PG_RC;-597970.750000000000000;
202408;2525;1974000265;COTAS;6339101.897524000000000;
202408;2302;1988000483;COTAS;23110310.883661000000000;
202408;3126;2000007074;COTAS;5079153.079068000000000;
202408;2302;1988000483;COTAS;6296930.832298000000000;
202408;2316;2015001492;VL_PG_RC;-582053.000000000000000;
202408;2258;2010005783;CAIXA;3429.850000000000000;
202408;3126;2021001156;COTAS;2772304.989961000000000;
202408;2302;1988000483;COTAS;9624767.654886000000000;03100395000192
202408;3126;1995000711;COTAS;1048019.365295000000000;
202408;3126;2001001983;COTAS;3660253.162709000000000;
202408;3126;1995001147;COTAS;15084696.526239000000000;
202408;2525;1974000265;COTAS;48142315.382137000000000;04573108000124
202408;2258;2010005783;COTAS;4893024.562886000000000;50620435000107
202408;3126;2021001156;VL_PG_RC;76177.390000000000000;
202408;2302;1988002011;VL_PG_RC;-202.110000000000000;
202408;2525;1974000265;COTAS;144977312.403584000000000;45494526000103
202408;2316;9970000000;COTAS;3659120.836734000000000;
202408;2561;2014001219;COTAS;58285434.471604000000000;41545586000157
202408;2316;1979000719;OPERACAO_PARTICIPANTE;46339.760000000000000;
202408;2525;1979004511;CAIXA;54589.010000000000000;
202408;2316;9970000000;COTAS;2687483.203070000000000;
202408;2258;2012000983;COTAS;1236115.507391000000000;50620819000120
202408;3126;2021001229;VL_PG_RC;194270.520000000000000;
202408;3126;1995001147;COTAS;2213885.801372000000000;
202408;2525;1979004511;COTAS;1322762.164710000000000;41763054000196
202408;2316;9970000000;COTAS;449462.192936000000000;
202408;3126;2023000874;CAIXA;84397.950000000000000;
202408;3126;1995001147;COTAS;2200941.405738000000000;
202408;2525;2009003756;COTAS;6339101.884468000000000;
202408;2333;1992001065;CAIXA;39659.680000000000000;
202408;2258;2014000247;CAIXA;0.000000000000000;
202408;3126;2001001983;COTAS;13226287.451988000000000;
202408;2561;9970000000;COTAS;395615.425703000000000;
202408;2333;2019000938;COTAS;8029983.515015000000000;
202408;3126;2005005811;COTAS;7487842.994685000000000;
202408;3126;1995001147;COTAS;55520770.157326000000000;
202408;2587;9970000000;VL_PG_RC;3397.660000000000000;
202408;2395;1994001811;COTAS;89857097.846187000000000;
202408;2258;2014000247;COTAS;63791670.484827000000000;50625158000125
202408;2258;2014000719;COTAS;66063627.191357000000000;50625158000125
202408;2395;1994001811;COTAS;2908960.850548000000000;
202408;3126;2006001183;CAIXA;7999.980000000000000;
202408;3126;2023000874;COTAS;2310827.470802000000000;
202408;2659;1995001783;VL_PG_RC;-86538.060000000000000;
202408;3126;2006001183;COTAS;12687415.753717000000000;
202408;2525;2009003756;COTAS;1879065.913625000000000;
202408;3126;1995001147;COTAS;5865785.203322000000000;
202408;2659;2000002447;COTAS;7843596.750002000000000;
202408;3126;2006001183;COTAS;18828498.122854000000000;
202408;3126;1995002674;COTAS;1649313.162505000000000;
202408;2693;1993000811;COTAS;14090794.121428000000000;
202408;2258;2014001529;COTAS;4215083.497646000000000;50620435000107
202408;2395;1994001811;COTAS;14908164.511598000000000;
202408;3126;2006001183;COTAS;300114.123384000000000;
202408;2693;1993000811;TIT_PUB;221794049.600000000000000;
202408;2316;2015001311;COTAS;81917108.067860000000000;30509257000134
202408;3126;2006001183;VL_PG_RC;1072893.180000000000000;
202408;2395;1994001811;COTAS;21382874.153739000000000;
202408;2316;9970000000;VL_PG_RC;-4460.600000000000000;
202408;3126;2006003747;COTAS;147250.660002000000000;
202408;2395;1994001811;COTAS;7908259.037339000000000;
202408;2333;1992001065;COTAS;10204383.847295000000000;
202408;2525;2020002256;OPERACAO_PARTICIPANTE;240509.120004685900000;
202408;3126;9970000000;CAIXA;362894.640000000000000;
202408;2395;1994001811;COTAS;119076635.520496000000000;
202408;2333;1992001065;VL_PG_RC;-5668.400000000000000;
202408;3126;2006003747;COTAS;131324.252755000000000;
202408;2395;1994001811;VL_PG_RC;4986404.290000000000000;
202408;3126;1997000938;COTAS;28746197.442753000000000;
202408;2525;2023000556;COTAS;2704470.800718000000000;05194813000183
202408;3161;1994004118;COTAS;154464.702729000000000;
202408;2333;2019000938;OPERACAO_PARTICIPANTE;3407601.720000000000000;
202408;2693;2021001938;COTAS;653723.501267000000000;
202408;3161;1994004118;COTAS;132009.759477000000000;
202408;3126;2006003747;COTAS;132011.117233000000000;
202408;2693;2021001938;COTAS;2124790.746073000000000;06877846000190
202408;3126;1997001918;COTAS;5030743.771087000000000;
202408;3161;1994004118;COTAS;3695224.259785000000000;
202408;3126;2006004711;COTAS;19074724.181437000000000;
202408;2693;2021001938;COTAS;1857401.584556000000000;39818045000103
202408;3161;1994004118;COTAS;3343706.623990000000000;
202408;3126;2007002019;CAIXA;754866.040000000000000;
202408;2693;2021001938;VL_PG_RC;31605.000000000000000;
202408;3161;1994004118;COTAS;3715852.678066000000000;
202408;2721;2004002018;COTAS;4455607.115540000000000;
202408;3126;2007002019;COTAS;4153027.531302000000000;
202408;2333;9970000000;VL_PG_RC;-2667.090000000000000;
202408;2258;2016000929;COTAS;2534625.727576000000000;50620290000144
202408;2721;2004002018;COTAS;214513495.891924000000000;28021980000128
202408;2258;2016001038;COTAS;24138159.253033000000000;50620290000144
202408;2556;1993000119;COTAS;138882.482900000000000;
202408;2395;9970000000;COTAS;8182356.439287000000000;
202408;2395;1994001811;COTAS;10027203.891786000000000;
202408;3161;2005005111;COTAS;1361209.899077000000000;
202408;2258;2019001365;CAIXA;305283.000000000000000;
202408;2556;1993000119;COTAS;34412.770535000000000;
202408;2395;1994001811;COTAS;9848742.984871000000000;
202408;3161;2005005111;COTAS;837039.205989000000000;
202408;2258;2019001365;COTAS;42549314.788826000000000;50625158000125
202408;3174;1994004029;VL_PG_RC;-195501.120000000000000;
202408;2395;1994001811;COTAS;244.962084000000000;
202408;3126;1997001918;COTAS;3078814.924841000000000;
202408;3188;1989000983;COTAS;6286366.716275000000000;
202408;2556;1993000119;COTAS;3951110.000000000000000;
202408;3126;2001000774;COTAS;21117073.265190000000000;
202408;2258;2019001365;VL_PG_RC;-169309.820000000000000;
202408;2556;1998007618;TIT_PRIV;323405849.820000000000000;
202408;3188;1989000983;COTAS;70396539.106995000000000;10220247000177
202408;2395;1994001811;COTAS;2293839.732138000000000;
202408;2556;9970000000;COTAS;34580.227399000000000;
202408;2395;1994001811;COTAS;45168841.477672000000000;
202408;3126;2001000774;COTAS;5176357.321835000000000;
202408;2556;9970000000;VL_PG_RC;-305.570000000000000;
202408;2395;1994001811;COTAS;9769782.600728000000000;
202408;3126;2001000774;COTAS;600703.482323000000000;
202408;2721;2004002018;VL_PG_RC;92180.980000000000000;
202408;3126;2007002019;COTAS;1628507.388599000000000;
202408;2395;9970000000;VL_PG_RC;0.000000000000000;
202408;2796;1993002529;COTAS;19041348.940877000000000;26218376000160
202408;2258;2019002256;CAIXA;0.000000000000000;
202408;3188;1989000983;COTAS;29822135.981059000000000;18270776000197
202408;2422;1994003847;OPERACAO_PARTICIPANTE;64.910000000300000;
202408;3126;2001001983;COTAS;2664911.737538000000000;
202408;2258;2019003147;COTAS;907998.069282000000000;50620435000107
202408;3188;1989000983;COTAS;35891478.190011000000000;25244544000120
202408;2395;1994001811;COTAS;412860.934439000000000;
202408;2422;2002002665;ACOES;1216.070000000000000;
202408;2796;1993002529;VL_PG_RC;-372.800000000000000;
202408;3188;1994002565;OPERACAO_PARTICIPANTE;433329.910002233300000;
202408;2422;2002002738;ACOES;13251.070000000000000;
202408;3126;2001001983;COTAS;1341968.250329000000000;
202408;3188;1996001647;COTAS;163901.087020000000000;
202408;2395;9970000000;CAIXA;111060.420000000000000;
202408;3126;2008000192;COTAS;20564850.753395000000000;
202408;2258;2019003211;CAIXA;157.500000000000000;
202408;2422;1994003383;VL_PG_RC;63426.760000000000000;
202408;2422;2002002738;CAIXA;195571.740000000000000;
202408;2811;1993002774;COTAS;17399910.125383000000000;
202408;2422;2002002819;IMOVEIS;377277.520000000000000;
202408;2258;2019003211;VL_PG_RC;-2748.920000000000000;
202408;3188;1996001647;COTAS;363406.985632000000000;36178602000180
202408;2422;1994003911;VL_PG_RC;722065.680000000000000;
202408;3126;2005005811;COTAS;1688326.936845000000000;
202408;3188;1997001047;COTAS;67257985.802750000000000;29298975000120
202408;2811;1993002774;COTAS;8640265.014579000000000;
202408;3126;2005005811;COTAS;485671.011097000000000;
202408;2258;2019003392;COTAS;78277.978040000000000;50634860000155
202408;3126;2008000192;COTAS;5488604.617118000000000;
202408;2422;2002002819;VL_PG_RC;162184.680000000000000;
202408;2561;1999000447;COTAS;73014224.757009000000000;
202408;2258;2020001111;COTAS;34684451.432891000000000;50625158000125
202408;3126;2008000192;COTAS;3932194.712843000000000;
202408;2422;2002003238;VL_PG_RC;216657.150000000000000;
202408;2258;2020001111;VL_PG_RC;-66354.140000000000000;
202408;3188;1997001047;COTAS;8488692.792463000000000;34613727000166
202408;2422;2002003483;IMOVEIS;975241.820000000000000;
202408;2561;1999000447;COTAS;72486.466989000000000;
202408;2258;2020001292;VL_PG_RC;-32936.690000000000000;
202408;3126;2008000192;COTAS;19200123.097890000000000;
202408;2422;2002003556;ACOES;8493.480000000000000;
202408;2258;2020002019;CAIXA;1210664.180000000000000;
202408;3126;2005005811;COTAS;11891212.995587000000000;
202408;3126;2008001229;COTAS;19403168.809425000000000;
202408;2422;2002003718;OPERACAO_PARTICIPANTE;7953.650000155100000;
202408;2561;1999000447;IMOVEIS;53994351.000000000000000;
202408;3126;2009000447;COTAS;5297820.389959000000000;
202408;2422;2002003238;OPERACAO_PARTICIPANTE;11131.210000161800000;
202408;2422;2002004447;CAIXA;3066364.100000000000000;
202408;2811;1993002774;COTAS;14033723.544953000000000;
202408;3126;2009000447;COTAS;765800.257153000000000;
202408;3126;2006001183;COTAS;8616008.870378000000000;
202408;2484;2004001992;COTAS;33856275.229121000000000;42865537000164
202408;2811;1993002774;COTAS;14030807.070056000000000;
202408;3126;2010000129;COTAS;563950.692264000000000;
202408;2484;2004001992;COTAS;135112792.430217000000000;49962448000185
202408;3188;1998004856;COTAS;17920335.567097000000000;29298975000120
202408;3126;2010000129;COTAS;270041.930590000000000;
202408;2258;2020002019;VL_PG_RC;-55299.510000000000000;
202408;2484;2005000183;COTAS;43741047.847243000000000;14985743000172
202408;2422;2002003483;ACOES;9987.310000000000000;
202408;2561;2014000174;COTAS;104568045.623179000000000;
202408;2258;2022003047;CAIXA;24035.280000000000000;
202408;2258;9970000000;CAIXA;361191.960000000000000;
202408;3126;2010002547;COTAS;123829402.836572000000000;
202408;2484;2005000183;COTAS;8721888.755181000000000;42865470000168
202408;3126;2006001183;COTAS;4815051.730586000000000;
202408;2811;1993002774;COTAS;9145541.570881000000000;
202408;2422;2002003483;COTAS;7723407.899078000000000;14205056000197
202408;2811;1993002774;COTAS;885250.277906000000000;
202408;2422;2002003556;OPERACAO_PARTICIPANTE;228386.889997916800000;
202408;2811;9970000000;CAIXA;19548.220000000000000;
202408;3188;1998004856;COTAS;2664951.818177000000000;36178602000180
202408;3126;2010002792;COTAS;522216.154372000000000;
202408;3188;1998005674;TIT_PUB;32010655.060000000000000;
202408;2484;2005000183;VL_PG_RC;-4661.440000000000000;
202408;2292;1990002129;COTAS;297747.246358000000000;
202408;2561;2014001219;COTAS;58278695.635351000000000;
202408;3188;1998006247;COTAS;17992655.571157000000000;10220241000108
202408;2292;1990002129;COTAS;540.521075000000000;
202408;3126;2006001183;COTAS;2596399.581718000000000;
202408;3188;1998006247;COTAS;19817191.630534000000000;10220247000177
202408;2484;9970000000;COTAS;788171.667723000000000;42865356000138
202408;2823;1994000392;COTAS;1108825.839035000000000;
202408;3126;2010002792;COTAS;1227335.708377000000000;
202408;2511;1992001529;COTAS;1797035980.776022000000000;05211523000109
202408;3126;2006001183;COTAS;4786779.867750000000000;
202408;3126;2010002792;COTAS;13551324.438167000000000;
202408;2525;1974000265;CAIXA;153130.750000000000000;
202408;2292;1998002756;COTAS;2958083.910135000000000;
202408;2422;2002004218;IMOVEIS;4459418.400000000000000;
202408;3188;1998006247;COTAS;8878212.153291000000000;25244544000120
202408;2422;2002004218;OPERACAO_PARTICIPANTE;2282233.659971366300000;
202408;2823;1994000392;COTAS;1117309.648030000000000;
202408;3188;1998006247;COTAS;9818187.592729000000000;34613727000166
202408;2525;1974000265;COTAS;67077711.962081000000000;41763054000196
202408;3126;2006003747;COTAS;104028.350713000000000;
202408;3188;1998006247;VL_PG_RC;-68948.460000000000000;
202408;3126;2010002792;COTAS;419270.454897000000000;
202408;2525;1974000265;COTAS;52217185.756287000000000;45521758000103
202408;2422;2002004374;ACOES;370.040000000000000;
202408;2823;1994000392;COTAS;569412.007619000000000;
202408;2561;2014001219;COTAS;87068442.887064000000000;
202408;2422;9970000000;COTAS;56397680.610772000000000;14205056000197
202408;3126;2006003747;COTAS;951327.307387000000000;
202408;3188;1999002792;COTAS;525113.666535000000000;
202408;2292;1998002756;COTAS;653343.191311000000000;
202408;2823;1994000465;COTAS;5656296.846779000000000;
202408;2292;1998002756;COTAS;41072.770535000000000;
202408;2561;2014001219;COTAS;87975020.433657000000000;
202408;2525;1979004511;COTAS;1998659.461689000000000;05194813000183
202408;3188;1999002792;COTAS;5378426.361375000000000;10214125000178
202408;3126;2012001483;COTAS;4946776.299769000000000;
202408;2484;2004001992;COTAS;43906242.653983000000000;42865356000138
202408;2292;1998002756;COTAS;22775183.777784000000000;
202408;2525;1979004511;COTAS;41878110.658244000000000;45494526000103
202408;2823;1994000465;COTAS;53556089.515697000000000;
202408;3126;2006003747;COTAS;44606.311424000000000;
202408;3126;2012001483;COTAS;0.007371000000000;
202408;2587;9970000000;CAIXA;4505.450000000000000;
202408;3126;2006003811;COTAS;415073.640001000000000;
202408;3188;1999002792;COTAS;43506.504457000000000;10220247000177
202408;3126;2006003811;COTAS;363124.981324000000000;
202408;2823;1994000465;COTAS;16960028.006650000000000;
202408;2484;2005000183;COTAS;16261188.753213000000000;49498790000176
202408;2292;1998002756;COTAS;8936420.151145000000000;
202408;2823;1994000538;COTAS;26301992.825910000000000;
202408;2511;1992001529;COTAS;562257116.011890000000000;06095369000101
202408;2292;1998002829;ACOES;3826.590000000000000;
202408;2823;1994000538;COTAS;17326750.233649000000000;
202408;3188;1999002792;COTAS;2026991.167065000000000;25244544000120
202408;2292;1998002829;COTAS;12654194.897436000000000;
202408;2823;1994000538;COTAS;39622719.325669000000000;
202408;2659;1995001783;OPERACAO_PARTICIPANTE;171094.389995741200000;
202408;3188;1999003756;COTAS;2529872.402287000000000;27565843000191
202408;2525;2009003756;COTAS;1853716.669832000000000;
202408;3126;2012001483;COTAS;2473622.311196000000000;
202408;2823;1994000538;VL_PG_RC;5557582.380000000000000;
202408;3188;1999003756;VL_PG_RC;-19619.390000000000000;
202408;3126;2006003811;COTAS;2737809.237764000000000;
202408;3126;2012001483;COTAS;2966371.773277000000000;
202408;2525;2009003756;TIT_PUB;313302780.690000000000000;
202408;3188;2000007856;CAIXA;291664.240000000000000;
202408;2511;1992001529;VL_PG_RC;-335268.930000000000000;
202408;3126;2012001483;COTAS;116802.914526000000000;
202408;2292;1998002829;COTAS;114803476.822882000000000;50799566000101
202408;2525;2020002256;COTAS;13043.740575000000000;
202408;2841;1993003592;COTAS;567493.911383000000000;
202408;2511;9970000000;CAIXA;7249.160000000000000;
202408;2525;2020002256;COTAS;854729.483072000000000;04573108000124
202408;2292;1998002829;VL_PG_RC;568955.610000000000000;
202408;2841;1993003592;COTAS;21447733.490234000000000;50825985000162
202408;2525;1974000265;VL_PG_RC;46153.660000000000000;
202408;2525;1979004511;COTAS;8530165.246701000000000;
202408;3126;2013000529;CAIXA;266893.140000000000000;
202408;2525;2023000556;VL_PG_RC;-12.760000000000000;
202408;2292;2016000392;COTAS;48980316.119594000000000;
202408;2525;1979004511;COTAS;247320.534137000000000;
202408;3188;2000007856;COTAS;1870161.536949000000000;
202408;3126;2006003992;CAIXA;101586.220000000000000;
202408;2525;1979004511;IMOVEIS;1722200.000000000000000;
202408;3188;2001000847;COTAS;194080.231565000000000;
202408;2659;2000002447;COTAS;9890722.200432000000000;
202408;3126;2006003992;COTAS;6747611.955295000000000;
202408;2525;9970000000;CAIXA;21640.780000000000000;
202408;2556;1993000119;COTAS;90933.351528000000000;
202408;2659;2000002447;COTAS;16658816.984303000000000;
202408;3126;2018000756;COTAS;1693005.135615000000000;
202408;2525;2009003756;COTAS;19431174.092954000000000;
202408;2292;2016000392;COTAS;3092.726359000000000;
202408;3188;2001000847;COTAS;2735922.533293000000000;10214125000178
202408;3126;2018000756;COTAS;1671284.063716000000000;
202408;3126;2006004011;CAIXA;72314.560000000000000;
202408;2292;2016000392;COTAS;8202499.727243000000000;41562294000122
202408;2556;1993000119;COTAS;98004207.485286000000000;
202408;2659;9970000000;VL_PG_RC;0.000000000000000;
202408;2292;2018002538;COTAS;447213.600000000000000;
202408;3188;2001000847;COTAS;2502362.422625000000000;25244544000120
202408;2841;1993003592;VL_PG_RC;-9320.770000000000000;
202408;3126;2006004011;COTAS;1209591.924581000000000;
202408;3126;2018000756;COTAS;3650180.008108000000000;
202408;2693;1993000811;CAIXA;5893.960000000000000;
202408;2292;2018002538;COTAS;562324.006902000000000;
202408;2556;1993000119;COTAS;509306.523209000000000;
202408;3126;2021001156;COTAS;321033.238303000000000;
202408;2693;1993000811;COTAS;31522847.926733000000000;
202408;3126;2006004011;COTAS;185082788.164816000000000;49508512000152
202408;3126;2021001318;COTAS;4226829.811098000000000;
202408;3188;2001000847;COTAS;4101743.541713000000000;29298975000120
202408;2841;2005004529;COTAS;18250.302575000000000;
202408;3161;1994004118;COTAS;10197808.896640000000000;
202408;3188;2002000565;COTAS;672202.908930000000000;
202408;3188;2003000283;COTAS;1355302.587858000000000;
202408;2693;1993000811;COTAS;6213200.977199000000000;
202408;3126;2007002019;COTAS;1565996.873393000000000;
202408;3188;2003000283;COTAS;10248547.623163000000000;18270776000197
202408;2693;2021001938;COTAS;586508.868576000000000;48330517000175
202408;3161;1994004118;COTAS;3423176.359306000000000;
202408;2292;2018002538;COTAS;157584326.691656000000000;
202408;2721;9970000000;COTAS;1067829.793031000000000;13914334000112
202408;3161;2005005111;COTAS;641904.381054000000000;
202408;2292;2018002538;COTAS;338344.264602000000000;
202408;2796;2015001174;COTAS;201066082.140147000000000;14298810000180
202408;3161;2005005111;VL_PG_RC;-130870.850000000000000;
202408;2292;2018002538;COTAS;1987309.496515000000000;
202408;3188;2003000747;CAIXA;5162.750000000000000;
202408;2292;2018002538;COTAS;34107466.332491000000000;41562294000122
202408;3161;9970000000;CAIXA;21439.450000000000000;
202408;2302;1988000319;COTAS;21458882.331922000000000;29106500000194
202408;2556;1998007618;COTAS;-450271.234933000000000;
202408;3174;1994004029;COTAS;186456606.300001000000000;19602004000178
202408;2796;2015001174;COTAS;14748184.863190000000000;21624743000102
202408;2556;1998007618;COTAS;28645937.439619000000000;
202408;3174;9970000000;COTAS;18768069.030068000000000;
202408;2796;9970000000;CAIXA;201290.230000000000000;
202408;2302;1988000319;VL_PG_RC;-0.010000000000000;
202408;2556;1998007618;COTAS;23688598.827240000000000;
202408;3188;2003000747;COTAS;238874.764185000000000;
202408;3126;2007002019;COTAS;164022.160505000000000;
202408;3174;9970000000;COTAS;584873.620000000000000;
202408;3188;2003000747;COTAS;1761342.284530000000000;18270776000197
202408;3126;2008000192;COTAS;404450.845374000000000;
202408;2302;1988000483;COTAS;97794273.464077000000000;17786540000145
202408;3188;2004002174;CAIXA;77533.530000000000000;
202408;2302;1988000483;OPERACAO_PARTICIPANTE;167097205.850000000000000;
202408;2556;2018001574;COTAS;1692404.479405000000000;
202408;2525;2009003756;VL_PG_RC;-1935.940000000000000;
202408;2841;2005004529;COTAS;3968007.198185000000000;
202408;2841;2005004529;OPERACAO_PARTICIPANTE;7767767.029882409000000;
202408;2525;2020002256;CAIXA;36049.650000000000000;
202408;3126;2008000192;COTAS;1534761.556143000000000;
202408;2525;2020002256;COTAS;90030.340641000000000;41763054000196
202408;3188;2004002174;COTAS;12201083.283752000000000;
202408;2302;1988002011;COTAS;240988926.307973000000000;03100395000192
202408;2841;2005004611;ACOES;9194735.480000000000000;
202408;2525;2020002256;COTAS;309805.852441000000000;45521758000103
202408;2811;1993002774;COTAS;6654253.408705000000000;
202408;2316;1979000719;COTAS;497775.795164000000000;27292836000163
202408;2841;2005004611;COTAS;260456.128940000000000;
202408;2811;1993002774;COTAS;1741119.780913000000000;
202408;2316;2015001311;COTAS;6311438.275727000000000;
202408;3126;2008000192;COTAS;3703748.002232000000000;
202408;2525;2023000556;COTAS;868947.815239000000000;45521758000103
202408;3188;2004002174;COTAS;70308239.067271000000000;18270776000197
202408;3174;9970000000;COTAS;16148629.679727000000000;
202408;2841;2005004611;COTAS;57225614.142091000000000;
202408;2811;1993002774;COTAS;876020.694921000000000;
202408;2316;2015001311;COTAS;64632527.638566000000000;27292836000163
202408;3126;2008000192;COTAS;16732.185860000000000;
202408;2811;9970000000;COTAS;74613.511702000000000;
202408;3126;2008000192;VL_PG_RC;566671.800000000000000;
202408;2841;4028410029;VL_PG_RC;-1043.710000000000000;
202408;2316;2015001311;IMOVEIS;24661447.740000000000000;
202408;3126;2008001229;COTAS;28200890.546575000000000;
202408;2854;1995002518;CAIXA;410.750000000000000;
202408;2854;2022000447;COTAS;2736911.490989000000000;
202408;2556;2018001574;TIT_PRIV;988949.200000000000000;
202408;3126;2008001229;VL_PG_RC;767656.380000000000000;
202408;2316;2015001311;OPERACAO_PARTICIPANTE;19537191.129895132300000;
202408;2525;2023000556;COTAS;391967.152619000000000;54874511000161
202408;3126;2009000447;COTAS;683286.842033000000000;
202408;2525;9970000000;VL_PG_RC;-71186.720000000000000;
202408;3126;2010002792;COTAS;10707.893085000000000;
202408;3188;2005000256;COTAS;420845.856771000000000;
202408;3126;2012001483;COTAS;2039146.698587000000000;
202408;2909;1993003411;CAIXA;829687.060000000000000;
202408;2316;2015001492;IMOVEIS;38824649.280000000000000;
202408;2909;1993003411;COTAS;672640992.027634000000000;34867805000159
202408;2556;1993000119;COTAS;822743.069475000000000;
202408;3188;1989000983;COTAS;25929114.639345000000000;29298975000120
202408;2316;2023001447;COTAS;26236.071472000000000;
202408;3126;2012001483;COTAS;11279.897761000000000;
202408;2556;1993000119;COTAS;-9527.329942000000000;
202408;2561;1999000447;VL_PG_RC;-1580.560000000000000;
202408;3188;1994002565;COTAS;3153890.961400000000000;
202408;3126;2012001483;VL_PG_RC;16813.320000000000000;
202408;2659;2000002447;COTAS;10641202.040003000000000;
202408;2556;1993000119;COTAS;172922.199883000000000;
202408;3188;1994002565;COTAS;324445.790458000000000;36178602000180
202408;2333;2019000938;CAIXA;37463.350000000000000;
202408;2823;1994000392;COTAS;977744.410009000000000;
202408;2659;2000002447;COTAS;18629039.190413000000000;
202408;3188;2005000256;COTAS;15035841.410721000000000;29298975000120
202408;2823;1994000392;COTAS;4585144.304472000000000;
202408;3126;2018000756;COTAS;6397805.303841000000000;
202408;2556;1993000119;COTAS;1601081.712733000000000;
202408;3188;2005000256;COTAS;1695878.429748000000000;36178602000180
202408;2333;2019000938;COTAS;8682242.011462000000000;
202408;2556;1993000119;COTAS;11844289.892760000000000;
202408;2659;2000002447;COTAS;15916491.570001000000000;
202408;2333;2019000938;COTAS;6088623.113617000000000;
202408;2823;1994000392;COTAS;365870.068971000000000;
202408;2556;1998007618;COTAS;330024.400000000000000;
202408;3188;2005001211;COTAS;866268.007856000000000;
202408;3188;1996001647;COTAS;2130530.939860000000000;10214125000178
202408;2556;1998007618;COTAS;6516961.774499000000000;
202408;3126;2018000756;VL_PG_RC;-7551.840000000000000;
202408;2659;2000002447;COTAS;9882310.990102000000000;
202408;2333;9970000000;COTAS;19860787.512790000000000;
202408;2909;1993003411;COTAS;208821634.228616000000000;34867818000128
202408;3188;2005001211;TIT_PUB;29452528.140000000000000;
202408;2556;1998007618;COTAS;57417659.982659000000000;
202408;2909;2016000465;OPERACAO_PARTICIPANTE;3198473.550000000000000;
202408;3126;2021001156;COTAS;1249820.869332000000000;
202408;2823;1994000392;COTAS;268668.952878000000000;
202408;2556;1998007618;OPERACAO_PARTICIPANTE;43981929.790928000000000;
202408;3126;2021001156;COTAS;383472.585091000000000;
202408;3188;1996001647;COTAS;2336912.977063000000000;25244544000120
202408;2693;1993000811;COTAS;10116548.102983000000000;
202408;3188;2005006483;COTAS;752803.425607000000000;
202408;2912;1993003738;COTAS;1782998.902507000000000;36180787000168
202408;3126;2021001229;COTAS;489185.336139000000000;
202408;2823;1994000392;COTAS;522573.078001000000000;
202408;2556;1998007618;TIT_PUB;911870932.450000000000000;
202408;3188;2005006483;COTAS;33232.399301000000000;10220247000177
202408;3188;1996004883;COTAS;87606635.557450000000000;10220241000108
202408;2556;9970000000;COTAS;3613.559910000000000;
202408;3188;2005006483;COTAS;6860407.167977000000000;25244544000120
202408;3188;1996004883;COTAS;28913.994882000000000;34613727000166
202408;2823;1994000392;COTAS;628819.506752000000000;
202408;2395;1994001811;COTAS;17208785.149748000000000;
202408;2823;1994000465;CAIXA;1817301.790000000000000;
202408;2693;1993000811;COTAS;6520632.254217000000000;
202408;3161;1994004118;CAIXA;22604.450000000000000;
202408;2561;2014000174;COTAS;135759760.334399000000000;
202408;2395;1994001811;COTAS;626609.668256000000000;
202408;3161;1994004118;COTAS;11594738.874636000000000;
202408;2912;1993003738;OPERACAO_PARTICIPANTE;339831.300000000000000;
202408;2395;1994001811;COTAS;18095372.862825000000000;
202408;3188;2005006483;COTAS;1845820.016634000000000;27565843000191
202408;2912;2005006711;VL_PG_RC;-10071.010000000000000;
202408;2823;1994000465;COTAS;69626587.143909000000000;
202408;3188;1996004883;TIT_PUB;975054341.600000000000000;
202408;3188;2007003074;COTAS;328068.903295000000000;
202408;3161;1994004118;COTAS;3599579.567068000000000;
202408;2823;1994000465;COTAS;61298557.315343000000000;
202408;2561;2014000174;COTAS;97834255.789285000000000;
202408;3161;1994004118;COTAS;10698668.676311000000000;
202408;2395;1994001811;TIT_PUB;285447412.180000000000000;
202408;3188;1997001047;COTAS;3234889.500775000000000;
202408;3188;2007003074;COTAS;1389980.998212000000000;10220241000108
202408;2693;2021001938;COTAS;194003.687178000000000;
202408;2422;1982001356;CAIXA;2538.870000000000000;
202408;3188;1997001047;COTAS;17549260.218711000000000;27565843000191
202408;3188;2007003074;COTAS;818038.709397000000000;10220247000177
202408;2422;1982001747;CAIXA;295077.860000000000000;
202408;3188;1998004856;VL_PG_RC;-102870.980000000000000;
202408;3188;2007003074;COTAS;761357.597212000000000;25244544000120
202408;2912;9970000000;CAIXA;4723.050000000000000;
202408;2422;1994003383;IMOVEIS;147526.900000000000000;
202408;2823;1994000465;COTAS;43014976.035920000000000;
202408;3188;1998005674;COTAS;1868162.865722000000000;18270776000197
202408;2561;9970000000;COTAS;2153865.522141000000000;
202408;2823;1994000465;COTAS;83060546.976591000000000;
202408;3188;2009002156;COTAS;10143553.633927000000000;
202408;2823;1994000465;COTAS;40452592.966984000000000;
202408;3161;1994004118;VL_PG_RC;-542954.220000000000000;
202408;2659;1995001783;CAIXA;68358.310000000000000;
202408;3161;2005005111;COTAS;3521203.236425000000000;
202408;2823;1994000465;TIT_PUB;129839672.970000000000000;
202408;2693;2021001938;COTAS;89298.736143000000000;
202408;2659;2000002447;COTAS;21091211.730000000000000;
202408;2823;2009000218;VL_PG_RC;0.000000000000000;
202408;2931;1994000211;CAIXA;23304.380000000000000;
202408;2422;1994003911;CAIXA;308913.810000000000000;
202408;3188;2009002156;TIT_PUB;709124082.010000000000000;
202408;2931;1994000211;COTAS;11625023.025792000000000;
202408;2422;2002002665;COTAS;1211040.087296000000000;14205056000197
202408;3188;2010000374;COTAS;358621.698153000000000;27565843000191
202408;2841;1993003592;OPERACAO_PARTICIPANTE;304169.699994984800000;
202408;3188;1998005674;COTAS;259184.239233000000000;27565843000191
202408;2422;2002002665;OPERACAO_PARTICIPANTE;848.030000014600000;
202408;3161;2005005111;COTAS;2039561.779328000000000;
202408;2693;9970000000;VL_PG_RC;-14469.450000000000000;
202408;2659;2000002447;COTAS;260155461.479978000000000;04899165000106
202408;2931;1994000211;COTAS;5282584.884138000000000;
202408;2422;2002002819;ACOES;3863.860000000000000;
202408;2721;2004002018;COTAS;6531261.304343000000000;
202408;2659;2000002447;VL_PG_RC;-1232660.150000000000000;
202408;3188;1998006247;COTAS;4993607.277233000000000;27565843000191
202408;3188;2010000374;VL_PG_RC;-11944.820000000000000;
202408;3188;1999002792;COTAS;1374683.087892000000000;18270776000197
202408;3161;2005005111;COTAS;1272749.678085000000000;
202408;3188;2010003047;COTAS;53065.486327000000000;
202408;3188;1999002792;COTAS;12318033.209337000000000;29298975000120
202408;2841;2005004529;ACOES;24275059.220000000000000;
202408;2422;2002003483;VL_PG_RC;408357.380000000000000;
202408;2931;1994000211;COTAS;4708493.460423000000000;
202408;3188;1999003756;COTAS;1625498.465188000000000;
202408;2422;2002004218;COTAS;116676984.901173000000000;14205056000197
202408;3188;1999003756;COTAS;18449857.790872000000000;29298975000120
202408;2693;1993000811;COTAS;67339141.800000000000000;39818045000103
202408;3161;2005005111;COTAS;323806.212871000000000;
202408;3188;2010003292;COTAS;88562.019553000000000;36178602000180
202408;3188;1999003756;COTAS;1190861.505306000000000;34613727000166
202408;2693;2021001938;COTAS;83460.908648000000000;
202408;2422;2002004374;COTAS;125260.209620000000000;14205056000197
202408;3188;2010003292;TIT_PRIV;966332.700000000000000;
202408;2931;1994000211;COTAS;24158079.629917000000000;
202408;2721;2004002018;COTAS;7083545.853308000000000;
202408;2841;2005004529;COTAS;1250721.578802000000000;
202408;2721;2004002018;CAIXA;55660.640000000000000;
202408;2841;2005004529;VL_PG_RC;-9259271.810000000000000;
202408;2422;9970000000;ACOES;6299.800000000000000;
202408;3161;9970000000;COTAS;4974197.186907000000000;
202408;2721;9970000000;VL_PG_RC;-4328.980000000000000;
202408;2841;9970000000;COTAS;591264.910019000000000;
202408;2484;2004001992;COTAS;43002080.747580000000000;42865470000168
202408;3188;2010003365;COTAS;13601083.576752000000000;10214125000178
202408;2796;2015001174;CAIXA;49234.920000000000000;
202408;2484;2004001992;VL_PG_RC;-15378.580000000000000;
202408;2931;1994000211;COTAS;2088558.969558000000000;
202408;2811;1993002774;CAIXA;1513763.430000000000000;
202408;2841;9970000000;COTAS;1958906.308952000000000;51983827000101
202408;2796;2015001174;COTAS;175321563.251786000000000;14298797000160
202408;3188;2010003365;COTAS;2878160.587469000000000;36178602000180
202408;2484;2005000183;COTAS;42331558.878783000000000;18138920000136
202408;2796;2015001174;VL_PG_RC;3774.740000000000000;
202408;3174;1994004029;COTAS;16981137.949707000000000;
202408;3188;1999003756;TIT_PUB;107769471.940000000000000;
202408;2854;2022000447;CAIXA;709.200000000000000;
202408;2796;9970000000;COTAS;4759148.276228000000000;
202408;3174;1994004029;COTAS;20075092.710244000000000;
202408;3188;2001000847;COTAS;98060.521864000000000;
202408;2909;2010004711;COTAS;821737.281481000000000;34867797000140
202408;2931;1994000211;COTAS;12196876.094222000000000;
202408;3174;1994004029;OPERACAO_PARTICIPANTE;60060524.589610017500000;
202408;2909;2010004711;VL_PG_RC;-2034.170000000000000;
202408;2484;2005000183;COTAS;18115018.801166000000000;42865537000164
202408;3188;1989000983;COTAS;26743206.962960000000000;10220241000108
202408;2912;1993003738;COTAS;4692469.049102000000000;08830058000174
202408;2484;9970000000;VL_PG_RC;53285.230000000000000;
202408;3188;1989000983;COTAS;18024065.349916000000000;34613727000166
202408;2525;1974000265;OPERACAO_PARTICIPANTE;32580103.840225669400000;
202408;3188;2001000847;COTAS;557586.241769000000000;
202408;2991;1985000547;COTAS;3723911.631889000000000;
202408;2811;1993002774;COTAS;23089693.041981000000000;
202408;3188;1989000983;TIT_PUB;174309340.410000000000000;
202408;3188;2001000847;COTAS;181699.027845000000000;36178602000180
202408;2525;1974000265;TIT_PUB;1080922374.760000000000000;
202408;3188;1994002565;CAIXA;3639.710000000000000;
202408;3188;1994002565;COTAS;4033403.211772000000000;
202408;2912;1993003738;COTAS;4875496.419204000000000;09564278000166
202408;2811;1993002774;COTAS;9106624.786024000000000;
202408;2811;1993002774;COTAS;66153421.695514000000000;
202408;3188;1994002565;VL_PG_RC;137797.190000000000000;
202408;2811;1993002774;COTAS;18633324.646811000000000;
202408;3188;2010003438;COTAS;1256597.605416000000000;10220241000108
202408;2991;1994002492;COTAS;8745.000000000000000;
202408;2811;1993002774;COTAS;25607211.073903000000000;
202408;2811;1993002774;COTAS;181737487.891742000000000;54864529000182
202408;3188;2002000565;COTAS;6420934.206613000000000;29298975000120
202408;2912;2005006711;COTAS;140329631.427426000000000;09544240000121
202408;3188;1996001647;VL_PG_RC;-13398.040000000000000;
202408;2912;2005006711;COTAS;192893390.744028000000000;14435448000142
202408;2811;9970000000;COTAS;467131.141996000000000;
202408;3188;2010003438;COTAS;9610619.737055000000000;18270776000197
202408;2912;2005006711;COTAS;396451019.208900000000000;18138892000157
202408;2991;1994002492;COTAS;11128299.277619000000000;
202408;3188;1996004883;COTAS;5331583.157095000000000;
202408;3188;1997001047;COTAS;47893315.489335000000000;18270776000197
202408;2811;1993002774;COTAS;31041741.744325000000000;
202408;2912;2005006711;OPERACAO_PARTICIPANTE;11783261.914888000000000;
202408;3188;2002000565;COTAS;1600937.855065000000000;34613727000166
202408;2811;1993002774;OPERACAO_PARTICIPANTE;1754010.730000000000000;
202408;2525;1979004511;VL_PG_RC;-1972056.000000000000000;
202408;3188;2003000283;COTAS;154259.290620000000000;
202408;2991;1994002492;COTAS;11736490.358603000000000;
202408;2525;2009003756;COTAS;2993584.654976000000000;
202408;2926;1998002519;CAIXA;0.000000000000000;
202408;3188;2010003438;COTAS;1777356.623274000000000;34613727000166
202408;3188;2003000283;COTAS;6251777.212062000000000;29298975000120
202408;2991;9970000000;COTAS;2221719.191731000000000;
202408;3188;1997002183;COTAS;118009.531561000000000;
202408;2931;1994000211;COTAS;10730542.000000000000000;
202408;2811;9970000000;COTAS;925168.146178000000000;
202408;3188;2010005074;COTAS;465627.137197000000000;27565843000191
202408;3188;1998004856;COTAS;299196.287224000000000;
202408;2823;1994000392;COTAS;3394001.335052000000000;
202408;3188;2003000747;COTAS;39389.558204000000000;
202408;3188;2010005074;VL_PG_RC;-6604.090000000000000;
202408;3006;1994002174;ACOES;1.880000000000000;
202408;2823;1994000392;COTAS;3793384.946052000000000;
202408;2525;2009003756;COTAS;411918837.143508000000000;
202408;2823;1994000392;COTAS;13675508.399644000000000;
202408;3188;1998004856;COTAS;7194231.257379000000000;10220241000108
202408;2823;1994000392;COTAS;557181.316550000000000;
202408;2931;1994000211;COTAS;98588222.895717000000000;
202408;3006;1994002174;COTAS;48582.465488000000000;
202408;3188;2010005211;TIT_PUB;73819344.300000000000000;
202408;3006;1994002174;VL_PG_RC;-854195.870000000000000;
202408;3188;2003000747;COTAS;127925.443432000000000;
202408;2823;1994000465;COTAS;34699881.984507000000000;
202408;3023;1979003718;COTAS;5272166.017199000000000;
202408;2823;1994000465;COTAS;19428689.939426000000000;
202408;3188;1998004856;COTAS;2537063.485326000000000;34613727000166
202408;3188;2012000665;COTAS;1228454.340549000000000;
202408;2931;1994000211;COTAS;42014364.987054000000000;
202408;2823;1994000465;COTAS;16415.819592000000000;
202408;3188;1998005674;COTAS;4454877.514197000000000;29298975000120
202408;2931;1994000211;COTAS;24396262.095581000000000;
202408;2823;1994000465;COTAS;12544769.364035000000000;
202408;2525;2009003756;COTAS;259508566.869629000000000;04573108000124
202408;3188;2012000665;COTAS;1578335.825369000000000;10214125000178
202408;2823;1994000465;COTAS;11497185.154256000000000;
202408;3023;1979003718;VL_PG_RC;-9286.860000000000000;
202408;2525;2009003756;COTAS;22395416.089897000000000;45494526000103
202408;3188;1998006247;COTAS;29410013.781106000000000;18270776000197
202408;3188;2003001638;COTAS;510847.487184000000000;
202408;2823;1994000538;COTAS;407579348.384036000000000;
202408;3023;9970000000;VL_PG_RC;-4680.550000000000000;
202408;2525;2009003756;COTAS;82200659.947049000000000;45521758000103
202408;2823;1994000538;COTAS;73349228.878109000000000;
202408;3188;2003001638;COTAS;302837.666369000000000;36178602000180
202408;3037;1994001119;COTAS;12000519.222392000000000;
202408;2931;1994000211;COTAS;9321690.962803000000000;
202408;2823;1994000538;COTAS;133339351.316827000000000;
202408;3188;1998006247;OPERACAO_PARTICIPANTE;789114.730000000000000;
202408;3037;1994001119;COTAS;27047.385660000000000;
202408;2525;2009003756;IMOVEIS;1644174.270000000000000;
202408;2823;1994000538;COTAS;25621308.975825000000000;
202408;3037;1994001119;COTAS;633750.213565000000000;
202408;3188;2013000456;COTAS;1666314.242557000000000;
202408;2991;1985000547;COTAS;1489037.043552000000000;
202408;2823;1994000538;COTAS;9649472.681433000000000;
202408;3188;2004002174;COTAS;9304651.594591000000000;
202408;3037;1994001119;COTAS;4775559.796050000000000;
202408;3188;2013000456;COTAS;6382487.467757000000000;10214125000178
202408;2823;1994000538;COTAS;18395205.239974000000000;
202408;3188;1999002792;COTAS;2530550.503247000000000;27565843000191
202408;3188;1999002792;TIT_PUB;74348469.920000000000000;
202408;3037;1994001119;COTAS;918683.181222000000000;
202408;3188;1999003756;COTAS;1933920.968055000000000;
202408;2823;2009000218;COTAS;78996.079973000000000;
202408;2525;2020002256;COTAS;3029401.761314000000000;
202408;2991;1985000547;COTAS;2124926.170168000000000;47716645000199
202408;3188;2000007856;COTAS;3113863.804227000000000;10220241000108
202408;2991;1985000547;VL_PG_RC;-29889.540000000000000;
202408;2841;1993003592;COTAS;123889.458409000000000;51854557000120
202408;3188;2004002174;COTAS;18575615.515089000000000;10214125000178
202408;3188;2016000538;CAIXA;36855.820000000000000;
202408;2525;2020002256;COTAS;63276.413093000000000;
202408;2991;1994002492;COTAS;5541978.178473000000000;
202408;3037;1994001119;COTAS;59361370.443074000000000;
202408;3188;2005001211;COTAS;1833090.485557000000000;
202408;3188;2016000538;COTAS;3108121.200050000000000;
202408;2525;2020002256;COTAS;1009656.294549000000000;05194813000183
202408;3188;2000007856;COTAS;472981.594156000000000;34613727000166
202408;2991;1994002492;COTAS;3420058.730529000000000;
202408;3188;2005001211;VL_PG_RC;-25079.860000000000000;
202408;3188;2016000538;COTAS;20999942.217081000000000;18270776000197
202408;2525;2023000556;COTAS;6336388.495170000000000;
202408;3188;2000007856;VL_PG_RC;-71391.460000000000000;
202408;3188;2005006483;COTAS;736455.648152000000000;
202408;3037;1994001119;OPERACAO_PARTICIPANTE;769354.390000000000000;
202408;2525;2023000556;COTAS;507445.345393000000000;45494526000103
202408;2991;1994002492;COTAS;3272216.552534000000000;
202408;3188;2017000574;COTAS;2421155.346689000000000;27565843000191
202408;2841;1993003592;COTAS;123891.429250000000000;51983612000182
202408;3188;2005006483;COTAS;2814975.173428000000000;10220241000108
202408;2841;2005004529;COTAS;15833610.979127000000000;51911677000112
202408;2556;1993000119;COTAS;2154070.184452000000000;
202408;3188;2001000847;COTAS;331936.437639000000000;
202408;2991;1994002492;COTAS;9633290.580304000000000;
202408;2841;2005004611;COTAS;5118338.570007000000000;
202408;2556;1993000119;COTAS;2216899.958103000000000;
202408;2991;1994002492;COTAS;27843672.046037000000000;41978492000171
202408;3188;2005006483;COTAS;1531923.315589000000000;34613727000166
202408;3188;2017000574;VL_PG_RC;-44511.880000000000000;
202408;2556;1993000119;IMOVEIS;62353143.650000000000000;
202408;3188;2002000565;TIT_PUB;65229533.250000000000000;
202408;2991;1994002492;OPERACAO_PARTICIPANTE;7835167.280000000000000;
202408;3037;9970000000;CAIXA;7755.590000000000000;
202408;2841;2005004611;COTAS;110066772.154879000000000;51983612000182
202408;2556;1993000119;OPERACAO_PARTICIPANTE;9140004.707255000000000;
202408;2991;1994002492;TIT_PRIV;126893917.650000000000000;
202408;3188;2007003074;CAIXA;286.480000000000000;
202408;2556;1998007618;COTAS;8990.827020000000000;
202408;3188;2002000719;COTAS;1554531.717142000000000;
202408;3188;2007003074;COTAS;67320.805438000000000;
202408;2823;2009000218;CAIXA;455.340000000000000;
202408;3188;2007003074;COTAS;593552.160558000000000;10214125000178
202408;2991;1994002492;TIT_PUB;1130539098.630000000000000;
202408;3099;1994003065;VL_PG_RC;-52508.610000000000000;
202408;3188;2007003074;COTAS;326334.704937000000000;36178602000180
202408;2556;1998007618;COTAS;4379821.672755000000000;
202408;2841;2005004611;TIT_PRIV;0.000000000000000;
202408;2991;9970000000;VL_PG_RC;-587.090000000000000;
202408;3188;2017000711;COTAS;4872729.125766000000000;10214125000178
202408;2556;1998007618;COTAS;1067388.039876000000000;
202408;3188;2002000719;COTAS;22820893.200851000000000;10214125000178
202408;3188;2017000711;COTAS;3180188.395485000000000;36178602000180
202408;2556;1998007618;COTAS;11328926.787741000000000;
202408;3188;2009002156;COTAS;49403637.656500000000000;18270776000197
202408;2841;9970000000;CAIXA;6292.840000000000000;
202408;3006;1994002174;IMOVEIS;565000.000000000000000;
202408;2556;1998007618;COTAS;14179106.991171000000000;
202408;2854;1995002518;TIT_PUB;4573363.820000000000000;
202408;3006;9970000000;COTAS;854198.818701000000000;
202408;3188;2002000719;COTAS;5052760.718620000000000;10220247000177
202408;3188;2009002156;COTAS;25673338.811082000000000;27565843000191
202408;2841;1993003592;COTAS;580502.695338000000000;
202408;3006;9970000000;VL_PG_RC;-2.940000000000000;
202408;2556;1998007618;COTAS;22396391.219037000000000;
202408;3023;1979003718;TIT_PUB;200158136.270000000000000;
202408;2909;2016000465;COTAS;43418774.184067000000000;34867818000128
202408;3188;2010003047;COTAS;804723.500805000000000;18270776000197
202408;2556;1998007618;COTAS;77276574.151972000000000;41672376000120
202408;2909;2016000465;COTAS;48451526.541757000000000;34867829000108
202408;3188;2010003047;COTAS;103043.568872000000000;27565843000191
202408;2556;1998007618;VL_PG_RC;64812133.830000000000000;
202408;3023;2001001738;CAIXA;104597.300000000000000;
202408;3099;1999004892;COTAS;26227778.840000000000000;
202408;3023;2001001738;COTAS;581369733.403938000000000;38049520000161
202408;2909;9970000000;COTAS;3825901.149610000000000;34867797000140
202408;3099;1999004892;COTAS;202030270.049995000000000;04701028000107
202408;3188;2002000719;COTAS;6791538.152023000000000;25244544000120
202408;3188;2021003019;VL_PG_RC;-9305.320000000000000;
202408;2841;2005004529;COTAS;3355571.943937000000000;
202408;3099;1999005465;CAIXA;1579.740000000000000;
202408;3188;2003000283;COTAS;3675735.515403000000000;10220241000108
202408;2912;1993003738;CAIXA;5305.480000000000000;
202408;3126;1993001492;COTAS;821204.764339000000000;
202408;3023;2001001738;COTAS;74334800.147689000000000;38050501000155
202408;3188;2023000947;COTAS;168848.666740000000000;10220241000108
202408;2556;2018001574;CAIXA;10835.110000000000000;
202408;3126;1993001492;COTAS;1095308.668723000000000;
202408;3037;1994001119;COTAS;3941870.770187000000000;
202408;2556;2018001574;VL_PG_RC;-142.690000000000000;
202408;3126;1993001492;COTAS;1839237.273075000000000;
202408;3188;2010003292;OPERACAO_PARTICIPANTE;0.000000000000000;
202408;3126;1993002219;COTAS;5775690.800012000000000;
202408;3037;1994001119;COTAS;6929824.887301000000000;
202408;3126;1993002219;COTAS;7503273.500021000000000;
202408;3037;1994001119;COTAS;4364947.733614000000000;
202408;3188;2010003365;COTAS;3910629.829131000000000;10220247000177
202408;2556;9970000000;COTAS;70559.467370000000000;
202408;3126;1993002219;COTAS;10349283.314681000000000;
202408;3188;2010003365;COTAS;67827618.909562000000000;25244544000120
202408;2912;1993003738;COTAS;4887567.265856000000000;09636594000104
202408;2912;1993003738;COTAS;2393209.735971000000000;14435448000142
202408;3126;1993002219;COTAS;73376625.447320000000000;
202408;3188;2023000947;COTAS;552551.485049000000000;10220247000177
202408;2912;1993003738;TIT_PUB;35014314.860000000000000;
202408;3188;2023000947;VL_PG_RC;-98.200000000000000;
202408;2841;2005004529;COTAS;254523161.092045000000000;50819097000137
202408;2561;1999000447;CAIXA;91133.780000000000000;
202408;3188;2003000283;COTAS;7811.265004000000000;34613727000166
202408;2561;2014000174;COTAS;2753727.484931000000000;
202408;3188;2010003438;TIT_PUB;193952488.610000000000000;
202408;3037;1994001119;TIT_PUB;50060858.260000000000000;
202408;2912;9970000000;COTAS;1814138.169798000000000;18138892000157
202408;3126;1994001674;CAIXA;42930.550000000000000;
202408;2561;2014000174;VL_PG_RC;-9299.320000000000000;
202408;3188;2010005074;COTAS;699751.416586000000000;
202408;2841;2005004529;IMOVEIS;13816000.000000000000000;
202408;2926;1998002519;COTAS;0.010752000000000;
202408;3188;2010005211;CAIXA;145180.470000000000000;
202408;2841;2005004611;CAIXA;376453.980000000000000;
202408;2931;1994000211;COTAS;3824737.620000000000000;
202408;3126;1994002956;COTAS;10097062.216592000000000;
202408;2561;2014001219;COTAS;40547227.353127000000000;55174203000196
202408;2841;2005004611;COTAS;1315514.054358000000000;
202408;3188;9970000000;COTAS;51146990.327078000000000;25244544000120
202408;3099;1994003065;COTAS;161114301.940014000000000;13411833000197
202408;2659;1995001783;COTAS;60653171.679879000000000;13130811000159
202408;2841;2005004611;COTAS;1452344.542289000000000;
202408;3099;1994003065;OPERACAO_PARTICIPANTE;177601.979992530700000;
202408;3188;2003000283;TIT_PUB;32027089.560000000000000;
202408;2659;2000002447;COTAS;10977926.097869000000000;
202408;3188;2010005211;COTAS;8814982.857751000000000;
202408;3099;1994004411;VL_PG_RC;-1394.550000000000000;
202408;3126;1994002956;COTAS;14257972.285944000000000;
202408;3188;2010005211;COTAS;5219628.668756000000000;
202408;2841;2005004611;COTAS;109299261.428811000000000;51983827000101
202408;3126;1995000711;CAIXA;4000.000000000000000;
202408;3201;1994004274;CAIXA;586.180000000000000;
202408;3188;2012000665;CAIXA;35605.010000000000000;
202408;2659;2000002447;COTAS;19820444.940000000000000;
202408;3099;1997000318;CAIXA;1011.920000000000000;
202408;3188;2003000747;COTAS;1075491.845409000000000;10220241000108
202408;3251;1995001465;COTAS;107932.634140000000000;
202408;3188;2012000665;COTAS;2718909.498740000000000;
202408;3251;1995001465;COTAS;445255.499064000000000;
202408;3188;2003000747;COTAS;305679.429705000000000;34613727000166
202408;2931;1994000211;COTAS;2643847.155995000000000;
202408;3251;1995001465;COTAS;14467389.953897000000000;
202408;3099;1997000318;COTAS;5772207.473037000000000;
202408;2931;1994000211;COTAS;2362391.823687000000000;
202408;3099;1999004647;VL_PG_RC;-2322.410000000000000;
202408;2841;9970000000;VL_PG_RC;-2681.590000000000000;
202408;2931;1994000211;COTAS;8189892.740622000000000;
202408;3126;1995000711;COTAS;6524235.200878000000000;
202408;3304;1995002747;COTAS;3515944.457803000000000;
202408;3099;1999004892;COTAS;3797974.493852000000000;
202408;2931;1994000211;COTAS;26182880.200863000000000;
202408;3126;1995001147;COTAS;3163967.672212000000000;
202408;3099;1999005392;COTAS;23550561.990051000000000;04701028000107
202408;2659;2000002447;OPERACAO_PARTICIPANTE;30566953.178356773500000;
202408;3188;2012000665;COTAS;540744.068850000000000;36178602000180
202408;2854;2011000319;CAIXA;2777.940000000000000;
202408;3099;1999005392;VL_PG_RC;-13224.180000000000000;
202408;2693;1993000811;COTAS;41031282.831908000000000;41727284000108
202408;2931;1994000211;COTAS;3279302.215695000000000;
202408;3099;1999005465;COTAS;2170191.629999000000000;
202408;3188;2013000456;CAIXA;1593.000000000000000;
202408;2931;9970000000;VL_PG_RC;0.000000000000000;
202408;2854;2022000447;VL_PG_RC;-529.530000000000000;
202408;3099;2020003074;COTAS;1248241.363095000000000;04701028000107
202408;3126;1995002674;COTAS;554977.546892000000000;
202408;2693;2021001938;CAIXA;3000.580000000000000;
202408;3304;1995002747;COTAS;7032535.410133000000000;
202408;2991;1985000547;COTAS;1018400.639525000000000;
202408;3126;1993001492;COTAS;24644582.250290000000000;
202408;2693;2021001938;COTAS;2621382.409666000000000;
202408;2991;1994002492;COTAS;3053192.269054000000000;
202408;2854;9970000000;CAIXA;1874.700000000000000;
202408;3188;2003001638;CAIXA;397.360000000000000;
202408;2909;1993003411;COTAS;981787040.915872000000000;34867797000140
202408;3006;1994002174;CAIXA;2020.580000000000000;
202408;3188;2003001638;COTAS;966202.808712000000000;
202408;3126;1997000938;COTAS;0.418814000000000;
202408;3188;2013000456;COTAS;15600174.154163000000000;10220247000177
202408;3304;1995002747;COTAS;318569.345327000000000;
202408;3188;2003001638;COTAS;1103164.129750000000000;
202408;3126;1997000938;COTAS;15739208.530123000000000;
202408;2909;1993003411;COTAS;239062397.929650000000000;34867829000108
202408;3188;2003001638;COTAS;3565904.891241000000000;10220241000108
202408;3126;1993002219;CAIXA;12869.270000000000000;
202408;2693;2021001938;COTAS;145350.635418000000000;
202408;3304;1995002747;COTAS;2359284.046378000000000;
202408;3126;1993002219;COTAS;7184921.011857000000000;
202408;3188;2013000456;COTAS;2158005.641028000000000;25244544000120
202408;3188;2003001638;VL_PG_RC;-31781.640000000000000;
202408;3006;1994002174;COTAS;9507529.038869000000000;
202408;3188;2016000538;COTAS;2244853.351992000000000;
202408;3188;2005000256;COTAS;8077199.245502000000000;10220241000108
202408;3023;1979003718;CAIXA;3950781.520000000000000;
202408;3126;1993002219;COTAS;13377605.541582000000000;
202408;3126;1997001918;COTAS;111912711.237097000000000;
202408;3188;2005000256;COTAS;1045897.441067000000000;34613727000166
202408;3304;1995002811;COTAS;272525.966286000000000;
202408;3126;2000007074;COTAS;9990393.412547000000000;
202408;3304;1995002811;COTAS;4345702.871842000000000;
202408;3126;2000007074;VL_PG_RC;-226.530000000000000;
202408;3188;2016000538;COTAS;4078738.302021000000000;10214125000178
202408;2909;1993003411;OPERACAO_PARTICIPANTE;12874772.780484594900000;
202408;3304;1995002811;COTAS;507419.802950000000000;
202408;3188;2005000256;TIT_PUB;71899844.220000000000000;
202408;3188;2016000538;COTAS;8618367.717338000000000;10220247000177
202408;3304;1995002811;COTAS;6261982.706349000000000;
202408;2693;2021001938;COTAS;284261.335531000000000;
202408;3023;2001001738;COTAS;22423640.179188000000000;03618274000137
202408;2909;2016000465;COTAS;101767237.386798000000000;34867797000140
202408;3126;1993002219;COTAS;1857341.452976000000000;
202408;3023;2001001738;COTAS;760388205.464906000000000;32265488000175
202408;3188;2016000538;COTAS;6533526.736080000000000;25244544000120
202408;3304;1995002811;COTAS;3811523.916009000000000;
202408;3126;1994002956;VL_PG_RC;3095388.010000000000000;
202408;2693;2021001938;COTAS;802604.036804000000000;
202408;3126;2001000774;COTAS;1940244.059992000000000;
202408;3304;1995002811;COTAS;1367897.162796000000000;
202408;3126;1995000711;COTAS;10524091.669853000000000;
202408;2721;2004002018;COTAS;3521203.236425000000000;
202408;3188;2005001211;COTAS;235451.917742000000000;
202408;3304;1995002811;COTAS;1771524.279585000000000;
202408;2909;9970000000;CAIXA;183066.530000000000000;
202408;3037;1994001119;CAIXA;21835.900000000000000;
202408;3188;2005001211;COTAS;1697404.173464000000000;36178602000180
202408;3304;1995002811;COTAS;6905.241477000000000;
202408;3126;1995000711;COTAS;47576576.678192000000000;
202408;2721;2004002018;COTAS;15429857.181781000000000;
202408;3188;2007003074;VL_PG_RC;-4503.630000000000000;
202408;3126;2001000774;COTAS;1727728.406751000000000;
202408;2912;1993003738;COTAS;19312668.387768000000000;
202408;3188;2009002229;CAIXA;843801.830000000000000;
202408;3188;2017000711;COTAS;19250439.048494000000000;10220247000177
202408;3304;2011001838;CAIXA;6893.710000000000000;
202408;2912;1993003738;VL_PG_RC;0.000000000000000;
202408;3188;2010000374;COTAS;1800655.163944000000000;10214125000178
202408;3188;2017000711;COTAS;22021566.136927000000000;18270776000197
202408;3304;2011001838;COTAS;1209735.495232000000000;
202408;3188;2010000374;COTAS;1496428.894664000000000;10220247000177
202408;3126;1995001147;COTAS;0.022240000000000;
202408;3188;2017000711;COTAS;2299156.966385000000000;25244544000120
202408;2721;2004002018;COTAS;33705613.991386000000000;13425746000199
202408;3037;1994001119;COTAS;7493265.077437000000000;
202408;3188;2010000374;COTAS;642240.654957000000000;25244544000120
202408;3188;2019000865;COTAS;27526535.925928000000000;10220247000177
202408;3037;1994001119;COTAS;619186.749803000000000;
202408;3188;2010003047;COTAS;490008.037415000000000;29298975000120
202408;3126;2001000774;COTAS;1527464.422515000000000;
202408;3188;2019000865;COTAS;28028439.731029000000000;18270776000197
202408;3099;1994003065;CAIXA;933.080000000000000;
202408;3304;2011001838;COTAS;403165.512293000000000;
202408;2721;2004002018;COTAS;248335565.958659000000000;13914334000112
202408;3188;2019000865;COTAS;3387464.924013000000000;27565843000191
202408;3126;1995001147;COTAS;194972672.862335000000000;
202408;3099;1996002392;COTAS;58108.500000000000000;
202408;3188;2019001047;COTAS;33249.250078000000000;10220241000108
202408;3126;1995002674;COTAS;1309487.521749000000000;
202408;2912;2005006711;COTAS;143710222.647486000000000;36180787000168
202408;3188;2019001047;COTAS;24530.988328000000000;34613727000166
202408;3126;1997001918;COTAS;2240459.584681000000000;
202408;3126;2001001983;CAIXA;4000.000000000000000;
202408;3099;1996002392;COTAS;6384721.010013000000000;13411833000197
202408;2796;1993002529;COTAS;54601678.681114000000000;14298820000116
202408;3126;2005005811;COTAS;10213950.084105000000000;
202408;3188;2019001047;TIT_PUB;64343.810000000000000;
202408;2931;1994000211;COTAS;4474008.743076000000000;
202408;3188;2010003047;TIT_PUB;1056711.720000000000000;
202408;3126;2005005811;COTAS;157878.469035000000000;
202408;2931;1994000211;COTAS;2328163.164764000000000;
202408;3188;2010003292;COTAS;4224685.477599000000000;
202408;3304;2011001838;COTAS;382020.607652000000000;
202408;2931;1994000211;COTAS;12497668.256836000000000;
202408;3321;1995002992;CAIXA;3562.660000000000000;
202408;3126;2005005811;COTAS;2485367.649690000000000;
202408;3126;1997001918;COTAS;23891462.258921000000000;
202408;3099;1996002392;OPERACAO_PARTICIPANTE;5109.859999718400000;
202408;3126;1997001918;COTAS;5356571.085568000000000;
202408;3099;1997000318;COTAS;9302740.820267000000000;
202408;3188;2010003292;COTAS;3146235.927983000000000;29298975000120
202408;3126;2000007074;COTAS;48029360.296230000000000;
202408;3099;1997000318;COTAS;44318229.386371000000000;13411833000197
202408;3188;2010003292;COTAS;4337838.060293000000000;34613727000166
202408;3188;2021003019;COTAS;428173.152338000000000;
202408;3126;2005005811;COTAS;23771185.441886000000000;
202408;2931;1994000211;COTAS;50991982.288667000000000;
202408;3188;2010003292;IMOVEIS;23896732.400000000000000;
202408;3188;2010003292;TIT_PUB;338119566.870000000000000;
202408;2931;1994000211;COTAS;7078259.950873000000000;
202408;3099;1997000318;OPERACAO_PARTICIPANTE;119114.679999179400000;
202408;2796;1993002529;COTAS;39317714.307809000000000;21624743000102
202408;3188;2010003365;COTAS;4230990.346772000000000;
202408;3188;2021003019;COTAS;467757.009351000000000;29298975000120
202408;3126;2005005811;COTAS;85576.376052000000000;
202408;3126;2000007074;OPERACAO_PARTICIPANTE;1509092.630000000000000;
202408;3188;2021003019;COTAS;551559.699318000000000;34613727000166
202408;3321;1995002992;COTAS;138117.393939000000000;
202408;3126;2006001183;COTAS;3643246.641345000000000;
202408;2931;1994000211;COTAS;20835979.095871000000000;
202408;3099;1999004647;COTAS;107173.631367000000000;
202408;2796;2015001174;COTAS;55994212.939581000000000;14298820000116
202408;3126;2006003747;COTAS;66359.526894000000000;
202408;3188;2010003438;COTAS;18188537.346532000000000;29298975000120
202408;3126;2001000774;CAIXA;4000.000000000000000;
202408;3099;1999004892;VL_PG_RC;-199486.760000000000000;
202408;3188;2010005074;COTAS;2424202.339777000000000;10220247000177
202408;3321;1995002992;COTAS;5545920.566914000000000;
202408;3099;1999005392;COTAS;421045.686164000000000;
202408;3126;2006003811;COTAS;709186.860046000000000;
202408;2931;1994000211;COTAS;4358515.744841000000000;
202408;3188;2021003019;TIT_PUB;6203189.180000000000000;
202408;2811;1993002774;ACOES;10540154.300000000000000;
202408;3321;1995002992;COTAS;1862883.806213000000000;
202408;3126;2001000774;COTAS;450160.620718000000000;
202408;3099;1999005465;OPERACAO_PARTICIPANTE;5998150.209923454200000;
202408;2811;1993002774;COTAS;7608811.174637000000000;
202408;3126;2001001983;COTAS;1492621.711336000000000;
202408;3321;1995002992;COTAS;3911010.341157000000000;
202408;3188;2010005074;COTAS;2035957.896764000000000;25244544000120
202408;3321;1995002992;COTAS;72183.890552000000000;
202408;3188;2023000947;COTAS;107440.234762000000000;
202408;3099;2020003074;CAIXA;1178.970000000000000;
202408;2811;1993002774;COTAS;7497925.866169000000000;
202408;3126;2001001983;COTAS;15976859.125419000000000;
202408;3188;2023000947;COTAS;1865812.151849000000000;25244544000120
202408;3126;1993001492;COTAS;952451.949999000000000;
202408;2931;1994000211;COTAS;4275866.228575000000000;
202408;2811;1993002774;COTAS;9316444.308843000000000;
202408;3126;2006003992;COTAS;961440.800778000000000;
202408;3188;9970000000;COTAS;730561.544730000000000;18270776000197
202408;2931;9970000000;CAIXA;875.800000000000000;
202408;3126;2006003992;COTAS;6805292.132038000000000;
202408;3126;2005005811;CAIXA;8678.340000000000000;
202408;2991;1985000547;COTAS;1256803.160104000000000;
202408;2811;1993002774;COTAS;14011286.981759000000000;
202408;3188;2010005211;COTAS;2003252.468089000000000;
202408;2991;1994002492;COTAS;9938973.207009000000000;
202408;2811;1993002774;COTAS;31627731.410250000000000;
202408;3126;2005005811;COTAS;3447834.806972000000000;
202408;2991;1994002492;COTAS;3744771.798134000000000;
202408;2811;9970000000;COTAS;145927.980209000000000;
202408;3126;2006004711;COTAS;1938464.164473000000000;
202408;3188;2012000665;COTAS;1249211.609264000000000;
202408;3201;9970000000;VL_PG_RC;0.000000000000000;
202408;3126;2007002019;COTAS;1747665.473623000000000;
202408;3126;1993001492;COTAS;602796.034828000000000;
202408;3188;2012000665;COTAS;7723374.715691000000000;25244544000120
202408;3188;2013000456;COTAS;3058025.473028000000000;
202408;3251;1995001465;COTAS;1310357.680150000000000;
202408;2811;9970000000;VL_PG_RC;-1638.480000000000000;
202408;3188;2013000456;COTAS;3465682.683936000000000;36178602000180
202408;3251;1995001465;COTAS;1860383.100000000000000;
202408;2991;1994002492;COTAS;278481.711612000000000;
202408;3126;2007002019;COTAS;2466512.933529000000000;
202408;3251;1995001465;COTAS;49344242.544253000000000;
202408;2991;1994002492;COTAS;57893490.281796000000000;47716645000199
202408;3126;2007002019;COTAS;6543086.454215000000000;
202408;3188;2017000574;CAIXA;337.640000000000000;
202408;2991;1994002492;VL_PG_RC;-4850062.890000000000000;
202408;3126;2008000192;COTAS;687943.175073000000000;
202408;3188;2017000574;COTAS;3229319.842077000000000;10214125000178
202408;3023;2001001738;COTAS;492107243.024574000000000;
202408;3126;2006001183;COTAS;16003319.622985000000000;
202408;3023;2001001738;COTAS;33540161.424667000000000;
202408;3023;2001001738;TIT_PUB;817981338.680000000000000;
202408;3349;1995003638;COTAS;2955884.360011000000000;
202408;3188;2017000574;COTAS;14865684.116203000000000;10220247000177
202408;3251;1995001465;COTAS;10401565.570626000000000;
202408;3349;1995003638;COTAS;5887972.369910000000000;
202408;3188;2017000574;COTAS;2856447.247455000000000;25244544000120
202408;3251;1995001465;COTAS;2773067.497559000000000;
202408;3023;9970000000;COTAS;2503825.223909000000000;
202408;3126;2006001183;COTAS;6740027.839797000000000;
202408;3126;2008000192;COTAS;19065273.966947000000000;
202408;2823;1994000392;COTAS;649594.879442000000000;
202408;3188;2017000711;COTAS;2970624.571701000000000;
202408;3126;2008000192;COTAS;13911206.631791000000000;
202408;2823;1994000538;CAIXA;2473588.360000000000000;
202408;3349;1995003638;COTAS;5316960.000000000000000;
202408;3126;2006003811;COTAS;43015.789504000000000;
202408;3251;1995001465;COTAS;2981131.246736000000000;
202408;3126;1993002219;COTAS;4792753.416082000000000;
202408;3037;1994001119;COTAS;8854643.482394000000000;
202408;3126;2006003811;COTAS;367970.388124000000000;
202408;2823;1994000538;COTAS;63940724.634433000000000;
202408;3407;1995003247;COTAS;371041990.163095000000000;
202408;3126;2006003992;COTAS;8141749.140031000000000;
202408;3126;2008000192;COTAS;24583895.907854000000000;
202408;3126;1994002956;COTAS;72114791.770067000000000;
202408;3407;1995003247;COTAS;6733864.347616000000000;
202408;3188;2017000711;COTAS;3150901.044073000000000;27565843000191
202408;3126;2008000192;COTAS;2403083.210604000000000;
202408;3126;1995000711;COTAS;4180183.116163000000000;
202408;3407;1995003247;COTAS;140472.396487000000000;
202408;3037;1994001119;COTAS;19402749.491498000000000;
202408;3126;2008000192;COTAS;155311.870589000000000;
202408;3126;1995000711;COTAS;9450191.006582000000000;
202408;3411;2006000292;CAIXA;3879.760000000000000;
202408;3126;2008001229;COTAS;39704404.369392000000000;
202408;2823;1994000538;COTAS;13616190.788694000000000;
202408;3251;1995001465;COTAS;11383248.072317000000000;
202408;3188;2019000865;COTAS;16207007.963247000000000;29298975000120
202408;3126;2010000129;COTAS;1126096.946740000000000;
202408;2823;1994000538;COTAS;9368822.523163000000000;
202408;3251;1995001465;COTAS;19296209.646864000000000;
202408;3411;2016001429;CAIXA;1722.260000000000000;
202408;3188;2019001047;COTAS;40792.003644000000000;29298975000120
202408;2823;1994000538;COTAS;34246510.918735000000000;
202408;3411;2016001429;COTAS;14552274.578030000000000;13970020000137
202408;3188;2021003019;COTAS;822717.027418000000000;
202408;3037;1994001119;COTAS;74732770.984257000000000;
202408;3438;1988000556;VL_PG_RC;-144463.910000000000000;
202408;3037;1994001119;VL_PG_RC;700964.360000000000000;
202408;3438;1988003083;CAIXA;168257.430000000000000;
202408;3126;1995000711;COTAS;2735250.509096000000000;
202408;3126;2010000129;VL_PG_RC;-5177.100000000000000;
202408;3126;2006003992;COTAS;2406506.263035000000000;
202408;3188;2023000947;COTAS;138515.589084000000000;
202408;3251;1995001465;COTAS;4663184.826777000000000;
202408;3126;1995000711;VL_PG_RC;736804.870000000000000;
202408;3201;1994004274;VL_PG_RC;0.000000000000000;
202408;3438;1988003083;COTAS;1682982.388944000000000;
202408;2823;9970000000;CAIXA;2058.370000000000000;
202408;3126;1995001147;COTAS;37179829.338198000000000;
202408;3201;9970000000;CAIXA;0.180000000000000;
202408;3037;9970000000;VL_PG_RC;0.000000000000000;
202408;2823;9970000000;VL_PG_RC;-651.360000000000000;
202408;3126;2010002792;COTAS;0.182448000000000;
202408;3126;2006003992;VL_PG_RC;694092.160000000000000;
202408;3438;1989001238;COTAS;4957745.535615000000000;
202408;2841;1993003592;CAIXA;387.340000000000000;
202408;3126;1995001147;COTAS;141659229.752136000000000;
202408;3251;1995001465;COTAS;8357147.844295000000000;
202408;3438;1999001656;CAIXA;298868.080000000000000;
202408;3251;1995001465;COTAS;1220461.025313000000000;
202408;3126;2012001483;COTAS;169137.434713000000000;
202408;3099;1994004411;COTAS;45061.120000000000000;
202408;3251;1995001465;COTAS;21968.988096000000000;
202408;3126;2012001483;COTAS;1195371.262849000000000;
202408;3251;1995001465;COTAS;18901089.454473000000000;
202408;3126;2006004011;COTAS;30590022.639385000000000;
202408;3251;1995001465;COTAS;3270765.318162000000000;
202408;3099;1994004411;COTAS;4727760.759997000000000;13411833000197
202408;3438;1999001729;VL_PG_RC;0.000000000000000;
202408;3251;1995001465;OPERACAO_PARTICIPANTE;24090488.210000000000000;
202408;3126;2012001483;COTAS;2451471.400946000000000;
202408;3099;1999004647;CAIXA;1030.800000000000000;
202408;3438;2000001238;VL_PG_RC;560936.610000000000000;
202408;3126;1995001147;COTAS;5485151.620231000000000;
202408;3438;2000005111;VL_PG_RC;0.000000000000000;
202408;3126;2006004011;TIT_PRIV;18294302.870000000000000;
202408;2841;2005004529;COTAS;648832.557574000000000;51854557000120
202408;3438;2001002092;COTAS;29259027.551283000000000;
202408;3099;1999004647;COTAS;315975.800001000000000;
202408;3251;1995001465;TIT_PUB;103964479.810000000000000;
202408;3126;1995001147;COTAS;2079510.317354000000000;
202408;3251;1995001465;COTAS;1922552.245039000000000;
202408;3126;2006004711;CAIXA;7000.000000000000000;
202408;2841;2005004529;COTAS;648334.231297000000000;51983612000182
202408;3438;2002000956;COTAS;202708415.629998000000000;04803035000110
202408;3251;9970000000;VL_PG_RC;0.000000000000000;
202408;3126;2006004711;COTAS;16173944.428652000000000;
202408;2841;2005004611;COTAS;110487923.212180000000000;51854557000120
202408;3438;2002000956;OPERACAO_PARTICIPANTE;3455.960000000000000;
202408;3099;1999004892;CAIXA;5211.250000000000000;
202408;3126;2006004711;COTAS;1589551.283832000000000;
202408;2841;2005004611;VL_PG_RC;-7078988.880000000000000;
202408;3438;2002002029;COTAS;61258.486466000000000;
202408;3304;1995002747;COTAS;4697330.855409000000000;
202408;3126;2007001918;VL_PG_RC;0.000000000000000;
202408;3251;9970000000;CAIXA;432325.910000000000000;
202408;3126;1997000938;COTAS;5208560.128753000000000;
202408;2841;4028410029;CAIXA;4627.350000000000000;
202408;3126;2012001483;COTAS;3227509.922688000000000;
202408;3099;1999004892;OPERACAO_PARTICIPANTE;14273336.839820414300000;
202408;2841;9970000000;COTAS;1957763.716841000000000;51854557000120
202408;2841;9970000000;COTAS;13769637.140750000000000;51911677000112
202408;3438;2002002029;COTAS;2590392.117120000000000;20030716000149
202408;3304;1995002747;COTAS;4117127.408750000000000;
202408;2841;9970000000;COTAS;1957907.936527000000000;51983612000182
202408;3304;1995002747;COTAS;15222695.038385000000000;
202408;3438;2002002029;OPERACAO_PARTICIPANTE;486585.350000000000000;
202408;3304;1995002747;COTAS;25905365.006365000000000;
202408;2854;2011000319;TIT_PUB;197692663.690000000000000;
202408;3099;1999005392;OPERACAO_PARTICIPANTE;1636161.679941784800000;
202408;3126;1997000938;VL_PG_RC;-30896.220000000000000;
202408;3304;1995002747;COTAS;7871802.984755000000000;
202408;2854;9970000000;VL_PG_RC;0.000000000000000;
202408;3126;1997001918;COTAS;13228828.761268000000000;
202408;3304;1995002747;COTAS;2947435.069080000000000;
202408;3304;1995002747;COTAS;3534413.757941000000000;
202408;3304;1995002747;COTAS;122889.176065000000000;
202408;3126;2007002019;COTAS;1952067.480353000000000;
202408;3304;1995002747;COTAS;10895834.692863000000000;
202408;3304;1995002747;COTAS;4103418.052383000000000;
202408;2909;1993003411;VL_PG_RC;-45953.550000000000000;
202408;3126;2012001483;COTAS;434923.840320000000000;
202408;2912;2005006711;CAIXA;120949.800000000000000;
202408;3438;2005002992;COTAS;32763113.183123000000000;
202408;3304;1995002747;COTAS;864676.243780000000000;
202408;3304;1995002747;COTAS;3568836.181244000000000;
202408;3099;1999005465;VL_PG_RC;-41587.260000000000000;
202408;3438;2005002992;COTAS;8868197.785447000000000;06170648000192
202408;3126;2007002019;COTAS;9486495.256977000000000;
202408;3304;1995002747;COTAS;261640.818100000000000;
202408;3126;1997001918;VL_PG_RC;328726.990000000000000;
202408;2912;2005006711;COTAS;75550825.666547000000000;27619757000114
202408;3304;1995002747;COTAS;5194520.687717000000000;
202408;3304;1995002747;COTAS;249070.023011000000000;
202408;3126;2012001483;COTAS;273414.691553000000000;
202408;3438;2005002992;VL_PG_RC;-14327.420000000000000;
202408;3304;1995002811;COTAS;740753.858750000000000;
202408;3126;1993001492;COTAS;608818.517480000000000;
202408;3126;2008000192;COTAS;12576595.610928000000000;
202408;3304;1995002747;COTAS;1580949.946500000000000;
202408;3126;2013000529;COTAS;415550.837731000000000;
202408;2912;9970000000;VL_PG_RC;-1940.510000000000000;
202408;3304;1995002811;COTAS;4031512.346761000000000;
202408;3126;1993001492;COTAS;515212.520492000000000;
202408;3304;1995002747;VL_PG_RC;2409765.770000000000000;
202408;3126;2008001229;COTAS;11594552.737262000000000;
202408;3126;2013000529;COTAS;1836251.317286000000000;
202408;2926;1998002519;VL_PG_RC;0.000000000000000;
202408;3126;1993001492;COTAS;3157387.096159000000000;
202408;3126;2008001229;COTAS;47789449.575683000000000;
202408;3438;2006000438;CAIXA;26625.290000000000000;
202408;3126;1993001492;COTAS;2450887.832684000000000;
202408;3304;1995002811;COTAS;1432356.345177000000000;
202408;3438;2006002211;OPERACAO_PARTICIPANTE;121157.730000000000000;
202408;3126;1993001492;COTAS;49082250.609907000000000;
202408;3304;1995002811;COTAS;2738441.254129000000000;
202408;3304;1995002811;COTAS;2178476.537023000000000;
202408;3438;2006002783;OPERACAO_PARTICIPANTE;1914601.920000000000000;
202408;3126;1993002219;COTAS;2386490.519565000000000;
202408;3304;1995002811;COTAS;5692.315953000000000;
202408;3304;1995002811;COTAS;2094401.212884000000000;
202408;3438;2007003856;COTAS;6623388.884432000000000;
202408;3304;2011001838;COTAS;675274.220000000000000;
202408;3304;1995002811;COTAS;2557036.738584000000000;
202408;3438;2009002083;COTAS;1892932.455808000000000;
202408;3126;2021001156;CAIXA;4000.000000000000000;
202408;3304;2011001838;COTAS;1097950.124867000000000;
202408;3438;2009003519;CAIXA;1899110.610000000000000;
202408;3126;2008001229;COTAS;4984143.215771000000000;
202408;3304;2011001838;COTAS;642726.915636000000000;
202408;3304;1995002811;COTAS;74435.028747000000000;
202408;2931;1994000211;COTAS;13919071.875027000000000;
202408;3438;2013001983;CAIXA;124500.910000000000000;
202408;3126;2008001229;TIT_PUB;30358149.760000000000000;
202408;3126;1994001674;VL_PG_RC;-37404.220000000000000;
202408;2931;1994000211;COTAS;6765001.434211000000000;
202408;3321;1995002992;COTAS;5759060.139965000000000;
202408;3126;2009000447;COTAS;1342321.688459000000000;
202408;3438;2013001983;OPERACAO_PARTICIPANTE;463082.700000000000000;
202408;3126;1994002956;COTAS;45084233.354731000000000;
202408;2931;1994000211;COTAS;2027193.517812000000000;
202408;3321;1995002992;COTAS;18347168.958200000000000;
202408;3126;2000007074;TIT_PRIV;95415.990000000000000;
202408;3126;1994002956;COTAS;88867035.830173000000000;
202408;3304;1995002811;COTAS;2009155.589196000000000;
202408;3321;1995002992;COTAS;9562978.065620000000000;
202408;3126;1994002956;COTAS;22698205.955999000000000;
202408;3126;2021001156;COTAS;105601.382933000000000;
202408;3438;2020002183;CAIXA;170982.850000000000000;
202408;2931;1994000211;COTAS;2018418.927634000000000;
202408;3126;2001000774;COTAS;102939.899882000000000;
202408;3304;1995002811;COTAS;1332602.282983000000000;
202408;3321;1995002992;COTAS;11494817.309239000000000;
202408;3126;1995000711;COTAS;1041687.208749000000000;
202408;3126;2021001156;COTAS;504118.007432000000000;
202408;3438;2020002183;COTAS;3502965.861952000000000;
202408;2931;1994000211;COTAS;31262250.953880000000000;
202408;3126;2001000774;COTAS;170235.211605000000000;
202408;3438;2021002047;VL_PG_RC;0.000000000000000;
202408;3321;1995002992;COTAS;4448516.218706000000000;
202408;3486;1996002074;COTAS;18539174.167564000000000;
202408;3126;1995000711;COTAS;24942382.535718000000000;
202408;3321;1995002992;COTAS;3030257.946927000000000;
202408;3304;2011001838;COTAS;1465724.069744000000000;
202408;3304;2011001838;COTAS;1559759.838346000000000;
202408;3486;1996002074;COTAS;13571646.940895000000000;
202408;3126;1995001147;COTAS;12685885.572527000000000;
202408;2931;1994000211;COTAS;4736348.991978000000000;
202408;3321;1995002992;COTAS;15292760.860187000000000;
202408;3349;1995003638;CAIXA;5438.000000000000000;
202408;2931;1994000211;VL_PG_RC;3966043.010000000000000;
202408;3486;1996002074;TIT_PUB;373431621.080000000000000;
202408;3321;1995002992;COTAS;6057843.054751000000000;
202408;2991;1985000547;TIT_PRIV;5600688.130000000000000;
202408;3349;1995003638;COTAS;412975.009181000000000;
202408;3126;1995001147;COTAS;11172321.977868000000000;
202408;3126;2009000447;COTAS;754386.255315000000000;
202408;2991;1994002492;COTAS;118881.362246000000000;
202408;3349;1995003638;COTAS;6444270.000000000000000;
202408;3527;1996002619;COTAS;23976450.655507000000000;
202408;3321;1995002992;COTAS;0.931199000000000;
202408;3126;2001001983;COTAS;12999431.886239000000000;
202408;3126;2009000447;COTAS;934624.729418000000000;
202408;3126;1995002674;CAIXA;5999.900000000000000;
202408;2991;1994002492;COTAS;66745761.150736000000000;
202408;3126;2010000129;COTAS;1682142.925043000000000;
202408;3527;2020001365;CAIXA;25925.640000000000000;
202408;3321;1995002992;COTAS;7686177.047766000000000;
202408;3126;2005005811;COTAS;3328494.899062000000000;
202408;3527;2020001365;COTAS;20971848.284308000000000;
202408;3321;1995002992;COTAS;246195.984765000000000;
202408;3126;1995002674;COTAS;1424809.517562000000000;
202408;3126;2010002792;COTAS;1394219.950177000000000;
202408;3527;2020001365;COTAS;3791854.462471000000000;
202408;3349;1995003638;COTAS;2990.000000000000000;
202408;3126;2012001483;COTAS;186157.775619000000000;
202408;3126;2021001318;COTAS;1243925.252043000000000;
202408;3349;1995003638;COTAS;14995862.464283000000000;
202408;3126;1995002674;COTAS;790757.472595000000000;
202408;3126;2023000874;VL_PG_RC;0.000000000000000;
202408;2991;1994002492;IMOVEIS;3915000.000000000000000;
202408;3349;1995003638;COTAS;3452431.500000000000000;
202408;3349;1995003638;COTAS;7138466.247728000000000;
202408;3126;2012001483;COTAS;568009.288914000000000;
202408;3126;1995002674;COTAS;543964.603201000000000;
202408;3126;2005005811;COTAS;108123.658044000000000;
202408;3126;9970000000;COTAS;11715352.969423000000000;
202408;3527;2020001365;COTAS;7237607.918025000000000;
202408;3349;1995003638;COTAS;4708493.435143000000000;
202408;3126;2013000529;COTAS;2803334.446695000000000;
202408;3006;1994002174;COTAS;9543241.135709000000000;
202408;3349;1995003638;COTAS;8170574.504506000000000;
202408;3126;9970000000;VL_PG_RC;-1098.310000000000000;
202408;3531;1996003038;CAIXA;3210.440000000000000;
202408;3349;1995003638;VL_PG_RC;-2506900.370000000000000;
202408;3126;1997000938;CAIXA;6215.870000000000000;
202408;3366;9970000000;VL_PG_RC;0.000000000000000;
202408;3349;1995003638;COTAS;6775481.480655000000000;
202408;3126;2018000756;COTAS;401659.443906000000000;
202408;3531;1996003038;COTAS;14281128.764303000000000;
202408;3407;9970000000;COTAS;2353.230273000000000;
202408;3126;2005005811;COTAS;3538019.106693000000000;
202408;3407;9970000000;COTAS;4304.379364000000000;
202408;3126;2005005811;COTAS;9499311.936368000000000;
202408;3126;2021001156;COTAS;3090207.039815000000000;
202408;3531;9970000000;CAIXA;2430.120000000000000;
202408;3349;1995003638;COTAS;5115852.608839000000000;
202408;3126;2006001183;COTAS;162815.842412000000000;
202408;3161;1994004118;COTAS;30292323.601171000000000;
202408;3126;2021001156;COTAS;1173427.679578000000000;
202408;3349;1995003638;COTAS;3056468.728570000000000;
202408;3126;1997000938;COTAS;7890073.922264000000000;
202408;3349;1995003638;COTAS;8507826.383530000000000;
202408;3531;9970000000;COTAS;790219.112737000000000;
202408;3161;1994004118;COTAS;3854775.669012000000000;
202408;3349;9970000000;CAIXA;49292.640000000000000;
202408;3558;1996003992;COTAS;1062263.660008000000000;
202408;3126;1997000938;COTAS;2575780.922944000000000;
202408;3126;2006001183;COTAS;8578347.777251000000000;
202408;3366;9970000000;CAIXA;3874733.330000000000000;
202408;3023;1979003718;COTAS;16800871.037628000000000;
202408;3126;2006001183;COTAS;282431.807815000000000;
202408;3407;9970000000;CAIXA;4.660000000000000;
202408;3558;1996003992;COTAS;463980992.799999000000000;05114396000111
202408;3407;9970000000;COTAS;25.001731000000000;
202408;3161;2005005111;COTAS;13993524.061565000000000;
202408;3023;1979003718;TIT_PRIV;2287570.950000000000000;
202408;3126;1997001918;CAIXA;27181.700000000000000;
202408;3161;2005005111;COTAS;468249.391863000000000;
202408;3126;2021001229;CAIXA;4000.000000000000000;
202408;3126;1997001918;COTAS;18017588.334314000000000;
202408;3161;2005005111;COTAS;1225294.100264000000000;
202408;3407;9970000000;COTAS;1408.648902000000000;
202408;3411;2014001065;CAIXA;1088.220000000000000;
202408;3126;2000007074;COTAS;211577242.783029000000000;
202408;3161;9970000000;COTAS;845681.024172000000000;
202408;3438;2000000118;VL_PG_RC;-64481.890000000000000;
202408;3126;2021001229;COTAS;3417212.312745000000000;
202408;3126;2000007074;IMOVEIS;904847.000000000000000;
202408;3126;2021001318;COTAS;1341655.638549000000000;
202408;3558;9970000000;CAIXA;224128.120000000000000;
202408;3174;1994004029;COTAS;3418479256.639999000000000;37405187000113
202408;3161;1994004118;COTAS;3342623.783500000000000;
202408;3023;2001001738;COTAS;97027891.219722000000000;32265496000111
202408;3438;2000003011;VL_PG_RC;0.000000000000000;
202408;3126;2001000774;COTAS;305457.584128000000000;
202408;3161;1994004118;COTAS;4022366.847068000000000;
202408;3407;9970000000;COTAS;6849.134227000000000;
202408;3438;2000005111;COTAS;2030390.409870000000000;17706099000144
202408;3161;1994004118;IMOVEIS;821600.000000000000000;
202408;3174;1994004029;COTAS;50558953.699999000000000;37405212000169
202408;3174;9970000000;CAIXA;3587.850000000000000;
202408;3411;2014001065;COTAS;81469421.738185000000000;13425757000179
202408;3023;2001001738;VL_PG_RC;3550793.730000000000000;
202408;3575;1996004247;COTAS;88438518.446157000000000;19599719000119
202408;3188;1989000983;COTAS;16426511.701283000000000;10214125000178
202408;3411;2014001065;VL_PG_RC;-1116.850000000000000;
202408;3126;2005005811;COTAS;6732858.805098000000000;
202408;3438;2002002029;COTAS;731422.957181000000000;
202408;3411;9970000000;COTAS;1148580.598771000000000;
202408;3126;2005005811;COTAS;1954328.727294000000000;
202408;3438;2002002118;COTAS;1493790.926743000000000;
202408;3438;1988000556;CAIXA;0.000000000000000;
202408;3592;2006005911;COTAS;51843585.000000000000000;
202408;3161;2005005111;CAIXA;54857.080000000000000;
202408;3126;2006001183;COTAS;590267.675343000000000;
202408;3592;4018490038;CAIXA;31085.760000000000000;
202408;3161;2005005111;COTAS;1844468.738242000000000;
202408;3126;2006003747;VL_PG_RC;14073.460000000000000;
202408;3592;9970000000;VL_PG_RC;-15.380000000000000;
202408;3161;2005005111;COTAS;579480.373205000000000;
202408;3438;1988000556;COTAS;1691059.997805000000000;
202408;3126;2005005811;COTAS;3466254.296278000000000;
202408;3602;1979000638;COTAS;5541978.189304000000000;
202408;3023;9970000000;CAIXA;8582.550000000000000;
202408;3438;1988003083;VL_PG_RC;-5030.740000000000000;
202408;3438;1989001238;CAIXA;422260.850000000000000;
202408;3126;2006003811;CAIXA;3676.360000000000000;
202408;3126;2005005811;COTAS;6365.405037000000000;
202408;3161;2005005111;COTAS;604630.343951000000000;
202408;3126;2005005811;COTAS;7721.752248000000000;
202408;3161;2005005111;COTAS;856692.326352000000000;
202408;3188;1989000983;COTAS;6514835.051230000000000;36178602000180
202408;3438;2005002992;COTAS;50369297.208272000000000;
202408;3126;2006003811;COTAS;91940.681169000000000;
202408;3161;2005005111;COTAS;1589638.999348000000000;
202408;3438;2005006556;COTAS;3349873.366597000000000;
202408;3602;1979000638;COTAS;39192494.598746000000000;
202408;3126;2006003992;COTAS;28820510.896179000000000;
202408;3126;2005005811;VL_PG_RC;634507.900000000000000;
202408;3438;2005006556;OPERACAO_PARTICIPANTE;2193852.170000000000000;
202408;3037;1994001119;COTAS;445106.099493000000000;
202408;3126;2006004011;COTAS;19015472.535337000000000;
202408;3438;1989001238;COTAS;969778.404546000000000;06170648000192
202408;3174;1994004029;COTAS;3864492.910908000000000;
202408;3037;1994001119;COTAS;1835390.468760000000000;
202408;3126;2006004011;COTAS;15306404.025694000000000;
202408;3602;1979000638;TIT_PRIV;62171309.640000000000000;
202408;3438;2006002147;CAIXA;679229.290000000000000;
202408;3037;1994001119;COTAS;8839611.808436000000000;
202408;3126;2006004011;COTAS;779480.563641000000000;
202408;3438;2006002211;COTAS;82267741.540000000000000;13863699000165
202408;3037;1994001119;COTAS;6181498.941650000000000;
202408;3126;2006004011;VL_PG_RC;-23498.250000000000000;
202408;3188;1989000983;VL_PG_RC;-158573.680000000000000;
202408;3438;2006002465;OPERACAO_PARTICIPANTE;2027707.370000000000000;
202408;3126;2006001183;COTAS;8427947.153562000000000;
202408;3037;1994001119;COTAS;1217823.067413000000000;
202408;3174;1994004029;COTAS;10260028.587807000000000;
202408;3602;2009000511;COTAS;6008459.870741000000000;
202408;3438;2006002611;CAIXA;29.950000000000000;
202408;3174;1994004029;COTAS;224768027.260000000000000;26811773000141
202408;3602;2009000511;COTAS;17870886.677266000000000;50927335000128
202408;3188;1994002565;COTAS;8933364.310850000000000;18270776000197
202408;3188;1994002565;COTAS;1813154.034527000000000;27565843000191
202408;3438;1989001238;VL_PG_RC;-1767.560000000000000;
202408;3099;1994003065;COTAS;1565487.060000000000000;
202408;3188;1996001647;COTAS;4009716.286138000000000;29298975000120
202408;3438;2007003856;COTAS;559811.918142000000000;
202408;3188;1989000983;COTAS;4378975.826481000000000;
202408;3188;1996001647;COTAS;127800.974992000000000;34613727000166
202408;3438;1999001656;VL_PG_RC;0.000000000000000;
202408;3188;1996001647;OPERACAO_PARTICIPANTE;3327643.659837792400000;
202408;3438;2000001238;CAIXA;68195.470000000000000;
202408;3188;1994002565;COTAS;29083608.398759000000000;25244544000120
202408;3126;2006003747;CAIXA;4000.000000000000000;
202408;3438;2000005111;COTAS;11102994.215171000000000;17695440000103
202408;3438;2008003256;COTAS;11789489.259761000000000;
202408;3126;2006003747;COTAS;17917.701542000000000;
202408;3438;2002000956;CAIXA;2213552.530000000000000;
202408;3438;2008003256;COTAS;50650819.524240000000000;
202408;3099;1994004411;CAIXA;926.990000000000000;
202408;3188;1996004883;COTAS;6755116.593746000000000;
202408;3126;2006004711;COTAS;3189465.789589000000000;
202408;3188;1994002565;COTAS;23915364.598128000000000;34613727000166
202408;3438;2009002083;VL_PG_RC;-1121.720000000000000;
202408;3602;2009000511;VL_PG_RC;1892288.120000000000000;
202408;3188;1996001647;COTAS;774745.937374000000000;
202408;3126;2007001918;COTAS;26743032.682571000000000;
202408;3099;1999004647;COTAS;828551.730000000000000;
202408;3126;2006003747;COTAS;8171.349672000000000;
202408;3126;2007002019;COTAS;362311.101763000000000;
202408;3099;1999004647;COTAS;5873827.890030000000000;04701028000107
202408;3438;2005002992;CAIXA;2583910.550000000000000;
202408;3438;2012000347;CAIXA;473355.040000000000000;
202408;3126;2007002019;COTAS;7451922.068907000000000;
202408;3602;2011001692;COTAS;8781888.694513000000000;03833841000178
202408;3126;1993001492;COTAS;16096409.270179000000000;
202408;3438;2005006556;COTAS;40705735.486024000000000;
202408;3126;2006003811;COTAS;250343.860335000000000;
202408;3602;2011001692;COTAS;6028234.822179000000000;49590183000131
202408;3126;1993001492;COTAS;627032.245352000000000;
202408;3438;2006000438;OPERACAO_PARTICIPANTE;459305.130000000000000;
202408;3438;2013001983;COTAS;23523893.770607000000000;15730745000183
202408;3126;2007002019;COTAS;1697059.851230000000000;
202408;3438;2006002074;VL_PG_RC;-2192.450000000000000;
202408;3438;2016002018;COTAS;20313377.345070000000000;
202408;3188;1996001647;COTAS;10882.734603000000000;18270776000197
202408;3126;2006003811;VL_PG_RC;38915.970000000000000;
202408;3438;2006002211;CAIXA;0.000000000000000;
202408;3438;2021002438;COTAS;11174073.868712000000000;
202408;3126;2006003992;COTAS;51498278.633581000000000;
202408;3438;2006002783;COTAS;135172636.729975000000000;08661367000168
202408;3438;2021002438;COTAS;6932397.173658000000000;
202408;3126;1993002219;COTAS;8569899.891199000000000;
202408;3188;1996004883;COTAS;28895126.576792000000000;27565843000191
202408;3438;2021002918;VL_PG_RC;-698882.420000000000000;
202408;3126;1993002219;COTAS;15634367.081389000000000;
202408;3438;2006002856;COTAS;41123839.564604000000000;08661367000168
202408;3126;2008000192;COTAS;33193649.784054000000000;
202408;3602;2020002965;COTAS;54254.132488000000000;
202408;3438;2009002083;CAIXA;413665.290000000000000;
202408;3126;2006004011;COTAS;57734447.471974000000000;
202408;3126;2008000192;COTAS;331554.462620000000000;
202408;3472;1984001183;COTAS;300641133.600922000000000;17133677000109
202408;3438;2016002018;CAIXA;16262.690000000000000;
202408;3188;1996004883;COTAS;672439.848357000000000;10220247000177
202408;3126;2006004011;COTAS;7621346.855396000000000;
202408;3126;2008000192;COTAS;13793.125339000000000;
202408;3472;1988001374;VL_PG_RC;0.690000000000000;
202408;3188;1997001047;COTAS;8405653.273428000000000;
202408;3126;1994002956;COTAS;3861566.676635000000000;
202408;3126;2008001229;CAIXA;60982.610000000000000;
202408;3438;2016002018;VL_PG_RC;-25510.630000000000000;
202408;3472;2023000718;COTAS;14359805.843074000000000;07504907000137
202408;3602;2020002965;VL_PG_RC;0.000000000000000;
202408;3438;2020002183;VL_PG_RC;-24032.000000000000000;
202408;3472;2023000718;COTAS;17050556.740747000000000;17133677000109
202408;3602;9970000000;COTAS;5804832.011722000000000;
202408;3126;1994002956;COTAS;38313752.533416000000000;
202408;3438;2021002047;CAIXA;75053.950000000000000;
202408;3602;9970000000;COTAS;1000692.896705000000000;
202408;3188;1997001047;COTAS;6718462.514951000000000;
202408;3602;9970000000;TIT_PUB;9474750.550000000000000;
202408;3126;2006004711;COTAS;228615.747949000000000;
202408;3126;2008001229;COTAS;126063742.745660000000000;
202408;3438;2021002047;COTAS;600069.481876000000000;
202408;3527;1996002619;COTAS;30698297.312467000000000;
202408;3126;2009000447;COTAS;1211969.387103000000000;
202408;3438;2021002438;COTAS;11630873.701727000000000;
202408;3126;2009000447;COTAS;17729526.256042000000000;
202408;3527;1996002619;COTAS;117603124.815248000000000;
202408;3647;1997001829;COTAS;1957390.777736000000000;
202408;3188;1997001047;COTAS;2422683.471069000000000;36178602000180
202408;3188;1997001047;OPERACAO_PARTICIPANTE;6487219.949851400900000;
202408;3647;1997001829;COTAS;4141756.969497000000000;
202408;3126;1995000711;COTAS;5044791.560845000000000;
202408;3678;1990001319;CAIXA;3939.130000000000000;
202408;3188;1997001047;TIT_PUB;488076973.410000000000000;
202408;3126;2010000129;COTAS;6306852.978441000000000;
202408;3527;1996002619;COTAS;145419395.048063000000000;
202408;3126;2010002547;CAIXA;7000.000000000000000;
202408;3188;1997002183;VL_PG_RC;-7822.280000000000000;
202408;3527;1996002619;COTAS;15995923.604075000000000;
202408;3188;1998004074;VL_PG_RC;0.000000000000000;
202408;3438;2021002918;COTAS;332305.834253000000000;
202408;3188;1998005674;COTAS;2818789.191339000000000;10214125000178
202408;3188;1997001047;VL_PG_RC;-124683.610000000000000;
202408;3527;1996002619;COTAS;43174556.666817000000000;
202408;3188;1998005674;COTAS;2084614.021355000000000;10220241000108
202408;3188;1998004074;CAIXA;82212.330000000000000;
202408;3527;1996002619;VL_PG_RC;-553528.290000000000000;
202408;3486;1996002074;COTAS;23748192.712997000000000;
202408;3188;1998005674;COTAS;943222.622882000000000;10220247000177
202408;3126;2006004711;COTAS;1220987.782483000000000;
202408;3188;1998004856;COTAS;754501.324191000000000;
202408;3527;2020001365;COTAS;37037848.013428000000000;
202408;3188;1998005674;COTAS;277924.340120000000000;34613727000166
202408;3188;1998005674;COTAS;535493.651557000000000;
202408;3527;2020001365;COTAS;13965172.959340000000000;
202408;3126;2010002792;COTAS;5405441.228797000000000;
202408;3188;1998006247;TIT_PUB;40620963.000000000000000;
202408;3486;1996002074;COTAS;27580919.019229000000000;
202408;3126;1995001147;CAIXA;10999.990000000000000;
202408;3527;2020001756;COTAS;66544138.669296000000000;
202408;3126;1995001147;COTAS;6591088.015623000000000;
202408;3188;1998005674;COTAS;417203.986041000000000;
202408;3126;2006004711;COTAS;8047381.412724000000000;
202408;3527;1996002619;COTAS;13644456.435726000000000;
202408;3188;1999003756;CAIXA;85.350000000000000;
202408;3527;2020001756;COTAS;2992330.703664000000000;
202408;3527;2020001365;COTAS;2704293.661670000000000;
202408;3188;1999003756;COTAS;7524480.386714000000000;10220241000108
202408;3527;2020001756;COTAS;3804332.939977000000000;
202408;3126;1995001147;COTAS;3892306.517451000000000;
202408;3678;2008001474;CAIXA;2886.140000000000000;
202408;3527;2020001756;COTAS;103318.673624000000000;
202408;3126;2012001483;COTAS;9298.552490000000000;
202408;3126;1995001147;COTAS;3294768.786376000000000;
202408;3126;2007002019;COTAS;1488444.370018000000000;
202408;3527;2020001365;COTAS;73139091.668748000000000;
202408;3126;2007002019;COTAS;15222682.661398000000000;
202408;3126;1995002674;COTAS;1542151.512461000000000;
202408;3527;2020001756;COTAS;560341.617985000000000;
202408;3531;1996003038;COTAS;1850972.678196000000000;
202408;3126;2013000529;COTAS;2740020.773635000000000;
202408;3825;1988003318;COTAS;5734210.768245000000000;
202408;3575;9970000000;COTAS;1441068.793958000000000;23731312000170
202408;3126;1995002674;COTAS;3097619.829484000000000;
202408;3825;1988003318;VL_PG_RC;0.000000000000000;
202408;3188;1998005674;COTAS;363406.985632000000000;36178602000180
202408;3126;1995002674;COTAS;9091827.702241000000000;
202408;3126;2007002019;COTAS;347810.674655000000000;
202408;3592;2006005911;TIT_PUB;47936957.190000000000000;
202408;3188;1998005674;VL_PG_RC;-15846.960000000000000;
202408;3126;2013000529;COTAS;20229153.546514000000000;
202408;3126;1997000938;COTAS;70609896.038089000000000;
202408;3126;2007002019;COTAS;1810502.309894000000000;
202408;3126;2018000756;CAIXA;52349.530000000000000;
202408;3602;1979000638;CAIXA;1480.680000000000000;
202408;3188;1999003756;COTAS;183557.528622000000000;18270776000197
202408;3558;1996003992;CAIXA;1647523.170000000000000;
202408;3188;1998006247;CAIXA;35858.860000000000000;
202408;3188;1999003756;OPERACAO_PARTICIPANTE;1461923.960000000000000;
202408;3825;1989001874;COTAS;29770944.627402000000000;
202408;3188;1999002792;COTAS;259700.130662000000000;
202408;3602;1979000638;COTAS;10620316.093244000000000;
202408;3126;2007002019;VL_PG_RC;897943.980000000000000;
202408;3188;1999003756;COTAS;10140157.474815000000000;25244544000120
202408;3602;1979000638;COTAS;32053952.622942000000000;
202408;3126;1997001918;COTAS;9496880.883994000000000;
202408;3825;1989001874;COTAS;36229463.085603000000000;
202408;3602;1979000638;COTAS;60816820.275795000000000;03833841000178
202408;3825;1993001638;TIT_PUB;15839031.460000000000000;
202408;3188;2000007856;COTAS;810039.237747000000000;
202408;3602;1979000638;COTAS;64613727.445693000000000;49590183000131
202408;3126;1997001918;COTAS;5932931.871064000000000;
202408;3126;2008000192;COTAS;2354454.492710000000000;
202408;3188;2000007856;COTAS;1218119.835585000000000;25244544000120
202408;3602;2009000511;COTAS;8098193.192960000000000;
202408;3126;2000007074;CAIXA;169215.290000000000000;
202408;3825;1993001956;COTAS;20946477.303546000000000;
202408;3602;2009000511;COTAS;7423695.228799000000000;
202408;3825;1993001956;TIT_PUB;7172432.470000000000000;
202408;3126;2018000756;COTAS;3659000.867005000000000;
202408;3188;2000007856;COTAS;11868817.342071000000000;29298975000120
202408;3188;2000007856;COTAS;2929713.849835000000000;18270776000197
202408;3558;1996003992;COTAS;2368797.841022000000000;
202408;3188;2000007856;COTAS;181699.027845000000000;36178602000180
202408;3188;2000007856;COTAS;972813.991768000000000;27565843000191
202408;3602;2009000511;COTAS;16424196.844334000000000;21321600000121
202408;3825;1994000783;COTAS;14298805.134494000000000;
202408;3188;2001000847;COTAS;7152.482106000000000;10220247000177
202408;3188;2001000847;TIT_PUB;28313434.190000000000000;
202408;3602;2009000511;TIT_PUB;165362883.390000000000000;
202408;3188;2002000565;COTAS;5236634.934353000000000;10214125000178
202408;3126;2008000192;COTAS;11091630.788120000000000;
202408;3188;2002000565;COTAS;670887.560328000000000;
202408;3126;2000007074;COTAS;3521203.236425000000000;
202408;3188;2002000565;COTAS;227345.184489000000000;10220247000177
202408;3188;2002000565;COTAS;420580.166554000000000;36178602000180
202408;3126;2021001156;COTAS;495581.612332000000000;
202408;3602;2011001692;COTAS;10533897.221627000000000;22014343000148
202408;3558;1996003992;COTAS;511576.350117000000000;
202408;3126;2021001229;COTAS;1296062.582618000000000;
202408;3126;2000007074;COTAS;9303137.295100000000000;
202408;3558;1996003992;COTAS;1200197.879929000000000;
202408;3126;2021001229;COTAS;3750244.250405000000000;
202408;3188;2002000565;VL_PG_RC;-57825.740000000000000;
202408;3825;1994000783;VL_PG_RC;0.000000000000000;
202408;3602;2020002965;COTAS;85117.475730000000000;
202408;3825;1995001929;VL_PG_RC;0.000000000000000;
202408;3126;2008000192;COTAS;14698374.946001000000000;
202408;3188;2002000719;COTAS;1092701.695873000000000;
202408;3825;1996001574;VL_PG_RC;0.000000000000000;
202408;3126;2008000192;COTAS;61267298.169862000000000;
202408;3602;2020002965;COTAS;57784.194016000000000;
202408;3126;2021001318;COTAS;123800.896988000000000;
202408;3188;2003000283;COTAS;3539405.512552000000000;10214125000178
202408;3558;9970000000;COTAS;80000.000105000000000;
202408;3602;2020002965;COTAS;20106.814192000000000;49590183000131
202408;3126;2008000192;TIT_PUB;30524821.330000000000000;
202408;3575;9970000000;CAIXA;69656.580000000000000;
202408;3602;9970000000;COTAS;157032.712955000000000;
202408;3188;2003000283;VL_PG_RC;-22910.510000000000000;
202408;3592;2006005911;COTAS;409135466.762510000000000;
202408;3647;1997001829;COTAS;5563283.282868000000000;
202408;3188;2003001638;COTAS;431053.223469000000000;
202408;3602;1979000638;ACOES;187708437.500000000000000;
202408;3188;2002000719;COTAS;32848313.339292000000000;29298975000120
202408;3188;2004002174;COTAS;390110.484471000000000;
202408;3602;1979000638;COTAS;9300017.132915000000000;
202408;3647;1997001829;OPERACAO_PARTICIPANTE;110419.670000000000000;
202408;3188;2004002174;COTAS;4257073.061445000000000;
202408;3602;1979000638;COTAS;31472746.288931000000000;
202408;3647;1997001829;TIT_PUB;9191598.670000000000000;
202408;3126;2008001229;COTAS;58156308.408708000000000;
202408;3188;2004002174;COTAS;39869988.193998000000000;10220241000108
202408;3602;2009000511;COTAS;5753292.594095000000000;
202408;3678;9970000000;COTAS;3495881.237461000000000;03322908000100
202408;3126;2009000447;COTAS;61671.662040000000000;
202408;3126;2001000774;COTAS;1501550.766401000000000;
202408;3602;2009000511;COTAS;8387066.785478000000000;03833841000178
202408;3126;2009000447;COTAS;2697458.802611000000000;
202408;3188;2004002174;COTAS;29110300.693645000000000;34613727000166
202408;3825;1997000229;COTAS;4126695.508055000000000;
202408;3678;9970000000;VL_PG_RC;394.260000000000000;
202408;3188;2003000283;COTAS;735157.913790000000000;
202408;3126;2001001983;COTAS;6608043.266384000000000;
202408;3126;2010000129;COTAS;488557.692612000000000;
202408;3825;1997003783;TIT_PUB;63393557.080000000000000;
202408;3602;2009000511;OPERACAO_PARTICIPANTE;5360719.490058587000000;
202408;3126;2010000129;COTAS;2526243.805598000000000;
202408;3188;2003000283;COTAS;1745432.463075000000000;25244544000120
202408;3126;2001001983;VL_PG_RC;-42284.540000000000000;
202408;3126;2010002792;COTAS;1560610.952355000000000;
202408;3188;2005000256;COTAS;6831987.344532000000000;25244544000120
202408;3188;2003000283;COTAS;1453610.082642000000000;36178602000180
202408;3602;2011001692;COTAS;130775878.977114000000000;
202408;3126;2005005811;COTAS;11890473.067261000000000;
202408;3126;2010002792;COTAS;1678711.331409000000000;
202408;3188;2005001211;COTAS;6409505.512922000000000;18270776000197
202408;3188;2003000747;COTAS;204348.506423000000000;
202408;3126;2005005811;COTAS;4186544.040294000000000;
202408;3811;1998004783;CAIXA;122923.520000000000000;
202408;3825;1998001156;COTAS;108577101.759239000000000;
202408;3811;1998004783;COTAS;30298653.823815000000000;
202408;3126;2010002792;COTAS;143986.007616000000000;
202408;3188;2003000747;COTAS;727137.683534000000000;10220247000177
202408;3602;2011001692;COTAS;22448352.818745000000000;50927335000128
202408;3126;2005005811;COTAS;7915642.444962000000000;
202408;3188;2003000747;COTAS;243613.618411000000000;27565843000191
202408;3188;2005001211;COTAS;1730890.856980000000000;27565843000191
202408;3811;1998004783;COTAS;348303631.526431000000000;31943998000191
202408;3126;2010002792;VL_PG_RC;21604.380000000000000;
202408;3825;1999005074;ACOES;1088304.140000000000000;
202408;3825;1981000674;VL_PG_RC;0.000000000000000;
202408;3126;2012001483;COTAS;369801.197628000000000;
202408;3126;2005005811;COTAS;4255397.858319000000000;
202408;3188;2003001638;COTAS;5299469.140619000000000;10214125000178
202408;3825;1988002265;OPERACAO_PARTICIPANTE;39317.440000000000000;
202408;3126;2012001483;COTAS;2668469.061381000000000;
202408;3126;2021001318;VL_PG_RC;167791.480000000000000;
202408;3126;2012001483;COTAS;4551398.758294000000000;
202408;3602;2020002965;CAIXA;0.120000000000000;
202408;3126;2005005811;COTAS;93344.092841000000000;
202408;3825;1999005074;COTAS;36374.760000000000000;
202408;3825;1999005074;COTAS;16226.100000000000000;
202408;3602;2020002965;COTAS;15922.651458000000000;
202408;3161;1994004118;COTAS;12681351.987319000000000;
202408;3126;2013000529;VL_PG_RC;190960.280000000000000;
202408;3825;1999005074;COTAS;2438472.333070000000000;
202408;3647;1997001829;COTAS;1440891.732219000000000;
202408;3188;2003001638;COTAS;15718.220208000000000;10220247000177
202408;3825;1988003318;TIT_PUB;14077202.450000000000000;
202408;3161;1994004118;COTAS;3542445.656972000000000;
202408;3188;2004002174;COTAS;47053297.585235000000000;25244544000120
202408;3825;2001001118;TIT_PUB;26461740.970000000000000;
202408;3161;1994004118;COTAS;4572647.621066000000000;
202408;3825;2005003011;CAIXA;756405.800000000000000;
202408;3647;1997001829;COTAS;4922973.466560000000000;
202408;3188;2004002174;COTAS;9235933.619851000000000;27565843000191
202408;3647;1997001829;COTAS;473233.048643000000000;
202408;3825;1989001092;CAIXA;3882.400000000000000;
202408;3188;2005006483;COTAS;2038874.225990000000000;10214125000178
202408;3126;2021001156;COTAS;374156.263231000000000;
202408;3825;1989001092;COTAS;12265143.777372000000000;
202408;3161;2005005111;COTAS;5419350.933893000000000;
202408;3825;1989001092;TIT_PUB;4079382.790000000000000;
202408;3678;2020001918;VL_PG_RC;-46.210000000000000;
202408;3161;2005005111;COTAS;9632842.027333000000000;
202408;3188;2005006483;VL_PG_RC;-92007.080000000000000;
202408;3825;1989001874;COTAS;18019024.199724000000000;
202408;3811;1998004783;COTAS;16323080.325156000000000;
202408;3126;2005005811;COTAS;43510.113045000000000;
202408;3126;2021001156;COTAS;359731.943897000000000;
202408;3825;2007003619;CAIXA;3000.000000000000000;
202408;3161;2005005111;COTAS;18507565.211051000000000;
202408;3188;2004002174;COTAS;8892249.177485000000000;36178602000180
202408;3825;2017000418;CAIXA;4000.000000000000000;
202408;3161;2005005111;COTAS;14485638.422196000000000;
202408;3126;2006001183;COTAS;24972383.662104000000000;
202408;3126;2021001229;COTAS;1779399.174856000000000;
202408;3839;1998004929;COTAS;888266.480749000000000;
202408;3161;2005005111;OPERACAO_PARTICIPANTE;2358140.080000000000000;
202408;3811;1998004783;COTAS;1371941.585329000000000;
202408;3126;2021001229;COTAS;1608539.505475000000000;
202408;3161;2005005111;TIT_PUB;15499319.860000000000000;
202408;3811;1998004783;COTAS;2088552.080549000000000;
202408;3126;2021001229;COTAS;130257.691883000000000;
202408;3839;2009001583;VL_PG_RC;-4303.620000000000000;
202408;3174;1994004029;CAIXA;441835.360000000000000;
202408;3825;1989001874;COTAS;227098027.155107000000000;
202408;3825;1981000674;CAIXA;1000.000000000000000;
202408;3126;2021001229;COTAS;494925.684552000000000;
202408;3188;2004002174;VL_PG_RC;-148776.490000000000000;
202408;3825;1981000674;COTAS;11924097.294165000000000;
202408;3825;1989001874;COTAS;27213361.049262000000000;
202408;3126;2006001183;COTAS;1268205.887084000000000;
202408;3188;2005000256;CAIXA;906.140000000000000;
202408;3825;1988002265;TIT_PUB;4969226.290000000000000;
202408;3174;9970000000;VL_PG_RC;-0.160000000000000;
202408;3825;1989001874;TIT_PUB;88951870.320000000000000;
202408;3126;2021001318;CAIXA;4000.000000000000000;
202408;3188;1989000983;COTAS;8039756.906530000000000;27565843000191
202408;3825;1993001638;CAIXA;2000.000000000000000;
202408;3188;2005000256;COTAS;12186.041075000000000;18270776000197
202408;3126;2021001318;COTAS;1685022.774684000000000;
202408;3188;1994002565;COTAS;2878149.575327000000000;10214125000178
202408;3188;2009002156;COTAS;2400045.688163000000000;
202408;3188;2005001211;COTAS;5806779.158288000000000;10220241000108
202408;3126;2021001318;COTAS;497813.731659000000000;
202408;3188;2009002156;COTAS;44813728.643041000000000;10220241000108
202408;3188;2005001211;COTAS;5636185.290799000000000;25244544000120
202408;3126;2006001183;COTAS;31625105.406007000000000;
202408;3825;1989001874;COTAS;21400533.815241000000000;
202408;3825;1993001638;VL_PG_RC;0.000000000000000;
202408;3126;2021001318;COTAS;1228109.583359000000000;
202408;3825;1989001874;COTAS;8864527.217778000000000;
202408;3188;1994002565;COTAS;6738359.828991000000000;10220247000177
202408;3825;1993001956;COTAS;4588005.028570000000000;
202408;3126;2021001318;COTAS;1256449.523564000000000;
202408;3861;1993001719;COTAS;18622249.359050000000000;
202408;3825;1995001929;COTAS;8567788.733289000000000;
202408;3825;1995001929;COTAS;158153714.821131000000000;
202408;3161;1994004118;COTAS;135864.429489000000000;
202408;3825;1995001929;COTAS;11909426.037080000000000;
202408;3126;2006003747;COTAS;256799.491114000000000;
202408;3188;2010003047;COTAS;3378.182447000000000;
202408;3188;2005001211;COTAS;6946287.369273000000000;29298975000120
202408;3825;1995001929;TIT_PUB;25989753.940000000000000;
202408;3861;9970000000;COTAS;554602.880025000000000;
202408;3161;1994004118;COTAS;3867108.555500000000000;
202408;3188;2010003047;COTAS;98169.549268000000000;
202408;3188;1996001647;COTAS;239582.363057000000000;
202408;3825;1996001574;COTAS;80109571.010853000000000;
202408;3188;2005001211;COTAS;4189164.677393000000000;34613727000166
202408;3887;1999004965;COTAS;6340675.987319000000000;
202408;3126;2006003747;COTAS;528231.405861000000000;
202408;3188;1996001647;COTAS;1466390.584000000000000;10220241000108
202408;3188;2005006483;COTAS;2005221.485556000000000;
202408;3887;1999004965;COTAS;2360574.103292000000000;
202408;3126;2006003747;COTAS;89239.556125000000000;
202408;3126;2006003811;COTAS;1477300.173808000000000;
202408;3188;2005006483;TIT_PUB;97705023.330000000000000;
202408;3126;2006003811;COTAS;23755.052080000000000;
202408;3161;1994004118;COTAS;5865105.438685000000000;
202408;3825;1997000229;COTAS;3278035.939241000000000;
202408;3126;2006003992;COTAS;407821.356755000000000;
202408;3188;1996001647;COTAS;25984.277683000000000;10220247000177
202408;3825;1997002574;COTAS;73414044.771549000000000;
202408;3161;1994004118;TIT_PUB;245474766.520000000000000;
202408;3126;2006004011;COTAS;22961391.011630000000000;
202408;3825;1997000229;COTAS;23992618.207041000000000;
202408;3825;1998001156;COTAS;89096806.113500000000000;
202408;3188;2009002156;COTAS;53677574.452926000000000;25244544000120
202408;3825;1999005074;COTAS;29704230.528771000000000;
202408;3887;1999004965;COTAS;1328605.298827000000000;
202408;3161;2005005111;COTAS;629051.750450000000000;
202408;3188;2010000374;CAIXA;294.700000000000000;
202408;3188;1996004883;COTAS;2824392.679719000000000;
202408;3887;1999004965;COTAS;3830760.008699000000000;
202408;3161;2005005111;COTAS;1196905.565839000000000;
202408;3188;2010000374;COTAS;142563.332545000000000;
202408;3188;1996004883;COTAS;59192738.766762000000000;25244544000120
202408;3825;1999005074;COTAS;3074017.398509000000000;
202408;3887;1999004965;COTAS;5367457.927302000000000;
202408;3188;2010000374;COTAS;1285643.817554000000000;10220241000108
202408;3825;1999005074;COTAS;1589415.643640000000000;
202408;3887;9970000000;COTAS;69203.322939000000000;
202408;3188;2010003047;COTAS;203793.951543000000000;25244544000120
202408;3188;2010003292;COTAS;22102492.440940000000000;10214125000178
202408;3188;1996004883;COTAS;10611703.097775000000000;29298975000120
202408;3928;1999001265;COTAS;50810398.942273000000000;
202408;3126;2006004011;COTAS;9625152.159269000000000;
202408;3188;2010003292;COTAS;4456283.978636000000000;10220247000177
202408;3126;2006004011;TIT_PUB;22880482.640000000000000;
202408;3825;1999005074;COTAS;26126.056891000000000;
202408;3825;1997002574;COTAS;18307244.374630000000000;
202408;3126;2006004711;VL_PG_RC;174079.540000000000000;
202408;3161;9970000000;VL_PG_RC;-26.290000000000000;
202408;3928;1999001265;COTAS;17961433.565543000000000;
202408;3188;2010003365;COTAS;1551300.244225000000000;
202408;3174;1994004029;COTAS;17605934.043522000000000;
202408;3188;1994002565;COTAS;3686661.976651000000000;
202408;3825;1999005074;COTAS;454287.644176000000000;
202408;3188;1994002565;TIT_PRIV;76133300.390000000000000;
202408;3825;1998001083;COTAS;93707236.410080000000000;
202408;3188;1996004883;COTAS;6904634.497632000000000;36178602000180
202408;3188;2010003292;COTAS;6117046.558005000000000;
202408;3188;1996001647;COTAS;304247.510897000000000;
202408;3188;2010003365;COTAS;1411570.247264000000000;
202408;3825;1999005074;COTAS;1428745.904139000000000;
202408;3188;1996001647;COTAS;201288.846769000000000;27565843000191
202408;3188;2010003365;COTAS;13190750.235849000000000;29298975000120
202408;3126;2007002019;COTAS;551865.209012000000000;
202408;3945;1999002318;COTAS;2337977.363150000000000;
202408;3825;1998001083;COTAS;5315568.412337000000000;
202408;3188;2010003292;COTAS;2176097.526468000000000;
202408;3188;1996001647;TIT_PUB;30279005.670000000000000;
202408;3126;2007002019;COTAS;883960.322969000000000;
202408;3188;2010003365;COTAS;4273087.707619000000000;18270776000197
202408;3188;1997002183;COTAS;2631762.983921000000000;10220241000108
202408;3126;2008000192;COTAS;9463112.758548000000000;
202408;3945;1999002318;COTAS;14912622.408498000000000;
202408;3188;1996004883;CAIXA;353.810000000000000;
202408;3126;2008000192;COTAS;48108092.887835000000000;
202408;3825;1998001156;COTAS;27571914.895617000000000;
202408;3945;1999002318;COTAS;66236146.725082000000000;
202408;3188;1997002183;COTAS;18857443.893412000000000;25244544000120
202408;3825;1999005074;COTAS;37156.000000000000000;
202408;3945;1999002318;COTAS;5254663.558662000000000;
202408;3825;1999005074;COTAS;10232.679580000000000;
202408;3188;1996004883;COTAS;8698055.387720000000000;
202408;3825;1999005074;COTAS;39168.090000000000000;
202408;3825;2001001118;COTAS;31970568.933733000000000;
202408;3188;1996004883;COTAS;347637.377861000000000;18270776000197
202408;3825;1999005074;COTAS;50399.100000000000000;
202408;3945;1999002318;VL_PG_RC;1329447.420000000000000;
202408;3825;2005003011;COTAS;127788570.900688000000000;
202408;3188;1997001047;COTAS;33693141.145217000000000;10214125000178
202408;3126;2009000447;CAIXA;6000.000000000000000;
202408;3945;9970000000;COTAS;260837.741563000000000;
202408;3188;2010003365;OPERACAO_PARTICIPANTE;0.000000000000000;
202408;3188;2010003365;TIT_PUB;456282522.980000000000000;
202408;3825;1999005074;COTAS;1852862.187416000000000;
202408;3945;9970000000;COTAS;2035352.674573000000000;
202408;3825;2005003011;COTAS;30744000.348032000000000;
202408;3188;2010003438;COTAS;1590831.778320000000000;
202408;4011;2000002056;TIT_PUB;24385277.430000000000000;
202408;3126;2009000447;COTAS;434429.084165000000000;
202408;3188;1997002183;COTAS;101958.511543000000000;34613727000166
202408;3825;1999005074;COTAS;225784.361816000000000;
202408;3126;2010000129;CAIXA;4000.000000000000000;
202408;3188;1998004856;COTAS;1995641.707216000000000;
202408;3188;2010003438;COTAS;31310226.417811000000000;25244544000120
202408;3188;2010003438;COTAS;3368266.007206000000000;27565843000191
202408;4011;2000002218;CAIXA;12032.390000000000000;
202408;3188;2010005074;CAIXA;3.590000000000000;
202408;3825;2004000211;VL_PG_RC;0.000000000000000;
202408;3126;2010000129;COTAS;1550557.832918000000000;
202408;4011;2014001456;COTAS;91729.196396000000000;
202408;3188;1998004856;TIT_PUB;120755421.000000000000000;
202408;3188;1997001047;COTAS;12163009.060022000000000;10220247000177
202408;3188;2010005074;COTAS;1544846.062996000000000;10220241000108
202408;3825;2007003619;COTAS;20325296.381865000000000;
202408;4039;2000004229;VL_PG_RC;-1690.720000000000000;
202408;3188;2010005211;COTAS;7804856.692860000000000;
202408;3825;2007003619;VL_PG_RC;0.000000000000000;
202408;4042;2000004792;COTAS;3986869.749977000000000;
202408;3188;2010005211;COTAS;31785342.193885000000000;10220241000108
202408;3825;2016000147;COTAS;41725743.930795000000000;
202408;3188;2010003438;COTAS;7510318.760315000000000;36178602000180
202408;3126;2010002792;CAIXA;5304.690000000000000;
202408;3825;2007003619;COTAS;8660856.705005000000000;
202408;3188;1997001047;COTAS;43736180.997943000000000;25244544000120
202408;3825;2017000418;COTAS;17160203.897868000000000;
202408;3825;2007003619;COTAS;23724776.316700000000000;
202408;3188;2010003438;VL_PG_RC;-175236.490000000000000;
202408;3825;2017000418;COTAS;36627750.137730000000000;
202408;3825;2009002318;COTAS;38500514.853484000000000;
202408;3188;1998004856;COTAS;1620120.163966000000000;
202408;3188;1998005674;COTAS;202739.088976000000000;
202408;3825;2010005856;CAIXA;1000.000000000000000;
202408;3126;2012001483;COTAS;3462052.091310000000000;
202408;3188;1998005674;COTAS;2215144.271359000000000;25244544000120
202408;3839;2009001583;COTAS;58416.909872000000000;
202408;3188;1998004856;COTAS;9821046.272253000000000;10214125000178
202408;3188;2010005211;COTAS;31480362.214101000000000;25244544000120
202408;3861;1993001719;COTAS;31443613.640569000000000;
202408;4042;2000004792;COTAS;18726692.560001000000000;
202408;3825;2012002056;CAIXA;3646.900000000000000;
202408;3887;1999004965;COTAS;717287.490000000000000;
202408;4042;2000004792;COTAS;9916887.670000000000000;
202408;3188;1998006247;COTAS;916405.681225000000000;
202408;3825;2012002056;COTAS;33760694.130633000000000;
202408;3887;1999004965;COTAS;673480.382202000000000;
202408;3126;2012001483;COTAS;3053571.081716000000000;
202408;3825;2015000119;CAIXA;2000.000000000000000;
202408;3188;2010005211;COTAS;69589612.558220000000000;18270776000197
202408;4087;2007000156;COTAS;221151421.786643000000000;10635063000178
202408;3188;2010005211;COTAS;9835930.557305000000000;27565843000191
202408;3188;2010005211;COTAS;24494298.289593000000000;34613727000166
202408;3188;1998004856;COTAS;42723.179667000000000;10220247000177
202408;3188;1999002792;COTAS;929751.610475000000000;
202408;3188;2012000665;COTAS;8160.919761000000000;
202408;3188;1998004856;COTAS;10763804.644206000000000;25244544000120
202408;3126;2012001483;COTAS;11152928.127930000000000;
202408;3825;2015000119;VL_PG_RC;0.000000000000000;
202408;3188;1998006247;COTAS;3674725.396400000000000;
202408;3126;2012001483;COTAS;15260123.174368000000000;
202408;3825;2017000418;COTAS;13335401.398128000000000;31032406000180
202408;3188;2012000665;COTAS;9962170.439444000000000;18270776000197
202408;3887;1999004965;COTAS;793154.150690000000000;
202408;4087;2007000156;IMOVEIS;4748751.360000000000000;
202408;3188;1998006247;COTAS;6627446.019289000000000;10214125000178
202408;3188;2000007856;COTAS;7732506.250316000000000;10214125000178
202408;3825;2021001611;VL_PG_RC;0.000000000000000;
202408;3188;1998006247;COTAS;17464934.336982000000000;29298975000120
202408;3126;2013000529;COTAS;183502.196549000000000;
202408;3887;1999004965;COTAS;18005614.109484000000000;
202408;4087;9970000000;VL_PG_RC;0.000000000000000;
202408;3188;2012000665;COTAS;1647262.765836000000000;27565843000191
202408;3887;1999004965;COTAS;9604169.168236000000000;
202408;3188;2012000665;OPERACAO_PARTICIPANTE;670187.680000000000000;
202408;3825;9970000000;CAIXA;0.000000000000000;
202408;3188;2013000456;COTAS;15813368.592795000000000;29298975000120
202408;3188;2000007856;COTAS;4564994.417980000000000;10220247000177
202408;3825;9970000000;COTAS;4923641.073583000000000;
202408;3126;2018000756;COTAS;507488.425505000000000;
202408;3188;2001000847;OPERACAO_PARTICIPANTE;9434.860000000000000;
202408;3188;1999002792;COTAS;6631589.495532000000000;10220241000108
202408;3188;2013000456;COTAS;17285441.702699000000000;18270776000197
202408;3825;9970000000;VL_PG_RC;0.000000000000000;
202408;3188;2002000565;COTAS;329858.285809000000000;
202408;3188;1999002792;COTAS;3591298.839183000000000;34613727000166
202408;3839;2009001583;COTAS;11008.505277000000000;
202408;3188;2002000565;COTAS;866890.502162000000000;27565843000191
202408;3126;2018000756;COTAS;7582064.660661000000000;
202408;3188;2002000719;COTAS;2851444.510707000000000;
202408;4091;2004002492;COTAS;1239700.600000000000000;
202408;3188;2013000456;TIT_PUB;50554180.790000000000000;
202408;3188;2013000456;OPERACAO_PARTICIPANTE;2278357.749936817700000;
202408;3126;2018000756;TIT_PUB;17207309.600000000000000;
202408;3887;1999004965;TIT_PUB;390276342.350000000000000;
202408;3188;1999003756;COTAS;477006.201652000000000;
202408;3188;2016000538;COTAS;10934409.991512000000000;29298975000120
202408;3839;9970000000;COTAS;3169874.419616000000000;
202408;4091;2004002492;COTAS;10940482.365219000000000;
202408;3188;2017000574;COTAS;717260.816181000000000;
202408;3188;2002000719;COTAS;3645601.179149000000000;27565843000191
202408;3887;9970000000;COTAS;1364049.574360000000000;
202408;3188;2017000574;COTAS;9874956.618458000000000;29298975000120
202408;3188;2002000719;COTAS;3876293.553711000000000;36178602000180
202408;3861;1993001719;COTAS;18842009.790236000000000;
202408;3126;2021001156;COTAS;482371.033018000000000;
202408;3188;2002000719;VL_PG_RC;-172089.130000000000000;
202408;3861;1993001719;VL_PG_RC;-966.070000000000000;
202408;4091;2004002492;COTAS;150926125.674525000000000;05426951000140
202408;3188;2003000283;COTAS;1114523.152275000000000;27565843000191
202408;3188;1999003756;COTAS;8768562.360119000000000;10214125000178
202408;4091;9970000000;CAIXA;28985.270000000000000;
202408;3188;2003000747;COTAS;426904.641131000000000;25244544000120
202408;3188;1999003756;COTAS;2059285.415381000000000;36178602000180
202408;3188;2017000574;COTAS;6554402.254420000000000;34613727000166
202408;4101;2002001847;COTAS;11564494.235198000000000;
202408;3188;2003000747;COTAS;925705.282536000000000;29298975000120
202408;3887;9970000000;TIT_PUB;3542438.710000000000000;
202408;3188;2017000574;COTAS;2831923.656311000000000;
202408;3126;2021001229;COTAS;1307588.356781000000000;
202408;3928;1999001265;CAIXA;11000.000000000000000;
202408;4114;2002004129;COTAS;275333072.317702000000000;08744969000189
202408;3126;2021001229;COTAS;549134.348566000000000;
202408;3188;2003000747;VL_PG_RC;-3278.070000000000000;
202408;3887;1999004965;COTAS;775972.692000000000000;
202408;3126;2021001229;COTAS;361898.937365000000000;
202408;3188;2017000574;COTAS;14414378.446465000000000;18270776000197
202408;3887;1999004965;COTAS;2002198.513957000000000;
202408;3188;2017000574;TIT_PUB;27111884.800000000000000;
202408;3928;1999001265;COTAS;262717782.923833000000000;
202408;3126;2021001229;COTAS;1321415.895820000000000;
202408;3887;1999004965;COTAS;3016595.500420000000000;
202408;3928;1999001265;COTAS;1774936.594718000000000;
202408;3188;2000007856;TIT_PUB;94251682.340000000000000;
202408;3188;2017000711;CAIXA;51374.970000000000000;
202408;3188;2017000711;COTAS;4271255.874547000000000;
202408;4128;1995003565;COTAS;78681035.540031000000000;04700879000135
202408;3188;2017000711;OPERACAO_PARTICIPANTE;1997940.139930326800000;
202408;3887;1999004965;OPERACAO_PARTICIPANTE;32142901.940000000000000;
202408;3188;2003001638;COTAS;4148777.518767000000000;25244544000120
202408;3188;2017000711;COTAS;917454.660860000000000;
202408;4128;1995003565;VL_PG_RC;0.000000000000000;
202408;3126;2021001318;COTAS;1395686.510383000000000;
202408;3188;2019000865;COTAS;6652446.720394000000000;10214125000178
202408;3188;2003001638;COTAS;10416834.365462000000000;29298975000120
202408;4128;9970000000;VL_PG_RC;0.000000000000000;
202408;3126;2021001318;COTAS;524122.725080000000000;
202408;3188;2019000865;COTAS;15546690.604674000000000;10220241000108
202408;3928;1999001265;COTAS;20602147.919352000000000;
202408;4131;1981000811;COTAS;8269618.443038000000000;39665916000104
202408;3928;1999001265;COTAS;4019414.272172000000000;
202408;3126;2021001318;COTAS;431034.109316000000000;
202408;4131;1981000811;VL_PG_RC;-45776.910000000000000;
202408;3945;1999002318;COTAS;456115.161646000000000;
202408;3188;2003001638;COTAS;7120.644354000000000;34613727000166
202408;3188;2017000711;COTAS;13809934.555657000000000;29298975000120
202408;4131;1986000419;COTAS;4472477.656127000000000;
202408;3945;1999002318;COTAS;1217646.965890000000000;
202408;3188;2004002174;COTAS;14844484.910790000000000;10220247000177
202408;3188;2019000865;COTAS;8809565.295306000000000;34613727000166
202408;3945;1999002318;COTAS;45502818.806778000000000;
202408;4131;1986000419;TIT_PUB;16765370.090000000000000;
202408;3188;2004002174;COTAS;46181892.665370000000000;29298975000120
202408;3188;2005000256;COTAS;1276803.136368000000000;
202408;3945;1999002318;COTAS;20863210.719423000000000;
202408;3126;2021001318;COTAS;409585.017331000000000;
202408;3945;1999002318;COTAS;15413079.267658000000000;
202408;3188;2019000865;VL_PG_RC;-125439.660000000000000;
202408;3928;1999001265;COTAS;137750.021144000000000;
202408;3188;2005000256;COTAS;511740.219156000000000;
202408;3945;1999002318;COTAS;946063.453399000000000;
202408;3188;2019001047;COTAS;7735.001175000000000;
202408;4131;1987000374;OPERACAO_PARTICIPANTE;117605.630000000000000;
202408;3161;1994004118;COTAS;16792504.000000000000000;
202408;3188;2001000847;COTAS;2084485.045092000000000;10220241000108
202408;3188;2017000711;TIT_PUB;41603461.880000000000000;
202408;3161;1994004118;COTAS;3493450.892571000000000;
202408;3188;2019000865;COTAS;5515555.046711000000000;
202408;4131;1993001018;OPERACAO_PARTICIPANTE;40352.860000000000000;
202408;3188;2005000256;COTAS;10935.704537000000000;10220247000177
202408;3188;2019000865;COTAS;3945655.661014000000000;
202408;3161;1994004118;COTAS;17047962.600617000000000;
202408;3188;2005001211;COTAS;1511101.048046000000000;
202408;3945;9970000000;CAIXA;8213.380000000000000;
202408;3161;1994004118;OPERACAO_PARTICIPANTE;3134334.740000000000000;
202408;4131;1998006311;OPERACAO_PARTICIPANTE;106179.830000000000000;
202408;3945;1999002318;COTAS;15475549.217831000000000;
202408;3161;2005005111;COTAS;2099063.000000000000000;
202408;3188;9970000000;TIT_PUB;12610377.650000000000000;
202408;4011;2000002129;VL_PG_RC;-71.560000000000000;
202408;3188;2019000865;COTAS;257429.234103000000000;25244544000120
202408;3188;2001000847;COTAS;1163882.993542000000000;34613727000166
202408;3188;2005001211;COTAS;3183239.271394000000000;10214125000178
202408;3188;2019000865;COTAS;3579379.857248000000000;36178602000180
202408;3251;1995001465;COTAS;580213.846122000000000;
202408;4131;2002000247;TIT_PRIV;1441922.510000000000000;
202408;3188;2005001211;COTAS;51426.002868000000000;10220247000177
202408;3945;1999002318;COTAS;2328928.804415000000000;
202408;3251;1995001465;COTAS;13969310.759164000000000;
202408;3161;2005005111;COTAS;2536270.387319000000000;
202408;3188;2005006483;COTAS;189514.803318000000000;18270776000197
202408;3945;1999002318;COTAS;22657565.613471000000000;
202408;4011;2014001456;CAIXA;20430.710000000000000;
202408;3251;1995001465;COTAS;30397457.011092000000000;
202408;3161;2005005111;COTAS;1452035.039200000000000;
202408;3188;2001000847;VL_PG_RC;-14636.320000000000000;
202408;3251;1995001465;COTAS;10704548.826484000000000;
202408;3188;2019001047;COTAS;15677.989903000000000;10214125000178
202408;3188;2002000565;CAIXA;84.420000000000000;
202408;4131;2002000247;TIT_PUB;39059366.810000000000000;
202408;3188;2019001047;COTAS;10012.567598000000000;36178602000180
202408;3161;2005005111;COTAS;1208426.409371000000000;
202408;4131;2008004211;VL_PG_RC;-20505.610000000000000;
202408;3945;1999002318;COTAS;3773261.722477000000000;
202408;3188;2019001047;VL_PG_RC;-326.530000000000000;
202408;4131;2008004392;COTAS;343190.891660000000000;
202408;4011;2000002056;COTAS;2482084.500000000000000;
202408;3188;2021003019;CAIXA;132890.630000000000000;
202408;3161;2005005111;COTAS;2627280.202224000000000;
202408;4011;2000002056;COTAS;13690.918296000000000;
202408;3188;2002000565;COTAS;737969.146716000000000;
202408;3188;2007003074;COTAS;174549.062078000000000;
202408;4011;9970000000;VL_PG_RC;-587.180000000000000;
202408;4131;2008004465;COTAS;5322696.681483000000000;
202408;3188;2007003074;TIT_PUB;3932014.370000000000000;
202408;4039;2000004229;OPERACAO_PARTICIPANTE;15919759.480000000000000;
202408;4131;2008004538;COTAS;316158.331418000000000;
202408;4131;2017000647;CAIXA;7471200.740000000000000;
202408;4039;2000004229;COTAS;26323669.329347000000000;
202408;3174;1994004029;COTAS;24991181.617671000000000;
202408;4131;2017000647;COTAS;13763532.410776000000000;
202408;3188;2002000565;COTAS;5094175.807057000000000;10220241000108
202408;4042;2000004792;COTAS;6885608.510044000000000;
202408;3188;2009002156;COTAS;12439765.585389000000000;
202408;4131;2017000647;COTAS;13615997.731602000000000;
202408;4042;2000004792;CAIXA;12058.840000000000000;
202408;3188;2009002156;COTAS;4776288.490339000000000;
202408;4131;4003310047;CAIXA;1459.630000000000000;
202408;4176;2004002883;VL_PG_RC;-4091669.080000000000000;
202408;3188;2009002156;COTAS;50359757.953730000000000;10220247000177
202408;3251;1995001465;COTAS;9447067.251069000000000;
202408;4042;2000004792;COTAS;4402411.855947000000000;
202408;4176;2018002392;VL_PG_RC;-34071.080000000000000;
202408;4042;2000004792;COTAS;102930.776710000000000;
202408;3188;2021003019;COTAS;230613.761022000000000;
202408;4042;2000004792;COTAS;4230048.403154000000000;
202408;3188;2002000565;COTAS;2859213.109781000000000;18270776000197
202408;3188;2009002156;COTAS;105353027.106198000000000;29298975000120
202408;3188;2009002156;COTAS;25469930.963305000000000;34613727000166
202408;3174;1994004029;COTAS;29610602.532460000000000;
202408;4042;2000004792;COTAS;574736.768878000000000;
202408;3188;2009002229;VL_PG_RC;0.000000000000000;
202408;3188;2021003019;COTAS;786164.342966000000000;10214125000178
202408;4042;9970000000;COTAS;1492286.560001000000000;
202408;3174;1994004029;COTAS;256199033.180000000000000;13021486000196
202408;3188;2002000719;COTAS;4371988.059499000000000;
202408;3188;2021003019;COTAS;3057701.390520000000000;10220247000177
202408;4042;2000004792;COTAS;12081157.672339000000000;
202408;4176;2023000319;VL_PG_RC;-8847.290000000000000;
202408;3188;2010000374;COTAS;372308.703762000000000;
202408;4087;2007000156;CAIXA;30594.550000000000000;
202408;3174;1994004029;COTAS;329783061.660000000000000;20142612000126
202408;3251;1995001465;COTAS;419867.781910000000000;
202408;4042;2000004792;COTAS;35297901.423272000000000;
202408;3188;1989000983;CAIXA;22.210000000000000;
202408;4087;2007000156;TIT_PUB;25263721.190000000000000;
202408;3251;1995001465;COTAS;26650.167372000000000;
202408;3188;2023000947;COTAS;569027.939155000000000;18270776000197
202408;3188;1989000983;COTAS;1666012.745097000000000;
202408;4203;2000001319;COTAS;10311.004698000000000;
202408;3188;2002000719;COTAS;8387403.810301000000000;18270776000197
202408;4042;2000004792;COTAS;16533285.610001000000000;
202408;3188;9970000000;CAIXA;61924.820000000000000;
202408;3188;1989000983;COTAS;4495359.857756000000000;
202408;4091;2004002492;CAIXA;485286.940000000000000;
202408;4042;2000004792;COTAS;15931013.490001000000000;
202408;3188;1994002565;COTAS;9642897.813294000000000;29298975000120
202408;4042;2000004792;VL_PG_RC;-21869.790000000000000;
202408;3304;1995002747;COTAS;10217154.955169000000000;
202408;3188;2010000374;COTAS;1334614.535427000000000;18270776000197
202408;4203;2000001319;VL_PG_RC;829011.810000000000000;
202408;4091;1974000338;IMOVEIS;25982830.030000000000000;
202408;3188;1994002565;IMOVEIS;2093570.000000000000000;
202408;4203;2000001556;VL_PG_RC;2329108.540000000000000;
202408;3201;1994004274;COTAS;219093.978181000000000;
202408;4203;2000002838;OPERACAO_PARTICIPANTE;19592254.141641639900000;
202408;3188;2010003047;COTAS;122219.188122000000000;
202408;4091;2004002492;COTAS;17222.966296000000000;
202408;3188;2003000747;TIT_PUB;2437821.210000000000000;
202408;3251;1995001465;COTAS;564325.680101000000000;
202408;3188;1994002565;TIT_PUB;169527053.170000000000000;
202408;4091;2002001529;OPERACAO_PARTICIPANTE;5363765.079934627100000;
202408;3304;1995002747;COTAS;5154566.390309000000000;
202408;3188;2010003047;COTAS;189890.301509000000000;10214125000178
202408;3251;1995001465;COTAS;7655618.783290000000000;
202408;3188;1996004883;COTAS;58209105.532695000000000;10214125000178
202408;4101;2002001847;COTAS;22209998.735997000000000;
202408;3188;2010003047;COTAS;359507.782492000000000;10220241000108
202408;3251;1995001465;COTAS;130581.170760000000000;
202408;4101;2002001847;COTAS;10965840.094267000000000;
202408;4203;2000006574;COTAS;1892432.366243000000000;
202408;4101;2002001847;COTAS;291508432.676341000000000;07377701000193
202408;3251;1995001465;COTAS;10336542.579331000000000;
202408;4131;1981000811;COTAS;24986727.762372000000000;
202408;3304;1995002747;COTAS;8143458.485628000000000;
202408;3188;2010003047;COTAS;245256.989763000000000;10220247000177
202408;3188;2003001638;TIT_PUB;59968457.000000000000000;
202408;4203;2020002711;COTAS;203072.518850000000000;40190375000186
202408;4114;2002004129;COTAS;355267810.879541000000000;05093031000158
202408;3188;2010003047;COTAS;293819.517379000000000;34613727000166
202408;4131;1981000811;COTAS;20531797.360000000000000;
202408;3304;1995002747;COTAS;7080812.932064000000000;
202408;3188;2010003292;COTAS;0.029495000000000;
202408;4131;1986000419;VL_PG_RC;-9857.580000000000000;
202408;3188;1996004883;VL_PG_RC;-342575.470000000000000;
202408;4203;9970000000;ACOES;118011.750000000000000;
202408;4131;1987000374;COTAS;9024495.763937000000000;
202408;4217;1997000792;COTAS;5384711.733550000000000;14115118000170
202408;4131;1989001165;OPERACAO_PARTICIPANTE;80420.090000000000000;
202408;4128;1995003565;CAIXA;47594.620000000000000;
202408;3188;1997001047;COTAS;1618367.712694000000000;
202408;4131;1993001018;COTAS;134426.381996000000000;
202408;3188;2010003292;COTAS;2006581.761501000000000;10220241000108
202408;3188;2004002174;TIT_PUB;102734164.900000000000000;
202408;4217;2006004638;VL_PG_RC;-19899.770000000000000;
202408;3304;1995002747;COTAS;14566931.438051000000000;
202408;3188;2005000256;COTAS;1186090.170210000000000;
202408;4131;1981000811;CAIXA;664772.780000000000000;
202408;4217;2010004183;COTAS;267005.234445000000000;14115118000170
202408;4131;1998006311;CAIXA;59581.600000000000000;
202408;3251;1995001465;COTAS;6858126.599194000000000;
202408;3188;2005000256;COTAS;412095.725882000000000;27565843000191
202408;4217;2022000374;CAIXA;645.180000000000000;
202408;3188;1997001047;COTAS;27728862.210547000000000;10220241000108
202408;3188;1998004856;COTAS;43112.910986000000000;18270776000197
202408;3251;1995001465;COTAS;1938276.302802000000000;
202408;3304;1995002811;COTAS;2624526.560000000000000;
202408;3188;2010003292;COTAS;5374118.250349000000000;18270776000197
202408;4221;2005000892;COTAS;556516.290601000000000;
202408;3188;1998004856;COTAS;1544083.526656000000000;27565843000191
202408;4131;1998006311;COTAS;282721.017408000000000;
202408;3251;1995001465;COTAS;1786628.736829000000000;
202408;3188;2010003365;COTAS;1841625.769098000000000;10220241000108
202408;3188;2005006483;COTAS;10277531.665608000000000;29298975000120
202408;4131;1998006719;COTAS;4047420.662347000000000;
202408;3188;2010003438;COTAS;15291085.123329000000000;10214125000178
202408;3304;1995002811;COTAS;138596.554819000000000;
202408;4131;1998006719;VL_PG_RC;-12785.360000000000000;
202408;3188;1998005674;COTAS;99867.712975000000000;
202408;3251;1995001465;COTAS;979456.684310000000000;
202408;3188;2005006483;COTAS;540744.068850000000000;36178602000180
202408;4221;2005000892;COTAS;10587054.578629000000000;
202408;3188;2010005074;COTAS;417963.002407000000000;18270776000197
202408;4221;2005000892;VL_PG_RC;-78249.560000000000000;
202408;4131;1981000811;COTAS;24678437.922348000000000;42495052000126
202408;3188;2007003074;COTAS;279450.482993000000000;
202408;3304;1995002811;COTAS;45810.356728000000000;
202408;4131;2002000247;COTAS;4901068.934648000000000;
202408;3188;1998006247;COTAS;4479405.203202000000000;
202408;3188;2007003074;COTAS;1337386.020239000000000;29298975000120
202408;4221;2006004247;COTAS;338328.290084000000000;
202408;4131;1986000419;COTAS;861726.184734000000000;
202408;3304;1995002811;COTAS;5528727.074482000000000;
202408;3304;1995002811;COTAS;10993631.249235000000000;
202408;4131;1986000419;TIT_PRIV;227682.880000000000000;
202408;3304;1995002811;COTAS;25661.022047000000000;
202408;4221;2006004247;VL_PG_RC;-68330.460000000000000;
202408;3251;1995001465;COTAS;159222.379490000000000;
202408;3188;2010005211;COTAS;15284654.885062000000000;10214125000178
202408;4131;1987000374;CAIXA;819066.120000000000000;
202408;3304;1995002811;COTAS;1592554.467313000000000;
202408;3188;2007003074;COTAS;874307.184960000000000;34613727000166
202408;4131;2002000247;VL_PG_RC;-18453.890000000000000;
202408;4221;2011002419;COTAS;714047.343765000000000;
202408;3251;1995001465;COTAS;576268.066479000000000;
202408;4131;1987000374;VL_PG_RC;-104880.090000000000000;
202408;4221;2012001629;COTAS;789519.284826000000000;
202408;4221;2012001629;COTAS;1381648.935550000000000;
202408;4131;2006006665;CAIXA;110294.330000000000000;
202408;4221;2012001629;TIT_PUB;76119.460000000000000;
202408;3304;1995002811;COTAS;1500685.956756000000000;
202408;4131;2008004211;COTAS;4334765.329512000000000;
202408;4221;2012001874;COTAS;3073420.298070000000000;
202408;4131;1989001165;TIT_PUB;48406378.830000000000000;
202408;3188;2010005211;COTAS;19795941.336653000000000;10220247000177
202408;3188;2010005211;VL_PG_RC;-87023.750000000000000;
202408;3188;1998006247;COTAS;2069488.653668000000000;
202408;4221;2012001874;COTAS;5550927.776818000000000;
202408;3188;2009002156;CAIXA;1051.720000000000000;
202408;3304;1995002747;COTAS;1117808.132086000000000;
202408;3304;1995002811;COTAS;114460.996671000000000;
202408;4131;2008004392;COTAS;40512.035288000000000;
202408;4221;2015001883;COTAS;359682.408578000000000;
202408;3188;2012000665;TIT_PUB;13088339.250000000000000;
202408;4131;1998006311;COTAS;3366152.537882000000000;
202408;3304;1995002747;COTAS;6814873.996175000000000;
202408;3188;1999002792;COTAS;1474557.093849000000000;
202408;4131;2008004392;COTAS;17741.884992000000000;39665916000104
202408;3188;2013000456;COTAS;3781054.755786000000000;
202408;3304;1995002747;COTAS;6457274.127838000000000;
202408;3188;1999002792;COTAS;1211341.735535000000000;36178602000180
202408;4131;1998006311;VL_PG_RC;-1090.500000000000000;
202408;3188;2013000456;COTAS;12440155.494145000000000;10220241000108
202408;3304;9970000000;COTAS;526643.809969000000000;
202408;4221;2015001883;COTAS;511426.569186000000000;
202408;3188;2013000456;COTAS;10448621.821993000000000;34613727000166
202408;3188;2010000374;COTAS;42451.705693000000000;
202408;3321;1995002992;COTAS;802942.182797000000000;
202408;3188;2016000538;COTAS;836546.041329000000000;
202408;4131;2017000647;COTAS;68454.622775000000000;
202408;3321;1995002992;COTAS;803328.145197000000000;
202408;3188;1999002792;VL_PG_RC;-40763.540000000000000;
202408;4234;9970000000;COTAS;416247.859997000000000;
202408;4131;1998006719;CAIXA;210609.550000000000000;
202408;3188;2010000374;COTAS;605675.332739000000000;36178602000180
202408;3321;1995002992;COTAS;10664488.124406000000000;
202408;4248;2000001718;COTAS;1954221.577491000000000;18936235000155
202408;3188;2016000538;COTAS;2254756.653441000000000;27565843000191
202408;4131;2017000647;COTAS;23922851.032409000000000;
202408;4131;2006006665;COTAS;4081369.414337000000000;
202408;3188;2010003292;COTAS;5581682.293545000000000;27565843000191
202408;3188;1999003756;COTAS;754113.248228000000000;
202408;3188;2016000538;COTAS;2425060.961096000000000;36178602000180
202408;4131;2017000647;COTAS;30797696.040000000000000;
202408;3321;1995002992;COTAS;871202.566081000000000;
202408;3304;1995002747;COTAS;24362.148969000000000;
202408;3188;1999003756;COTAS;1977612.139637000000000;10220247000177
202408;4248;2009000838;COTAS;14213430.782731000000000;
202408;4131;2008004211;CAIXA;203077.910000000000000;
202408;3321;1995002992;COTAS;4071615.321194000000000;
202408;3188;2000007856;COTAS;601135.317876000000000;
202408;4131;2008004392;TIT_PUB;78984.510000000000000;
202408;3321;1995002992;COTAS;11142270.136173000000000;
202408;4248;2009000838;COTAS;32998517.585855000000000;03079923000179
202408;4131;2017000647;COTAS;153383383.840463000000000;42495052000126
202408;3349;1995003638;COTAS;8387570.824993000000000;
202408;4248;2009000838;COTAS;28048728.668032000000000;03497804000136
202408;4131;2008004538;COTAS;3367517.861910000000000;
202408;4248;2009000838;COTAS;87093466.492332000000000;20726076000106
202408;3304;1995002747;TIT_PUB;111932915.040000000000000;
202408;3188;2001000847;COTAS;7890.613860000000000;18270776000197
202408;3188;2010003292;VL_PG_RC;-143730.000000000000000;
202408;3304;1995002811;CAIXA;11938.470000000000000;
202408;4248;2011001919;CAIXA;26597.110000000000000;
202408;3349;1995003638;TIT_PUB;278125411.010000000000000;
202408;4131;2017000647;TIT_PRIV;8524125.370000000000000;
202408;4248;2014001847;COTAS;9562934.091324000000000;18936235000155
202408;3366;1995003018;COTAS;390147801.590047000000000;26315508000172
202408;3188;2001000847;COTAS;142616.076256000000000;27565843000191
202408;3188;2010003365;COTAS;2819461.267458000000000;27565843000191
202408;4248;2014001847;COTAS;232495844.557749000000000;21595984000170
202408;3188;2002000565;COTAS;8122708.481180000000000;25244544000120
202408;4248;2014001847;VL_PG_RC;-3251.840000000000000;
202408;3188;2010003365;VL_PG_RC;-333627.380000000000000;
202408;4131;9970000000;CAIXA;127300.260000000000000;
202408;3304;1995002811;COTAS;1346701.010796000000000;
202408;3188;2002000719;COTAS;19792325.848671000000000;10220241000108
202408;3407;1995003247;COTAS;38684208.563087000000000;
202408;3304;1995002811;COTAS;1514415.245948000000000;
202408;3407;1995003247;COTAS;71543.470879000000000;
202408;4248;2020001683;COTAS;6731.635918000000000;52350495000182
202408;3188;2010003438;COTAS;3291782.852431000000000;
202408;3188;2002000719;COTAS;7221036.597380000000000;34613727000166
202408;3407;1995003247;COTAS;27774203.349494000000000;
202408;3188;2016000538;VL_PG_RC;-48903.140000000000000;
202408;3407;9970000000;COTAS;3678.348584000000000;
202408;3188;2010005074;COTAS;141142.654325000000000;
202408;3188;2010005074;COTAS;959805.899844000000000;10214125000178
202408;4248;9970000000;CAIXA;9523.200000000000000;
202408;4181;2004000147;COTAS;164846581.223291000000000;
202408;4279;2016001992;COTAS;2499337.629387000000000;51834466000123
202408;4181;9970000000;COTAS;2659238.013058000000000;
202408;3304;1995002811;COTAS;2072703.643081000000000;
202408;4279;2018000111;COTAS;554899.858466000000000;51503186000132
202408;3188;2017000574;COTAS;2022052.873453000000000;
202408;3188;2010005074;COTAS;491860.204702000000000;36178602000180
202408;4203;2000001556;ACOES;35696.830000000000000;
202408;3304;1995002811;COTAS;61133.446428000000000;
202408;3188;2002000719;TIT_PUB;356427189.480000000000000;
202408;4203;2000001556;COTAS;157710.862299000000000;
202408;3411;2006000292;VL_PG_RC;-7521.160000000000000;
202408;3188;2003000283;COTAS;1167854.891410000000000;
202408;3188;2017000574;COTAS;8287133.895948000000000;10220241000108
202408;3188;2003000283;COTAS;5637.977550000000000;10220247000177
202408;4203;2000001556;COTAS;287393032.035152000000000;20077265000103
202408;3411;2016001356;CAIXA;241.860000000000000;
202408;3188;2010005211;OPERACAO_PARTICIPANTE;943450.430000000000000;
202408;3411;2016001356;COTAS;17002142.528348000000000;13425757000179
202408;3188;2012000665;COTAS;5188726.885568000000000;10220241000108
202408;3411;2016001356;COTAS;5084538.856960000000000;45017499000188
202408;4203;2000001556;COTAS;102752639.931254000000000;46171916000105
202408;3188;2019000865;COTAS;3373910.914660000000000;
202408;4279;2018000111;COTAS;127381.113167000000000;51834466000123
202408;4203;2000002838;IMOVEIS;41865871.150000000000000;
202408;3304;1995002811;COTAS;58196.227471000000000;
202408;4203;2000006574;COTAS;45352488.574230000000000;40190375000186
202408;3304;2011001838;COTAS;2768209.135188000000000;
202408;3188;2019001047;COTAS;8164.190299000000000;27565843000191
202408;3411;9970000000;VL_PG_RC;-6.600000000000000;
202408;3188;2003000747;COTAS;424255.428300000000000;10214125000178
202408;4203;2004000929;VL_PG_RC;5830.110000000000000;
202408;3188;2021003019;COTAS;1180224.946103000000000;10220241000108
202408;3188;2012000665;COTAS;9354914.056554000000000;10220247000177
202408;4282;2004003065;COTAS;3928698.490000000000000;
202408;4203;2020002711;COTAS;143267.597901000000000;40189629000146
202408;3188;2003001638;COTAS;48625.858585000000000;18270776000197
202408;4282;2004003065;COTAS;7797004.189990000000000;
202408;4203;9970000000;COTAS;1059549.790809000000000;
202408;3188;2012000665;COTAS;4153211.056280000000000;34613727000166
202408;3304;2011001838;COTAS;1628547.033794000000000;
202408;3188;2003001638;COTAS;1097050.596805000000000;27565843000191
202408;3188;2021003019;COTAS;3563389.195717000000000;18270776000197
202408;3188;2012000665;VL_PG_RC;-56774.700000000000000;
202408;4282;2004003065;COTAS;3044039.809999000000000;
202408;3188;2005000256;COTAS;5118479.701295000000000;10214125000178
202408;3438;2000001238;OPERACAO_PARTICIPANTE;253914.550000000000000;
202408;3188;2013000456;COTAS;3312896.686347000000000;27565843000191
202408;3188;2005000256;VL_PG_RC;-40966.370000000000000;
202408;3188;2023000947;TIT_PUB;1274846.930000000000000;
202408;4217;1997000792;VL_PG_RC;1982.560000000000000;
202408;3188;2013000456;VL_PG_RC;-13661.080000000000000;
202408;3188;2005006483;COTAS;616074.443464000000000;
202408;3321;1995002992;COTAS;5379159.089885000000000;
202408;3438;2001002092;VL_PG_RC;0.000000000000000;
202408;3251;1995001465;COTAS;592412.035171000000000;
202408;4282;2004003065;TIT_PUB;32579517.480000000000000;
202408;3188;2016000538;TIT_PUB;28042725.500000000000000;
202408;3321;1995002992;COTAS;28889411.068112000000000;
202408;3438;2002000956;VL_PG_RC;-6662.340000000000000;
202408;4217;2021003329;CAIXA;45079.030000000000000;
202408;3188;2007003074;COTAS;1201930.469606000000000;18270776000197
202408;3251;1995001465;COTAS;566539.761273000000000;
202408;4217;2022000919;VL_PG_RC;520.920000000000000;
202408;3321;1995002992;COTAS;7544016.577264000000000;
202408;4221;2006004247;COTAS;1615510.077804000000000;
202408;3321;1995002992;COTAS;1053966.631000000000000;
202408;3438;2002002118;COTAS;32049.474276000000000;
202408;3321;1995002992;TIT_PRIV;5167620.080000000000000;
202408;3321;9970000000;COTAS;1046624.469986000000000;
202408;3188;2017000574;COTAS;2238678.999498000000000;36178602000180
202408;4221;2006004247;COTAS;9393278.586122000000000;
202408;4311;1997002256;COTAS;89386752.599999000000000;
202408;3188;2007003074;COTAS;308278.391897000000000;27565843000191
202408;3251;1995001465;COTAS;3936961.027725000000000;
202408;3188;2017000711;COTAS;9621081.472649000000000;34613727000166
202408;3188;2009002156;COTAS;51827866.907914000000000;10214125000178
202408;3349;1995003638;COTAS;9016800.000000000000000;
202408;3438;2005002992;COTAS;1795307.491641000000000;
202408;3349;1995003638;COTAS;3384659.993650000000000;
202408;4221;2006004247;COTAS;1816404.028014000000000;
202408;3188;2009002156;COTAS;10902075.619812000000000;36178602000180
202408;3188;2017000711;VL_PG_RC;-105751.570000000000000;
202408;4221;2011002419;COTAS;213312.741122000000000;
202408;3188;2009002156;VL_PG_RC;-680715.680000000000000;
202408;3251;1995001465;COTAS;457825.909054000000000;
202408;4311;9970000000;VL_PG_RC;0.000000000000000;
202408;3349;1995003638;COTAS;3088754.382380000000000;
202408;4368;2005004211;OPERACAO_PARTICIPANTE;1931726.600000000000000;
202408;4221;2011002419;COTAS;4057705.094606000000000;
202408;4368;9970000000;COTAS;28287542.069997000000000;
202408;4221;2011002419;COTAS;1140226.171110000000000;
202408;3188;2019000865;TIT_PUB;15826241.700000000000000;
202408;4371;9970000000;CAIXA;596397.260000000000000;
202408;3188;2010000374;COTAS;303371.237925000000000;
202408;4221;2012001629;COTAS;48344.391591000000000;
202408;4409;2006000829;CAIXA;494890.920000000000000;
202408;4221;2012001629;COTAS;786759.870649000000000;
202408;3349;1995003638;COTAS;13573458.784725000000000;
202408;3188;2019001047;COTAS;15940.328653000000000;
202408;4409;2006000829;COTAS;5919596.920002000000000;
202408;3188;2010000374;COTAS;3015288.696909000000000;29298975000120
202408;3304;1995002747;COTAS;5466984.711946000000000;
202408;3188;2010000374;COTAS;230270.674029000000000;34613727000166
202408;3304;1995002747;COTAS;10831995.319791000000000;
202408;4221;2012001874;COTAS;18561663.289729000000000;
202408;3188;2019001047;COTAS;81954.232020000000000;10220247000177
202408;4412;2006001329;COTAS;38929998.828933000000000;
202408;3349;1995003638;COTAS;2043428.198668000000000;
202408;3188;2010000374;TIT_PUB;21398343.150000000000000;
202408;3188;2019001047;COTAS;41040.511481000000000;18270776000197
202408;4221;2012001874;COTAS;2711196.235976000000000;
202408;3438;2005003638;VL_PG_RC;0.000000000000000;
202408;4221;2015001883;CAIXA;55895.360000000000000;
202408;4412;2006001329;COTAS;12420708.290071000000000;
202408;3349;1995003638;COTAS;8680250.305790000000000;
202408;4221;2015001883;COTAS;171885.910486000000000;
202408;4426;2006003111;COTAS;1139880.000000000000000;
202408;3304;1995002747;COTAS;1752734.360153000000000;
202408;3438;2006000438;COTAS;7876865.250002000000000;
202408;4221;2015001883;COTAS;176263.666247000000000;
202408;4426;2006003111;COTAS;162871.057500000000000;
202408;3438;2006000438;COTAS;115116902.515657000000000;04587998000123
202408;4221;2015001883;COTAS;110900.414348000000000;
202408;3304;1995002747;COTAS;14247854.476641000000000;
202408;3188;2019001047;COTAS;15145.944317000000000;25244544000120
202408;3304;1995002747;COTAS;7901280.754081000000000;
202408;3438;2006000438;COTAS;96094664.349392000000000;15730745000183
202408;3188;2023000947;COTAS;17901.524829000000000;
202408;3304;1995002747;COTAS;4830591.038626000000000;
202408;3188;2023000947;COTAS;61217.715232000000000;10214125000178
202408;3349;1995003638;COTAS;11364488.129653000000000;
202408;3304;1995002747;COTAS;29553.265595000000000;
202408;3188;9970000000;VL_PG_RC;-1366.210000000000000;
202408;4221;2015001883;VL_PG_RC;-12092.350000000000000;
202408;3438;2006000438;COTAS;12145492.510000000000000;51779306000129
202408;3201;9970000000;COTAS;66.679617000000000;
202408;4221;9970000000;CAIXA;162918.910000000000000;
202408;3438;2006002074;OPERACAO_PARTICIPANTE;1490193.680000000000000;
202408;3349;1995003638;COTAS;5903658.739403000000000;
202408;4426;9970000000;TIT_PRIV;8042376.590000000000000;
202408;3188;2010003047;COTAS;107395.593014000000000;36178602000180
202408;4443;1982002018;COTAS;422615.345784000000000;
202408;3304;1995002811;COTAS;632379.978600000000000;
202408;3251;1995001465;CAIXA;336391.560000000000000;
202408;4443;1982002018;COTAS;103563414.244022000000000;21624950000167
202408;3304;2011001838;COTAS;805515.257533000000000;
202408;3188;2010003047;VL_PG_RC;-1352.670000000000000;
202408;4234;9970000000;CAIXA;81971.500000000000000;
202408;3438;2006002147;VL_PG_RC;-509.870000000000000;
202408;3304;2011001838;COTAS;64797.886098000000000;
202408;3251;1995001465;COTAS;6592933.472251000000000;
202408;3438;2006002465;CAIXA;563952.890000000000000;
202408;3251;1995001465;COTAS;2549522.119666000000000;
202408;3188;2010003292;COTAS;21111857.838291000000000;25244544000120
202408;4443;1998002292;COTAS;5521036.041971000000000;
202408;3188;2010003438;COTAS;1079765.803317000000000;
202408;4443;1998002292;COTAS;5427783.526507000000000;
202408;3251;1995001465;COTAS;2203559.158447000000000;
202408;3304;2011001838;COTAS;462619.404347000000000;
202408;4443;1998002292;COTAS;42443622.876328000000000;21624975000160
202408;3251;1995001465;COTAS;4034289.527618000000000;
202408;3188;2010003438;COTAS;9253159.785245000000000;10220247000177
202408;4131;2017000647;VL_PG_RC;1392662.690000000000000;
202408;3438;2006002611;OPERACAO_PARTICIPANTE;2955288.150000000000000;
202408;4248;2009000838;COTAS;30225917.774089000000000;36518029000107
202408;4131;9970000000;COTAS;10341973.846059000000000;
202408;3304;9970000000;VL_PG_RC;0.000000000000000;
202408;3349;1995003638;COTAS;8816173.849018000000000;
202408;3188;2010005074;COTAS;389140.620602000000000;
202408;3321;1995002992;COTAS;8165919.052889000000000;
202408;4248;2009000838;VL_PG_RC;359883.840000000000000;
202408;3349;1995003638;COTAS;12477950.127843000000000;
202408;3188;2010005074;COTAS;300946.488823000000000;
202408;4248;2011001919;COTAS;981640.429507000000000;52350495000182
202408;3349;1995003638;OPERACAO_PARTICIPANTE;14158434.330199023100000;
202408;3251;1995001465;COTAS;384777.753692000000000;
202408;4176;2018002392;COTAS;18414124.243909000000000;13401162000183
202408;3366;1995003018;VL_PG_RC;0.000000000000000;
202408;3438;2007001111;COTAS;87251218.199999000000000;08674678000161
202408;3188;2010005074;COTAS;2339376.071921000000000;29298975000120
202408;4176;2023000319;CAIXA;467.980000000000000;
202408;4443;1998002292;IMOVEIS;28712.000000000000000;
202408;3188;2010005074;COTAS;1347361.755801000000000;34613727000166
202408;4181;2004000147;CAIXA;0.000000000000000;
202408;4248;2014001847;COTAS;1178381.343288000000000;
202408;3188;2010005074;TIT_PUB;6595226.090000000000000;
202408;3251;1995001465;COTAS;292996.043218000000000;
202408;3321;1995002992;COTAS;3699649.813431000000000;
202408;3407;1995003247;COTAS;11458061.229380000000000;
202408;3188;2010005211;COTAS;33926119.873808000000000;29298975000120
202408;4181;2004000147;COTAS;4429799.172229000000000;
202408;4248;2020001683;CAIXA;11618.990000000000000;
202408;3407;1995003247;COTAS;19599076.780307000000000;
202408;3438;2007003856;OPERACAO_PARTICIPANTE;308642.670000000000000;
202408;4181;9970000000;CAIXA;0.000000000000000;
202408;3407;1995003247;VL_PG_RC;-65332.960000000000000;
202408;3438;2008003256;COTAS;11776542.811496000000000;
202408;3304;1995002747;CAIXA;70087.440000000000000;
202408;3304;1995002747;COTAS;192062.854424000000000;
202408;4279;2004002711;VL_PG_RC;-1689750.640000000000000;
202408;3411;2006000292;COTAS;309169781.247967000000000;13970020000137
202408;4443;2006007165;COTAS;52068081.711384000000000;21624975000160
202408;3304;1995002747;COTAS;6104267.124272000000000;
202408;4279;2018000111;COTAS;1557757.077886000000000;24215260000142
202408;4443;9970000000;VL_PG_RC;0.000000000000000;
202408;3438;2008003256;COTAS;4867337.990001000000000;
202408;3188;2012000665;COTAS;5771710.984956000000000;29298975000120
202408;4461;9970000000;COTAS;278732.010000000000000;
202408;3438;2016002018;COTAS;3414889.980842000000000;
202408;3321;1995002992;COTAS;1897654.885685000000000;
202408;3304;1995002747;COTAS;3509163.019962000000000;
202408;4282;2004003065;COTAS;78974.909999000000000;
202408;3411;2016001356;COTAS;17349034.138956000000000;13970020000137
202408;3304;1995002747;COTAS;6962520.779271000000000;
202408;4461;9970000000;COTAS;558164.950000000000000;
202408;4181;9970000000;VL_PG_RC;-4071.130000000000000;
202408;4282;2004003065;COTAS;1620050.290002000000000;
202408;4203;2000001556;CAIXA;10538.860000000000000;
202408;3438;2020002183;COTAS;22054142.496505000000000;
202408;3304;1995002747;COTAS;489873.726009000000000;
202408;4282;2004003065;COTAS;2421840.449915000000000;
202408;3321;1995002992;COTAS;6440646.210350000000000;
202408;4501;2007002183;CAIXA;52249.920000000000000;
202408;3188;2016000538;COTAS;9012814.818370000000000;10220241000108
202408;3304;1995002747;COTAS;469279.837125000000000;
202408;4282;2004003065;COTAS;1106799.559997000000000;
202408;4501;9970000000;VL_PG_RC;0.000000000000000;
202408;3438;2020003392;COTAS;45003369.540635000000000;46206481000197
202408;4282;2004003065;COTAS;3334311.060001000000000;
202408;4515;2007003538;COTAS;234072573.540001000000000;09188149000110
202408;3438;2020003392;VL_PG_RC;0.000000000000000;
202408;4311;1997002256;CAIXA;578.500000000000000;
202408;4529;2008002365;COTAS;130999.719570000000000;
202408;3188;2016000538;COTAS;7226003.859842000000000;34613727000166
202408;4311;2005002747;VL_PG_RC;0.000000000000000;
202408;3321;1995002992;COTAS;3450739.047787000000000;
202408;3438;2021002438;CAIXA;1845590.490000000000000;
202408;3438;2021002438;COTAS;5358162.148359000000000;
202408;3349;1995003638;COTAS;8253767.010000000000000;
202408;4529;2008002365;COTAS;5531672.299628000000000;
202408;4203;2000002838;COTAS;478536.334729000000000;
202408;3438;2021002438;OPERACAO_PARTICIPANTE;13495569.580000000000000;
202408;3349;1995003638;COTAS;30992.445177000000000;
202408;3411;2016001356;VL_PG_RC;-243.070000000000000;
202408;4371;2005004911;COTAS;164.920001000000000;
202408;3349;1995003638;COTAS;3356558.880000000000000;
202408;3438;1999001011;CAIXA;217195.240000000000000;
202408;4203;2000002838;COTAS;123605060.826093000000000;40189629000146
202408;3438;2021002918;COTAS;4645494.640011000000000;
202408;3304;1995002811;COTAS;3738258.215921000000000;
202408;4529;2008002365;TIT_PRIV;37189007.030000000000000;
202408;4203;2000006574;CAIXA;4576203.630000000000000;
202408;3438;9970000000;VL_PG_RC;-2624977.280000000000000;
202408;3472;1984001183;VL_PG_RC;-129631.470000000000000;
202408;4385;2005006311;OPERACAO_PARTICIPANTE;3432106.570000000000000;
202408;3304;1995002811;COTAS;1002231.322496000000000;
202408;3349;1995003638;COTAS;8206897.000000000000000;
202408;3349;1995003638;COTAS;3210164.400000000000000;
202408;4529;9970000000;VL_PG_RC;0.000000000000000;
202408;4203;2020002711;COTAS;28105.120744000000000;40170889000170
202408;3188;2016000538;OPERACAO_PARTICIPANTE;1241159.880000000000000;
202408;4532;2008004856;COTAS;5854116.214108000000000;
202408;4203;2020002711;COTAS;1012870.169875000000000;40189280000142
202408;4409;2006000829;COTAS;71168344.329999000000000;20833940000179
202408;3304;1995002811;COTAS;4521421.112457000000000;
202408;4203;9970000000;COTAS;84615650.678574000000000;03102070000149
202408;4412;2006001329;CAIXA;6074.050000000000000;
202408;3472;2023000718;COTAS;39549019.180861000000000;07420547000195
202408;3349;1995003638;COTAS;9052145.024685000000000;
202408;4217;2006004638;CAIXA;1760442.460000000000000;
202408;3438;1999001011;COTAS;161161295.223362000000000;46206481000197
202408;3188;2017000711;COTAS;11961592.576723000000000;10220241000108
202408;3438;1999001729;CAIXA;441937.800000000000000;
202408;3472;2023000718;VL_PG_RC;-0.010000000000000;
202408;3188;2019000865;CAIXA;1300.000000000000000;
202408;3438;2000005111;COTAS;229559.091217000000000;
202408;4532;2008004856;COTAS;3803463.494403000000000;
202408;4217;2006004638;COTAS;101660952.685281000000000;18683208000118
202408;4412;2006001329;COTAS;9969750.579992000000000;
202408;3349;1995003638;COTAS;8269280.614855000000000;
202408;4532;2008004856;COTAS;6485066.343913000000000;
202408;4217;2022000374;COTAS;1335740.007431000000000;11435287000107
202408;4412;2006001329;COTAS;5066139.780001000000000;
202408;3472;9970000000;VL_PG_RC;2.250000000000000;
202408;3188;2019001047;CAIXA;240.000000000000000;
202408;4546;2009000919;COTAS;2487088.311694000000000;
202408;4412;2006001329;COTAS;10598123.809999000000000;
202408;3527;1996002619;COTAS;2462584.214397000000000;
202408;3349;1995003638;COTAS;5523395.837753000000000;
202408;4546;2009000919;COTAS;7344642.530324000000000;
202408;3438;2002002029;CAIXA;9032231.160000000000000;
202408;3304;1995002811;COTAS;6202861.084925000000000;
202408;3527;1996002619;COTAS;19820257.615326000000000;
202408;4546;2009000919;COTAS;2677130.636925000000000;
202408;3188;2019001047;COTAS;7917.044224000000000;
202408;4412;2006001329;VL_PG_RC;448495.180000000000000;
202408;3527;1996002619;COTAS;2264871.086053000000000;
202408;3188;2021003019;COTAS;3632760.653589000000000;25244544000120
202408;3304;1995002811;COTAS;2553240.502341000000000;
202408;3527;2020001365;COTAS;3961559.694174000000000;
202408;4546;2009000919;VL_PG_RC;-121402.070000000000000;
202408;4221;2005000892;COTAS;2289258.189295000000000;
202408;4426;2006003111;COTAS;69503912.062158000000000;
202408;3527;2020001365;COTAS;11760620.367538000000000;
202408;3349;1995003638;COTAS;17599363.361886000000000;
202408;3304;1995002811;COTAS;338063.562600000000000;
202408;3349;1995003638;COTAS;6664556.592600000000000;
202408;4426;2006003111;VL_PG_RC;13417.550000000000000;
202408;3188;2023000947;COTAS;39032.433365000000000;29298975000120
202408;3438;2005002992;COTAS;37776995.855697000000000;
202408;4426;2007002329;COTAS;5396820.000000000000000;
202408;3251;1995001465;COTAS;74249044.468043000000000;
202408;3527;2020001365;COTAS;73701477.826431000000000;
202408;3349;9970000000;VL_PG_RC;-875.260000000000000;
202408;4426;2007002329;COTAS;6858600.000000000000000;
202408;4221;2005000892;COTAS;12025523.466062000000000;
202408;3304;2011001838;COTAS;457329.375418000000000;
202408;3438;2005002992;OPERACAO_PARTICIPANTE;468000.070000000000000;
202408;4577;2008003892;COTAS;6578673.494127000000000;
202408;4426;2007002329;TIT_PUB;696987352.960000000000000;
202408;3304;2011001838;COTAS;546974.361687000000000;
202408;3527;2020001756;COTAS;60117032.770961000000000;
202408;3366;1995003018;CAIXA;1207346.810000000000000;
202408;4221;2005000892;COTAS;1513071.310063000000000;
202408;3304;2011001838;COTAS;379474.865376000000000;
202408;3407;1995003247;COTAS;10525744.418391000000000;
202408;4221;2011002419;COTAS;173369.261079000000000;
202408;3251;1995001465;COTAS;457756.279404000000000;
202408;3304;2011001838;COTAS;333696.391319000000000;
202408;3407;1995003247;COTAS;12317157.054538000000000;
202408;4577;2008003892;COTAS;488176.977020000000000;
202408;3407;9970000000;COTAS;13518.664166000000000;
202408;3527;2020001756;COTAS;2644233.082565000000000;
202408;3407;9970000000;COTAS;4605.815867000000000;
202408;3527;2020001756;COTAS;2236402.225619000000000;
202408;3407;9970000000;COTAS;9706.030999000000000;
202408;4221;2011002419;COTAS;22548.813466000000000;
202408;3251;1995001465;COTAS;7522942.053495000000000;
202408;4577;2010001974;COTAS;213972.765824000000000;
202408;3251;1995001465;COTAS;3917066.128753000000000;
202408;3411;2016001429;VL_PG_RC;-171.320000000000000;
202408;4577;2010001974;COTAS;1917355.871066000000000;
202408;3251;1995001465;COTAS;39719848.157953000000000;
202408;3438;1999001011;VL_PG_RC;0.000000000000000;
202408;4443;1982002018;COTAS;497962462.149861000000000;12558695000100
202408;3438;2006000438;VL_PG_RC;24318921.350000000000000;
202408;4443;1982002018;VL_PG_RC;-3121.850000000000000;
202408;3531;1996003038;COTAS;59928920.530794000000000;05584616000170
202408;3438;2006002147;OPERACAO_PARTICIPANTE;1045104.590000000000000;
202408;4443;1988000947;OPERACAO_PARTICIPANTE;149001.250000000000000;
202408;4577;2010001974;COTAS;1443897.531021000000000;
202408;3438;2006002611;COTAS;139322562.982177000000000;08661367000168
202408;3438;1999001656;COTAS;83549382.740006000000000;36180815000147
202408;4443;1998002292;OPERACAO_PARTICIPANTE;1815917.420039833600000;
202408;4577;2010001974;VL_PG_RC;-33219.920000000000000;
202408;3438;2006002856;VL_PG_RC;0.000000000000000;
202408;3251;1995001465;COTAS;8652772.464942000000000;
202408;3438;1999001729;COTAS;133342450.860002000000000;13500098000198
202408;4221;2012001629;COTAS;1510964.186524000000000;
202408;3531;1996003038;VL_PG_RC;-253552.170000000000000;
202408;4443;2006007165;COTAS;7820324.883302000000000;
202408;4221;2012001629;COTAS;690507.640688000000000;
202408;3251;1995001465;COTAS;962168.938435000000000;
202408;4221;2012001629;OPERACAO_PARTICIPANTE;617860.119144000000000;
202408;3251;1995001465;COTAS;262529.071400000000000;
202408;4443;2006007165;VL_PG_RC;-6760.100000000000000;
202408;4221;2012001874;COTAS;3741035.776883000000000;
202408;3251;1995001465;COTAS;14445838.785671000000000;
202408;3438;2007001111;CAIXA;20006.400000000000000;
202408;4461;9970000000;COTAS;353913.410007000000000;
202408;3304;9970000000;CAIXA;4431.080000000000000;
202408;3558;9970000000;COTAS;2215647.559859000000000;
202408;3321;1995002992;COTAS;3141769.416149000000000;
202408;3438;2000001092;VL_PG_RC;-731252.680000000000000;
202408;3438;2000003011;COTAS;98913593.170000000000000;45046280000107
202408;4221;2012001874;COTAS;2964361.193148000000000;
202408;3251;1995001465;COTAS;50611.294311000000000;
202408;3438;2007001438;COTAS;29341598.450001000000000;
202408;3438;2000003011;COTAS;99042702.286009000000000;46206481000197
202408;4515;2007003538;COTAS;50068947.260000000000000;55222854000104
202408;3251;1995001465;VL_PG_RC;4814673.620000000000000;
202408;3438;2007001438;VL_PG_RC;0.000000000000000;
202408;3321;1995002992;COTAS;4839016.744776000000000;
202408;3304;1995002747;COTAS;8706152.280000000000000;
202408;3438;2007003856;VL_PG_RC;-288.930000000000000;
202408;3438;2000005111;CAIXA;250229.760000000000000;
202408;3321;1995002992;COTAS;2694848.729431000000000;
202408;3304;1995002747;COTAS;591454.165940000000000;
202408;4221;2012001874;TIT_PUB;320786.010000000000000;
202408;3321;1995002992;COTAS;13073559.316946000000000;
202408;4515;9970000000;COTAS;743598.960001000000000;09188149000110
202408;3575;1996004247;CAIXA;988435.930000000000000;
202408;4221;2015001883;COTAS;1819535.014198000000000;
202408;3438;2000005111;COTAS;2974837.970023000000000;
202408;3321;1995002992;COTAS;1923635.022551000000000;
202408;3438;2008003256;VL_PG_RC;-80882.800000000000000;
202408;3304;1995002747;COTAS;3106522.042920000000000;
202408;4577;9970000000;COTAS;197810.773770000000000;
202408;4529;2008002365;OPERACAO_PARTICIPANTE;25669802.793096000000000;
202408;3438;2009002083;COTAS;5584433.384471000000000;
202408;3321;1995002992;TIT_PUB;59947757.670000000000000;
202408;3304;1995002747;COTAS;22880846.289187000000000;
202408;3304;1995002747;COTAS;15649027.523513000000000;
202408;4248;2000001718;OPERACAO_PARTICIPANTE;705162.219392208800000;
202408;4546;2009000919;COTAS;4560043.932954000000000;
202408;3321;9970000000;CAIXA;1434.720000000000000;
202408;3438;2002002029;COTAS;53421522.666626000000000;17695440000103
202408;4577;9970000000;VL_PG_RC;-1689.890000000000000;
202408;3349;1995003638;COTAS;3548500.000000000000000;
202408;3438;2002002118;CAIXA;21953.130000000000000;
202408;3575;1996004247;COTAS;86579377.211491000000000;21219083000184
202408;4581;1999000919;CAIXA;149111.380000000000000;
202408;3349;1995003638;COTAS;2510438.591497000000000;
202408;3304;1995002747;COTAS;3477307.181782000000000;
202408;3575;9970000000;VL_PG_RC;0.000000000000000;
202408;4581;1999000919;COTAS;226323882.701773000000000;20725957000102
202408;4546;2009000919;COTAS;3414099.441802000000000;
202408;3304;1995002811;COTAS;1713039.750637000000000;
202408;4581;1999000919;COTAS;93490751.295858000000000;45622039000189
202408;4248;2009000838;COTAS;70173189.367529000000000;08035716000136
202408;4581;1999000919;COTAS;50103600.000000000000000;55899189000198
202408;4248;2009000838;COTAS;96994.034575000000000;52350495000182
202408;3349;1995003638;COTAS;48595571.678143000000000;
202408;3304;1995002811;COTAS;725994.549601000000000;
202408;3438;2009002083;COTAS;9651008.064201000000000;
202408;4248;2011001919;COTAS;541322716.283886000000000;08035716000136
202408;3592;9970000000;CAIXA;205788.960000000000000;
202408;4604;2010002083;COTAS;6463499.695562000000000;
202408;3304;1995002811;COTAS;961983.628689000000000;
202408;4248;2011001919;COTAS;773717401.651457000000000;18936235000155
202408;3602;1979000638;COTAS;197897.933184000000000;
202408;3304;1995002811;COTAS;1807298.028495000000000;
202408;3438;2009002083;OPERACAO_PARTICIPANTE;723949.140000000000000;
202408;3438;2002002118;COTAS;7912387.164448000000000;20030716000149
202408;3349;1995003638;COTAS;4635587.725355000000000;
202408;4604;2010002083;COTAS;10696610.823097000000000;
202408;4546;9970000000;CAIXA;190484.570000000000000;
202408;3438;2002002118;OPERACAO_PARTICIPANTE;181951.350000000000000;
202408;3407;9970000000;COTAS;129665.107337000000000;
202408;4546;9970000000;TIT_PUB;252218.620000000000000;
202408;4248;2011001919;COTAS;326168586.949712000000000;36518029000107
202408;3407;9970000000;COTAS;4004.158001000000000;
202408;4604;9970000000;CAIXA;4100.240000000000000;
202408;3304;1995002811;COTAS;1017702.994723000000000;
202408;3407;9970000000;VL_PG_RC;-22.830000000000000;
202408;4621;2022002318;VL_PG_RC;0.000000000000000;
202408;3602;1979000638;COTAS;7726576.510000000000000;
202408;4577;2008003892;COTAS;3700470.123646000000000;
202408;4248;2014001847;COTAS;228400901.731812000000000;21596641000120
202408;3438;2005002992;COTAS;72517855.366870000000000;
202408;4577;2008003892;COTAS;2012311.663538000000000;
202408;3411;2006000292;COTAS;321875597.337380000000000;13425757000179
202408;4577;2010001974;COTAS;217648.068837000000000;
202408;3411;2006000292;COTAS;99511703.091030000000000;45017499000188
202408;3438;2009003519;COTAS;522870.138651000000000;
202408;4577;2010001974;COTAS;507875.300509000000000;
202408;3602;1979000638;COTAS;56542771.048976000000000;22014343000148
202408;3304;1995002811;COTAS;3161271.584873000000000;
202408;4604;2010002083;COTAS;106196396.710816000000000;
202408;3602;1979000638;VL_PG_RC;18294504.100000000000000;
202408;4604;2010002083;VL_PG_RC;-120353.910000000000000;
202408;3304;1995002811;COTAS;457126.054987000000000;
202408;3304;1995002811;COTAS;184137.360000000000000;
202408;4248;2020001683;COTAS;311345.140422000000000;32240211000198
202408;3602;2009000511;CAIXA;1890.440000000000000;
202408;4621;2010002318;COTAS;1927004.140062000000000;37821719000101
202408;3411;2014001065;COTAS;86308306.237312000000000;13970020000137
202408;3438;2010005465;COTAS;22344024.770001000000000;25423301000159
202408;4621;9970000000;CAIXA;799.780000000000000;
202408;3411;2014001065;COTAS;26359884.557597000000000;45017499000188
202408;3438;2013001983;COTAS;1538358.291402000000000;
202408;4649;2010003756;COTAS;202901487.072185000000000;12440761000143
202408;3438;2005003638;COTAS;16962843.365619000000000;
202408;4621;2022002083;VL_PG_RC;-71.110000000000000;
202408;3438;2013001983;COTAS;28464514.904347000000000;04587998000123
202408;3602;2009000511;COTAS;3671247.655916000000000;
202408;3438;2005006556;CAIXA;836764.730000000000000;
202408;3438;2020002183;OPERACAO_PARTICIPANTE;597239.790000000000000;
202408;3411;2016001429;COTAS;10457015.176641000000000;13425757000179
202408;4652;2010004574;CAIXA;30974.730000000000000;
202408;3472;1984001183;COTAS;360632122.743825000000000;20519416000128
202408;3304;1995002811;VL_PG_RC;666471.230000000000000;
202408;4652;2019001438;VL_PG_RC;-2056.830000000000000;
202408;3472;1984001183;IMOVEIS;55311000.000000000000000;
202408;3411;2016001429;COTAS;1636236.314413000000000;45017499000188
202408;4248;9970000000;COTAS;1841242.228439000000000;18936235000155
202408;4649;2010003756;COTAS;37366405.385090000000000;44917099000166
202408;3438;1989001238;COTAS;60287220.567200000000000;
202408;3438;2006002074;CAIXA;102038.640000000000000;
202408;4652;9970000000;COTAS;37220.980000000000000;
202408;3602;2011001692;COTAS;1108395.563246000000000;
202408;3304;2011001838;COTAS;313097.202102000000000;
202408;3472;1988001374;COTAS;495856722.248989000000000;02498188000175
202408;4649;2010003756;COTAS;8791905.166868000000000;50423703000109
202408;3438;2006002074;COTAS;62180372.712376000000000;08661367000168
202408;3602;2011001692;COTAS;6399771.468970000000000;
202408;3438;2000000118;CAIXA;0.000000000000000;
202408;3438;2006002211;VL_PG_RC;-37611.600000000000000;
202408;4666;2011000629;COTAS;8799146.800367000000000;
202408;4279;2004002711;COTAS;4560754297.891658000000000;24249979000102
202408;4649;2010003756;VL_PG_RC;-24389.530000000000000;
202408;3438;2006002783;VL_PG_RC;-5387.650000000000000;
202408;3472;2023000718;COTAS;20189210.436152000000000;20519416000128
202408;4279;2018000111;COTAS;2996427.208249000000000;24215239000147
202408;4649;9970000000;CAIXA;297607.820000000000000;
202408;4666;2011000629;COTAS;8731810.496348000000000;
202408;4279;2018000111;COTAS;1111715.489697000000000;24215247000193
202408;4666;2011000629;COTAS;5854184.942182000000000;
202408;3602;2011001692;TIT_PRIV;5211410.920000000000000;
202408;3438;2000001092;COTAS;31541686.210847000000000;17706099000144
202408;3486;9970000000;VL_PG_RC;-3868.740000000000000;
202408;4666;2021002756;COTAS;1311328.104556000000000;
202408;4666;2011000629;COTAS;2466281.916540000000000;
202408;3438;2007003856;CAIXA;125129.860000000000000;
202408;3304;2011001838;COTAS;39059.440000000000000;
202408;4666;2011000947;CAIXA;163048.010000000000000;
202408;3438;2008003256;COTAS;1738128.361592000000000;
202408;4279;2018000111;COTAS;3733027.575777000000000;24215307000178
202408;4666;2011000947;COTAS;2021111.601413000000000;
202408;3602;9970000000;COTAS;966188.630538000000000;21321600000121
202408;3438;2000003011;CAIXA;1410900.520000000000000;
202408;4683;1990001165;COTAS;467774293.250036000000000;
202408;3438;2009002083;COTAS;7707921.670444000000000;
202408;3438;2002002118;COTAS;72641505.548204000000000;17695440000103
202408;4279;9970000000;VL_PG_RC;-2545.900000000000000;
202408;4683;2004002311;COTAS;1186002.361576000000000;27696713000198
202408;3438;2009003519;COTAS;22189593.699996000000000;05482325000171
202408;3438;2005003638;CAIXA;676563.770000000000000;
202408;4683;2005000647;COTAS;11070496.384694000000000;
202408;4666;2011000947;COTAS;4132724.404733000000000;
202408;4311;2005002747;CAIXA;578.500000000000000;
202408;3304;2011001838;VL_PG_RC;136536.110000000000000;
202408;3438;2009003519;COTAS;201332574.910000000000000;11110873000173
202408;3678;1990001319;VL_PG_RC;-3368.860000000000000;
202408;4683;2005000647;COTAS;23637808.089915000000000;27696713000198
202408;3527;1996002619;COTAS;19867534.131893000000000;
202408;4666;2011000947;COTAS;40613277.200849000000000;
202408;3678;2008001474;COTAS;102638692.190098000000000;03322908000100
202408;4683;2005000647;COTAS;26615377.815286000000000;29055966000108
202408;3321;1995002992;COTAS;9076363.872829000000000;
202408;4683;1990001165;COTAS;426233203.584986000000000;
202408;3438;2009003519;VL_PG_RC;3669495.480000000000000;
202408;3438;2005006556;VL_PG_RC;-2804.300000000000000;
202408;3527;1996002619;COTAS;6179670.409446000000000;
202408;4683;2004002311;COTAS;3734500.843745000000000;
202408;4683;2004002311;COTAS;3246658.369257000000000;
202408;3527;1996002619;TIT_PUB;26265449.000000000000000;
202408;4368;2005004211;CAIXA;379344.900000000000000;
202408;4683;2004002311;VL_PG_RC;-12213.920000000000000;
202408;3321;1995002992;COTAS;13994176.765079000000000;
202408;3825;1988002192;COTAS;9929271.404633000000000;
202408;4368;9970000000;VL_PG_RC;-2995.360000000000000;
202408;4683;2005000647;COTAS;317448.110648000000000;
202408;4683;2019000792;VL_PG_RC;-40992.720000000000000;
202408;3825;1989001092;VL_PG_RC;0.000000000000000;
202408;3438;2006000438;COTAS;6591420.134371000000000;
202408;4707;2013000138;COTAS;4113643.658673000000000;
202408;3825;1989001874;COTAS;33566196.843856000000000;
202408;4371;2005004911;CAIXA;165.320000000000000;
202408;3438;2012000347;COTAS;28635212.102351000000000;
202408;3825;1989001874;COTAS;5668845.365792000000000;
202408;3321;1995002992;COTAS;724524.605742000000000;
202408;4371;9970000000;VL_PG_RC;0.000000000000000;
202408;3527;2020001365;COTAS;70681672.947213000000000;
202408;4707;2013000138;COTAS;2506608.120000000000000;
202408;3321;1995002992;COTAS;3339004.864988000000000;
202408;4707;2013000138;COTAS;8627237.289473000000000;
202408;4385;2005006311;COTAS;57218947.490000000000000;
202408;3321;1995002992;VL_PG_RC;1315680.270000000000000;
202408;4707;2013000138;COTAS;215355107.727219000000000;
202408;3527;2020001756;COTAS;23022396.523465000000000;
202408;3321;9970000000;VL_PG_RC;-607.780000000000000;
202408;3527;9970000000;VL_PG_RC;-1817.270000000000000;
202408;3438;2012000347;COTAS;2323148.126126000000000;
202408;4707;2013000138;COTAS;36720499.084072000000000;
202408;3825;1994000783;CAIXA;2000.000000000000000;
202408;3349;1995003638;COTAS;11416096.853823000000000;
202408;3825;1996001574;OPERACAO_PARTICIPANTE;649288.210000000000000;
202408;3349;1995003638;COTAS;20725467.051600000000000;
202408;3438;2013001983;COTAS;3371152.595624000000000;
202408;3438;2006002465;COTAS;107752617.880000000000000;54041112000110
202408;4683;2005000647;VL_PG_RC;-73573.590000000000000;
202408;3438;2020002183;COTAS;2652567.167741000000000;
202408;3438;2006002465;VL_PG_RC;-985.750000000000000;
202408;3825;1997000229;CAIXA;1122.480000000000000;
202408;3531;1996003038;COTAS;66105311.164164000000000;41252666000114
202408;3531;1996003038;TIT_PUB;7505229.180000000000000;
202408;4707;2013000219;COTAS;6865788.220000000000000;
202408;4683;2008000818;COTAS;27082529.282460000000000;29055966000108
202408;3438;2021002438;COTAS;104705138.501045000000000;
202408;3349;1995003638;COTAS;6474501.675780000000000;
202408;4707;2013000219;COTAS;12382655.636375000000000;
202408;4409;2006000829;COTAS;2975056.779996000000000;
202408;4707;2013000219;COTAS;20128320.897228000000000;
202408;3825;1997000229;COTAS;114991459.007157000000000;
202408;3349;1995003638;TIT_PRIV;10894717.540000000000000;
202408;3531;9970000000;VL_PG_RC;-80.140000000000000;
202408;4412;2006001329;COTAS;3488984.444342000000000;
202408;3438;2021002918;COTAS;204299.965561000000000;
202408;4707;2013002092;COTAS;15135193.612000000000000;
202408;4412;2006001329;COTAS;12638848.309736000000000;
202408;3349;9970000000;COTAS;7192268.726284000000000;
202408;3438;2021002918;COTAS;37290.823220000000000;
202408;3825;1997000229;COTAS;26613525.446160000000000;
202408;3558;9970000000;COTAS;2355929.639896000000000;
202408;4412;2006001329;COTAS;21372884.170001000000000;
202408;3407;1995003247;CAIXA;13330.210000000000000;
202408;3438;2006002611;VL_PG_RC;-270759.360000000000000;
202408;3558;9970000000;VL_PG_RC;7189.900000000000000;
202408;4683;2019000792;COTAS;3366072.943313000000000;
202408;3472;1984001183;COTAS;260920124.958896000000000;04906948000161
202408;3407;1995003247;COTAS;13179729.851230000000000;
202408;4707;2013002092;COTAS;2543516.520325000000000;
202408;3825;1998001083;COTAS;535736.775833000000000;
202408;4707;2013002092;COTAS;73721241.773235000000000;
202408;3575;1996004247;COTAS;111176742.847639000000000;23731312000170
202408;4683;2019000792;COTAS;9589140.049032000000000;
202408;4426;2006003111;ACOES;3510222.400000000000000;
202408;4707;2013002092;COTAS;11088945.014277000000000;
202408;3407;1995003247;COTAS;4030906.253885000000000;
202408;3438;2006002783;CAIXA;284192.720000000000000;
202408;3602;1979000638;COTAS;98778005.526011000000000;03162048000194
202408;3472;1984001183;COTAS;158037771.790823000000000;40209607000109
202408;3602;1979000638;IMOVEIS;320944000.000000000000000;
202408;4683;2019000792;COTAS;432089.393651000000000;27696713000198
202408;3486;1996002074;COTAS;316356575.708724000000000;
202408;3825;1998004619;COTAS;33227837.907125000000000;
202408;4707;2013002092;COTAS;38867166.636724000000000;
202408;3602;1979000638;OPERACAO_PARTICIPANTE;20099117.469497542200000;
202408;4426;2006003111;ALUGUEL;2192161.000000000000000;
202408;3407;9970000000;COTAS;49.089777000000000;
202408;3438;2006002856;CAIXA;90148.600000000000000;
202408;3411;9970000000;CAIXA;8826.740000000000000;
202408;3825;1999005074;COTAS;38915.400000000000000;
202408;3825;1999005074;COTAS;48442.000000000000000;
202408;4426;2006003111;COTAS;164426.005500000000000;
202408;4707;2013002092;COTAS;10759432.235059000000000;
202408;3602;1979000638;TIT_PUB;2255170024.940000000000000;
202408;3825;1999005074;COTAS;1344779.027897000000000;
202408;4707;2013002092;COTAS;5746892.458076000000000;
202408;4707;2013000138;COTAS;6403243.050000000000000;
202408;3602;2009000511;COTAS;2216791.214345000000000;
202408;4426;9970000000;TIT_PUB;3347733.350000000000000;
202408;4707;2018001329;COTAS;75566.268000000000000;
202408;4707;2013000138;COTAS;20139270.268952000000000;
202408;4443;1982002018;CAIXA;6591.130000000000000;
202408;3438;1999001656;COTAS;9622019.999995000000000;42814967000157
202408;4707;2013000138;TIT_PUB;17869383.390000000000000;
202408;3825;1999005074;COTAS;3302187.631382000000000;
202408;4443;1982002018;COTAS;6330246.084974000000000;
202408;3438;2006002856;OPERACAO_PARTICIPANTE;137956.500000000000000;
202408;4707;2013000219;COTAS;6403243.050000000000000;
202408;3486;1996002074;COTAS;42745752.866914000000000;
202408;3438;2007001111;VL_PG_RC;-17148.720000000000000;
202408;4707;2013000219;COTAS;4814832.922840000000000;
202408;3486;1996002074;VL_PG_RC;-28948.970000000000000;
202408;3602;2009000511;TIT_PRIV;4119769.840000000000000;
202408;4443;1982002018;COTAS;92823025.197786000000000;12581016000114
202408;3438;2008003256;COTAS;331822.116060000000000;
202408;3602;2011001692;CAIXA;9596.460000000000000;
202408;4707;2013000219;COTAS;33176554.429359000000000;
202408;4443;1988000947;COTAS;15633560.821028000000000;21624950000167
202408;3438;2000000118;COTAS;254808.335505000000000;17706099000144
202408;4707;2018001329;COTAS;102550.487170000000000;
202408;4443;1998002292;COTAS;8780386.780096000000000;
202408;3527;1996002619;CAIXA;107289.920000000000000;
202408;3438;2009003519;COTAS;55343719.269469000000000;
202408;4707;2013000219;COTAS;459425117.035104000000000;
202408;3527;1996002619;COTAS;12917150.299365000000000;
202408;3438;2000001092;CAIXA;400008.220000000000000;
202408;3602;2011001692;COTAS;1162502.302579000000000;
202408;3825;1999005074;COTAS;13276472.524352000000000;
202408;4707;2018001329;COTAS;676944.105823000000000;
202408;3825;1999005074;COTAS;677011.293538000000000;
202408;3438;2000001238;COTAS;26997592.873780000000000;17706099000144
202408;4707;2013000219;COTAS;36100831.450803000000000;
202408;3527;2020001365;COTAS;3420651.301298000000000;
202408;4443;1998002292;COTAS;428756055.021997000000000;21624950000167
202408;4707;2018001329;COTAS;333452.640573000000000;
202408;3602;2011001692;COTAS;1877975.066390000000000;
202408;3825;1999005074;COTAS;12413.074492000000000;
202408;4707;2018001329;COTAS;250687.804971000000000;
202408;3438;2010005465;CAIXA;144387.510000000000000;
202408;3602;2011001692;COTAS;5282936.190356000000000;
202408;3825;2001001118;VL_PG_RC;0.000000000000000;
202408;4707;2018001892;COTAS;400921.033000000000000;
202408;4443;9970000000;CAIXA;8643.020000000000000;
202408;3647;1997001829;COTAS;6495620.287738000000000;
202408;3438;2012000347;VL_PG_RC;0.000000000000000;
202408;4707;2013000219;TIT_PUB;17915241.520000000000000;
202408;4707;2018001892;COTAS;3372623.024870000000000;
202408;4461;9970000000;COTAS;562370.990007000000000;
202408;3647;9970000000;VL_PG_RC;0.000000000000000;
202408;3825;2009002318;VL_PG_RC;0.000000000000000;
202408;3527;2020001365;VL_PG_RC;-184314.560000000000000;
202408;4707;2018001892;COTAS;542937.734163000000000;
202408;3438;2000005111;COTAS;32529356.158433000000000;20030716000149
202408;3438;2016002018;COTAS;21654411.801455000000000;
202408;3527;2020001756;COTAS;61529396.523109000000000;
202408;4474;9970000000;CAIXA;9238.980000000000000;
202408;3438;2020003392;CAIXA;1096698.190000000000000;
202408;3527;2020001756;VL_PG_RC;-121398.860000000000000;
202408;3438;2021002438;VL_PG_RC;-8242.940000000000000;
202408;3678;1989000819;CAIXA;3211.950000000000000;
202408;4707;2013002092;COTAS;6865788.220000000000000;
202408;4529;2008002365;COTAS;6618084.903455000000000;
202408;3438;2001002092;CAIXA;69752.860000000000000;
202408;3825;2010005856;VL_PG_RC;0.000000000000000;
202408;3527;9970000000;CAIXA;151489.290000000000000;
202408;4529;2008002365;IMOVEIS;19873089.040000000000000;
202408;4707;2019003856;COTAS;356771.244802000000000;
202408;3531;1996003038;COTAS;56002062.313725000000000;41252712000185
202408;3438;2001002092;COTAS;2542235.791492000000000;
202408;3678;1989000819;COTAS;237688570.430000000000000;21053457000134
202408;4707;2013002092;COTAS;1423300.150557000000000;
202408;3558;1996003992;VL_PG_RC;-40371.730000000000000;
202408;4529;2008002365;TIT_PUB;211864243.210000000000000;
202408;4707;2020000474;COTAS;968193.170978000000000;
202408;4707;2013002092;COTAS;7168497.690000000000000;
202408;3592;2006005911;COTAS;5691602.337121000000000;
202408;3678;1999002083;CAIXA;2936.650000000000000;
202408;4707;2020000474;COTAS;5701.522981000000000;
202408;4707;2013002092;COTAS;18736240.423338000000000;
202408;4707;2013002092;COTAS;43191008.947660000000000;
202408;4529;9970000000;CAIXA;4261.870000000000000;
202408;3438;2002002029;VL_PG_RC;-9149681.400000000000000;
202408;3438;2021002918;CAIXA;1826.930000000000000;
202408;4707;2013002092;COTAS;13777933.876785000000000;
202408;4707;2020000474;COTAS;598660.104059000000000;
202408;4707;2013002092;COTAS;9238754.102433000000000;
202408;3438;2002002118;VL_PG_RC;-1927879.410000000000000;
202408;3592;9970000000;COTAS;4652145.590833000000000;
202408;4707;2013002092;VL_PG_RC;-871993.600000000000000;
202408;3438;2005002992;COTAS;14409036.850647000000000;
202408;4707;2020000474;COTAS;209263.936091000000000;
202408;3438;2021002918;COTAS;59184.351754000000000;
202408;4707;2018001329;COTAS;535503.844920000000000;
202408;3825;2012002056;COTAS;71027439.032017000000000;
202408;4546;2009000919;COTAS;4518481.169598000000000;
202408;3438;9970000000;CAIXA;1412607.650000000000000;
202408;3678;1999002083;COTAS;39919041.498113000000000;03322908000100
202408;3602;1979000638;COTAS;1989801.916993000000000;
202408;3825;2012002056;VL_PG_RC;0.000000000000000;
202408;3472;1984001183;CAIXA;24404.490000000000000;
202408;3602;1979000638;COTAS;13145825.373336000000000;
202408;3438;2005003638;COTAS;1063674.189232000000000;
202408;3472;1984001183;COTAS;259572476.395024000000000;07504907000137
202408;4707;2020002647;COTAS;1259987.733056000000000;
202408;4707;2020002647;COTAS;236529.655613000000000;
202408;3678;2010001818;CAIXA;1353.310000000000000;
202408;4707;2018001329;COTAS;544817.657834000000000;
202408;4707;2022001265;COTAS;1636726.909998000000000;
202408;3602;1979000638;COTAS;251326590.399102000000000;
202408;4707;2018001329;COTAS;141614.848962000000000;
202408;4546;2009000919;OPERACAO_PARTICIPANTE;1184829.080000000000000;
202408;4707;2022001265;COTAS;331771.522123000000000;
202408;3602;1979000638;COTAS;9984232.238891000000000;
202408;3825;2015000119;COTAS;4715908.939902000000000;
202408;3438;2006000438;COTAS;6039942.428597000000000;
202408;3602;1979000638;COTAS;37839634.157406000000000;
202408;3825;2020003211;COTAS;49382925.361526000000000;
202408;3438;2006002147;COTAS;49735814.160865000000000;08661367000168
202408;3602;2009000511;COTAS;96634053.082412000000000;
202408;4707;9970000000;CAIXA;2425.820000000000000;
202408;3825;2020003211;COTAS;11170689.745453000000000;31032406000180
202408;4577;2008003892;COTAS;16036153.788910000000000;
202408;3602;2009000511;COTAS;6589259.168393000000000;
202408;3438;2007001438;CAIXA;120367.850000000000000;
202408;4707;2018001892;COTAS;38690.369998000000000;
202408;3438;2008003256;CAIXA;1151356.400000000000000;
202408;3678;2010001818;COTAS;1782964.433823000000000;03322908000100
202408;4707;2019003856;COTAS;111097.715457000000000;
202408;3602;2011001692;COTAS;3932821.399765000000000;
202408;4577;2008003892;COTAS;1090061.955775000000000;
202408;3472;1988001374;CAIXA;27976.510000000000000;
202408;4577;2010001974;COTAS;507850.717681000000000;
202408;3839;1998004929;COTAS;18020602.796483000000000;
202408;4707;2019003856;COTAS;9774.033184000000000;
202408;4577;2010001974;COTAS;249401.765785000000000;
202408;3839;1998004929;COTAS;1747051.989626000000000;
202408;3811;1998004783;COTAS;1721691.724149000000000;
202408;3472;2023000718;CAIXA;12745.050000000000000;
202408;3602;2011001692;COTAS;6373939.732283000000000;
202408;3438;2009002083;COTAS;1856746.689188000000000;
202408;3811;9970000000;VL_PG_RC;0.000000000000000;
202408;3472;2023000718;COTAS;951467.749970000000000;17703476000191
202408;4707;2020000474;COTAS;411930.355446000000000;
202408;3602;2011001692;OPERACAO_PARTICIPANTE;15019651.499359268300000;
202408;4577;2010001974;COTAS;153646.828052000000000;
202408;4707;9970000000;COTAS;73284528.029999000000000;
202408;3602;2011001692;TIT_PUB;187924416.950000000000000;
202408;4711;2008002047;COTAS;68701271.152447000000000;46975834000113
202408;3472;2023000718;COTAS;8812648.856411000000000;40209607000109
202408;4707;2020002647;COTAS;674740.026776000000000;
202408;4711;2019003538;COTAS;14539147.797395000000000;26324274000120
202408;3438;2010005465;VL_PG_RC;-155069.260000000000000;
202408;3472;9970000000;CAIXA;25337.690000000000000;
202408;4577;9970000000;CAIXA;76012.090000000000000;
202408;3438;2013001983;VL_PG_RC;1873564.470000000000000;
202408;3472;9970000000;COTAS;45388179.557000000000000;11702118000188
202408;3839;2009001583;COTAS;683162.116415000000000;
202408;4577;9970000000;COTAS;134570.074490000000000;
202408;3486;1996002074;CAIXA;2131313.500000000000000;
202408;3861;1993001719;COTAS;28038206.190658000000000;
202408;4707;2020002647;COTAS;309797.808906000000000;
202408;3486;1996002074;COTAS;62051463.370738000000000;
202408;3887;1999004965;COTAS;718023.401040000000000;
202408;3825;1981000674;COTAS;946000.434307000000000;
202408;3602;2020002965;COTAS;13350.609701000000000;
202408;3887;1999004965;COTAS;6925189.030573000000000;
202408;3825;1981000674;OPERACAO_PARTICIPANTE;199762.200000000000000;
202408;4707;2022001265;COTAS;1230795.894253000000000;
202408;4581;1999000919;COTAS;3309029304.320372000000000;11005764000196
202408;3486;1996002074;COTAS;9278179.077000000000000;
202408;3438;2016002018;COTAS;17571986.019527000000000;
202408;4581;9970000000;COTAS;7680472.946507000000000;11005764000196
202408;4711;2014000638;COTAS;108490706.895082000000000;26324274000120
202408;3438;2016002018;COTAS;1211251.852082000000000;
202408;3825;1981000674;TIT_PUB;41906556.510000000000000;
202408;4594;1989001629;COTAS;9947625.216439000000000;
202408;4711;9970000000;CAIXA;5151.490000000000000;
202408;3486;9970000000;CAIXA;325651.000000000000000;
202408;3602;9970000000;COTAS;236093.253946000000000;
202408;4724;2013000383;CAIXA;897348.880000000000000;
202408;4724;2013000383;ACOES;111929255.850000000000000;
202408;4724;2013000383;COTAS;96932841.794575000000000;
202408;4724;2013000383;COTAS;47194340.300000000000000;
202408;3825;1988002192;CAIXA;1000.000000000000000;
202408;4604;2010002083;COTAS;12681351.987319000000000;
202408;3887;1999004965;COTAS;10495315.020991000000000;
202408;3647;1997001829;COTAS;4966492.014776000000000;
202408;3887;1999004965;COTAS;838197.229616000000000;
202408;4724;2013000383;COTAS;10861820.805226000000000;
202408;3647;1997001829;COTAS;1945313.736615000000000;
202408;4604;2010002083;COTAS;80672639.445725000000000;
202408;3438;2020002183;COTAS;14257104.642225000000000;
202408;4724;2013000383;COTAS;327831629.499386000000000;41722175000190
202408;4724;2013000383;COTAS;202148914.765220000000000;37467600000174
202408;4604;2010002083;COTAS;20692299.363826000000000;
202408;4724;2013000618;ACOES;10072932.650000000000000;
202408;3647;1997001829;COTAS;141883.242711000000000;
202408;4738;2013001347;CAIXA;587077.080000000000000;
202408;3438;2021002438;COTAS;2534041.384886000000000;
202408;4724;2013000383;VL_PG_RC;5099914.800000000000000;
202408;4621;2011001765;COTAS;30921080.220015000000000;37821719000101
202408;4738;2013001347;COTAS;35085410.755065000000000;
202408;3825;1988002265;CAIXA;2000.000000000000000;
202408;4738;2013001347;COTAS;36462738.017551000000000;
202408;4621;2022002318;CAIXA;0.000000000000000;
202408;3527;1996002619;COTAS;242404509.530379000000000;
202408;3887;1999004965;COTAS;68454.622775000000000;
202408;3647;1997001829;COTAS;1064203.539828000000000;
202408;4741;2013001738;CAIXA;252879.510000000000000;
202408;3887;1999004965;COTAS;9137985.998991000000000;
202408;4666;2011000629;CAIXA;1082846.960000000000000;
202408;4741;2013001738;COTAS;1552997.200000000000000;
202408;3527;1996002619;COTAS;13040365.150138000000000;
202408;3527;1996002619;COTAS;242582523.758374000000000;
202408;3825;1988002265;COTAS;2834279.912033000000000;
202408;3887;1999004965;COTAS;5179077.592434000000000;
202408;3887;9970000000;COTAS;30213.428080000000000;
202408;4666;2011000629;COTAS;4826389.742016000000000;
202408;4741;2013001738;COTAS;48873865.264676000000000;
202408;3825;1989001092;COTAS;66284042.082775000000000;
202408;4738;2013001347;COTAS;15426659.331174000000000;
202408;4741;2013001738;COTAS;173624500.049958000000000;
202408;3527;2020001365;COTAS;4268095.800146000000000;
202408;3438;2021002438;COTAS;32218722.644304000000000;
202408;4738;9970000000;CAIXA;91123.230000000000000;
202408;4741;9970000000;COTAS;5715353.391096000000000;
202408;3527;2020001756;COTAS;24316855.108683000000000;
202408;3825;1989001874;CAIXA;14173.440000000000000;
202408;3887;9970000000;COTAS;14544.449994000000000;
202408;4741;9970000000;COTAS;16391993.686092000000000;
202408;4666;2011000629;COTAS;7101614.593465000000000;
202408;3678;2008001474;VL_PG_RC;-1440.280000000000000;
202408;3887;9970000000;VL_PG_RC;-6625.610000000000000;
202408;4755;2014000311;COTAS;17970603.405873000000000;
202408;3678;2020001918;CAIXA;1530.790000000000000;
202408;3928;1999001265;COTAS;640339.557526000000000;
202408;4755;2014000311;COTAS;482597.419863000000000;
202408;3678;9970000000;CAIXA;8483.040000000000000;
202408;3527;2020001756;COTAS;17176865.485549000000000;
202408;3438;9970000000;COTAS;16830851.244840000000000;
202408;3825;1988002265;COTAS;56274388.854482000000000;
202408;4741;2013001738;COTAS;11632732.800000000000000;
202408;3527;2020001756;COTAS;2937604.317473000000000;
202408;3928;1999001265;VL_PG_RC;1388377.650000000000000;
202408;3825;1989001874;COTAS;139435877.314959000000000;
202408;3825;1989001874;VL_PG_RC;0.000000000000000;
202408;3527;2020001756;COTAS;2013972.804197000000000;
202408;4666;2011000629;COTAS;20402851.511228000000000;
202408;3825;1993001638;COTAS;41555443.971065000000000;
202408;4755;2014000311;COTAS;1454530.971614000000000;
202408;4741;2013001738;COTAS;10929399.360000000000000;
202408;3825;1994000783;TIT_PUB;20081897.130000000000000;
202408;4755;2014000311;COTAS;7010.591580000000000;
202408;3472;1984001183;COTAS;875825446.329597000000000;07420547000195
202408;3825;1993001638;COTAS;16246261.065675000000000;
202408;3531;1996003038;COTAS;2091585.802114000000000;
202408;3825;1997000229;COTAS;27429584.876603000000000;
202408;3825;1997000229;COTAS;12002876.288674000000000;
202408;3472;1984001183;COTAS;332789749.579705000000000;12081486000119
202408;4755;2014000311;VL_PG_RC;-7.430000000000000;
202408;4666;2011000629;COTAS;69745601.653467000000000;
202408;3825;1997002574;CAIXA;6046.530000000000000;
202408;4741;2013001738;COTAS;17673002.180000000000000;
202408;3531;1996003038;COTAS;78615396.285692000000000;05093013000176
202408;4755;2015001247;CAIXA;962.030000000000000;
202408;3558;1996003992;OPERACAO_PARTICIPANTE;5557659.760000000000000;
202408;3472;1984001183;COTAS;8635707.683474000000000;17703476000191
202408;3825;1997002574;COTAS;18355050.112768000000000;
202408;3825;1993001956;VL_PG_RC;0.000000000000000;
202408;4755;2015001247;COTAS;498221.106866000000000;
202408;3825;1996001574;CAIXA;2000.000000000000000;
202408;3575;1996004247;VL_PG_RC;0.000000000000000;
202408;4741;2013001738;COTAS;80910509.689028000000000;
202408;3825;1997002574;VL_PG_RC;0.000000000000000;
202408;3825;1996001574;TIT_PUB;8390843.340000000000000;
202408;4666;2011000629;COTAS;39151490.772910000000000;
202408;3928;9970000000;CAIXA;11807.670000000000000;
202408;4741;2013001738;TIT_PRIV;642878239.610000000000000;
202408;3825;1997000229;COTAS;4961799.698085000000000;
202408;3472;1984001183;COTAS;350018920.932113000000000;42831476000114
202408;4755;2020002574;COTAS;55168.517709000000000;
202408;3825;1998001083;TIT_PUB;76434475.500000000000000;
202408;3825;1997003783;CAIXA;2000.000000000000000;
202408;3472;2023000718;COTAS;14547361.062219000000000;04906948000161
202408;3575;9970000000;COTAS;696791.995636000000000;21219083000184
202408;4741;9970000000;VL_PG_RC;-47.700000000000000;
202408;3825;1998001156;CAIXA;2000.000000000000000;
202408;3472;2023000718;COTAS;9407989.128410000000000;12081486000119
202408;3592;2006005911;CAIXA;3201.980000000000000;
202408;3825;1998004619;CAIXA;1000.000000000000000;
202408;4666;2011000947;COTAS;113452806.444628000000000;
202408;4755;2014000311;COTAS;653018.568338000000000;
202408;3472;2023000718;COTAS;17885010.982094000000000;42831476000114
202408;4666;2011000947;COTAS;2670087.427077000000000;
202408;3602;1979000638;COTAS;169830.526685000000000;
202408;3945;1999002318;COTAS;5118903.815586000000000;
202408;3486;1996002074;COTAS;49270793.948214000000000;
202408;4666;2021002756;COTAS;1562880.562305000000000;
202408;3602;1979000638;COTAS;46288739.185470000000000;
202408;3945;1999002318;COTAS;6471508.849464000000000;
202408;4755;2014000311;TIT_PUB;15433157.690000000000000;
202408;4666;2021002756;COTAS;1760965.909208000000000;
202408;3602;1979000638;COTAS;63830508.662877000000000;50927335000128
202408;3486;9970000000;TIT_PRIV;3172363.760000000000000;
202408;4666;9970000000;COTAS;6538187.063868000000000;
202408;4755;9970000000;COTAS;527460.467318000000000;
202408;3527;1996002619;COTAS;224659090.894717000000000;
202408;4755;2015001247;COTAS;155389.540717000000000;
202408;4769;2015000429;COTAS;111116438.490000000000000;55536644000190
202408;3602;2009000511;ACOES;18719118.190000000000000;
202408;4755;2015001247;COTAS;41605.404388000000000;
202408;4755;9970000000;COTAS;82936.043857000000000;
202408;4755;9970000000;COTAS;1966168.850997000000000;
202408;4755;9970000000;COTAS;523033.674081000000000;
202408;4683;2005000647;COTAS;18107138.336198000000000;
202408;4755;9970000000;COTAS;210611.315677000000000;
202408;4769;2015000429;VL_PG_RC;-5088.250000000000000;
202408;3825;1997003783;COTAS;636385.163785000000000;
202408;3945;1999002318;COTAS;22092334.162820000000000;
202408;3602;2009000511;COTAS;1162502.302579000000000;
202408;4683;2005000647;COTAS;15299031.067997000000000;41287925000142
202408;4769;2015000429;COTAS;7175765.228544000000000;
202408;4769;9970000000;COTAS;2930704.272716000000000;
202408;3825;1998001156;TIT_PUB;15694033.390000000000000;
202408;3825;1999005074;COTAS;57151.690820000000000;
202408;4683;2008000818;COTAS;40418599.081647000000000;
202408;3602;2009000511;COTAS;2582215.703230000000000;
202408;3825;2001001118;COTAS;2041869.947647000000000;
202408;4769;9970000000;COTAS;4231817.625502000000000;
202408;3527;2020001365;COTAS;1047054.811290000000000;
202408;3945;1999002318;COTAS;472380.391054000000000;
202408;3825;2004000211;CAIXA;1000.000000000000000;
202408;4786;2018001019;COTAS;53504.000001000000000;
202408;3602;2009000511;COTAS;4279624.288636000000000;49590183000131
202408;4786;2019000611;COTAS;4846841.867705000000000;
202408;4683;2022001338;VL_PG_RC;-2616.030000000000000;
202408;3602;2011001692;ACOES;22895721.090000000000000;
202408;4786;2019000611;VL_PG_RC;-321.510000000000000;
202408;3825;2004000211;COTAS;57871708.872255000000000;
202408;4683;9970000000;CAIXA;6216.510000000000000;
202408;3602;2011001692;COTAS;9688557.108753000000000;
202408;3825;1998004619;VL_PG_RC;0.000000000000000;
202408;4791;2016001283;COTAS;1334724.279905000000000;
202408;3825;2005004774;COTAS;503502069.762008000000000;
202408;3527;2020001365;COTAS;5229942.671806000000000;
202408;4791;2016001283;COTAS;3523516.630005000000000;
202408;3825;2007003619;COTAS;1754131.562995000000000;
202408;4683;9970000000;VL_PG_RC;0.000000000000000;
202408;3602;2011001692;COTAS;22769133.293830000000000;21321600000121
202408;4707;2013000138;COTAS;25327294.158000000000000;
202408;3945;1999002318;COTAS;457135.786513000000000;
202408;3527;2020001365;COTAS;8302514.333199000000000;
202408;4707;2013000138;COTAS;2728806.143390000000000;
202408;3825;2009003829;COTAS;303854.725846000000000;
202408;3527;2020001365;COTAS;1858520.381555000000000;
202408;4011;2000002218;COTAS;31489.123034000000000;
202408;4801;2016001518;COTAS;43250497.623144000000000;
202408;4786;2018001019;COTAS;1583393.999999000000000;
202408;4039;9970000000;VL_PG_RC;0.000000000000000;
202408;4801;2016001518;COTAS;3694197.109742000000000;
202408;3825;2012002056;COTAS;2333754.833556000000000;
202408;4801;2016001518;COTAS;19780924.859999000000000;
202408;4707;2013000138;COTAS;68477086.896023000000000;
202408;3825;1999005074;CAIXA;3017.180000000000000;
202408;4786;2018001019;COTAS;2404896.997803000000000;
202408;4042;2000004792;COTAS;775686.623458000000000;
202408;4801;9970000000;CAIXA;1222.290000000000000;
202408;3825;1999005074;COTAS;23628.570000000000000;
202408;4786;2018001019;VL_PG_RC;-165.650000000000000;
202408;3602;2020002965;ACOES;141642.000000000000000;
202408;3825;1999005074;COTAS;43378.470000000000000;
202408;4707;2013000138;COTAS;30255681.460525000000000;
202408;3602;2020002965;COTAS;132129.953453000000000;21321600000121
202408;3825;1999005074;COTAS;81389.875908000000000;
202408;4042;2000004792;COTAS;18770157.000000000000000;51050566000169
202408;4786;9970000000;COTAS;835788.617504000000000;
202408;3527;2020001756;CAIXA;1146.370000000000000;
202408;4707;2013000138;COTAS;125262795.916119000000000;
202408;4801;9970000000;COTAS;315735.419955000000000;
202408;3825;2017000418;VL_PG_RC;0.000000000000000;
202408;4087;9970000000;COTAS;1501977.730000000000000;
202408;3602;9970000000;CAIXA;486798.380000000000000;
202408;3527;2020001756;COTAS;1421914.577731000000000;
202408;3825;1999005074;COTAS;2352146.761140000000000;
202408;4707;2013000138;OPERACAO_PARTICIPANTE;900077.460000000000000;
202408;3602;9970000000;COTAS;273483.533534000000000;
202408;3825;2020003211;COTAS;80020624.035326000000000;
202408;3825;1999005074;COTAS;2144201.041161000000000;
202408;3647;1997001829;CAIXA;3895.840000000000000;
202408;4707;2013000219;COTAS;14418697.224000000000000;
202408;4786;9970000000;COTAS;1317546.153026000000000;
202408;3825;2020003211;COTAS;32360994.199194000000000;
202408;3825;1999005074;COTAS;2214125.927302000000000;
202408;4707;2013000219;COTAS;2342712.584642000000000;
202408;4786;9970000000;VL_PG_RC;-2513.660000000000000;
202408;4813;9970000000;COTAS;2222887.879819000000000;
202408;4707;2013000219;COTAS;3537341.272478000000000;
202408;3647;1997001829;COTAS;341677.852955000000000;
202408;4827;2018002465;COTAS;2831209.098493000000000;
202408;4707;2013000219;COTAS;16111964.121948000000000;
202408;3825;2005003011;VL_PG_RC;0.000000000000000;
202408;4791;2016001283;CAIXA;3312741.180000000000000;
202408;4827;2018002465;COTAS;638372.346836000000000;
202408;3825;2021001611;CAIXA;21733.140000000000000;
202408;3647;1997001829;COTAS;449046.674099000000000;
202408;4827;2018002465;COTAS;3463634.433843000000000;
202408;4091;1974000338;COTAS;5664463.327155000000000;
202408;3678;1990001319;COTAS;288763264.190001000000000;21053494000142
202408;3825;2005004774;CAIXA;1000.000000000000000;
202408;4827;2020000547;VL_PG_RC;0.000000000000000;
202408;4091;1974000338;OPERACAO_PARTICIPANTE;16642140.580500204200000;
202408;4707;2013000219;COTAS;9897683.924718000000000;
202408;4827;9970000000;VL_PG_RC;-1604.780000000000000;
202408;4791;2016001283;COTAS;7800109.140000000000000;
202408;3527;2020001756;COTAS;3297634.659486000000000;
202408;3825;2012000592;CAIXA;-89932.050000000000000;
202408;4831;1974000583;OPERACAO_PARTICIPANTE;2073119.009982323600000;
202408;3678;2020001918;COTAS;2833114.399197000000000;03322908000100
202408;4707;2013000219;COTAS;5262289.626446000000000;
202408;4831;1981000283;COTAS;34560802.642548000000000;15435379000130
202408;3811;1998004783;COTAS;1041599.829904000000000;
202408;4707;2013000219;COTAS;4887018.270335000000000;
202408;4707;2013002092;COTAS;5760877.930881000000000;
202408;3527;9970000000;COTAS;2088845.194086000000000;
202408;3811;1998004783;COTAS;15696361.565922000000000;
202408;3825;2021001611;COTAS;4249260.032356000000000;
202408;4791;2016001283;COTAS;1781487.450000000000000;
202408;3811;1998004783;COTAS;267144008.684406000000000;
202408;3825;2021001611;COTAS;24740278.449529000000000;
202408;4707;2013002092;COTAS;423473.299998000000000;
202408;3527;9970000000;COTAS;2257437.228624000000000;
202408;3825;2012002056;COTAS;1072608.620989000000000;
202408;4707;2013002092;COTAS;22900045.356611000000000;
202408;4801;2016001518;CAIXA;87.390000000000000;
202408;4831;1998003647;COTAS;15371336.384873000000000;
202408;4091;2002001529;COTAS;32807077.916410000000000;31569976000103
202408;4707;2018001329;COTAS;607918.352162000000000;
202408;3811;1998004783;VL_PG_RC;-190434.410000000000000;
202408;4831;1998006565;CAIXA;154414.340000000000000;
202408;3825;2016000147;COTAS;29508215.449005000000000;31032406000180
202408;4707;2018001329;COTAS;886670.009660000000000;
202408;3839;1998004929;COTAS;59321326.532267000000000;
202408;3825;2020003211;VL_PG_RC;0.000000000000000;
202408;3839;1998004929;COTAS;4241310.621553000000000;
202408;4801;2016001518;COTAS;60570964.459992000000000;
202408;4831;2005005274;COTAS;162041.062040000000000;
202408;4091;2004002492;COTAS;3558327.534261000000000;
202408;3839;1998004929;COTAS;41620409.270229000000000;
202408;3825;1988002192;TIT_PUB;62516597.570000000000000;
202408;3558;1996003992;COTAS;5855053.994410000000000;
202408;4091;2004002492;COTAS;8647556.696759000000000;
202408;3825;1989001092;COTAS;1101755.301815000000000;
202408;3558;1996003992;COTAS;770883.860070000000000;
202408;4831;2019001829;COTAS;102803442.639439000000000;42774871000102
202408;3825;2021001611;COTAS;4731748.879160000000000;31032406000180
202408;4801;2016001518;COTAS;5448485.980000000000000;
202408;4707;2018001329;COTAS;419831.455694000000000;
202408;4091;2004002492;COTAS;571281409.618460000000000;31569976000103
202408;4801;2016001518;COTAS;691833.649369000000000;
202408;4844;2019000547;COTAS;4225204.330137000000000;
202408;4091;2004002492;COTAS;25430058.413227000000000;39723146000109
202408;3592;2006005911;COTAS;110983472.021236000000000;
202408;4707;2018001892;COTAS;464185.213769000000000;
202408;3839;1998004929;COTAS;111842378.023842000000000;
202408;3825;1993001956;CAIXA;2000.000000000000000;
202408;3592;2006005911;VL_PG_RC;1004232.190000000000000;
202408;3839;1998004929;CAIXA;5100.880000000000000;
202408;4801;2016001518;COTAS;6744508.759133000000000;
202408;4844;9970000000;COTAS;2159703.280428000000000;
202408;3839;1998004929;VL_PG_RC;251730.370000000000000;
202408;4801;2016001518;COTAS;15345089.859999000000000;
202408;3839;2009001583;ACOES;518972.770000000000000;
202408;3839;2009001583;CAIXA;2686.630000000000000;
202408;4707;2018001892;COTAS;1205335.868475000000000;
202408;4801;2016001518;COTAS;16631063.649999000000000;
202408;3839;2009001583;COTAS;515341.982892000000000;
202408;4091;2004002492;TIT_PRIV;6987652.300000000000000;
202408;3839;2009001583;COTAS;10998.476397000000000;
202408;3592;4018490038;VL_PG_RC;0.000000000000000;
202408;4707;2018001892;COTAS;1160920.409131000000000;
202408;4801;2016001518;VL_PG_RC;0.000000000000000;
202408;3839;2009001583;COTAS;1230830.324671000000000;
202408;3839;2009001583;COTAS;4031.801134000000000;
202408;4801;9970000000;COTAS;19214.349999000000000;
202408;3825;1997000229;VL_PG_RC;0.000000000000000;
202408;4101;2002001847;COTAS;204878822.871007000000000;05615511000131
202408;4801;9970000000;COTAS;1813589.289993000000000;
202408;4707;2019003856;COTAS;5609739.902946000000000;
202408;3839;9970000000;CAIXA;12861.450000000000000;
202408;3839;9970000000;VL_PG_RC;0.000000000000000;
202408;4844;9970000000;VL_PG_RC;-2567.070000000000000;
202408;3825;1997002574;COTAS;16962451.353347000000000;
202408;4101;9970000000;COTAS;2973416.197533000000000;05615511000131
202408;4801;9970000000;COTAS;369512.290001000000000;
202408;4707;2019003856;COTAS;462944.249999000000000;
202408;3887;1999004965;COTAS;3654242.592321000000000;
202408;4813;2017000965;COTAS;3816887.847786000000000;
202408;4707;2019003856;COTAS;356494.467128000000000;
202408;3825;1997003783;COTAS;84308139.176284000000000;
202408;4101;9970000000;COTAS;3909927.375992000000000;30330483000153
202408;3602;1979000638;COTAS;5821419.933897000000000;
202408;4707;2020000474;COTAS;1405911.421035000000000;
202408;3825;1998001083;VL_PG_RC;0.000000000000000;
202408;3887;1999004965;COTAS;50949.163401000000000;
202408;3825;1998001156;VL_PG_RC;0.000000000000000;
202408;3887;1999004965;COTAS;1019780.869584000000000;
202408;4831;1981000283;CAIXA;65951.680000000000000;
202408;3887;1999004965;COTAS;6579.357291000000000;
202408;4831;1998003647;COTAS;36180766.182022000000000;
202408;4707;2020000474;COTAS;148589.550000000000000;
202408;3602;1979000638;COTAS;8747484.376045000000000;
202408;4128;9970000000;CAIXA;663821.030000000000000;
202408;4707;2020000474;COTAS;244205.025148000000000;
202408;4131;1987000374;IMOVEIS;3910597.200000000000000;
202408;4831;1998003647;COTAS;11131537.879130000000000;
202408;4707;2020000474;COTAS;18224.756270000000000;
202408;4707;2020000474;COTAS;294804.998285000000000;
202408;4858;2018002211;COTAS;52252.624075000000000;
202408;4131;1993001018;VL_PG_RC;-1668.800000000000000;
202408;4831;1998003647;COTAS;182551120.207543000000000;15435379000130
202408;3825;1999005074;COTAS;38447.750000000000000;
202408;4131;1998006719;TIT_PRIV;303091.960000000000000;
202408;3825;1999005074;COTAS;46899.000000000000000;
202408;4858;2018002211;COTAS;133389.057729000000000;
202408;3887;1999004965;COTAS;2216791.222769000000000;
202408;4831;2005005274;CAIXA;9017.130000000000000;
202408;3825;1999005074;COTAS;47861.230000000000000;
202408;4707;2020002647;COTAS;3389567.214176000000000;
202408;3887;1999004965;COTAS;6426076.785053000000000;
202408;3825;1999005074;COTAS;29763.700000000000000;
202408;4875;2020002329;TIT_PRIV;1360014.840000000000000;
202408;3887;1999004965;COTAS;4719869.180021000000000;
202408;3887;1999004965;COTAS;21375.749988000000000;
202408;3602;1979000638;COTAS;174892096.219393000000000;21321600000121
202408;4831;2005005274;COTAS;34856294.483208000000000;20468585000186
202408;4875;2020002329;TIT_PUB;56744142.390000000000000;
202408;3825;1999005074;COTAS;1786114.668544000000000;
202408;4831;2019001829;COTAS;9475265.950156000000000;
202408;4892;2021000583;COTAS;18233936.144934000000000;
202408;3825;2001001118;CAIXA;2000.000000000000000;
202408;4831;2019001829;COTAS;27115489.281125000000000;37452344000141
202408;3887;1999004965;COTAS;3762337.511564000000000;
202408;3825;2001001118;COTAS;15175211.366257000000000;
202408;4131;2002000247;CAIXA;203012.140000000000000;
202408;4831;2019001829;OPERACAO_PARTICIPANTE;55861220.699198496600000;
202408;4707;2020002647;COTAS;2670993.320395000000000;
202408;3825;2005004774;VL_PG_RC;0.000000000000000;
202408;3602;2009000511;COTAS;2768901.157035000000000;
202408;3825;2007003619;TIT_PUB;22595525.130000000000000;
202408;4131;2006006665;COTAS;468483.979407000000000;
202408;4707;2022001265;COTAS;215109.513583000000000;
202408;3602;2009000511;COTAS;6683287.932340000000000;22014343000148
202408;4892;2021000583;COTAS;6470005.363989000000000;
202408;3887;1999004965;COTAS;5922148.121303000000000;
202408;4707;2022001265;COTAS;810557.802865000000000;
202408;3887;1999004965;COTAS;1638320.436819000000000;
202408;4131;2008004465;COTAS;151524.678311000000000;39665916000104
202408;4707;9970000000;COTAS;4998.149997000000000;
202408;3887;1999004965;TIT_PRIV;64487086.820000000000000;
202408;3602;2011001692;COTAS;8011279.827655000000000;
202408;3887;1999004965;COTAS;2995695.085897000000000;
202408;4131;2017000647;COTAS;1321923.490427000000000;
202408;4831;9970000000;VL_PG_RC;-765833.090000000000000;
202408;3602;2011001692;COTAS;10766228.926110000000000;
202408;3887;1999004965;COTAS;3667302.798023000000000;
202408;3825;2009002318;CAIXA;1000.000000000000000;
202408;4844;2019000547;COTAS;795211.897035000000000;
202408;3887;9970000000;CAIXA;0.870000000000000;
202408;3887;1999004965;COTAS;2290709.133884000000000;
202408;4844;2019000547;COTAS;2659452.917058000000000;
202408;3928;1999001265;COTAS;38060224.742601000000000;
202408;3887;1999004965;VL_PG_RC;-67511.760000000000000;
202408;3825;2010005856;COTAS;27764402.088009000000000;
202408;4131;2017000647;COTAS;45432697.821247000000000;
202408;4707;9970000000;VL_PG_RC;-4025.560000000000000;
202408;4892;2021000583;COTAS;1913373.642678000000000;
202408;4131;9970000000;VL_PG_RC;-16965.930000000000000;
202408;4844;2019000547;COTAS;1495062.127778000000000;
202408;4711;2018000519;COTAS;5299216.139763000000000;26324274000120
202408;3928;1999001265;COTAS;1842538.504954000000000;
202408;4892;9970000000;COTAS;8386061.548116000000000;
202408;4844;2019000547;COTAS;9303530.508605000000000;
202408;3928;9970000000;COTAS;5385966.102492000000000;
202408;3825;2012000592;COTAS;44957935.729284000000000;
202408;4844;2019000547;COTAS;4349925.771849000000000;
202408;4176;2004002883;COTAS;362849627.630608000000000;14096253000115
202408;4711;9970000000;VL_PG_RC;-614.660000000000000;
202408;4947;1996003747;COTAS;12422169.720000000000000;
202408;4844;2019000547;COTAS;2560549.839553000000000;
202408;3945;1999002318;CAIXA;31049.630000000000000;
202408;4947;1996003747;COTAS;164281579.335736000000000;51527264000139
202408;3825;2012000592;COTAS;12924743.899692000000000;
202408;4176;2004002883;COTAS;182666758.985224000000000;31934038000165
202408;4724;2013000383;COTAS;206723697.196461000000000;
202408;4947;9970000000;COTAS;672989.901017000000000;
202408;3825;2012000592;VL_PG_RC;0.000000000000000;
202408;3928;1999001265;COTAS;14526433.882787000000000;
202408;4724;2013000383;COTAS;2766916.397669000000000;
202408;3602;2011001692;VL_PG_RC;2963888.800000000000000;
202408;3945;1999002318;COTAS;866416.835398000000000;
202408;3945;1999002318;COTAS;16388143.873236000000000;
202408;4844;2019000547;COTAS;4367998.611338000000000;
202408;4947;9970000000;COTAS;3518612.035753000000000;
202408;4844;2019000547;COTAS;1692917.324564000000000;
202408;3945;1999002318;COTAS;66359896.266234000000000;
202408;4844;9970000000;COTAS;2410575.571862000000000;
202408;4176;2018002392;CAIXA;2236.590000000000000;
202408;4724;2013000383;COTAS;867584911.704404000000000;
202408;4858;2018002211;TIT_PUB;45846.620000000000000;
202408;3825;2012002056;COTAS;5471044.915675000000000;
202408;4724;2013000383;COTAS;142095127.194386000000000;42922268000120
202408;4858;9970000000;TIT_PUB;45858.130000000000000;
202408;3825;2012002056;COTAS;9685077.570964000000000;
202408;3945;1999002318;COTAS;481014.054803000000000;
202408;4176;2018002392;COTAS;8100727.426733000000000;31934038000165
202408;3602;2020002965;COTAS;2720481.342240000000000;
202408;4176;9970000000;VL_PG_RC;0.000000000000000;
202408;4724;2013000618;COTAS;20404152.536067000000000;
202408;4875;2020002329;VL_PG_RC;-69481.940000000000000;
202408;4203;2000001319;CAIXA;30024.230000000000000;
202408;3945;1999002318;TIT_PUB;79459236.700000000000000;
202408;4875;9970000000;VL_PG_RC;-2499.080000000000000;
202408;3825;2012002056;COTAS;301661.512954000000000;
202408;3945;1999002318;COTAS;45442097.238745000000000;
202408;3945;9970000000;COTAS;459440.527990000000000;
202408;4892;2021002829;CAIXA;0.000000000000000;
202408;4203;2000001556;IMOVEIS;3412673.180000000000000;
202408;3945;9970000000;COTAS;919674.142014000000000;
202408;4947;1996003747;COTAS;286819527.533187000000000;46685235000165
202408;3825;2016000147;COTAS;7760415.037305000000000;
202408;3945;9970000000;COTAS;233603.476785000000000;
202408;3602;2020002965;COTAS;106797.974898000000000;50927335000128
202408;3825;2016000147;VL_PG_RC;0.000000000000000;
202408;3945;9970000000;VL_PG_RC;-1410.830000000000000;
202408;3602;9970000000;COTAS;446202.452438000000000;22014343000148
202408;4724;9970000000;CAIXA;1311790.040000000000000;
202408;3839;1998004929;COTAS;4060725.921739000000000;
202408;3602;9970000000;COTAS;511078.924814000000000;50927335000128
202408;4724;9970000000;VL_PG_RC;0.000000000000000;
202408;3839;1998004929;COTAS;30424051.489048000000000;
202408;4011;2000002056;VL_PG_RC;-93.290000000000000;
202408;4203;2000001556;OPERACAO_PARTICIPANTE;1804752.980036576900000;
202408;4738;2013001347;COTAS;36741325.959572000000000;
202408;4947;1996003747;COTAS;117358801.944885000000000;46685249000189
202408;4738;9970000000;COTAS;3074886.785711000000000;
202408;3839;1998004929;COTAS;282614.719701000000000;
202408;4011;2000002218;COTAS;4629203.350000000000000;
202408;4741;2013001738;ACOES;59671287.250000000000000;
202408;4741;2013001738;COTAS;13332762.520000000000000;
202408;4011;2014001456;TIT_PUB;43171679.060000000000000;
202408;3839;2009001583;COTAS;49239.127835000000000;
202408;4039;2000004229;COTAS;84475350.608961000000000;
202408;4947;9970000000;COTAS;2695860.550830000000000;51869529000187
202408;4011;2000002129;CAIXA;3353.870000000000000;
202408;4039;2000004229;COTAS;527091210.088412000000000;10347270000127
202408;3839;2009001583;COTAS;402608.397897000000000;
202408;4741;2013001738;COTAS;35452208.220000000000000;
202408;4203;2000006574;ACOES;663236.590000000000000;
202408;4741;2013001738;COTAS;54940390.502568000000000;
202408;3602;9970000000;VL_PG_RC;0.000000000000000;
202408;4755;2014000311;COTAS;5703720.638249000000000;
202408;4039;9970000000;COTAS;2826143.929831000000000;
202408;4755;2014000311;COTAS;1209247.695109000000000;
202408;4011;2000002129;TIT_PUB;17516809.600000000000000;
202408;4203;2000006574;COTAS;1158212421.435145000000000;21596146000111
202408;4011;2000002218;VL_PG_RC;-764.890000000000000;
202408;4203;2000006574;COTAS;88476433.459235000000000;40189032000100
202408;4042;2000004792;COTAS;4430215.299967000000000;
202408;4203;2000006574;COTAS;788293286.937583000000000;46171916000105
202408;3861;1993001719;CAIXA;20264.930000000000000;
202408;4042;2000004792;COTAS;6920766.112529000000000;
202408;3647;1997001829;COTAS;880441.928065000000000;
202408;3861;1993001719;COTAS;230581281.680002000000000;05615541000148
202408;4042;9970000000;CAIXA;15111.740000000000000;
202408;4755;2014000311;COTAS;8275435.138102000000000;
202408;4755;2014000311;COTAS;11689055.676691000000000;
202408;4011;2014001456;COTAS;7624358.279742000000000;
202408;4755;2014000311;COTAS;5738023.141459000000000;
202408;3861;9970000000;VL_PG_RC;0.000000000000000;
202408;4087;2007000156;COTAS;498543924.195631000000000;04118024000109
202408;3887;1999004965;CAIXA;0.350000000000000;
202408;4755;2014000311;COTAS;750331.599647000000000;
202408;4011;2014001456;OPERACAO_PARTICIPANTE;1737469.930000000000000;
202408;4091;1974000338;TIT_PUB;846830046.000000000000000;
202408;4755;2014000311;COTAS;3068266.653907000000000;
202408;3647;1997001829;COTAS;313772.630952000000000;
202408;3887;1999004965;COTAS;4805938.439992000000000;
202408;4203;2000006574;VL_PG_RC;17499652.470000000000000;
202408;4091;2002001529;COTAS;8611.483148000000000;
202408;4755;2020002574;COTAS;44071.023739000000000;
202408;4091;2004002492;COTAS;32787538.010156000000000;
202408;4755;2020002574;VL_PG_RC;0.000000000000000;
202408;4091;9970000000;VL_PG_RC;0.000000000000000;
202408;3647;1997001829;VL_PG_RC;0.000000000000000;
202408;4101;2002001847;COTAS;32244953.054244000000000;
202408;3887;1999004965;COTAS;467459.509444000000000;
202408;3647;9970000000;COTAS;569105.790000000000000;
202408;4203;2004000929;CAIXA;1998.810000000000000;
202408;3887;1999004965;COTAS;359333.905815000000000;
202408;3678;1989000819;VL_PG_RC;-2863.150000000000000;
202408;4203;2004000929;COTAS;243700.882651000000000;40170889000170
202408;4101;2002001847;COTAS;375106859.215949000000000;05615522000111
202408;4755;9970000000;COTAS;20399.435262000000000;
202408;3887;1999004965;COTAS;19084427.057758000000000;
202408;4011;2014001456;TIT_PRIV;2224784.890000000000000;
202408;4755;9970000000;TIT_PUB;2278613.690000000000000;
202408;3678;1999002083;VL_PG_RC;-868.920000000000000;
202408;3887;1999004965;COTAS;2447921.379475000000000;
202408;3678;2010001818;VL_PG_RC;-16.360000000000000;
202408;4101;2002001847;COTAS;269329195.293438000000000;30330483000153
202408;4042;2000004792;COTAS;1342203.580484000000000;
202408;4769;2015000429;COTAS;8672803.914724000000000;
202408;4042;2000004792;COTAS;2286380.360135000000000;
202408;4786;2016000856;COTAS;7509867.000555000000000;
202408;4042;2000004792;COTAS;37278451.003800000000000;
202408;3887;1999004965;COTAS;1578804.126773000000000;
202408;4042;2000004792;COTAS;6744381.220001000000000;
202408;4042;2000004792;TIT_PRIV;16631612.650000000000000;
202408;4203;2020002711;COTAS;112620.262950000000000;40189032000100
202408;4786;2016000856;COTAS;1571965.999194000000000;
202408;3811;1998004783;COTAS;114107122.317312000000000;
202408;4203;9970000000;CAIXA;15668331.880000000000000;
202408;3887;1999004965;COTAS;6366341.657903000000000;
202408;4786;2018001019;CAIXA;673.190000000000000;
202408;4042;2000004792;TIT_PUB;229523472.980000000000000;
202408;4786;2018001019;COTAS;69103.000002000000000;
202408;4087;2007000156;VL_PG_RC;-31897.820000000000000;
202408;4786;2018001019;COTAS;30936.000008000000000;
202408;3811;9970000000;CAIXA;6865.730000000000000;
202408;4786;2018001019;COTAS;94166.000001000000000;
202408;3825;1988002192;VL_PG_RC;0.000000000000000;
202408;4786;2019000611;CAIXA;1217.290000000000000;
202408;3887;9970000000;COTAS;3626406.451125000000000;
202408;4087;9970000000;CAIXA;182964.660000000000000;
202408;4217;1997000792;TIT_PUB;12117420.250000000000000;
202408;4091;1974000338;COTAS;1853716.669832000000000;
202408;3825;1988002265;VL_PG_RC;0.000000000000000;
202408;4101;2002001847;VL_PG_RC;1059.960000000000000;
202408;3825;1988003318;CAIXA;1000.000000000000000;
202408;4217;2006004638;OPERACAO_PARTICIPANTE;8000585.440000000000000;
202408;4786;2019000611;COTAS;93224.482243000000000;
202408;3928;1999001265;COTAS;5865672.289507000000000;
202408;4101;9970000000;VL_PG_RC;-2191.520000000000000;
202408;3825;1989001874;COTAS;12711578.232752000000000;
202408;4114;2002004129;VL_PG_RC;-400425.220000000000000;
202408;4217;2010004183;VL_PG_RC;529.630000000000000;
202408;4786;2019000611;COTAS;84375.890858000000000;
202408;3928;9970000000;VL_PG_RC;-796.210000000000000;
202408;4217;2012001238;CAIXA;585.480000000000000;
202408;3825;1995001929;CAIXA;2000.000000000000000;
202408;4131;1981000811;COTAS;3719369.400349000000000;
202408;4786;2019000611;COTAS;180392.536334000000000;
202408;4091;2002001529;TIT_PUB;347896509.470000000000000;
202408;3825;1995001929;COTAS;12778238.117798000000000;
202408;4131;1981000811;OPERACAO_PARTICIPANTE;5836378.420029405800000;
202408;3825;1996001574;COTAS;9838984.106385000000000;
202408;4091;2004002492;COTAS;1094480.400000000000000;
202408;4791;2016001283;COTAS;1905483.720000000000000;
202408;4217;2021003329;COTAS;6878247.806609000000000;11435287000107
202408;3945;1999002318;COTAS;11994150.474160000000000;
202408;4791;2016001283;COTAS;107466.750000000000000;
202408;4217;2021003329;VL_PG_RC;-10910.620000000000000;
202408;4791;2016001283;COTAS;1703186.809997000000000;
202408;3825;1997000229;COTAS;49495886.521378000000000;
202408;4091;2004002492;VL_PG_RC;0.000000000000000;
202408;3825;1997003783;VL_PG_RC;0.000000000000000;
202408;4101;2002001847;COTAS;12051386.653776000000000;
202408;3825;1998001083;CAIXA;2000.000000000000000;
202408;3945;1999002318;COTAS;44052764.017918000000000;
202408;3945;1999002318;COTAS;1748142.466881000000000;
202408;4101;9970000000;CAIXA;178692.170000000000000;
202408;4791;2016001283;COTAS;2243122.479999000000000;
202408;4131;1981000811;COTAS;3094424.064918000000000;
202408;4801;2016001518;COTAS;16545342.679426000000000;
202408;4131;1981000811;TIT_PUB;61847061.890000000000000;
202408;4801;2016001518;COTAS;7396723.553690000000000;
202408;4217;2022000919;CAIXA;7832.150000000000000;
202408;4131;1989001165;CAIXA;424855.070000000000000;
202408;4131;1993001018;TIT_PRIV;75409.410000000000000;
202408;4801;2016001518;COTAS;13003431.080001000000000;
202408;3825;1998001156;COTAS;5397450.656497000000000;
202408;4011;2000002056;CAIXA;20798.360000000000000;
202408;4217;2022002156;CAIXA;525.290000000000000;
202408;4801;9970000000;COTAS;4048106.180006000000000;
202408;4217;9970000000;VL_PG_RC;-2584.210000000000000;
202408;4131;1998006311;TIT_PRIV;206858.040000000000000;
202408;4801;9970000000;COTAS;545567.799501000000000;
202408;4011;2014001456;VL_PG_RC;4358.070000000000000;
202408;4221;2005000892;CAIXA;254007.460000000000000;
202408;3825;1999005074;COTAS;39308.360000000000000;
202408;4131;1993001018;TIT_PUB;3109656.710000000000000;
202408;4131;1998006719;COTAS;552541.462999000000000;
202408;3825;1999005074;COTAS;51856.000000000000000;
202408;4039;2000004229;COTAS;16860388.846161000000000;
202408;4221;2005000892;COTAS;998132.961370000000000;
202408;3825;1999005074;COTAS;1566640.573461000000000;
202408;4131;2006006665;OPERACAO_PARTICIPANTE;119177.120000000000000;
202408;4039;9970000000;CAIXA;48104.320000000000000;
202408;4801;9970000000;COTAS;15101.720006000000000;
202408;4131;1998006311;TIT_PUB;11309742.540000000000000;
202408;4221;2005000892;COTAS;623249.740202000000000;
202408;4131;2006006665;TIT_PUB;13647809.110000000000000;
202408;4801;9970000000;COTAS;62017.909999000000000;
202408;4131;2008004392;CAIXA;15073.110000000000000;
202408;4801;9970000000;COTAS;75289.200084000000000;
202408;4131;2008004465;COTAS;48535.530732000000000;39337958000108
202408;4042;2000004792;COTAS;316082.120766000000000;
202408;4131;2006006665;TIT_PRIV;135077.400000000000000;
202408;4042;2000004792;COTAS;1525628.689771000000000;
202408;4131;2008004211;COTAS;2595654.148045000000000;
202408;4042;9970000000;VL_PG_RC;0.000000000000000;
202408;4131;2008004211;TIT_PUB;41993436.320000000000000;
202408;3825;1999005074;COTAS;15648829.420438000000000;
202408;4131;2008004465;VL_PG_RC;-3555.670000000000000;
202408;4087;2007000156;COTAS;443805763.311833000000000;10638696000130
202408;4801;9970000000;VL_PG_RC;0.000000000000000;
202408;4091;1974000338;VL_PG_RC;232818.690000000000000;
202408;4827;2018002465;COTAS;566340.600000000000000;
202408;4221;2006004247;CAIXA;89438.210000000000000;
202408;4131;2008004538;CAIXA;1569.020000000000000;
202408;4101;2002001847;COTAS;40507303.813695000000000;31570069000184
202408;4827;2018002465;COTAS;6947723.005517000000000;
202408;4131;2008004538;OPERACAO_PARTICIPANTE;95551.200000000000000;
202408;4131;2008004538;TIT_PUB;41416773.190000000000000;
202408;3825;1999005074;COTAS;153903.788512000000000;
202408;4221;2006004247;COTAS;1109233.850675000000000;
202408;4131;4003310047;VL_PG_RC;-6417.590000000000000;
202408;4221;2006004247;COTAS;690331.033108000000000;
202408;4131;2017000647;COTAS;52835619.920275000000000;39337958000108
202408;3825;1999005074;COTAS;3988405.008312000000000;
202408;4827;2018002465;COTAS;680388.841169000000000;
202408;4176;2004002883;OPERACAO_PARTICIPANTE;111889747.807696145500000;
202408;4176;2018002392;COTAS;14608742.887645000000000;14096253000115
202408;4114;2002004129;CAIXA;150667.550000000000000;
202408;4176;9970000000;COTAS;12423875.260221000000000;17759357000150
202408;4131;1981000811;COTAS;26102999.868826000000000;
202408;4131;1986000419;CAIXA;135685.950000000000000;
202408;4827;2018002465;TIT_PUB;4953760.250000000000000;
202408;4221;2011002419;COTAS;3491.375360000000000;
202408;4831;1974000583;CAIXA;5141.540000000000000;
202408;4131;2017000647;COTAS;43030790.680722000000000;39665916000104
202408;4831;1974000583;VL_PG_RC;-584152.650000000000000;
202408;4181;2004000147;COTAS;4876907.089154000000000;
202408;4221;2011002419;COTAS;876926.621920000000000;
202408;4831;1988002729;IMOVEIS;863433.510000000000000;
202408;4131;1987000374;TIT_PRIV;1483499.510000000000000;
202408;3825;1999005074;VL_PG_RC;-5356.670000000000000;
202408;3825;2007003619;COTAS;361116217.478645000000000;
202408;4181;2004000147;COTAS;154164818.173693000000000;05508550000130
202408;4131;1987000374;TIT_PUB;50595647.450000000000000;
202408;4176;2004002883;CAIXA;7627869.830000000000000;
202408;4221;2012001629;COTAS;458853.890824000000000;
202408;4181;2004000147;VL_PG_RC;-25232.690000000000000;
202408;4831;1998006565;COTAS;1905377.728581000000000;20468746000131
202408;3825;2007003619;COTAS;14032119.260402000000000;
202408;4176;2018002392;COTAS;3790508.932183000000000;18000027000140
202408;4203;2000001319;COTAS;25266.704745000000000;
202408;4831;1998006565;VL_PG_RC;-722119.500000000000000;
202408;4203;2000001319;COTAS;55068115.621507000000000;24069639000191
202408;4181;2004000147;COTAS;5922148.120000000000000;
202408;4131;1989001165;VL_PG_RC;-21589.730000000000000;
202408;4181;9970000000;COTAS;990366.248062000000000;
202408;4221;2012001874;COTAS;248293.720016000000000;
202408;4831;2019001829;COTAS;203870394.993458000000000;15435379000130
202408;4203;2000001319;TIT_PRIV;2207520.540000000000000;
202408;4203;2000001319;OPERACAO_PARTICIPANTE;198868.550000000000000;
202408;4203;2000002838;CAIXA;43467.210000000000000;
202408;4203;2000002838;COTAS;587784826.857589000000000;46171916000105
202408;4831;2019001829;IMOVEIS;4777515.150000000000000;
202408;4203;2000002838;COTAS;24082763.223500000000000;40170889000170
202408;4131;1993001018;COTAS;831508.306034000000000;
202408;4203;2000006574;COTAS;769095.136484000000000;
202408;4844;2019000547;CAIXA;124056.560000000000000;
202408;4844;2019000547;COTAS;2673734.275033000000000;
202408;4203;2000002838;COTAS;410185325.385557000000000;55894074000100
202408;4203;2000006574;COTAS;2775749925.086957000000000;05362670000171
202408;4131;2002000247;COTAS;351036.542334000000000;
202408;4203;2000006574;IMOVEIS;41984267.600000000000000;
202408;3825;2009003829;CAIXA;1000.000000000000000;
202408;4203;2000006574;OPERACAO_PARTICIPANTE;36703759.732144181400000;
202408;4203;2020002711;VL_PG_RC;-923.140000000000000;
202408;4131;2006006665;VL_PG_RC;-8682.590000000000000;
202408;4131;2008004392;OPERACAO_PARTICIPANTE;3847.780000000000000;
202408;4203;2000006574;COTAS;4235999.756916000000000;03102070000149
202408;4844;2019000547;COTAS;4717445.086077000000000;
202408;4131;2008004465;CAIXA;2011.470000000000000;
202408;4844;2019000547;VL_PG_RC;-3350.010000000000000;
202408;4131;2008004538;VL_PG_RC;-23844.070000000000000;
202408;4203;9970000000;TIT_PRIV;84853707.070000000000000;
202408;4858;2018002211;COTAS;221333.924967000000000;
202408;4217;2006004638;COTAS;1843540.862870000000000;14115118000170
202408;4221;2015001883;COTAS;698999.395880000000000;
202408;4131;2017000647;COTAS;11219382.187074000000000;
202408;4217;2010004183;COTAS;1848389.612180000000000;18683208000118
202408;4221;2015001883;COTAS;255259.823189000000000;
202408;4131;2017000647;IMOVEIS;21402156.990000000000000;
202408;4221;2015001883;COTAS;421256.477076000000000;
202408;4861;2019000474;COTAS;23158452.661663000000000;
202408;4203;2000006574;COTAS;111594726.635825000000000;40189629000146
202408;4217;2022000919;COTAS;3792480.426304000000000;11435287000107
202408;4221;9970000000;COTAS;52878.950000000000000;
202408;4217;2022002156;COTAS;2714934.063576000000000;11435287000107
202408;4861;9970000000;VL_PG_RC;-1837.590000000000000;
202408;4234;2004002956;COTAS;106191583.350000000000000;
202408;4217;2022002156;VL_PG_RC;-2752.100000000000000;
202408;4248;2000001718;CAIXA;200.000000000000000;
202408;4217;2022002474;COTAS;627426.858949000000000;11435287000107
202408;4892;2021000583;CAIXA;0.000000000000000;
202408;4248;2011001919;COTAS;95131930.224698000000000;
202408;4221;2005000892;COTAS;2212011.941907000000000;
202408;4248;2011001919;COTAS;200469948.306947000000000;03497804000136
202408;4892;2021002829;VL_PG_RC;0.000000000000000;
202408;4203;2004000929;COTAS;10061621.229307000000000;40189280000142
202408;4221;2005000892;COTAS;198458.962823000000000;
202408;3825;2009003829;VL_PG_RC;0.000000000000000;
202408;3825;2015000119;COTAS;13258368.895854000000000;
202408;4203;2004000929;COTAS;460956.530425000000000;40190375000186
202408;4221;2005000892;COTAS;279235.039797000000000;
202408;4947;1996003747;COTAS;90000.000000000000000;
202408;4221;2005000892;COTAS;1940409.363853000000000;
202408;4947;1996003747;COTAS;1908.589988000000000;
202408;4947;1996003747;COTAS;2496070.367143000000000;
202408;4217;2012001238;COTAS;1196668.918252000000000;18683208000118
202408;4248;2011001919;COTAS;179855266.219405000000000;26978182000163
202408;4947;1996003747;COTAS;24267824.895366000000000;
202408;4248;2011001919;COTAS;325759517.216936000000000;36617679000100
202408;4947;1996003747;COTAS;1544379548.657180000000000;51760661000156
202408;4217;2022000374;VL_PG_RC;-469.920000000000000;
202408;4221;2005000892;COTAS;1412410.935157000000000;
202408;4217;2022002474;VL_PG_RC;382.500000000000000;
202408;3825;2016000147;CAIXA;4000.000000000000000;
202408;4217;9970000000;COTAS;2144112.910308000000000;
202408;4248;2011001919;VL_PG_RC;4943389.950000000000000;
202408;3825;2016000147;COTAS;95548997.644590000000000;
202408;4221;2006004247;COTAS;2154160.293131000000000;
202408;4221;2005000892;COTAS;2943448.740886000000000;
202408;4221;2005000892;OPERACAO_PARTICIPANTE;3567564.329151000000000;
202408;4221;2005000892;TIT_PUB;179439.780000000000000;
202408;4248;2014001847;CAIXA;200.000000000000000;
202408;4248;2020001683;COTAS;1596238.478446000000000;03079923000179
202408;3825;2017000418;COTAS;17790815.496491000000000;
202408;4221;2006004247;COTAS;3324575.722003000000000;
202408;4221;2006004247;OPERACAO_PARTICIPANTE;867436.981143000000000;
202408;4248;2020001683;COTAS;5223563.903476000000000;08035716000136
202408;4221;2006004247;TIT_PUB;190821.770000000000000;
202408;4221;2011002419;COTAS;62207.384602000000000;
202408;4221;2011002419;COTAS;237612.484135000000000;
202408;4279;2004002711;COTAS;432703782.527312000000000;24249941000121
202408;4221;2011002419;VL_PG_RC;-19140.730000000000000;
202408;4221;2006004247;COTAS;133275.566322000000000;
202408;4221;2012001629;COTAS;266594.838280000000000;
202408;3825;2020003211;CAIXA;4205.650000000000000;
202408;4947;1996003747;COTAS;242505485.173991000000000;51761747000101
202408;4279;2016001992;COTAS;41892321.328736000000000;51033131000106
202408;4279;2018000111;COTAS;753398.010479000000000;29762376000115
202408;4221;2006004247;COTAS;1408954.046525000000000;
202408;4221;2012001629;COTAS;4696982.020206000000000;
202408;4221;2012001629;COTAS;650905.373490000000000;
202408;4279;9970000000;CAIXA;947059.550000000000000;
202408;4221;2012001629;COTAS;1078197.110119000000000;
202408;4221;2006004247;COTAS;1711313.082116000000000;
202408;4279;9970000000;COTAS;6817253.474364000000000;
202408;4221;2012001874;COTAS;5940176.471180000000000;
202408;4221;2012001874;COTAS;994127.117210000000000;
202408;4282;2004003065;COTAS;1648127.590005000000000;
202408;4221;2011002419;CAIXA;64526.030000000000000;
202408;4131;2017000647;TIT_PUB;625826491.800000000000000;
202408;4221;2011002419;COTAS;787230.356288000000000;
202408;4282;2004003065;COTAS;3351744.609965000000000;
202408;4176;2004002883;COTAS;281116945.547433000000000;13401162000183
202408;4282;2004003065;COTAS;3542099.160000000000000;
202408;4176;2004002883;COTAS;131796285.281922000000000;18000027000140
202408;3839;1998004929;ACOES;43753688.850000000000000;
202408;4282;2004003065;COTAS;69862299.909999000000000;36326996000177
202408;3839;1998004929;COTAS;889076.608948000000000;
202408;3839;2009001583;COTAS;212128.694459000000000;
202408;4221;2012001874;COTAS;2788233.906945000000000;
202408;4368;9970000000;CAIXA;547165.760000000000000;
202408;3839;2009001583;COTAS;21631.927472000000000;
202408;4409;2006000829;COTAS;3346182.309998000000000;
202408;3861;1993001719;COTAS;369186912.969993000000000;05112343000161
202408;4221;2011002419;COTAS;483616.356598000000000;
202408;4409;2006000829;COTAS;5169373.019999000000000;
202408;4221;2011002419;COTAS;314558.756299000000000;
202408;4221;2012001874;COTAS;4434880.360713000000000;
202408;4409;9970000000;COTAS;138913.230001000000000;
202408;4221;2015001883;COTAS;92316.812258000000000;
202408;3861;9970000000;CAIXA;324.000000000000000;
202408;4221;2012001629;CAIXA;79923.340000000000000;
202408;3887;1999004965;COTAS;6102082.940000000000000;
202408;4176;2018002392;COTAS;4285943.662104000000000;17759357000150
202408;4412;2006001329;COTAS;19017614.000004000000000;
202408;4412;2006001329;COTAS;39799993.360000000000000;46246589000103
202408;4176;2023000319;COTAS;11085573.827260000000000;17759357000150
202408;4412;9970000000;CAIXA;56255.650000000000000;
202408;4176;9970000000;CAIXA;40428.440000000000000;
202408;4221;2015001883;COTAS;32993.950614000000000;
202408;4234;9970000000;VL_PG_RC;-259.010000000000000;
202408;4426;2006003111;COTAS;1816620.000000000000000;
202408;4248;2000001718;COTAS;584735999.664856000000000;12636386000101
202408;3887;1999004965;COTAS;33002.439811000000000;
202408;4181;2004000147;COTAS;3794185.251054000000000;
202408;4221;2012001629;COTAS;470410.026043000000000;
202408;4443;1988000947;COTAS;186573683.134183000000000;13520736000132
202408;4248;2009000838;COTAS;86244450.863744000000000;18936235000155
202408;3887;1999004965;COTAS;7124254.556868000000000;
202408;4181;2004000147;COTAS;2223089.579767000000000;
202408;4221;2012001629;COTAS;261150.824273000000000;
202408;4248;2009000838;COTAS;18705354.108290000000000;19602288000100
202408;3887;1999004965;COTAS;1798469.733910000000000;
202408;4203;2000001319;ACOES;6628.150000000000000;
202408;4443;1998002292;COTAS;265328.161520000000000;
202408;4248;2009000838;COTAS;84632047.847899000000000;20726130000113
202408;3887;1999004965;COTAS;855195.055027000000000;
202408;4443;1998002292;VL_PG_RC;865412.940000000000000;
202408;4203;2000001556;COTAS;63981.102086000000000;
202408;4443;2006007165;CAIXA;11583.380000000000000;
202408;4248;2009000838;COTAS;23418191.415282000000000;26978182000163
202408;3887;1999004965;COTAS;3332219.000000000000000;
202408;3887;1999004965;COTAS;507874.943830000000000;
202408;4221;2012001874;CAIXA;107910.280000000000000;
202408;4248;2009000838;COTAS;26246466.741396000000000;28206291000198
202408;4461;2006005065;COTAS;814555973.250011000000000;08648690000100
202408;3887;9970000000;COTAS;1997956.140546000000000;
202408;4461;9970000000;COTAS;465562.910000000000000;
202408;4474;9970000000;VL_PG_RC;0.000000000000000;
202408;4203;2000001556;TIT_PRIV;22355093.340000000000000;
202408;4248;2009000838;COTAS;30183246.982542000000000;36617679000100
202408;4248;2011001919;COTAS;1001146145.751149000000000;20726076000106
202408;4203;2000002838;COTAS;1177534.412386000000000;
202408;3945;1999002318;COTAS;173371482.630512000000000;
202408;4529;2008002365;VL_PG_RC;-18571.960000000000000;
202408;4221;2012001874;COTAS;1862851.077617000000000;
202408;3945;1999002318;COTAS;7491758.257133000000000;
202408;4203;2000002838;COTAS;2300409274.988351000000000;05316787000119
202408;3945;1999002318;COTAS;4428108.962763000000000;
202408;4203;2000002838;COTAS;995656416.140937000000000;40189280000142
202408;4529;9970000000;COTAS;370733.700001000000000;
202408;4203;2000002838;COTAS;45780375.454306000000000;40190375000186
202408;4279;2004002711;COTAS;24730985.573609000000000;
202408;4546;2009000919;COTAS;4273425.488157000000000;
202408;4221;2012001874;COTAS;1143588.729902000000000;
202408;4221;2015001883;COTAS;368439.718705000000000;
202408;4279;2016001992;COTAS;143488366.297045000000000;51032832000120
202408;4546;2009000919;TIT_PUB;109994286.270000000000000;
202408;4279;2016001992;VL_PG_RC;-138146.610000000000000;
202408;4546;9970000000;VL_PG_RC;0.000000000000000;
202408;4203;2000002838;TIT_PRIV;207812544.230000000000000;
202408;4221;2015001883;COTAS;1789215.179316000000000;
202408;4279;2018000111;COTAS;1238020.143303000000000;14879592000178
202408;4577;2008003892;COTAS;11128750.655455000000000;
202408;4221;2015001883;COTAS;294271.635456000000000;
202408;4221;2015001883;TIT_PUB;31243.640000000000000;
202408;3945;1999002318;COTAS;3682147.952801000000000;
202408;4203;2000006574;COTAS;21776572.280288000000000;40170889000170
202408;4577;2008003892;COTAS;1036334.163628000000000;
202408;4282;2004003065;COTAS;1390227.979835000000000;
202408;3945;9970000000;COTAS;689307.164120000000000;
202408;4011;2000002129;COTAS;1754761.850000000000000;
202408;4577;2008003892;COTAS;3304487.945637000000000;
202408;4282;9970000000;TIT_PUB;4898116.380000000000000;
202408;4311;2005002747;COTAS;5464346.359998000000000;
202408;4234;2004002956;COTAS;145493607.790000000000000;19718324000198
202408;4581;1999000919;COTAS;190243410.112712000000000;20725946000122
202408;4203;2000006574;COTAS;896492755.446999000000000;40189280000142
202408;4311;9970000000;COTAS;8626038.947962000000000;
202408;4581;1999000919;COTAS;298644535.696760000000000;41687175000104
202408;4203;2004000929;COTAS;990091.916839000000000;40189032000100
202408;4368;2005004211;COTAS;265803953.510001000000000;11392037000129
202408;4368;2005004211;COTAS;380411947.610000000000000;47541085000189
202408;4234;2004002956;COTAS;57897030.299981000000000;32812263000191
202408;4203;2004000929;COTAS;1251126.509346000000000;40189629000146
202408;4248;2009000838;COTAS;7582589.927747000000000;32240211000198
202408;4203;2020002711;CAIXA;3097.010000000000000;
202408;4011;2000002218;TIT_PUB;47385615.390000000000000;
202408;4248;2009000838;OPERACAO_PARTICIPANTE;14550388.934030790600000;
202408;4039;2000004229;CAIXA;370452.090000000000000;
202408;4248;2011001919;COTAS;815525233.411163000000000;20726130000113
202408;4203;9970000000;VL_PG_RC;-77481.420000000000000;
202408;4039;2000004229;COTAS;103760900.985628000000000;
202408;4581;1999000919;VL_PG_RC;-35902.050000000000000;
202408;4368;2005004211;COTAS;378621749.810001000000000;47541133000139
202408;4581;9970000000;CAIXA;9270.950000000000000;
202408;4368;2005004211;VL_PG_RC;-38618.560000000000000;
202408;4581;9970000000;COTAS;444530.419364000000000;20726178000121
202408;4368;9970000000;COTAS;30148511.280002000000000;
202408;4371;2005004911;VL_PG_RC;0.000000000000000;
202408;4217;1997000792;CAIXA;15865.580000000000000;
202408;4385;2005006311;COTAS;68967001.329992000000000;
202408;4042;2000004792;COTAS;793154.150689000000000;
202408;4385;2005006311;VL_PG_RC;0.000000000000000;
202408;4248;2011001919;OPERACAO_PARTICIPANTE;51204368.882288577500000;
202408;4248;2020001683;COTAS;1078980.793150000000000;
202408;4217;1997000792;COTAS;31614.324824000000000;18683208000118
202408;4594;9970000000;COTAS;497708.347248000000000;
202408;4409;2006000829;COTAS;359239.370000000000000;
202408;4217;2010004183;CAIXA;352.820000000000000;
202408;4594;9970000000;VL_PG_RC;0.000000000000000;
202408;4604;2010002083;COTAS;2569701.212712000000000;
202408;4217;2012001238;VL_PG_RC;431.480000000000000;
202408;4604;2010002083;COTAS;3220212.451229000000000;
202408;4409;2006000829;COTAS;5091779.599999000000000;
202408;4091;1974000338;CAIXA;8728.750000000000000;
202408;4248;2020001683;COTAS;934158.525576000000000;
202408;4217;2022002474;CAIXA;586.980000000000000;
202408;4409;2006000829;VL_PG_RC;-38938.910000000000000;
202408;4604;2010002083;COTAS;176862248.397635000000000;
202408;4604;9970000000;VL_PG_RC;-21.580000000000000;
202408;4091;1974000338;COTAS;64363916.039295000000000;31569976000103
202408;4426;2006003111;COTAS;160383.111000000000000;
202408;4426;2006003111;TIT_PRIV;134769936.660000000000000;
202408;4221;2006004247;COTAS;577017.299677000000000;
202408;4426;2006003111;TIT_PUB;66306203.150000000000000;
202408;4091;2002001529;CAIXA;25409.990000000000000;
202408;4248;2020001683;COTAS;1249639.628732000000000;03497804000136
202408;4621;2010002318;CAIXA;99.500000000000000;
202408;4091;2002001529;VL_PG_RC;0.000000000000000;
202408;4426;2007002329;COTAS;563931041.090025000000000;
202408;4221;2006004247;COTAS;10839975.473984000000000;
202408;4621;2022002083;CAIXA;11.460000000000000;
202408;4426;2007002329;TIT_PRIV;1213446030.660000000000000;
202408;4248;9970000000;COTAS;217440398.482194000000000;23732198000101
202408;4091;2004002492;OPERACAO_PARTICIPANTE;37255909.518891242100000;
202408;4621;9970000000;VL_PG_RC;1.000000000000000;
202408;4279;2004002711;COTAS;1146721926.972875000000000;24249995000197
202408;4221;2011002419;COTAS;31719.355404000000000;
202408;4279;2004002711;COTAS;17066472.706892000000000;51834466000123
202408;4649;2010003756;CAIXA;30673.690000000000000;
202408;4652;2010004329;CAIXA;7727.910000000000000;
202408;4221;2011002419;COTAS;1498874.079884000000000;
202408;4652;2010004329;COTAS;3517169.469999000000000;08998851000187
202408;4426;9970000000;CAIXA;0.000000000000000;
202408;4279;2018000111;CAIXA;23441.650000000000000;
202408;4221;2011002419;COTAS;920577.563318000000000;
202408;4443;1982002018;COTAS;1168329.939366000000000;
202408;4091;2004002492;TIT_PUB;748432857.680000000000000;
202408;4443;1988000947;VL_PG_RC;320568.220000000000000;
202408;4652;2010004574;VL_PG_RC;-59186.800000000000000;
202408;4279;2018000111;COTAS;2249459.927712000000000;
202408;4221;2011002419;TIT_PUB;79733.560000000000000;
202408;4443;1998002292;COTAS;125544362.820169000000000;13520470000128
202408;4221;2012001629;COTAS;957957.440357000000000;
202408;4666;2011000629;COTAS;180329380.953699000000000;
202408;4279;2018000111;COTAS;266396.032598000000000;52320036000156
202408;4221;2012001629;COTAS;128684.636564000000000;
202408;4666;2011000629;COTAS;143888425.516878000000000;
202408;4443;2006007165;COTAS;330649115.499499000000000;21624950000167
202408;4282;2004003065;COTAS;142511600.560002000000000;08983443000151
202408;4091;9970000000;COTAS;6094594.900000000000000;31569976000103
202408;4101;2002001847;CAIXA;54510.860000000000000;
202408;4282;2004003065;COTAS;91108548.439999000000000;35956792000157
202408;4461;9970000000;COTAS;1956769.980000000000000;
202408;4101;2002001847;COTAS;51001473.512834000000000;
202408;4461;9970000000;VL_PG_RC;4542.530000000000000;
202408;4666;2011000629;COTAS;15480201.859483000000000;
202408;4221;2012001874;COTAS;551236.603020000000000;
202408;4282;2004003065;VL_PG_RC;-1420.060000000000000;
202408;4368;9970000000;COTAS;28181904.088498000000000;
202408;4128;1995003565;COTAS;76417517.389888000000000;08931953000185
202408;4131;1981000811;COTAS;9673270.037939000000000;39337958000108
202408;4131;1986000419;OPERACAO_PARTICIPANTE;5541.760000000000000;
202408;4385;9970000000;COTAS;3640861.780008000000000;
202408;4666;2011000629;VL_PG_RC;-22658.420000000000000;
202408;4474;2006005774;CAIXA;403981.090000000000000;
202408;4221;2012001874;OPERACAO_PARTICIPANTE;1066162.151670000000000;
202408;4666;2011000947;COTAS;1666791.226057000000000;
202408;4221;2015001883;COTAS;50465.119684000000000;
202408;4515;2007003538;COTAS;237520109.110001000000000;16557853000169
202408;4409;2006000829;COTAS;70604584.810000000000000;19729240000150
202408;4221;2015001883;OPERACAO_PARTICIPANTE;147884.820000000000000;
202408;4131;1987000374;COTAS;1113448.035210000000000;
202408;4515;2007003538;VL_PG_RC;-636.960000000000000;
202408;4409;9970000000;VL_PG_RC;0.000000000000000;
202408;4666;2011000947;COTAS;2911498.147163000000000;
202408;4412;2006001329;COTAS;38933198.459188000000000;
202408;4666;2011000947;COTAS;4684277.670916000000000;
202408;4529;2008002365;COTAS;3263971.742626000000000;
202408;4221;9970000000;VL_PG_RC;-117.590000000000000;
202408;4532;9970000000;CAIXA;6573.900000000000000;
202408;4426;2007002329;COTAS;908837.629000000000000;
202408;4131;1989001165;COTAS;4983379.149447000000000;
202408;4131;1993001018;CAIXA;16856.180000000000000;
202408;4234;9970000000;COTAS;1815341.889992000000000;
202408;4248;2009000838;CAIXA;8240.900000000000000;
202408;4248;2009000838;COTAS;12313179.468306000000000;
202408;4426;2007002329;COTAS;931747.364500000000000;
202408;4131;1998006719;OPERACAO_PARTICIPANTE;54836.450000000000000;
202408;4443;1982002018;COTAS;6276120.300714000000000;
202408;4546;2009000919;CAIXA;185294.980000000000000;
202408;4546;2009000919;COTAS;3263229.807088000000000;
202408;4443;1998002292;COTAS;2030856.384072000000000;42102172000116
202408;4248;2011001919;COTAS;170818804.946756000000000;03079923000179
202408;4131;1998006719;TIT_PUB;29275661.790000000000000;
202408;4131;2002000247;OPERACAO_PARTICIPANTE;26005.330000000000000;
202408;4666;2021002756;COTAS;1548992.313499000000000;
202408;4666;2021002756;COTAS;3666339.789775000000000;
202408;4546;2009000919;COTAS;4398700.353710000000000;
202408;4666;9970000000;CAIXA;457744.830000000000000;
202408;4546;2009000919;COTAS;2681191.871219000000000;
202408;4443;9970000000;COTAS;8252193.796792000000000;21624950000167
202408;4461;2006005065;CAIXA;802820.810000000000000;
202408;4683;1990001165;COTAS;15256842.874520000000000;28715652000121
202408;4248;2011001919;COTAS;82766256.347672000000000;19602288000100
202408;4131;2008004211;OPERACAO_PARTICIPANTE;36880.640000000000000;
202408;4248;2011001919;COTAS;287334290.819906000000000;28206291000198
202408;4131;2008004392;COTAS;382202.355664000000000;
202408;4546;2009000919;COTAS;4550385.360732000000000;
202408;4131;2008004392;VL_PG_RC;-351.370000000000000;
202408;4683;2004002311;CAIXA;1461.130000000000000;
202408;4131;2008004465;OPERACAO_PARTICIPANTE;10289.960000000000000;
202408;4577;2008003892;ACOES;10566886.220000000000000;
202408;4131;2008004465;TIT_PUB;417290.930000000000000;
202408;4131;2017000647;COTAS;4674595.080868000000000;
202408;4461;9970000000;CAIXA;62367.300000000000000;
202408;4131;2017000647;COTAS;16471508.116232000000000;
202408;4683;2004002311;COTAS;97174.776711000000000;41287925000142
202408;4577;2008003892;COTAS;4009500.769110000000000;
202408;4461;9970000000;COTAS;565601.690000000000000;
202408;4474;2006005774;COTAS;46694902.200000000000000;17913394000171
202408;4683;2008000818;COTAS;27177142.710485000000000;41287925000142
202408;4501;9970000000;CAIXA;41285.220000000000000;
202408;4529;2008002365;COTAS;1185.098232000000000;
202408;4248;2011001919;COTAS;48829127.396425000000000;32240211000198
202408;4683;2022001338;CAIXA;5166.070000000000000;
202408;4577;2008003892;COTAS;1750588.465250000000000;
202408;4248;2020001683;COTAS;5700163.416057000000000;18936232000111
202408;4248;2020001683;COTAS;38773388.679659000000000;18936235000155
202408;4529;2008002365;COTAS;1784305.677205000000000;
202408;4529;2008002365;COTAS;5648186.385746000000000;
202408;4248;2020001683;COTAS;2892391.282478000000000;20726061000148
202408;4707;2013000138;COTAS;6865788.220000000000000;
202408;4529;2008002365;COTAS;3227692.462264000000000;
202408;4707;2013000138;COTAS;8277118.437719000000000;
202408;4532;2008004856;COTAS;5438921.566473000000000;
202408;4248;2020001683;COTAS;1701629.290117000000000;36518029000107
202408;4532;2008004856;VL_PG_RC;0.000000000000000;
202408;4707;2013000138;COTAS;1807235.422359000000000;
202408;4532;9970000000;COTAS;3057518.698552000000000;
202408;4577;2008003892;COTAS;2033875.421624000000000;
202408;4546;9970000000;COTAS;240215.826896000000000;
202408;4248;2020001683;VL_PG_RC;101999.700000000000000;
202408;4577;2008003892;CAIXA;656915.040000000000000;
202408;4707;2013000138;COTAS;12602548.241086000000000;
202408;4577;2008003892;COTAS;2073751.368636000000000;
202408;4577;2008003892;COTAS;1950177.463216000000000;
202408;4577;2008003892;COTAS;1665276.217467000000000;
202408;4707;2013000138;COTAS;15130418.421829000000000;
202408;4707;2013000219;COTAS;191672.950029000000000;
202408;4577;2010001974;COTAS;85053.337978000000000;
202408;4577;2008003892;COTAS;4287640.294134000000000;
202408;4279;2004002711;CAIXA;377858.240000000000000;
202408;4577;2008003892;VL_PG_RC;253645.880000000000000;
202408;4279;2016001992;CAIXA;21060.390000000000000;
202408;4577;2010001974;CAIXA;214958.190000000000000;
202408;4279;2016001992;COTAS;241404755.495542000000000;24248178000114
202408;4577;2010001974;COTAS;22385.211039000000000;
202408;4577;9970000000;COTAS;253586.676296000000000;
202408;4577;9970000000;COTAS;295887.237380000000000;
202408;4707;2013000219;COTAS;942480.390000000000000;
202408;4577;9970000000;COTAS;102876.504330000000000;
202408;4707;2013000219;COTAS;33314674.179813000000000;
202408;4279;2016001992;COTAS;721468.225809000000000;53507965000131
202408;4577;2010001974;COTAS;818901.001772000000000;
202408;4707;2013000219;COTAS;8604674.698481000000000;
202408;4707;2013002092;COTAS;5095308.633937000000000;
202408;4707;2013002092;COTAS;12492886.463884000000000;
202408;4279;2018000111;COTAS;193091.402783000000000;53507965000131
202408;4577;2010001974;COTAS;212660.730964000000000;
202408;4581;1999000919;COTAS;70951359.703935000000000;32711990000162
202408;4282;2004003065;CAIXA;13454430.990000000000000;
202408;4282;2004003065;COTAS;1072405.090000000000000;
202408;4581;1999000919;COTAS;113888902.700313000000000;38452593000108
202408;4577;2010001974;COTAS;107969.481846000000000;
202408;4577;9970000000;COTAS;279170.898508000000000;
202408;4581;1999000919;IMOVEIS;886812.100000000000000;
202408;4581;1999000919;COTAS;99552650.876150000000000;13294268000125
202408;4282;2004003065;COTAS;1624814.029999000000000;
202408;4282;2004003065;COTAS;1429186.289999000000000;
202408;4707;2013002092;COTAS;5294269.792757000000000;
202408;4604;2010002083;COTAS;415713.962127000000000;
202408;4707;2013002092;COTAS;489366566.374752000000000;
202408;4604;2010002083;COTAS;5058479.803883000000000;
202408;4707;2013002092;COTAS;11932811.007752000000000;
202408;4618;2009002474;COTAS;90433282.189999000000000;19366021000153
202408;4282;2004003065;COTAS;1117946.310000000000000;
202408;4618;9970000000;VL_PG_RC;0.000000000000000;
202408;4282;2004003065;COTAS;1248978.740055000000000;
202408;4621;2011001765;VL_PG_RC;-11883.670000000000000;
202408;4621;9970000000;COTAS;1433723.651550000000000;37821719000101
202408;4594;1989001629;CAIXA;85135.710000000000000;
202408;4282;2004003065;COTAS;1821584.390004000000000;
202408;4652;2019001438;COTAS;890897.949999000000000;08998851000187
202408;4666;2011000629;COTAS;2377795.820423000000000;
202408;4707;2013002092;COTAS;66247957.154068000000000;
202408;4707;2013002092;OPERACAO_PARTICIPANTE;988980.890000000000000;
202408;4666;2011000629;COTAS;2398440.600898000000000;
202408;4282;9970000000;VL_PG_RC;-2000.000000000000000;
202408;4707;2018001329;COTAS;67055.772149000000000;
202408;4666;2011000947;COTAS;2811848.398209000000000;
202408;4707;2018001329;COTAS;2958163.521550000000000;
202408;4707;2018001329;COTAS;3391190.343467000000000;
202408;4666;2011000947;COTAS;3623305.398968000000000;
202408;4707;2018001329;COTAS;575838.839999000000000;
202408;4666;2011000947;VL_PG_RC;579793.430000000000000;
202408;4311;1997002256;VL_PG_RC;0.000000000000000;
202408;4368;2005004211;COTAS;368267715.199998000000000;46373036000111
202408;4707;2018001329;COTAS;45153.771145000000000;
202408;4666;2021002756;COTAS;37226741.256768000000000;
202408;4385;2005006311;CAIXA;484624.930000000000000;
202408;4666;2021002756;COTAS;2211020.090332000000000;
202408;4385;9970000000;VL_PG_RC;0.000000000000000;
202408;4666;2021002756;COTAS;2192447.340380000000000;
202408;4666;2021002756;COTAS;1363139.213495000000000;
202408;4707;2018001892;COTAS;328833.824923000000000;
202408;4409;2006000829;COTAS;7644676.619994000000000;
202408;4594;2009003683;CAIXA;1509782.100000000000000;
202408;4707;2018001892;COTAS;403915.063676000000000;
202408;4409;2006000829;COTAS;74532.990000000000000;
202408;4683;1990001165;COTAS;4973954.965571000000000;
202408;4707;2018001892;COTAS;3187508.143649000000000;
202408;4707;2018001892;COTAS;986848.614904000000000;
202408;4594;2009003683;VL_PG_RC;0.000000000000000;
202408;4683;2005000647;CAIXA;2479.990000000000000;
202408;4707;2018001892;COTAS;505320.361803000000000;
202408;4604;2010002083;COTAS;12257512.645706000000000;
202408;4683;2005000647;COTAS;99479.099222000000000;
202408;4604;2010002083;COTAS;20990630.000000000000000;
202408;4412;9970000000;VL_PG_RC;-459558.440000000000000;
202408;4707;2019003856;COTAS;324602.380632000000000;
202408;4707;2019003856;COTAS;1738329.422069000000000;
202408;4426;2006003111;CAIXA;5460.600000000000000;
202408;4707;2019003856;VL_PG_RC;-12108.960000000000000;
202408;4707;2020000474;COTAS;1113892.916137000000000;
202408;4604;2010002083;OPERACAO_PARTICIPANTE;7141294.348140450100000;
202408;4683;2008000818;COTAS;39986027.124628000000000;27696713000198
202408;4618;9970000000;COTAS;1980293.540000000000000;19366021000153
202408;4707;2020000474;COTAS;367943.744850000000000;
202408;4683;2008000818;VL_PG_RC;-163478.010000000000000;
202408;4621;2010005392;VL_PG_RC;-64369.150000000000000;
202408;4707;2020000474;VL_PG_RC;-4699.410000000000000;
202408;4683;2019000792;CAIXA;2608.940000000000000;
202408;4652;2010004329;COTAS;4004687.559996000000000;49465951000125
202408;4683;9970000000;COTAS;8870538.882556000000000;
202408;4652;2010004329;VL_PG_RC;-3468.360000000000000;
202408;4707;2013000138;COTAS;5734792.450000000000000;
202408;4652;2010004574;COTAS;85254300.420001000000000;08998851000187
202408;4707;2013000138;COTAS;28294221.616927000000000;
202408;4652;2019001438;CAIXA;3104.000000000000000;
202408;4707;2020002647;COTAS;1610243.758385000000000;
202408;4707;2013000138;COTAS;44624772.802926000000000;
202408;4652;9970000000;COTAS;54422.799999000000000;
202408;4666;2011000629;COTAS;31679436.949327000000000;
202408;4707;2013000138;COTAS;8913191.667204000000000;
202408;4666;2011000629;COTAS;84253817.284748000000000;
202408;4707;2020002647;COTAS;309424.957606000000000;
202408;4707;2013000138;COTAS;62037169.210193000000000;
202408;4707;2013000219;COTAS;48475760.922000000000000;
202408;4707;2013000219;COTAS;1344953.354979000000000;
202408;4666;2011000629;COTAS;5853145.386241000000000;
202408;4707;2013000219;COTAS;6690595.950000000000000;
202408;4707;2020002647;VL_PG_RC;-6494.810000000000000;
202408;4426;2007002329;ACOES;20124913.530000000000000;
202408;4707;2013000219;COTAS;26856285.992532000000000;
202408;4707;2022001265;COTAS;3169048.830526000000000;
202408;4707;2013000219;COTAS;77071865.169112000000000;
202408;4666;2011000629;COTAS;9464564.041516000000000;
202408;4426;2007002329;COTAS;922935.992500000000000;
202408;4666;2011000629;COTAS;2648765.109296000000000;
202408;4707;2013000219;COTAS;13332415.838972000000000;
202408;4426;9970000000;COTAS;3453424.235362000000000;
202408;4426;9970000000;VL_PG_RC;-938.540000000000000;
202408;4443;1982002018;TIT_PRIV;0.000000000000000;
202408;4666;2011000629;COTAS;4468691.037470000000000;
202408;4707;2022001265;COTAS;4188518.178774000000000;
202408;4443;1988000947;CAIXA;1540.460000000000000;
202408;4711;2008001938;COTAS;1999719239.188480000000000;26324274000120
202408;4707;2013000219;COTAS;83838314.192085000000000;
202408;4443;1998002292;CAIXA;9735.270000000000000;
202408;4443;1998002292;COTAS;734451.116617000000000;
202408;4707;2013002092;COTAS;39400787.801496000000000;
202408;4711;2008002047;COTAS;22917994.718831000000000;46975866000119
202408;4666;2011000629;COTAS;7526431.315594000000000;
202408;4666;2011000947;COTAS;1230578.581004000000000;
202408;4443;2006007165;COTAS;15842614.850136000000000;42102172000116
202408;4707;2013002092;COTAS;15172048.906089000000000;
202408;4666;2011000947;COTAS;1254220.290890000000000;
202408;4707;2013002092;COTAS;21615032.867445000000000;
202408;4474;2006005774;COTAS;29003273.690000000000000;25316471000134
202408;4666;2021002756;COTAS;47112.139223000000000;
202408;4666;2021002756;COTAS;2148764.861251000000000;
202408;4666;2021002756;COTAS;549285.034465000000000;
202408;4711;2014000638;COTAS;23487292.804686000000000;46975834000113
202408;4707;2013002092;COTAS;38976488.722548000000000;
202408;4666;2021002756;COTAS;14518325.286714000000000;
202408;4711;2018000519;COTAS;3167156.093288000000000;46975866000119
202408;4474;2006005774;VL_PG_RC;-24851135.970000000000000;
202408;4711;2018000519;VL_PG_RC;165.140000000000000;
202408;4666;2021002756;COTAS;548062.648120000000000;
202408;4515;2007003538;CAIXA;44479.300000000000000;
202408;4711;2019003538;CAIXA;8787.330000000000000;
202408;4707;2018001329;COTAS;781900.429184000000000;
202408;4666;2021002756;VL_PG_RC;-7644.920000000000000;
202408;4707;2018001329;COTAS;797614.128533000000000;
202408;4515;2007003538;COTAS;75568331.979999000000000;23216805000172
202408;4707;2018001329;VL_PG_RC;-12179.520000000000000;
202408;4529;2008002365;COTAS;5085281.326643000000000;
202408;4711;9970000000;COTAS;2595467.743716000000000;26324274000120
202408;4683;1990001165;COTAS;132706920.181853000000000;
202408;4707;2018001892;COTAS;501898.638876000000000;
202408;4707;2018001892;COTAS;934317.330281000000000;
202408;4683;1990001165;COTAS;233045269.397925000000000;27696713000198
202408;4529;2008002365;COTAS;1978755.616537000000000;
202408;4724;2013000383;COTAS;73802720.906193000000000;
202408;4724;2013000383;COTAS;178234333.045584000000000;
202408;4707;2018001892;COTAS;491757.715043000000000;
202408;4529;2008002365;COTAS;7981777.773519000000000;
202408;4707;2018001892;COTAS;615168.983567000000000;
202408;4683;1990001165;TIT_PUB;145338129.450000000000000;
202408;4707;2019003856;COTAS;3819006.510321000000000;
202408;4529;2008002365;COTAS;12358279.210003000000000;
202408;4707;2019003856;COTAS;389446.857582000000000;
202408;4724;2013000618;COTAS;1363333.700000000000000;
202408;4529;2008002365;COTAS;2563888.532475000000000;
202408;4532;2008004856;COTAS;11605381.511793000000000;
202408;4683;2005000647;COTAS;24041230.252204000000000;
202408;4724;2013000618;COTAS;10177570.516764000000000;
202408;4707;2019003856;COTAS;1281595.637747000000000;
202408;4707;2019003856;COTAS;669647.764977000000000;
202408;4707;2020002647;COTAS;126089.050000000000000;
202408;4707;2020002647;COTAS;664971.612333000000000;
202408;4532;9970000000;VL_PG_RC;0.000000000000000;
202408;4707;2020002647;COTAS;578058.479497000000000;
202408;4546;2009000919;COTAS;1684787.329182000000000;
202408;4724;2013000618;COTAS;115916838.601033000000000;
202408;4738;2013001347;COTAS;8383461.488460000000000;
202408;4546;2009000919;COTAS;3995280.298208000000000;
202408;4707;9970000000;COTAS;5670480.100000000000000;
202408;4724;2013000383;COTAS;206141277.177666000000000;38098941000182
202408;4724;2013000618;CAIXA;9870.050000000000000;
202408;4738;2013001347;COTAS;35863217.108182000000000;
202408;4577;2008003892;COTAS;906453.897235000000000;
202408;4577;2010001974;ACOES;1323111.180000000000000;
202408;4577;2010001974;COTAS;722588.816185000000000;
202408;4724;2013000618;COTAS;1856946.000000000000000;
202408;4577;2010001974;COTAS;241314.279753000000000;
202408;4577;9970000000;COTAS;95008.701208000000000;
202408;4683;2019000792;COTAS;52945282.909557000000000;
202408;4581;1999000919;COTAS;114503001.893048000000000;20726178000121
202408;4738;2013001347;COTAS;8464262.391544000000000;
202408;4683;2019000792;COTAS;1549336.118671000000000;29055966000108
202408;4707;2013000138;COTAS;4693904.534231000000000;
202408;4581;1999000919;COTAS;109450358.532365000000000;38452613000132
202408;4738;2013001347;VL_PG_RC;0.000000000000000;
202408;4707;2013000138;COTAS;147861.991140000000000;
202408;4724;2013000618;COTAS;17409994.421659000000000;37467600000174
202408;4724;2013000618;COTAS;30787898.596310000000000;41722175000190
202408;4581;1999000919;OPERACAO_PARTICIPANTE;27572304.190000000000000;
202408;4581;9970000000;COTAS;863338.045606000000000;41687175000104
202408;4738;2021002519;COTAS;9687.595305000000000;
202408;4581;9970000000;VL_PG_RC;-2617.370000000000000;
202408;4707;2013000138;COTAS;55752212.520586000000000;
202408;4738;2021002519;VL_PG_RC;0.000000000000000;
202408;4707;2013000138;COTAS;11479988.445191000000000;
202408;4594;9970000000;CAIXA;173764.240000000000000;
202408;4741;2013001738;COTAS;23857561.460000000000000;
202408;4741;2013001738;COTAS;131362360.773670000000000;
202408;4707;2013000138;COTAS;18591767.339637000000000;
202408;4741;2013001738;COTAS;140590551.286067000000000;39316965000123
202408;4707;2013000219;COTAS;5867380.667789000000000;
202408;4604;2010002083;CAIXA;7414.620000000000000;
202408;4741;2013001738;VL_PG_RC;-13564.040000000000000;
202408;4707;2013000219;COTAS;14799512.038205000000000;
202408;4604;2010002083;COTAS;864774.115382000000000;
202408;4707;2013000219;COTAS;25063466.527562000000000;
202408;4604;2010002083;COTAS;14458754.881635000000000;
202408;4707;2013000219;COTAS;17852601.546328000000000;
202408;4604;2010002083;COTAS;8904670.157159000000000;
202408;4741;9970000000;COTAS;5282895.219175000000000;
202408;4604;9970000000;COTAS;625615.494561000000000;
202408;4618;2009002474;CAIXA;416134.020000000000000;
202408;4707;2013002092;COTAS;23868936.636859000000000;
202408;4755;2014000311;CAIXA;214928.310000000000000;
202408;4707;2013002092;COTAS;8310315.655784000000000;
202408;4621;2010002318;VL_PG_RC;-1298.270000000000000;
202408;4707;2013002092;TIT_PUB;17777667.130000000000000;
202408;4707;2018001329;COTAS;1454699.457328000000000;
202408;4621;2010005392;CAIXA;97.500000000000000;
202408;4707;2018001892;COTAS;171198.239319000000000;
202408;4707;2018001892;COTAS;101812.886477000000000;
202408;4707;2018001892;COTAS;607793.009274000000000;
202408;4707;2018001892;COTAS;551650.869783000000000;
202408;4621;2010005392;OPERACAO_PARTICIPANTE;1968146.780000000000000;
202408;4707;2018001892;COTAS;506355.807022000000000;
202408;4707;2018001892;VL_PG_RC;-17721.440000000000000;
202408;4621;2011001765;CAIXA;197.000000000000000;
202408;4707;2019003856;COTAS;1501268.279367000000000;
202408;4649;9970000000;VL_PG_RC;0.000000000000000;
202408;4755;2014000311;COTAS;10371817.238392000000000;
202408;4707;2019003856;COTAS;734790.125122000000000;
202408;4707;2019003856;COTAS;26651.298779000000000;
202408;4652;9970000000;COTAS;1713530.849900000000000;
202408;4666;2011000629;COTAS;34906472.435237000000000;
202408;4707;2019003856;COTAS;753176.449959000000000;
202408;4755;2014000311;COTAS;971835.989542000000000;
202408;4707;2020000474;COTAS;140319.842525000000000;
202408;4755;2015001247;COTAS;497368.699782000000000;
202408;4666;2011000629;COTAS;4972868.041818000000000;
202408;4755;2015001247;COTAS;46664.911787000000000;
202408;4707;2020000474;COTAS;209915.727847000000000;
202408;4755;2015001247;VL_PG_RC;9.770000000000000;
202408;4707;2020002647;COTAS;427056.604463000000000;
202408;4666;2011000629;COTAS;19830171.379443000000000;
202408;4755;2020002574;CAIXA;1687.510000000000000;
202408;4707;2020002647;COTAS;108429.737413000000000;
202408;4666;2011000947;COTAS;266658.942109000000000;
202408;4755;2020002574;COTAS;38901.023208000000000;
202408;4707;2020002647;COTAS;7101.693614000000000;
202408;4666;2011000947;COTAS;5867168.173665000000000;
202408;4769;9970000000;CAIXA;850.890000000000000;
202408;4707;2022001265;COTAS;639331.791546000000000;
202408;4707;2022001265;COTAS;657681.097125000000000;
202408;4666;2011000947;COTAS;2232318.219801000000000;
202408;4769;9970000000;COTAS;3861620.393973000000000;
202408;4666;2021002756;COTAS;2080221.342794000000000;
202408;4683;1990001165;COTAS;12402530.511833000000000;
202408;4683;1990001165;COTAS;19496800.433653000000000;10377941000100
202408;4683;1990001165;VL_PG_RC;-1487219.650000000000000;
202408;4769;9970000000;COTAS;4361912.163410000000000;
202408;4724;2013000618;TIT_PUB;635505369.280000000000000;
202408;4683;2004002311;COTAS;13566180.912445000000000;
202408;4707;2022001265;VL_PG_RC;-5131.820000000000000;
202408;4786;2016000856;COTAS;3687626.000955000000000;
202408;4738;2013001347;COTAS;15389347.512470000000000;
202408;4711;2008001938;CAIXA;21855.660000000000000;
202408;4683;2004002311;COTAS;38741.137442000000000;29055966000108
202408;4738;9970000000;COTAS;2747255.049306000000000;
202408;4786;2019000611;COTAS;433040.717308000000000;
202408;4711;2008002047;VL_PG_RC;165.140000000000000;
202408;4683;2008000818;CAIXA;2731.670000000000000;
202408;4741;2013001738;COTAS;11332543.800000000000000;
202408;4786;9970000000;COTAS;351156.238033000000000;
202408;4711;2014000638;COTAS;12365789.858403000000000;46975866000119
202408;4741;2013001738;COTAS;21187550.580000000000000;
202408;4683;2008000818;COTAS;389932596.598370000000000;52226189000139
202408;4741;2013001738;COTAS;880484906.989197000000000;30322316000160
202408;4786;9970000000;COTAS;411340.781802000000000;
202408;4711;2014000638;VL_PG_RC;159.300000000000000;
202408;4683;2019000792;COTAS;49927.025246000000000;41287925000142
202408;4707;2013000138;CAIXA;33292.000000000000000;
202408;4711;2018000519;COTAS;8208218.689303000000000;46975834000113
202408;4741;2013001738;COTAS;154278622.930669000000000;37467376000110
202408;4791;2016001283;COTAS;2127030.690000000000000;
202408;4791;2016001283;COTAS;2568056.650001000000000;
202408;4755;2015001247;COTAS;61976.678548000000000;
202408;4791;2016001283;COTAS;1313812.980002000000000;
202408;4707;2013000138;COTAS;4290332.428530000000000;
202408;4711;2019003538;COTAS;1877323.074760000000000;46975866000119
202408;4711;2019003538;VL_PG_RC;165.140000000000000;
202408;4791;9970000000;COTAS;2037761.900002000000000;
202408;4707;2013000138;COTAS;18366767.283573000000000;
202408;4791;9970000000;COTAS;594729.180000000000000;
202408;4707;2013000138;COTAS;3420912.796026000000000;
202408;4707;2013000138;COTAS;11289289.996496000000000;
202408;4801;2016001518;COTAS;7450424.990003000000000;
202408;4801;9970000000;COTAS;23007.780025000000000;
202408;4707;2013000138;COTAS;32694768.663425000000000;
202408;4755;9970000000;CAIXA;503.910000000000000;
202408;4724;2013000618;COTAS;3235583.862800000000000;
202408;4813;2017000965;VL_PG_RC;0.000000000000000;
202408;4707;2013000219;CAIXA;29059.400000000000000;
202408;4755;9970000000;COTAS;4758402.380662000000000;
202408;4724;2013000618;COTAS;7887150.066837000000000;
202408;4769;2015000429;CAIXA;58.190000000000000;
202408;4707;2013000219;COTAS;7936450.974293000000000;
202408;4769;2015000429;COTAS;2123238.168198000000000;
202408;4724;2013000618;COTAS;17167203.826116000000000;
202408;4724;2013000618;COTAS;17064918.963145000000000;
202408;4827;2018002465;COTAS;1909824.001105000000000;
202408;4827;2018002465;COTAS;848581.720118000000000;
202408;4724;2013000618;COTAS;20315581.410266000000000;38098941000182
202408;4786;2016000856;COTAS;2491755.997519000000000;
202408;4707;2013000219;COTAS;18265504.744127000000000;
202408;4707;2013000219;COTAS;11932811.007752000000000;
202408;4707;2013000219;COTAS;61899274.759787000000000;
202408;4707;2013000219;OPERACAO_PARTICIPANTE;1086513.940000000000000;
202408;4786;2016000856;COTAS;1828050.000000000000000;
202408;4724;2013000618;COTAS;13983815.307296000000000;42922268000120
202408;4707;2013002092;COTAS;51664237.627816000000000;
202408;4827;2022002611;COTAS;352327.517694000000000;
202408;4786;2018001019;COTAS;29310.000001000000000;
202408;4786;2019000611;COTAS;24448.607577000000000;
202408;4827;9970000000;COTAS;50051.396544000000000;
202408;4831;1974000583;IMOVEIS;12390040.700000000000000;
202408;4724;2013000618;OPERACAO_PARTICIPANTE;10568505.310000000000000;
202408;4707;2013002092;COTAS;3840541.948889000000000;
202408;4786;9970000000;COTAS;4245.508421000000000;
202408;4791;2016001283;COTAS;9575128.680006000000000;
202408;4707;2013002092;COTAS;208102.064502000000000;
202408;4831;1981000283;COTAS;852642159.584391000000000;05134438000186
202408;4707;2013002092;COTAS;47289775.291387000000000;
202408;4831;1988002729;COTAS;5376983.806234000000000;
202408;4738;2013001347;COTAS;8833001.711600000000000;
202408;4707;2013002092;COTAS;63064898.294654000000000;
202408;4791;2016001283;COTAS;7198412.240196000000000;
202408;4831;1998006565;COTAS;472630.810318000000000;
202408;4738;2021002519;COTAS;11815.691120000000000;
202408;4707;2018001329;COTAS;3514116.417021000000000;
202408;4707;2018001329;COTAS;315978.476712000000000;
202408;4707;2018001329;COTAS;209357.063407000000000;
202408;4831;1998006565;COTAS;200180.488487000000000;
202408;4831;1998006565;COTAS;10983973.310078000000000;20468585000186
202408;4707;2018001329;COTAS;321876.175672000000000;
202408;4831;1998006565;COTAS;5408133.293954000000000;37452344000141
202408;4738;2021002519;COTAS;6957.892636000000000;
202408;4707;2018001329;COTAS;228349.701132000000000;
202408;4831;2019001829;COTAS;35237690.287285000000000;
202408;4738;9970000000;COTAS;158837.697716000000000;
202408;4831;2019001829;COTAS;52810443.010868000000000;42774842000140
202408;4741;2013001738;COTAS;220265729.178168000000000;
202408;4741;2013001738;COTAS;37574333.055299000000000;
202408;4707;2018001892;COTAS;4075653.290718000000000;
202408;4707;2019003856;COTAS;215070.981447000000000;
202408;4707;2019003856;COTAS;1504443.919824000000000;
202408;4707;2019003856;COTAS;796992.107967000000000;
202408;4707;2019003856;COTAS;577268.251580000000000;
202408;4741;2013001738;COTAS;34803750.956158000000000;
202408;4831;9970000000;COTAS;42859349.048004000000000;20468585000186
202408;4707;2020000474;COTAS;2315402.245770000000000;
202408;4741;2013001738;COTAS;81951696.050927000000000;
202408;4707;2020000474;COTAS;300954.127124000000000;
202408;4707;2020000474;COTAS;4839.179085000000000;
202408;4844;2019000547;COTAS;2302404.755583000000000;
202408;4707;2020002647;COTAS;461062.939200000000000;
202408;4707;2020002647;COTAS;601908.234248000000000;
202408;4707;2020002647;COTAS;209915.727847000000000;
202408;4707;2020002647;COTAS;32667.855439000000000;
202408;4844;2019000547;COTAS;6632136.646324000000000;
202408;4858;2018002211;COTAS;23420.100000000000000;
202408;4858;2018002211;COTAS;34721.091910000000000;
202408;4711;2008002047;CAIXA;17460.810000000000000;
202408;4861;9970000000;CAIXA;41349.130000000000000;
202408;4875;9970000000;COTAS;1137858.021353000000000;
202408;4711;2018000519;CAIXA;114597.170000000000000;
202408;4875;9970000000;TIT_PRIV;7368707.540000000000000;
202408;4892;2021000583;VL_PG_RC;0.000000000000000;
202408;4724;2013000383;COTAS;35536840.215769000000000;
202408;4791;2016001283;TIT_PUB;87198943.760000000000000;
202408;4724;2013000618;COTAS;24262219.800000000000000;
202408;4791;2020001047;VL_PG_RC;-0.380000000000000;
202408;4724;2013000618;VL_PG_RC;-111392.180000000000000;
202408;4724;9970000000;COTAS;96982823.091257000000000;
202408;4741;2013001738;TIT_PUB;684142029.900000000000000;
202408;4791;9970000000;COTAS;1026283.900001000000000;
202408;4755;2014000311;COTAS;1880663.399662000000000;
202408;4801;2016001518;COTAS;4642521.510042000000000;
202408;4755;2014000311;COTAS;18619.247782000000000;
202408;4801;2016001518;COTAS;3060878.869996000000000;
202408;4755;2014000311;COTAS;1131729.652228000000000;
202408;4813;2017000965;COTAS;3805813.793759000000000;
202408;4755;2015001247;COTAS;46311.639243000000000;
202408;4827;2022002611;VL_PG_RC;-1303.330000000000000;
202408;4827;9970000000;CAIXA;5084.790000000000000;
202408;4724;9970000000;TIT_PUB;32163664.090000000000000;
202408;4738;2013001347;COTAS;35151137.037343000000000;
202408;4831;1981000283;OPERACAO_PARTICIPANTE;10416808.229995803100000;
202408;4755;2015001247;COTAS;180621.303674000000000;
202408;4831;1998003647;IMOVEIS;13173409.640000000000000;
202408;4738;2013001347;TIT_PUB;34039169.490000000000000;
202408;4831;1998003647;OPERACAO_PARTICIPANTE;27842872.430585988100000;
202408;4738;9970000000;VL_PG_RC;0.000000000000000;
202408;4831;2005005274;COTAS;5190784.768383000000000;
202408;4741;2013001738;COTAS;156636980.048077000000000;
202408;4831;2019001829;COTAS;1242338.744573000000000;
202408;4755;2015001247;COTAS;43048.353261000000000;
202408;4831;2019001829;COTAS;14974197.754893000000000;
202408;4755;2020002574;COTAS;5192.335402000000000;
202408;4831;2019001829;COTAS;116400212.507015000000000;20468746000131
202408;4755;9970000000;COTAS;1955023.788420000000000;
202408;4755;9970000000;COTAS;1136090.221893000000000;
202408;4831;9970000000;CAIXA;158880.330000000000000;
202408;4755;9970000000;COTAS;1058177.997757000000000;
202408;4844;2019000547;COTAS;2312544.858125000000000;
202408;4769;2015000429;COTAS;1111673.261310000000000;
202408;4844;2019000547;COTAS;15799561.561334000000000;
202408;4769;2015000429;COTAS;8782014.282925000000000;
202408;4844;9970000000;COTAS;858072.354214000000000;
202408;4769;2015000429;COTAS;942578.619277000000000;
202408;4844;9970000000;COTAS;1100639.142009000000000;
202408;4861;2019000474;CAIXA;54895.020000000000000;
202408;4892;9970000000;CAIXA;0.000000000000000;
202408;4861;2019000474;COTAS;3512121.540044000000000;
202408;4861;2019000474;COTAS;239469.397330000000000;
202408;4741;2013001738;COTAS;146360940.436309000000000;37467427000104
202408;4741;9970000000;CAIXA;9285.490000000000000;
202408;4755;2014000311;COTAS;1082122.961942000000000;
202408;4755;2015001247;COTAS;242337.237494000000000;
202408;4875;2020002329;CAIXA;1388.630000000000000;
202408;4755;2015001247;COTAS;58588.672558000000000;
202408;4875;9970000000;COTAS;1884544.909707000000000;
202408;4755;2015001247;COTAS;54262.974519000000000;
202408;4892;2021000583;COTAS;9025186.210574000000000;
202408;4892;2021002829;COTAS;2104034.936007000000000;
202408;4755;2015001247;TIT_PUB;505974.150000000000000;
202408;4892;9970000000;COTAS;5155948.577941000000000;
202408;4755;2020002574;COTAS;58722.136263000000000;
202408;4947;1996003747;COTAS;3012000.000000000000000;
202408;4769;2015000429;TIT_PUB;44369337.880000000000000;
202408;4786;2016000856;COTAS;38254515.999998000000000;
202408;4755;9970000000;COTAS;2034993.932489000000000;
202408;4786;2016000856;COTAS;2237749.999999000000000;
202408;4947;1996003747;COTAS;38207426.139805000000000;55575357000190
202408;4755;9970000000;VL_PG_RC;7.110000000000000;
202408;4786;2018001019;COTAS;223821.000008000000000;
202408;4947;1996003747;VL_PG_RC;5100095.120000000000000;
202408;4769;2015000429;COTAS;3988007.431861000000000;
202408;4947;9970000000;COTAS;3342345.710342000000000;51761747000101
202408;4769;9970000000;COTAS;4690908.695409000000000;
202408;4769;9970000000;COTAS;4629933.003700000000000;
202408;4769;9970000000;VL_PG_RC;-1644.240000000000000;
202408;4786;2016000856;CAIXA;1869.010000000000000;
202408;4786;2016000856;COTAS;1327027.000379000000000;
202408;4786;2018001019;COTAS;57236.999967000000000;
202408;4786;2016000856;COTAS;1612356.999998000000000;
202408;4786;2019000611;COTAS;3102720.391900000000000;
202408;4786;2016000856;COTAS;2675881.999998000000000;
202408;4786;2019000611;COTAS;39710.986991000000000;
202408;4786;2016000856;COTAS;1875038.999758000000000;
202408;4786;9970000000;COTAS;402021.854568000000000;
202408;4786;2018001019;COTAS;38671.000012000000000;
202408;4791;2016001283;COTAS;2190817.200000000000000;
202408;4786;2018001019;COTAS;54242.000001000000000;
202408;4791;2016001283;COTAS;3811605.089999000000000;
202408;4786;2018001019;COTAS;30043.000000000000000;
202408;4791;2016001283;COTAS;2876930.690001000000000;
202408;4786;2019000611;COTAS;99103.461611000000000;
202408;4791;2016001283;COTAS;4088590.109999000000000;
202408;4786;2019000611;COTAS;138205.397170000000000;
202408;4786;2019000611;COTAS;60085.235653000000000;
202408;4786;9970000000;CAIXA;5363.950000000000000;
202408;4786;9970000000;COTAS;51012.016043000000000;
202408;4791;2016001283;COTAS;511980.000000000000000;
202408;4791;2016001283;COTAS;1910358.640000000000000;
202408;4791;2016001283;COTAS;2045908.590000000000000;
202408;4791;2016001283;COTAS;1372902.270000000000000;
202408;4791;9970000000;COTAS;792458.200002000000000;
202408;4791;2016001283;COTAS;2156856.059887000000000;
202408;4791;9970000000;VL_PG_RC;-3847.590000000000000;
202408;4791;2016001283;COTAS;4986869.530001000000000;
202408;4813;2017000965;COTAS;11031603.729871000000000;
202408;4791;2016001283;VL_PG_RC;-5958.360000000000000;
202408;4813;2017000965;COTAS;5450857.886347000000000;
202408;4791;9970000000;CAIXA;5025.130000000000000;
202408;4791;9970000000;COTAS;4305512.570001000000000;
202408;4813;9970000000;VL_PG_RC;0.000000000000000;
202408;4801;2016001518;COTAS;28879460.394573000000000;
202408;4801;2016001518;COTAS;19017321.769999000000000;
202408;4827;2018002465;CAIXA;43995.440000000000000;
202408;4801;2016001518;COTAS;811459.470005000000000;
202408;4827;2018002465;COTAS;4086172.916602000000000;
202408;4801;2016001518;COTAS;3934804.770001000000000;
202408;4827;2018002465;COTAS;468702.756269000000000;
202408;4801;2016001518;COTAS;5361206.869999000000000;
202408;4827;2018002465;COTAS;779241.294467000000000;
202408;4813;2017000965;CAIXA;0.000000000000000;
202408;4827;2018002465;COTAS;3469507.038786000000000;
202408;4813;9970000000;CAIXA;100.000000000000000;
202408;4827;2018002465;COTAS;1765847.571019000000000;
202408;4947;9970000000;COTAS;4404344.894343000000000;51763468000179
202408;4827;9970000000;COTAS;1192077.944405000000000;
202408;4827;2019003465;CAIXA;6830.400000000000000;
202408;4827;2019003465;COTAS;3819941.621613000000000;
202408;4831;1974000583;COTAS;566868159.759425000000000;09606154000104
202408;4831;1981000283;COTAS;-373579.901177000000000;
202408;4827;2022002611;CAIXA;7866.570000000000000;
202408;4831;1981000283;COTAS;320262.516000000000000;
202408;4831;1981000283;COTAS;26754813.194121000000000;
202408;4831;1981000283;COTAS;11844296.240000000000000;
202408;4831;1981000283;IMOVEIS;10872839.360000000000000;
202408;4831;1981000283;VL_PG_RC;17269208.640000000000000;
202408;4831;1988002729;COTAS;112978011.826732000000000;05058237000147
202408;4831;1988002729;OPERACAO_PARTICIPANTE;452323.350000000000000;
202408;4831;1988002729;VL_PG_RC;3916117.960000000000000;
202408;4831;1998003647;COTAS;2966417.994154000000000;
202408;4831;1998003647;CAIXA;44940.520000000000000;
202408;4831;1998003647;COTAS;10078582.761059000000000;
202408;4831;1998003647;COTAS;81329944.244100000000000;42774842000140
202408;4831;1998003647;COTAS;97974460.675529000000000;20468746000131
202408;4831;1998006565;COTAS;232707.128204000000000;
202408;4831;1998003647;COTAS;13852767.688340000000000;37452344000141
202408;4831;1998003647;VL_PG_RC;70376.910000000000000;
202408;4831;1998006565;OPERACAO_PARTICIPANTE;884110.130000000000000;
202408;4831;2005005274;COTAS;381295.094275000000000;
202408;4831;2005005274;COTAS;186523.229837000000000;
202408;4831;2005005274;OPERACAO_PARTICIPANTE;3594857.130165955100000;
202408;4831;2019001829;CAIXA;442130.320000000000000;
202408;4831;2005005274;COTAS;3276638.201632000000000;20468746000131
202408;4831;2005005274;VL_PG_RC;-3483.760000000000000;
202408;4831;2019001829;VL_PG_RC;12470.740000000000000;
202408;4831;2019001829;COTAS;365656.169584000000000;
202408;4844;2019000547;COTAS;3221231.851092000000000;
202408;4844;2019000547;COTAS;1243576.361599000000000;
202408;4844;2019000547;COTAS;5917668.822498000000000;
202408;4844;9970000000;COTAS;371380.934370000000000;
202408;4844;2019000547;COTAS;7162489.414098000000000;
202408;4861;2019000474;COTAS;7153484.543410000000000;
202408;4844;2019000547;COTAS;4731839.422104000000000;
202408;4875;2020002329;COTAS;1434677.369532000000000;
202408;4875;9970000000;CAIXA;12085.590000000000000;
202408;4844;2019000547;COTAS;3626398.888403000000000;
202408;4947;1996003747;COTAS;154385420.345366000000000;51869529000187
202408;4844;9970000000;COTAS;1153080.700671000000000;
202408;4947;1996003747;OPERACAO_PARTICIPANTE;73897636.327950693200000;
202408;4858;2018002211;TERMO;45844.420000000000000;
202408;4858;9970000000;VL_PG_RC;-200.840000000000000;
202408;4861;2019000474;COTAS;30882529.850197000000000;
202408;4861;2019000474;VL_PG_RC;-74.860000000000000;
202408;4889;9970000000;CAIXA;456796.300000000000000;
202408;4892;9970000000;COTAS;5552681.056344000000000;
202408;4947;1996003747;CAIXA;2979.110000000000000;
202408;4947;1996003747;COTAS;205941292.238783000000000;
202408;4947;9970000000;COTAS;1023311.440885000000000;51527264000139
202408;4947;9970000000;CAIXA;3265.460000000000000;
202408;4131;2017000647;OPERACAO_PARTICIPANTE;98322959.378190917600000;
202408;4176;2004002883;COTAS;351854634.117183000000000;17759357000150
202408;4176;9970000000;COTAS;1029971.916822000000000;13401162000183
202408;4181;2004000147;IMOVEIS;462665.000000000000000;
202408;4181;2004000147;OPERACAO_PARTICIPANTE;24897050.287486000000000;
202408;4203;2000001319;COTAS;8664727.259887000000000;46171916000105
202408;4203;2000002838;ACOES;456578.440000000000000;
202408;4203;2000002838;COTAS;98059936.925687000000000;40189032000100
202408;4203;2000002838;VL_PG_RC;35661427.850000000000000;
202408;4203;2000006574;TIT_PRIV;327078856.450000000000000;
202408;4203;2004000929;OPERACAO_PARTICIPANTE;123821.510000980100000;
202408;4203;9970000000;COTAS;15871469.709422000000000;
202408;4203;9970000000;COTAS;480769469.029671000000000;37332601000101
202408;4217;9970000000;CAIXA;6347.480000000000000;
202408;4217;9970000000;COTAS;511749.055165000000000;11435287000107
202408;4221;2005000892;COTAS;4437699.755160000000000;
202408;4221;2005000892;COTAS;1089538.785059000000000;
202408;4221;2005000892;COTAS;2424408.331495000000000;
202408;4221;2006004247;COTAS;3125070.888543000000000;
202408;4221;2006004247;COTAS;969163.340412000000000;
202408;4221;2006004247;COTAS;2644433.390119000000000;
202408;4221;2012001629;COTAS;5332882.655537000000000;
202408;4221;2012001629;VL_PG_RC;-32885.430000000000000;
202408;4221;2012001874;COTAS;17787561.271558000000000;
202408;4221;2012001874;COTAS;1732187.746047000000000;
202408;4221;2012001874;VL_PG_RC;-122285.360000000000000;
202408;4221;2015001883;COTAS;272999.589331000000000;
202408;4221;9970000000;COTAS;570909.670006000000000;
202408;4234;2004002956;CAIXA;189283.680000000000000;
202408;4234;2004002956;VL_PG_RC;-1096104.680000000000000;
202408;4248;2000001718;VL_PG_RC;-5623.700000000000000;
202408;4248;2009000838;COTAS;74711916.202387000000000;18936232000111
202408;4248;2009000838;COTAS;66887405.459669000000000;20726061000148
202408;4248;2011001919;COTAS;130191810.515047000000000;
202408;4248;2011001919;COTAS;716682119.936851000000000;18936232000111
202408;4248;2011001919;COTAS;696240414.324203000000000;20726061000148
202408;4248;2014001847;OPERACAO_PARTICIPANTE;368845.130000000000000;
202408;4248;2020001683;COTAS;2421913.928805000000000;19602288000100
202408;4248;2020001683;COTAS;9003303.765044000000000;20726076000106
202408;4248;2020001683;COTAS;4281351.393868000000000;20726130000113
202408;4248;2020001683;COTAS;1818147.713827000000000;26978182000163
202408;4248;2020001683;COTAS;1667809.071738000000000;28206291000198
202408;4248;2020001683;COTAS;3096209.862006000000000;36617679000100
202408;4248;9970000000;VL_PG_RC;-4152.210000000000000;
202408;4279;2004002711;COTAS;10598536.350944000000000;53507965000131
202408;4279;2004002711;TIT_PRIV;105608523.830000000000000;
202408;4279;2016001992;COTAS;1683498.429642000000000;
202408;4279;2018000111;VL_PG_RC;12310.460000000000000;
202408;4282;2004003065;COTAS;3246297.090004000000000;
202408;4282;2004003065;COTAS;2225218.350000000000000;
202408;4282;9970000000;CAIXA;203038.360000000000000;
202408;4311;9970000000;CAIXA;44964.510000000000000;
202408;4385;9970000000;CAIXA;149.780000000000000;
202408;4409;9970000000;CAIXA;10065.150000000000000;
202408;4409;9970000000;COTAS;1085620.500034000000000;
202408;4412;2006001329;COTAS;3362830.709923000000000;
202408;4412;9970000000;COTAS;6558418.821510000000000;
202408;4426;2007002329;ALUGUEL;19385450.570000000000000;
202408;4426;2007002329;CAIXA;222193.760000000000000;
202408;4426;2007002329;VL_PG_RC;-297016.290000000000000;
202408;4443;1982002018;COTAS;448520880.411433000000000;12580631000106
202408;4443;1982002018;OPERACAO_PARTICIPANTE;3991535.570007748900000;
202408;4443;1988000947;IMOVEIS;10088.000000000000000;
202408;4443;1998002292;TIT_PRIV;110250.980000000000000;
202408;4443;2006007165;OPERACAO_PARTICIPANTE;6786499.710139006100000;
202408;4461;2006005065;VL_PG_RC;0.000000000000000;
202408;4461;9970000000;COTAS;646987.490001000000000;
202408;4461;9970000000;COTAS;71611.100000000000000;
202408;4501;2007002183;COTAS;13452598.139999000000000;19366069000161
202408;4501;2007002183;VL_PG_RC;0.000000000000000;
202408;4515;9970000000;CAIXA;470714.040000000000000;
202408;4515;9970000000;VL_PG_RC;0.000000000000000;
202408;4529;2008002365;CAIXA;19419.620000000000000;
202408;4529;2008002365;COTAS;8516792.066629000000000;
202408;4529;2008002365;COTAS;5124068.966135000000000;
202408;4529;2008002365;COTAS;5088456.727014000000000;
202408;4529;2008002365;COTAS;1034982.810080000000000;
202408;4529;9970000000;COTAS;535786.660027000000000;
202408;4532;2008004856;CAIXA;59212.100000000000000;
202408;4532;2008004856;COTAS;20796646.193084000000000;
202408;4532;2008004856;COTAS;3805173.387161000000000;
202408;4546;2009000919;COTAS;3682768.783717000000000;
202408;4546;2009000919;TIT_PRIV;20156164.960000000000000;
202408;4577;2008003892;COTAS;263451.303071000000000;
202408;4577;2010001974;COTAS;255353.259603000000000;
202408;4577;2010001974;COTAS;118782.515963000000000;
202408;4577;2010001974;COTAS;504886.727110000000000;
202408;4581;1999000919;COTAS;249568805.322018000000000;41837660000109
202408;4581;1999000919;COTAS;124929622.318399000000000;41901871000163
202408;4581;9970000000;COTAS;724626.212308000000000;41837660000109
202408;4594;1989001629;VL_PG_RC;0.000000000000000;
202408;4594;2009003683;COTAS;565006947.543127000000000;29045652000124
202408;4604;2010002083;TIT_PUB;24055792.180000000000000;
202408;4618;2009002474;VL_PG_RC;-127038.770000000000000;
202408;4618;9970000000;CAIXA;30048.390000000000000;
202408;4621;2010002318;OPERACAO_PARTICIPANTE;20349.650000000000000;
202408;4621;2010005392;COTAS;169644252.049947000000000;37821719000101
202408;4621;2011001765;OPERACAO_PARTICIPANTE;769311.120000000000000;
202408;4621;2022002083;COTAS;426663.570000000000000;49169277000131
202408;4621;2022002083;OPERACAO_PARTICIPANTE;0.000000000000000;
202408;4649;2010003756;COTAS;153206491.115460000000000;50424405000125
202408;4652;2010004574;COTAS;87402999.890005000000000;49465951000125
202408;4652;2019001438;COTAS;730434.829995000000000;49465951000125
202408;4652;9970000000;CAIXA;2988.550000000000000;
202408;4652;9970000000;VL_PG_RC;0.000000000000000;
202408;4666;2011000629;COTAS;2747578.883798000000000;
202408;4666;2011000629;COTAS;2373607.566298000000000;
202408;4666;2011000629;COTAS;8266190.125226000000000;
202408;4666;2011000629;COTAS;6430441.263090000000000;
202408;4666;2011000947;COTAS;937690.326662000000000;
202408;4666;2011000947;COTAS;7586724.130393000000000;
202408;4666;2011000947;COTAS;2593970.580264000000000;
202408;4666;2011000947;COTAS;4238070.088111000000000;
202408;4666;2021002756;CAIXA;7176.300000000000000;
202408;4666;2021002756;COTAS;419535.221366000000000;
202408;4666;2021002756;COTAS;1046107.641823000000000;
202408;4666;9970000000;VL_PG_RC;-491.930000000000000;
202408;4683;1990001165;CAIXA;31499020.340000000000000;
202408;4683;1990001165;COTAS;402462659.147214000000000;29055966000108
202408;4683;1990001165;COTAS;376308921.340613000000000;41287925000142
202408;4683;2008000818;COTAS;22522558.870798000000000;
202408;4683;2008000818;COTAS;30401410.767957000000000;
202408;4683;2022001338;COTAS;4474321.471647000000000;
202408;4707;2013000138;COTAS;1149086.359856000000000;
202408;4707;2013000138;COTAS;28129389.272424000000000;
202408;4707;2013000138;COTAS;15734559.716267000000000;
202408;4707;2013000138;COTAS;4371777.470569000000000;
202408;4707;2013000138;COTAS;31509514.150314000000000;
202408;4707;2013000138;COTAS;12133657.463785000000000;
202408;4707;2013000138;VL_PG_RC;-652266.760000000000000;
202408;4707;2013000219;COTAS;19765200.149846000000000;
202408;4707;2013000219;COTAS;9518733.038135000000000;
202408;4707;2013000219;COTAS;46661077.584331000000000;
202408;4707;2013000219;COTAS;10119878.377952000000000;
202408;4707;2013000219;VL_PG_RC;-803759.180000000000000;
202408;4707;2013002092;CAIXA;37507.410000000000000;
202408;4707;2013002092;COTAS;6403243.050000000000000;
202408;4707;2013002092;COTAS;5984728.294968000000000;
202408;4707;2013002092;COTAS;12257088.501383000000000;
202408;4707;2013002092;COTAS;86583057.643640000000000;
202408;4707;2018001329;COTAS;41848.448919000000000;
202408;4707;2018001329;COTAS;51313.696353000000000;
202408;4707;2018001329;COTAS;2121008.193032000000000;
202408;4707;2018001329;COTAS;515708.262675000000000;
202408;4707;2018001892;COTAS;150875.495974000000000;
202408;4707;2018001892;COTAS;3921014.687391000000000;
202408;4707;2018001892;COTAS;2791122.369293000000000;
202408;4707;2018001892;COTAS;332541.716966000000000;
202408;4707;2018001892;COTAS;163062.350999000000000;
202408;4707;2019003856;COTAS;515708.262675000000000;
202408;4707;2019003856;COTAS;51913.996568000000000;
202408;4707;2020000474;COTAS;89919.515963000000000;
202408;4707;2020000474;COTAS;437087.323721000000000;
202408;4707;2022001265;COTAS;677145.362267000000000;
202408;4711;2008001938;VL_PG_RC;398.350000000000000;
202408;4711;2008002047;COTAS;241971417.348677000000000;26324274000120
202408;4711;2014000638;CAIXA;12006.250000000000000;
202408;4711;2019003538;COTAS;5445346.951661000000000;46975834000113
202408;4724;2013000383;COTAS;269896957.200000000000000;
202408;4724;2013000383;COTAS;20535362.640000000000000;
202408;4724;2013000383;COTAS;198690600.196505000000000;
202408;4724;2013000383;OPERACAO_PARTICIPANTE;165709548.493833485100000;
202408;4724;2013000383;TIT_PUB;6311340534.310000000000000;
202408;4738;2013001347;COTAS;165251.930999000000000;
202408;4738;2013001347;COTAS;35856844.805895000000000;
202408;4738;2021002519;CAIXA;249.990000000000000;
202408;4738;9970000000;COTAS;2872261.357745000000000;
202408;4741;2013001738;COTAS;22228485.500000000000000;
202408;4741;2013001738;COTAS;68839387.527429000000000;
202408;4741;9970000000;COTAS;15254682.158248000000000;
202408;4755;2014000311;COTAS;15616824.114785000000000;
202408;4755;2014000311;COTAS;2245514.601522000000000;
202408;4755;2015001247;COTAS;270997.566265000000000;
202408;4755;2015001247;COTAS;42209.803480000000000;
202408;4755;2015001247;COTAS;271659.297062000000000;
202408;4755;2015001247;COTAS;65854.149565000000000;
202408;4755;2020002574;COTAS;28493.315238000000000;
202408;4755;2020002574;COTAS;72940.087760000000000;
202408;4755;9970000000;COTAS;52530.879451000000000;
202408;4755;9970000000;COTAS;61082.769792000000000;
202408;4769;2015000429;COTAS;533773.100953000000000;
202408;4769;2015000429;COTAS;1718691.202941000000000;
202408;4769;2015000429;COTAS;781508.305051000000000;
202408;4769;2015000429;COTAS;3782016.011828000000000;
202408;4769;2021001083;COTAS;2120.380067000000000;
202408;4769;2021001083;COTAS;10733.047894000000000;
202408;4769;2021001083;VL_PG_RC;-0.210000000000000;
202408;4786;2016000856;COTAS;1405417.000001000000000;
202408;4786;2016000856;COTAS;50245855.954099000000000;
202408;4786;2016000856;COTAS;1001421.000000000000000;
202408;4786;2016000856;VL_PG_RC;-4061.010000000000000;
202408;4786;2019000611;COTAS;60326.073556000000000;
202408;4786;2019000611;COTAS;104873.539084000000000;
202408;4791;2016001283;COTAS;246779.640000000000000;
202408;4791;2016001283;COTAS;3051653.949998000000000;
202408;4791;2020001047;CAIXA;0.000000000000000;
202408;4791;2020001047;COTAS;112758.579998000000000;
202408;4791;9970000000;COTAS;1422876.400003000000000;
202408;4791;9970000000;COTAS;292194.430000000000000;
202408;4801;2016001518;COTAS;42430342.140001000000000;
202408;4801;2016001518;COTAS;32020941.730011000000000;
202408;4801;2016001518;COTAS;4279907.070001000000000;
202408;4801;9970000000;COTAS;370300.320019000000000;
202408;4813;2017000965;COTAS;1837327.763206000000000;
202408;4813;2017000965;COTAS;20831231.425460000000000;
202408;4813;9970000000;COTAS;2240981.673003000000000;
202408;4827;2018002465;COTAS;852170.298184000000000;
202408;4827;2018002465;VL_PG_RC;-29853.260000000000000;
202408;4827;2019003465;VL_PG_RC;-4180.470000000000000;
202408;4831;1988002729;CAIXA;58781.010000000000000;
202408;4831;1998003647;COTAS;12886491.446157000000000;
202408;4831;1998003647;COTAS;337143991.291812000000000;20468585000186
202408;4831;1998003647;COTAS;88096686.572179000000000;42774871000102
202408;4831;2005005274;COTAS;4336502.024090000000000;37452344000141
202408;4831;2019001829;COTAS;1588380.247066000000000;
202408;4831;2019001829;COTAS;6653511.471617000000000;
202408;4831;2019001829;COTAS;502312223.842835000000000;20468585000186
202408;4831;9970000000;COTAS;13918875.836353000000000;15435379000130
202408;4844;2019000547;COTAS;2483434.631000000000000;
202408;4844;2019000547;COTAS;4361571.819606000000000;
202408;4858;2018002211;CAIXA;603.490000000000000;
202408;4858;2018002211;VL_PG_RC;-47785.220000000000000;
202408;4858;9970000000;CAIXA;18054.710000000000000;
202408;4861;9970000000;COTAS;1559092.766357000000000;
202408;4875;2020002329;COTAS;6609688.263966000000000;
202408;4875;9970000000;TIT_PUB;15279169.280000000000000;
202408;4889;9970000000;VL_PG_RC;0.000000000000000;
202408;4892;9970000000;COTAS;8556173.424174000000000;
202408;4892;9970000000;VL_PG_RC;0.000000000000000;
202408;4947;1996003747;COTAS;96185851.570916000000000;
202408;4947;1996003747;COTAS;87529290.618782000000000;
202408;4947;1996003747;COTAS;207536502.808320000000000;51763468000179
202408;4947;9970000000;VL_PG_RC;-7789.130000000000000;
