202401;14;1980000883;ACOES;4735.020000000000000;
202401;14;1980000883;CAIXA;23278.790000000000000;
202401;14;1980000883;COTAS;3166775.128552000000000;
202401;14;1980000883;COTAS;3424544.538829000000000;
202401;14;1980000883;COTAS;8186264.784301000000000;
202401;14;1980000883;COTAS;6286860.345216000000000;
202401;14;1980000883;COTAS;2694648.824044000000000;
202401;14;1980000883;COTAS;5167742.270917000000000;
202401;14;1980000883;COTAS;48421.455867000000000;
202401;14;1980000883;COTAS;2417460.651689000000000;
202401;14;1980000883;COTAS;13242299.007408000000000;
202401;14;1980000883;COTAS;7554001.675645000000000;03100345000105
202401;14;1980000883;COTAS;1775542.053680000000000;
202401;14;1980000883;COTAS;4540608.968917000000000;
202401;14;1980000883;COTAS;4946252.662526000000000;
202401;14;1980000883;COTAS;8099142.992071000000000;
202401;14;1980000883;COTAS;5567702.186031000000000;
202401;14;1980000883;COTAS;2959482.618192000000000;
202401;14;1980000883;COTAS;1978391.236226000000000;
202401;14;1980000883;COTAS;2842463.713537000000000;
202401;14;1980000883;COTAS;3990359.116794000000000;
202401;14;1980000883;COTAS;4012481.701746000000000;
202401;14;1980000883;COTAS;3478307.379376000000000;
202401;14;1980000883;COTAS;4546531.582324000000000;
202401;14;1992000174;COTAS;59389704.659241000000000;
202401;14;1980000883;COTAS;7541819.002251000000000;
202401;14;1980000883;COTAS;3892078.070372000000000;
202401;14;1980000883;COTAS;1575890.917355000000000;
202401;14;1992000174;COTAS;3556844.990223000000000;
202401;14;1980000883;COTAS;5759049.923998000000000;
202401;14;1980000883;COTAS;7939658.148993000000000;00836258000122
202401;14;1980000883;OPERACAO_PARTICIPANTE;171259.610000000000000;
202401;14;1980000883;COTAS;15909534.263942000000000;37037999000153
202401;14;1980000883;VL_PG_RC;-38626.370000000000000;
202401;14;1992000174;CAIXA;24119.690000000000000;
202401;14;1980000883;COTAS;1026799.423592000000000;
202401;14;1980000883;COTAS;1318715.238049000000000;
202401;14;1992000174;COTAS;25904686.204485000000000;
202401;14;1980000883;IMOVEIS;15640434.770000000000000;
202401;14;1980000883;COTAS;21695963.312534000000000;04875086000157
202401;14;1980000883;COTAS;1626841.254557000000000;05290139000130
202401;14;1992000174;COTAS;144568.276151000000000;
202401;14;1992000174;COTAS;5810456.238940000000000;
202401;14;1980000883;COTAS;3154887.689425000000000;
202401;14;2008001083;COTAS;1756891.018279000000000;
202401;14;1992000174;COTAS;4231725.327585000000000;
202401;14;1992000174;COTAS;10821256.579430000000000;
202401;14;2008001083;COTAS;9008638.619148000000000;
202401;14;1992000174;ACOES;11483.170000000000000;
202401;14;1992000174;COTAS;11700258.050052000000000;
202401;14;1980000883;COTAS;1756846.982546000000000;
202401;14;1992000174;COTAS;6148356.271720000000000;
202401;14;2008001083;VL_PG_RC;0.000000000000000;
202401;14;1992000174;COTAS;5814341.378207000000000;
202401;14;1992000174;COTAS;9360429.240539000000000;
202401;14;1992000174;COTAS;5618025.285888000000000;
202401;14;1992000174;COTAS;113340658.203410000000000;04875086000157
202401;14;1992000174;COTAS;1732909.786247000000000;
202401;14;1992000174;COTAS;9383729.535972000000000;
202401;14;1992000174;COTAS;8268235.129179000000000;
202401;14;1980000883;TIT_PRIV;1466366.530000000000000;
202401;14;1992000174;TIT_PRIV;4410925.420000000000000;
202401;14;1992000174;COTAS;7603304.977647000000000;
202401;14;1992000174;COTAS;28791707.804530000000000;
202401;14;2008001083;COTAS;19837089.285912000000000;
202401;14;1992000174;COTAS;3165363.907473000000000;
202401;14;2008001083;COTAS;1180897.324342000000000;
202401;14;1992000174;COTAS;82646621.624646000000000;03100345000105
202401;14;2008001083;COTAS;972757.538104000000000;
202401;14;9970000000;COTAS;786629.297236000000000;
202401;14;9970000000;COTAS;624514.953647000000000;
202401;14;1992000174;IMOVEIS;65524250.110000000000000;
202401;14;9970000000;COTAS;710617.796553000000000;
202401;14;1992000174;COTAS;1713573.094019000000000;
202401;14;1992000174;COTAS;2173665.929812000000000;
202401;14;2008001083;COTAS;657450.054250000000000;
202401;14;1992000174;COTAS;139448345.260691000000000;00836258000122
202401;14;2008001083;COTAS;1775789.745519000000000;
202401;14;2008001083;COTAS;2006408.961766000000000;
202401;14;1992000174;COTAS;17091764.647691000000000;05290139000130
202401;14;1992000174;COTAS;4757834.164043000000000;
202401;31;1988003156;COTAS;200883565.678785000000000;
202401;14;1992000174;COTAS;925483.894999000000000;
202401;14;9970000000;CAIXA;22298.780000000000000;
202401;14;2008001083;COTAS;18173929.514230000000000;
202401;14;2008001083;COTAS;1391786.787283000000000;
202401;14;9970000000;COTAS;591847.351267000000000;
202401;14;9970000000;COTAS;1165770.129537000000000;
202401;14;2008001083;COTAS;1057953.788895000000000;
202401;59;1982000783;COTAS;3669.161474000000000;
202401;14;9970000000;COTAS;958493.780688000000000;
202401;14;9970000000;COTAS;658083.101673000000000;
202401;14;1992000174;OPERACAO_PARTICIPANTE;2902237.700257398700000;
202401;14;2008001083;COTAS;801203.965045000000000;
202401;14;9970000000;COTAS;1112925.674484000000000;
202401;14;9970000000;COTAS;4669353.647574000000000;37037999000153
202401;14;2008001083;COTAS;1014862.202072000000000;
202401;14;9970000000;VL_PG_RC;0.000000000000000;
202401;14;1992000174;COTAS;3503442.452865000000000;
202401;14;2008001083;COTAS;867017.540609000000000;
202401;31;1988003156;COTAS;14886619.231257000000000;
202401;31;1988003156;CAIXA;4636898.350000000000000;
202401;14;1992000174;COTAS;90917359.185930000000000;37037999000153
202401;31;1988003156;COTAS;411454.709209000000000;
202401;31;1988003156;COTAS;71900743.216007000000000;
202401;14;1992000174;VL_PG_RC;-142693.980000000000000;
202401;14;2008001083;COTAS;3338772.618791000000000;37037999000153
202401;31;1988003156;COTAS;2840364.916804000000000;
202401;14;9970000000;COTAS;342266.474542000000000;
202401;14;9970000000;COTAS;1332240.925151000000000;
202401;31;9970000000;VL_PG_RC;0.000000000000000;
202401;31;1988003156;COTAS;71914253.791452000000000;
202401;31;1988003156;COTAS;96091902.652631000000000;
202401;14;9970000000;COTAS;124054.340058000000000;04875086000157
202401;14;9970000000;COTAS;5926509.132243000000000;00836258000122
202401;14;2008001083;COTAS;1743788.324692000000000;
202401;59;1982000783;COTAS;259925.980379000000000;
202401;14;9970000000;COTAS;1320252.375386000000000;05290139000130
202401;31;9970000000;COTAS;1921947.239461000000000;
202401;59;1982000783;OPERACAO_PARTICIPANTE;537909.650000000000000;
202401;31;1988003156;COTAS;109836.568064000000000;
202401;31;1988003156;COTAS;8968217.706857000000000;
202401;45;1999002474;VL_PG_RC;41379.900000000000000;
202401;59;1982001811;CAIXA;1469.210000000000000;
202401;31;1988003156;COTAS;8009840.355047000000000;
202401;59;1982000783;COTAS;-206857.739413000000000;
202401;45;1999002474;COTAS;72744238.098438000000000;
202401;59;1982001811;COTAS;-30782.200761000000000;
202401;14;2008001083;COTAS;81213.248990000000000;
202401;31;1988003156;COTAS;19575952.538768000000000;
202401;45;1999002474;COTAS;123413415.089994000000000;04644580000100
202401;31;1988003156;COTAS;21569694.129342000000000;
202401;59;1982000783;CAIXA;2084.990000000000000;
202401;31;9970000000;CAIXA;310163.890000000000000;
202401;14;2008001083;COTAS;1975375.607009000000000;
202401;45;1999002474;IMOVEIS;2936740.210000000000000;
202401;14;9970000000;COTAS;1060900.563441000000000;
202401;31;1988003156;COTAS;13839466.220355000000000;
202401;59;2000008119;COTAS;65271574.200000000000000;
202401;59;1982001811;COTAS;25992.599155000000000;
202401;14;2008001083;COTAS;1916099.973106000000000;
202401;59;1982000783;COTAS;209431.192934000000000;
202401;59;2000008119;TIT_PRIV;138827824.660000000000000;
202401;14;9970000000;COTAS;1168894.509874000000000;
202401;59;2000008119;COTAS;839604.000000000000000;
202401;14;9970000000;COTAS;2608331.683320000000000;
202401;59;1982000783;COTAS;-1236.446791000000000;
202401;14;9970000000;COTAS;121450.935025000000000;03100345000105
202401;59;1982001811;COTAS;232.139021000000000;
202401;31;1988003156;COTAS;5362026.911799000000000;
202401;59;1982000783;COTAS;708436.670951000000000;
202401;59;1982000783;COTAS;8312.065457000000000;
202401;59;2000008119;COTAS;32473059.080000000000000;
202401;14;9970000000;COTAS;1563668.963892000000000;
202401;59;1982000783;COTAS;4743447.898741000000000;
202401;59;1982000783;TIT_PRIV;874028.680000000000000;
202401;59;2000008119;ACOES;146905441.000000000000000;
202401;59;1982001811;COTAS;-185.467019000000000;
202401;59;1982001811;COTAS;45002.592219000000000;
202401;59;2000008119;COTAS;40309.796738000000000;
202401;59;9970000000;COTAS;1306.350776000000000;
202401;59;1982001811;COTAS;525.884291000000000;
202401;31;1988003156;COTAS;29117214.381978000000000;
202401;59;2000008119;COTAS;1788239.489609000000000;
202401;59;2000008119;COTAS;3009069.982147000000000;
202401;31;1988003156;COTAS;17976322.416590000000000;
202401;59;1982001811;COTAS;677635.414106000000000;
202401;31;1988003156;TIT_PUB;98872398.350000000000000;
202401;59;2000008119;COTAS;74038766.777738000000000;
202401;81;1998001229;COTAS;192989.732018000000000;
202401;59;1982000783;TIT_PUB;90482557.980000000000000;
202401;59;2012000819;COTAS;2153036.949420000000000;
202401;59;2000008119;COTAS;94062570.684278000000000;
202401;31;1988003156;COTAS;589825.313430000000000;
202401;81;1998001229;COTAS;488282.320860000000000;
202401;59;2012000819;TIT_PRIV;1409499.170000000000000;
202401;31;1988003156;COTAS;24501058.933446000000000;
202401;59;1982001811;COTAS;70843.670835000000000;
202401;59;2000008119;COTAS;38007426.150693000000000;
202401;59;9970000000;COTAS;33585021.171894000000000;
202401;59;1982001811;COTAS;29733.561768000000000;
202401;59;2000008119;COTAS;78310189.241120000000000;
202401;81;1998001229;COTAS;18790555.358862000000000;
202401;31;1988003156;COTAS;5807468.708523000000000;
202401;59;2000008119;COTAS;111696844.450005000000000;
202401;59;2000008119;COTAS;28073068.994604000000000;
202401;81;1998001229;COTAS;16270968.809966000000000;
202401;59;2000008119;VL_PG_RC;18731553.320000000000000;
202401;59;1982001811;COTAS;514150.336090000000000;
202401;59;1982001811;VL_PG_RC;-8289.420000000000000;
202401;81;1998001229;COTAS;84021.234371000000000;
202401;31;1988003156;COTAS;373391.704923000000000;
202401;59;2012000819;COTAS;12561088.996738000000000;
202401;59;1982001811;COTAS;14097.259399000000000;05362674000150
202401;81;1998001229;COTAS;17631594.421203000000000;
202401;31;1988003156;COTAS;55117662.288441000000000;42888224000121
202401;59;1982001811;TIT_PRIV;404770.480000000000000;
202401;81;1998001229;COTAS;16473306.811206000000000;
202401;81;1998001229;COTAS;12317803.242718000000000;
202401;59;2000008119;COTAS;8002610.691797000000000;05362674000150
202401;81;1998001229;COTAS;5191263.480708000000000;
202401;59;2000008119;COTAS;91317.231712000000000;
202401;59;2000008119;COTAS;2033366.191194000000000;
202401;81;1998001229;OPERACAO_PARTICIPANTE;27709511.459400114100000;
202401;59;2000008119;COTAS;87556744.175635000000000;
202401;45;9970000000;CAIXA;10993.370000000000000;
202401;59;2000008119;COTAS;5615708.888640000000000;
202401;59;2000008119;OPERACAO_PARTICIPANTE;65582791.870000000000000;
202401;31;1988003156;VL_PG_RC;-67219.540000000000000;
202401;59;2000008119;COTAS;156657277.786118000000000;
202401;59;2012000819;VL_PG_RC;-5846.170000000000000;
202401;59;9970000000;CAIXA;3776.570000000000000;
202401;45;9970000000;COTAS;2352900.477127000000000;
202401;81;1998001229;COTAS;179040055.045374000000000;49051587000157
202401;81;1998001229;COTAS;14155412.832045000000000;
202401;59;1982000783;COTAS;1692942.557380000000000;
202401;59;2000008119;TIT_PUB;2380584699.730000000000000;
202401;81;2017000256;COTAS;863584.054307000000000;
202401;59;1982000783;VL_PG_RC;1031156.140000000000000;
202401;59;2012000819;COTAS;115731.203819000000000;
202401;81;1998001229;COTAS;14691892.533219000000000;
202401;81;1998001229;COTAS;9264088.088520000000000;
202401;81;2017000256;COTAS;784378.260928000000000;
202401;59;1982001811;TIT_PUB;14899377.430000000000000;
202401;81;1998001229;COTAS;5278530.249813000000000;
202401;81;1998001229;COTAS;9435146.358659000000000;
202401;81;2017000256;COTAS;885970.246894000000000;
202401;81;1998001229;COTAS;6094537.436660000000000;
202401;59;2012000819;CAIXA;1455.820000000000000;
202401;45;1999002474;CAIXA;23071.000000000000000;
202401;81;1998001229;COTAS;18595866.480974000000000;
202401;81;2017000256;COTAS;43639027.081774000000000;49051587000157
202401;93;1979002592;COTAS;255068.444012000000000;39379846000110
202401;81;1998001229;COTAS;10169852.242342000000000;
202401;93;1994000619;COTAS;28890353.816255000000000;39379846000110
202401;81;1998001229;IMOVEIS;43750775.970000000000000;
202401;59;2012000819;COTAS;116346.633508000000000;
202401;81;1998001229;COTAS;21455518.417192000000000;
202401;81;2017000256;CAIXA;3682.750000000000000;
202401;81;2017000256;VL_PG_RC;-10309.900000000000000;
202401;45;1999002474;COTAS;51138736.130002000000000;03567283000146
202401;93;1987000129;COTAS;33924300.755075000000000;12124223000140
202401;59;2000008119;CAIXA;13780.450000000000000;
202401;93;1979002592;COTAS;243914.971654000000000;39488674000112
202401;59;2012000819;COTAS;142312.990707000000000;
202401;93;1994000619;OPERACAO_PARTICIPANTE;133709634.170000000000000;
202401;45;9970000000;VL_PG_RC;0.000000000000000;
202401;93;1979002592;CAIXA;104.220000000000000;
202401;93;1996002856;VL_PG_RC;-11717.040000000000000;
202401;59;9970000000;COTAS;2959.388155000000000;
202401;59;2000008119;COTAS;-9728082.177856000000000;
202401;93;1996002929;COTAS;212918141.435362000000000;12124223000140
202401;93;1979002592;IMOVEIS;510429.530000000000000;
202401;81;1998001229;COTAS;12147109.458118000000000;
202401;93;1996002929;OPERACAO_PARTICIPANTE;20945964.650000000000000;
202401;59;1982000783;COTAS;1830189.567480000000000;
202401;93;1987000129;COTAS;7237125.545355000000000;27347280000165
202401;81;1998001229;COTAS;10445098.085605000000000;
202401;93;2000002374;COTAS;2828694197.176349000000000;05971921000115
202401;81;1998001229;ACOES;115017281.770000000000000;
202401;93;1987000129;COTAS;525864126.379023000000000;04682496000181
202401;93;1987000129;OPERACAO_PARTICIPANTE;2060092.400000000000000;
202401;93;1996002856;COTAS;835852.960466000000000;39488674000112
202401;93;1987000129;COTAS;8489797.051938000000000;39379846000110
202401;59;1982000783;COTAS;528848.334127000000000;
202401;59;2000008119;COTAS;7028419.946451000000000;
202401;81;1998001229;COTAS;5131176.524013000000000;
202401;93;1987000129;COTAS;8281248.388972000000000;39503903000120
202401;93;1994000619;COTAS;3953318.000000000000000;
202401;93;1994000619;COTAS;28180673.247512000000000;39503903000120
202401;59;2000008119;COTAS;4223520.415784000000000;
202401;93;2005003956;VL_PG_RC;-2582.930000000000000;
202401;81;1998001229;COTAS;6041424.068445000000000;
202401;59;1982000783;COTAS;450025.909310000000000;
202401;93;2015001719;VL_PG_RC;-16023.080000000000000;
202401;93;1994000619;COTAS;23250257.792476000000000;
202401;93;1996002929;CAIXA;112228.850000000000000;
202401;93;2000002374;CAIXA;2721.880000000000000;
202401;59;1982000783;COTAS;101900.494196000000000;05362674000150
202401;81;1998001229;COTAS;7745661.486094000000000;
202401;93;1996002856;IMOVEIS;218131.300000000000000;
202401;59;1982001811;COTAS;402396.929847000000000;
202401;81;1998001229;VL_PG_RC;36538247.040000000000000;
202401;93;2021002365;COTAS;5455578.090330000000000;12124223000140
202401;93;1996002929;COTAS;27709585.130430000000000;39503903000120
202401;93;2000002692;COTAS;46433055.513610000000000;12124223000140
202401;59;2000008119;COTAS;181827703.395058000000000;
202401;93;2015001638;VL_PG_RC;-15572.520000000000000;
202401;93;2000002692;COTAS;19240511.647581000000000;27347280000165
202401;59;2000008119;COTAS;170285114.536914000000000;
202401;93;2021002365;COTAS;76536020.638583000000000;19550171000112
202401;59;1982001811;COTAS;52884.833413000000000;
202401;93;1979002592;COTAS;22130124.247619000000000;19550171000112
202401;59;2012000819;COTAS;167005.167106000000000;
202401;93;2021002365;COTAS;4222439.575880000000000;39379846000110
202401;93;1996002929;COTAS;1164950514.488950000000000;19549859000182
202401;93;1987000129;CAIXA;6623.630000000000000;
202401;59;9970000000;TIT_PRIV;16840231.700000000000000;
202401;93;2015001719;COTAS;1192052.149148000000000;39488674000112
202401;59;1982001811;OPERACAO_PARTICIPANTE;79082.120000000000000;
202401;81;1998001229;COTAS;8344592.413474000000000;
202401;93;2021002365;COTAS;2098.249733000000000;
202401;81;1998001229;COTAS;4702182.912534000000000;
202401;93;1996002929;VL_PG_RC;-25912.390000000000000;
202401;93;2000002692;OPERACAO_PARTICIPANTE;4884043.640000000000000;
202401;93;9970000000;VL_PG_RC;-3194.050000000000000;
202401;93;1994000619;CAIXA;508350.800000000000000;
202401;93;2021002365;OPERACAO_PARTICIPANTE;11847351.550000000000000;
202401;93;2015001565;VL_PG_RC;-25714.010000000000000;
202401;59;2000008119;COTAS;-78021.883580000000000;
202401;93;1994000619;COTAS;4743679.000000000000000;
202401;81;1998001229;COTAS;6491593.902324000000000;
202401;81;1998001229;COTAS;10673692.057036000000000;
202401;59;2000008119;COTAS;8362349.263735000000000;
202401;59;2000008119;IMOVEIS;115157892.640000000000000;
202401;81;1998001229;COTAS;9265921.608835000000000;
202401;117;1979004765;COTAS;4231475.774491000000000;
202401;81;1998001229;COTAS;145599081.539788000000000;19531929000175
202401;59;2012000819;COTAS;6718212.819490000000000;
202401;81;1998001229;COTAS;9251928.289395000000000;
202401;93;2000002692;COTAS;6268897.159612000000000;39488674000112
202401;93;2015001719;COTAS;40647385.081095000000000;23029058000163
202401;59;9970000000;COTAS;32912848.904037000000000;
202401;117;1979004765;COTAS;2872030.434859000000000;
202401;117;2009001338;ACOES;3578090.960000000000000;
202401;59;9970000000;VL_PG_RC;0.000000000000000;
202401;93;2005003956;COTAS;3828857.109039000000000;12124223000140
202401;117;2009001338;COTAS;182416605.637311000000000;
202401;93;2005003956;OPERACAO_PARTICIPANTE;869405.770000000000000;
202401;117;1979004765;COTAS;28535892.950000000000000;
202401;117;2009001338;COTAS;1159192.206005000000000;
202401;81;1998001229;CAIXA;13818.430000000000000;
202401;81;1998001229;TIT_PUB;1351917213.650000000000000;
202401;81;1998001229;COTAS;6632860.115330000000000;
202401;93;1996002856;COTAS;82546990.664076000000000;19549886000155
202401;93;2015001565;COTAS;83015868.234138000000000;23029058000163
202401;81;1998001229;COTAS;12728852.453805000000000;
202401;93;1996002929;COTAS;49156004.502098000000000;03211696000193
202401;81;1998001229;COTAS;4930081.142901000000000;
202401;81;2017000256;COTAS;818541.374335000000000;
202401;93;2021002365;COTAS;1358039.895220000000000;
202401;117;2009001338;COTAS;2115737.887246000000000;
202401;93;2015001638;CAIXA;103.470000000000000;
202401;93;1979002592;VL_PG_RC;-2775.550000000000000;
202401;117;1979004765;COTAS;20869823.453061000000000;
202401;81;1998001229;COTAS;2833920.341313000000000;
202401;93;1987000129;COTAS;15142.160267000000000;
202401;93;1996002929;COTAS;27165221.083496000000000;39488674000112
202401;81;1998001229;COTAS;17324021.812814000000000;
202401;93;2015001638;COTAS;8475339.372612000000000;12124223000140
202401;93;1996002929;IMOVEIS;3849339.170000000000000;
202401;81;1998001229;COTAS;5041307.432503000000000;
202401;81;2017000256;COTAS;10335531.039682000000000;19531929000175
202401;93;2015001638;COTAS;1605830.522765000000000;39503903000120
202401;93;2021002365;COTAS;357771013.137972000000000;27347280000165
202401;81;9970000000;COTAS;20031598.835391000000000;49051587000157
202401;81;2017000256;OPERACAO_PARTICIPANTE;561932.740000000000000;
202401;117;2009001338;COTAS;1914710.840173000000000;
202401;93;2015001719;CAIXA;101.090000000000000;
202401;117;1979004765;COTAS;2205558.494908000000000;
202401;93;1979002592;COTAS;2460988.220783000000000;12124223000140
202401;93;2000002374;OPERACAO_PARTICIPANTE;11528351.320000000000000;
202401;117;2013002165;COTAS;22277161.650000000000000;
202401;93;1994000619;COTAS;364176066.272523000000000;12124223000140
202401;117;1979004765;COTAS;122573684.973463000000000;14097654000190
202401;93;2000002692;COTAS;678653746.581392000000000;10786641000177
202401;81;9970000000;CAIXA;4674.170000000000000;
202401;93;1994000619;COTAS;27627054.489476000000000;39488674000112
202401;117;2009001338;COTAS;3221657.309762000000000;
202401;93;2021002365;VL_PG_RC;-11293.580000000000000;
202401;93;1979002592;COTAS;248802.795249000000000;39503903000120
202401;93;2000002692;VL_PG_RC;-16680.530000000000000;
202401;81;9970000000;VL_PG_RC;-5744.270000000000000;
202401;117;2013002165;COTAS;21737820.939119000000000;
202401;117;2009001338;COTAS;1102779.247453000000000;
202401;93;2006007556;VL_PG_RC;-1252731.400000000000000;
202401;93;1979002592;OPERACAO_PARTICIPANTE;90915.580000000000000;
202401;93;1994000619;IMOVEIS;27708572.020000000000000;
202401;117;2013002165;COTAS;4959634.584521000000000;
202401;117;2009001338;COTAS;1254899.869873000000000;
202401;93;1987000129;COTAS;8118560.522627000000000;39488674000112
202401;93;1987000129;VL_PG_RC;-12132.880000000000000;
202401;93;1996002856;COTAS;852602.610741000000000;39503903000120
202401;117;2013002165;COTAS;3308337.742362000000000;
202401;117;2009001338;VL_PG_RC;38043.570000000000000;
202401;93;9970000000;COTAS;32157038.740142000000000;12124223000140
202401;117;2013002165;ACOES;55011849.250000000000000;
202401;93;1996002856;OPERACAO_PARTICIPANTE;168523.360000000000000;
202401;93;9970000000;COTAS;8526026.184141000000000;39503903000120
202401;93;1994000619;COTAS;7217085915.390677000000000;10786628000118
202401;117;2013002165;COTAS;6347213.661737000000000;
202401;93;2015001565;COTAS;1924464.202653000000000;39488674000112
202401;93;2000002374;VL_PG_RC;-131497.190000000000000;
202401;93;2021002365;COTAS;4037803.380063000000000;39488674000112
202401;117;2013002165;COTAS;3829350.029544000000000;
202401;93;2000002692;COTAS;34480.820000000000000;
202401;117;2013002238;COTAS;12.506627000000000;
202401;93;1996002856;CAIXA;104.380000000000000;
202401;117;2013002238;COTAS;44487393.762852000000000;
202401;93;1994000619;VL_PG_RC;-155606.350000000000000;
202401;93;2015001638;COTAS;1646270.544340000000000;39379846000110
202401;93;9970000000;COTAS;77902316.594632000000000;27347280000165
202401;117;2013002238;COTAS;76424824.088249000000000;
202401;93;2000002692;COTAS;6394519.657289000000000;39503903000120
202401;117;2013002238;COTAS;22324430.194274000000000;
202401;117;2013002238;COTAS;16677436.721099000000000;
202401;117;1979004765;COTAS;4254845.468501000000000;
202401;117;2013002238;TIT_PRIV;268269725.450000000000000;
202401;93;2021002365;COTAS;187704.000000000000000;
202401;93;9970000000;COTAS;8740739.137704000000000;39379846000110
202401;93;1996002856;COTAS;874073.917704000000000;39379846000110
202401;93;2021002365;COTAS;182768678.623034000000000;10786628000118
202401;117;2013002238;COTAS;10830698.451272000000000;
202401;93;9970000000;COTAS;8358529.567046000000000;39488674000112
202401;93;1996002856;COTAS;18008652.750014000000000;12124223000140
202401;117;1979004765;ACOES;78755853.390000000000000;
202401;117;2013002238;COTAS;15170705.879149000000000;
202401;93;2000002374;COTAS;94323954.495051000000000;17490583000189
202401;93;9970000000;TIT_PUB;142186092.290000000000000;
202401;117;1979004765;COTAS;4253431.912179000000000;
202401;117;1979004765;COTAS;3967722.025354000000000;
202401;93;2005003956;COTAS;142193.690460000000000;27347280000165
202401;117;1979004765;COTAS;26.780450000000000;
202401;117;1979004765;COTAS;2953826.850275000000000;
202401;93;2005003956;COTAS;417926.473964000000000;39488674000112
202401;93;1996002929;COTAS;6152074.425000000000000;
202401;117;1979004765;COTAS;11236.573203000000000;
202401;117;2009001338;COTAS;2494146.458589000000000;
202401;117;2018002147;ACOES;44632937.100000000000000;
202401;93;2005003956;COTAS;426301.318159000000000;39503903000120
202401;93;2000002692;COTAS;6555554.350000000000000;39379846000110
202401;117;2009001338;OPERACAO_PARTICIPANTE;13040997.020061069500000;
202401;117;2013002238;COTAS;30180211.114093000000000;
202401;117;2018002147;COTAS;5827540.500000000000000;
202401;93;2006007556;COTAS;12807749049.117628000000000;08399811000119
202401;93;1996002929;COTAS;28407402.174593000000000;39379846000110
202401;117;1979004765;COTAS;3764699.609618000000000;
202401;117;2018002147;COTAS;2318384.412014000000000;
202401;93;2005003956;COTAS;437036.952296000000000;39379846000110
202401;117;1979004765;COTAS;10228432.500000000000000;
202401;93;2005003956;TIT_PUB;11666281.220000000000000;
202401;93;2000002692;CAIXA;133646.310000000000000;
202401;117;2009001338;COTAS;3536293.500000000000000;
202401;117;2009001338;TIT_PUB;125359891.260000000000000;
202401;117;1979004765;COTAS;21341593.645351000000000;
202401;93;2005003956;CAIXA;4991.280000000000000;
202401;117;2009001338;COTAS;5494921.888055000000000;
202401;117;1979004765;COTAS;3477576.618020000000000;
202401;93;2015001565;COTAS;621935.212992000000000;12124223000140
202401;117;2013002238;OPERACAO_PARTICIPANTE;13281114.189718716600000;
202401;117;1979004765;COTAS;20712764.817234000000000;
202401;93;2006007556;OPERACAO_PARTICIPANTE;73500304.490000000000000;
202401;117;2018002147;COTAS;2509799.739746000000000;
202401;117;2009001338;COTAS;984608.950144000000000;
202401;117;9970000000;COTAS;71527.500000000000000;
202401;93;2015001565;COTAS;1963028.544598000000000;39503903000120
202401;117;9970000000;TIT_PUB;16835350.880000000000000;
202401;117;2013002165;COTAS;6077679.327254000000000;
202401;117;2013002165;COTAS;6380147.868268000000000;
202401;117;2013002165;COTAS;25857543.870221000000000;
202401;121;9970000000;CAIXA;943.160000000000000;
202401;117;2009001338;COTAS;2126715.956089000000000;
202401;93;2015001638;COTAS;48602030.530756000000000;23029058000163
202401;117;2018002147;VL_PG_RC;18734979.760000000000000;
202401;117;2013002165;IMOVEIS;46249890.480000000000000;
202401;93;2006007556;CAIXA;255239.560000000000000;
202401;93;2015001565;CAIXA;101.840000000000000;
202401;117;2013002165;VL_PG_RC;23179997.870000000000000;
202401;117;2013002165;OPERACAO_PARTICIPANTE;5713796.630132328900000;
202401;117;2013002165;TIT_PUB;563267833.850000000000000;
202401;117;2013002165;COTAS;5019599.479491000000000;
202401;117;2021001474;COTAS;1607524.632066000000000;
202401;93;2015001719;COTAS;1246560.989706000000000;39379846000110
202401;117;2013002238;COTAS;14723.930325000000000;
202401;134;1986000818;COTAS;610352.900000000000000;
202401;117;2013002238;CAIXA;44864.530000000000000;
202401;93;2015001565;COTAS;2012463.958316000000000;39379846000110
202401;134;1986000818;COTAS;31675306.600001000000000;
202401;117;2013002238;COTAS;5240.721784000000000;
202401;117;9970000000;CAIXA;7018.500000000000000;
202401;117;2013002238;COTAS;10432729.854063000000000;
202401;117;2013002238;COTAS;8927284.821190000000000;
202401;121;1998003711;CAIXA;2593.370000000000000;
202401;151;1980000956;TIT_PUB;1236374492.580000000000000;
202401;93;2015001638;COTAS;1574283.438611000000000;39488674000112
202401;93;2015001719;COTAS;10460856.168329000000000;12124223000140
202401;93;2021002365;COTAS;9770319.266810000000000;23029058000163
202401;121;1998003711;COTAS;346235032.590039000000000;04738236000180
202401;93;2015001719;COTAS;1215939.690519000000000;39503903000120
202401;117;2018002147;COTAS;15.282637000000000;
202401;93;2021002365;COTAS;4118716.932625000000000;39503903000120
202401;134;1986000818;COTAS;10032044.710001000000000;
202401;93;2015001719;OPERACAO_PARTICIPANTE;681.640000000000000;
202401;151;1996004174;COTAS;934491.225573000000000;
202401;117;2018002147;COTAS;12074849.033492000000000;
202401;134;1986000818;COTAS;32768861.620000000000000;
202401;117;2013002238;COTAS;2731050.000000000000000;
202401;151;1996004174;VL_PG_RC;860387.780000000000000;
202401;93;9970000000;COTAS;6931223.506878000000000;
202401;117;2013002238;COTAS;17017502.115459000000000;
202401;165;1979001911;CAIXA;57083.540000000000000;
202401;117;2018002147;COTAS;32789169.108940000000000;
202401;134;1986000818;COTAS;138419127.340407000000000;19831152000164
202401;93;2021002365;CAIXA;701.010000000000000;
202401;117;2018002147;COTAS;3335487.344213000000000;
202401;151;1980000956;CAIXA;223003.160000000000000;
202401;117;1979004765;COTAS;13879649.050125000000000;
202401;117;2013002238;COTAS;14810165.210720000000000;
202401;93;2021002365;COTAS;285505.000000000000000;
202401;151;1996004174;COTAS;4321117.695833000000000;
202401;117;1979004765;COTAS;49867837.609001000000000;
202401;93;9970000000;CAIXA;31434.980000000000000;
202401;117;1979004765;COTAS;31480.950959000000000;
202401;117;2018002147;COTAS;12625775.414535000000000;
202401;117;2018002147;TIT_PUB;350885603.450000000000000;
202401;117;1979004765;CAIXA;387860.670000000000000;
202401;117;1979004765;COTAS;4447316.458968000000000;
202401;117;2023000238;COTAS;4564367.378488000000000;
202401;151;1996004174;TIT_PRIV;9994214.310000000000000;
202401;117;1979004765;COTAS;2736392.451164000000000;
202401;117;2013002238;IMOVEIS;32289711.830000000000000;
202401;165;1979001911;COTAS;3863754.840106000000000;
202401;182;1967000174;COTAS;1573277.370961000000000;
202401;117;2009001338;COTAS;689265.000000000000000;
202401;117;9970000000;ACOES;161354.600000000000000;
202401;117;1979004765;TIT_PRIV;147250721.780000000000000;
202401;117;2009001338;COTAS;1825267.876572000000000;
202401;117;2013002238;TIT_PUB;663692020.670000000000000;
202401;182;1967000174;OPERACAO_PARTICIPANTE;108609449.580000000000000;
202401;165;9970000000;CAIXA;22566.970000000000000;
202401;117;1979004765;VL_PG_RC;32793051.030000000000000;
202401;182;2010001419;COTAS;1831058.697128000000000;
202401;182;1967000174;COTAS;3648304340.847586000000000;04320223000197
202401;117;2009001338;COTAS;2975809.466186000000000;
202401;182;2010001419;COTAS;1975083255.750779000000000;52356027000115
202401;117;2013002238;COTAS;900142036.023624000000000;20391155000103
202401;117;1979004765;COTAS;4862143.462016000000000;
202401;117;2009001338;COTAS;3913865.459771000000000;
202401;117;2018002147;CAIXA;13667.610000000000000;
202401;182;1967000174;TIT_PRIV;16569662.550000000000000;
202401;117;2009001338;TIT_PRIV;38368945.970000000000000;
202401;117;2013002165;COTAS;21717.526729000000000;
202401;182;2023000629;TIT_PRIV;791545.640000000000000;
202401;117;2018002147;COTAS;17950.703117000000000;
202401;117;2013002165;COTAS;3938435.800420000000000;
202401;182;9970000000;CAIXA;43760.340000000000000;
202401;117;2018002147;COTAS;11578655.651052000000000;
202401;117;2018002147;COTAS;991984.347852000000000;
202401;117;1979004765;COTAS;4667909.501459000000000;
202401;206;1988000874;COTAS;23481409.317402000000000;
202401;117;2018002147;COTAS;16290748.500000000000000;
202401;182;2010001419;COTAS;5069755.057960000000000;
202401;117;1979004765;IMOVEIS;69053408.370000000000000;
202401;117;2018002147;COTAS;6404.229899000000000;
202401;182;2010001419;COTAS;60875562.896004000000000;
202401;117;2018002147;COTAS;3500932.126686000000000;
202401;206;1988000874;VL_PG_RC;-187188.740000000000000;
202401;117;1979004765;OPERACAO_PARTICIPANTE;4491240.679872288100000;
202401;182;2010001419;COTAS;15954350.974434000000000;
202401;121;1986000265;COTAS;571834248.120006000000000;02561152000199
202401;206;2010005538;COTAS;75384623.534962000000000;
202401;117;2013002238;COTAS;43229049.900000000000000;
202401;121;9970000000;COTAS;3759374.235843000000000;
202401;117;2018002147;COTAS;3173606.830869000000000;
202401;117;2013002238;COTAS;6616675.484725000000000;
202401;182;2010001419;COTAS;10855628.195886000000000;
202401;117;2018002147;COTAS;3655105.844716000000000;
202401;117;1979004765;TIT_PUB;527349751.670000000000000;
202401;206;2010005538;VL_PG_RC;-317705.640000000000000;
202401;117;2013002165;COTAS;18.470776000000000;
202401;117;2009001338;CAIXA;21828.300000000000000;
202401;121;1998003711;VL_PG_RC;-10161.770000000000000;
202401;117;2013002165;COTAS;6774304.500000000000000;
202401;117;2018002147;COTAS;2205558.494908000000000;
202401;134;1986000818;COTAS;6143196.429618000000000;
202401;134;1986000818;COTAS;5662830.640001000000000;
202401;117;2013002165;COTAS;17691057.888345000000000;
202401;117;2018002147;COTAS;128088423.293064000000000;14097654000190
202401;182;2010001419;TIT_PRIV;4552182.870000000000000;
202401;117;2009001338;COTAS;765.233545000000000;
202401;117;2013002165;COTAS;4636768.824029000000000;
202401;206;4002060047;COTAS;4721733.187813000000000;
202401;117;2013002238;COTAS;15955670.506880000000000;
202401;134;1986000818;COTAS;23974706.489999000000000;
202401;206;9970000000;CAIXA;14768.320000000000000;
202401;117;2018002147;COTAS;3191134.101375000000000;
202401;117;2009001338;COTAS;14661093.247089000000000;
202401;117;2013002165;COTAS;44561924.682679000000000;
202401;182;2023000629;VL_PG_RC;-539.310000000000000;
202401;134;1986000818;COTAS;5276018.429115000000000;
202401;117;2013002165;COTAS;16536835.343585000000000;
202401;182;9970000000;IMOVEIS;1970132.500000000000000;
202401;117;2018002147;IMOVEIS;37348010.320000000000000;
202401;134;9970000000;CAIXA;40008.770000000000000;
202401;117;2013002165;COTAS;123428927.956965000000000;03211632000192
202401;117;2013002165;TIT_PRIV;203069325.430000000000000;
202401;196;1999004183;COTAS;5739036.316279000000000;
202401;117;2009001338;COTAS;2333954.749545000000000;
202401;211;1996005138;ACOES;104479209.780000000000000;
202401;117;2018002147;TIT_PRIV;94892425.170000000000000;
202401;196;9970000000;COTAS;1071187.718127000000000;
202401;117;2009001338;COTAS;2127422.734251000000000;
202401;134;9970000000;COTAS;2508239.120006000000000;
202401;211;1996005138;COTAS;11071209.730870000000000;
202401;117;2023000238;CAIXA;10526.730000000000000;
202401;117;2009001338;COTAS;2223658.229475000000000;
202401;134;1986000818;COTAS;15289338.230422000000000;
202401;211;1996005138;COTAS;54510779.283768000000000;
202401;117;9970000000;COTAS;1962014.983592000000000;
202401;206;1988000874;COTAS;8091957.039237000000000;
202401;117;9970000000;COTAS;2883564.115259000000000;
202401;117;2013002165;CAIXA;7279.510000000000000;
202401;117;9970000000;COTAS;4285590.198972000000000;
202401;134;1986000818;COTAS;151339410.290027000000000;20934274000165
202401;117;2013002238;COTAS;15950369.670742000000000;
202401;117;2013002165;COTAS;7727.843108000000000;
202401;117;9970000000;COTAS;996877.069506000000000;
202401;211;1996005138;COTAS;32770862.137150000000000;
202401;134;1986000818;COTAS;195208177.479955000000000;21186519000186
202401;211;1996005138;COTAS;19407759.839158000000000;
202401;117;9970000000;TIT_PRIV;18748437.240000000000000;
202401;151;1996004174;COTAS;34018422.656533000000000;
202401;117;2013002165;COTAS;5834886.876232000000000;
202401;211;1996005138;COTAS;12341211.921732000000000;
202401;121;1986000265;VL_PG_RC;11929033.360000000000000;
202401;117;2013002238;COTAS;5743989.219038000000000;
202401;117;9970000000;COTAS;1921331.248350000000000;
202401;121;9970000000;VL_PG_RC;-389055.390000000000000;
202401;117;2018002147;COTAS;3190073.934206000000000;
202401;206;1988000874;COTAS;108652129.850868000000000;
202401;117;2013002165;COTAS;6382268.202752000000000;
202401;134;1986000818;COTAS;15095608.661570000000000;
202401;117;2013002165;COTAS;6670974.688443000000000;
202401;117;2013002238;ACOES;41953318.330000000000000;
202401;117;9970000000;VL_PG_RC;-2065.780000000000000;
202401;134;1986000818;COTAS;5602545.690039000000000;
202401;117;2013002238;COTAS;31338510.290425000000000;
202401;121;1998003711;OPERACAO_PARTICIPANTE;4932486.951234290600000;
202401;134;1986000818;COTAS;212124696.560007000000000;
202401;117;2013002238;COTAS;11294098.828700000000000;
202401;211;1996005138;IMOVEIS;70560090.000000000000000;
202401;206;1988000874;COTAS;12978266.681387000000000;
202401;134;1986000818;COTAS;12199648.989999000000000;
202401;117;2013002238;VL_PG_RC;16177222.340000000000000;
202401;211;1996005219;COTAS;18819.648364000000000;
202401;206;2010005538;COTAS;229873567.869040000000000;
202401;134;1986000818;COTAS;12616768.210000000000000;
202401;117;2018002147;COTAS;14233772.943160000000000;
202401;117;2018002147;COTAS;2872030.434859000000000;
202401;211;1996005219;COTAS;4082330.294086000000000;
202401;151;1996004174;COTAS;73599423.205573000000000;
202401;134;1986000818;COTAS;224083.300000000000000;
202401;134;1986000818;COTAS;10423924.280001000000000;
202401;211;1996005219;COTAS;3351510.397277000000000;
202401;134;1986000818;COTAS;18209625.935788000000000;
202401;134;1986000818;COTAS;23039064.540000000000000;
202401;151;1996004174;COTAS;4809356.309222000000000;
202401;206;4002060047;COTAS;3961150.753249000000000;
202401;151;1996004174;COTAS;1829748.905463000000000;
202401;134;1986000818;COTAS;13753834.550000000000000;
202401;211;1996005138;CAIXA;133799.580000000000000;
202401;134;1986000818;COTAS;13897208.510000000000000;
202401;117;2021001474;VL_PG_RC;-538.240000000000000;
202401;117;2018002147;COTAS;2953826.850275000000000;
202401;134;1986000818;COTAS;524722819.369999000000000;18059047000196
202401;134;9970000000;COTAS;2072395.677855000000000;
202401;151;1996004174;COTAS;164496522.982140000000000;
202401;211;1996005219;OPERACAO_PARTICIPANTE;6506716.699804878600000;
202401;211;1996005138;COTAS;874024.478012000000000;
202401;117;2018002147;OPERACAO_PARTICIPANTE;4419527.880136355600000;
202401;211;1997002329;COTAS;36024.854441000000000;
202401;134;1986000818;COTAS;104770258.820000000000000;31533242000174
202401;117;2021001474;CAIXA;10152.860000000000000;
202401;151;1996004174;COTAS;307560818.243812000000000;
202401;134;1986000818;COTAS;20603352.139923000000000;
202401;117;2023000238;VL_PG_RC;-1.580000000000000;
202401;151;1996004174;CAIXA;191642.670000000000000;
202401;151;1996004174;TIT_PUB;255747249.030000000000000;
202401;211;1996005219;COTAS;3636937.699087000000000;
202401;151;1996004174;COTAS;113628697.837417000000000;
202401;151;1996004174;COTAS;38005419.744415000000000;
202401;165;1979001911;COTAS;7909388.470226000000000;
202401;211;1996005219;TIT_PRIV;13379374.730000000000000;
202401;151;1996004174;COTAS;18226182.987358000000000;
202401;117;9970000000;COTAS;1016390.000000000000000;
202401;165;1979001911;TIT_PRIV;2180.930000000000000;
202401;211;1997002329;COTAS;12348.437772000000000;
202401;134;1986000818;COTAS;7605993.340000000000000;
202401;151;1996004174;COTAS;1599882.771618000000000;
202401;117;9970000000;COTAS;86141501.758092000000000;
202401;211;9970000000;ACOES;553884.000000000000000;
202401;223;1980000492;ALUGUEL;32806614.980000000000000;
202401;121;1986000265;CAIXA;9453.590000000000000;
202401;211;9970000000;VL_PG_RC;-1875.870000000000000;
202401;223;1980000492;COTAS;2717540.760000000000000;
202401;151;1996004174;COTAS;3537661.418067000000000;
202401;134;1986000818;COTAS;73392414.640000000000000;46171893000139
202401;165;9970000000;COTAS;84631.903438000000000;
202401;165;9970000000;VL_PG_RC;0.000000000000000;
202401;151;1996004174;COTAS;26282924.504150000000000;
202401;223;1980000492;COTAS;356267.020392000000000;
202401;151;1996004174;COTAS;13271273.024898000000000;
202401;223;1980000492;COTAS;72591165.943163000000000;
202401;165;1979001911;COTAS;133291063.438470000000000;04899182000135
202401;134;1986000818;VL_PG_RC;-978022.970000000000000;
202401;151;9970000000;COTAS;1583906.474544000000000;
202401;182;1967000174;TIT_PUB;11177227.080000000000000;
202401;165;1979001911;IMOVEIS;12950000.000000000000000;
202401;134;9970000000;VL_PG_RC;-181280.230000000000000;
202401;165;9970000000;COTAS;1757616.078576000000000;
202401;151;9970000000;VL_PG_RC;398244.240000000000000;
202401;151;1996004174;COTAS;22450802.582032000000000;
202401;182;1967000174;CAIXA;775521.100000000000000;
202401;121;1986000265;IMOVEIS;44870000.000000000000000;
202401;165;1979001911;COTAS;894140.695718000000000;
202401;182;2010001419;VL_PG_RC;1336344.980000000000000;
202401;223;2002004838;COTAS;6253401.450000000000000;
202401;223;1980000492;OPERACAO_PARTICIPANTE;10660941.970000000000000;
202401;223;1980000492;TIT_PUB;3789491006.460000000000000;
202401;165;1979001911;OPERACAO_PARTICIPANTE;2959919.490000000000000;
202401;182;1967000174;COTAS;10158215.014103000000000;
202401;121;1986000265;OPERACAO_PARTICIPANTE;5790532.940099820400000;
202401;182;9970000000;COTAS;117557812.829949000000000;04320223000197
202401;182;1967000174;ACOES;32582760.000000000000000;
202401;151;1996004174;COTAS;1775845.342054000000000;
202401;121;9970000000;COTAS;6092184.960435000000000;
202401;151;1996004174;COTAS;7951859.609155000000000;
202401;223;2002004838;COTAS;24646134.060000000000000;
202401;151;9970000000;CAIXA;21491.970000000000000;
202401;182;1967000174;VL_PG_RC;79059574.910000000000000;
202401;134;1986000818;CAIXA;160262.440000000000000;
202401;165;1979001911;COTAS;58358.147385000000000;
202401;182;1967000174;COTAS;4652338.638825000000000;
202401;196;9970000000;VL_PG_RC;0.000000000000000;
202401;182;1967000174;COTAS;5200.204945000000000;
202401;182;1967000174;COTAS;128864612.533176000000000;06137840000187
202401;223;2002004838;COTAS;2822868.268752000000000;
202401;223;2011000874;COTAS;3000333.700000000000000;
202401;134;1986000818;COTAS;3595891.740000000000000;
202401;223;2011000874;COTAS;14320996.819807000000000;
202401;134;1986000818;COTAS;9199188.989999000000000;
202401;182;2010001419;COTAS;24406453.240677000000000;
202401;223;2011000874;VL_PG_RC;12687741.170000000000000;
202401;182;2010001419;COTAS;1553257.713525000000000;
202401;182;1967000174;COTAS;10041178.147927000000000;
202401;182;2010001419;OPERACAO_PARTICIPANTE;132385241.450000000000000;
202401;206;2010005538;COTAS;88369920.818174000000000;
202401;182;1967000174;COTAS;9228111.637500000000000;
202401;223;2019003929;COTAS;333975.600000000000000;
202401;182;2010001419;ACOES;42920736.000000000000000;
202401;182;2010001419;COTAS;808957.386313000000000;
202401;182;2010001419;COTAS;13000.512416000000000;
202401;182;2023000629;COTAS;972643.560003000000000;
202401;182;2010001419;COTAS;2758756.124661000000000;
202401;223;2019003929;COTAS;1195328.550000000000000;
202401;182;2010001419;COTAS;30760372.125000000000000;
202401;223;2019003929;COTAS;651461.032798000000000;41745775000173
202401;165;1979001911;COTAS;11051569.545503000000000;
202401;196;1999004183;CAIXA;78138.330000000000000;
202401;134;1986000818;COTAS;8616190.900000000000000;
202401;165;1979001911;VL_PG_RC;11993822.410000000000000;
202401;182;9970000000;COTAS;1127780.070000000000000;
202401;182;2023000629;COTAS;343406.029999000000000;
202401;196;1999004183;COTAS;3212450.265594000000000;
202401;196;1999004183;COTAS;7051067.884130000000000;
202401;206;4002060047;COTAS;13506452.165902000000000;
202401;196;1999004183;COTAS;256478985.972203000000000;18079446000119
202401;206;2010005538;COTAS;44750725.335898000000000;
202401;196;1999004183;VL_PG_RC;883190.910000000000000;
202401;196;1999004183;OPERACAO_PARTICIPANTE;6546473.420000000000000;
202401;223;9970000000;COTAS;1043997.000000000000000;
202401;211;1996005138;COTAS;118466.038143000000000;
202401;223;2002004838;VL_PG_RC;22072.230000000000000;
202401;223;9970000000;COTAS;14101962.473392000000000;
202401;211;1996005138;COTAS;26460455.687406000000000;
202401;223;9970000000;VL_PG_RC;0.000000000000000;
202401;223;2011000874;ACOES;1229339.590000000000000;
202401;206;2010005538;COTAS;174672033.756036000000000;
202401;211;1996005138;COTAS;21888845.550000000000000;
202401;223;2019003929;COTAS;427875.700000000000000;
202401;206;4002060047;CAIXA;17753.380000000000000;
202401;237;1979000492;COTAS;120466151.829946000000000;
202401;211;1996005138;COTAS;28105122.826273000000000;
202401;211;1996005138;COTAS;22943178.105645000000000;
202401;237;1979000492;COTAS;204900958.158232000000000;
202401;211;1996005138;COTAS;12177983.590828000000000;
202401;182;1967000174;COTAS;122676.280734000000000;
202401;134;1986000818;COTAS;314814398.240001000000000;44544136000138
202401;211;1996005138;COTAS;27626462.799931000000000;
202401;223;2019003929;COTAS;1674622.726838000000000;39240107000142
202401;134;1986000818;OPERACAO_PARTICIPANTE;2498543.600030364700000;
202401;237;1979000492;COTAS;104212654.767997000000000;42120328000191
202401;211;1996005138;COTAS;35904275.762907000000000;
202401;211;1996005138;COTAS;33313222.791479000000000;
202401;223;2019003929;COTAS;524078.377450000000000;42556558000106
202401;237;1979000492;COTAS;65030826.724800000000000;47227862000115
202401;223;9970000000;COTAS;50605789.610000000000000;
202401;237;1979000492;VL_PG_RC;61791250.190000000000000;
202401;211;1996005138;COTAS;22573590.941668000000000;
202401;237;1981000119;COTAS;1304399.624062000000000;
202401;151;1980000956;VL_PG_RC;-46483.950000000000000;
202401;237;1981000119;COTAS;1720858.049015000000000;47228177000103
202401;237;1979000492;COTAS;74438183.580697000000000;
202401;211;1996005219;COTAS;16917896.529658000000000;
202401;211;1996005138;TIT_PUB;2293104264.770000000000000;
202401;206;1988000874;COTAS;141629894.323613000000000;
202401;237;1981000119;ACOES;1287.120000000000000;
202401;211;1996005219;COTAS;4801614.722858000000000;
202401;211;1996005219;COTAS;1758784.857885000000000;
202401;206;2010005538;CAIXA;100158.300000000000000;
202401;237;1982000147;COTAS;721784.753836000000000;
202401;206;4002060047;COTAS;43563211.332061000000000;
202401;237;1982000147;IMOVEIS;17011995.590000000000000;
202401;211;1997002329;COTAS;807289.623178000000000;
202401;237;1982000856;COTAS;93818.340000000000000;
202401;182;2010001419;CAIXA;290680.530000000000000;
202401;211;1997002329;VL_PG_RC;13705.140000000000000;
202401;206;9970000000;VL_PG_RC;0.000000000000000;
202401;211;1996005138;COTAS;22679612.745082000000000;
202401;237;1981000119;COTAS;1818352.256840000000000;
202401;211;1996005219;COTAS;1558781.899627000000000;
202401;151;1996004174;COTAS;36508216.252199000000000;
202401;237;1981000119;COTAS;1772181.131642000000000;
202401;151;1996004174;COTAS;41928392.619553000000000;
202401;237;1982000856;COTAS;43716.317214000000000;41956824000117
202401;211;2021000192;CAIXA;1417.540000000000000;
202401;151;1996004174;COTAS;120164895.719731000000000;
202401;211;1996005138;COTAS;129795656.168215000000000;
202401;211;9970000000;COTAS;2475688.177745000000000;
202401;237;1982000856;IMOVEIS;1536384.230000000000000;
202401;182;2010001419;COTAS;10158215.014103000000000;
202401;211;1996005138;COTAS;24502223.735672000000000;
202401;211;1997002329;ACOES;496413.610000000000000;
202401;211;9970000000;TIT_PUB;5969485.280000000000000;
202401;211;1996005138;OPERACAO_PARTICIPANTE;76554931.303110861000000;
202401;237;1982000147;COTAS;531263.845175000000000;
202401;151;1996004174;COTAS;0.002439000000000;
202401;237;1982000856;TIT_PUB;11531582.170000000000000;
202401;223;1980000492;COTAS;155091925.975292000000000;41745775000173
202401;237;2005002283;CAIXA;53310.180000000000000;
202401;211;1996005138;COTAS;10933416.266318000000000;
202401;237;1982000147;COTAS;2362994.101209000000000;47228177000103
202401;237;2005002283;COTAS;2136530.268000000000000;47228177000103
202401;223;2002004838;COTAS;1048723.200000000000000;
202401;211;1997002329;COTAS;8404407.021949000000000;
202401;223;2002004838;COTAS;5286769.600000000000000;
202401;211;1996005219;COTAS;144355.500000000000000;
202401;237;1982000856;CAIXA;20375.120000000000000;
202401;223;2002004838;COTAS;24721690.190000000000000;
202401;237;1982000856;COTAS;1334.833912000000000;
202401;223;2002004838;COTAS;500065.800000000000000;
202401;165;1979001911;COTAS;46054210.518161000000000;07667179000184
202401;223;2002004838;COTAS;15360874.745789000000000;39240107000142
202401;182;2010001419;COTAS;9531732.552051000000000;
202401;223;2002004838;COTAS;8460153.670859000000000;42556558000106
202401;211;1996005138;VL_PG_RC;-21021094.850000000000000;
202401;165;1979001911;TIT_PUB;130546617.590000000000000;
202401;182;2010001419;COTAS;4652338.646726000000000;
202401;211;1996005219;COTAS;20896075.207089000000000;
202401;223;2011000874;COTAS;4115946.800000000000000;
202401;237;2005002356;COTAS;31421825.844255000000000;04733518000195
202401;223;2019003929;COTAS;105944.520000000000000;
202401;182;1967000174;IMOVEIS;203252820.990000000000000;
202401;223;2019003929;COTAS;369720.000000000000000;
202401;211;1997002329;COTAS;739802.491742000000000;
202401;237;1982000856;COTAS;245659.254384000000000;47228177000103
202401;182;2010001419;COTAS;122695.710970000000000;
202401;223;9970000000;COTAS;11227767.600000000000000;
202401;211;1996005219;COTAS;3763613.954277000000000;
202401;237;2005002356;OPERACAO_PARTICIPANTE;9945298.738671000000000;
202401;237;1979000492;COTAS;328925544.139896000000000;08944896000179
202401;211;1996005219;COTAS;3181662.571339000000000;
202401;237;1982000856;OPERACAO_PARTICIPANTE;228390.120000000000000;
202401;211;1996005219;COTAS;3922716.768501000000000;
202401;237;1979000492;OPERACAO_PARTICIPANTE;82160431.475213000000000;
202401;237;2005002283;COTAS;7133954.148544000000000;41956824000117
202401;182;2010001419;COTAS;55003432.000000000000000;53544038000191
202401;211;1996005219;COTAS;3581499.508253000000000;
202401;182;2010001419;COTAS;16079565.158226000000000;
202401;237;2005002283;IMOVEIS;31931402.380000000000000;
202401;237;2007000792;COTAS;16296161.932050000000000;08944896000179
202401;182;2023000629;CAIXA;6006.110000000000000;
202401;211;1996005219;TIT_PUB;341334715.250000000000000;
202401;182;9970000000;VL_PG_RC;-39828.170000000000000;
202401;211;1996005219;CAIXA;80525.110000000000000;
202401;237;1981000119;COTAS;762141.050000000000000;
202401;211;2021000192;VL_PG_RC;-392.660000000000000;
202401;237;2007000865;COTAS;229304.703012000000000;41956824000117
202401;211;9970000000;COTAS;33951404.314941000000000;
202401;211;1996005219;COTAS;99083.533131000000000;
202401;237;1981000119;COTAS;682.500000000000000;
202401;237;1982000147;COTAS;1400383.924349000000000;
202401;237;2005002283;TIT_PUB;428337897.920000000000000;
202401;237;1982000147;COTAS;6709663.055626000000000;04733518000195
202401;211;1997002329;COTAS;916684.329858000000000;
202401;223;1980000492;COTAS;8931960.950000000000000;
202401;237;2007001047;COTAS;72702.852444000000000;
202401;211;1997002329;TIT_PUB;3012474.810000000000000;
202401;237;2007001047;COTAS;152.500000000000000;
202401;211;1996005219;COTAS;3668819.704992000000000;
202401;196;9970000000;CAIXA;44615.970000000000000;
202401;223;1980000492;COTAS;10877537.300000000000000;
202401;237;2005002356;COTAS;3801876.540000000000000;
202401;237;1982000147;OPERACAO_PARTICIPANTE;2606426.834768000000000;
202401;237;2005002356;TIT_PRIV;14816386.570000000000000;
202401;223;1980000492;COTAS;2410866.900000000000000;
202401;223;1980000492;CAIXA;39503.230000000000000;
202401;237;1982000147;TIT_PUB;92144731.920000000000000;
202401;206;1988000874;COTAS;96717274.380319000000000;
202401;223;2002004838;COTAS;1183047.140000000000000;
202401;237;1982000856;COTAS;147.500000000000000;
202401;196;1999004183;COTAS;4818200.105068000000000;
202401;237;2007001047;TIT_PRIV;349302.500000000000000;
202401;196;1999004183;TIT_PRIV;366737.750000000000000;
202401;237;2007000792;COTAS;1536171.360485000000000;
202401;237;1982000856;COTAS;778313.857347000000000;
202401;196;9970000000;COTAS;3721175.508164000000000;
202401;223;1980000492;COTAS;25065298.597619000000000;
202401;237;2005002283;COTAS;2545862.301677000000000;
202401;206;4002060047;COTAS;18367519.858229000000000;
202401;206;1988000874;CAIXA;148536.100000000000000;
202401;223;2002004838;COTAS;5798988.000000000000000;
202401;206;4002060047;VL_PG_RC;-40313.040000000000000;
202401;206;1988000874;TIT_PUB;791524515.540000000000000;
202401;237;2005002283;COTAS;1839769.996372000000000;
202401;237;2007002574;COTAS;54505.718077000000000;
202401;211;1996005138;COTAS;18642217.135336000000000;
202401;211;1996005138;TIT_PRIV;135104669.890000000000000;
202401;223;1980000492;IMOVEIS;62944248.660000000000000;
202401;237;2007002574;COTAS;4870303.098065000000000;41956824000117
202401;211;1996005138;COTAS;19424084.625965000000000;
202401;211;1996005219;ACOES;18252784.790000000000000;
202401;237;2007002574;COTAS;2253301.752934000000000;47228177000103
202401;237;2007002574;OPERACAO_PARTICIPANTE;1836868.207838000000000;
202401;211;1996005219;COTAS;5301289.529664000000000;
202401;211;1997002329;CAIXA;39943.030000000000000;
202401;237;2007000792;COTAS;30557936.562576000000000;41956824000117
202401;211;1996005219;COTAS;2070465.879093000000000;
202401;223;2002004838;TIT_PUB;110006759.570000000000000;
202401;237;2005002356;COTAS;16443078.968259000000000;
202401;211;1996005219;COTAS;1640012.439913000000000;
202401;237;2007000792;OPERACAO_PARTICIPANTE;21573688.083764000000000;
202401;237;2007000792;COTAS;144559073.627038000000000;04733518000195
202401;211;1996005219;COTAS;3066960.730415000000000;
202401;237;2007000865;CAIXA;12531.110000000000000;
202401;223;2002004838;ACOES;1621545.350000000000000;
202401;237;2007002647;COTAS;2549476.160000000000000;
202401;237;2007002647;COTAS;5614509.206064000000000;41956824000117
202401;223;2002004838;COTAS;6422039.840000000000000;
202401;211;2021000192;COTAS;646081.590758000000000;
202401;237;2007000792;TIT_PRIV;141527059.670000000000000;
202401;237;2007003147;COTAS;349661.275394000000000;
202401;237;2007000865;COTAS;30.000000000000000;
202401;211;9970000000;COTAS;22648387.664667000000000;
202401;237;2007003147;COTAS;1157607.423122000000000;
202401;211;9970000000;CAIXA;566889.900000000000000;
202401;237;2007000865;COTAS;2630934.655107000000000;04733518000195
202401;237;2007000865;COTAS;231652.364917000000000;47228177000103
202401;237;2007003147;COTAS;1102334.029650000000000;
202401;211;1996005219;VL_PG_RC;7211768.730000000000000;
202401;211;9970000000;COTAS;2676336.804154000000000;
202401;223;2011000874;COTAS;24178415.453697000000000;41745775000173
202401;211;1997002329;COTAS;385.479265000000000;
202401;237;2007001047;CAIXA;20932.110000000000000;
202401;237;2007001047;COTAS;103393.206567000000000;
202401;237;2007003147;COTAS;10260459.044155000000000;04733518000195
202401;211;9970000000;COTAS;1313.390656000000000;
202401;237;2007001047;COTAS;79495.307329000000000;
202401;237;2007003147;COTAS;1282974.506789000000000;42120328000191
202401;223;2002004838;ALUGUEL;11925624.320000000000000;
202401;237;2007001047;COTAS;207283.486865000000000;41956824000117
202401;237;2007003147;VL_PG_RC;321915.970000000000000;
202401;223;1980000492;ACOES;3677073.530000000000000;
202401;237;2007001047;COTAS;491625.261101000000000;47228177000103
202401;237;2007001047;COTAS;1093819.968079000000000;
202401;237;2007003392;CAIXA;20118.080000000000000;
202401;223;1980000492;COTAS;72617714.369582000000000;
202401;237;2007002574;COTAS;727637.648915000000000;
202401;237;2007003392;COTAS;2082573.770667000000000;
202401;223;1980000492;COTAS;315567032.769222000000000;39240107000142
202401;223;2019003929;COTAS;170235.450000000000000;
202401;237;2007001047;COTAS;1705544.588717000000000;04733518000195
202401;223;2019003929;COTAS;1191084.350000000000000;
202401;223;2002004838;COTAS;4736058.600000000000000;
202401;223;1980000492;COTAS;130031387.938792000000000;42556558000106
202401;237;2007003392;COTAS;920553.058684000000000;47228177000103
202401;223;2002004838;COTAS;533157.000000000000000;
202401;223;2019003929;COTAS;812571.000000000000000;
202401;237;2007002574;COTAS;17921778.233165000000000;04733518000195
202401;223;2011000874;COTAS;9625.089722000000000;
202401;223;2002004838;COTAS;15401263.699608000000000;
202401;237;2007002574;TIT_PRIV;11988625.230000000000000;
202401;223;2002004838;COTAS;10684834.481072000000000;41745775000173
202401;223;2019003929;COTAS;629723.229020000000000;
202401;223;2011000874;COTAS;14308571.929765000000000;
202401;223;2011000874;COTAS;912654.600000000000000;
202401;223;1980000492;VL_PG_RC;450287860.360000000000000;
202401;223;2019003929;TIT_PUB;15574706.050000000000000;
202401;237;2007002647;COTAS;509045.365131000000000;
202401;223;2011000874;COTAS;4276896.000000000000000;
202401;237;2007001047;COTAS;298754.160704000000000;42120328000191
202401;237;2009001192;COTAS;5817756.744434000000000;
202401;223;9970000000;COTAS;12953198.317472000000000;41745775000173
202401;237;2009001192;COTAS;551167.014823000000000;
202401;237;2007002647;COTAS;13783112.063533000000000;04733518000195
202401;223;2019003929;COTAS;404629.760000000000000;
202401;237;2009001192;COTAS;1157046.477159000000000;42120328000191
202401;237;2007002647;TIT_PRIV;14073303.230000000000000;
202401;223;2011000874;OPERACAO_PARTICIPANTE;3654849.420000000000000;
202401;237;2009001192;COTAS;498476.509702000000000;47227862000115
202401;237;2007003392;COTAS;705020.360000000000000;
202401;223;2019003929;CAIXA;2575.840000000000000;
202401;223;2019003929;COTAS;658835.250058000000000;
202401;237;2007001047;VL_PG_RC;256537.140000000000000;
202401;223;9970000000;COTAS;20498864.799310000000000;
202401;223;2002004838;CAIXA;4270.240000000000000;
202401;237;2007002574;COTAS;7228697.666322000000000;08944896000179
202401;237;2009001192;VL_PG_RC;7787.280000000000000;
202401;223;2002004838;OPERACAO_PARTICIPANTE;1123620.720000000000000;
202401;223;2019003929;VL_PG_RC;182.460000000000000;
202401;237;2007003392;COTAS;75.000000000000000;
202401;237;2007003392;TIT_PRIV;4270553.390000000000000;
202401;237;2013000911;CAIXA;20972.460000000000000;
202401;223;9970000000;COTAS;12365808.000000000000000;
202401;237;2014000883;COTAS;1911462.938682000000000;
202401;223;9970000000;COTAS;14063722.035749000000000;
202401;237;2018000365;CAIXA;49498.440000000000000;
202401;223;2002004838;COTAS;2826782.168309000000000;
202401;237;1979000492;COTAS;150815698.339358000000000;
202401;237;1979000492;TIT_PRIV;215673310.360000000000000;
202401;223;2011000874;CAIXA;20435.330000000000000;
202401;237;1981000119;CAIXA;21409.740000000000000;
202401;223;9970000000;COTAS;38030773.102390000000000;39240107000142
202401;223;2011000874;COTAS;1295688.150000000000000;
202401;223;2011000874;ALUGUEL;10536191.280000000000000;
202401;237;9970000000;CAIXA;22394.200000000000000;
202401;237;2009001192;TIT_PUB;51424058.120000000000000;
202401;237;2007002574;IMOVEIS;9188182.280000000000000;
202401;237;1981000119;COTAS;625367.543666000000000;41956824000117
202401;241;1979003947;CAIXA;28397.250000000000000;
202401;237;1982000147;COTAS;1277473.400036000000000;
202401;237;2007002647;CAIXA;15248.360000000000000;
202401;241;1979003947;OPERACAO_PARTICIPANTE;2228652.689919844000000;
202401;223;9970000000;COTAS;11206088.487794000000000;42556558000106
202401;223;2011000874;COTAS;27426588.393074000000000;39240107000142
202401;223;2011000874;COTAS;4927781.200000000000000;
202401;237;1982000147;COTAS;3294839.143848000000000;
202401;237;2007002647;COTAS;13682.047599000000000;
202401;223;2011000874;COTAS;3653256.600000000000000;
202401;237;2014000883;CAIXA;20480.420000000000000;
202401;223;2011000874;COTAS;20377972.952300000000000;42556558000106
202401;237;2007002647;COTAS;3789924.681775000000000;47228177000103
202401;237;1982000147;COTAS;367099.822047000000000;42120328000191
202401;237;1979000492;IMOVEIS;250367854.540000000000000;
202401;237;2014000883;COTAS;827038.818776000000000;41956824000117
202401;237;1982000147;COTAS;2406238.958582000000000;47227862000115
202401;223;2011000874;IMOVEIS;1667244.310000000000000;
202401;237;1979000492;CAIXA;61635.080000000000000;
202401;237;2014000883;TIT_PUB;59179726.570000000000000;
202401;237;1982000147;VL_PG_RC;12707699.890000000000000;
202401;237;1979000492;COTAS;20001504.927112000000000;
202401;241;2010003683;IMOVEIS;2557901.500000000000000;
202401;237;1981000119;COTAS;389768.070047000000000;
202401;237;2018000365;COTAS;1956522.967018000000000;
202401;241;2010003683;TIT_PUB;60895272.460000000000000;
202401;237;1982000856;TIT_PRIV;196232.610000000000000;
202401;237;2018000365;COTAS;1148680.714960000000000;
202401;254;1987000447;COTAS;48823988.269002000000000;
202401;237;1981000119;COTAS;9549150.359959000000000;
202401;237;9970000000;COTAS;4288937.832848000000000;
202401;223;2011000874;TIT_PUB;530619824.130000000000000;
202401;254;1987000447;COTAS;39332938.829151000000000;
202401;223;2019003929;COTAS;807875.140000000000000;
202401;241;1979003947;COTAS;2304636.365620000000000;
202401;254;2020003147;OPERACAO_PARTICIPANTE;39803.040000000000000;
202401;223;2019003929;COTAS;665870.310041000000000;
202401;241;2010003683;COTAS;107108065.942873000000000;
202401;223;2019003929;ALUGUEL;1377062.610000000000000;
202401;223;9970000000;COTAS;13664344.080000000000000;
202401;268;1979003874;OPERACAO_PARTICIPANTE;26623483.909805007800000;
202401;237;2005002283;ACOES;5995.400000000000000;
202401;237;1979000492;COTAS;27290.000000000000000;
202401;271;1983000256;CAIXA;26145.760000000000000;
202401;237;2005002283;COTAS;6614004.177891000000000;
202401;237;1979000492;COTAS;51789252.399247000000000;
202401;268;1979003874;COTAS;301240868.419999000000000;
202401;237;2005002283;COTAS;20216365.314751000000000;
202401;237;1979000492;COTAS;150895838.511491000000000;04733518000195
202401;271;1983000256;COTAS;8182127.481834000000000;
202401;237;2005002283;COTAS;10282046.092043000000000;42120328000191
202401;237;2007002647;OPERACAO_PARTICIPANTE;7924477.652983000000000;
202401;237;2005002283;COTAS;2122866.432250000000000;47227862000115
202401;223;2019003929;COTAS;314089.300000000000000;
202401;237;2007003147;COTAS;248401.412517000000000;
202401;271;1983000256;COTAS;55798.910361000000000;
202401;237;2007003147;TIT_PRIV;2486146.390000000000000;
202401;237;2005002283;VL_PG_RC;2322207.980000000000000;
202401;237;1981000119;COTAS;4409336.118595000000000;
202401;268;1979003874;COTAS;117468598.900000000000000;42046941000106
202401;237;1981000119;COTAS;901331.545712000000000;42120328000191
202401;268;1979003874;VL_PG_RC;20902897.600000000000000;
202401;237;2009001192;COTAS;2699622.321315000000000;
202401;223;9970000000;CAIXA;15634.580000000000000;
202401;271;1983000256;COTAS;8148104.234289000000000;
202401;237;2013000911;COTAS;246492.681744000000000;41956824000117
202401;223;9970000000;IMOVEIS;10370000.000000000000000;
202401;285;1979001774;COTAS;50910628.195519000000000;
202401;237;1979000492;COTAS;63862094.660178000000000;47228177000103
202401;237;2013000911;OPERACAO_PARTICIPANTE;1268053.490000000000000;
202401;285;1979001774;COTAS;151115914.999331000000000;
202401;237;1981000119;IMOVEIS;6834789.690000000000000;
202401;268;9970000000;COTAS;11508632.119999000000000;
202401;285;1979001774;OP_COMP;15400628.760000000000000;
202401;237;1981000119;COTAS;1752351.261098000000000;47227862000115
202401;223;9970000000;TIT_PUB;358775732.400000000000000;
202401;237;1979000492;COTAS;72305482.157525000000000;41956824000117
202401;237;2005002356;COTAS;50056.271703000000000;
202401;268;9970000000;VL_PG_RC;-1766.030000000000000;
202401;285;1979001774;TIT_PRIV;1182108.620000000000000;
202401;271;1983000256;COTAS;4439363.627886000000000;
202401;285;1998005283;COTAS;188840743.817963000000000;
202401;271;1983000256;COTAS;13859088.419946000000000;
202401;285;1998005283;COTAS;93322806.531053000000000;
202401;237;1979000492;COTAS;14221485.747518000000000;
202401;271;1983000256;TIT_PRIV;138771634.320000000000000;
202401;237;1979000492;TIT_PUB;4205685163.590000000000000;
202401;237;2007000792;CAIXA;23188.480000000000000;
202401;271;2008002111;COTAS;223369.642033000000000;
202401;237;1979000492;COTAS;51881329.280000000000000;
202401;237;2007000792;COTAS;18179377.590000000000000;
202401;285;2017001465;VL_PG_RC;-577.350000000000000;
202401;237;1981000119;COTAS;546585.605953000000000;
202401;237;2014000883;COTAS;398237.549853000000000;
202401;299;1981000518;CAIXA;4660.330000000000000;
202401;285;1979001774;CAIXA;18938.930000000000000;
202401;237;2014000883;COTAS;551167.014823000000000;
202401;299;1981000518;COTAS;6442591.212656000000000;
202401;237;1981000119;TIT_PRIV;2326055.700000000000000;
202401;237;1982000856;COTAS;90878.565555000000000;
202401;299;1981000518;COTAS;5084684.208866000000000;
202401;285;1979001774;COTAS;62614917.371338000000000;
202401;309;1979003629;COTAS;241237.151964000000000;
202401;237;1981000119;COTAS;15026243.031590000000000;04733518000195
202401;237;2014000883;COTAS;1191996.905506000000000;42120328000191
202401;285;1998005283;COTAS;62461438.067521000000000;
202401;237;1981000119;OPERACAO_PARTICIPANTE;2049183.396558000000000;
202401;237;1981000119;VL_PG_RC;8102898.030000000000000;
202401;237;2014000883;COTAS;423001.614762000000000;47227862000115
202401;237;1982000856;COTAS;126471.110032000000000;
202401;309;1979003629;COTAS;71258666.732851000000000;34793104000112
202401;237;2005002283;COTAS;40871596.171544000000000;04733518000195
202401;237;2005002283;OPERACAO_PARTICIPANTE;2735148.567778000000000;
202401;309;1979003629;TIT_PUB;566744726.370000000000000;
202401;237;1981000119;TIT_PUB;141429444.760000000000000;
202401;237;2014000883;VL_PG_RC;-1342.390000000000000;
202401;237;2007000792;COTAS;1095.000000000000000;
202401;237;1982000147;CAIXA;71552.550000000000000;
202401;285;1998005283;FUTURO;174352.500000000000000;
202401;237;2007000865;COTAS;478286.658463000000000;
202401;237;1982000856;COTAS;893517.961702000000000;04733518000195
202401;285;1998005283;OP_COMP;472200316.050000000000000;
202401;237;1982000147;COTAS;995625.173747000000000;
202401;237;2018000365;COTAS;197848.200000000000000;
202401;237;1982000147;COTAS;708424.200000000000000;
202401;237;2007001047;ACOES;243.660000000000000;
202401;237;2005002283;COTAS;1809493.216384000000000;
202401;285;1998005283;VL_PG_RC;161401787.580000000000000;
202401;237;1982000147;COTAS;1780.000000000000000;
202401;285;9970000000;COTAS;6433619.665245000000000;
202401;237;1982000147;COTAS;286746.734930000000000;
202401;312;1978000138;CAIXA;277721.360000000000000;
202401;237;2018000365;TIT_PUB;13513078.140000000000000;
202401;237;2005002283;COTAS;2654995.200000000000000;
202401;237;2005002356;CAIXA;20318.800000000000000;
202401;312;1978000138;COTAS;300555.883409000000000;
202401;237;9970000000;TIT_PUB;40777703.770000000000000;
202401;237;1982000147;COTAS;254703.516297000000000;41956824000117
202401;285;9970000000;COTAS;13389837.891316000000000;
202401;237;2007001047;COTAS;432354.559883000000000;
202401;237;1982000147;TIT_PRIV;1831633.010000000000000;
202401;299;1981000518;VL_PG_RC;21710747.530000000000000;
202401;237;2007001047;COTAS;500622.432145000000000;47227862000115
202401;237;1982000856;COTAS;1102334.029650000000000;
202401;312;1978000138;COTAS;1810080.140838000000000;
202401;237;2007002574;CAIXA;20311.280000000000000;
202401;237;1982000856;COTAS;123884.326035000000000;
202401;237;1982000856;COTAS;63007.580547000000000;42120328000191
202401;241;1979003947;IMOVEIS;3703098.500000000000000;
202401;237;2005002356;COTAS;1026590.406763000000000;
202401;237;1982000856;COTAS;1131460.116533000000000;
202401;237;2005002356;COTAS;782.500000000000000;
202401;309;1979003629;COTAS;73846.617208000000000;
202401;237;1982000856;VL_PG_RC;1330613.970000000000000;
202401;312;1978000138;COTAS;786651.700944000000000;
202401;237;1982000856;COTAS;91184.069236000000000;
202401;309;2019001519;COTAS;28984.520000000000000;
202401;237;2005002356;COTAS;3456496.997876000000000;
202401;241;2010003683;CAIXA;19812.880000000000000;
202401;237;2007002574;COTAS;1795525.600000000000000;
202401;237;2005002356;COTAS;5830928.987920000000000;47227862000115
202401;237;1982000856;COTAS;250155.043464000000000;47227862000115
202401;309;2019001683;CAIXA;367.690000000000000;
202401;237;2005002283;COTAS;529003.175889000000000;
202401;312;1978000383;VL_PG_RC;-13102.020000000000000;
202401;237;2005002356;COTAS;7883295.730852000000000;41956824000117
202401;309;2019001683;COTAS;363.928016000000000;33269204000181
202401;326;1979002118;COTAS;121885208.436501000000000;49995995000167
202401;309;9970000000;COTAS;1054622.504927000000000;
202401;237;2007003147;IMOVEIS;4387646.770000000000000;
202401;237;2007003147;OPERACAO_PARTICIPANTE;623598.298394000000000;
202401;237;2005002356;COTAS;5726135.698581000000000;47228177000103
202401;326;1979002118;TIT_PRIV;14674328.810000000000000;
202401;254;9970000000;VL_PG_RC;-18296.980000000000000;
202401;312;1978000138;COTAS;2107054.500000000000000;
202401;326;2000005683;COTAS;373935810.809891000000000;49995995000167
202401;312;1978000138;COTAS;11161728.900000000000000;
202401;237;2007000792;COTAS;63738134.478246000000000;
202401;237;2007003147;TIT_PUB;77682267.460000000000000;
202401;326;2006001574;CAIXA;77259.860000000000000;
202401;237;2005002283;COTAS;3515.000000000000000;
202401;237;2007000792;COTAS;15931130.413883000000000;
202401;237;2007000865;COTAS;889.889275000000000;
202401;312;1978000219;CAIXA;13244.000000000000000;
202401;271;1983000256;COTAS;5055234.996331000000000;
202401;237;2005002283;COTAS;14880092.675608000000000;
202401;237;2007000865;OPERACAO_PARTICIPANTE;3553859.480000000000000;
202401;326;2006001574;COTAS;75612898.760000000000000;
202401;312;1978000219;COTAS;21714440.130592000000000;
202401;237;2007001047;OPERACAO_PARTICIPANTE;2075474.968040000000000;
202401;271;1983000256;COTAS;8793834.003340000000000;
202401;237;2007003392;COTAS;533625.764811000000000;
202401;312;1978000219;OPERACAO_PARTICIPANTE;9181340.641683600000000;
202401;271;1983000256;COTAS;4126727.752589000000000;
202401;326;2009002938;COTAS;73349671.083267000000000;49995995000167
202401;237;2005002283;TIT_PRIV;11877725.200000000000000;
202401;326;2009002938;OPERACAO_PARTICIPANTE;2712480.737781110000000;
202401;237;2007002574;COTAS;5071749.000395000000000;
202401;237;2005002356;COTAS;1653501.044473000000000;
202401;326;2009002938;TIT_PUB;45991642.970000000000000;
202401;237;2005002356;TIT_PUB;336669757.080000000000000;
202401;237;2007000792;COTAS;19529061.623658000000000;47228177000103
202401;271;1983000256;VL_PG_RC;939564.000000000000000;
202401;237;2007002647;COTAS;1102334.029650000000000;
202401;237;2007000792;TIT_PUB;1521357152.140000000000000;
202401;326;2021002111;IMOVEIS;42089040.400000000000000;
202401;312;1978000383;CAIXA;102432.920000000000000;
202401;237;2007002647;COTAS;15910526.917125000000000;
202401;237;2005002356;COTAS;22339866.948494000000000;
202401;312;2006003429;COTAS;2162074541.004386000000000;
202401;237;2007002647;COTAS;8092096.130196000000000;42120328000191
202401;326;2021002111;TIT_PUB;257248553.390000000000000;
202401;237;2005002356;COTAS;11362059.331410000000000;42120328000191
202401;237;2007000865;COTAS;162639.730000000000000;
202401;237;2005002356;VL_PG_RC;313275.570000000000000;
202401;237;2007000865;TIT_PUB;13033219.440000000000000;
202401;357;1993000429;COTAS;2665451.384001000000000;
202401;237;2007000792;COTAS;13208034.178437000000000;
202401;237;2007003392;COTAS;998447.113182000000000;41956824000117
202401;237;2007001047;COTAS;156044.790000000000000;
202401;357;1993000429;TIT_PRIV;657.180000000000000;
202401;271;2008002111;COTAS;220742.038663000000000;
202401;312;2006003429;OPERACAO_PARTICIPANTE;170212489.241936760000000;
202401;237;2007001047;TIT_PUB;22052971.040000000000000;
202401;237;2007000792;COTAS;13228008.355782000000000;
202401;237;2009001192;COTAS;2274962.973398000000000;
202401;357;1993000429;VL_PG_RC;1291327.220000000000000;
202401;237;2007002574;COTAS;10158540.443278000000000;
202401;326;1979002118;IMOVEIS;156526076.440000000000000;
202401;237;2007002647;COTAS;3859283.609552000000000;47227862000115
202401;237;2007000792;COTAS;86595791.920341000000000;
202401;237;2007002647;VL_PG_RC;171924.440000000000000;
202401;237;2007003147;COTAS;3560646.920115000000000;
202401;237;2007000865;COTAS;712339.125606000000000;
202401;326;2021002111;COTAS;76496491.822112000000000;49997061000164
202401;271;2008002111;COTAS;330754.492457000000000;
202401;357;2006006811;COTAS;27623597.313339000000000;
202401;237;2013000911;COTAS;514137.556542000000000;
202401;326;9970000000;VL_PG_RC;-212.630000000000000;
202401;237;2007002574;COTAS;2294539.148778000000000;47227862000115
202401;357;2006006811;TIT_PRIV;10535498.270000000000000;
202401;237;2007003147;COTAS;2522560.309847000000000;
202401;357;1993000429;COTAS;0.021439000000000;
202401;357;2006006811;VL_PG_RC;10939642.550000000000000;
202401;237;2009001192;COTAS;540359.600000000000000;
202401;357;1993000429;COTAS;225959.864728000000000;
202401;357;2020000611;COTAS;0.050120000000000;
202401;237;2007000792;COTAS;44042631.359507000000000;42120328000191
202401;357;2006006811;COTAS;1656589.154168000000000;
202401;357;2020000611;COTAS;221344.600148000000000;
202401;271;2008002111;TIT_PRIV;1168793.290000000000000;
202401;357;2006006811;COTAS;160980254.867551000000000;
202401;357;9970000000;CAIXA;360919.560000000000000;
202401;237;2007002647;COTAS;1134235.771961000000000;
202401;361;1980002029;CAIXA;919218.570000000000000;
202401;237;2009001192;COTAS;2.500000000000000;
202401;237;2013000911;TIT_PRIV;1070122.610000000000000;
202401;237;2007000865;COTAS;547518.131296000000000;
202401;357;2020000611;COTAS;1894578.843282000000000;
202401;237;2018000365;COTAS;584219.180752000000000;42120328000191
202401;285;1979001774;COTAS;90224366.895727000000000;
202401;357;9970000000;COTAS;1116976.340616000000000;
202401;237;2018000365;VL_PG_RC;-1004.620000000000000;
202401;285;1979001774;COTAS;35659328.224686000000000;
202401;361;1980002029;COTAS;237500.178932000000000;
202401;237;2013000911;COTAS;189444.970000000000000;
202401;285;1979001774;COTAS;5641448.851917000000000;
202401;357;9970000000;COTAS;2087836.566366000000000;
202401;237;9970000000;TIT_PRIV;6270486.440000000000000;
202401;237;2007002647;COTAS;11710815.068223000000000;
202401;237;2007000865;COTAS;649809.002390000000000;
202401;237;2007000792;COTAS;19886460.531166000000000;47227862000115
202401;361;1980002029;COTAS;6801169.815218000000000;
202401;241;1979003947;COTAS;9031901.493791000000000;
202401;237;2007000792;VL_PG_RC;684797.660000000000000;
202401;361;1980002029;COTAS;8936155.351449000000000;
202401;237;2007000865;COTAS;264431.313445000000000;
202401;361;1980002029;COTAS;147903841.290722000000000;18681157000195
202401;241;1979003947;VL_PG_RC;7566275.470000000000000;
202401;237;2013000911;COTAS;253649.717346000000000;47228177000103
202401;361;2001002165;COTAS;17456631.500000000000000;
202401;285;1979001774;COTAS;99173235.216330000000000;
202401;237;2007000865;COTAS;330492.930937000000000;42120328000191
202401;241;9970000000;COTAS;5904535.566285000000000;
202401;361;1980002029;COTAS;48347460.623380000000000;
202401;285;1979001774;IMOVEIS;177450000.000000000000000;
202401;361;2001002165;VL_PG_RC;6696121.750000000000000;
202401;237;2013000911;TIT_PUB;11146032.550000000000000;
202401;237;2007000865;COTAS;235891.802980000000000;47227862000115
202401;361;2001002238;COTAS;3572792.384782000000000;
202401;237;2007003147;CAIXA;20581.870000000000000;
202401;237;2014000883;COTAS;1725048.122111000000000;
202401;361;1980002029;COTAS;36206805.453961000000000;04165971000142
202401;237;2007000865;VL_PG_RC;12067.050000000000000;
202401;237;2007003147;COTAS;507.500000000000000;
202401;254;1987000447;CAIXA;52118.770000000000000;
202401;285;1998005283;COTAS;227956435.092792000000000;
202401;361;2001002238;COTAS;24608297.700000000000000;
202401;237;2014000883;OPERACAO_PARTICIPANTE;2296166.625324000000000;
202401;361;1980002029;OPERACAO_PARTICIPANTE;93638822.660000000000000;
202401;361;2001002238;COTAS;244876056.764304000000000;05855398000161
202401;237;2018000365;TIT_PRIV;2601258.360000000000000;
202401;361;1980002029;TIT_PUB;1617657302.100000000000000;
202401;361;2019002647;CAIXA;9667.400000000000000;
202401;237;2007000865;TIT_PRIV;997944.490000000000000;
202401;237;9970000000;COTAS;213653.026800000000000;47228177000103
202401;237;2007003147;COTAS;1856710.184365000000000;
202401;237;2007001047;IMOVEIS;1297123.040000000000000;
202401;237;2007003147;COTAS;592146.875120000000000;47227862000115
202401;361;9970000000;CAIXA;525870.630000000000000;
202401;237;2007002574;COTAS;1122.500000000000000;
202401;237;2007001047;COTAS;165841.420473000000000;
202401;388;1985001438;COTAS;4098202.060000000000000;
202401;285;1998005283;TIT_PRIV;87812241.480000000000000;
202401;361;2001002165;COTAS;15176907.375137000000000;
202401;391;1979001529;COTAS;14128265.776500000000000;
202401;237;2007002574;COTAS;4597565.774460000000000;
202401;361;2001002165;COTAS;23575302.970237000000000;
202401;391;1979001529;COTAS;36537570.001295000000000;
202401;241;2010003683;OPERACAO_PARTICIPANTE;9828816.449622156300000;
202401;391;1979001529;COTAS;234133450.687812000000000;
202401;237;2007001047;COTAS;587404.777465000000000;
202401;285;2006000756;VL_PG_RC;144252.410000000000000;
202401;391;1979001529;COTAS;234814043.405076000000000;05097813000165
202401;254;2020003147;CAIXA;5303.910000000000000;
202401;285;2017001465;COTAS;180408807.365039000000000;
202401;285;2017001465;OP_COMP;1097996.240000000000000;
202401;391;2019000156;COTAS;185948.000000000000000;
202401;237;2007002574;COTAS;3270513.253651000000000;
202401;237;2007002574;COTAS;516998.061824000000000;
202401;299;1981000518;COTAS;10546771.447773000000000;
202401;237;2007002574;COTAS;13801578.316532000000000;
202401;254;2020003147;COTAS;2744785.045954000000000;
202401;391;2019000156;VL_PG_RC;-2420.550000000000000;
202401;237;2007003392;COTAS;1612.924310000000000;
202401;237;2007003392;OPERACAO_PARTICIPANTE;5201220.354672000000000;
202401;391;2020001519;COTAS;108248.300000000000000;
202401;237;2007002574;TIT_PUB;283369219.050000000000000;
202401;361;2001002165;COTAS;12719616.219709000000000;
202401;391;2020001519;COTAS;108528.000000000000000;
202401;361;2001002165;COTAS;118035409.870386000000000;39725887000110
202401;391;2022002865;VL_PG_RC;-1012.210000000000000;
202401;361;2001002238;COTAS;4224795.894548000000000;
202401;237;2007002647;TIT_PUB;229964086.520000000000000;
202401;401;1997000611;COTAS;58492076.379208000000000;37240949000179
202401;361;2001002238;TIT_PRIV;1194757.150000000000000;
202401;237;2007002574;COTAS;7019484.578596000000000;42120328000191
202401;241;9970000000;CAIXA;15159.370000000000000;
202401;391;1979001529;COTAS;2.500005000000000;
202401;268;1979003874;COTAS;186274761.200000000000000;
202401;237;2007002574;VL_PG_RC;715999.290000000000000;
202401;237;2007003147;COTAS;626519.300000000000000;
202401;401;1997000611;COTAS;106628690.756132000000000;37242190000163
202401;391;1979001529;COTAS;47643691.611222000000000;
202401;271;1983000256;COTAS;8929200.000000000000000;
202401;299;1981000518;COTAS;21154541.581078000000000;
202401;391;1979001529;COTAS;239937392.846173000000000;
202401;477;1991000138;CAIXA;8793.720000000000000;
202401;271;1983000256;COTAS;12082946.425294000000000;
202401;299;1981000518;COTAS;3423840.445686000000000;
202401;391;1979001529;COTAS;223274426.670753000000000;
202401;477;1991000138;COTAS;33026.290923000000000;
202401;271;1983000256;COTAS;7444546.418837000000000;
202401;391;1979001529;OPERACAO_PARTICIPANTE;471196512.378395094100000;
202401;241;9970000000;VL_PG_RC;205850.320000000000000;
202401;237;2007003147;COTAS;8954.510827000000000;
202401;391;2019000156;COTAS;152428.080002000000000;
202401;477;9970000000;COTAS;11080840.283240000000000;
202401;271;1983000256;COTAS;4233500.140836000000000;
202401;477;9970000000;TIT_PRIV;223318.420000000000000;
202401;254;1987000447;TIT_PUB;284946722.160000000000000;
202401;271;2008002111;COTAS;126005.437092000000000;
202401;237;2007003392;TIT_PUB;53412829.190000000000000;
202401;254;9970000000;CAIXA;21587.880000000000000;
202401;271;2008002111;COTAS;180915.944455000000000;
202401;268;1979003874;COTAS;13886118.499944000000000;
202401;391;2019000156;TIT_PUB;2213631.320000000000000;
202401;299;9970000000;CAIXA;4439.270000000000000;
202401;237;2007002647;COTAS;317.500000000000000;
202401;391;2022002865;CAIXA;1073.270000000000000;
202401;309;1979003629;COTAS;7563134.849242000000000;
202401;271;2008002111;TIT_PUB;1369609.820000000000000;
202401;309;1979003629;VL_PG_RC;13793105.260000000000000;
202401;237;2007003147;COTAS;5178243.116781000000000;08944896000179
202401;391;2022002865;COTAS;49324.700000000000000;
202401;494;1981001174;VL_PG_RC;0.000000000000000;
202401;237;2007003392;COTAS;293011.143293000000000;
202401;237;2007003147;COTAS;890161.472505000000000;41956824000117
202401;391;9970000000;COTAS;391581910.399217000000000;
202401;268;1979003874;IMOVEIS;88577047.990000000000000;
202401;237;2009001192;COTAS;6561585.192697000000000;04733518000195
202401;494;9970000000;COTAS;562134.790205000000000;
202401;309;2019001683;COTAS;28887.427078000000000;34793104000112
202401;285;1979001774;COTAS;108048.854002000000000;
202401;401;1997000611;COTAS;656825563.303927000000000;37240914000130
202401;312;1978000138;COTAS;1958436.333195000000000;
202401;285;1979001774;COTAS;84502075.579918000000000;
202401;401;9970000000;VL_PG_RC;0.000000000000000;
202401;504;1982001119;COTAS;3885856.649660000000000;
202401;285;1998005283;COTAS;320893742.855522000000000;
202401;504;1998002918;CAIXA;12839.860000000000000;
202401;268;1979003874;TIT_PUB;1319633089.180000000000000;
202401;285;1998005283;COTAS;152116031.358930000000000;
202401;504;1998002918;COTAS;1126202.501367000000000;
202401;237;2007003147;COTAS;581504.837780000000000;47228177000103
202401;312;1978000138;COTAS;17503752.275690000000000;
202401;477;1991000138;TIT_PRIV;669955.270000000000000;
202401;271;1983000256;COTAS;8914112.728587000000000;
202401;285;1998005283;COTAS;475553498.487584000000000;
202401;477;9970000000;COTAS;11761.193377000000000;
202401;271;1983000256;COTAS;15101949.001204000000000;
202401;504;1998002918;VL_PG_RC;-1349.760000000000000;
202401;271;1983000256;COTAS;4077900.677880000000000;
202401;535;1982000538;COTAS;82280408.134300000000000;02846259000183
202401;237;2007003392;COTAS;9309151.447251000000000;04733518000195
202401;285;1998005283;COTAS;210192439.320177000000000;
202401;237;2009001192;CAIXA;20788.580000000000000;
202401;271;2008002111;COTAS;2729176.623534000000000;
202401;299;1981000518;COTAS;3802808.916068000000000;
202401;535;1982000538;COTAS;7563773.973871000000000;
202401;237;2009001192;COTAS;489517.905154000000000;47228177000103
202401;237;2007003392;COTAS;551167.014823000000000;
202401;535;1982000538;COTAS;132071542.269133000000000;09125491000171
202401;271;9970000000;VL_PG_RC;-396.210000000000000;
202401;237;2009001192;COTAS;834.271195000000000;
202401;237;2007003392;COTAS;2829422.687796000000000;
202401;285;1979001774;COTAS;87194741.887028000000000;
202401;237;2009001192;COTAS;802789.291913000000000;41956824000117
202401;535;1982000538;COTAS;330834174.750116000000000;42867858000106
202401;237;2013000911;COTAS;3070721.244835000000000;
202401;237;2009001192;OPERACAO_PARTICIPANTE;2131679.720000000000000;
202401;299;1981000518;COTAS;120618.574898000000000;
202401;285;1998005283;COTAS;81913137.196225000000000;
202401;237;2013000911;COTAS;2464259.856213000000000;04733518000195
202401;535;1999005147;CAIXA;122479.930000000000000;
202401;285;1998005283;COTAS;205708656.071240000000000;
202401;237;2007003392;COTAS;1439044.764862000000000;42120328000191
202401;312;1978000138;TIT_PUB;5511328590.920000000000000;
202401;309;1979003629;CAIXA;65490931.390000000000000;
202401;237;2007003392;COTAS;937399.981459000000000;47227862000115
202401;535;1982000538;COTAS;14324230.196231000000000;
202401;309;1979003629;COTAS;1426174.266311000000000;
202401;535;2021002292;CAIXA;3863.100000000000000;
202401;285;1998005283;IMOVEIS;29010000.000000000000000;
202401;535;1982000538;COTAS;9789891.871120000000000;18364675000185
202401;326;2006001574;COTAS;280848136.438129000000000;49997061000164
202401;535;2021002292;COTAS;68431.131410000000000;
202401;237;2007003392;VL_PG_RC;40308.260000000000000;
202401;237;2013000911;COTAS;551167.014823000000000;
202401;535;2021002292;COTAS;331287.142365000000000;05092810000139
202401;237;2009001192;COTAS;1674468.149242000000000;
202401;237;2014000883;COTAS;2343681.841161000000000;
202401;535;9970000000;CAIXA;10000.000000000000000;
202401;326;2009002938;COTAS;24417912.088482000000000;49997061000164
202401;535;2019002574;CAIXA;3162.300000000000000;
202401;535;9970000000;COTAS;2774901.393088000000000;17689994000106
202401;326;2022001419;CAIXA;0.000000000000000;
202401;237;2014000883;TIT_PRIV;4240267.950000000000000;
202401;549;1979001456;COTAS;462196491.373979000000000;33913650000187
202401;357;1993000429;CAIXA;164039.740000000000000;
202401;285;1998005283;TIT_PUB;2967454008.630000000000000;
202401;237;2009001192;TIT_PRIV;4044030.910000000000000;
202401;237;9970000000;COTAS;5550788.926180000000000;
202401;309;1979003629;COTAS;11121365.504277000000000;
202401;237;2013000911;COTAS;355265.670732000000000;42120328000191
202401;237;2013000911;COTAS;1220692.097839000000000;
202401;535;2019002574;COTAS;121640.515083000000000;
202401;549;2005003883;CAIXA;5965.610000000000000;
202401;237;2013000911;COTAS;698516.672474000000000;
202401;549;9970000000;COTAS;19285955.601150000000000;33913650000187
202401;357;1993000429;COTAS;929355.757977000000000;
202401;552;1979002665;OPERACAO_PARTICIPANTE;13347713.100000000000000;
202401;237;9970000000;COTAS;2757167.260253000000000;
202401;535;2019002574;COTAS;1781.364623000000000;
202401;309;2011000165;COTAS;14392.712132000000000;
202401;552;2002000638;COTAS;388591257.350402000000000;04592305000190
202401;237;9970000000;COTAS;3216003.180973000000000;04733518000195
202401;309;2011000165;COTAS;852327.964157000000000;
202401;552;2002000638;OPERACAO_PARTICIPANTE;46348961.038862970100000;
202401;285;2006000756;CAIXA;4358.320000000000000;
202401;237;2013000911;COTAS;258291.739615000000000;47227862000115
202401;237;9970000000;VL_PG_RC;-7142.720000000000000;
202401;237;2014000883;COTAS;6574915.641826000000000;04733518000195
202401;241;1979003947;TIT_PUB;165826368.130000000000000;
202401;237;2013000911;VL_PG_RC;-7554.230000000000000;
202401;552;2002000638;TIT_PUB;966924971.460000000000000;
202401;285;2006000756;OP_COMP;8623993.680000000000000;
202401;535;2019002574;COTAS;478128.818482000000000;
202401;309;2019001519;CAIXA;565.890000000000000;
202401;237;2014000883;COTAS;415399.437483000000000;47228177000103
202401;535;2019002574;COTAS;248236.411053000000000;
202401;237;2014000883;COTAS;855959.390000000000000;
202401;552;2002004692;COTAS;486841.560000000000000;
202401;535;2021002292;COTAS;10657.096471000000000;
202401;237;2014000883;COTAS;500.562717000000000;
202401;552;2002004692;COTAS;289103.060207000000000;
202401;285;2017001465;CAIXA;258.850000000000000;
202401;357;1993000429;COTAS;4291869.423371000000000;
202401;237;2018000365;COTAS;4612357.872778000000000;04733518000195
202401;285;9970000000;VL_PG_RC;115312.530000000000000;
202401;357;2006006811;COTAS;12572282.567103000000000;
202401;241;9970000000;COTAS;671010.426348000000000;
202401;552;2002004692;COTAS;183002.961792000000000;
202401;237;2018000365;COTAS;405346.618256000000000;41956824000117
202401;357;2006006811;OPERACAO_PARTICIPANTE;22412400.790000000000000;
202401;552;2002004692;COTAS;43329.185275000000000;
202401;309;2019001683;VL_PG_RC;-32.160000000000000;
202401;357;2020000611;COTAS;2011856.990476000000000;
202401;237;2018000365;COTAS;2954186.260830000000000;
202401;254;1987000447;COTAS;652374706.928890000000000;19226038000105
202401;237;2018000365;COTAS;1602397.701000000000000;47228177000103
202401;535;2021002292;COTAS;94325.295225000000000;09125491000171
202401;237;2018000365;COTAS;1653501.044473000000000;
202401;357;2020000611;COTAS;2715143.704065000000000;
202401;237;2018000365;COTAS;845477.171774000000000;
202401;268;1979003874;COTAS;4729037.214749000000000;
202401;309;9970000000;VL_PG_RC;-12859.340000000000000;
202401;271;1983000256;ACOES;13853541.020000000000000;
202401;237;2018000365;COTAS;1592149.824188000000000;47227862000115
202401;312;1978000383;COTAS;20116840.823817000000000;
202401;271;1983000256;COTAS;2425.561143000000000;
202401;237;9970000000;COTAS;212511.935169000000000;47227862000115
202401;312;1978000383;OPERACAO_PARTICIPANTE;3424930.630000000000000;
202401;535;9970000000;VL_PG_RC;0.000000000000000;
202401;241;1979003947;COTAS;1308736.316453000000000;
202401;549;1979001456;CAIXA;12940.910000000000000;
202401;312;1978000383;TIT_PUB;38980952.110000000000000;
202401;299;1981000518;COTAS;8193753.655689000000000;
202401;549;2005003883;COTAS;632771.317117000000000;
202401;312;2006003429;VL_PG_RC;-629244.090000000000000;
202401;552;2002004692;IMOVEIS;14012840.410000000000000;
202401;241;2010003683;COTAS;32432142.252726000000000;
202401;271;1983000256;COTAS;3891989.173218000000000;
202401;299;1981000518;COTAS;6017657.369173000000000;
202401;299;9970000000;VL_PG_RC;0.000000000000000;
202401;571;1988001218;COTAS;2036268.007014000000000;
202401;549;2010005929;COTAS;177038169.517259000000000;33913650000187
202401;241;2010003683;COTAS;42469648.477050000000000;06290652000194
202401;312;9970000000;VL_PG_RC;-88.020000000000000;
202401;552;1979002665;COTAS;422351.823169000000000;
202401;309;1979003629;COTAS;5615708.888640000000000;
202401;254;1987000447;COTAS;84478384.006022000000000;
202401;571;1988001218;COTAS;52468667.704641000000000;
202401;241;2010003683;COTAS;29425674.858257000000000;
202401;357;2020000611;TIT_PRIV;3705041.620000000000000;
202401;271;1983000256;COTAS;4022343.828433000000000;
202401;552;2002000638;COTAS;627494.137492000000000;
202401;571;1988001218;VL_PG_RC;-8248117.100000000000000;
202401;552;2002000638;COTAS;1057350.421713000000000;
202401;571;2020002418;CAIXA;17109.860000000000000;
202401;552;2002000638;VL_PG_RC;15995630.920000000000000;
202401;241;2010003683;VL_PG_RC;4544248.410000000000000;
202401;357;9970000000;VL_PG_RC;1407625.750000000000000;
202401;552;2002004692;COTAS;74907067.154242000000000;04592305000190
202401;254;1987000447;VL_PG_RC;1233929.680000000000000;
202401;271;2008002111;CAIXA;62167.740000000000000;
202401;326;1979002118;COTAS;42494428.840000000000000;
202401;361;1980002029;COTAS;7710400.000000000000000;
202401;309;1979003629;COTAS;3500750.456785000000000;
202401;271;2008002111;COTAS;202840.237876000000000;
202401;326;1979002118;COTAS;314006177.446234000000000;49997061000164
202401;326;1979002118;OPERACAO_PARTICIPANTE;58678957.725796959600000;
202401;254;2020003147;VL_PG_RC;63521.540000000000000;
202401;361;1980002029;COTAS;17105978.434722000000000;
202401;309;1979003629;OPERACAO_PARTICIPANTE;6580554.330000000000000;
202401;326;2000005683;VL_PG_RC;-343719.660000000000000;
202401;309;2011000165;CAIXA;2386.870000000000000;
202401;271;2008002111;VL_PG_RC;1760.660000000000000;
202401;254;1987000447;IMOVEIS;4727134.780000000000000;
202401;552;2002004692;COTAS;20275553.299936000000000;05142777000104
202401;254;9970000000;COTAS;21187517.627782000000000;
202401;326;2009002938;COTAS;6009081.560000000000000;
202401;571;1988001218;COTAS;8535195.740965000000000;
202401;571;2020002418;COTAS;701594.150628000000000;
202401;271;9970000000;COTAS;532050.707546000000000;
202401;571;1988001218;COTAS;35154165.888111000000000;
202401;309;2011000165;COTAS;112336.635812000000000;
202401;571;9970000000;COTAS;3879718.093759000000000;
202401;285;1979001774;VL_PG_RC;79087786.160000000000000;
202401;571;1988001218;COTAS;48606156.061779000000000;
202401;611;1979000956;VL_PG_RC;-382463.040000000000000;
202401;361;1980002029;COTAS;43113354.117414000000000;
202401;571;1988001218;OPERACAO_PARTICIPANTE;105248724.413981498100000;
202401;254;1987000447;OPERACAO_PARTICIPANTE;17079121.659240529500000;
202401;326;2021002111;COTAS;1807782.010032000000000;
202401;309;2011000165;COTAS;715772.065697000000000;32862022000157
202401;571;2020002418;VL_PG_RC;-7951.510000000000000;
202401;271;1983000256;COTAS;36413.958400000000000;
202401;611;1979004056;COTAS;37265471.283239000000000;
202401;285;1998005283;COTAS;376788478.943587000000000;
202401;309;2011000165;COTAS;2814136.423664000000000;33269204000181
202401;611;1979004056;COTAS;62841602.054590000000000;
202401;571;9970000000;TIT_PUB;18429121.990000000000000;
202401;309;2011000165;VL_PG_RC;-14995.780000000000000;
202401;271;1983000256;COTAS;856107.000000000000000;
202401;326;2021002111;VL_PG_RC;224525.790000000000000;
202401;285;1998005283;COTAS;63941038.966278000000000;
202401;611;1980000638;VL_PG_RC;0.000000000000000;
202401;607;1986000338;VL_PG_RC;1050569.050000000000000;
202401;361;1980002029;VL_PG_RC;170673124.900000000000000;
202401;611;1980001529;CAIXA;23362.430000000000000;
202401;254;9970000000;COTAS;21643666.665168000000000;
202401;361;2001002165;COTAS;4151924.000000000000000;
202401;285;2006000756;TIT_PUB;27450430.390000000000000;
202401;309;2019001519;COTAS;548901.058703000000000;34793104000112
202401;268;1979003874;CAIXA;399866.990000000000000;
202401;361;2001002165;COTAS;8936155.351449000000000;
202401;611;1984001019;TIT_PRIV;42167048.270000000000000;
202401;268;1979003874;COTAS;45068007.179999000000000;
202401;607;9970000000;CAIXA;55848.740000000000000;
202401;611;1990000347;COTAS;120651.754501000000000;40188751000106
202401;309;9970000000;COTAS;10279612.960719000000000;34793104000112
202401;611;1979000956;CAIXA;63871.160000000000000;
202401;361;2001002165;COTAS;401047769.152395000000000;18681157000195
202401;285;9970000000;CAIXA;4033.020000000000000;
202401;611;1979004056;COTAS;3045232.827249000000000;
202401;268;9970000000;CAIXA;51177.200000000000000;
202401;271;2008002111;COTAS;2122200.442592000000000;
202401;611;1990000592;COTAS;1860227.763499000000000;
202401;611;1979004056;COTAS;224842913.873333000000000;
202401;271;1983000256;COTAS;14659064.411835000000000;
202401;271;9970000000;CAIXA;44093.250000000000000;
202401;326;9970000000;COTAS;24931117.544423000000000;49995995000167
202401;299;1981000518;COTAS;7259443.303256000000000;
202401;326;9970000000;TIT_PUB;84309723.780000000000000;
202401;361;2001002238;CAIXA;74753.500000000000000;
202401;271;1983000256;COTAS;20351855.419583000000000;
202401;357;1993000429;COTAS;652259.131833000000000;
202401;361;2001002238;COTAS;139634.151799000000000;
202401;611;1990000592;COTAS;211522.391964000000000;
202401;611;1979004056;COTAS;405362891.712060000000000;
202401;611;1990000592;TIT_PUB;5704883.980000000000000;
202401;285;1979001774;COTAS;195018438.610605000000000;
202401;271;1983000256;OPERACAO_PARTICIPANTE;9044145.340199884300000;
202401;312;1978000138;COTAS;21661046.188479000000000;
202401;299;1981000518;COTAS;5503295.426900000000000;
202401;357;1993000429;IMOVEIS;845471.460000000000000;
202401;271;1983000256;TIT_PUB;587967241.870000000000000;
202401;299;1981000518;OPERACAO_PARTICIPANTE;5264222.729771843300000;
202401;361;2001002238;COTAS;10153280.323417000000000;
202401;357;2006006811;COTAS;9655860.998391000000000;
202401;285;1979001774;TIT_PUB;5846948779.030000000000000;
202401;611;1979004056;COTAS;1185346154.888241000000000;
202401;357;2006006811;COTAS;17251700.459402000000000;
202401;611;1997004038;VL_PG_RC;954821.750000000000000;
202401;611;1979004056;COTAS;15330313.455209000000000;40188751000106
202401;312;1978000138;COTAS;2296873.417285000000000;
202401;285;1998005283;COTAS;72215714.181433000000000;
202401;361;2019002647;COTAS;3134032.918548000000000;
202401;611;1997004674;CAIXA;16020.570000000000000;
202401;309;1979003629;COTAS;130706215.447237000000000;
202401;611;1997004674;COTAS;265347688.461703000000000;
202401;285;2006000756;COTAS;7738280.732733000000000;
202401;611;1980001529;TIT_PRIV;2461827.390000000000000;
202401;309;1979003629;IMOVEIS;23950000.000000000000000;
202401;611;1980001529;VL_PG_RC;-6147.530000000000000;
202401;312;1978000138;COTAS;247222672.813837000000000;
202401;309;1979003629;TIT_PRIV;3809468.390000000000000;
202401;361;2019002647;COTAS;83805557.377641000000000;05855398000161
202401;611;1983000418;COTAS;287706752.023642000000000;
202401;611;1998003183;VL_PG_RC;-19788.700000000000000;
202401;361;2019002647;COTAS;3860247.678888000000000;39725887000110
202401;285;9970000000;OP_COMP;9004850.250000000000000;
202401;611;2006005383;VL_PG_RC;-17044.550000000000000;
202401;312;1978000138;COTAS;4944557.708124000000000;
202401;285;9970000000;TIT_PUB;44613498.740000000000000;
202401;611;2009002547;COTAS;3140328.347070000000000;
202401;361;2019002647;TIT_PUB;15273287.640000000000000;
202401;611;1983000418;OPERACAO_PARTICIPANTE;573329.490000000000000;
202401;611;2009002611;COTAS;6354025.070103000000000;
202401;285;1998005283;CAIXA;2440.730000000000000;
202401;611;9970000000;COTAS;25177936.836166000000000;
202401;299;1981000518;COTAS;7588177.277062000000000;
202401;655;1970000147;CAIXA;2622517.700000000000000;
202401;312;1978000138;COTAS;5029489.563434000000000;
202401;299;1981000518;COTAS;10956143.759946000000000;
202401;655;1970000147;COTAS;8528596.834605000000000;
202401;285;1998005283;COTAS;510201732.349819000000000;
202401;361;9970000000;COTAS;235151348.371838000000000;05855398000161
202401;655;1970000147;COTAS;62628.920335000000000;
202401;285;2006000756;COTAS;3013907.814822000000000;
202401;299;1981000518;IMOVEIS;43190000.000000000000000;
202401;357;2006006811;IMOVEIS;7180552.450000000000000;
202401;299;1981000518;COTAS;6567413.667720000000000;
202401;388;1985001438;CAIXA;42457.300000000000000;
202401;655;1970000147;COTAS;25821651.734549000000000;18330535000196
202401;611;1984001019;COTAS;4408094.445755000000000;
202401;312;1978000138;OPERACAO_PARTICIPANTE;90566977.539799500000000;
202401;655;1970000147;COTAS;1590515.848887000000000;23884799000121
202401;312;1978000138;COTAS;12711381.120501000000000;
202401;299;1981000518;TIT_PUB;469681992.990000000000000;
202401;312;1978000138;TIT_PRIV;86047576.870000000000000;
202401;655;1970000147;COTAS;275763.308572000000000;13294396000179
202401;312;1978000138;COTAS;131390322.532521000000000;
202401;312;1978000383;TIT_PRIV;1172861.110000000000000;
202401;611;1984001019;COTAS;4414016.224919000000000;
202401;312;1978000219;TIT_PUB;57211869.070000000000000;
202401;655;1970000147;COTAS;41132473.423821000000000;32862087000100
202401;357;2020000611;IMOVEIS;2119567.900000000000000;
202401;309;1979003629;COTAS;120331807.964236000000000;33269204000181
202401;299;9970000000;COTAS;7252974.521938000000000;
202401;388;1985001438;COTAS;1734700.479998000000000;11403850000157
202401;611;1990000347;COTAS;349450.889073000000000;
202401;357;2020000611;OPERACAO_PARTICIPANTE;2364448.940000000000000;
202401;312;2006003429;COTAS;2578695.955550000000000;
202401;312;2006003429;COTAS;163669985.467974000000000;
202401;391;1979001529;ACOES;200.000000000000000;
202401;611;1990000347;COTAS;353608.538347000000000;
202401;312;2006003429;TIT_PUB;503388376.710000000000000;
202401;312;9970000000;TIT_PUB;9735354.650000000000000;
202401;309;1979003629;COTAS;9258387.990936000000000;
202401;655;1970000147;COTAS;62511080.568530000000000;32862118000115
202401;309;2011000165;COTAS;1414514.000000000000000;
202401;326;1979002118;COTAS;8884159.410568000000000;
202401;309;1979003629;COTAS;46833732.159943000000000;32862022000157
202401;391;1979001529;COTAS;43562191.520000000000000;
202401;309;2011000165;COTAS;13101767.394702000000000;34793104000112
202401;326;1979002118;VL_PG_RC;104492772.060000000000000;
202401;391;1979001529;COTAS;10843450860.343087000000000;01912197000106
202401;309;2019001683;COTAS;18260.748866000000000;
202401;357;2020000611;TIT_PUB;278242880.830000000000000;
202401;391;1979001529;IMOVEIS;946711515.000000000000000;
202401;312;1978000138;COTAS;273098.456279000000000;
202401;361;1980002029;COTAS;7895.142536000000000;
202401;391;2019000156;COTAS;196375.500000000000000;
202401;326;2000005683;COTAS;139856498.354950000000000;49997061000164
202401;655;1970000147;COTAS;15621288.739564000000000;41556860000193
202401;309;2011000165;OPERACAO_PARTICIPANTE;161267.170000000000000;
202401;611;1997004038;COTAS;239879695.792180000000000;
202401;655;1999003111;COTAS;5783968.731989000000000;33255042000122
202401;309;2011000165;TIT_PUB;392869.030000000000000;
202401;611;1997004674;COTAS;96893157.419924000000000;
202401;655;1999003111;COTAS;1558996.173748000000000;34081202000127
202401;309;2019001519;COTAS;2776.718317000000000;32862022000157
202401;611;1997004674;VL_PG_RC;16927983.610000000000000;
202401;326;2000005683;OPERACAO_PARTICIPANTE;11010704.540709897500000;
202401;391;2020001519;COTAS;117312.800000000000000;
202401;312;1978000138;COTAS;8673091.806198000000000;
202401;611;2009002547;COTAS;13015407.411756000000000;
202401;326;2006001574;COTAS;665211397.997594000000000;49995995000167
202401;655;1999003111;COTAS;110878.552963000000000;41756323000197
202401;611;2009002611;CAIXA;19227.010000000000000;
202401;326;2006001574;COTAS;107204357.093470000000000;49996708000133
202401;655;1999003111;COTAS;261151.518981000000000;49397796000157
202401;611;2009002611;COTAS;22913845.103928000000000;
202401;655;2000005918;COTAS;873488.366199000000000;39997959000189
202401;312;1978000138;IMOVEIS;140483000.000000000000000;
202401;361;2001002165;COTAS;6101370.678434000000000;
202401;309;2019001519;COTAS;22700.172196000000000;33269204000181
202401;312;9970000000;COTAS;124389548.522096000000000;
202401;361;2001002165;COTAS;417591.034864000000000;
202401;309;2019001519;VL_PG_RC;-612.100000000000000;
202401;655;2002000492;COTAS;51144.059029000000000;41902409000180
202401;361;2001002165;IMOVEIS;4830800.000000000000000;
202401;309;9970000000;CAIXA;20935.540000000000000;
202401;655;2002000883;CAIXA;0.000000000000000;
202401;326;2009002938;CAIXA;3138.110000000000000;
202401;361;2001002165;TIT_PUB;2218834143.420000000000000;
202401;477;1985000318;VL_PG_RC;7378805.920000000000000;
202401;655;2002001911;COTAS;532047.040224000000000;19587206000198
202401;361;2001002238;COTAS;-135789.277839000000000;
202401;312;1978000219;TIT_PRIV;3517553.610000000000000;
202401;611;2009002865;COTAS;928846.274498000000000;
202401;312;1978000138;COTAS;896333.199693000000000;
202401;477;1991000138;IMOVEIS;3301709.900000000000000;
202401;655;2002001911;COTAS;23076.946690000000000;41128068000138
202401;312;1978000138;VL_PG_RC;40106848.640000000000000;
202401;494;1981001174;ACOES;49632.090000000000000;
202401;655;2003002219;VL_PG_RC;-9.830000000000000;
202401;611;2009002865;COTAS;886838241.948833000000000;
202401;326;2021002111;OPERACAO_PARTICIPANTE;16777672.859919894000000;
202401;361;2001002238;COTAS;-243116.373621000000000;
202401;326;1979002118;CAIXA;313045.850000000000000;
202401;655;2003002383;COTAS;0.000002000000000;
202401;312;2006003429;CAIXA;11240.800000000000000;
202401;494;2010000838;CAIXA;17557.620000000000000;
202401;611;2009002865;TIT_PRIV;28111365.510000000000000;
202401;357;1993000429;OPERACAO_PARTICIPANTE;1373368.420000000000000;
202401;312;9970000000;CAIXA;12680.240000000000000;
202401;611;2010004418;COTAS;56551993.671162000000000;
202401;326;1979002118;TIT_PUB;797001155.480000000000000;
202401;655;2003002383;IMOVEIS;4828685.080000000000000;
202401;494;9970000000;COTAS;183848.923161000000000;
202401;611;2010004418;COTAS;14512201.407580000000000;
202401;312;1978000219;VL_PG_RC;-24653.670000000000000;
202401;611;2010004418;COTAS;1992554.571027000000000;
202401;504;1998002918;COTAS;472645.427961000000000;
202401;655;2003002456;COTAS;994178.000000000000000;
202401;361;2001002238;COTAS;3921792.966759000000000;
202401;655;2003002456;COTAS;128583.614031000000000;
202401;326;2000005683;CAIXA;96990.280000000000000;
202401;326;2000005683;COTAS;30286965.520000000000000;
202401;361;2001002238;COTAS;4468077.675725000000000;
202401;655;2003002456;COTAS;2454979.805824000000000;41128068000138
202401;535;1982000538;COTAS;11205122.828073000000000;
202401;326;2000005683;TIT_PUB;313881975.540000000000000;
202401;312;2006003429;COTAS;574218.347842000000000;
202401;357;2006006811;CAIXA;1244936.950000000000000;
202401;611;2019002019;COTAS;1103979.334046000000000;
202401;655;2003002529;COTAS;22926877.130395000000000;
202401;611;2019002019;COTAS;1117114.109350000000000;
202401;655;2003002618;COTAS;0.000009000000000;
202401;611;2019002183;COTAS;1194671.271645000000000;
202401;326;2006001574;VL_PG_RC;-107067.920000000000000;
202401;312;2006003429;TIT_PRIV;70402555.680000000000000;
202401;361;2001002238;COTAS;82525517.543096000000000;18681157000195
202401;357;2006006811;COTAS;744708.548616000000000;
202401;655;2003002618;COTAS;2456843.850900000000000;36617506000191
202401;312;9970000000;COTAS;123131.769206000000000;
202401;611;9970000000;CAIXA;260120.410000000000000;
202401;655;1970000147;ACOES;262429729.200000000000000;
202401;326;1979002118;COTAS;18128264.766163000000000;49996708000133
202401;357;2006006811;COTAS;5271308.497188000000000;
202401;655;2003002618;COTAS;16222574.416097000000000;39997959000189
202401;326;2000005683;COTAS;50295258.028938000000000;49996708000133
202401;655;1970000147;COTAS;510296.761412000000000;
202401;655;2003002618;IMOVEIS;12904116.090000000000000;
202401;326;2021002111;TIT_PRIV;2946725.360000000000000;
202401;655;1970000147;COTAS;47449.979010000000000;
202401;361;2019002647;COTAS;3517273.234369000000000;18681157000195
202401;535;1999005147;COTAS;389429943.209047000000000;
202401;326;2006001574;IMOVEIS;60578746.250000000000000;
202401;361;2022002938;COTAS;369692.042369000000000;05855398000161
202401;535;2019002574;COTAS;1000768.757997000000000;
202401;655;2003002618;TIT_PUB;174001746.810000000000000;
202401;361;2022002938;VL_PG_RC;-121.440000000000000;
202401;357;1993000429;ACOES;2853.960000000000000;
202401;655;1970000147;COTAS;136233.030482000000000;10430028000112
202401;388;1985001438;VL_PG_RC;2442262.050000000000000;
202401;535;2019002574;COTAS;63342.580216000000000;
202401;655;2004001356;CAIXA;0.000000000000000;
202401;326;2009002938;COTAS;8004157.014697000000000;49996708000133
202401;535;2019002574;COTAS;232412.558747000000000;
202401;655;1970000147;COTAS;117829287.225765000000000;34081202000127
202401;391;1979001529;VL_PG_RC;330827449.280000000000000;
202401;655;1999003111;COTAS;10596562.891546000000000;32862087000100
202401;535;2019002574;COTAS;1359850.101917000000000;02846259000183
202401;391;2019000156;COTAS;197080.500000000000000;
202401;357;1993000429;COTAS;282585.257210000000000;
202401;357;2006006811;TIT_PUB;606869671.360000000000000;
202401;391;2019000156;COTAS;107173.599994000000000;
202401;326;2006001574;OPERACAO_PARTICIPANTE;27907521.024188805300000;
202401;655;1999003111;COTAS;789735.487739000000000;32862118000115
202401;655;2004001747;COTAS;494077.489608000000000;
202401;326;2006001574;TIT_PUB;809344253.030000000000000;
202401;655;2004002638;COTAS;2608087.913156000000000;41902409000180
202401;326;2009002938;VL_PG_RC;-58296.280000000000000;
202401;655;1999003111;COTAS;87373.979881000000000;41556860000193
202401;655;2004002638;COTAS;1680132.000000000000000;50006439000108
202401;326;2021002111;COTAS;187383365.655499000000000;49995995000167
202401;655;2005000411;CAIXA;1015.660000000000000;
202401;535;2019002574;VL_PG_RC;-14890.480000000000000;
202401;357;1993000429;COTAS;1750543.702321000000000;
202401;655;2000005918;COTAS;1829463.240018000000000;33255042000122
202401;357;2020000611;ACOES;7019.640000000000000;
202401;326;2021002111;CAIXA;3275.900000000000000;
202401;655;2000005918;COTAS;3019553.325933000000000;34791568000190
202401;535;2021002292;COTAS;34782.021499000000000;
202401;357;2006006811;ACOES;23780.280000000000000;
202401;655;2002000492;COTAS;3747156.179301000000000;33255042000122
202401;655;2006001256;COTAS;3673768.364586000000000;
202401;655;2007001519;CAIXA;2931833.000000000000000;
202401;357;2006006811;COTAS;0.172283000000000;
202401;357;2020000611;COTAS;1090805.388468000000000;
202401;326;2021002111;COTAS;27380804.240793000000000;49996708000133
202401;655;2007001519;COTAS;589084.060564000000000;23884799000121
202401;357;2006006811;COTAS;8643187.391035000000000;
202401;655;2002000492;COTAS;54513.874680000000000;41128068000138
202401;391;2020001519;COTAS;109242.000000000000000;
202401;549;1979001456;VL_PG_RC;220648.880000000000000;
202401;326;2021002111;COTAS;21705800.820000000000000;
202401;361;1980002029;COTAS;-462929.207836000000000;
202401;391;2022002865;COTAS;45349.200000000000000;
202401;655;2007001519;COTAS;10467633.845346000000000;
202401;357;2006006811;COTAS;2807221.935493000000000;
202401;655;2002000492;COTAS;71832.901311000000000;41756323000197
202401;391;9970000000;COTAS;1638690.501972000000000;
202401;326;2022001419;COTAS;43453.634097000000000;49995995000167
202401;357;2020000611;COTAS;4263227.072869000000000;
202401;655;2002001911;COTAS;355218.663942000000000;32862118000115
202401;401;1988000629;VL_PG_RC;0.000000000000000;
202401;655;2007001519;COTAS;2044264529.759541000000000;32862118000115
202401;655;2002001911;COTAS;1242148.477828000000000;39997959000189
202401;477;1991000138;COTAS;27710.905818000000000;
202401;655;2008002756;COTAS;1309030.746608000000000;19587206000198
202401;326;2022001419;VL_PG_RC;0.000000000000000;
202401;357;1993000429;COTAS;2919.155827000000000;
202401;326;9970000000;CAIXA;219780.780000000000000;
202401;477;9970000000;COTAS;9868.299251000000000;
202401;361;1980002029;COTAS;129760.158421000000000;
202401;655;2003002219;COTAS;6632256.378369000000000;
202401;357;1993000429;COTAS;86544.004970000000000;
202401;655;2003002383;COTAS;147665.500000000000000;
202401;357;1993000429;TIT_PUB;109552985.850000000000000;
202401;549;2005003883;COTAS;41379621.486536000000000;33913663000156
202401;655;2003002383;COTAS;19098.526535000000000;
202401;655;2008002756;COTAS;1361149.500529000000000;29045373000160
202401;655;2003002383;VL_PG_RC;5327482.640000000000000;
202401;361;1980002029;COTAS;6030101.383290000000000;
202401;549;2010005929;CAIXA;15360.980000000000000;
202401;655;2008002756;COTAS;10564742.208251000000000;34791568000190
202401;357;2006006811;COTAS;24343.684917000000000;
202401;357;2006006811;COTAS;11688404.574051000000000;
202401;655;2003002456;CAIXA;3777.130000000000000;
202401;494;1981001174;TIT_PRIV;612935.980000000000000;
202401;361;1980002029;COTAS;265807.625839000000000;
202401;357;2020000611;COTAS;7189.070243000000000;
202401;655;2003002456;COTAS;-174503.552483000000000;
202401;494;2010000838;VL_PG_RC;0.000000000000000;
202401;357;2020000611;COTAS;2967369.599360000000000;
202401;655;2003002618;COTAS;716128.500000000000000;
202401;494;9970000000;CAIXA;32845.140000000000000;
202401;552;1979002665;COTAS;1703599.200000000000000;
202401;361;1980002029;COTAS;38236425.523457000000000;
202401;357;2020000611;COTAS;16518610.092998000000000;
202401;655;2004002565;VL_PG_RC;0.000000000000000;
202401;361;2001002165;COTAS;31223501.304197000000000;
202401;655;2008002756;VL_PG_RC;-110447.330000000000000;
202401;361;1980002029;COTAS;11382680.541838000000000;
202401;361;1980002029;COTAS;3536295.444905000000000;
202401;357;2020000611;CAIXA;373992.610000000000000;
202401;504;1982001119;COTAS;3536901.837916000000000;
202401;655;2009000374;CAIXA;0.000000000000000;
202401;655;2004002638;COTAS;27265257.077388000000000;33255042000122
202401;655;2010000447;COTAS;3405926.750297000000000;19587206000198
202401;552;1979002665;COTAS;126190300.253137000000000;04592305000190
202401;655;2004002638;COTAS;8282762.498496000000000;39997959000189
202401;504;1998002918;COTAS;728405.841896000000000;
202401;655;2010000447;COTAS;3541532.929713000000000;29045373000160
202401;552;1979002665;TIT_PUB;493609074.030000000000000;
202401;361;1980002029;COTAS;14370066.822437000000000;
202401;504;1998002918;COTAS;584012.365211000000000;
202401;552;2002000638;COTAS;93726412.975879000000000;05142777000104
202401;357;2020000611;COTAS;2152865.060816000000000;
202401;361;2001002165;COTAS;816623007.298231000000000;05855398000161
202401;655;2005000411;VL_PG_RC;0.000000000000000;
202401;361;1980002029;COTAS;97539538.362513000000000;39725887000110
202401;655;2010000447;COTAS;27488077.140022000000000;34791568000190
202401;655;2007001519;COTAS;4657841.635749000000000;21397791000105
202401;361;2001002165;COTAS;18369.444666000000000;
202401;655;2010000447;VL_PG_RC;0.000000000000000;
202401;361;2001002238;COTAS;58371.306856000000000;
202401;535;1982000538;CAIXA;26510.670000000000000;
202401;552;2002004692;CAIXA;146696.250000000000000;
202401;655;2007001519;COTAS;601314874.380344000000000;34081202000127
202401;535;1982000538;COTAS;21058669.958068000000000;
202401;361;1980002029;COTAS;15200687.536229000000000;
202401;361;2001002238;COTAS;3015050.691645000000000;
202401;535;1982000538;COTAS;26371386.390109000000000;
202401;361;1980002029;COTAS;126127821.136339000000000;05855398000161
202401;655;2010001583;COTAS;373640.226671000000000;19587206000198
202401;552;2002004692;COTAS;108604.754357000000000;
202401;535;1982000538;COTAS;16104971.294939000000000;
202401;655;2010001583;VL_PG_RC;0.000000000000000;
202401;361;2001002238;OPERACAO_PARTICIPANTE;14453308.610000000000000;
202401;655;2007001519;COTAS;43021616.187080000000000;41128068000138
202401;357;2020000611;VL_PG_RC;3227808.520000000000000;
202401;655;2010004019;COTAS;1160176.518411000000000;29045373000160
202401;361;2001002165;COTAS;8403842.106870000000000;
202401;535;1999005147;OPERACAO_PARTICIPANTE;8721148.340000000000000;
202401;655;2010004019;COTAS;9004863.815022000000000;34791568000190
202401;655;2007001519;COTAS;272449424.806978000000000;41756323000197
202401;535;2019002574;COTAS;1825033.309683000000000;09125491000171
202401;549;2005003883;VL_PG_RC;572761.400000000000000;
202401;552;9970000000;COTAS;9074007.650000000000000;
202401;357;9970000000;COTAS;13598653.967174000000000;
202401;549;9970000000;VL_PG_RC;-2829.680000000000000;
202401;655;2009002792;CAIXA;0.000000000000000;
202401;571;1988001218;COTAS;211297.625307000000000;
202401;552;1979002665;CAIXA;139016.340000000000000;
202401;361;2001002165;COTAS;41054940.250613000000000;
202401;361;2001002238;TIT_PUB;1140823197.970000000000000;
202401;361;2001002165;COTAS;22651322.561583000000000;
202401;655;2018000292;COTAS;-2237988.252548000000000;
202401;655;2010000447;COTAS;30511561.165831000000000;32862087000100
202401;655;2018000292;COTAS;14825893.022496000000000;19587206000198
202401;571;1988001218;COTAS;24696614.797021000000000;
202401;357;9970000000;TIT_PUB;556138.530000000000000;
202401;655;2010000447;COTAS;251583.136722000000000;41556860000193
202401;361;1980002029;COTAS;-258947.000563000000000;
202401;655;2018000292;COTAS;21066276.843408000000000;20815620000196
202401;552;1979002665;COTAS;711678.171503000000000;
202401;361;2001002165;COTAS;8449591.763266000000000;
202401;361;2019002647;COTAS;12912686.548316000000000;
202401;361;2001002165;COTAS;13232648.033977000000000;
202401;655;2010001583;CAIXA;0.000000000000000;
202401;571;1988001218;COTAS;37230602.617978000000000;
202401;361;2001002165;COTAS;79976967.525000000000000;
202401;655;2018000292;COTAS;439517941.831316000000000;29045373000160
202401;655;2010001583;COTAS;859084.788995000000000;36617506000191
202401;361;2001002238;COTAS;4147.468843000000000;
202401;388;1985001438;COTAS;1969313.650001000000000;
202401;361;2001002165;OPERACAO_PARTICIPANTE;55185500.740000000000000;
202401;571;2020002418;COTAS;2594545.600894000000000;
202401;388;1985001438;COTAS;1477077.400000000000000;
202401;655;2010001583;COTAS;27599.413379000000000;41556860000193
202401;361;2001002165;TIT_PRIV;1364889.600000000000000;
202401;552;1979002665;COTAS;17661859.380081000000000;05142777000104
202401;391;1979001529;COTAS;913.554023000000000;
202401;655;2018000292;COTAS;491827953.790211000000000;34791568000190
202401;361;2001002238;COTAS;19391780.255240000000000;
202401;391;1979001529;COTAS;18916148.858995000000000;
202401;655;2010004019;COTAS;1470541.370630000000000;34081202000127
202401;361;2001002238;COTAS;0.016998000000000;
202401;552;9970000000;COTAS;81334.649940000000000;
202401;655;2018000292;COTAS;1649113.573179000000000;
202401;361;1980002029;COTAS;4648908.000000000000000;
202401;571;2020002418;COTAS;797091.690001000000000;
202401;655;2019003619;TIT_PUB;4296550015.220000000000000;
202401;361;1980002029;COTAS;4482049.116674000000000;
202401;611;1979000956;ACOES;1207054.280000000000000;
202401;361;2001002238;COTAS;10907373.155951000000000;
202401;655;2018000292;COTAS;7806010.501417000000000;
202401;361;1980002029;COTAS;8449591.763266000000000;
202401;655;2018000292;COTAS;40640814.039904000000000;21397791000105
202401;361;1980002029;COTAS;43064520.975000000000000;
202401;655;2019003783;TIT_PUB;2486919944.200000000000000;
202401;552;9970000000;COTAS;11185196.256300000000000;05142777000104
202401;361;1980002029;IMOVEIS;23886140.000000000000000;
202401;361;2001002238;COTAS;4648908.000000000000000;
202401;655;2021000011;COTAS;356190036.611668000000000;33255042000122
202401;571;1988001218;COTAS;9458074.429497000000000;
202401;361;2019002647;COTAS;2024177.936759000000000;
202401;361;1980002029;TIT_PRIV;2773770.940000000000000;
202401;391;1979001529;COTAS;68665271.774563000000000;
202401;655;2021000011;COTAS;51671148.897413000000000;34081202000127
202401;611;1979000956;COTAS;139048961.970555000000000;
202401;655;2018000292;COTAS;2743351030.886020000000000;
202401;361;2019002647;VL_PG_RC;-86600.010000000000000;
202401;655;2021000011;COTAS;71922317.893691000000000;39997959000189
202401;571;1988001218;COTAS;8031241.303223000000000;
202401;361;2022002938;COTAS;10918.344476000000000;18681157000195
202401;655;2021000011;COTAS;46479003.766983000000000;41756323000197
202401;571;2020002418;COTAS;81365.515692000000000;
202401;611;1979000956;COTAS;5819193.186736000000000;
202401;655;2021000011;TIT_PRIV;10700397.640000000000000;
202401;361;2001002238;COTAS;11382680.541838000000000;
202401;571;2020002418;COTAS;461224.833637000000000;
202401;361;2001002165;CAIXA;80621.050000000000000;
202401;388;1985001438;COTAS;195956492.940004000000000;
202401;361;2001002238;COTAS;2357530.296603000000000;
202401;571;2020002418;COTAS;291139.912128000000000;
202401;655;2021003183;COTAS;214.073235000000000;
202401;655;2018000292;COTAS;851178.224042000000000;13442691000125
202401;361;2001002238;VL_PG_RC;-202128.400000000000000;
202401;391;1979001529;COTAS;966472101.787200000000000;17405933000161
202401;361;2019002647;COTAS;150752.534532000000000;
202401;391;1979001529;COTAS;732839371.847545000000000;19351264000118
202401;361;2001002165;COTAS;22939346.033483000000000;
202401;391;2019000156;COTAS;187804.000000000000000;
202401;655;2018000292;COTAS;157351931.713574000000000;36617506000191
202401;388;1985001438;COTAS;101671424.440096000000000;
202401;655;2021003183;COTAS;-711.927340000000000;
202401;361;2001002238;COTAS;3366506.000000000000000;
202401;655;2018000292;COTAS;1085538940.509126000000000;39997959000189
202401;361;2001002238;COTAS;9884505.089236000000000;
202401;611;1979004056;COTAS;19307294.996293000000000;
202401;611;1979004056;COTAS;22466517.505899000000000;
202401;391;1979001529;COTAS;7788844.714859000000000;
202401;655;2021003183;COTAS;1081670.008241000000000;
202401;655;2021003183;COTAS;1599125.730000000000000;
202401;611;1979004056;COTAS;14383290.467248000000000;
202401;655;2021000011;CAIXA;460643.220000000000000;
202401;361;2001002238;COTAS;10188610.411332000000000;
202401;655;2021003183;COTAS;2653080.648292000000000;18330535000196
202401;391;2019000156;COTAS;187340.000000000000000;
202401;391;1979001529;COTAS;75883570.476946000000000;
202401;361;2022002938;CAIXA;575.130000000000000;
202401;391;2020001519;COTAS;107501.600000000000000;
202401;361;2001002238;COTAS;81868184.328050000000000;39725887000110
202401;388;1985001438;COTAS;6029415.740000000000000;
202401;391;2022002865;TIT_PUB;2555050.330000000000000;
202401;388;9970000000;CAIXA;10294.560000000000000;
202401;571;2020002418;COTAS;413318.401601000000000;
202401;611;1979004056;COTAS;115190391.000852000000000;
202401;571;2020002418;COTAS;159507.123763000000000;
202401;388;9970000000;COTAS;3160527.030358000000000;
202401;361;9970000000;COTAS;3032478.483433000000000;04165971000142
202401;611;1979000956;COTAS;150320147.472332000000000;
202401;361;9970000000;VL_PG_RC;-10344.440000000000000;
202401;391;1979001529;COTAS;44820491.670008000000000;
202401;655;2021003183;COTAS;61990.654684000000000;21397715000108
202401;388;9970000000;VL_PG_RC;-6628.600000000000000;
202401;391;9970000000;VL_PG_RC;-4915.620000000000000;
202401;655;2021000011;COTAS;-126664.438942000000000;
202401;611;1979000956;COTAS;10560090.441232000000000;
202401;388;1985001438;COTAS;1950421.510002000000000;
202401;655;2021000011;COTAS;-6103.846192000000000;
202401;391;1979001529;CAIXA;20697.250000000000000;
202401;388;1985001438;COTAS;3419986.420141000000000;03394711000186
202401;391;1979001529;COTAS;34119612.050000000000000;
202401;391;1979001529;COTAS;0.027147000000000;
202401;611;1979004056;COTAS;941149.864482000000000;
202401;391;1979001529;COTAS;16265554.033658000000000;
202401;611;1979004056;COTAS;23338336.375261000000000;
202401;391;1979001529;COTAS;56168509.454635000000000;
202401;391;1979001529;COTAS;4700247.198021000000000;
202401;391;2019000156;COTAS;209296.700000000000000;
202401;611;1979004056;IMOVEIS;445575754.450000000000000;
202401;391;2020001519;COTAS;107836.500000000000000;
202401;401;1997000611;CAIXA;41674.650000000000000;
202401;655;2021003183;COTAS;177561.425530000000000;23884789000196
202401;401;1997000611;COTAS;55295261.234756000000000;37242232000166
202401;655;2021003183;COTAS;11931.995802000000000;13442691000125
202401;611;1979004056;OPERACAO_PARTICIPANTE;15586696.884045952400000;
202401;655;2021003183;COTAS;32637.408484000000000;21397837000196
202401;611;1983000418;COTAS;15948137.182161000000000;
202401;611;1979004056;COTAS;62102724.692409000000000;
202401;655;2021000011;IMOVEIS;127976737.610000000000000;
202401;391;2020001519;COTAS;118555.169996000000000;
202401;391;2020001519;COTAS;331934.450015000000000;
202401;655;2021003183;COTAS;138303.194876000000000;
202401;391;2020001519;TIT_PUB;3698046.790000000000000;
202401;391;2022002865;COTAS;47101.000000000000000;
202401;611;1983000418;VL_PG_RC;115434.470000000000000;
202401;391;2022002865;COTAS;44036.800000000000000;
202401;611;1984001019;COTAS;224083.299910000000000;
202401;655;2021003183;COTAS;3201426.466514000000000;41902409000180
202401;401;9970000000;CAIXA;14978.700000000000000;
202401;611;1984001019;COTAS;5834584.075984000000000;
202401;655;2021003183;COTAS;114366.299101000000000;20820603000147
202401;391;2022002865;COTAS;200896.269999000000000;
202401;655;9970000000;ACOES;15319031.720000000000000;
202401;391;1979001529;COTAS;33897016.385994000000000;
202401;401;9970000000;COTAS;1134253.210007000000000;
202401;611;1983000418;COTAS;4293441.522694000000000;
202401;477;1985000318;COTAS;2951129.001453000000000;
202401;401;1988000629;CAIXA;5254.990000000000000;
202401;611;1983000418;COTAS;1197507.349231000000000;
202401;477;1991000138;COTAS;35261148.209389000000000;
202401;391;1979001529;COTAS;46676672.727269000000000;
202401;655;2021003183;COTAS;490213.770695000000000;05117292000160
202401;655;9970000000;COTAS;2657193.399633000000000;05117292000160
202401;611;1984001019;COTAS;1650823914.363841000000000;
202401;655;9970000000;COTAS;339185.278010000000000;11965107000190
202401;391;2022002865;COTAS;45517.500000000000000;
202401;391;2019000156;CAIXA;3112.430000000000000;
202401;391;2022002865;COTAS;31614.710000000000000;
202401;401;1988000629;COTAS;781167096.105617000000000;05024903000126
202401;611;1984001019;COTAS;287115026.378848000000000;
202401;477;9970000000;CAIXA;76227.260000000000000;
202401;477;1985000318;CAIXA;9794.120000000000000;
202401;655;2021003183;COTAS;1537052.131368000000000;41128068000138
202401;611;1984001019;COTAS;10646373.716333000000000;42378811000170
202401;494;1981001174;COTAS;16925478.310284000000000;
202401;477;9970000000;IMOVEIS;1352678.470000000000000;
202401;655;2021003183;COTAS;4318338.456226000000000;41756323000197
202401;494;2010000838;COTAS;24587151.516526000000000;
202401;494;1981001174;COTAS;14535968.940345000000000;
202401;655;9970000000;COTAS;1293487.355543000000000;21397791000105
202401;611;1984001019;COTAS;63004599.415347000000000;
202401;504;1982001119;COTAS;18353654.630446000000000;
202401;655;9970000000;COTAS;323075187.521834000000000;
202401;504;1982001119;CAIXA;205451.850000000000000;
202401;611;1984001019;COTAS;42540110.123242000000000;
202401;401;1997000611;COTAS;2288388.239885000000000;
202401;655;9970000000;COTAS;18600670.956544000000000;36615983000118
202401;391;2019000156;OP_COMP;29580.360000000000000;
202401;655;9970000000;COTAS;12471.608254000000000;13442691000125
202401;504;1982001119;COTAS;115391166.605846000000000;
202401;611;1990000347;CAIXA;11767.500000000000000;
202401;401;1997000611;TIT_PUB;270368998.390000000000000;
202401;504;1982001119;IMOVEIS;84705070.000000000000000;
202401;504;1982001119;COTAS;4581620174.937744000000000;
202401;655;9970000000;COTAS;1153185.861993000000000;41902409000180
202401;655;9970000000;COTAS;325723125.493596000000000;32862087000100
202401;504;1982001119;OPERACAO_PARTICIPANTE;36294585.906344853600000;
202401;504;1998002918;COTAS;5076208.039147000000000;
202401;611;1984001019;VL_PG_RC;11871957.330000000000000;
202401;477;1991000138;VL_PG_RC;1527072.350000000000000;
202401;391;2020001519;CAIXA;2080.260000000000000;
202401;655;9970000000;COTAS;5040396.000000000000000;50006439000108
202401;655;9970000000;COTAS;5060419.650000000000000;50069605000107
202401;611;1997004038;CAIXA;194544.010000000000000;
202401;504;1982001119;TIT_PUB;1087052164.370000000000000;
202401;686;1978000529;CAIXA;69648.280000000000000;
202401;504;1998002918;COTAS;92611.534937000000000;
202401;611;1990000347;COTAS;14999841.977884000000000;
202401;686;2022000765;COTAS;166006.807376000000000;
202401;655;9970000000;COTAS;78268495.295556000000000;32862118000115
202401;477;9970000000;VL_PG_RC;635517.270000000000000;
202401;391;2020001519;OP_COMP;1594.760000000000000;
202401;655;9970000000;COTAS;2068921.137600000000000;36617506000191
202401;391;2020001519;VL_PG_RC;-2625.040000000000000;
202401;494;1981001174;TIT_PUB;241651079.280000000000000;
202401;535;1982000538;COTAS;4481291.334914000000000;
202401;686;2022000765;COTAS;24400673.250090000000000;
202401;494;9970000000;VL_PG_RC;0.000000000000000;
202401;535;1982000538;COTAS;6533997.300000000000000;
202401;611;1997004674;COTAS;254483004.793227000000000;
202401;504;1998002918;COTAS;349781.454958000000000;
202401;535;1982000538;COTAS;14884847.793149000000000;
202401;611;1998003183;CAIXA;12159.330000000000000;
202401;504;9970000000;CAIXA;315106.490000000000000;
202401;535;2019002574;COTAS;447618.778123000000000;
202401;686;2022000765;VL_PG_RC;55787746.000000000000000;
202401;611;1990000347;COTAS;1102580.489707000000000;
202401;535;1982000538;COTAS;25414478.324402000000000;
202401;686;2022001192;ACOES;6449010.560000000000000;
202401;686;2022000765;IMOVEIS;62988600.000000000000000;
202401;611;2006005383;COTAS;9610871.661695000000000;
202401;391;2022002865;COTAS;44494.700000000000000;
202401;686;2022001192;TIT_PUB;2921764.620000000000000;
202401;504;9970000000;COTAS;3652186.866593000000000;
202401;686;9970000000;CAIXA;92430.080000000000000;
202401;686;2022001192;COTAS;23784.039813000000000;
202401;535;1982000538;COTAS;20070609.355686000000000;
202401;611;2006005383;COTAS;17628617.428411000000000;
202401;611;1990000347;TIT_PRIV;2071714.780000000000000;
202401;549;2010005929;OPERACAO_PARTICIPANTE;4175289.890000000000000;
202401;691;1981000429;CAIXA;549919.370000000000000;
202401;391;2022002865;OP_COMP;797.380000000000000;
202401;686;2022001192;COTAS;5328904.769999000000000;
202401;611;1990000347;TIT_PUB;18153430.180000000000000;
202401;552;1979002665;VL_PG_RC;8263732.900000000000000;
202401;552;2002000638;CAIXA;312913.420000000000000;
202401;611;2006005383;OPERACAO_PARTICIPANTE;645569.998227764400000;
202401;686;2022001192;VL_PG_RC;7979234.310000000000000;
202401;535;1982000538;IMOVEIS;40473211.800000000000000;
202401;535;1982000538;COTAS;38583799.509055000000000;
202401;391;9970000000;CAIXA;15839.510000000000000;
202401;535;2019002574;COTAS;371459.653953000000000;
202401;552;2002004692;VL_PG_RC;3539188.080000000000000;
202401;686;2022001656;TIT_PUB;10866633.960000000000000;
202401;571;1988001218;COTAS;558469.058400000000000;
202401;535;1982000538;COTAS;36647133.702219000000000;
202401;611;2006005383;TIT_PUB;107511914.590000000000000;
202401;571;1988001218;COTAS;116528989.550000000000000;
202401;535;1982000538;COTAS;22660090.876625000000000;
202401;611;1990000592;COTAS;9457318.295090000000000;
202401;535;1982000538;COTAS;16505677.269208000000000;
202401;691;1981000429;COTAS;7196875.777165000000000;
202401;571;1988001218;COTAS;1632030.276127000000000;
202401;691;1981000429;COTAS;6223254.345507000000000;
202401;571;1988001218;COTAS;10373962.200000000000000;
202401;691;1981000429;COTAS;1315232.131754000000000;
202401;401;1997000611;VL_PG_RC;71762.740000000000000;
202401;571;1988001218;COTAS;23362764.712484000000000;
202401;611;1997004674;COTAS;74611661.054225000000000;
202401;535;1982000538;COTAS;53766538.700687000000000;
202401;571;1988001218;COTAS;47599409.947744000000000;
202401;691;1981000429;OPERACAO_PARTICIPANTE;287484808.771080530000000;
202401;691;1981000429;ACOES;56133301.400000000000000;
202401;571;1988001218;COTAS;5801950.372027000000000;
202401;691;2002004765;COTAS;0.000250000000000;
202401;535;1982000538;COTAS;239250369.044072000000000;17689994000106
202401;691;2002004765;COTAS;13434106.048889000000000;
202401;611;2009002547;COTAS;219158.674216000000000;
202401;535;1982000538;VL_PG_RC;5246267.540000000000000;
202401;494;1981001174;CAIXA;178914.590000000000000;
202401;691;1981000429;COTAS;15903003.210563000000000;
202401;611;2009002547;TIT_PUB;520211480.380000000000000;
202401;535;2019002574;COTAS;795211.950260000000000;
202401;504;1982001119;SWAP;491960501.800000000000000;
202401;611;2009002611;COTAS;2364719.614984000000000;
202401;535;2019002574;COTAS;8283890.478657000000000;17689994000106
202401;691;2002004765;COTAS;102550237.057577000000000;43122405000105
202401;504;1982001119;VL_PG_RC;54892397.140000000000000;
202401;611;2009002865;CAIXA;34038.870000000000000;
202401;571;1988001218;IMOVEIS;65265907.890000000000000;
202401;691;2002004765;IMOVEIS;76438133.990000000000000;
202401;571;2020002418;COTAS;365629.042070000000000;
202401;611;2009002865;COTAS;593292937.374473000000000;
202401;691;1981000429;COTAS;29792374.100000000000000;
202401;611;1997004674;COTAS;5293238.120303000000000;
202401;691;1981000429;COTAS;-663730.729020000000000;
202401;611;2006005383;COTAS;1237260.474365000000000;
202401;691;1981000429;COTAS;1292000.000000000000000;
202401;571;2020002418;COTAS;3949373.220256000000000;
202401;611;2009002865;COTAS;31610167.336318000000000;
202401;611;2009002547;COTAS;1035133.631046000000000;
202401;611;2010004418;COTAS;1763103.339839000000000;
202401;549;1979001456;COTAS;220135026.904458000000000;33913659000198
202401;504;9970000000;VL_PG_RC;-772.560000000000000;
202401;691;2002004765;TIT_PUB;7090178207.970000000000000;
202401;549;1979001456;COTAS;30176608.321913000000000;33913669000123
202401;611;2010004418;VL_PG_RC;1212566.200000000000000;
202401;549;1979001456;OPERACAO_PARTICIPANTE;4248724.390000000000000;
202401;535;1982000538;COTAS;2807854.464725000000000;
202401;691;1981000429;COTAS;99226709.145000000000000;42067084000120
202401;691;9970000000;TIT_PUB;275871658.700000000000000;
202401;691;1981000429;VL_PG_RC;-526511199.660000000000000;
202401;611;2019002019;CAIXA;15230.620000000000000;
202401;535;1982000538;COTAS;13512938.618418000000000;
202401;611;2019002183;COTAS;98027185.436936000000000;
202401;549;2005003883;COTAS;9761017.111137000000000;33913669000123
202401;691;2002004765;ACOES;91017735.800000000000000;
202401;571;9970000000;COTAS;4848613.809449000000000;
202401;691;2002004765;COTAS;42006902.900000000000000;
202401;611;2019002183;COTAS;64913322.139406000000000;
202401;607;1986000338;CAIXA;51735.020000000000000;
202401;549;2010005929;COTAS;649748.249347000000000;
202401;535;1982000538;COTAS;81150759.639783000000000;05092810000139
202401;611;2019002183;TIT_PUB;24360924.910000000000000;
202401;611;2009002611;COTAS;49192142.196807000000000;
202401;535;1982000538;COTAS;735365991.596281000000000;10586926000164
202401;552;1979002665;COTAS;954040.098682000000000;
202401;611;2009002611;TIT_PRIV;10351597.170000000000000;
202401;535;1982000538;OPERACAO_PARTICIPANTE;100534359.691479345500000;
202401;552;1979002665;COTAS;158628.895770000000000;
202401;607;9970000000;VL_PG_RC;0.000000000000000;
202401;535;1999005147;COTAS;158336846.650810000000000;
202401;655;1970000147;COTAS;10032.765780000000000;
202401;713;1983000183;VL_PG_RC;8257772.350000000000000;
202401;611;1979000956;COTAS;22367938.113598000000000;
202401;655;1970000147;COTAS;-33365.810286000000000;
202401;611;1979000956;IMOVEIS;10216860.000000000000000;
202401;655;1970000147;COTAS;1728153.120479000000000;23884789000196
202401;611;1979004056;COTAS;148228830.369921000000000;
202401;655;1970000147;COTAS;1402681483.378152000000000;
202401;611;1979004056;COTAS;10931682.049956000000000;42378671000130
202401;655;1970000147;COTAS;2258556.419114000000000;11965107000190
202401;535;1999005147;VL_PG_RC;22920990.400000000000000;
202401;611;2009002611;TIT_PUB;121613230.630000000000000;
202401;535;2019002574;COTAS;146309.257553000000000;
202401;535;2019002574;COTAS;410761.286602000000000;
202401;611;1979004056;TIT_PRIV;61156975.190000000000000;
202401;535;2019002574;COTAS;148713.002466000000000;
202401;655;1970000147;COTAS;1389825.375887000000000;19587206000198
202401;535;2019002574;COTAS;1365550.197462000000000;05092810000139
202401;535;2021002292;COTAS;16303.633953000000000;
202401;611;2009002865;COTAS;5197384.275436000000000;
202401;611;2009002865;COTAS;864052897.712585000000000;
202401;611;1980001529;COTAS;616699.998986000000000;
202401;552;1979002665;IMOVEIS;52184990.770000000000000;
202401;655;1970000147;COTAS;6496669.690777000000000;20815620000196
202401;611;1983000418;COTAS;3159395.656278000000000;
202401;655;1970000147;COTAS;61448433.493729000000000;36617506000191
202401;535;2021002292;COTAS;323095.990948000000000;02846259000183
202401;713;2006001892;COTAS;9762345.066793000000000;
202401;655;1970000147;COTAS;15954178.538527000000000;41902409000180
202401;655;1970000147;VL_PG_RC;436290338.000000000000000;
202401;611;2019002019;COTAS;12127484.604502000000000;
202401;655;1999003111;COTAS;6214255.616762000000000;
202401;552;2002000638;COTAS;2677166.900000000000000;
202401;611;2019002019;COTAS;4833648.015803000000000;
202401;549;2005003883;COTAS;322450984.921399000000000;33913650000187
202401;655;1999003111;COTAS;84145.559789000000000;41128068000138
202401;552;2002000638;COTAS;1532246.219095000000000;
202401;655;1999003111;COTAS;78944.036420000000000;41902409000180
202401;535;2021002292;COTAS;118171.601297000000000;
202401;549;2010005929;COTAS;41598444.403185000000000;33913663000156
202401;655;2000005918;COTAS;374139.571988000000000;19587206000198
202401;713;2006001892;COTAS;3669018.374602000000000;
202401;611;1984001019;COTAS;747898.140355000000000;
202401;691;2002004765;COTAS;1782960.000000000000000;
202401;655;2000005918;COTAS;249792.489620000000000;32862118000115
202401;549;2010005929;COTAS;9881523.495234000000000;33913669000123
202401;655;2000005918;COTAS;860232.898893000000000;36617506000191
202401;535;2021002292;COTAS;74387.138553000000000;
202401;691;2002004765;COTAS;103352070.020468000000000;42067084000120
202401;713;2006001892;COTAS;1245289.925306000000000;
202401;611;1984001019;COTAS;34866883.458060000000000;
202401;655;2000005918;VL_PG_RC;0.000000000000000;
202401;611;1984001019;COTAS;2706465.532447000000000;42378671000130
202401;655;2000007392;VL_PG_RC;0.000000000000000;
202401;611;1984001019;IMOVEIS;3974980.000000000000000;
202401;655;2002000492;COTAS;169187.555026000000000;49397796000157
202401;611;1984001019;OPERACAO_PARTICIPANTE;12815890.030000000000000;
202401;655;2002001911;COTAS;553230.367535000000000;29045373000160
202401;611;1990000347;COTAS;76045.427103000000000;
202401;552;2002000638;IMOVEIS;83423858.230000000000000;
202401;727;1971000256;COTAS;186874397.145141000000000;
202401;611;1990000347;VL_PG_RC;-5007.160000000000000;
202401;549;2010005929;VL_PG_RC;248720.170000000000000;
202401;552;2002004692;OPERACAO_PARTICIPANTE;7806757.010000000000000;
202401;611;2019002019;TIT_PUB;175692144.490000000000000;
202401;611;1990000592;COTAS;2219484.821691000000000;
202401;655;2002001911;COTAS;701227.898895000000000;34081202000127
202401;611;1997004038;COTAS;864434843.005875000000000;
202401;535;2021002292;COTAS;548489.453090000000000;17689994000106
202401;655;2002001911;COTAS;1085384.081312000000000;36615983000118
202401;713;2006001892;VL_PG_RC;-1239.610000000000000;
202401;727;1971000256;COTAS;9879260.846804000000000;04150705000146
202401;549;9970000000;CAIXA;23595.260000000000000;
202401;552;9970000000;COTAS;69848206.282393000000000;04592305000190
202401;727;1971000256;IMOVEIS;128918139.660000000000000;
202401;611;2019002183;CAIXA;18216.400000000000000;
202401;655;2002003874;ACOES;0.000000000000000;
202401;611;1997004038;COTAS;196399238.925563000000000;
202401;655;2002003874;COTAS;94555.426616000000000;
202401;713;2011000556;CAIXA;96425.850000000000000;
202401;727;1971000256;OPERACAO_PARTICIPANTE;10869116.180000000000000;
202401;611;2019002183;COTAS;21716.089673000000000;
202401;655;2003002138;CAIXA;0.000000000000000;
202401;611;1997004038;COTAS;8590078.525036000000000;
202401;571;1988001218;COTAS;35532778.274118000000000;
202401;535;2021002292;VL_PG_RC;0.000000000000000;
202401;713;2011000556;COTAS;152404280.292049000000000;41266112000176
202401;611;1998003183;COTAS;4832455.821430000000000;
202401;727;1971000256;TIT_PUB;20687758.070000000000000;
202401;713;2011000556;COTAS;74059990.542411000000000;41543813000105
202401;552;2002000638;COTAS;257037.563513000000000;
202401;535;9970000000;COTAS;4489520.792598000000000;
202401;713;9970000000;COTAS;4403602.084667000000000;
202401;727;9970000000;VL_PG_RC;0.000000000000000;
202401;571;1988001218;COTAS;19823670.728216000000000;
202401;655;2003002383;COTAS;462903.067471000000000;21397791000105
202401;549;1979001456;COTAS;110359863.000000000000000;
202401;552;2002004692;COTAS;22695864.750000000000000;
202401;549;1979001456;COTAS;147870247.289752000000000;33913663000156
202401;611;1998003183;TIT_PUB;4504068.890000000000000;
202401;611;2019002183;COTAS;19291559.315403000000000;
202401;727;9970000000;COTAS;303078.768836000000000;
202401;611;2019002183;COTAS;76775.666823000000000;
202401;611;2009002547;COTAS;5679255.583733000000000;
202401;571;2020002418;COTAS;5997267.874304000000000;
202401;655;1970000147;COTAS;0.000044000000000;
202401;549;2005003883;OPERACAO_PARTICIPANTE;9979485.130000000000000;
202401;611;2009002611;COTAS;151820172.542061000000000;
202401;552;1979002665;COTAS;48939922.200000000000000;
202401;611;2009002865;COTAS;443885900.099175000000000;
202401;552;9970000000;CAIXA;128292.530000000000000;
202401;731;1987000765;COTAS;12424484.652047000000000;
202401;655;2003002383;TIT_PUB;155669823.870000000000000;
202401;731;1987000765;COTAS;116538976.840182000000000;30993999000188
202401;655;2003002529;CAIXA;0.000000000000000;
202401;611;2009002865;COTAS;43363516.664588000000000;
202401;655;2003002618;COTAS;2571139.672370000000000;21397791000105
202401;731;1987000765;COTAS;163114302.782187000000000;30994076000140
202401;571;2020002418;COTAS;624841.010496000000000;
202401;655;2003002618;COTAS;96488289.133813000000000;34791568000190
202401;552;9970000000;COTAS;115641.228683000000000;
202401;611;2009002865;VL_PG_RC;4852086.350000000000000;
202401;571;9970000000;CAIXA;8091.270000000000000;
202401;731;1987000765;VL_PG_RC;-111552.120000000000000;
202401;655;2003002618;VL_PG_RC;32355462.290000000000000;
202401;552;2002000638;COTAS;106567375.950000000000000;
202401;655;2004001356;COTAS;4868734.595828000000000;
202401;611;2010004418;CAIXA;16000.200000000000000;
202401;731;2018001647;COTAS;9485852.375462000000000;30994014000139
202401;552;9970000000;TIT_PUB;56536287.380000000000000;
202401;571;9970000000;VL_PG_RC;704.230000000000000;
202401;731;2006005611;COTAS;199450678.135123000000000;30994076000140
202401;611;2019002019;VL_PG_RC;-23587.920000000000000;
202401;731;2018001647;COTAS;15875596.030907000000000;30994041000101
202401;611;2019002183;COTAS;4597.727396000000000;
202401;731;9970000000;COTAS;24528433.397129000000000;
202401;611;2019002183;COTAS;2609138.334644000000000;
202401;655;2004001356;VL_PG_RC;0.000000000000000;
202401;611;2019002183;COTAS;77689.117919000000000;
202401;655;2004002638;COTAS;32086.259839000000000;
202401;744;9970000000;COTAS;4565352.249841000000000;05464910000149
202401;571;1988001218;COTAS;3010.998700000000000;
202401;552;2002004692;TIT_PUB;214979186.570000000000000;
202401;607;1986000338;IMOVEIS;5732577.200000000000000;
202401;655;2004002638;COTAS;7886157.122932000000000;32862087000100
202401;552;9970000000;COTAS;48268.780571000000000;
202401;611;9970000000;VL_PG_RC;-3792.290000000000000;
202401;744;9970000000;CAIXA;366470.770000000000000;
202401;655;1970000147;COTAS;2905523.909371000000000;21397715000108
202401;552;9970000000;TIT_PRIV;1085334.740000000000000;
202401;655;1970000147;COTAS;433461.963594000000000;11097650000113
202401;655;2004002638;COTAS;135929262.180392000000000;34791568000190
202401;655;1970000147;COTAS;1150384.211847000000000;21397837000196
202401;655;2004002638;COTAS;1686806.550000000000000;50069605000107
202401;655;2006001256;VL_PG_RC;0.000000000000000;
202401;655;2007001519;COTAS;0.000016000000000;
202401;655;2007001519;COTAS;23014.294408000000000;
202401;758;1981001719;VL_PG_RC;-4843.080000000000000;
202401;655;1970000147;COTAS;17398112.679000000000000;52026196000197
202401;571;1988001218;COTAS;38850776.149538000000000;
202401;655;2007001519;COTAS;1306418513.145549000000000;29045373000160
202401;552;9970000000;VL_PG_RC;235311.820000000000000;
202401;655;2007001519;COTAS;812975607.288069000000000;32862087000100
202401;571;1988001218;COTAS;22832357.649522000000000;
202401;611;1979000956;COTAS;137121739.451491000000000;
202401;744;9970000000;VL_PG_RC;-4009.400000000000000;
202401;571;1988001218;CAIXA;151876936.350000000000000;
202401;655;1970000147;TIT_PRIV;57101735.850000000000000;
202401;571;1988001218;COTAS;49308760.997452000000000;
202401;758;2002002411;COTAS;153077921.432701000000000;
202401;571;9970000000;COTAS;572364.392281000000000;
202401;758;2002002411;COTAS;1051876566.503489000000000;
202401;611;1979000956;OPERACAO_PARTICIPANTE;12256790.742505124000000;
202401;655;2000005918;COTAS;389035.855731000000000;29045373000160
202401;611;1983000418;COTAS;287464.581866000000000;
202401;611;1979000956;COTAS;69852798.316864000000000;
202401;655;2000005918;COTAS;493108.853450000000000;34081202000127
202401;655;1970000147;IMOVEIS;699618605.570000000000000;
202401;758;2002002411;COTAS;81453564.106187000000000;30453307000109
202401;611;1979000956;COTAS;10685730.849970000000000;
202401;655;2002000492;COTAS;1761952.332401000000000;36617506000191
202401;758;2002002411;COTAS;37561229.539156000000000;
202401;758;9970000000;CAIXA;48583.800000000000000;
202401;611;1983000418;COTAS;35494495.828055000000000;
202401;655;2002000883;VL_PG_RC;0.000000000000000;
202401;611;1983000418;COTAS;1211754.889385000000000;
202401;611;1979004056;COTAS;269330462.937623000000000;
202401;655;2002001911;COTAS;4293970.825247000000000;34791568000190
202401;611;1984001019;COTAS;9009749.160168000000000;
202401;611;1979004056;COTAS;98254838.193942000000000;
202401;655;2007001519;COTAS;2180972345.021928000000000;36615983000118
202401;789;9970000000;CAIXA;0.010000000000000;
202401;655;2003002138;COTAS;605706.611850000000000;
202401;611;1979004056;COTAS;6220072729.072385000000000;13411036000100
202401;758;2002002411;TIT_PUB;201579325.350000000000000;
202401;611;1979004056;VL_PG_RC;21461455.120000000000000;
202401;571;1988001218;TIT_PUB;4446822749.880000000000000;
202401;655;2003002138;VL_PG_RC;-2.610000000000000;
202401;571;2020002418;COTAS;648134.550000000000000;
202401;611;1990000347;COTAS;12260.621138000000000;
202401;758;4007580065;COTAS;11296074.000347000000000;
202401;655;2007001519;COTAS;188532824.677853000000000;41556860000193
202401;792;1988000718;COTAS;13282362.883559000000000;21889006000131
202401;655;2007001519;COTAS;144491352.000000000000000;50006439000108
202401;655;2003002219;CAIXA;0.000000000000000;
202401;758;4007580065;COTAS;1035065.226476000000000;30453303000120
202401;655;2003002383;COTAS;-25911.068659000000000;
202401;611;1980001529;COTAS;4520551.244787000000000;
202401;792;1988000718;COTAS;10589784.294003000000000;29983445000110
202401;655;2003002383;COTAS;2289.596226000000000;
202401;611;1980001529;TIT_PUB;46761166.170000000000000;
202401;571;2020002418;COTAS;729328.140773000000000;
202401;655;1970000147;TIT_PUB;8539163806.650000000000000;
202401;655;2003002456;ACOES;20071157.810000000000000;
202401;611;1983000418;CAIXA;12051.390000000000000;
202401;571;2020002418;COTAS;75600.928359000000000;
202401;792;1998000818;COTAS;107706.712419000000000;18959722000133
202401;655;1999003111;COTAS;1182866.940685000000000;19587206000198
202401;655;2003002456;COTAS;37899566.063921000000000;
202401;611;1984001019;CAIXA;28877.400000000000000;
202401;611;1979000956;COTAS;2608101086.841505000000000;
202401;611;1984001019;COTAS;5616630.089029000000000;
202401;655;2003002456;COTAS;559308.853987000000000;19587206000198
202401;611;1990000347;COTAS;5114920.923121000000000;
202401;655;2003002456;COTAS;675270.502257000000000;32862118000115
202401;611;1979004056;CAIXA;87908.950000000000000;
202401;655;2003002456;COTAS;5948148.270600000000000;36617506000191
202401;792;1998000818;COTAS;61950.670214000000000;29983445000110
202401;611;1979004056;COTAS;264538961.293877000000000;
202401;611;1984001019;COTAS;35021902.434975000000000;
202401;655;2003002456;COTAS;1708423.490065000000000;41902409000180
202401;611;1984001019;COTAS;108884420.244614000000000;
202401;792;1998000974;COTAS;68891.726890000000000;
202401;655;2003002456;VL_PG_RC;36554218.420000000000000;
202401;792;1998000974;TIT_PUB;47266645.460000000000000;
202401;655;2003002618;COTAS;12709.671196000000000;
202401;655;1999003111;VL_PG_RC;0.000000000000000;
202401;611;1979004056;COTAS;43070679.939525000000000;42378811000170
202401;655;2003002618;COTAS;6298568.198409000000000;29045373000160
202401;611;1990000592;CAIXA;19683.550000000000000;
202401;655;2000005918;COTAS;1973005.814908000000000;
202401;611;1983000418;COTAS;7501765.798578000000000;
202401;655;2003002618;COTAS;6356342.973740000000000;34081202000127
202401;792;1999002865;COTAS;48512314.833287000000000;21889006000131
202401;655;2000005918;COTAS;3351681.722156000000000;32862087000100
202401;611;1984001019;COTAS;24862379.161254000000000;
202401;655;2003002618;COTAS;7860120.465888000000000;36615983000118
202401;611;1984001019;COTAS;15711059.609215000000000;
202401;611;1990000592;COTAS;3810263.644889000000000;
202401;611;1984001019;COTAS;4056915.204421000000000;40188751000106
202401;792;1999002865;COTAS;23950426.921313000000000;29983445000110
202401;655;2004001747;CAIXA;0.000000000000000;
202401;611;1984001019;COTAS;3532484.010624000000000;
202401;655;2000005918;COTAS;26615.149312000000000;41128068000138
202401;792;1999002938;COTAS;45454121.954569000000000;
202401;611;1990000592;COTAS;1153699.731354000000000;
202401;655;2004001747;VL_PG_RC;0.000000000000000;
202401;655;2000007392;COTAS;143997.288335000000000;
202401;611;1997004038;IMOVEIS;6533100.000000000000000;
202401;611;1990000592;COTAS;238421.045657000000000;
202401;611;1984001019;COTAS;15897984.515973000000000;
202401;792;1999002938;COTAS;42128746.452340000000000;
202401;758;4007580065;VL_PG_RC;-604.110000000000000;
202401;792;1999002938;COTAS;44625613.586936000000000;
202401;611;1990000347;COTAS;57909.572462000000000;
202401;611;1997004674;COTAS;112443312.449110000000000;
202401;758;9970000000;VL_PG_RC;-2634.900000000000000;
202401;655;2004002638;COTAS;25594377.751308000000000;29045373000160
202401;775;2007002965;COTAS;330419.845954000000000;
202401;655;2004002638;COTAS;14478649.107208000000000;36615983000118
202401;655;2002000492;CAIXA;171351.480000000000000;
202401;655;2004002638;COTAS;2556782.055164000000000;41556860000193
202401;655;2002000492;COTAS;5153799.430812000000000;
202401;655;2004002638;OPERACAO_PARTICIPANTE;6045838.510500891800000;
202401;611;1998003183;COTAS;3224260.609975000000000;
202401;792;1999002938;COTAS;373435254.943033000000000;18959722000133
202401;655;2007001519;COTAS;-256391.095089000000000;
202401;611;1997004038;COTAS;296439058.317170000000000;
202401;611;2009002547;COTAS;3103405.075020000000000;
202401;655;2007001519;OPERACAO_PARTICIPANTE;1023959557.471293226300000;
202401;655;2007001519;COTAS;47773040.400000000000000;
202401;611;1997004674;COTAS;51044795.102380000000000;
202401;611;1990000347;COTAS;328442.615194000000000;
202401;792;1988000718;COTAS;704211.777372000000000;
202401;655;2007001519;COTAS;358995.059501000000000;13294396000179
202401;611;2009002547;VL_PG_RC;-83114.500000000000000;
202401;655;2007001519;COTAS;337648.810575000000000;13442691000125
202401;611;2009002611;COTAS;12459653.331057000000000;
202401;655;2007001519;COTAS;12869813207.103592000000000;34791568000190
202401;611;2009002611;COTAS;27654232.385703000000000;
202401;611;1990000592;VL_PG_RC;-4120.410000000000000;
202401;655;2008002756;COTAS;1725277.674272000000000;34081202000127
202401;611;1997004038;COTAS;838725208.331099000000000;
202401;655;2008002756;COTAS;289005.767343000000000;49397796000157
202401;611;1997004038;COTAS;126898329.778745000000000;
202401;655;2009003047;VL_PG_RC;0.000000000000000;
202401;611;2009002611;COTAS;3114575.785545000000000;
202401;611;1997004038;COTAS;13459007.373995000000000;
202401;792;1999002938;OPERACAO_PARTICIPANTE;76563770.346713299200000;
202401;655;2007001519;TIT_PUB;13161813692.390000000000000;
202401;611;1997004674;COTAS;6096057.031433000000000;
202401;655;2008002756;CAIXA;134.800000000000000;
202401;655;2010001583;COTAS;388516.631788000000000;29045373000160
202401;611;2010004418;COTAS;57823979.579844000000000;
202401;655;2008002756;COTAS;6400883.012957000000000;33255042000122
202401;611;2010004418;COTAS;35555345.074184000000000;
202401;655;2008002756;COTAS;3056140.579092000000000;39997959000189
202401;655;2010001583;COTAS;762231.761926000000000;36615983000118
202401;611;1998003183;COTAS;2300272.150158000000000;
202401;655;2002000492;COTAS;6865005.320685000000000;32862087000100
202401;611;2019002019;TIT_PRIV;14109123.190000000000000;
202401;655;2010001583;COTAS;872322.564899000000000;39997959000189
202401;611;1998003183;COTAS;225431260.749243000000000;
202401;792;1988000718;COTAS;523372.352310000000000;
202401;655;2002000492;COTAS;511631.794947000000000;32862118000115
202401;655;2010002547;VL_PG_RC;0.000000000000000;
202401;655;2002001911;COTAS;2601597.304113000000000;33255042000122
202401;655;2010004019;COTAS;9995331.859834000000000;32862087000100
202401;792;1988000718;COTAS;8446356.391146000000000;
202401;611;1998003183;OPERACAO_PARTICIPANTE;223762.120000000000000;
202401;611;2019002183;COTAS;10148266.404789000000000;
202401;655;2002001911;COTAS;29723.868765000000000;41756323000197
202401;611;2009002547;COTAS;164307167.536463000000000;
202401;655;2010004019;COTAS;82416.528153000000000;41556860000193
202401;655;2002001911;COTAS;72348.709658000000000;49397796000157
202401;792;1988000718;COTAS;466879.056825000000000;
202401;655;2018000292;COTAS;27561657.916732000000000;
202401;655;2009003047;CAIXA;0.000000000000000;
202401;655;2018000292;COTAS;202396.351322000000000;
202401;611;2006005383;CAIXA;14146.380000000000000;
202401;611;2019002183;COTAS;20645975.634846000000000;
202401;655;2018000292;COTAS;891177.496225000000000;13294396000179
202401;611;2009002547;TIT_PRIV;37834399.900000000000000;
202401;611;2019002183;COTAS;2437854.451279000000000;
202401;655;2018000292;COTAS;111688572.224358000000000;41128068000138
202401;611;2009002865;COTAS;4193316555.857036000000000;
202401;611;2010004418;COTAS;24473107.881134000000000;
202401;655;2018000292;COTAS;61587495.740051000000000;41756323000197
202401;611;2009002547;CAIXA;17556.030000000000000;
202401;655;2002001911;VL_PG_RC;-16307.700000000000000;
202401;792;1988000718;OPERACAO_PARTICIPANTE;4323726.068759322800000;
202401;655;2019003619;OPERACAO_PARTICIPANTE;179038220.120536103100000;
202401;611;2009002547;COTAS;1273399.776152000000000;
202401;655;2021000011;COTAS;0.000008000000000;
202401;655;2002003874;CAIXA;1725127.240000000000000;
202401;655;2021000011;COTAS;11456.307607000000000;
202401;655;2010000447;COTAS;242287.262540000000000;41128068000138
202401;611;2009002547;COTAS;2126487.125010000000000;40188751000106
202401;611;2009002611;VL_PG_RC;-66256.900000000000000;
202401;792;1988000718;TIT_PUB;627524869.740000000000000;
202401;655;2003002383;CAIXA;0.000000000000000;
202401;611;2010004418;COTAS;28762973.914437000000000;
202401;611;2019002183;VL_PG_RC;-41645.850000000000000;
202401;655;2010000447;COTAS;319261.800734000000000;41756323000197
202401;655;2021000011;COTAS;980541.753395000000000;20820603000147
202401;655;2010000447;COTAS;227310.116656000000000;41902409000180
202401;792;1998000974;COTAS;40137.136957000000000;
202401;655;1970000147;COTAS;62138.167108000000000;
202401;655;2010001583;COTAS;3347208.399733000000000;32862087000100
202401;792;1999002938;TIT_PUB;217374670.020000000000000;
202401;655;2010001583;COTAS;3015523.262469000000000;34791568000190
202401;792;1999003047;COTAS;747446.974305000000000;
202401;655;1970000147;COTAS;2415468.492533000000000;
202401;655;2021000011;COTAS;122697287.624592000000000;29045373000160
202401;792;1999003047;COTAS;1268626.221023000000000;
202401;655;1970000147;COTAS;5360389.521031000000000;20820603000147
202401;655;2010004019;COTAS;2604903.096306000000000;39997959000189
202401;792;1999003047;COTAS;698093.174612000000000;
202401;655;2003002383;COTAS;58605.523410000000000;23884799000121
202401;655;1970000147;COTAS;12575770.889461000000000;21397791000105
202401;611;2009002865;COTAS;1100391.129057000000000;
202401;792;1999003047;COTAS;312072.955377000000000;
202401;611;2009002865;COTAS;3859591004.054238000000000;
202401;655;2010004019;COTAS;79371.280072000000000;41128068000138
202401;655;2003002383;COTAS;42034.202493000000000;21397837000196
202401;655;2010004019;COTAS;104587.491683000000000;41756323000197
202401;655;2021000011;COTAS;84435954.335781000000000;36615983000118
202401;792;1998000974;COTAS;1317505.706136000000000;21889006000131
202401;655;1970000147;COTAS;91336872.767236000000000;36615983000118
202401;611;2019002019;COTAS;253354.379746000000000;
202401;655;1970000147;OPCOES;2673688.710000000000000;
202401;655;2018000292;COTAS;0.000142000000000;
202401;792;1998000974;COTAS;197403.966313000000000;44432479000100
202401;655;2018000292;COTAS;56772074.541997000000000;41556860000193
202401;792;1999002865;CAIXA;2156.310000000000000;
202401;655;2021000011;COTAS;38074770.183548000000000;41556860000193
202401;611;2019002183;TIT_PRIV;1982073.940000000000000;
202401;655;1999003111;COTAS;1229962.514959000000000;29045373000160
202401;655;2003002383;OPERACAO_PARTICIPANTE;2622587.510000000000000;
202401;655;2021000011;OPERACAO_PARTICIPANTE;146506197.340077302800000;
202401;655;2003002456;COTAS;2660758.106435000000000;34081202000127
202401;655;1999003111;COTAS;9546517.019296000000000;34791568000190
202401;792;1999002865;COTAS;5758766.184408000000000;
202401;611;2009002865;COTAS;261586550.442271000000000;
202401;655;1970000147;COTAS;3945802.000000000000000;
202401;792;1999003047;COTAS;1277069.728452000000000;
202401;792;1999002865;COTAS;3401342.289513000000000;
202401;655;2002000492;COTAS;796833.770455000000000;29045373000160
202401;792;1999002865;COTAS;1775838.395112000000000;
202401;611;2019002019;COTAS;53640.233793000000000;
202401;655;2018000292;IMOVEIS;2260940413.880000000000000;
202401;655;1970000147;COTAS;30388893.072721000000000;05117292000160
202401;655;2003002456;COTAS;7024030.751189000000000;39997959000189
202401;655;1970000147;COTAS;-692510.784606000000000;
202401;792;9970000000;COTAS;8923.901952000000000;21889006000131
202401;655;2021003183;COTAS;111416.500000000000000;
202401;655;2003002456;COTAS;1814661.928797000000000;41756323000197
202401;655;2003002618;CAIXA;9500.610000000000000;
202401;655;2018000292;OPCOES;9270073.750000000000000;
202401;655;1970000147;COTAS;30785850.714808000000000;41128068000138
202401;655;2021003183;COTAS;14419.561628000000000;
202401;802;1977000118;COTAS;2470910.978264000000000;
202401;655;2002000492;COTAS;6184730.899272000000000;34791568000190
202401;802;1977000118;OPERACAO_PARTICIPANTE;7801103.310000000000000;
202401;655;1970000147;COTAS;263386.038221000000000;13442691000125
202401;655;2021003183;COTAS;63520.057273000000000;11965107000190
202401;655;2003002618;COTAS;325322.311194000000000;23884799000121
202401;655;2021003183;COTAS;182936.843637000000000;20815620000196
202401;655;2003002618;COTAS;24749224.315383000000000;32862087000100
202401;655;1970000147;COTAS;16946290.257375000000000;41756323000197
202401;655;2021003183;COTAS;104496015.733136000000000;33255042000122
202401;655;2003002618;COTAS;836388.310849000000000;41556860000193
202401;655;1999003111;CAIXA;114805.100000000000000;
202401;655;2002000492;COTAS;56605.414679000000000;41556860000193
202401;655;2002000883;COTAS;34982.209738000000000;
202401;655;2021003183;COTAS;2098669.017248000000000;36617506000191
202401;655;2003002618;OPERACAO_PARTICIPANTE;6159648.570355316400000;
202401;655;1999003111;COTAS;2719683.063612000000000;36617506000191
202401;655;2000005918;CAIXA;0.000000000000000;
202401;655;1970000147;COTAS;200169090.532142000000000;29045373000160
202401;792;1999002865;COTAS;5773933.322762000000000;
202401;655;2002001911;COTAS;21238.667796000000000;41902409000180
202401;802;9970000000;COTAS;1662538.058142000000000;
202401;655;2000005918;COTAS;763250.431826000000000;36615983000118
202401;655;1970000147;COTAS;82583795.202163000000000;34791568000190
202401;655;2004002565;CAIXA;6011.440000000000000;
202401;821;1988000238;COTAS;47080.466056000000000;
202401;655;1970000147;COTAS;251163382.693101000000000;39997959000189
202401;655;2003002383;COTAS;238107.412144000000000;20815620000196
202401;655;2000005918;COTAS;82601.951391000000000;49397796000157
202401;655;2004002565;COTAS;287.575990000000000;
202401;655;1970000147;OPERACAO_PARTICIPANTE;163593519.032212369000000;
202401;792;1999002865;COTAS;1319808.540475000000000;
202401;655;2018000292;TIT_PUB;34263955719.870000000000000;
202401;821;1988000238;COTAS;117927114.298017000000000;
202401;655;2019003783;COTAS;124259201.272018000000000;
202401;792;1999002865;COTAS;4502068.244786000000000;
202401;655;2021003183;IMOVEIS;19119952.860000000000000;
202401;655;1999003111;COTAS;2413066.604890000000000;36615983000118
202401;655;2021000011;COTAS;48179.522505000000000;13442691000125
202401;821;1988000238;COTAS;912973.485082000000000;
202401;655;9970000000;COTAS;64814.960180000000000;11097650000113
202401;655;2004002638;CAIXA;0.000000000000000;
202401;792;1999002865;OPERACAO_PARTICIPANTE;24662407.871489985900000;
202401;655;2003002456;COTAS;15423.341459000000000;
202401;655;9970000000;COTAS;1727578.387774000000000;41128068000138
202401;792;1999002865;TIT_PUB;8776553.640000000000000;
202401;655;2021000011;COTAS;1205905948.186387000000000;34791568000190
202401;655;9970000000;COTAS;696159.701109000000000;41756323000197
202401;655;2000007392;CAIXA;0.000000000000000;
202401;655;9970000000;TIT_PRIV;6460150.910000000000000;
202401;864;1971000183;TIT_PRIV;76267666.280000000000000;
202401;655;2021000011;COTAS;13494452.400000000000000;50069605000107
202401;686;2022000765;COTAS;124.531780000000000;
202401;655;2005000711;VL_PG_RC;0.000000000000000;
202401;864;2002000311;COTAS;7892500.000000000000000;
202401;792;1999002938;COTAS;393038105.886631000000000;21889006000131
202401;655;1999003111;COTAS;2761591.100428000000000;39997959000189
202401;655;2003002456;COTAS;3314667.355381000000000;36615983000118
202401;864;2002000311;VL_PG_RC;0.000000000000000;
202401;686;2022001192;COTAS;2673399.500087000000000;
202401;655;2021003183;ACOES;6471356.500000000000000;
202401;655;2003002456;OPCOES;94437.150000000000000;
202401;792;1999003047;COTAS;308764.645005000000000;
202401;655;2021003183;COTAS;44947.710374000000000;23884799000121
202401;655;2021003183;COTAS;116084362.986977000000000;
202401;655;2003002456;OPERACAO_PARTICIPANTE;21686880.061861393300000;
202401;686;2022001656;CAIXA;100.000000000000000;
202401;655;2021003183;COTAS;3827.594377000000000;10430028000112
202401;655;2002000492;COTAS;766322.809247000000000;19587206000198
202401;655;2021003183;COTAS;17982133.380354000000000;49397796000157
202401;864;2022000692;COTAS;1118250.193887000000000;
202401;655;2002000492;VL_PG_RC;0.000000000000000;
202401;686;2022001729;CAIXA;100.000000000000000;
202401;655;2003002456;TIT_PUB;1027324705.770000000000000;
202401;655;2000005918;COTAS;27636.298103000000000;41556860000193
202401;792;1999003047;COTAS;9033071.328137000000000;21889006000131
202401;655;2007001519;COTAS;20345151.500000000000000;
202401;655;2000005918;COTAS;35070.769925000000000;41756323000197
202401;655;2002001911;CAIXA;0.000000000000000;
202401;655;2003002618;COTAS;109950.654389000000000;
202401;655;2021003183;COTAS;7732494.524000000000000;52026196000197
202401;655;2002001911;COTAS;4766275.671377000000000;32862087000100
202401;878;1999003918;COTAS;37560185.990836000000000;
202401;655;2002001911;COTAS;1223298.474489000000000;36617506000191
202401;686;2022001729;VL_PG_RC;4635821.030000000000000;
202401;655;2002001911;COTAS;23498.252821000000000;41556860000193
202401;686;2022001818;CAIXA;200.000000000000000;
202401;655;2000005918;COTAS;24969.917458000000000;41902409000180
202401;655;2002000492;COTAS;1009998.915031000000000;34081202000127
202401;655;2002000492;COTAS;1563310.225710000000000;36615983000118
202401;792;1999003047;COTAS;7677269.884179000000000;29983445000110
202401;655;2021003183;TIT_PRIV;4812124.310000000000000;
202401;655;2002001911;OPERACAO_PARTICIPANTE;260222.310000000000000;
202401;792;9970000000;CAIXA;7022.410000000000000;
202401;686;9970000000;COTAS;228396.689630000000000;
202401;655;2004002638;COTAS;16341738.635392000000000;19587206000198
202401;691;1981000429;COTAS;10700690.193920000000000;
202401;655;9970000000;COTAS;78608.780251000000000;
202401;655;2002000492;COTAS;1789102.539805000000000;39997959000189
202401;655;2007001519;COTAS;57856587.416651000000000;
202401;655;2002003874;VL_PG_RC;-1367.820000000000000;
202401;691;1981000429;COTAS;1035020119.007839000000000;11375619000105
202401;655;9970000000;COTAS;0.000005000000000;
202401;691;1981000429;COTAS;21832921.640059000000000;13089217000161
202401;655;9970000000;COTAS;1129124.214000000000000;41556860000193
202401;655;2007001519;COTAS;85342148.550000000000000;
202401;655;2002001911;COTAS;3487722.246727000000000;
202401;655;2004002638;COTAS;3967990.611000000000000;52026196000197
202401;655;2007001519;COTAS;173119895.609781000000000;41902409000180
202401;691;1981000429;COTAS;128488623.394322000000000;39504822000145
202401;878;1999003918;COTAS;1040441.006445000000000;
202401;686;2022000765;TIT_PUB;52839738.450000000000000;
202401;655;2007001519;IMOVEIS;224291706.170000000000000;
202401;655;2004002638;VL_PG_RC;-284858.330000000000000;
202401;686;2022001192;IMOVEIS;9029500.000000000000000;
202401;655;2008002756;COTAS;2670442.697887000000000;36615983000118
202401;881;1979000247;COTAS;-348948.634598000000000;
202401;655;2003002383;ACOES;2977598.800000000000000;
202401;655;2003002383;COTAS;4997.093046000000000;10430028000112
202401;802;1977000118;IMOVEIS;84760000.000000000000000;
202401;655;2003002383;COTAS;13023835.660404000000000;
202401;686;2022001656;COTAS;12708136.729996000000000;
202401;655;2003002456;COTAS;0.000011000000000;
202401;655;2005000411;COTAS;20629298.480626000000000;
202401;655;2003002456;COTAS;394782.639084000000000;23884799000121
202401;686;2022001656;VL_PG_RC;19678160.590000000000000;
202401;881;1979000247;COTAS;2251223.465708000000000;
202401;655;2010000447;COTAS;6948142.538733000000000;36615983000118
202401;655;2010000447;COTAS;751955.197779000000000;49397796000157
202401;655;2003002456;COTAS;6140956.192687000000000;32862087000100
202401;655;2010001583;COTAS;1827021.546678000000000;33255042000122
202401;655;2005000711;CAIXA;0.000000000000000;
202401;655;2010001583;COTAS;492450.725665000000000;34081202000127
202401;881;1979000247;TIT_PRIV;4739919.460000000000000;
202401;655;2010001583;COTAS;35023.962671000000000;41756323000197
202401;655;2003002383;COTAS;648773.262701000000000;05117292000160
202401;881;1994000929;COTAS;-121340.052929000000000;
202401;655;2010001583;COTAS;82491.706686000000000;49397796000157
202401;655;2003002383;COTAS;15825.048607000000000;11097650000113
202401;655;2007001519;COTAS;125943704.460000000000000;
202401;686;2022001729;ACOES;4051388.730000000000000;
202401;881;1994000929;COTAS;2705087.327205000000000;
202401;655;2003002456;COTAS;1672776.609151000000000;41556860000193
202401;655;2003002456;IMOVEIS;3807404.770000000000000;
202401;686;2022001729;COTAS;4556347.850008000000000;
202401;655;2010002547;CAIXA;0.000000000000000;
202401;881;1999004256;COTAS;50633193.014877000000000;
202401;655;2003002383;COTAS;82814.580940000000000;11965107000190
202401;881;1999004256;OPERACAO_PARTICIPANTE;0.000000000000000;
202401;655;2003002456;COTAS;3120962.741967000000000;21397791000105
202401;686;2022001818;ACOES;5498275.630000000000000;
202401;655;2003002456;COTAS;4906733.415119000000000;29045373000160
202401;686;2022001818;COTAS;6876297.779999000000000;
202401;655;2003002456;COTAS;5882493.991444000000000;34791568000190
202401;655;2010002547;COTAS;122133970.266219000000000;
202401;802;2003001956;OPERACAO_PARTICIPANTE;1466510.240000000000000;
202401;686;2022001818;VL_PG_RC;6572963.470000000000000;
202401;655;2010004019;COTAS;2276153.298781000000000;36615983000118
202401;655;2003002529;VL_PG_RC;-23.470000000000000;
202401;655;2003002618;COTAS;70172226.508379000000000;
202401;655;2010004019;COTAS;74464.885958000000000;41902409000180
202401;655;2018000292;COTAS;-107835.871156000000000;
202401;686;9970000000;COTAS;29957852.272620000000000;
202401;691;1981000429;COTAS;-117279.066510000000000;
202401;802;2003001956;TIT_PRIV;26746893.490000000000000;
202401;691;1981000429;COTAS;50968859.267678000000000;
202401;655;2003002618;COTAS;1272952.489550000000000;41128068000138
202401;655;2018000292;COTAS;200810.396112000000000;
202401;655;2003002618;ACOES;17105436.170000000000000;
202401;881;2000003656;COTAS;-9482.563658000000000;
202401;655;2007001519;COTAS;2098463206.764839000000000;
202401;691;1981000429;COTAS;349820160.824120000000000;35179107000123
202401;655;2018000292;COTAS;17323039.820525000000000;20820603000147
202401;691;2002004765;COTAS;18978323.229496000000000;
202401;655;2018000292;COTAS;7310075.792759000000000;11965107000190
202401;881;2000003656;COTAS;52245.836150000000000;
202401;655;2007001519;COTAS;156007.051399000000000;11097650000113
202401;802;9970000000;CAIXA;222326.360000000000000;
202401;655;2003002618;COTAS;-149213.492907000000000;
202401;655;2018000292;COTAS;341401704.318067000000000;36615983000118
202401;655;2003002618;COTAS;907330.971203000000000;41756323000197
202401;691;2002004765;COTAS;500866033.144349000000000;35179107000123
202401;821;1988000238;COTAS;21385523.827869000000000;
202401;655;2018000292;COTAS;57981887.957995000000000;41902409000180
202401;881;2000003656;COTAS;51193.662956000000000;
202401;864;1971000183;IMOVEIS;324400000.000000000000000;
202401;655;2019003619;CAIXA;15498.610000000000000;
202401;691;2002004765;VL_PG_RC;-35132682.810000000000000;
202401;881;2000003729;COTAS;-38989.876201000000000;
202401;655;2007001519;COTAS;816405.976548000000000;11965107000190
202401;713;1983000183;ACOES;557.710000000000000;
202401;655;2003002618;COTAS;854211.755364000000000;41902409000180
202401;655;2007001519;COTAS;55851154.323062000000000;36617506000191
202401;655;2004002638;COTAS;4151663.147690000000000;34081202000127
202401;881;2000003729;COTAS;379947.623434000000000;
202401;655;2003002618;TIT_PRIV;1677520.250000000000000;
202401;864;1971000183;OPERACAO_PARTICIPANTE;102628164.376101000000000;
202401;713;1998006174;CAIXA;49965.140000000000000;
202401;864;2002000311;COTAS;1156882.516364000000000;
202401;881;2000003729;TIT_PRIV;809075.490000000000000;
202401;713;2006001892;COTAS;3230196.894879000000000;
202401;655;2019003619;COTAS;202781916.086607000000000;
202401;881;2000003974;COTAS;918.142482000000000;
202401;655;2007001519;COTAS;24832944.000000000000000;49397796000157
202401;881;2000003974;COTAS;4075400.450771000000000;
202401;691;1981000429;TIT_PRIV;19969352.110000000000000;
202401;655;2019003783;CAIXA;31456.210000000000000;
202401;655;2004002638;COTAS;363700.714333000000000;41128068000138
202401;655;2007001519;TIT_PRIV;190669454.580000000000000;
202401;713;2021003418;IMOVEIS;19117627.920000000000000;
202401;655;2004002638;COTAS;10772182.472258000000000;
202401;655;2004002638;COTAS;3558062.118721000000000;41756323000197
202401;655;2008002756;COTAS;122704.786125000000000;41756323000197
202401;727;1971000256;COTAS;17713299.552865000000000;
202401;881;2000003974;COTAS;106497995.695306000000000;
202401;864;2022000692;COTAS;1212540.193191000000000;52315713000148
202401;881;2000003974;VL_PG_RC;65388453.780000000000000;
202401;655;2004002638;COTAS;905152.997700000000000;36617506000191
202401;655;2004002638;COTAS;8898471.600000000000000;49397796000157
202401;655;2004002638;TIT_PRIV;278812.650000000000000;
202401;878;1999003918;COTAS;189932.016165000000000;
202401;655;2006000511;CAIXA;0.000000000000000;
202401;655;2008002756;COTAS;87364.162825000000000;41902409000180
202401;655;2019003783;OPERACAO_PARTICIPANTE;53963600.123163835500000;
202401;691;2002004765;COTAS;170034341.687681000000000;39504822000145
202401;655;2021000011;COTAS;93345.320819000000000;
202401;881;2002001065;COTAS;979137.158258000000000;
202401;691;2002004765;TIT_PRIV;108656505.270000000000000;
202401;655;2004002638;TIT_PUB;171339595.720000000000000;
202401;713;1983000183;CAIXA;109692.620000000000000;
202401;655;2006001256;CAIXA;3372.950000000000000;
202401;655;2021000011;COTAS;8679.721267000000000;
202401;655;2007001519;COTAS;188928.499476000000000;
202401;881;2002001065;OPERACAO_PARTICIPANTE;0.000000000000000;
202401;655;2006000511;VL_PG_RC;0.000000000000000;
202401;727;1971000256;VL_PG_RC;144606042.960000000000000;
202401;655;2021000011;COTAS;441846.193506000000000;
202401;881;2008001619;COTAS;-5914.784479000000000;
202401;655;2021000011;COTAS;2300405.434139000000000;21397791000105
202401;878;1999003918;COTAS;14366317.304588000000000;
202401;731;2006005611;COTAS;436424316.388592000000000;30993999000188
202401;878;1999003918;COTAS;9615616.037875000000000;
202401;655;2021000011;COTAS;50443.614748000000000;13294396000179
202401;731;2006005611;VL_PG_RC;-700.000000000000000;
202401;878;1999003918;COTAS;592887.826518000000000;
202401;655;2021000011;COTAS;545222855.719832000000000;32862087000100
202401;731;9970000000;CAIXA;24061.120000000000000;
202401;878;9970000000;COTAS;1818369.230006000000000;
202401;713;1983000183;COTAS;75987395.561948000000000;09548734000184
202401;744;1986000729;COTAS;65313204.141905000000000;
202401;655;2007001519;COTAS;85418555.500000000000000;
202401;655;2021000011;COTAS;9183442.978520000000000;41128068000138
202401;881;2008001619;TIT_PRIV;207400.430000000000000;
202401;881;2008001619;TIT_PUB;27587097.820000000000000;
202401;655;2007001519;COTAS;7397589.986136000000000;
202401;713;1998006174;ACOES;160.350000000000000;
202401;655;2021003183;CAIXA;92548.870000000000000;
202401;655;2007001519;COTAS;6395761.541364000000000;05117292000160
202401;713;1998006174;VL_PG_RC;2236158.830000000000000;
202401;655;2007001519;COTAS;1583779.680919000000000;22734984000177
202401;713;2006001892;CAIXA;101299.070000000000000;
202401;881;1979000247;COTAS;-14571.437887000000000;
202401;713;2011000556;COTAS;513972756.753616000000000;41543719000156
202401;881;1979000247;COTAS;47976.490742000000000;
202401;727;1971000256;CAIXA;322746.600000000000000;
202401;655;2021003183;COTAS;181961.384664000000000;
202401;881;1979000247;VL_PG_RC;32388936.530000000000000;
202401;727;1971000256;COTAS;32614481.291252000000000;
202401;655;2007001519;COTAS;2700884747.078047000000000;33255042000122
202401;744;1986000729;COTAS;86533083.303288000000000;
202401;731;1982002956;CAIXA;5828565.910000000000000;
202401;655;2007001519;COTAS;1643295506.401388000000000;39997959000189
202401;655;2007001519;ACOES;46764377.340000000000000;
202401;655;2021003183;COTAS;1336.216776000000000;
202401;655;2007001519;COTAS;60444247.386251000000000;46502938000100
202401;655;2009000692;CAIXA;0.000000000000000;
202401;655;2021003183;COTAS;2354489.130000000000000;
202401;655;2007001519;COTAS;145065363.300000000000000;50069605000107
202401;731;1982002956;COTAS;1042375997.003819000000000;01634642000105
202401;758;2002002411;COTAS;796408207.798310000000000;
202401;655;2008002756;COTAS;8679451.513656000000000;
202401;655;2009001974;CAIXA;0.000000000000000;
202401;655;2008002756;COTAS;873968.155552000000000;32862118000115
202401;758;2002002411;COTAS;81246977.388190000000000;30453303000120
202401;655;2008002756;COTAS;3009762.661181000000000;36617506000191
202401;758;2002002411;VL_PG_RC;-28594.070000000000000;
202401;655;2021003183;COTAS;195699.841260000000000;
202401;655;2010000447;COTAS;16654260.211607000000000;33255042000122
202401;731;1982002956;VL_PG_RC;-700.000000000000000;
202401;655;2010000447;COTAS;4488946.801064000000000;34081202000127
202401;881;1994000929;CAIXA;41557.210000000000000;
202401;881;9970000000;COTAS;-96724.042095000000000;
202401;655;2010000447;COTAS;7951677.970230000000000;39997959000189
202401;758;4007580065;CAIXA;209171.110000000000000;
202401;655;2010001583;COTAS;24936.590185000000000;41902409000180
202401;758;4007580065;COTAS;9506448.130260000000000;
202401;731;1987000765;CAIXA;215876.830000000000000;
202401;792;1988000718;COTAS;252503.273752000000000;
202401;655;2007001519;COTAS;1460778.500000000000000;
202401;655;2010004019;COTAS;1115753.073948000000000;19587206000198
202401;792;1988000718;COTAS;267166.064665000000000;
202401;881;1994000929;COTAS;229770.723846000000000;
202401;731;2006005611;CAIXA;519231.540000000000000;
202401;655;2008002756;OPERACAO_PARTICIPANTE;1484237.140091848400000;
202401;881;9970000000;COTAS;895481.190409000000000;
202401;881;1999004256;COTAS;-36380.068222000000000;
202401;655;2007001519;COTAS;112440994.423426000000000;18330535000196
202401;731;2018001647;VL_PG_RC;-18757.720000000000000;
202401;655;2010004019;COTAS;5455796.141969000000000;33255042000122
202401;655;2007001519;COTAS;7525283.333084000000000;23884789000196
202401;655;2009000692;VL_PG_RC;0.000000000000000;
202401;881;2000003656;COTAS;43497.635846000000000;
202401;881;9970000000;TIT_PRIV;2100410.440000000000000;
202401;881;2000003656;TIT_PRIV;5161740.580000000000000;
202401;655;9970000000;COTAS;82552204.310432000000000;19587206000198
202401;895;1985000792;COTAS;46022.467961000000000;
202401;655;2007001519;COTAS;49262.536021000000000;10430028000112
202401;655;9970000000;COTAS;975221.325173000000000;20815620000196
202401;881;2000003729;CAIXA;11408.050000000000000;
202401;655;9970000000;COTAS;97891270.446817000000000;33255042000122
202401;758;2002002411;CAIXA;348844.660000000000000;
202401;655;2007001519;COTAS;1197615599.831678000000000;19587206000198
202401;655;2010004019;COTAS;2565372.852756000000000;36617506000191
202401;792;1988000718;IMOVEIS;19838668.720000000000000;
202401;655;2007001519;COTAS;2347319.945794000000000;20815620000196
202401;655;2009001974;COTAS;830376.170525000000000;
202401;655;9970000000;COTAS;377673223.815213000000000;34791568000190
202401;895;1985000792;OPERACAO_PARTICIPANTE;27002546.349978250600000;
202401;655;2010004019;COTAS;246334.224089000000000;49397796000157
202401;655;9970000000;VL_PG_RC;-3485115.060000000000000;
202401;655;2010004019;VL_PG_RC;0.000000000000000;
202401;881;2000003729;COTAS;-1628.143841000000000;
202401;895;2000002511;CAIXA;6233.380000000000000;
202401;655;2018000292;COTAS;32422.811395000000000;
202401;686;1978000529;COTAS;8365805.830125000000000;
202401;655;2018000292;COTAS;9389710.610212000000000;21397715000108
202401;655;2007001519;COTAS;414542.062011000000000;21397837000196
202401;655;2007001519;COTAS;16482422.538000000000000;52026196000197
202401;655;2007001519;VL_PG_RC;-17767635.380000000000000;
202401;686;1978000529;IMOVEIS;8947900.000000000000000;
202401;792;1998000818;COTAS;52662.252695000000000;
202401;655;2010000447;COTAS;29587687.519615000000000;
202401;792;1998000818;COTAS;161953.331094000000000;
202401;655;2010000447;COTAS;7831008.695654000000000;36617506000191
202401;792;1998000818;COTAS;60841.366817000000000;44432479000100
202401;655;2018000292;COTAS;1428218.196202000000000;11097650000113
202401;881;2000003729;COTAS;53143.554067000000000;
202401;686;1978000529;TIT_PUB;2282793.030000000000000;
202401;655;2018000292;COTAS;3771470.534199000000000;21397837000196
202401;895;2000002511;COTAS;33397.737601000000000;
202401;775;2007002965;COTAS;202735.447442000000000;
202401;655;2018000292;COTAS;502795975.183351000000000;34081202000127
202401;895;2012001718;COTAS;1006844.378622000000000;
202401;655;2018000292;COTAS;76104025.052000000000000;52026196000197
202401;655;2018000292;COTAS;5584829.978924000000000;23884789000196
202401;655;2018000292;OPERACAO_PARTICIPANTE;1140210082.735697297500000;
202401;792;1998000818;OPERACAO_PARTICIPANTE;157993.120000000000000;
202401;775;9970000000;CAIXA;0.000000000000000;
202401;655;2008002756;COTAS;11726785.284030000000000;32862087000100
202401;895;2014002118;COTAS;8906.063359000000000;
202401;792;1998000818;TIT_PUB;11723899.670000000000000;
202401;655;2018000292;TIT_PRIV;189029707.840000000000000;
202401;881;2000003974;CAIXA;21317.370000000000000;
202401;686;2022001192;CAIXA;1084.880000000000000;
202401;686;2022001656;ACOES;15709307.410000000000000;
202401;881;2000003974;COTAS;459.698292000000000;
202401;655;2018000292;VL_PG_RC;1395054400.210000000000000;
202401;775;9970000000;COTAS;7065.587251000000000;
202401;881;2002001065;COTAS;-703.511960000000000;
202401;655;2019003619;VL_PG_RC;3609400.130000000000000;
202401;895;2017000183;COTAS;18350.137193000000000;
202401;789;9970000000;VL_PG_RC;332420.910000000000000;
202401;881;2002001065;IMOVEIS;4744281.180000000000000;
202401;686;2022001656;COTAS;75267.974342000000000;
202401;792;1988000718;COTAS;14730717.155025000000000;
202401;686;2022001729;COTAS;13801.799069000000000;
202401;895;2017000183;COTAS;22590.927430000000000;
202401;792;1998000974;COTAS;66013.388166000000000;
202401;655;2021000011;COTAS;1560081.678499000000000;
202401;792;1998000974;COTAS;37039.304999000000000;
202401;655;2019003783;VL_PG_RC;-62427.800000000000000;
202401;686;2022001818;IMOVEIS;7186200.000000000000000;
202401;792;1998000974;COTAS;17717.445884000000000;10740536000105
202401;655;2021000011;COTAS;721748.500000000000000;
202401;655;2021000011;COTAS;11366.536298000000000;
202401;895;2017000183;COTAS;45688.184365000000000;
202401;792;1998000974;COTAS;59048.813630000000000;
202401;881;2008001619;COTAS;13623.845142000000000;
202401;655;2008002756;COTAS;93120.468857000000000;41128068000138
202401;895;2021003574;TIT_PUB;57616.600000000000000;
202401;655;2021000011;COTAS;74686131.301713000000000;
202401;655;2021000011;COTAS;290942.885510000000000;23884799000121
202401;792;1998000974;COTAS;3015906.480719000000000;18959722000133
202401;881;2008001619;COTAS;2099.361649000000000;
202401;691;1981000429;COTAS;0.000250000000000;
202401;895;1985000792;ACOES;66370.620000000000000;
202401;691;1981000429;COTAS;4882383.000000000000000;
202401;895;1985000792;COTAS;0.070000000000000;
202401;792;1998000974;VL_PG_RC;-50819.350000000000000;
202401;655;2021000011;COTAS;49916343.083519000000000;41902409000180
202401;792;1999002865;COTAS;1970693.794909000000000;
202401;655;2021000011;COTAS;24920.230226000000000;10430028000112
202401;691;1981000429;COTAS;35639222.572068000000000;
202401;792;1999002865;COTAS;3402482.428124000000000;
202401;792;1998000974;COTAS;72792.817959000000000;
202401;655;2021000011;COTAS;13441056.000000000000000;50006439000108
202401;792;1999002865;COTAS;1412819.985019000000000;
202401;655;2021000011;COTAS;42694.751217000000000;11097650000113
202401;792;1999002865;COTAS;2173079.713293000000000;
202401;895;1985000792;COTAS;5349667.319889000000000;
202401;655;2021003183;COTAS;1596986.500000000000000;
202401;655;2008002756;COTAS;96693.230795000000000;41556860000193
202401;922;1981001018;COTAS;16285618.896651000000000;
202401;655;2009000374;VL_PG_RC;0.000000000000000;
202401;922;1981001018;OPERACAO_PARTICIPANTE;1337471.827418850000000;
202401;655;2009001974;VL_PG_RC;0.000000000000000;
202401;792;1999002865;COTAS;3139874.798007000000000;
202401;655;2009002792;VL_PG_RC;0.000000000000000;
202401;655;2021003183;COTAS;12335.321855000000000;11097650000113
202401;922;2013000847;COTAS;488000.803570000000000;
202401;655;2021003183;COTAS;27500857.425182000000000;19587206000198
202401;655;2010000447;CAIXA;685584.290000000000000;
202401;655;2010000447;COTAS;2273950.755327000000000;32862118000115
202401;655;2021000011;COTAS;244856381.811774000000000;19587206000198
202401;792;1999002865;COTAS;73971053.224902000000000;10740536000105
202401;792;1999002938;COTAS;262306778.668638000000000;
202401;655;2021003183;COTAS;29609.883644000000000;22734984000177
202401;691;1981000429;COTAS;98402878.080750000000000;43122405000105
202401;922;2017001392;COTAS;9690618.496599000000000;
202401;655;2021003183;VL_PG_RC;8979573.880000000000000;
202401;922;2017001392;VL_PG_RC;820159.980000000000000;
202401;792;1999002938;COTAS;44834243.900416000000000;
202401;691;1981000429;IMOVEIS;397040655.080000000000000;
202401;655;2010001583;COTAS;2695670.109420000000000;
202401;895;1985000792;COTAS;40885265.815175000000000;
202401;936;1990001483;COTAS;10099427.501289000000000;
202401;792;1999002938;COTAS;24895345.815542000000000;
202401;936;1990001483;COTAS;4528908.886980000000000;
202401;655;2021000011;COTAS;1093401.905246000000000;20815620000196
202401;792;1999002865;COTAS;46706211.199591000000000;18959722000133
202401;936;1990001483;COTAS;16786946.400000000000000;
202401;655;2010001583;COTAS;249459.120486000000000;32862118000115
202401;655;9970000000;COTAS;12974.262896000000000;13294396000179
202401;691;1981000429;TIT_PUB;977931754.850000000000000;
202401;655;2010001583;COTAS;26579.631215000000000;41128068000138
202401;655;9970000000;COTAS;172226.676731000000000;21397837000196
202401;655;2010004019;CAIXA;231488.380000000000000;
202401;895;1985000792;VL_PG_RC;16865365.630000000000000;
202401;691;2002004765;CAIXA;607969.890000000000000;
202401;895;2000002511;COTAS;1147426.834130000000000;
202401;691;2002004765;COTAS;7204388.237869000000000;
202401;792;1999002865;VL_PG_RC;-129297.040000000000000;
202401;655;2010004019;COTAS;4114480.381903000000000;
202401;936;1990001483;COTAS;2859519.759359000000000;
202401;895;2000002511;VL_PG_RC;406550.900000000000000;
202401;655;2021000011;COTAS;350863209.796644000000000;32862118000115
202401;895;2014002118;COTAS;68576.810304000000000;
202401;936;1998003256;COTAS;2367356.114327000000000;
202401;691;9970000000;CAIXA;371549.040000000000000;
202401;936;1998003256;COTAS;6476298.650273000000000;
202401;655;2010004019;COTAS;744927.228215000000000;32862118000115
202401;655;2021000011;COTAS;9019543.577956000000000;36617506000191
202401;713;1983000183;COTAS;6119864.083120000000000;09548706000167
202401;895;2020001829;VL_PG_RC;-1119.140000000000000;
202401;792;1999002938;COTAS;15615130.715629000000000;
202401;936;1998003256;COTAS;13715150.377970000000000;
202401;792;1999002938;CAIXA;1789.220000000000000;
202401;936;1998003256;VL_PG_RC;-5537.780000000000000;
202401;895;2021003574;COTAS;12650.000001000000000;
202401;655;2018000292;ACOES;848070362.830000000000000;
202401;655;9970000000;COTAS;29423372.657128000000000;39997959000189
202401;655;2018000292;CAIXA;8368497.150000000000000;
202401;655;2021000011;VL_PG_RC;34862647.520000000000000;
202401;713;2006001892;COTAS;3824794.570883000000000;
202401;686;1978000529;ACOES;5167546.930000000000000;
202401;792;1999002938;COTAS;19108114.720052000000000;
202401;686;1978000529;COTAS;9364756.449994000000000;
202401;936;2010002156;COTAS;2971694.015129000000000;
202401;655;2021003183;COTAS;-19572.493186000000000;
202401;895;9970000000;COTAS;10119798.423600000000000;
202401;713;2011000556;COTAS;36505964.329691000000000;18007571000113
202401;655;2021003183;COTAS;1012.366328000000000;
202401;686;1978000529;VL_PG_RC;55638351.390000000000000;
202401;792;1999002938;COTAS;409942300.148385000000000;10740536000105
202401;895;9970000000;TIT_PUB;80146829.630000000000000;
202401;686;2022001656;COTAS;11719070.919921000000000;
202401;792;1999003047;COTAS;4368397.976265000000000;
202401;655;2018000292;COTAS;12751077.500000000000000;
202401;792;1999003047;COTAS;1010165.751320000000000;
202401;655;2021003183;COTAS;51535.100314000000000;
202401;686;9970000000;COTAS;15705601.117684000000000;
202401;713;2011000556;IMOVEIS;81261479.420000000000000;
202401;655;2021003183;COTAS;355391.356164000000000;21397791000105
202401;691;1981000429;COTAS;31927649.659721000000000;
202401;713;2021003418;ACOES;786.910000000000000;
202401;792;1999003047;COTAS;7642381.723918000000000;44432479000100
202401;691;1981000429;COTAS;5931892.225125000000000;08432295000187
202401;792;1999003047;IMOVEIS;573869.050000000000000;
202401;792;1999003047;OPERACAO_PARTICIPANTE;3676456.244758848800000;
202401;792;9970000000;IMOVEIS;812370.070000000000000;
202401;691;2002004765;COTAS;56417360.447734000000000;
202401;792;1999003047;COTAS;1260900.577378000000000;
202401;713;2021003418;COTAS;97849504.048921000000000;47328374000102
202401;936;2010002156;COTAS;5860211.528290000000000;
202401;792;1999003047;COTAS;1907143.576220000000000;
202401;919;1980000719;COTAS;150182716.337109000000000;06095452000180
202401;936;2010002156;COTAS;7314043.165574000000000;
202401;655;2021003183;COTAS;12595.247869000000000;13294396000179
202401;792;1999003047;COTAS;1354798.082685000000000;
202401;713;9970000000;CAIXA;85254.900000000000000;
202401;655;2021003183;COTAS;36236179.785388000000000;29045373000160
202401;713;9970000000;COTAS;3903459.469944000000000;
202401;713;1998006174;COTAS;27724732.947707000000000;41512769000176
202401;802;1977000118;CAIXA;21077633.000000000000000;
202401;919;1980000719;COTAS;147217948.379963000000000;14172036000167
202401;792;9970000000;COTAS;38410614.867282000000000;
202401;802;2003001956;COTAS;6420132.994007000000000;
202401;731;2006005611;IMOVEIS;3999454.080000000000000;
202401;713;2006001892;COTAS;10756534.053058000000000;
202401;655;2021003183;COTAS;14472760.113810000000000;32862087000100
202401;936;2022002792;CAIXA;11267.420000000000000;
202401;919;1980000719;COTAS;282058577.976891000000000;14172204000114
202401;802;2003001956;TIT_PUB;139935322.120000000000000;
202401;802;1977000118;COTAS;13333711.941362000000000;
202401;655;2018000292;COTAS;153342.942149000000000;
202401;713;2006001892;TIT_PUB;12202959.340000000000000;
202401;802;1977000118;VL_PG_RC;44924209.970000000000000;
202401;731;2018001647;CAIXA;21106.450000000000000;
202401;919;1980000719;VL_PG_RC;81090563.030000000000000;
202401;802;2003001956;COTAS;7186389.606474000000000;
202401;655;2018000292;COTAS;83447200.882102000000000;18330535000196
202401;941;1980001618;COTAS;53086390.240802000000000;
202401;727;9970000000;CAIXA;150839.620000000000000;
202401;821;1988000238;COTAS;2378649.461727000000000;
202401;731;2018001647;COTAS;8706022.753192000000000;30993999000188
202401;727;9970000000;COTAS;17772250.690981000000000;
202401;821;1988000238;COTAS;11857201.838294000000000;
202401;731;2018001647;COTAS;9496749.956623000000000;30994076000140
202401;802;9970000000;VL_PG_RC;0.000000000000000;
202401;941;1980001618;COTAS;29261961.494784000000000;
202401;655;2021003183;COTAS;133649928.545998000000000;34791568000190
202401;919;9970000000;VL_PG_RC;-2913.320000000000000;
202401;821;1988000238;CAIXA;72128.800000000000000;
202401;655;2021003183;COTAS;3218212.580972000000000;41556860000193
202401;821;1988000238;COTAS;5185957.189930000000000;
202401;731;9970000000;VL_PG_RC;-706.290000000000000;
202401;655;2021003183;COTAS;3360264.000000000000000;50006439000108
202401;821;1988000238;COTAS;719685.395505000000000;
202401;744;1986000729;COTAS;197347925.273290000000000;05464910000149
202401;655;2021003183;COTAS;3373613.100000000000000;50069605000107
202401;821;1988000238;VL_PG_RC;-43866.450000000000000;
202401;744;1986000729;VL_PG_RC;-29892.900000000000000;
202401;821;9970000000;COTAS;53196.885085000000000;
202401;821;9970000000;COTAS;41540.195589000000000;
202401;941;1980001618;VL_PG_RC;217538850.440000000000000;
202401;655;2021003183;OPERACAO_PARTICIPANTE;22515440.391684400100000;
202401;655;9970000000;CAIXA;384141.830000000000000;
202401;821;9970000000;COTAS;2333.630170000000000;
202401;941;1998007774;COTAS;-1152145.647331000000000;
202401;655;2018000292;COTAS;5140031.187325000000000;23884799000121
202401;758;9970000000;TIT_PUB;3557263.490000000000000;
202401;655;9970000000;COTAS;607803.000000000000000;
202401;864;1971000183;COTAS;37874790.982635000000000;
202401;775;2007002965;CAIXA;0.000000000000000;
202401;922;2017001392;COTAS;4835142.799018000000000;
202401;941;1998007774;COTAS;36447266.634169000000000;
202401;775;2007002965;COTAS;1445957.626654000000000;
202401;727;9970000000;TIT_PUB;265919.350000000000000;
202401;775;9970000000;VL_PG_RC;0.000000000000000;
202401;922;2017001392;COTAS;2137346.928735000000000;
202401;655;2018000292;COTAS;56092680.775621000000000;05117292000160
202401;655;2018000292;COTAS;440260.954163000000000;10430028000112
202401;922;2017001392;IMOVEIS;2987083.820000000000000;
202401;731;1987000765;COTAS;50795654.475100000000000;
202401;655;9970000000;COTAS;6398.112783000000000;
202401;941;1998007774;COTAS;49218004.797907000000000;
202401;922;2017001392;TIT_PUB;298163921.360000000000000;
202401;744;1986000729;CAIXA;227368.420000000000000;
202401;655;9970000000;COTAS;163768.965054000000000;23884799000121
202401;655;2018000292;COTAS;213129102.653177000000000;32862118000115
202401;792;1988000718;COTAS;517824.040060000000000;
202401;655;9970000000;COTAS;20466.691366000000000;10430028000112
202401;792;1988000718;COTAS;10457818.178544000000000;44432479000100
202401;744;1986000729;COTAS;438579393.716645000000000;18272304000173
202401;655;2021000011;ACOES;48020040.330000000000000;
202401;792;1998000818;COTAS;16510.569492000000000;
202401;936;1990001483;COTAS;3515361.348002000000000;
202401;758;1981001719;COTAS;790149438.085326000000000;
202401;686;2022000765;COTAS;39583479.670008000000000;
202401;792;1998000818;COTAS;43382.557523000000000;
202401;758;4007580065;COTAS;14979478.775160000000000;
202401;864;1971000183;ACOES;200.000000000000000;
202401;792;1998000974;CAIXA;1690.470000000000000;
202401;758;4007580065;COTAS;1558694.375958000000000;
202401;864;1971000183;COTAS;24387668.981774000000000;
202401;941;1998007774;COTAS;32570303.733843000000000;
202401;686;2022001818;COTAS;3026219.290095000000000;
202401;792;1988000718;CAIXA;1810.070000000000000;
202401;864;2002000311;CAIXA;50432.610000000000000;
202401;792;1998000974;COTAS;106512.095698000000000;
202401;864;2002000311;COTAS;107444.028645000000000;
202401;792;1998000974;COTAS;40123.687272000000000;
202401;864;1971000183;COTAS;15155357260.450819000000000;03958061000154
202401;953;9970000000;VL_PG_RC;0.000000000000000;
202401;864;2002000311;COTAS;818985.543672000000000;
202401;864;2002000311;COTAS;705092.934601000000000;
202401;655;2021000011;COTAS;1835.230252000000000;
202401;936;1998003256;COTAS;437800.674200000000000;
202401;864;2022000692;VL_PG_RC;-4.170000000000000;
202401;792;1998000974;COTAS;69606.040446000000000;
202401;864;9970000000;COTAS;103438876.414748000000000;09564251000173
202401;967;2000000819;COTAS;19299.095343000000000;
202401;691;1981000429;COTAS;539434.469315000000000;
202401;878;1999003918;COTAS;9467770.103343000000000;
202401;878;1999003918;CAIXA;9795.190000000000000;
202401;967;2000000819;COTAS;42490993.694650000000000;05113533000101
202401;792;1998000974;COTAS;37474.326859000000000;
202401;878;1999003918;COTAS;20262221.871952000000000;
202401;792;1988000718;COTAS;465746.886019000000000;
202401;691;1981000429;COTAS;2196583.891960000000000;
202401;878;1999003918;COTAS;18346123.858040000000000;
202401;792;1988000718;COTAS;275133.855573000000000;
202401;691;2002004765;COTAS;7277025.688643000000000;
202401;792;1988000718;COTAS;467034.077829000000000;
202401;655;2021000011;COTAS;4723389.508380000000000;18330535000196
202401;792;1998000974;COTAS;44427.052718000000000;
202401;878;1999003918;COTAS;1029105.224909000000000;
202401;655;2021000011;COTAS;531488.898622000000000;21397715000108
202401;792;1998000974;COTAS;703900.654452000000000;
202401;878;1999003918;COTAS;467366.009887000000000;
202401;881;1979000247;ACOES;13176591.880000000000000;
202401;878;1999003918;COTAS;355514.106748000000000;
202401;967;2000000819;VL_PG_RC;382785.180000000000000;
202401;655;2021000011;COTAS;316119.980497000000000;23884789000196
202401;881;1979000247;CAIXA;96152.720000000000000;
202401;792;1999002865;COTAS;26756152.650261000000000;
202401;655;2021000011;COTAS;7779771.358001000000000;05117292000160
202401;792;1988000718;COTAS;256966.812741000000000;
202401;792;1999002865;COTAS;1305817.144500000000000;
202401;691;2002004765;OPERACAO_PARTICIPANTE;693624571.119292369500000;
202401;792;1999002865;COTAS;23706290.398163000000000;44432479000100
202401;967;2000000983;CAIXA;0.000000000000000;
202401;936;1998003256;COTAS;1228639.437878000000000;
202401;881;1994000929;COTAS;-5066.932013000000000;
202401;881;1979000247;COTAS;39943.156280000000000;
202401;792;1999002938;COTAS;296373508.272541000000000;
202401;792;1998000818;CAIXA;2088.420000000000000;
202401;967;2000000983;COTAS;1110162.408933000000000;10462501000143
202401;936;1998003256;COTAS;7339851.749726000000000;
202401;881;1994000929;VL_PG_RC;288799.390000000000000;
202401;967;2000004318;COTAS;320797.720655000000000;
202401;655;2021000011;COTAS;398251.623375000000000;11965107000190
202401;792;1998000818;COTAS;235391.072739000000000;21889006000131
202401;936;1998003256;COTAS;902307.093621000000000;
202401;881;1999004256;COTAS;212171.715531000000000;
202401;655;2021000011;COTAS;138599.314736000000000;21397837000196
202401;967;2000004318;COTAS;777915061.811224000000000;05113533000101
202401;881;1979000247;COTAS;33596166.088771000000000;
202401;792;1999002938;COTAS;17328514.403052000000000;
202401;967;2000004318;OPERACAO_PARTICIPANTE;4429119.140000000000000;
202401;936;2010002156;ACOES;8288.390000000000000;
202401;792;1998000818;IMOVEIS;133722.630000000000000;
202401;655;2021000011;COTAS;72526654.894811000000000;49397796000157
202401;881;1999004256;COTAS;2320664.723283000000000;
202401;936;2010002156;COTAS;82955.181356000000000;
202401;792;1998000974;COTAS;4570577.069151000000000;
202401;792;1999002938;COTAS;24887003.627582000000000;
202401;967;2002003947;COTAS;348256.451715000000000;
202401;792;1998000974;COTAS;43956.077935000000000;
202401;792;1999002938;COTAS;22973893.491715000000000;
202401;967;2002003947;VL_PG_RC;2844863.700000000000000;
202401;792;1998000974;COTAS;199339.856551000000000;29983445000110
202401;792;1999002938;COTAS;23243718.907443000000000;
202401;691;9970000000;COTAS;16152486.128167000000000;
202401;792;1999002865;COTAS;27489027.368804000000000;
202401;792;1999002938;COTAS;11605213.028289000000000;
202401;691;9970000000;VL_PG_RC;-283.580000000000000;
202401;936;2010002156;COTAS;31925580.463509000000000;
202401;881;2000003656;COTAS;21778.637605000000000;
202401;881;1979000247;COTAS;78667.082177000000000;
202401;792;1999002865;COTAS;4972648.834836000000000;
202401;881;1994000929;TIT_PRIV;3498011.390000000000000;
202401;967;2013001592;COTAS;10063306.390421000000000;
202401;936;2010002156;COTAS;136372942.113010000000000;
202401;792;1999002938;COTAS;41202386.048640000000000;
202401;967;4009670029;CAIXA;0.000000000000000;
202401;936;2010002156;VL_PG_RC;-46388.820000000000000;
202401;792;1999003047;COTAS;1264308.734336000000000;
202401;967;4009670029;COTAS;2402493761.532189000000000;04437639000190
202401;792;1999002865;COTAS;3176752.222505000000000;
202401;713;1983000183;IMOVEIS;14125802.860000000000000;
202401;941;1980001618;COTAS;4401044.676466000000000;
202401;792;1999002938;COTAS;22839973.208428000000000;
202401;792;1999003047;COTAS;4320168.610354000000000;18959722000133
202401;941;1980001618;COTAS;35815339.708089000000000;
202401;792;1999003047;TIT_PUB;1982788.830000000000000;
202401;655;2021000011;COTAS;30806743.420631000000000;52026196000197
202401;941;1998007774;COTAS;18617512.493353000000000;
202401;792;1999002938;COTAS;11482185.236113000000000;
202401;655;2021003183;COTAS;0.000001000000000;
202401;967;9970000000;IMOVEIS;44550141.580000000000000;
202401;792;1999002938;COTAS;192968280.437357000000000;29983445000110
202401;971;2000006711;COTAS;4307.193142000000000;
202401;792;1999002938;VL_PG_RC;-1001982.810000000000000;
202401;802;1977000118;TIT_PRIV;96310684.000000000000000;
202401;881;1999004256;COTAS;13628.595826000000000;
202401;971;2000006711;COTAS;7434699.294128000000000;
202401;792;1999003047;COTAS;685967.227056000000000;
202401;802;1977000118;TIT_PUB;596678169.990000000000000;
202401;971;2000006711;COTAS;2262281.385820000000000;
202401;713;1998006174;COTAS;1436058.241583000000000;41517794000142
202401;792;1999003047;COTAS;747697.520496000000000;
202401;941;1998007774;COTAS;25847710.146246000000000;
202401;802;9970000000;TIT_PRIV;5436783.730000000000000;
202401;881;1999004256;IMOVEIS;201337632.440000000000000;
202401;655;2021003183;COTAS;1756.015633000000000;
202401;941;1998007774;COTAS;56732986.231278000000000;
202401;881;2000003656;TIT_PUB;719956394.870000000000000;
202401;655;2021003183;COTAS;893122.800000000000000;
202401;941;2023000165;VL_PG_RC;0.000000000000000;
202401;792;1999003047;VL_PG_RC;-32302.460000000000000;
202401;971;2000006711;COTAS;6246379.310237000000000;
202401;655;2021003183;COTAS;17259831.032899000000000;34081202000127
202401;881;2000003974;ACOES;922.530000000000000;
202401;713;1998006174;IMOVEIS;3504898.460000000000000;
202401;655;2021003183;COTAS;49196020.525500000000000;36615983000118
202401;881;2002001065;COTAS;37773.465168000000000;
202401;713;2006001892;COTAS;10487330.116964000000000;
202401;655;2021003183;COTAS;39529708.872684000000000;39997959000189
202401;881;2002001065;COTAS;413153.896638000000000;
202401;941;9970000000;CAIXA;254641.300000000000000;
202401;881;1999004256;TIT_PUB;3498224914.220000000000000;
202401;881;9970000000;COTAS;17699.836897000000000;
202401;821;1988000238;COTAS;248192.540829000000000;
202401;821;9970000000;COTAS;34080.912486000000000;
202401;713;2006001892;TIT_PRIV;998996.420000000000000;
202401;792;9970000000;TIT_PUB;10780971.830000000000000;
202401;881;9970000000;COTAS;19188756.068646000000000;
202401;881;2000003656;COTAS;339052.843760000000000;
202401;953;1976000165;CAIXA;250665.050000000000000;
202401;821;9970000000;COTAS;520360.282825000000000;
202401;802;1977000118;ACOES;103961387.850000000000000;
202401;881;2000003656;COTAS;3708451.141273000000000;
202401;864;1971000183;COTAS;37207500.000000000000000;
202401;881;9970000000;COTAS;21805.489365000000000;
202401;864;1971000183;VL_PG_RC;112802020.890000000000000;
202401;802;1977000118;COTAS;1532489562.522477000000000;34546404000105
202401;953;1976000165;COTAS;13771607.097485000000000;
202401;971;2000006711;COTAS;9970264.846129000000000;
202401;713;2011000556;ACOES;3505.030000000000000;
202401;881;9970000000;VL_PG_RC;1059814.640000000000000;
202401;881;2000003656;COTAS;3640127.716078000000000;
202401;713;2011000556;COTAS;83607059.587492000000000;13058863000161
202401;895;2012001718;COTAS;167532.678668000000000;
202401;864;2002000311;COTAS;2274126101.976925000000000;07192293000103
202401;713;2011000556;COTAS;374034256.803097000000000;13058869000139
202401;967;2000000819;CAIXA;0.000000000000000;
202401;864;2022000692;CAIXA;28436.180000000000000;
202401;802;2003001956;COTAS;9852200.700098000000000;
202401;967;2000000819;COTAS;6951432.562093000000000;10462501000143
202401;864;9970000000;CAIXA;44747.510000000000000;
202401;971;2000006711;COTAS;5200249.748862000000000;
202401;821;1988000238;COTAS;19461152.314075000000000;
202401;895;2012001718;COTAS;2509091.453302000000000;
202401;821;1988000238;COTAS;8686301.013609000000000;
202401;881;2000003656;OPERACAO_PARTICIPANTE;0.000000000000000;
202401;971;2000006711;COTAS;703946.929509000000000;
202401;713;2021003418;CAIXA;74340.720000000000000;
202401;967;2000000983;COTAS;89153.661029000000000;
202401;655;2021003183;TIT_PUB;309402452.270000000000000;
202401;821;9970000000;CAIXA;314.940000000000000;
202401;713;9970000000;COTAS;4642042.535000000000000;
202401;655;9970000000;COTAS;-106685.077736000000000;
202401;821;9970000000;COTAS;1839.570908000000000;
202401;864;9970000000;COTAS;10980083.969894000000000;
202401;971;2000006711;COTAS;6960397.395317000000000;
202401;967;2000001947;COTAS;187332.242588000000000;
202401;878;9970000000;CAIXA;1018.800000000000000;
202401;864;1971000183;COTAS;14102587.949662000000000;
202401;881;1979000247;COTAS;20280292.441766000000000;
202401;864;2002000311;OPERACAO_PARTICIPANTE;20130055.971395000000000;
202401;881;2000003729;ACOES;1537650.980000000000000;
202401;967;2000001947;COTAS;339913183.438801000000000;05113533000101
202401;881;2000003729;COTAS;6817.891108000000000;
202401;895;2012001718;TIT_PUB;55271639.540000000000000;
202401;881;2000003729;COTAS;8789.905665000000000;
202401;895;2017000183;COTAS;313471.481384000000000;
202401;967;2000001947;COTAS;46165369.499896000000000;10462501000143
202401;881;2002001065;COTAS;2426.329101000000000;
202401;881;1979000247;OPERACAO_PARTICIPANTE;0.000000000000000;
202401;655;9970000000;COTAS;11330335.882919000000000;34081202000127
202401;895;2017000183;OPERACAO_PARTICIPANTE;277492.710000000000000;
202401;864;9970000000;VL_PG_RC;0.000000000000000;
202401;881;2002001065;TIT_PUB;70317095.130000000000000;
202401;655;9970000000;COTAS;27833591.400000000000000;49397796000157
202401;895;2020001829;CAIXA;685.680000000000000;
202401;881;1994000929;ACOES;2342663.130000000000000;
202401;881;2008001619;OPERACAO_PARTICIPANTE;0.000000000000000;
202401;895;2021003574;CAIXA;1008.770000000000000;
202401;878;1999003918;COTAS;72006.731650000000000;
202401;881;9970000000;CAIXA;181896.340000000000000;
202401;686;1978000529;COTAS;22500.149260000000000;
202401;878;1999003918;COTAS;11785937.698040000000000;
202401;881;1994000929;COTAS;29477.658153000000000;
202401;895;1985000792;COTAS;5022938.610000000000000;
202401;878;1999003918;COTAS;13645354.505102000000000;
202401;881;1999004256;COTAS;-871209.500294000000000;
202401;878;1999003918;VL_PG_RC;-54172.770000000000000;
202401;881;1999004256;COTAS;2828318.035892000000000;
202401;686;2022000765;ACOES;45805172.900000000000000;
202401;967;2000004318;COTAS;5321445.260192000000000;
202401;713;9970000000;VL_PG_RC;-159673.340000000000000;
202401;971;2000006711;COTAS;16395616.285522000000000;
202401;878;9970000000;VL_PG_RC;0.000000000000000;
202401;881;1999004256;TIT_PRIV;3230136.980000000000000;
202401;686;2022000765;CAIXA;34345.360000000000000;
202401;881;2000003656;IMOVEIS;81273927.650000000000000;
202401;727;1971000256;COTAS;156.626754000000000;
202401;967;2000004318;VL_PG_RC;1986587.130000000000000;
202401;881;1994000929;COTAS;27354.940041000000000;
202401;895;9970000000;COTAS;11132.579195000000000;
202401;686;2022001656;IMOVEIS;23511000.000000000000000;
202401;919;1980000719;CAIXA;22809.620000000000000;
202401;967;2002003947;CAIXA;919.800000000000000;
202401;881;2000003729;COTAS;2266024.274574000000000;
202401;881;1994000929;COTAS;14759.032270000000000;
202401;967;2002003947;COTAS;273240690.512879000000000;10462501000143
202401;881;2000003729;COTAS;294450.194523000000000;
202401;686;2022001729;COTAS;3754357.099977000000000;
202401;919;9970000000;CAIXA;18722.370000000000000;
202401;727;1971000256;TIT_PRIV;26746551.390000000000000;
202401;686;2022001729;IMOVEIS;5240900.000000000000000;
202401;881;1994000929;IMOVEIS;20407227.750000000000000;
202401;686;2022001729;TIT_PUB;14066368.820000000000000;
202401;967;2013001592;COTAS;3718500.000000000000000;
202401;881;1994000929;OPERACAO_PARTICIPANTE;0.000000000000000;
202401;922;1981001018;COTAS;20819380.640278000000000;
202401;971;2000006711;TIT_PRIV;12819613.993784000000000;
202401;744;1986000729;COTAS;66680995.184931000000000;
202401;922;1981001018;COTAS;19875150.124193000000000;
202401;971;9970000000;COTAS;40228.971003000000000;
202401;881;1994000929;TIT_PUB;325727671.060000000000000;
202401;967;2013001592;COTAS;1393769.594198000000000;
202401;881;2000003729;VL_PG_RC;3844611.360000000000000;
202401;881;1999004256;COTAS;32694.242006000000000;
202401;881;2000003974;COTAS;-70122.503111000000000;
202401;922;1981001018;COTAS;14734169.427337000000000;
202401;881;2000003656;COTAS;-227083.043055000000000;
202401;881;2000003974;TIT_PRIV;108938.680000000000000;
202401;922;1981001018;IMOVEIS;4403071.870000000000000;
202401;971;9970000000;COTAS;4481.982046000000000;
202401;881;2002001065;COTAS;-16847.312789000000000;
202401;744;1986000729;COTAS;164527574.806632000000000;
202401;922;1981001018;TIT_PRIV;4951788.240000000000000;
202401;895;1985000792;COTAS;2188218.603868000000000;
202401;881;2000003656;COTAS;13197675.288193000000000;
202401;758;1981001719;CAIXA;45508.850000000000000;
202401;758;4007580065;TIT_PUB;9102956.550000000000000;
202401;686;2022001818;COTAS;19611.399711000000000;
202401;686;2022001818;TIT_PUB;12315976.600000000000000;
202401;922;2013000847;COTAS;13108347.160675000000000;
202401;895;1985000792;COTAS;197527.841998000000000;
202401;895;1985000792;IMOVEIS;44309999.980000000000000;
202401;881;2000003729;COTAS;3413.618420000000000;
202401;881;2000003729;IMOVEIS;10600454.730000000000000;
202401;967;2013001592;COTAS;53266362.600000000000000;36521658000196
202401;881;2000003974;COTAS;-2928.183461000000000;
202401;881;2002001065;COTAS;51402.039274000000000;
202401;881;2000003974;COTAS;7156.754867000000000;
202401;971;9970000000;COTAS;1232.617934000000000;
202401;881;2000003974;COTAS;1102.808097000000000;
202401;881;2002001065;TIT_PRIV;575055.110000000000000;
202401;881;2000003974;COTAS;15808.419703000000000;
202401;881;2008001619;COTAS;1747.828657000000000;
202401;881;2000003974;OPERACAO_PARTICIPANTE;0.000000000000000;
202401;967;2013001592;VL_PG_RC;759776.770000000000000;
202401;881;2008001619;COTAS;149014.220061000000000;
202401;881;2008001619;COTAS;343757.504968000000000;
202401;775;2007002965;VL_PG_RC;1392.170000000000000;
202401;971;2000006711;CAIXA;26346401.790000000000000;
202401;881;9970000000;COTAS;1509023.865449000000000;
202401;792;1988000718;COTAS;13990408.298189000000000;
202401;686;9970000000;VL_PG_RC;17488520.870000000000000;
202401;881;9970000000;COTAS;5621431.796389000000000;
202401;922;2013000847;TIT_PUB;208918232.010000000000000;
202401;971;2000006711;COTAS;282598.650000000000000;
202401;971;9970000000;COTAS;562.992809000000000;
202401;895;1985000792;TIT_PUB;2493728405.420000000000000;
202401;881;2002001065;COTAS;5820.650171000000000;
202401;895;1985000792;COTAS;2808135.370061000000000;
202401;691;1981000429;COTAS;19334680.508735000000000;
202401;971;2000006711;COTAS;14959885.846136000000000;
202401;984;1981000992;COTAS;1710866.119384000000000;
202401;881;2008001619;CAIXA;3542.160000000000000;
202401;895;1985000792;TIT_PRIV;145638698.140000000000000;
202401;792;1988000718;COTAS;781482.022146000000000;
202401;922;2017001392;COTAS;195517.311329000000000;
202401;792;1988000718;COTAS;253983.805703000000000;
202401;881;2008001619;COTAS;-246.990348000000000;
202401;922;2017001392;TIT_PRIV;1980715.290000000000000;
202401;895;2000002511;TIT_PUB;706832345.550000000000000;
202401;971;2000006711;COTAS;6251337.641120000000000;
202401;895;2012001718;COTAS;13342484.537653000000000;
202401;971;2000006711;COTAS;82647039.591846000000000;50132470000187
202401;691;2002004765;COTAS;6733221.000000000000000;
202401;792;1988000718;COTAS;43432.451699000000000;10740536000105
202401;895;2000002511;OPERACAO_PARTICIPANTE;14134989.200224229200000;
202401;895;2014002118;OPERACAO_PARTICIPANTE;1340515.480000441700000;
202401;984;1981000992;VL_PG_RC;135666.770000000000000;
202401;971;9970000000;COTAS;8609.542452000000000;
202401;691;2002004765;COTAS;9883789.352832000000000;
202401;881;2008001619;COTAS;875.105971000000000;
202401;922;9970000000;COTAS;6739408.793293000000000;
202401;895;2014002118;COTAS;4749754.141575000000000;
202401;881;2008001619;IMOVEIS;1962527.490000000000000;
202401;936;1990001483;COTAS;191082.260458000000000;
202401;792;1998000818;COTAS;209170.333584000000000;
202401;936;1990001483;COTAS;5417809.743570000000000;
202401;895;2017000183;COTAS;76097.243766000000000;
202401;984;1985001365;CAIXA;5698.900000000000000;
202401;971;9970000000;TIT_PRIV;9043.369992000000000;
202401;881;9970000000;COTAS;-4039.013724000000000;
202401;984;1981000992;COTAS;8491576.236433000000000;
202401;881;9970000000;COTAS;21259.587018000000000;
202401;984;1985001292;COTAS;1513835.678900000000000;
202401;895;2017000183;TIT_PUB;24210247.290000000000000;
202401;881;9970000000;IMOVEIS;38469752.840000000000000;
202401;984;1990001629;COTAS;114634.771102000000000;
202401;895;2000002511;COTAS;9744876.779315000000000;
202401;895;2020001829;TIT_PUB;2606511.900000000000000;
202401;936;1990001483;TIT_PUB;2268330977.040000000000000;
202401;984;1990001629;COTAS;294369.751661000000000;
202401;895;2012001718;COTAS;37043.451934000000000;
202401;895;2014002118;TIT_PUB;98943744.380000000000000;
202401;792;1998000818;COTAS;118807.319263000000000;10740536000105
202401;984;1985001292;VL_PG_RC;278674.910000000000000;
202401;691;2002004765;COTAS;0.000000000000000;
202401;984;1985001365;VL_PG_RC;-68299.750000000000000;
202401;691;2002004765;COTAS;11094339.831239000000000;
202401;895;2012001718;COTAS;593694.664865000000000;
202401;792;1998000818;VL_PG_RC;-14717.960000000000000;
202401;895;2021003574;COTAS;7100.233165000000000;
202401;895;2014002118;COTAS;509914.613411000000000;
202401;895;2017000183;COTAS;508599.711822000000000;
202401;713;2006001892;COTAS;10586763.798974000000000;
202401;984;1990001629;CAIXA;3681.500000000000000;
202401;984;1994002883;COTAS;775456.798649000000000;
202401;895;2017000183;TIT_PRIV;668711.850000000000000;
202401;792;1998000974;COTAS;93484.406800000000000;
202401;895;9970000000;CAIXA;2322.620000000000000;
202401;895;2021003574;VL_PG_RC;-0.030000000000000;
202401;713;2011000556;VL_PG_RC;55717705.080000000000000;
202401;984;1990001629;COTAS;517855.731392000000000;
202401;792;1998000974;COTAS;873593.990055000000000;
202401;984;1994002883;COTAS;268357.393712000000000;
202401;713;2021003418;COTAS;13482060.566733000000000;47328403000128
202401;792;1998000974;COTAS;120861.037110000000000;
202401;919;1980000719;COTAS;496536148.953294000000000;14172627000134
202401;895;9970000000;COTAS;744896.357157000000000;
202401;984;1990001629;COTAS;82096.964784000000000;
202401;922;1981001018;COTAS;14913659.823016000000000;
202401;919;9970000000;COTAS;10524095.572373000000000;18686761000104
202401;984;1990001629;OPERACAO_PARTICIPANTE;503.740000000000000;
202401;792;1998000974;IMOVEIS;506489.580000000000000;
202401;713;2021003418;VL_PG_RC;12668286.500000000000000;
202401;922;1981001018;TIT_PUB;205442753.870000000000000;
202401;984;2000007783;COTAS;676262.054479000000000;
202401;922;2017001392;COTAS;19350792.202755000000000;
202401;922;1981001018;COTAS;18258766.426643000000000;
202401;713;9970000000;COTAS;2679659.288992000000000;
202401;936;1990001483;COTAS;689029.056881000000000;
202401;919;1980000719;COTAS;382511129.073807000000000;18686761000104
202401;922;1981001018;VL_PG_RC;1490478.080000000000000;
202401;792;1999002865;COTAS;26519606.454476000000000;
202401;984;2000007783;COTAS;1736568.155681000000000;
202401;984;1994002883;CAIXA;57676.320000000000000;
202401;936;1998003256;COTAS;52491.948415000000000;
202401;792;1999002865;COTAS;4616966.101938000000000;
202401;936;1990001483;COTAS;1928191.000844000000000;
202401;727;1971000256;COTAS;1511835.237904000000000;
202401;922;2013000847;COTAS;41245315.436343000000000;
202401;984;2000007783;VL_PG_RC;33659.420000000000000;
202401;936;1998003256;COTAS;123292.328458000000000;
202401;984;2005001538;COTAS;925764.934085000000000;
202401;936;1990001483;COTAS;13251023.684552000000000;
202401;936;1998003256;COTAS;812671.391221000000000;
202401;731;1987000765;COTAS;338041.495639000000000;
202401;936;1998003256;COTAS;160169.069930000000000;
202401;936;1998003256;COTAS;108734.414981000000000;
202401;984;2005001538;COTAS;2498694.793691000000000;
202401;984;1994002883;COTAS;388367.606755000000000;
202401;984;2005001538;COTAS;469751.093206000000000;
202401;936;1998003256;TIT_PUB;29949759.580000000000000;
202401;922;2013000847;COTAS;8982191.640997000000000;
202401;922;1981001018;COTAS;459.719586000000000;
202401;922;2013000847;COTAS;13261270.521323000000000;
202401;984;1994002883;COTAS;218568.484958000000000;
202401;922;1981001018;COTAS;5021543.237272000000000;
202401;922;2013000847;COTAS;13268031.928124000000000;
202401;984;1994002883;COTAS;134940.101013000000000;
202401;922;2013000847;VL_PG_RC;-139306.190000000000000;
202401;984;2000007783;CAIXA;21718.200000000000000;
202401;936;1998003256;COTAS;953173.236436000000000;
202401;922;2017001392;CAIXA;25275.900000000000000;
202401;984;9970000000;COTAS;151301.613255000000000;
202401;936;2010002156;COTAS;1031482.265638000000000;
202401;922;9970000000;VL_PG_RC;-2653.450000000000000;
202401;984;2000007783;COTAS;3054973.438342000000000;
202401;731;1987000765;COTAS;222637070.815085000000000;30994014000139
202401;792;1999002865;COTAS;6644240.157525000000000;
202401;922;2013000847;COTAS;5717724.333218000000000;
202401;936;2010002156;CAIXA;42114.420000000000000;
202401;984;9970000000;COTAS;126905.187089000000000;
202401;792;1999002865;IMOVEIS;2184314.290000000000000;
202401;936;2010002156;COTAS;5587663.200000000000000;
202401;936;2010002156;COTAS;191897.214381000000000;
202401;936;1990001483;COTAS;3979210.519751000000000;
202401;792;1999002938;COTAS;262021366.711543000000000;
202401;936;2010002156;COTAS;19536765.713427000000000;
202401;936;1990001483;IMOVEIS;30120497.280000000000000;
202401;792;1999002938;COTAS;34069178.214764000000000;
202401;936;2010002156;COTAS;16989041.283500000000000;
202401;936;1998003256;COTAS;144420.214750000000000;
202401;731;1987000765;COTAS;433566386.938417000000000;30994041000101
202401;792;1999002938;COTAS;42245253.160060000000000;
202401;984;2000007783;COTAS;18350880.412589000000000;
202401;731;2006005611;COTAS;559415130.557296000000000;30994014000139
202401;922;2013000847;COTAS;11360540.959173000000000;
202401;936;2010002156;COTAS;12722296.955883000000000;
202401;936;1998003256;COTAS;15406.926597000000000;
202401;936;2010002156;COTAS;20173182.400236000000000;
202401;922;2013000847;COTAS;14921007.799690000000000;
202401;731;2006005611;COTAS;377942816.859096000000000;30994041000101
202401;792;1999002938;COTAS;52292632.944712000000000;
202401;984;2000007783;COTAS;484312.582781000000000;
202401;936;2010002156;COTAS;15250772.108307000000000;
202401;936;2010002156;TIT_PUB;441198212.440000000000000;
202401;936;1998003256;COTAS;2955952.893566000000000;
202401;744;1986000729;COTAS;109336891.330693000000000;09613212000119
202401;936;1998003256;COTAS;6568425.372441000000000;
202401;936;1998003256;OPERACAO_PARTICIPANTE;1700056.639991253500000;
202401;922;2017001392;COTAS;311.877800000000000;
202401;792;1999002938;COTAS;190449802.002380000000000;44432479000100
202401;758;2002002411;COTAS;670233768.327923000000000;
202401;984;2000007783;OPERACAO_PARTICIPANTE;740018.240000000000000;
202401;758;2002002411;COTAS;123990784.009305000000000;
202401;936;9970000000;VL_PG_RC;-5766.930000000000000;
202401;922;2017001392;COTAS;20956902.113783000000000;
202401;998;1988001129;TIT_PRIV;5699192.160000000000000;
202401;922;2017001392;COTAS;4894044.096337000000000;
202401;936;2010002156;COTAS;42973725.040180000000000;
202401;941;1980001618;COTAS;-573146.912669000000000;
202401;984;2005001538;COTAS;2699506.493374000000000;
202401;792;1999002938;IMOVEIS;36320913.790000000000000;
202401;936;2010002156;COTAS;1751831.705701000000000;
202401;998;1998006638;CAIXA;1701982.320000000000000;
202401;758;4007580065;COTAS;519851.560781000000000;
202401;922;9970000000;COTAS;2363227.274484000000000;
202401;941;1980001618;COTAS;30256953.187662000000000;
202401;758;4007580065;COTAS;1037686.928760000000000;30453307000109
202401;941;1980001618;COTAS;21713535.822505000000000;
202401;998;1998006638;COTAS;1015043856.800920000000000;04701088000120
202401;792;1999003047;CAIXA;2111.550000000000000;
202401;941;1998007774;COTAS;28896458.611671000000000;
202401;789;2006001965;CAIXA;2635859.440000000000000;
202401;941;1998007774;COTAS;128927284.782611000000000;
202401;936;1990001483;COTAS;316154.320002000000000;
202401;789;2006001965;VL_PG_RC;0.000000000000000;
202401;936;2010002156;COTAS;101158673.469838000000000;
202401;936;1990001483;COTAS;3811218.511482000000000;
202401;998;1998006638;COTAS;349531455.551516000000000;11462883000178
202401;936;2010002156;COTAS;69039551.532254000000000;
202401;941;1980001618;CAIXA;259737.480000000000000;
202401;936;1990001483;COTAS;232355208.687410000000000;
202401;941;1980001618;COTAS;89938.672583000000000;
202401;941;1998007774;COTAS;115631091.180393000000000;
202401;941;1980001618;COTAS;16768848.125843000000000;04644612000178
202401;941;1980001618;COTAS;14698131.484857000000000;
202401;936;1990001483;OPERACAO_PARTICIPANTE;12664192.499873608200000;
202401;998;1998006638;COTAS;136415350.945662000000000;41559542000186
202401;984;2017001211;CAIXA;61501.230000000000000;
202401;941;1998007774;VL_PG_RC;46732991.030000000000000;
202401;941;1980001618;COTAS;33499669.013373000000000;
202401;984;2017001211;COTAS;2811695.872523000000000;
202401;792;1988000718;COTAS;275226.081032000000000;
202401;792;1999003047;COTAS;514902.139021000000000;
202401;792;1988000718;COTAS;861738.507000000000000;
202401;936;1998003256;CAIXA;55527.750000000000000;
202401;941;1980001618;COTAS;27254895.201062000000000;
202401;984;2017001211;COTAS;1371468.277657000000000;
202401;941;1980001618;COTAS;30760286.994541000000000;
202401;792;9970000000;COTAS;38611015.198355000000000;
202401;941;1998007774;CAIXA;492393.950000000000000;
202401;941;2023000165;CAIXA;874.850000000000000;
202401;984;2017001211;COTAS;1106835.066610000000000;
202401;941;1998007774;COTAS;76671241.873925000000000;
202401;941;9970000000;COTAS;799513.877190000000000;
202401;984;9970000000;CAIXA;31769.770000000000000;
202401;941;1998007774;COTAS;22653578.941115000000000;
202401;1033;1975000218;TIT_PRIV;15469747.290000000000000;
202401;941;1980001618;COTAS;36484695.565899000000000;
202401;941;1998007774;COTAS;27296529.903235000000000;
202401;953;1976000165;VL_PG_RC;2931635.950000000000000;
202401;998;1988001129;COTAS;280464.858000000000000;
202401;792;9970000000;COTAS;7719.979895000000000;10740536000105
202401;941;1980001618;COTAS;27566811.699817000000000;
202401;941;1998007774;COTAS;57763473.818627000000000;
202401;941;1980001618;COTAS;2066226040.364641000000000;
202401;802;2003001956;ACOES;14004829.580000000000000;
202401;941;1998007774;COTAS;55217758.167130000000000;
202401;967;1991001029;COTAS;1180853.517326000000000;
202401;1033;1979003556;COTAS;84419124.580970000000000;
202401;792;1988000718;COTAS;7996341.249795000000000;18959722000133
202401;967;1991001029;COTAS;5344210001.533408000000000;21082121000108
202401;941;1998007774;COTAS;548375.545544000000000;
202401;998;1988001129;COTAS;3550532411.515453000000000;05681154000100
202401;941;1998007774;COTAS;54929083.918824000000000;
202401;1033;1979003556;COTAS;19737842.104644000000000;
202401;998;1998006638;COTAS;1032498225.547886000000000;05024715000106
202401;967;1991001029;COTAS;5487968378.560796000000000;04519681000150
202401;1033;1975000218;COTAS;36253.250802000000000;
202401;967;1991001029;OPERACAO_PARTICIPANTE;77566978.010000000000000;
202401;967;2000004318;TIT_PRIV;6445871.870000000000000;
202401;941;1998007774;COTAS;67757291.765241000000000;
202401;967;1991001029;TIT_PRIV;76208648.830000000000000;
202401;792;1988000718;VL_PG_RC;-447920.200000000000000;
202401;802;2003001956;CAIXA;161942.970000000000000;
202401;967;2000000983;VL_PG_RC;76151.930000000000000;
202401;967;2002003947;COTAS;157045541.437424000000000;05091139000101
202401;967;2013001592;COTAS;156169959.350595000000000;05091139000101
202401;967;2013001592;CAIXA;1400.000000000000000;
202401;941;1998007774;COTAS;58259651.953369000000000;
202401;967;2013001592;TIT_PRIV;1684013.040000000000000;
202401;967;2013001592;OPERACAO_PARTICIPANTE;8192686.400000000000000;
202401;792;1998000818;COTAS;71042.905317000000000;
202401;941;1998007774;COTAS;58524474.045599000000000;
202401;941;2023000165;COTAS;12455908.743328000000000;49684938000167
202401;1033;1979003556;ACOES;296754929.400000000000000;
202401;802;9970000000;TIT_PUB;23477974.740000000000000;
202401;1033;1979003556;COTAS;18006538.292260000000000;
202401;821;1988000238;COTAS;8676276.479137000000000;
202401;1033;1979003556;IMOVEIS;39544146.460000000000000;
202401;967;4009670029;COTAS;2406109048.213081000000000;21596134000197
202401;967;9970000000;CAIXA;125.920000000000000;
202401;971;2000006711;COTAS;959943.827959000000000;
202401;821;1988000238;COTAS;6168607.421152000000000;
202401;1033;1979003556;COTAS;7585294.186663000000000;
202401;1033;1996003674;COTAS;112983.782234000000000;
202401;971;2000006711;COTAS;3483879.304389000000000;
202401;821;1988000238;TIT_PUB;19705141.690000000000000;
202401;792;1998000974;COTAS;36823.394093000000000;
202401;1033;1979003556;TIT_PUB;3870470771.110000000000000;
202401;953;9970000000;COTAS;327157.388195000000000;
202401;821;9970000000;VL_PG_RC;-121.620000000000000;
202401;1033;1996003674;COTAS;6093382.000000000000000;
202401;971;2000006711;COTAS;4990612.858556000000000;
202401;864;1971000183;CAIXA;2616581.990000000000000;
202401;792;1998000974;COTAS;4554703.860403000000000;
202401;971;2000006711;COTAS;1629075.595153000000000;
202401;864;1971000183;COTAS;9418333.752228000000000;
202401;792;1998000974;OPERACAO_PARTICIPANTE;1439753.090000000000000;
202401;967;9970000000;COTAS;481843.181004000000000;
202401;1033;1996003674;COTAS;224200.979647000000000;
202401;792;1999002865;COTAS;3121571.721843000000000;
202401;971;9970000000;COTAS;1621.973595000000000;
202401;864;2002000311;COTAS;1283561.523063000000000;
202401;971;2000006711;COTAS;888468.532300000000000;
202401;1033;1996003674;TIT_PRIV;530309582.360000000000000;
202401;864;2002000311;COTAS;53377324.000000000000000;
202401;971;2000006711;COTAS;10721562.756571000000000;
202401;1033;1996003674;COTAS;99136.494216000000000;
202401;971;2000006711;COTAS;9207275.718452000000000;
202401;792;1999002865;COTAS;6119390.109739000000000;
202401;971;2000006711;COTAS;7518535.449739000000000;
202401;1033;2000007538;COTAS;299718179.904246000000000;18000701000196
202401;971;9970000000;COTAS;10543.584661000000000;
202401;971;2000006711;COTAS;3535765.460780000000000;
202401;1033;9970000000;CAIXA;26372.330000000000000;
202401;984;1981000992;COTAS;1009421.664761000000000;
202401;971;2000006711;COTAS;2109932.363043000000000;
202401;967;2000001947;COTAS;3098217.933714000000000;
202401;984;1981000992;COTAS;7708635.749435000000000;
202401;1033;1996003674;TIT_PUB;1425114949.490000000000000;
202401;936;1998003256;COTAS;6274.378066000000000;
202401;792;1999003047;COTAS;4828559.780282000000000;
202401;967;2000001947;OPERACAO_PARTICIPANTE;533759.190000000000000;
202401;864;2022000692;TIT_PUB;8785348.830000000000000;
202401;792;1999003047;COTAS;8536410.317475000000000;
202401;971;2000006711;VL_PG_RC;644658.860000000000000;
202401;967;2000004318;CAIXA;65.000000000000000;
202401;1051;1991001411;COTAS;53050218.348819000000000;
202401;984;1981000992;COTAS;1801442.338140000000000;
202401;984;1981000992;COTAS;853458.178666000000000;
202401;1033;2000007538;COTAS;12215.814285000000000;
202401;984;1990001629;COTAS;168309.906086000000000;
202401;984;1990001629;COTAS;500334.852757000000000;
202401;967;2000004318;COTAS;127813408.354633000000000;10462501000143
202401;984;1990001629;COTAS;66255.852188000000000;
202401;864;2023000483;VL_PG_RC;-587.180000000000000;
202401;792;1999003047;COTAS;1309512.496950000000000;
202401;1033;2000007538;COTAS;1542016.389896000000000;
202401;1051;1991001411;COTAS;55111395.965562000000000;
202401;792;1999003047;COTAS;466947.642966000000000;
202401;1051;1991001411;VL_PG_RC;-411725.780000000000000;
202401;984;1994002883;COTAS;265934.056419000000000;
202401;1051;9970000000;VL_PG_RC;0.000000000000000;
202401;1033;2000007538;COTAS;346607.816141000000000;
202401;792;1999003047;COTAS;352105.888686000000000;
202401;878;1999003918;COTAS;9280240.187493000000000;
202401;984;1994002883;COTAS;1165381.218634000000000;
202401;967;4009670029;VL_PG_RC;-211034.300000000000000;
202401;1078;1984000918;COTAS;104032508.000464000000000;01424041000178
202401;984;2000007783;COTAS;556631.199093000000000;
202401;984;1990001629;COTAS;112445.424088000000000;
202401;984;1994002883;COTAS;1368271.656805000000000;
202401;1078;9970000000;VL_PG_RC;-2337.530000000000000;
202401;936;1998003256;COTAS;1189194.437895000000000;
202401;1033;2000007538;COTAS;23444413.740349000000000;
202401;936;1998003256;COTAS;456964.800000000000000;
202401;1081;1979004374;COTAS;21373405.032667000000000;
202401;984;2000007783;COTAS;20083180.149535000000000;
202401;936;1998003256;COTAS;225836.052833000000000;
202401;1033;9970000000;VL_PG_RC;0.000000000000000;
202401;878;1999003918;COTAS;17476778.221219000000000;
202401;1081;1979004447;COTAS;3939915.595235000000000;
202401;792;1999003047;COTAS;689989.338827000000000;
202401;984;1994002883;COTAS;293606.392291000000000;
202401;1051;1991001411;COTAS;31637675.188973000000000;
202401;984;2000007783;COTAS;992906.443567000000000;
202401;881;1979000247;COTAS;3405408.900304000000000;
202401;1051;1991001411;COTAS;19930888.164550000000000;
202401;984;2005001538;CAIXA;200781.780000000000000;
202401;1081;1979004692;ACOES;2264588.250000000000000;
202401;984;2005001538;COTAS;4056904.488353000000000;
202401;881;1979000247;COTAS;19998.979042000000000;
202401;1051;1991001411;COTAS;32902352.720204000000000;
202401;984;2005001538;COTAS;1351978.444245000000000;
202401;984;2000007783;COTAS;390861.501181000000000;
202401;1051;1991001411;OPERACAO_PARTICIPANTE;96174389.820000000000000;
202401;984;2005001538;COTAS;934201.013058000000000;
202401;881;1994000929;COTAS;2513156.927036000000000;
202401;1081;1979004692;CAIXA;41096.900000000000000;
202401;971;2000006711;COTAS;21740462.053828000000000;
202401;984;2005001538;COTAS;1022097.380367000000000;
202401;936;1998003256;COTAS;8347385.141345000000000;
202401;792;1999003047;COTAS;12643509.158613000000000;10740536000105
202401;984;2017001211;COTAS;1576258.926651000000000;
202401;984;2017001211;COTAS;1915027.583557000000000;
202401;792;9970000000;COTAS;6730.217255000000000;18959722000133
202401;984;2017001211;COTAS;8651022.725188000000000;
202401;984;2017001211;COTAS;4917584.680142000000000;
202401;936;2010002156;COTAS;2859285.444532000000000;
202401;984;2017001211;COTAS;51965716.455661000000000;
202401;971;2000006711;COTAS;1530441.054910000000000;
202401;984;2017001211;VL_PG_RC;274558.690000000000000;
202401;881;1999004256;ACOES;56005024.090000000000000;
202401;1081;1979004692;COTAS;-373.809950000000000;
202401;984;2017001211;OPERACAO_PARTICIPANTE;3926284.360000000000000;
202401;984;9970000000;COTAS;248088.717273000000000;
202401;792;9970000000;VL_PG_RC;11369.450000000000000;
202401;984;9970000000;COTAS;252001.143827000000000;
202401;971;2000006711;OPERACAO_PARTICIPANTE;9654039.990000000000000;
202401;802;1977000118;COTAS;44890575.082290000000000;
202401;971;2000006711;TIT_PUB;78301817.312935000000000;
202401;936;2010002156;COTAS;641815.854672000000000;
202401;802;1977000118;COTAS;10474393.557134000000000;
202401;984;9970000000;COTAS;107457.459427000000000;
202401;936;2010002156;COTAS;1507488.350726000000000;
202401;802;2003001956;COTAS;610404.994840000000000;
202401;984;9970000000;COTAS;25493.581211000000000;
202401;936;2010002156;COTAS;11057755.025009000000000;
202401;802;2003001956;COTAS;7377063.322989000000000;
202401;1051;9970000000;CAIXA;1164.390000000000000;
202401;998;1988001129;ACOES;284020.600000000000000;
202401;936;2010002156;COTAS;101465377.210359000000000;
202401;802;2003001956;COTAS;90692638.993271000000000;34546439000136
202401;998;1988001129;COTAS;8280151.391334000000000;
202401;984;9970000000;COTAS;34953.754297000000000;
202401;971;9970000000;COTAS;3.088094000000000;
202401;998;1988001129;VL_PG_RC;63302193.490000000000000;
202401;984;9970000000;VL_PG_RC;-81012.710000000000000;
202401;998;1998006638;COTAS;12623322.537947000000000;
202401;998;1988001129;COTAS;340192.547744000000000;
202401;881;1999004256;COTAS;27219.839626000000000;
202401;998;1988001129;OPERACAO_PARTICIPANTE;10859148.168959859000000;
202401;1078;1984000918;CAIXA;207150.000000000000000;
202401;802;2003001956;VL_PG_RC;158903.050000000000000;
202401;1078;1984000918;COTAS;27327255.101453000000000;
202401;1033;1979003556;COTAS;6219885.427180000000000;
202401;998;1998006638;COTAS;2932465029.957366000000000;05808851000189
202401;802;9970000000;COTAS;1606798.021480000000000;
202401;1081;2002001456;COTAS;16912.505641000000000;
202401;936;2010002156;COTAS;10978069.350444000000000;
202401;971;9970000000;COTAS;5769.826180000000000;
202401;1081;2002001456;COTAS;54749029.722012000000000;
202401;998;9970000000;VL_PG_RC;0.000000000000000;
202401;881;2000003656;ACOES;8116357.450000000000000;
202401;1033;1975000218;COTAS;1607243.331162000000000;
202401;971;9970000000;COTAS;4478.427070000000000;
202401;802;9970000000;COTAS;1557789.954515000000000;
202401;1033;1996003674;CAIXA;7898340.160000000000000;
202401;971;9970000000;COTAS;1097.270643000000000;
202401;1081;2002001456;COTAS;28912606.348230000000000;
202401;1033;1996003674;COTAS;35837731.542374000000000;
202401;971;9970000000;COTAS;7686.971049000000000;
202401;881;2000003656;CAIXA;63099.660000000000000;
202401;1033;1996003674;COTAS;979925.550517000000000;
202401;971;9970000000;COTAS;4322.987222000000000;
202401;1033;2000007538;COTAS;5.783680000000000;
202401;1078;1984000918;COTAS;115480150.654282000000000;
202401;941;1980001618;COTAS;13768504.033221000000000;
202401;1033;2000007538;COTAS;45466533.729221000000000;
202401;1033;1975000218;COTAS;67.256630000000000;
202401;941;1980001618;COTAS;509316.198916000000000;
202401;1033;2000007538;COTAS;101461.297222000000000;
202401;1033;1979003556;CAIXA;28414.960000000000000;
202401;1081;1979004374;COTAS;2825488.461319000000000;
202401;941;1980001618;COTAS;30548531.047611000000000;
202401;1033;1996003674;COTAS;205593.961566000000000;
202401;1081;2005000329;COTAS;148863.950000000000000;
202401;821;1988000238;COTAS;6316027.151277000000000;
202401;1033;1996003674;COTAS;76008691.301872000000000;
202401;971;9970000000;TIT_PUB;23164.523741000000000;
202401;1081;1979004447;COTAS;13186.604010000000000;
202401;1033;2000007538;COTAS;6683.304016000000000;
202401;1033;2000007538;COTAS;37179660.092281000000000;
202401;864;1971000183;COTAS;2655402.587113000000000;
202401;881;2000003729;COTAS;8189.078702000000000;
202401;1033;2000007538;COTAS;10341.504750000000000;
202401;941;1998007774;COTAS;1605050.706869000000000;
202401;984;1981000992;COTAS;432742.643722000000000;
202401;1033;2000007538;COTAS;53288777.325115000000000;
202401;941;1998007774;IMOVEIS;32398625.130000000000000;
202401;984;1981000992;COTAS;142499.150841000000000;
202401;1033;2000007538;COTAS;5218406.205278000000000;
202401;1081;1979004447;COTAS;17667045.333562000000000;
202401;864;2023000483;CAIXA;661.310000000000000;
202401;1081;2005000329;COTAS;434554.245913000000000;
202401;881;2000003729;COTAS;581266.662340000000000;
202401;941;9970000000;COTAS;999038.976691000000000;
202401;1081;2005000329;COTAS;434568.790032000000000;
202401;1033;2000007538;COTAS;19368.647826000000000;
202401;1081;1979004447;COTAS;70847119.471239000000000;
202401;1081;2006000365;OPERACAO_PARTICIPANTE;58222.880394000000000;
202401;1051;1991001411;COTAS;22983063.281343000000000;
202401;1081;1979004447;VL_PG_RC;41368513.200000000000000;
202401;1081;2006000365;TIT_PRIV;26002.560000000000000;
202401;1051;1991001411;TIT_PRIV;4358291.300000000000000;
202401;1081;1979004692;COTAS;2411531.980834000000000;
202401;881;2000003729;OPERACAO_PARTICIPANTE;0.000000000000000;
202401;941;9970000000;COTAS;65367782.815549000000000;22150448000124
202401;1078;1984000918;COTAS;29694989.842149000000000;
202401;984;1985001292;COTAS;82474.562453000000000;
202401;941;9970000000;COTAS;1195229.003854000000000;49684938000167
202401;1078;1984000918;COTAS;9541809.035051000000000;
202401;1081;1979004692;TIT_PRIV;12035324.840000000000000;
202401;1033;2000007538;COTAS;42872.303479000000000;
202401;864;2023000483;COTAS;269249.075919000000000;52315713000148
202401;984;1985001365;COTAS;61422534.625671000000000;
202401;881;2000003974;TIT_PUB;8678628.720000000000000;
202401;1081;2010004256;CAIXA;42260.500000000000000;
202401;881;2002001065;ACOES;696633.260000000000000;
202401;1033;2000007538;OPERACAO_PARTICIPANTE;7740439.896398854400000;
202401;878;1999003918;TIT_PUB;26218321.690000000000000;
202401;881;2002001065;COTAS;4846.008041000000000;
202401;1033;2000007538;TIT_PRIV;201207648.790000000000000;
202401;953;9970000000;CAIXA;12158.210000000000000;
202401;881;2008001619;COTAS;1474262.922916000000000;
202401;1051;1991001411;COTAS;23022064.289678000000000;
202401;967;1991001029;COTAS;1920703677.977479000000000;21082123000199
202401;881;2008001619;VL_PG_RC;1083108.330000000000000;
202401;984;1990001629;COTAS;3110700.891381000000000;
202401;1078;1984000918;COTAS;4636596.150129000000000;
202401;881;9970000000;COTAS;8862.053471000000000;
202401;984;1994002883;COTAS;1896748.909799000000000;
202401;984;1994002883;COTAS;704393.359354000000000;
202401;1081;2002001456;COTAS;81007315.940049000000000;
202401;895;2000002511;TIT_PRIV;39920411.720000000000000;
202401;1051;1991001411;OPCOES;3583130.260000000000000;
202401;984;1994002883;VL_PG_RC;38087.840000000000000;
202401;1078;9970000000;CAIXA;661007.060000000000000;
202401;895;2012001718;CAIXA;387.110000000000000;
202401;984;2000007783;COTAS;2951612.954745000000000;
202401;967;1991001029;IMOVEIS;394273982.940000000000000;
202401;895;2014002118;VL_PG_RC;109132.920000000000000;
202401;1051;9970000000;COTAS;4496338.369964000000000;
202401;1081;1979004374;COTAS;4650480.050000000000000;
202401;1081;2003001311;COTAS;199.662047000000000;
202401;1081;2015000992;COTAS;14998.783517000000000;
202401;881;1979000247;COTAS;311346.704690000000000;
202401;1081;1979004374;COTAS;7220099.385522000000000;
202401;967;2000000819;TIT_PRIV;400448.820000000000000;
202401;1081;2003001311;COTAS;1497687.850000000000000;
202401;1078;1984000918;COTAS;59674901.409952000000000;37967685000150
202401;984;2005001538;COTAS;27262182.679344000000000;
202401;1078;1984000918;TIT_PRIV;933242.720000000000000;
202401;1081;1979004374;COTAS;21372689.709010000000000;
202401;984;2017001211;COTAS;12549909.330862000000000;
202401;1081;1979004374;CAIXA;8380.600000000000000;
202401;881;1979000247;IMOVEIS;113260486.250000000000000;
202401;984;9970000000;COTAS;189441.108017000000000;
202401;1081;1979004374;COTAS;876127.041105000000000;
202401;1081;1979004374;TIT_PRIV;13790180.980000000000000;
202401;1081;2015000992;COTAS;280952.573345000000000;
202401;967;2000000983;COTAS;5275.829186000000000;
202401;1081;2003001311;COTAS;276030.386280000000000;
202401;1081;1979004374;COTAS;-456.113720000000000;
202401;967;2000000983;TIT_PRIV;110268.520000000000000;
202401;881;1979000247;TIT_PUB;474499736.600000000000000;
202401;1081;1979004374;TIT_PUB;325980955.790000000000000;
202401;1081;2003001311;COTAS;4228259.435958000000000;
202401;1081;1979004447;COTAS;17690911.014343000000000;
202401;984;9970000000;COTAS;1096629.432039000000000;
202401;1081;1979004447;TIT_PRIV;61168201.760000000000000;
202401;1081;1979004374;COTAS;42430507.784384000000000;
202401;1033;1979003556;COTAS;113762638.407942000000000;
202401;1081;2016002311;ACOES;18550.000000000000000;
202401;1081;1979004692;COTAS;2403.882464000000000;
202401;895;2017000183;CAIXA;776.420000000000000;
202401;881;1994000929;COTAS;35406.158425000000000;
202401;967;2000001947;TIT_PRIV;3725915.130000000000000;
202401;1081;1979004374;IMOVEIS;2665637.170000000000000;
202401;881;1994000929;COTAS;7052075.187458000000000;
202401;967;2000004318;COTAS;51224190.750916000000000;05091139000101
202401;1081;1979004692;COTAS;3646980.850000000000000;
202401;1081;2005000329;COTAS;4436.418037000000000;
202401;881;1999004256;CAIXA;12194.160000000000000;
202401;967;2002003947;TIT_PRIV;6978836.360000000000000;
202401;1081;1979004447;CAIXA;28452.160000000000000;
202401;1081;2005000329;COTAS;70221.751863000000000;
202401;967;2013001592;COTAS;2410016.000000000000000;
202401;1033;1979003556;COTAS;93777640.810934000000000;
202401;895;2020001829;COTAS;50835.831836000000000;
202401;967;4009670029;COTAS;224394215.435563000000000;10462501000143
202401;1081;1979004692;COTAS;6162297.532391000000000;
202401;895;2020001829;COTAS;67533.575225000000000;
202401;1081;1979004692;COTAS;2408278.736702000000000;
202401;1033;1979003556;TIT_PRIV;200639703.280000000000000;
202401;895;2020001829;COTAS;37042.555283000000000;
202401;1081;1979004692;COTAS;22207684.465479000000000;
202401;1033;1996003674;COTAS;71258.910911000000000;
202401;895;9970000000;COTAS;84291.255102000000000;
202401;1081;2005000329;COTAS;864482.139747000000000;
202401;971;2000006711;COTAS;93243269.652018000000000;
202401;1081;2005000329;TIT_PUB;2786383.800000000000000;
202401;895;9970000000;VL_PG_RC;198665.850000000000000;
202401;1081;9970000000;COTAS;853639.889387000000000;
202401;971;2000006711;COTAS;10421461.119429000000000;
202401;1081;2006000365;VL_PG_RC;11431.190000000000000;
202401;1081;1979004447;COTAS;-2051.364076000000000;
202401;1081;2002001456;COTAS;-1145451.474507000000000;
202401;1081;1979004447;COTAS;38272220.429958000000000;
202401;919;1980000719;COTAS;67435232.371208000000000;39240301000128
202401;971;2000006711;COTAS;27314369.585285000000000;
202401;1081;1979004692;COTAS;718236.022527000000000;
202401;919;1980000719;OPERACAO_PARTICIPANTE;1711826.405697942900000;
202401;1081;2002001456;COTAS;5053146.718416000000000;
202401;971;2000006711;COTAS;3188624.686309000000000;
202401;1033;1996003674;COTAS;88138.002282000000000;
202401;1081;2002001456;COTAS;62549048.065806000000000;
202401;1081;1979004692;COTAS;22208427.735619000000000;
202401;1081;2010004256;COTAS;3286906.100000000000000;
202401;922;1981001018;COTAS;21616438.058237000000000;
202401;971;9970000000;COTAS;1924.816941000000000;
202401;1033;2000007538;COTAS;102088.108928000000000;
202401;881;1999004256;COTAS;11992215.953165000000000;
202401;1081;1979004692;COTAS;35333318.027830000000000;
202401;1051;1991001411;CAIXA;151130.570000000000000;
202401;881;1999004256;VL_PG_RC;239904418.830000000000000;
202401;1081;2002001456;COTAS;50937433.598000000000000;
202401;971;9970000000;COTAS;1375.532044000000000;
202401;1081;2002001456;COTAS;28873602.193321000000000;
202401;922;2013000847;CAIXA;48523.380000000000000;
202401;1078;1984000918;COTAS;4194276.008307000000000;
202401;1081;2002001456;COTAS;233795706.571470000000000;
202401;1081;2010004256;COTAS;10335821.832324000000000;
202401;1078;1984000918;COTAS;27090338.822754000000000;
202401;1081;1979004692;IMOVEIS;2185250.150000000000000;
202401;1081;2002001456;VL_PG_RC;-20025404.670000000000000;
202401;971;9970000000;COTAS;999.368543000000000;
202401;1081;2002001456;OPERACAO_PARTICIPANTE;92301788.809116000000000;
202401;984;1981000992;COTAS;1351668.207896000000000;
202401;1081;2003001311;COTAS;276403.264312000000000;
202401;1081;2003001311;CAIXA;16670.950000000000000;
202401;1081;2003001311;TIT_PRIV;2903576.980000000000000;
202401;922;2013000847;COTAS;6003691.844109000000000;
202401;1081;2003001311;COTAS;59655.359251000000000;
202401;1081;2005000329;CAIXA;744.250000000000000;
202401;922;2017001392;COTAS;1976321.299120000000000;
202401;1081;2003001311;COTAS;-31.150829000000000;
202401;1081;2010004256;TIT_PRIV;5874529.200000000000000;
202401;1081;2005000329;COTAS;-2.295324000000000;
202401;984;1981000992;COTAS;236341.272168000000000;
202401;1081;2003001311;COTAS;14589355.564192000000000;
202401;1081;2006000365;ACOES;258390.540000000000000;
202401;984;1981000992;IMOVEIS;1387000.000000000000000;
202401;1081;2005000329;ACOES;63347.500000000000000;
202401;1078;9970000000;COTAS;31172.260546000000000;01424041000178
202401;1081;2010004256;COTAS;50.516782000000000;
202401;984;1981000992;OPERACAO_PARTICIPANTE;55956.220000000000000;
202401;1081;2005000329;COTAS;27480.334971000000000;
202401;1081;2015000992;ACOES;22727.000000000000000;
202401;936;1990001483;CAIXA;28312.870000000000000;
202401;1081;2015000992;COTAS;280959.133225000000000;
202401;1081;9970000000;COTAS;13338886.661000000000000;
202401;1081;2010004256;COTAS;6256272.550000000000000;
202401;1081;9970000000;TIT_PRIV;6418486.740000000000000;
202401;881;2000003656;COTAS;74941086.626416000000000;
202401;1081;1979004374;COTAS;23887586.100000000000000;
202401;1081;2015000992;COTAS;81311.200000000000000;
202401;1105;1974000419;COTAS;5648702.908128000000000;
202401;1081;1979004447;ACOES;22219206.000000000000000;
202401;1081;2015000992;COTAS;38378.849273000000000;
202401;1105;1974000419;COTAS;3372945.155689000000000;
202401;1081;2016002247;COTAS;8203.129943000000000;
202401;1081;1979004447;COTAS;-893103.535503000000000;
202401;881;2000003656;VL_PG_RC;36859625.000000000000000;
202401;936;1990001483;COTAS;19000750.924879000000000;
202401;936;1990001483;COTAS;21338385.554333000000000;
202401;1081;2015000992;TIT_PUB;2219790.470000000000000;
202401;1081;2016002311;COTAS;67056.950000000000000;
202401;1081;2016002311;COTAS;205485.459021000000000;
202401;1105;1974000419;COTAS;3363371.111646000000000;
202401;936;1990001483;VL_PG_RC;3133332.130000000000000;
202401;1081;9970000000;COTAS;854793.036205000000000;
202401;1105;1997003147;COTAS;3140327.516335000000000;
202401;1081;2016002311;COTAS;31633.074087000000000;
202401;1081;1979004447;COTAS;33499581.506702000000000;
202401;1081;2016002311;COTAS;205480.477342000000000;
202401;881;2000003729;TIT_PUB;81409538.840000000000000;
202401;1081;2016002311;TIT_PUB;1497868.760000000000000;
202401;1081;9970000000;VL_PG_RC;1526012.720000000000000;
202401;1105;1997003147;COTAS;1788124.949148000000000;
202401;1081;2021001547;VL_PG_RC;-104.900000000000000;
202401;1081;2016002247;COTAS;23014.568798000000000;
202401;1105;1997003147;COTAS;36290499.651672000000000;
202401;881;2000003974;COTAS;78277.729923000000000;
202401;936;1998003256;COTAS;2461770.950000000000000;
202401;1105;2010001265;COTAS;465235.286610000000000;
202401;936;1998003256;COTAS;1045479.463600000000000;
202401;1105;1974000419;VL_PG_RC;38738730.530000000000000;
202401;1081;1979004692;COTAS;6756628.253744000000000;
202401;881;2000003974;COTAS;10388838.790227000000000;
202401;1105;1997003147;VL_PG_RC;57920827.860000000000000;
202401;1081;9970000000;CAIXA;471931.240000000000000;
202401;881;2002001065;CAIXA;7103.700000000000000;
202401;1105;2010001265;COTAS;536437.444508000000000;
202401;1081;9970000000;COTAS;1849244.930185000000000;
202401;1105;1974000419;TIT_PUB;1112938040.040000000000000;
202401;936;1998003256;COTAS;1031537.591018000000000;
202401;1171;1981001492;CAIXA;795.960000000000000;
202401;1081;1979004692;VL_PG_RC;1072565.980000000000000;
202401;1171;9970000000;ACOES;647675.450000000000000;
202401;1105;1974000419;COTAS;6662990.076441000000000;
202401;936;1998003256;COTAS;3527175.342741000000000;
202401;1105;1997003147;COTAS;3705552.493832000000000;
202401;1081;2002001456;COTAS;35072024.350000000000000;
202401;936;2010002156;COTAS;30439764.950000000000000;
202401;1171;9970000000;VL_PG_RC;-13558.010000000000000;
202401;984;1985001292;COTAS;1510110.624774000000000;
202401;1184;1984000111;VL_PG_RC;-25760.860000000000000;
202401;1105;2010001265;COTAS;4861146.071144000000000;
202401;1081;2002001456;IMOVEIS;15374321.400000000000000;
202401;1198;1998003019;COTAS;763486.669586000000000;
202401;1105;1997003147;COTAS;34335306.805895000000000;
202401;984;1990001629;COTAS;3404347.093327000000000;
202401;1198;1998003019;COTAS;47959545.845290000000000;39959611000105
202401;1105;1997003147;IMOVEIS;47757492.880000000000000;
202401;881;2002001065;COTAS;4639149.204608000000000;
202401;1208;1995003956;OPERACAO_PARTICIPANTE;90599516.440488965200000;
202401;1081;2005000329;COTAS;14.848361000000000;
202401;1105;1997003147;CAIXA;4008.060000000000000;
202401;1208;1998001474;VL_PG_RC;9988062.420000000000000;
202401;1081;2005000329;COTAS;27443.263002000000000;
202401;1105;1997003147;COTAS;7141707.238518000000000;
202401;1208;2013001411;COTAS;248383996.940000000000000;26355036000181
202401;1081;2005000329;OPERACAO_PARTICIPANTE;0.000000000000000;
202401;1105;1997003147;TIT_PUB;1434269061.520000000000000;
202401;1239;1979002738;ACOES;522612.220000000000000;
202401;1105;2010001265;CAIXA;2634.620000000000000;
202401;1239;1979002738;CAIXA;106961561.280000000000000;
202401;1081;2006000365;COTAS;3666976.805714000000000;
202401;881;2002001065;COTAS;3798.061826000000000;
202401;1239;1979002819;COTAS;1878653803.146505000000000;04912431000185
202401;984;1994002883;COTAS;1554881.627678000000000;
202401;1105;9970000000;CAIXA;4846.500000000000000;
202401;1105;2010001265;COTAS;40978119.033275000000000;48966312000180
202401;984;1994002883;COTAS;512929.101607000000000;
202401;1081;2006000365;IMOVEIS;1324000.000000000000000;
202401;1105;2010001265;OPERACAO_PARTICIPANTE;11396193.670458166300000;
202401;936;2010002156;COTAS;967582.112370000000000;
202401;1239;1979003092;COTAS;42561.316907000000000;
202401;1136;1980001911;COTAS;1594708824.773554000000000;13199182000113
202401;1239;1979003092;OPERACAO_PARTICIPANTE;6236006.989451470000000;
202401;1136;1980001911;OPERACAO_PARTICIPANTE;50312986.990000000000000;
202401;1081;2010004256;COTAS;-7.869683000000000;
202401;936;2010002156;COTAS;54859.451249000000000;
202401;1136;9970000000;CAIXA;11454.790000000000000;
202401;1105;9970000000;COTAS;438217.690734000000000;
202401;1239;1979003092;TIT_PRIV;466405.617636000000000;
202401;1171;2000008429;VL_PG_RC;3156274.410000000000000;
202401;1239;1982002174;VL_PG_RC;3961975.760000000000000;
202401;1081;2010004256;COTAS;469365.504486000000000;
202401;936;2010002156;OPERACAO_PARTICIPANTE;35026356.809541178500000;
202401;1239;1995003311;COTAS;280987338.301257000000000;
202401;984;1994002883;COTAS;717771.885437000000000;
202401;1105;1997003147;COTAS;88072651.167328000000000;48966312000180
202401;1239;1995003311;COTAS;92360608.765200000000000;
202401;984;2000007783;COTAS;2026274.715369000000000;
202401;1105;1997003147;OPERACAO_PARTICIPANTE;37980433.291621016600000;
202401;1239;1998007383;CAIXA;0.000000000000000;
202401;881;2002001065;VL_PG_RC;1627936.150000000000000;
202401;881;2008001619;ACOES;283062.550000000000000;
202401;1105;2010001265;COTAS;334501.292263000000000;
202401;1171;9970000000;COTAS;169391.390748000000000;
202401;1105;9970000000;COTAS;7714767.532626000000000;48966312000180
202401;984;2005001538;COTAS;4763203.093610000000000;
202401;1239;2019002965;COTAS;2180033.924250000000000;17518976000153
202401;1081;2010004256;COTAS;468732.313392000000000;
202401;936;9970000000;CAIXA;18846.030000000000000;
202401;1239;2020000083;OPERACAO_PARTICIPANTE;12088658.083663450000000;
202401;1081;2010004256;OPERACAO_PARTICIPANTE;4988.761288000000000;
202401;1171;9970000000;COTAS;6262562.360452000000000;
202401;1239;2021000656;VL_PG_RC;-1.760000000000000;
202401;1184;1984000111;CAIXA;5058.890000000000000;
202401;1239;2022001011;VL_PG_RC;1914851.790000000000000;
202401;881;2008001619;COTAS;1333.432275000000000;
202401;1081;2015000992;COTAS;42080.351201000000000;
202401;1239;9970000000;CAIXA;4901148.100000000000000;
202401;881;9970000000;COTAS;137965.653040000000000;
202401;1081;2015000992;VL_PG_RC;-3103.490000000000000;
202401;1184;1984000111;OPERACAO_PARTICIPANTE;565146.608495000000000;
202401;1239;9970000000;COTAS;187408421.478567000000000;
202401;1136;1980001911;VL_PG_RC;16736.030000000000000;
202401;936;9970000000;COTAS;63245024.098700000000000;
202401;1184;1984000292;CAIXA;21267.110000000000000;
202401;984;2005001538;COTAS;26406962.556456000000000;
202401;1136;1998005992;COTAS;6140575.293391000000000;17804124000122
202401;1198;1998003019;CAIXA;657292.350000000000000;
202401;984;2017001211;COTAS;11324948.964587000000000;
202401;1242;1985001683;COTAS;277970880.022442000000000;09087799000170
202401;1105;2010001265;COTAS;10268028.006415000000000;
202401;1198;2019001111;COTAS;1193761.715984000000000;
202401;881;9970000000;TIT_PUB;279905809.990000000000000;
202401;1136;9970000000;VL_PG_RC;-3143.730000000000000;
202401;1171;1981001492;COTAS;12164.398778000000000;
202401;941;1980001618;COTAS;96277.530440000000000;
202401;1242;1985001683;COTAS;232589680.362766000000000;17435331000157
202401;1171;2000008429;COTAS;1167025.158530000000000;
202401;1208;1979005265;OPERACAO_PARTICIPANTE;24419802.541086726300000;
202401;1105;2010001265;COTAS;6012203.257495000000000;
202401;895;1985000792;CAIXA;436361.310000000000000;
202401;1208;1995003956;COTAS;1136095862.809999000000000;21377854000161
202401;895;2000002511;ACOES;6148271.020000000000000;
202401;1242;1985001683;COTAS;60257841.669305000000000;18820186000190
202401;1105;9970000000;TIT_PRIV;17167476.670000000000000;
202401;1171;2000008429;COTAS;2462398.385117000000000;
202401;1208;1995003956;IMOVEIS;154301261.730000000000000;
202401;984;2017001211;COTAS;3605813.742569000000000;
202401;1081;2016002247;COTAS;44498.050000000000000;
202401;941;1980001618;COTAS;8615421.625068000000000;
202401;1242;2021001792;COTAS;152712.000000000000000;
202401;1081;2016002247;COTAS;20990.148120000000000;
202401;1208;1998001474;OPERACAO_PARTICIPANTE;5759437.399742894000000;
202401;1081;2016002247;COTAS;153592.654103000000000;
202401;1136;1998006018;VL_PG_RC;-256.420000000000000;
202401;941;1980001618;COTAS;29243625.763005000000000;
202401;1208;9970000000;ACOES;10165194.090000000000000;
202401;1171;1981001492;VL_PG_RC;20980259.540000000000000;
202401;1208;9970000000;COTAS;170035833.010002000000000;11377292000100
202401;1171;2000008429;ACOES;366974.020000000000000;
202401;895;2000002511;COTAS;558104.290000000000000;
202401;1239;1979002738;TIT_PRIV;9687921.286190000000000;
202401;984;2017001211;COTAS;5627911.514315000000000;
202401;1171;2000008429;COTAS;7592963.614198000000000;
202401;1239;1979002819;VL_PG_RC;8712249.310000000000000;
202401;984;2017001211;COTAS;1878453.515452000000000;
202401;941;1980001618;COTAS;13917997.762586000000000;
202401;1171;2000008429;COTAS;3132300.325004000000000;
202401;984;9970000000;COTAS;1201591.825295000000000;
202401;1171;9970000000;COTAS;8180599.354194000000000;
202401;984;9970000000;COTAS;39880.679653000000000;
202401;1239;1979003092;COTAS;521203044.794067000000000;05754041000197
202401;895;2000002511;COTAS;553536.203653000000000;
202401;1239;1979003092;VL_PG_RC;2778738.780000000000000;
202401;895;2000002511;COTAS;336553.777160000000000;
202401;1239;1979003238;CAIXA;88587828.330000000000000;
202401;984;9970000000;COTAS;20570.148400000000000;
202401;1242;2021001792;COTAS;184583.490000000000000;
202401;1239;1979003319;ACOES;352.210000000000000;
202401;998;1988001129;CAIXA;24406.350000000000000;
202401;1242;2021001792;COTAS;5057056.134444000000000;
202401;1239;1982002247;IMOVEIS;99121995.440000000000000;
202401;998;1988001129;COTAS;1598633.600000000000000;
202401;1242;2021001792;COTAS;254457.897870000000000;
202401;1239;1995003311;COTAS;687902675.537694000000000;
202401;1081;2016002247;COTAS;491199.670137000000000;
202401;1242;2021001792;COTAS;32514808.192342000000000;18731304000194
202401;1171;2000008429;COTAS;5615769.661226000000000;
202401;1239;1998007383;VL_PG_RC;-53253.990000000000000;
202401;1242;4012420038;CAIXA;68462.680000000000000;
202401;1184;1984000111;IMOVEIS;6256557.450000000000000;
202401;1314;2005000965;CAIXA;93533.700000000000000;
202401;1184;1984000111;TIT_PUB;208844751.290000000000000;
202401;1314;9970000000;COTAS;3644251.476811000000000;
202401;895;2000002511;COTAS;465844.572219000000000;
202401;998;1988001129;COTAS;7949840.828448000000000;
202401;1184;1984000292;TIT_PUB;244378586.540000000000000;
202401;1345;1980002347;COTAS;51189.754108000000000;
202401;1081;2016002247;TIT_PUB;1122582.430000000000000;
202401;895;2000002511;COTAS;234962.583557000000000;
202401;1184;1979005583;VL_PG_RC;0.000000000000000;
202401;895;2012001718;VL_PG_RC;-18715.490000000000000;
202401;1081;2016002311;COTAS;34683.967382000000000;
202401;1239;2019002965;CAIXA;0.000000000000000;
202401;998;1998006638;OPERACAO_PARTICIPANTE;34518954.886660452700000;
202401;1184;2022000218;TIT_PUB;91634.580000000000000;
202401;941;1980001618;COTAS;27125124.404038000000000;
202401;1345;1980002347;COTAS;7558.432860000000000;
202401;1198;1998003019;IMOVEIS;9623500.200000000000000;
202401;1239;2020000083;IMOVEIS;12765268.920000000000000;
202401;1198;1998003019;COTAS;120618.576370000000000;
202401;998;9970000000;COTAS;42590747.257096000000000;04701088000120
202401;895;2014002118;CAIXA;511.600000000000000;
202401;1198;1998003019;COTAS;305176.445456000000000;
202401;1208;1998001474;IMOVEIS;25132740.600000000000000;
202401;941;1980001618;IMOVEIS;55641117.030000000000000;
202401;1239;2020000156;COTAS;25326802.674775000000000;17518976000153
202401;1208;2013001411;OPERACAO_PARTICIPANTE;19847979.359610305600000;
202401;941;1998007774;COTAS;44599923.683524000000000;
202401;895;2014002118;COTAS;4730697.665534000000000;
202401;1081;2016002311;VL_PG_RC;-2004.830000000000000;
202401;1345;1980002347;COTAS;651861.885730000000000;
202401;1239;2020000792;ACOES;226545.430000000000000;
202401;1198;1998003019;COTAS;5366749.740355000000000;
202401;1345;1980002347;COTAS;438641.142119000000000;
202401;941;1998007774;COTAS;3982161439.835552000000000;04822739000130
202401;1081;9970000000;COTAS;2184291.587085000000000;
202401;1345;1980002347;COTAS;219951.940584000000000;
202401;1239;2020000792;COTAS;2424108685.068993000000000;36620612000124
202401;1081;9970000000;COTAS;13339251.591916000000000;
202401;1345;2000006965;CAIXA;9934.950000000000000;
202401;1239;2021000656;CAIXA;0.000000000000000;
202401;1081;9970000000;OP_COMP;47222463.230000000000000;
202401;895;2017000183;VL_PG_RC;-9342.540000000000000;
202401;895;2021003574;COTAS;26516.997433000000000;
202401;1208;1998001474;COTAS;355626589.010000000000000;10820311000150
202401;1208;9970000000;CAIXA;25651.480000000000000;
202401;941;9970000000;COTAS;3378646.427591000000000;
202401;1239;2022001011;CAIXA;2349008.280000000000000;
202401;1225;1979002347;CAIXA;23112.770000000000000;
202401;1081;9970000000;TIT_PUB;119167298.530000000000000;
202401;1225;9970000000;CAIXA;0.000000000000000;
202401;1105;9970000000;VL_PG_RC;0.000000000000000;
202401;1345;2000006965;COTAS;6174634.327293000000000;
202401;1136;1980001911;CAIXA;74914.850000000000000;
202401;1345;2000006965;COTAS;8942021.893344000000000;
202401;1225;1979002347;VL_PG_RC;0.000000000000000;
202401;1345;2000006965;COTAS;62903944.472232000000000;
202401;1033;1975000218;COTAS;138758.173687000000000;
202401;1136;1980001911;COTAS;595305920.569074000000000;04573104000146
202401;941;9970000000;VL_PG_RC;0.000000000000000;
202401;895;9970000000;COTAS;1835900.952235000000000;
202401;1136;1998006018;COTAS;12918811.969856000000000;17804124000122
202401;922;1981001018;CAIXA;14731.970000000000000;
202401;1033;1975000218;OPERACAO_PARTICIPANTE;4922724.088877118000000;
202401;1239;1979002738;IMOVEIS;58401850.680000000000000;
202401;922;1981001018;COTAS;1934682.463946000000000;
202401;953;1976000238;CAIXA;52479.650000000000000;
202401;1345;2000006965;COTAS;28744882.392053000000000;
202401;953;1976000238;VL_PG_RC;-43654.070000000000000;
202401;1171;1981001492;COTAS;1015606.867448000000000;
202401;967;1991001029;VL_PG_RC;86781491.060000000000000;
202401;1171;2000008429;CAIXA;479.260000000000000;
202401;922;1981001018;COTAS;2092315.467233000000000;
202401;1239;2022001011;COTAS;216916082.728672000000000;04087244000104
202401;1239;1979002819;COTAS;428653.260250000000000;
202401;922;2017001392;COTAS;12777381.697151000000000;
202401;1345;2000006965;OPERACAO_PARTICIPANTE;891981.520000000000000;
202401;967;2000001947;CAIXA;0.000000000000000;
202401;922;2017001392;COTAS;17776479.718634000000000;
202401;1345;2000006965;TIT_PUB;287789092.740000000000000;
202401;1033;1975000218;TIT_PUB;788082125.180000000000000;
202401;922;2017001392;OPERACAO_PARTICIPANTE;739840.630000000000000;
202401;1239;1979002819;ACOES;81495.300000000000000;
202401;1239;1979002983;CAIXA;575.010000000000000;
202401;922;9970000000;CAIXA;224759.700000000000000;
202401;1359;1991002165;CAIXA;23643.920000000000000;
202401;967;2000001947;VL_PG_RC;1629019.310000000000000;
202401;1033;1979003556;COTAS;114436190.719407000000000;
202401;1359;1991002165;COTAS;6780792.096822000000000;
202401;967;2013001592;COTAS;83987.222189000000000;
202401;1239;1979002819;OPERACAO_PARTICIPANTE;27068471.539340690000000;
202401;1033;1979003556;COTAS;189967028.026681000000000;18000701000196
202401;1239;1979003165;CAIXA;2092965.610000000000000;
202401;1033;1979003556;VL_PG_RC;41479387.440000000000000;
202401;1239;1979002983;COTAS;411030144.958033000000000;05753821000112
202401;936;1990001483;ACOES;28646.540000000000000;
202401;1359;1991002165;COTAS;7328462.455422000000000;
202401;1239;1979003165;COTAS;6235435.559787000000000;
202401;936;1990001483;COTAS;7734048.519693000000000;
202401;1239;1979003165;COTAS;4754573263.122662000000000;07325929000130
202401;967;9970000000;COTAS;976099758.921977000000000;20726687000154
202401;1359;1991002238;COTAS;9098097.528775000000000;
202401;1239;1979002983;TIT_PRIV;328453.933959000000000;
202401;1239;1979002983;VL_PG_RC;1952240.540000000000000;
202401;1359;1991002238;TIT_PRIV;25896.300000000000000;
202401;1239;1979003165;OPERACAO_PARTICIPANTE;13183937.149643890000000;
202401;967;9970000000;VL_PG_RC;-3645283.150000000000000;
202401;1359;2014001774;COTAS;5115766.352601000000000;
202401;971;9970000000;COTAS;1224.075614000000000;
202401;1239;1979003165;ACOES;172975.630000000000000;
202401;936;1990001483;COTAS;8102465.842900000000000;
202401;1239;1979003238;IMOVEIS;67772142.920000000000000;
202401;1359;2014001774;OPERACAO_PARTICIPANTE;227446.190000000000000;
202401;1242;1985001683;COTAS;707808.000000000000000;
202401;1242;1985001683;COTAS;913934.580000000000000;
202401;1033;1996003674;COTAS;35908216.774379000000000;
202401;1242;1985001683;COTAS;6462190.800000000000000;
202401;1359;9970000000;VL_PG_RC;0.000000000000000;
202401;936;1990001483;COTAS;39976351.678136000000000;
202401;1239;1979003319;VL_PG_RC;6298.370000000000000;
202401;971;9970000000;VL_PG_RC;-17.150000000000000;
202401;1239;1979003165;VL_PG_RC;19740246.550000000000000;
202401;1381;1980002411;OPERACAO_PARTICIPANTE;10914171.920000000000000;
202401;1239;1979003238;ACOES;571966.130000000000000;
202401;936;1998003256;COTAS;4659.120550000000000;
202401;1239;1979003238;VL_PG_RC;68456834.230000000000000;
202401;1242;1985001683;COTAS;13375848.681264000000000;
202401;1239;1979003319;CAIXA;18408.180000000000000;
202401;1171;2000008429;COTAS;6792.750008000000000;
202401;1171;2000008429;COTAS;1316552.216997000000000;
202401;1239;1982002018;VL_PG_RC;1673998.320000000000000;
202401;1033;1996003674;COTAS;160185.482269000000000;
202401;936;1998003256;COTAS;480405.465295000000000;
202401;1381;1980002411;TIT_PRIV;587990.910000000000000;
202401;1381;2006005138;CAIXA;5758.440000000000000;
202401;936;1998003256;COTAS;3803321.513650000000000;
202401;1171;9970000000;COTAS;0.005964000000000;
202401;1239;1982002174;COTAS;80055.809723000000000;
202401;1033;1996003674;COTAS;4660810.264652000000000;
202401;936;2010002156;COTAS;59465227.888090000000000;
202401;1171;9970000000;COTAS;34831.174425000000000;
202401;984;1981000992;COTAS;214136.741033000000000;
202401;936;2010002156;COTAS;34024915.782597000000000;
202401;1381;2006005138;COTAS;14174135.943097000000000;
202401;936;2022002792;COTAS;298554.964565000000000;
202401;1033;1996003674;OPERACAO_PARTICIPANTE;52510385.979812638900000;
202401;1171;9970000000;COTAS;2479071.475110000000000;
202401;936;2022002792;VL_PG_RC;0.000000000000000;
202401;1239;1979003319;COTAS;160922.311519000000000;
202401;1242;1985001683;COTAS;12399008.458427000000000;
202401;1239;1982002018;CAIXA;2275194.570000000000000;
202401;1033;2000007538;COTAS;1910937.150000000000000;
202401;1184;1984000292;VL_PG_RC;0.000000000000000;
202401;941;1980001618;COTAS;27829522.614614000000000;
202401;1184;9970000000;CAIXA;42514.150000000000000;
202401;984;1990001629;COTAS;94355.863500000000000;
202401;941;1998007774;COTAS;96931.388263000000000;
202401;1239;1982002174;COTAS;1506700192.815167000000000;05754026000149
202401;1239;1982002174;TIT_PRIV;685581.189834000000000;
202401;941;1998007774;COTAS;41206927.212041000000000;
202401;1381;9970000000;COTAS;6883756.309581000000000;
202401;1184;9970000000;COTAS;1159088.080800000000000;
202401;1033;2000007538;COTAS;24786.960000000000000;
202401;1242;1985001683;COTAS;65010607.529609000000000;43651064000165
202401;1403;1981000747;CAIXA;304631.270000000000000;
202401;1198;1998003019;COTAS;3123362.423551000000000;
202401;1242;2021001792;COTAS;4592554.044891000000000;
202401;1033;2000007538;COTAS;7859151.654035000000000;
202401;1403;1981000747;COTAS;649546.648409000000000;
202401;1403;1981000747;COTAS;418997.226729000000000;
202401;1403;1981000747;COTAS;84266.562414000000000;41300431000150
202401;1403;2000008038;COTAS;6108778.686795000000000;
202401;1239;1982002174;OPERACAO_PARTICIPANTE;14146153.671492230000000;
202401;1403;2000008038;VL_PG_RC;-97825.040000000000000;
202401;1033;2000007538;COTAS;14305.921251000000000;
202401;1403;2008004783;COTAS;2364990.219830000000000;
202401;1242;2021001792;COTAS;73803953.726820000000000;09087799000170
202401;1198;1998003019;COTAS;14906598.150605000000000;
202401;941;1998007774;COTAS;23985416.316764000000000;
202401;1239;1982002247;TIT_PRIV;16391857.405675000000000;
202401;1242;2021001792;COTAS;30329827.390643000000000;17435331000157
202401;984;1990001629;COTAS;343478.591837000000000;
202401;1403;2008004783;TIT_PRIV;10490247.210000000000000;
202401;1198;1998003019;COTAS;4829446.433176000000000;
202401;1242;4012420038;VL_PG_RC;-29892.510000000000000;
202401;1239;1982002311;COTAS;60193.862124000000000;
202401;1256;2009001265;CAIXA;744.970000000000000;
202401;1198;1998003019;OPERACAO_PARTICIPANTE;13675190.603175000000000;
202401;1239;1982002247;CAIXA;193925898.430000000000000;
202401;1261;2005006165;COTAS;85152721.453476000000000;10787165000109
202401;1198;1998003019;TIT_PUB;387608542.140000000000000;
202401;1239;1982002311;OPERACAO_PARTICIPANTE;23284489.255573670000000;
202401;1273;9970000000;TIT_PUB;345771.250000000000000;
202401;1198;9970000000;VL_PG_RC;0.000000000000000;
202401;941;1998007774;COTAS;40687686.596072000000000;
202401;1239;1982002311;TIT_PRIV;1305925.415237000000000;
202401;1033;2000007538;TIT_PUB;106614301.420000000000000;
202401;1208;1995003956;ACOES;168510790.620000000000000;
202401;1314;1985000156;TIT_PUB;815593339.990000000000000;
202401;1239;1995003311;COTAS;26493995.159283000000000;
202401;1208;1995003956;VL_PG_RC;7731516.200000000000000;
202401;1314;2005000965;COTAS;35588338.244548000000000;
202401;1051;1991001411;COTAS;53212161.310515000000000;
202401;1239;2018000829;VL_PG_RC;120.810000000000000;
202401;1314;9970000000;CAIXA;64273.240000000000000;
202401;1403;2008004783;TIT_PUB;160443931.920000000000000;
202401;1239;2018000918;CAIXA;0.000000000000000;
202401;1208;1998001474;CAIXA;11043.350000000000000;
202401;1403;2016000619;CAIXA;17250.380000000000000;
202401;984;1990001629;COTAS;677918.659483000000000;
202401;941;9970000000;COTAS;2658511.432956000000000;
202401;1051;1991001411;COTAS;24928329.916954000000000;
202401;1403;2016000619;COTAS;6682861.347165000000000;
202401;984;1990001629;COTAS;336890.368462000000000;
202401;1239;2020000083;TIT_PRIV;2110222.409118000000000;
202401;1208;2013001411;ACOES;10165194.090000000000000;
202401;984;2000007783;COTAS;3999228.689647000000000;
202401;1403;2016000619;COTAS;16542419.732338000000000;41300431000150
202401;1403;9970000000;COTAS;296492.735080000000000;
202401;1208;2013001411;VL_PG_RC;-18584.350000000000000;
202401;1225;1979002347;TIT_PRIV;552736.860000000000000;
202401;1345;1980002347;COTAS;570358.590278000000000;
202401;941;9970000000;COTAS;2197163.356754000000000;
202401;1051;1991001411;COTAS;1007186.960958000000000;43310169000150
202401;984;2000007783;COTAS;1987408.972994000000000;
202401;1239;2020000792;CAIXA;0.000000000000000;
202401;1403;9970000000;TIT_PUB;202483.870000000000000;
202401;1239;2020000792;OPERACAO_PARTICIPANTE;59156330.304891890000000;
202401;953;1976000165;IMOVEIS;2101461.330000000000000;
202401;1345;1980002347;TIT_PUB;47428257.390000000000000;
202401;984;2000007783;COTAS;663346.494070000000000;
202401;1345;2000006965;COTAS;745245.030326000000000;
202401;1434;1980002347;COTAS;9949079.443702000000000;
202401;984;2005001538;COTAS;6602928.760485000000000;
202401;1239;1982002311;COTAS;1769500263.114987000000000;05754046000110
202401;953;1976000238;COTAS;3180545.592834000000000;
202401;1434;1980002347;COTAS;438641.142119000000000;
202401;1081;1979004374;COTAS;2932.331944000000000;
202401;1345;2000006965;COTAS;1690200.739380000000000;
202401;1081;1979004374;COTAS;2821676.774877000000000;
202401;1239;1979002819;CAIXA;1852653.070000000000000;
202401;1345;2000006965;COTAS;24428405.173582000000000;
202401;1081;1979004374;OPERACAO_PARTICIPANTE;12704795.970968000000000;
202401;1239;1979002983;ACOES;17685.380000000000000;
202401;1345;2000006965;COTAS;15835088.432390000000000;
202401;1239;2022002547;COTAS;1840159.713750000000000;17518976000153
202401;1081;1979004447;COTAS;49566379.473977000000000;
202401;984;2005001538;COTAS;5412826.423933000000000;
202401;967;1991001029;ACOES;1965639.560000000000000;
202401;1345;9970000000;COTAS;5868122.029600000000000;
202401;1239;1995003311;COTAS;82078637.324104000000000;
202401;967;1991001029;CAIXA;3000.000000000000000;
202401;1434;1985000474;CAIXA;16255.040000000000000;
202401;1242;1985001519;TIT_PUB;2299428991.290000000000000;
202401;1239;1998007383;COTAS;58938.833132000000000;
202401;967;1991001029;COTAS;5312228.250000000000000;
202401;1239;1982002311;IMOVEIS;7913882.480000000000000;
202401;984;2005001538;COTAS;760876.744412000000000;
202401;1239;2018000918;COTAS;9751895.361300000000000;17518976000153
202401;967;2000000819;COTAS;326198.644136000000000;
202401;1081;1979004692;COTAS;-162810.356364000000000;
202401;1239;1995003311;VL_PG_RC;-463162.370000000000000;
202401;1242;1985001683;COTAS;370186.450000000000000;
202401;984;2005001538;COTAS;2452121.705272000000000;
202401;1239;2018001418;VL_PG_RC;-39.200000000000000;
202401;967;2000000819;OPERACAO_PARTICIPANTE;29884.170000000000000;
202401;1239;2019000229;CAIXA;0.000000000000000;
202401;984;2005001538;VL_PG_RC;76071.480000000000000;
202401;1239;2020000156;VL_PG_RC;2953.780000000000000;
202401;967;2000000983;COTAS;11613078.379504000000000;05113533000101
202401;1242;1985001683;COTAS;1875291.721563000000000;
202401;1359;1991002165;COTAS;5662830.643645000000000;
202401;967;2000000983;OPERACAO_PARTICIPANTE;0.000000000000000;
202401;1242;1985001683;COTAS;1379926.769313000000000;
202401;1081;1979004692;COTAS;5217067.875677000000000;
202401;967;2002003947;COTAS;5187439.032667000000000;
202401;1239;2022000511;VL_PG_RC;27.950000000000000;
202401;984;2017001211;COTAS;8358328.235198000000000;
202401;1242;1985001683;COTAS;10566360.367355000000000;
202401;1434;1985000474;COTAS;27363900.653249000000000;41799499000126
202401;1359;1991002165;COTAS;7994592.098344000000000;
202401;1239;2019000229;COTAS;54634690.192596000000000;17518976000153
202401;1242;2021001792;COTAS;101209.430000000000000;
202401;1434;1986000192;COTAS;7386340.492605000000000;
202401;1359;1991002165;COTAS;3440147.429456000000000;
202401;1239;2020000083;ACOES;113555.290000000000000;
202401;1434;1986000192;COTAS;127969.322973000000000;
202401;1239;2020000083;VL_PG_RC;13072666.980000000000000;
202401;1359;1991002238;COTAS;2210725.458312000000000;
202401;984;2017001211;COTAS;56871213.898979000000000;
202401;1242;2021001792;COTAS;1039100.400000000000000;
202401;1239;2022001011;IMOVEIS;1894898.720000000000000;
202401;984;2017001211;COTAS;5737970.873999000000000;
202401;1242;2021001792;COTAS;2458177.302111000000000;
202401;1239;2022000511;CAIXA;0.000000000000000;
202401;1239;2022002547;CAIXA;0.000000000000000;
202401;1239;2022000511;COTAS;9127223.019645000000000;17518976000153
202401;1242;2021001792;COTAS;13320477.830721000000000;11541979000121
202401;967;2002003947;COTAS;821883906.212211000000000;05113533000101
202401;1239;2022001011;OPERACAO_PARTICIPANTE;4537880.403576820000000;
202401;1359;1991002238;COTAS;10091978.247149000000000;
202401;1081;1979004692;COTAS;4566486.829450000000000;
202401;1434;1996002211;CAIXA;17358.940000000000000;
202401;984;9970000000;COTAS;60912.624274000000000;
202401;1256;9970000000;COTAS;970475.433422000000000;
202401;1081;2002001456;ACOES;51693178.000000000000000;
202401;1261;2005006165;CAIXA;2051801.790000000000000;
202401;1239;2022002547;VL_PG_RC;-14.130000000000000;
202401;1239;9970000000;VL_PG_RC;-2144254.920000000000000;
202401;1359;2014001774;COTAS;617719.421114000000000;
202401;1273;1985000229;COTAS;151400276.436375000000000;
202401;984;9970000000;COTAS;14117.924994000000000;
202401;1081;2002001456;TIT_PRIV;85705439.260000000000000;
202401;1434;1996002211;COTAS;19032122.370216000000000;41799499000126
202401;1273;1985000229;IMOVEIS;612000.000000000000000;
202401;1081;2003001311;COTAS;706305.853358000000000;
202401;967;2002003947;OPERACAO_PARTICIPANTE;2412867.020000000000000;
202401;1242;1985001683;CAIXA;47667.390000000000000;
202401;998;1998006638;COTAS;242216565.461871000000000;09075867000180
202401;1242;1985001519;VL_PG_RC;-369099.100000000000000;
202401;1242;1985001683;COTAS;520589.040000000000000;
202401;967;2013001592;COTAS;13042541.822339000000000;10462501000143
202401;1242;1985001683;COTAS;679882.500000000000000;
202401;1242;1985001683;COTAS;264250.440000000000000;
202401;967;4009670029;COTAS;199899.157961000000000;
202401;967;9970000000;COTAS;146591364.918453000000000;10462501000143
202401;1242;1985001683;COTAS;693122.700000000000000;
202401;971;2000006711;COTAS;1908870.237197000000000;
202401;1242;1985001683;COTAS;499743.860000000000000;
202401;1081;2003001311;COTAS;4228383.891773000000000;
202401;1359;2014001774;VL_PG_RC;-11019.240000000000000;
202401;1273;9970000000;VL_PG_RC;-3654.590000000000000;
202401;1242;1985001683;COTAS;60440080.649037000000000;
202401;1242;1985001683;COTAS;5378219.671549000000000;
202401;1381;1980002411;COTAS;2541487.316137000000000;
202401;1242;1985001683;COTAS;12534553.994551000000000;
202401;1345;2000006965;COTAS;26104.809602000000000;
202401;971;2000006711;COTAS;4095170.508798000000000;
202401;971;2000006711;COTAS;1719219.510668000000000;
202401;1242;1985001683;COTAS;5172378.989615000000000;
202401;1381;2006005138;COTAS;7121683.914337000000000;
202401;1242;1985001683;COTAS;63563062.214839000000000;11541979000121
202401;998;9970000000;CAIXA;77412.730000000000000;
202401;971;2000006711;COTAS;785245.847708000000000;
202401;1345;2000006965;COTAS;1211507.135808000000000;
202401;1242;2021001792;COTAS;1240612.443002000000000;
202401;1381;2006005138;COTAS;166696545.800484000000000;08759871000103
202401;1345;2000006965;COTAS;5999649.309079000000000;
202401;1256;2009001265;VL_PG_RC;-4002.540000000000000;
202401;1403;1981000747;COTAS;294663.704539000000000;
202401;1359;1991002165;COTAS;280341.369030000000000;
202401;1256;9970000000;VL_PG_RC;-1508.250000000000000;
202401;1359;1991002238;COTAS;1401107.422698000000000;
202401;1434;1996002211;OPERACAO_PARTICIPANTE;2120272.880000000000000;
202401;1403;1981000747;COTAS;14050.223759000000000;
202401;1434;1996002211;TIT_PUB;240317654.090000000000000;
202401;1403;2000008038;COTAS;19362762.714533000000000;41300431000150
202401;1261;2005006165;VL_PG_RC;-3011.000000000000000;
202401;1434;1997000474;COTAS;6326045.215125000000000;
202401;1242;1985001683;COTAS;84828790.913891000000000;18731304000194
202401;1314;2005000965;COTAS;51249726.904852000000000;
202401;1434;1997000474;TIT_PRIV;4468413.600000000000000;
202401;1242;2021001792;COTAS;90683.000000000000000;
202401;1314;9970000000;VL_PG_RC;-85.260000000000000;
202401;1434;2000000411;CAIXA;79542.250000000000000;
202401;971;2000006711;COTAS;3604667.756830000000000;
202401;1242;2021001792;COTAS;24908574.186592000000000;18820186000190
202401;1345;1980002347;COTAS;996528.805049000000000;
202401;1434;2000006965;COTAS;1211507.135808000000000;
202401;1242;9970000000;COTAS;6537967.780407000000000;
202401;1403;2000008038;OPERACAO_PARTICIPANTE;1620339.040089378600000;
202401;1359;1991002238;COTAS;27898294.075898000000000;
202401;1242;9970000000;VL_PG_RC;-6854.400000000000000;
202401;1345;2000006965;COTAS;20190.000000000000000;
202401;1359;1991002238;COTAS;27757823.550154000000000;
202401;1403;2000008038;TIT_PUB;168121001.070000000000000;
202401;1345;2000006965;COTAS;8501672.319188000000000;
202401;1033;1975000218;CAIXA;4928183.220000000000000;
202401;1359;1991002238;COTAS;3406280.853677000000000;
202401;1403;2008004783;CAIXA;20578.320000000000000;
202401;1261;2005006165;COTAS;103499596.765433000000000;
202401;1033;1975000218;VL_PG_RC;233996611.800000000000000;
202401;1434;2000006965;COTAS;5999649.309079000000000;
202401;1403;2008004783;COTAS;6358075.838255000000000;
202401;1345;2000006965;COTAS;16570989.997484000000000;
202401;1033;1979003556;COTAS;14022652.910876000000000;
202401;1434;2000006965;COTAS;62903944.472232000000000;
202401;1403;2016000619;COTAS;2189978.870529000000000;
202401;1345;2000006965;COTAS;8529836.386718000000000;
202401;1359;1991002238;OPERACAO_PARTICIPANTE;1097198.250000000000000;
202401;1403;2016000619;COTAS;10016525.886787000000000;
202401;1403;2016000619;COTAS;8851903.121930000000000;
202401;1345;2000006965;VL_PG_RC;4567104.760000000000000;
202401;971;9970000000;CAIXA;16.410000000000000;
202401;1033;1979003556;COTAS;53314073.516000000000000;
202401;1273;9970000000;CAIXA;14909.750000000000000;
202401;1033;1979003556;OPERACAO_PARTICIPANTE;9160544.930792770800000;
202401;1359;1991002238;TIT_PUB;272661837.430000000000000;
202401;1359;2014001774;COTAS;806262.686428000000000;
202401;1359;1991002165;COTAS;27390.005163000000000;
202401;1403;2016000619;COTAS;1455592.267170000000000;
202401;1081;2003001311;IMOVEIS;181502.390000000000000;
202401;1359;1991002165;COTAS;6881888.055040000000000;
202401;971;9970000000;COTAS;3845.333013000000000;
202401;1434;2005005029;COTAS;8518821.869265000000000;
202401;1359;2014001774;COTAS;492909.127833000000000;
202401;1359;1991002165;COTAS;5173371.551396000000000;
202401;1359;9970000000;COTAS;1657519.385528000000000;
202401;1314;1985000156;CAIXA;73187.930000000000000;
202401;971;9970000000;COTAS;504.704383000000000;
202401;1359;1991002165;COTAS;4891346.511772000000000;
202401;1081;2003001311;OPERACAO_PARTICIPANTE;4467064.659225000000000;
202401;971;9970000000;COTAS;228.564436000000000;
202401;1359;1991002165;COTAS;17730549.118706000000000;
202401;1314;1985000156;COTAS;31160867.521360000000000;
202401;1359;1991002238;CAIXA;30009.870000000000000;
202401;1081;2003001311;TIT_PUB;25011235.550000000000000;
202401;1345;1980002347;CAIXA;56052.770000000000000;
202401;1381;1980002411;COTAS;1157260834.731322000000000;03185374000117
202401;1033;1996003674;COTAS;72897835.755292000000000;
202401;1403;9970000000;VL_PG_RC;-70.570000000000000;
202401;1381;2006005138;OPERACAO_PARTICIPANTE;3032225.210000000000000;
202401;1033;1996003674;COTAS;46888816.916022000000000;
202401;971;9970000000;COTAS;1302.400564000000000;
202401;1359;1991002238;COTAS;2688175.769690000000000;
202401;1434;2005005029;COTAS;20917053.074653000000000;
202401;1033;1996003674;VL_PG_RC;-342069.920000000000000;
202401;1081;2005000329;COTAS;227500.820000000000000;
202401;1359;1991002238;COTAS;23020723.351668000000000;
202401;1381;9970000000;VL_PG_RC;-2424.100000000000000;
202401;1081;2010004256;COTAS;15093.482814000000000;
202401;1359;1991002238;COTAS;13844733.512579000000000;
202401;1434;1980002347;COTAS;87637.087713000000000;
202401;1434;2008000974;CAIXA;358463.910000000000000;
202401;1081;2010004256;COTAS;1199391.056426000000000;
202401;1345;1980002347;COTAS;17403.206249000000000;
202401;1403;1981000747;COTAS;293320.828979000000000;
202401;1434;1980002347;COTAS;3461076.569930000000000;
202401;1345;1980002347;COTAS;87637.087713000000000;
202401;1381;2006005138;COTAS;7107367.729133000000000;
202401;1081;2010004256;COTAS;10336158.853358000000000;
202401;1434;2008000974;COTAS;43726523.854416000000000;05508422000196
202401;1033;2000007538;COTAS;23772.774172000000000;
202401;1434;1980002347;COTAS;1365616.084856000000000;
202401;984;1981000992;CAIXA;268287.730000000000000;
202401;1345;1980002347;COTAS;3938210.821965000000000;
202401;1403;1981000747;IMOVEIS;215002.520000000000000;
202401;1081;2010004256;COTAS;41101127.552343000000000;
202401;1434;1980002347;COTAS;3938210.821965000000000;
202401;1434;2009003292;VL_PG_RC;608608.140000000000000;
202401;984;1981000992;COTAS;907146.590486000000000;
202401;1081;2010004256;TIT_PUB;90111217.210000000000000;
202401;984;1981000992;COTAS;171943.756406000000000;
202401;1434;1985000474;COTAS;17036378.911933000000000;04495282000104
202401;1381;9970000000;CAIXA;1803.410000000000000;
202401;1403;1981000747;TIT_PUB;9317991.610000000000000;
202401;984;1981000992;COTAS;280491.779093000000000;
202401;1033;2000007538;VL_PG_RC;-126576.190000000000000;
202401;1403;2000008038;COTAS;426815.744305000000000;
202401;1434;1996002211;COTAS;13518974.067265000000000;04495282000104
202401;1403;1981000747;TIT_PRIV;1133169.230000000000000;
202401;1081;2015000992;CAIXA;610.360000000000000;
202401;1033;9970000000;TIT_PRIV;6796877.020000000000000;
202401;1081;2015000992;COTAS;32491.949735000000000;
202401;1051;1991001411;COTAS;40225183.580829000000000;
202401;1403;2008004783;OPERACAO_PARTICIPANTE;424929.199992499200000;
202401;1403;2016000619;COTAS;8861857.764704000000000;
202401;1434;2015000747;TIT_PUB;4383704.820000000000000;
202401;1434;1997000474;VL_PG_RC;9039671.110000000000000;
202401;1403;2016000619;OPERACAO_PARTICIPANTE;2696860.849908252700000;
202401;1451;1979001618;ACOES;343068.510000000000000;
202401;1434;2000000411;VL_PG_RC;-466468.940000000000000;
202401;1403;2016000619;TIT_PUB;72042610.830000000000000;
202401;984;1981000992;COTAS;762551.552406000000000;
202401;1081;2015000992;COTAS;28440.124618000000000;
202401;1451;2006002929;COTAS;1136572.996472000000000;
202401;1403;9970000000;COTAS;84880.857846000000000;41300431000150
202401;1403;2016000619;COTAS;2309384.306457000000000;
202401;1451;9970000000;VL_PG_RC;-4375.510000000000000;
202401;1403;2016000619;COTAS;9748666.479275000000000;
202401;1051;1991001411;COTAS;92977939.337713000000000;
202401;1345;1980002347;COTAS;9949079.443702000000000;03860605000140
202401;1081;2016002247;COTAS;136500.492000000000000;
202401;1403;2016000619;COTAS;6152074.538344000000000;
202401;1434;2000006965;COTAS;19192.914441000000000;
202401;1479;1997002711;COTAS;164516156.495818000000000;
202401;1081;2016002247;COTAS;8214.211212000000000;
202401;1434;2000006965;COTAS;5641912.053354000000000;
202401;1345;1980002347;OPERACAO_PARTICIPANTE;43947.970000000000000;
202401;1403;2016000619;TIT_PRIV;25276601.370000000000000;
202401;1434;1980002347;CAIXA;56052.770000000000000;
202401;984;1985001292;CAIXA;12775.000000000000000;
202401;1051;1991001411;TIT_PUB;1423218453.310000000000000;
202401;1479;1997002711;COTAS;12304148.850000000000000;
202401;1345;2000006965;COTAS;67716.084537000000000;
202401;1078;1984000918;COTAS;10484905.838538000000000;
202401;1403;9970000000;COTAS;78596.750716000000000;
202401;1434;1980002347;COTAS;51189.754108000000000;
202401;1345;2000006965;COTAS;19192.914441000000000;
202401;1434;2005005029;CAIXA;2506494.730000000000000;
202401;1479;1997002711;COTAS;101952539.696783000000000;
202401;1434;2005005029;COTAS;9141329.605306000000000;
202401;984;1985001365;COTAS;66263636.988031000000000;
202401;1479;1997002711;COTAS;272901842.630655000000000;37037679000101
202401;1434;1980002347;COTAS;71541.054358000000000;
202401;1345;2000006965;COTAS;5641912.053354000000000;
202401;1434;2005005029;COTAS;39914806.216541000000000;41799499000126
202401;1434;1980002347;COTAS;219951.940584000000000;
202401;1345;9970000000;VL_PG_RC;0.000000000000000;
202401;1434;1985000474;COTAS;18380182.797295000000000;
202401;1078;1984000918;COTAS;2558786.234643000000000;
202401;1434;1985000474;TIT_PUB;435745583.620000000000000;
202401;1078;1984000918;COTAS;27425240.203041000000000;
202401;1081;2016002311;CAIXA;444.310000000000000;
202401;1434;1986000192;OPERACAO_PARTICIPANTE;1390951.020000000000000;
202401;1081;1979004374;ACOES;3093126.750000000000000;
202401;1434;2005005029;OPERACAO_PARTICIPANTE;25874110.640000000000000;
202401;1434;1996002211;COTAS;1808562.373962000000000;
202401;1081;1979004374;COTAS;-198602.296284000000000;
202401;1434;2008000974;COTAS;13782549.083728000000000;33624828000170
202401;1434;1980002347;COTAS;4810.000000000000000;
202401;1434;1997000474;OPERACAO_PARTICIPANTE;1785314.400000000000000;
202401;1081;1979004374;COTAS;6112614.388609000000000;
202401;1479;1997002711;COTAS;204096933.222196000000000;41610657000158
202401;1434;2008000974;VL_PG_RC;-130549.860000000000000;
202401;1359;1991002165;COTAS;902005.583981000000000;
202401;1081;2016002311;COTAS;26780.903348000000000;
202401;1081;1979004447;COTAS;45206390.856902000000000;
202401;1434;2009003292;COTAS;232897.381807000000000;
202401;1081;2016002311;COTAS;23441.259598000000000;
202401;1081;1979004447;COTAS;70849490.657144000000000;
202401;1434;1997000474;TIT_PUB;274071125.910000000000000;
202401;1434;1980002347;COTAS;1138370.550081000000000;
202401;1434;2000000411;COTAS;1892163.635500000000000;
202401;1479;1997002892;COTAS;157454.783546000000000;
202401;1434;2000006965;COTAS;6077250.397291000000000;
202401;1081;1979004447;COTAS;147559330.621946000000000;
202401;1434;2009003292;OPERACAO_PARTICIPANTE;272518.379995831000000;
202401;1434;1980002347;VL_PG_RC;7193928.030000000000000;
202401;1434;9970000000;VL_PG_RC;569515.980000000000000;
202401;1434;1985000474;COTAS;1404105.957257000000000;
202401;1451;1979001618;COTAS;1522255.018178000000000;
202401;1081;2021001547;CAIXA;2071.930000000000000;
202401;1434;1986000192;CAIXA;19511.400000000000000;
202401;1451;1979001618;COTAS;17681477.181049000000000;
202401;984;1990001629;COTAS;751245.567355000000000;
202401;1434;1986000192;COTAS;348979.599463000000000;
202401;1359;1991002165;COTAS;9809152.873012000000000;
202401;1081;1979004447;IMOVEIS;11987288.180000000000000;
202401;1434;1997000474;CAIXA;20709.320000000000000;
202401;1451;1979001618;IMOVEIS;3784004.640000000000000;
202401;1434;2000006965;TIT_PUB;287789092.740000000000000;
202401;1434;1997000474;COTAS;2535501.904961000000000;
202401;1434;2008000974;COTAS;6802533.184602000000000;
202401;984;1990001629;COTAS;215846.307690000000000;
202401;1359;1991002165;COTAS;9531732.539539000000000;
202401;1081;9970000000;COTAS;9100032.800000000000000;
202401;1081;1979004447;TIT_PUB;1097547643.730000000000000;
202401;1105;1974000419;CAIXA;805.630000000000000;
202401;1434;2009003292;COTAS;5840962.152354000000000;33624828000170
202401;1451;1979001618;TIT_PUB;1468827287.250000000000000;
202401;1105;1974000419;COTAS;56830542.328940000000000;48966312000180
202401;1434;9970000000;CAIXA;176443.360000000000000;
202401;1451;2006002929;COTAS;740968.184650000000000;
202401;1081;1979004692;COTAS;19337569.700000000000000;
202401;1434;9970000000;COTAS;14923113.072445000000000;
202401;1451;2006002929;COTAS;2646802.340126000000000;
202401;1451;1979001618;COTAS;20485042.490667000000000;
202401;1105;9970000000;COTAS;15009.687735000000000;
202401;1451;1979001618;COTAS;5186776.172380000000000;
202401;984;1990001629;VL_PG_RC;14516.320000000000000;
202401;1359;1991002165;COTAS;21767494.739818000000000;
202401;1451;1979001618;COTAS;33906773.511397000000000;
202401;984;1994002883;COTAS;7585630.446277000000000;
202401;1434;2000006965;COTAS;20029787.283496000000000;
202401;1451;2006002929;CAIXA;7678.500000000000000;
202401;1081;1979004692;OPERACAO_PARTICIPANTE;8461111.934160000000000;
202401;1479;1997002711;CAIXA;275204.970000000000000;
202401;1434;2000006965;TIT_PRIV;410697.040000000000000;
202401;1479;1997002711;COTAS;157454.783546000000000;
202401;1081;2002001456;CAIXA;311487.370000000000000;
202401;1451;2006002929;COTAS;13021993.833798000000000;
202401;1359;1991002238;COTAS;947711.455787000000000;
202401;1451;9970000000;COTAS;20414.773645000000000;
202401;1479;1997002892;COTAS;565234217.208225000000000;17138135000110
202401;1479;1997002711;COTAS;300996744.935540000000000;
202401;1479;1997002892;COTAS;39860757.329932000000000;52285421000100
202401;1479;1997002711;COTAS;47922067.835381000000000;
202401;1479;1997002892;CAIXA;263470.080000000000000;
202401;1081;2002001456;COTAS;73881700.168529000000000;
202401;1479;2012000738;CAIXA;30366.280000000000000;
202401;1479;1997002892;COTAS;276093.805500000000000;52170037000161
202401;1081;2002001456;COTAS;-2631.097402000000000;
202401;1359;1991002238;COTAS;6618876.702452000000000;
202401;984;1994002883;COTAS;7831299.890026000000000;
202401;1479;1997002711;COTAS;142068664.963908000000000;
202401;1479;2012000738;COTAS;2401.187307000000000;
202401;1479;1997002711;COTAS;22947195.558490000000000;
202401;1479;2012000738;COTAS;3667196.372083000000000;
202401;1479;1997002711;COTAS;96021639.039267000000000;
202401;1479;1997002892;IMOVEIS;569665386.300000000000000;
202401;1359;2014001774;COTAS;1209522.387787000000000;
202401;1479;1997002711;COTAS;8060990258.147833000000000;08576322000195
202401;1136;1998006018;CAIXA;4029.760000000000000;
202401;1479;1997002711;OPERACAO_PARTICIPANTE;393633028.667441812800000;
202401;1434;2005005029;COTAS;41760399.016910000000000;05508422000196
202401;1171;9970000000;COTAS;834005.423600000000000;
202401;1479;1997002892;COTAS;41936863.720358000000000;41326144000110
202401;1081;2002001456;COTAS;151495278.275876000000000;
202401;1359;2014001774;COTAS;28362716.429836000000000;
202401;1171;9970000000;COTAS;2480281.955003000000000;
202401;1479;2012000738;COTAS;889176.651694000000000;
202401;1359;2014001774;COTAS;5025313.104737000000000;
202401;1479;2012000738;COTAS;14570446.239133000000000;
202401;1434;2005005029;IMOVEIS;29730437.880000000000000;
202401;1479;2012000738;COTAS;800667.703852000000000;
202401;984;2000007783;COTAS;4431804.293818000000000;
202401;1479;1997002892;OPERACAO_PARTICIPANTE;179450351.301136699700000;
202401;1479;2012000738;COTAS;686034.121063000000000;41326144000110
202401;1482;1981000674;VL_PG_RC;-95.980000000000000;
202401;1081;2002001456;TIT_PUB;1898679769.510000000000000;
202401;1482;1982003138;COTAS;6151569.379878000000000;
202401;1171;9970000000;COTAS;5988002.124111000000000;
202401;1479;9970000000;VL_PG_RC;0.000000000000000;
202401;1482;1983000329;CAIXA;0.000000000000000;
202401;1171;9970000000;TIT_PRIV;196871.470000000000000;
202401;1482;1979005411;CAIXA;4338.740000000000000;
202401;1434;2008000974;COTAS;4618504.605660000000000;
202401;1381;1980002411;VL_PG_RC;4697443.320000000000000;
202401;1479;2012000738;COTAS;1197.591909000000000;
202401;1482;1983000329;COTAS;32695010.463169000000000;
202401;1434;2008000974;COTAS;52036072.693928000000000;17285268000110
202401;1081;2003001311;ACOES;1087228.500000000000000;
202401;1482;1982000211;CAIXA;0.000000000000000;
202401;1381;2006005138;COTAS;4891877.711700000000000;
202401;1482;1987001011;CAIXA;4469104.210000000000000;
202401;1482;1982000465;CAIXA;2688351.570000000000000;
202401;1184;1979005583;TIT_PUB;18150297.130000000000000;
202401;1482;1987001192;COTAS;9951876.443060000000000;
202401;1482;1983000329;VL_PG_RC;-10317.260000000000000;
202401;1482;1987001811;CAIXA;1903062.530000000000000;
202401;1403;1981000747;VL_PG_RC;-301014.240000000000000;
202401;1482;1985000865;TIT_PRIV;213.810000000000000;
202401;1184;9970000000;VL_PG_RC;0.000000000000000;
202401;1482;1988002338;TIT_PUB;19948413.360000000000000;
202401;1198;9970000000;CAIXA;164375.610000000000000;
202401;1482;1989001238;CAIXA;6263.830000000000000;
202401;1482;1987000692;COTAS;42450.592438000000000;
202401;1482;1989001556;VL_PG_RC;-3.640000000000000;
202401;1403;2000008038;CAIXA;397543.460000000000000;
202401;1479;2012000738;COTAS;593626.816089000000000;
202401;1482;1987000692;TIT_PRIV;3919.940000000000000;
202401;1081;2003001311;COTAS;774426.431643000000000;
202401;1479;2012000738;COTAS;1850897.987454000000000;
202401;1482;1987000838;CAIXA;0.000000000000000;
202401;1482;1989002129;VL_PG_RC;-465.040000000000000;
202401;1434;2009003292;TIT_PUB;39445346.570000000000000;
202401;1482;1989002374;TIT_PRIV;35.640000000000000;
202401;1482;1987001265;COTAS;11763679.186775000000000;
202401;1081;2003001311;COTAS;523398.352635000000000;
202401;1479;2012000738;COTAS;102158.221835000000000;
202401;1081;2003001311;VL_PG_RC;-179059.830000000000000;
202401;984;2000007783;COTAS;1273336.755339000000000;
202401;1434;2015000747;OPERACAO_PARTICIPANTE;78684.990000000000000;
202401;1482;1991001347;COTAS;63445606.865476000000000;
202401;1482;1987001419;CAIXA;0.000000000000000;
202401;1482;1992001847;COTAS;18779.602656000000000;
202401;1081;2005000329;COTAS;-1005.676612000000000;
202401;1482;1992001911;CAIXA;0.000000000000000;
202401;1479;2012000738;COTAS;12401378.476370000000000;17138135000110
202401;1482;1993001565;COTAS;3172039.934984000000000;
202401;1403;2000008038;COTAS;2246408.964499000000000;
202401;1198;9970000000;COTAS;10642249.974524000000000;
202401;1403;2000008038;COTAS;5475753.317749000000000;
202401;1081;2005000329;COTAS;59450.496168000000000;
202401;1403;2000008038;COTAS;5946340.165933000000000;
202401;1081;2005000329;COTAS;52036.874779000000000;
202401;1208;1979005265;COTAS;1876481126.010002000000000;04682806000168
202401;1081;2005000329;VL_PG_RC;-23264.380000000000000;
202401;1482;1987001419;OPERACAO_PARTICIPANTE;385705.170000000000000;
202401;1403;2008004783;COTAS;5889737.537005000000000;
202401;1081;2010004256;COTAS;1315067.869336000000000;
202401;1208;1979005265;IMOVEIS;115829097.670000000000000;
202401;1403;2008004783;COTAS;4253203.404171000000000;
202401;1081;2010004256;COTAS;888792.440436000000000;
202401;1482;1988002338;COTAS;13121422.354283000000000;
202401;1081;2010004256;VL_PG_RC;-148104.080000000000000;
202401;1482;1993002911;VL_PG_RC;-17504.230000000000000;
202401;1479;2012000738;COTAS;1876789.424379000000000;41570019000150
202401;1482;1993003983;VL_PG_RC;-1.770000000000000;
202401;1482;1988002656;COTAS;43149937.023307000000000;
202401;1479;2012000738;COTAS;14656311.452348000000000;43759309000172
202401;1403;2008004783;COTAS;2934315.566339000000000;
202401;984;2005001538;COTAS;1785599.717311000000000;
202401;1482;1994004274;TIT_PRIV;1674.880000000000000;
202401;1208;1995003956;CAIXA;236091.480000000000000;
202401;1482;1995000418;CAIXA;0.000000000000000;
202401;1434;9970000000;COTAS;17015648.118881000000000;
202401;1482;1995000892;CAIXA;0.000000000000000;
202401;1403;2008004783;COTAS;1928037.762805000000000;
202401;1451;2006002929;OPERACAO_PARTICIPANTE;142400.340000000000000;
202401;1482;1982000211;VL_PG_RC;-3.750000000000000;
202401;1208;1995003956;COTAS;1755405554.700003000000000;04667988000106
202401;1403;2008004783;IMOVEIS;4757377.360000000000000;
202401;1482;1982000929;TIT_PRIV;35.640000000000000;
202401;1081;2015000992;COTAS;15019.044753000000000;
202401;1482;1982000929;VL_PG_RC;-65.780000000000000;
202401;1081;2016002247;CAIXA;424.050000000000000;
202401;1482;1995001856;VL_PG_RC;-20.040000000000000;
202401;1451;2022001974;VL_PG_RC;-98.980000000000000;
202401;1081;2016002247;COTAS;153589.030071000000000;
202401;984;9970000000;COTAS;31364.694746000000000;
202401;1482;1996000756;COTAS;176.906539000000000;
202401;1451;9970000000;COTAS;264327.708740000000000;
202401;1081;2016002247;VL_PG_RC;-1513.760000000000000;
202401;1482;1996003811;VL_PG_RC;-2833.470000000000000;
202401;1403;9970000000;COTAS;658649.769275000000000;
202401;1482;1989000592;TIT_PUB;5867170.260000000000000;
202401;984;9970000000;COTAS;119825.915088000000000;
202401;1482;1989000665;VL_PG_RC;-6640.880000000000000;
202401;1081;2016002311;COTAS;170625.615000000000000;
202401;1208;1998001474;ACOES;16067847.960000000000000;
202401;1403;9970000000;COTAS;831102.616796000000000;
202401;1482;1985000547;VL_PG_RC;-84.130000000000000;
202401;998;1988001129;IMOVEIS;262206230.830000000000000;
202401;1451;9970000000;COTAS;4301712.269075000000000;
202401;1081;2016002311;COTAS;12379.176663000000000;
202401;1208;2013001411;CAIXA;18232.660000000000000;
202401;1482;1989001238;VL_PG_RC;-232.130000000000000;
202401;1081;2016002311;COTAS;12362.476705000000000;
202401;1208;9970000000;VL_PG_RC;0.000000000000000;
202401;1403;9970000000;COTAS;52514.064897000000000;
202401;1239;1979002738;VL_PG_RC;57822666.170000000000000;
202401;1434;1980002347;TIT_PUB;47428257.390000000000000;
202401;1239;1979003092;IMOVEIS;2801992.640000000000000;
202401;998;1998006638;COTAS;13121956.324388000000000;
202401;1482;1996004956;CAIXA;0.000000000000000;
202401;1482;1997000156;COTAS;197177.572826000000000;
202401;1434;1985000474;COTAS;10860027.264654000000000;33624828000170
202401;1239;1979003238;COTAS;3984549.928703000000000;
202401;1482;1989001556;CAIXA;745863.530000000000000;
202401;1482;1997000938;COTAS;11681.248107000000000;
202401;1081;2016002311;COTAS;658677.405296000000000;
202401;1482;1989002447;TIT_PRIV;783.990000000000000;
202401;1482;1997001111;VL_PG_RC;1799.200000000000000;
202401;1081;9970000000;COTAS;1533013.600000000000000;
202401;1482;1990002056;CAIXA;35966.110000000000000;
202401;1081;9970000000;COTAS;2394958.403459000000000;
202401;1239;1979003238;OPERACAO_PARTICIPANTE;67411148.876841570000000;
202401;998;1998006638;COTAS;458367159.023469000000000;18138767000147
202401;1482;1997001683;COTAS;2031058.379293000000000;
202401;1239;1982002174;CAIXA;1244420.600000000000000;
202401;1434;1985000474;VL_PG_RC;8050319.910000000000000;
202401;1482;1998002683;CAIXA;0.000000000000000;
202401;1105;1974000419;COTAS;5734.520583000000000;
202401;1239;1982002247;COTAS;1160910.579540000000000;
202401;1434;1986000192;VL_PG_RC;640692.640000000000000;
202401;1105;1974000419;COTAS;1093228.644000000000000;
202401;1482;1991001347;TIT_PUB;29063245.550000000000000;
202401;1105;1974000419;IMOVEIS;28616586.540000000000000;
202401;1482;1992001911;VL_PG_RC;-1.300000000000000;
202401;1434;1996002211;VL_PG_RC;2329079.610000000000000;
202401;1451;9970000000;TIT_PUB;20400611.360000000000000;
202401;1482;1993001565;COTAS;1121392.019410000000000;
202401;1482;1987000838;VL_PG_RC;4976.490000000000000;
202401;1239;1982002247;OPERACAO_PARTICIPANTE;20525026.508431520000000;
202401;1482;1993002911;COTAS;41340165.805173000000000;
202401;1482;1998003892;CAIXA;0.000000000000000;
202401;1479;1997002711;COTAS;68887.949421000000000;
202401;1434;1997000474;COTAS;26.750000000000000;
202401;1105;1997003147;COTAS;9570.165167000000000;
202401;998;1998006638;VL_PG_RC;170739.650000000000000;
202401;1482;1989000592;COTAS;7531655.756517000000000;
202401;1105;1997003147;TIT_PRIV;208911849.600000000000000;
202401;1434;2000000411;COTAS;16.160000000000000;
202401;1033;1975000218;COTAS;154850925.125806000000000;18000701000196
202401;1239;1995003311;CAIXA;737483.330000000000000;
202401;1482;1996002538;COTAS;4808363.396219000000000;
202401;1105;2010001265;VL_PG_RC;-2718.310000000000000;
202401;1239;1998007383;COTAS;15461138.796077000000000;17518976000153
202401;1479;1997002711;COTAS;857502643.109697000000000;17138135000110
202401;1171;1981001492;IMOVEIS;3716366.140000000000000;
202401;1239;2018000829;CAIXA;0.000000000000000;
202401;1434;2000006965;CAIXA;9934.950000000000000;
202401;1479;1997002711;COTAS;192331786.749570000000000;43759309000172
202401;1482;1989001483;VL_PG_RC;-52.990000000000000;
202401;1239;2018000829;COTAS;17643094.949772000000000;17518976000153
202401;1479;1997002892;COTAS;68887.949421000000000;
202401;1239;2018000918;VL_PG_RC;32.640000000000000;
202401;1482;1998004392;CAIXA;6656177.430000000000000;
202401;1033;1979003556;COTAS;9861869.851834000000000;
202401;1482;1990001947;TIT_PUB;44291965.620000000000000;
202401;1482;1996003811;CAIXA;0.000000000000000;
202401;1434;2000006965;COTAS;745245.030326000000000;
202401;1239;2019000229;VL_PG_RC;-27095.310000000000000;
202401;1482;1998004392;COTAS;135700057.598460000000000;
202401;1033;1979003556;COTAS;8555391.223018000000000;
202401;1479;1997002892;COTAS;66692975.219020000000000;
202401;1239;2020000083;CAIXA;0.000000000000000;
202401;1482;1998005747;COTAS;1156688.622680000000000;
202401;1482;1991001118;VL_PG_RC;-0.300000000000000;
202401;1239;2020000083;COTAS;1003644542.897194000000000;
202401;1171;2000008429;COTAS;0.007289000000000;
202401;1482;1998005747;COTAS;170484064.052301000000000;
202401;1482;1991001347;COTAS;4786056.623424000000000;
202401;1479;2012000738;COTAS;6284.843003000000000;
202401;1171;2000008429;COTAS;421102.208221000000000;
202401;1482;1999001419;TIT_PRIV;5666.090000000000000;
202401;1239;2020000792;VL_PG_RC;23807306.080000000000000;
202401;1171;2000008429;COTAS;5839309.681359000000000;
202401;1033;1996003674;COTAS;23795932.296081000000000;
202401;1482;2000003192;COTAS;14457225.155771000000000;32273477000137
202401;1242;1985001683;COTAS;23541799.425905000000000;
202401;1434;2000006965;COTAS;131150.885326000000000;
202401;1171;9970000000;COTAS;326769.179814000000000;
202401;1482;2000007211;COTAS;24841068.730267000000000;
202401;1482;1993001492;COTAS;1201.437791000000000;
202401;1171;9970000000;COTAS;900996.059820000000000;
202401;1482;2000007211;COTAS;29377124.890946000000000;
202401;1242;1985001683;COTAS;79426138.893396000000000;
202401;1171;9970000000;COTAS;3218196.976435000000000;
202401;1033;1996003674;COTAS;305109858.916136000000000;18000701000196
202401;1482;1996003811;COTAS;1325704.136404000000000;
202401;1184;1979005583;CAIXA;45849.240000000000000;
202401;1482;1997001111;COTAS;1529398.623423000000000;
202401;1482;2001000383;COTAS;868043.967782000000000;
202401;1033;2000007538;CAIXA;306677.880000000000000;
202401;1482;2001000383;COTAS;3681456.109912000000000;
202401;1482;1993001492;VL_PG_RC;-0.970000000000000;
202401;1434;2000006965;COTAS;1690200.739380000000000;
202401;1479;2012000738;COTAS;3344163.466576000000000;41610657000158
202401;1482;1993001565;TIT_PRIV;890.900000000000000;
202401;1184;1984000292;IMOVEIS;37070442.550000000000000;
202401;1479;2012000738;COTAS;393677.554790000000000;42449329000184
202401;1482;1993002911;TIT_PRIV;49284.330000000000000;
202401;1482;1997002574;VL_PG_RC;1000.000000000000000;
202401;1434;2000006965;COTAS;156322414.466522000000000;
202401;1482;1995000418;COTAS;32990974.734752000000000;
202401;1482;1997005011;COTAS;65.210682000000000;
202401;1242;1985001683;VL_PG_RC;3060123.830000000000000;
202401;1184;2022000218;CAIXA;3767.960000000000000;
202401;1242;2021001792;COTAS;8295025.149115000000000;
202401;1184;2022000218;VL_PG_RC;0.000000000000000;
202401;1479;2012000738;COTAS;575449.738272000000000;52285421000100
202401;1198;1998003019;COTAS;3034069.517369000000000;
202401;1482;1998003418;COTAS;529847.611978000000000;
202401;1033;9970000000;COTAS;9199999.999998000000000;
202401;1434;2000006965;COTAS;24428405.173582000000000;
202401;1482;1998003418;COTAS;1842362.265557000000000;31032327000179
202401;1482;2001000383;TIT_PRIV;46326.560000000000000;
202401;1033;9970000000;COTAS;70584552.253673000000000;18000701000196
202401;1482;1982000211;TIT_PRIV;178.180000000000000;
202401;1198;1998003019;COTAS;1244875.461328000000000;
202401;1482;1996002538;TIT_PRIV;5202.830000000000000;
202401;1482;1982000465;TIT_PRIV;1033.440000000000000;
202401;1482;1998003892;VL_PG_RC;-5810.100000000000000;
202401;1482;2001000383;VL_PG_RC;-21497.890000000000000;
202401;1482;1982003138;CAIXA;0.000000000000000;
202401;1434;2000006965;COTAS;8529836.386718000000000;
202401;1198;1998003019;VL_PG_RC;548499.280000000000000;
202401;1482;2002001618;CAIXA;0.000000000000000;
202401;1482;1985000547;COTAS;175206.863525000000000;
202401;1198;2019001111;COTAS;11635653.804299000000000;
202401;1482;2003001174;VL_PG_RC;158524.010000000000000;
202401;1482;1985000865;CAIXA;3469.970000000000000;
202401;1198;2019001111;COTAS;2146699.896142000000000;
202401;1051;1991001411;COTAS;92460378.550072000000000;
202401;1482;1998004392;TIT_PRIV;712.720000000000000;
202401;1482;1987000692;VL_PG_RC;-26.500000000000000;
202401;1434;2000006965;COTAS;15835088.432390000000000;
202401;1482;1999000218;TIT_PRIV;7946.790000000000000;
202401;1242;2021001792;COTAS;8540412.335513000000000;43651064000165
202401;1482;1987001011;VL_PG_RC;-17034.360000000000000;
202401;1482;1999001818;TIT_PUB;53759461.180000000000000;
202401;1208;1979005265;CAIXA;10099.170000000000000;
202401;1242;9970000000;CAIXA;14184.160000000000000;
202401;1482;1997002574;CAIXA;0.000000000000000;
202401;1208;1979005265;VL_PG_RC;10541518.440000000000000;
202401;1482;1987001192;TIT_PUB;49343474.660000000000000;
202401;1482;2003001247;CAIXA;0.000000000000000;
202401;1239;1979002738;COTAS;1513561.488795000000000;
202401;1482;2004000465;COTAS;104943780.439563000000000;
202401;1482;2000007211;CAIXA;0.000000000000000;
202401;1482;2004003138;VL_PG_RC;-9470.150000000000000;
202401;1482;1987001811;VL_PG_RC;-6924.430000000000000;
202401;1482;1998003418;COTAS;13020303.102098000000000;
202401;1051;1991001411;COTAS;50627809.301474000000000;
202401;1434;2005005029;COTAS;38114390.290539000000000;
202401;1482;1988001447;CAIXA;43278.640000000000000;
202401;1482;2005001074;VL_PG_RC;-28001.810000000000000;
202401;1482;2000007211;COTAS;78867941.703417000000000;
202401;1482;1998003474;VL_PG_RC;-32.860000000000000;
202401;1482;1988002656;VL_PG_RC;-18023.250000000000000;
202401;1482;2005004065;COTAS;24748406.938057000000000;
202401;1482;2005004383;TIT_PRIV;126720.950000000000000;
202401;1482;2000007211;OPERACAO_PARTICIPANTE;242136.920000000000000;
202401;1482;1989000592;CAIXA;363191.490000000000000;
202401;1482;1998004211;VL_PG_RC;-0.080000000000000;
202401;1482;2005005665;TIT_PRIV;20953.860000000000000;
202401;1482;1989000592;VL_PG_RC;-4394.250000000000000;
202401;1256;9970000000;CAIXA;7155.780000000000000;
202401;1482;2005005665;VL_PG_RC;272040.090000000000000;
202401;1434;2005005029;TIT_PUB;127524091.640000000000000;
202401;1482;2003000119;CAIXA;0.000000000000000;
202401;1482;1989000665;TIT_PUB;19086274.190000000000000;
202401;1482;1998005747;CAIXA;0.000000000000000;
202401;1078;1984000918;COTAS;18763717.091026000000000;
202401;1239;1979002738;COTAS;4692611161.527014000000000;04912456000189
202401;1261;1980000311;COTAS;654731471.999270000000000;
202401;1239;1979002738;OPERACAO_PARTICIPANTE;34176405.651125410000000;
202401;1482;1999000218;COTAS;8376618.387711000000000;
202401;1482;2003001247;VL_PG_RC;519123.490000000000000;
202401;1261;9970000000;COTAS;1230262.438041000000000;
202401;1434;2008000974;COTAS;46318493.618126000000000;04495282000104
202401;1239;1979002983;IMOVEIS;1975308.440000000000000;
202401;1078;1984000918;VL_PG_RC;-11438.750000000000000;
202401;1239;1979003092;ACOES;25084.160000000000000;
202401;1482;2006003038;CAIXA;0.000000000000000;
202401;1239;1979003092;CAIXA;662.850000000000000;
202401;1482;2004000538;COTAS;347544365.663832000000000;28428255000179
202401;1239;1979003165;TIT_PRIV;3240188.517922000000000;
202401;1482;2007002711;CAIXA;0.000000000000000;
202401;1482;1999001419;COTAS;30679319.616437000000000;
202401;1239;1979003238;COTAS;6292865032.551085000000000;05754033000140
202401;1482;2008000265;CAIXA;0.000000000000000;
202401;1482;2000003192;COTAS;15792141.695354000000000;
202401;1239;1979003319;COTAS;254236017.361256000000000;
202401;1081;1979004374;COTAS;7916451.170037000000000;
202401;1482;2004000538;OPERACAO_PARTICIPANTE;1524683.750000000000000;
202401;1482;2004001518;CAIXA;0.000000000000000;
202401;1273;1985000229;TIT_PUB;77408762.000000000000000;
202401;1239;1982002174;ACOES;37059.820000000000000;
202401;1081;1979004374;COTAS;5350356.515245000000000;
202401;1239;1982002174;IMOVEIS;4116857.200000000000000;
202401;1081;1979004374;VL_PG_RC;1213233.590000000000000;
202401;1239;1982002247;ACOES;890768.470000000000000;
202401;1482;2004003138;CAIXA;0.000000000000000;
202401;1434;2009003292;CAIXA;83654.010000000000000;
202401;1482;1989001483;COTAS;123671.235068000000000;
202401;1482;2008000265;COTAS;20316656.445495000000000;
202401;1434;2009003292;COTAS;11471679.672680000000000;05508422000196
202401;1081;1979004447;COTAS;21242427.050000000000000;
202401;1239;1982002247;COTAS;8481721627.747690000000000;05754101000171
202401;1482;2004003138;COTAS;4838748.753644000000000;
202401;1434;2015000747;COTAS;2086073.934014000000000;
202401;1081;1979004447;COTAS;60287717.300000000000000;
202401;1482;2005004138;COTAS;59685316.452022000000000;
202401;1434;9970000000;COTAS;6243296.754485000000000;
202401;1482;2005004456;COTAS;1505579.341963000000000;31032327000179
202401;1239;1982002311;ACOES;103211.910000000000000;
202401;1482;2005004456;VL_PG_RC;-222.740000000000000;
202401;1239;1982002311;CAIXA;2331.970000000000000;
202401;1482;1989001556;TIT_PRIV;712.720000000000000;
202401;1482;2005005665;CAIXA;0.000000000000000;
202401;1081;1979004447;OPERACAO_PARTICIPANTE;47028518.927460000000000;
202401;1239;1998007383;OPERACAO_PARTICIPANTE;160159.100000000000000;
202401;1314;2005000965;VL_PG_RC;-7902.230000000000000;
202401;1482;2000003192;COTAS;10921408.618227000000000;32273485000183
202401;1081;1979004692;TIT_PUB;324664093.440000000000000;
202401;1482;2005005665;COTAS;5908531.687097000000000;
202401;1482;2008000265;COTAS;38785576.281497000000000;
202401;1345;1980002347;COTAS;1365616.084856000000000;
202401;1482;2010002938;COTAS;93155.885640000000000;
202401;1239;2018001418;COTAS;4851747.742022000000000;17518976000153
202401;1482;2010003829;COTAS;22566945.087546000000000;
202401;1482;1989002129;TIT_PRIV;1318.530000000000000;
202401;1482;2000003192;OPERACAO_PARTICIPANTE;259943.600000000000000;
202401;1345;2000006965;COTAS;131150.885326000000000;
202401;1081;2002001456;COTAS;151500348.679179000000000;
202401;1482;1989002211;CAIXA;12.470000000000000;
202401;1482;2011000238;TIT_PRIV;8445.690000000000000;
202401;1081;2003001311;COTAS;-13520.572772000000000;
202401;1239;2019002965;VL_PG_RC;-16.680000000000000;
202401;1482;2011002011;COTAS;20129.270265000000000;
202401;1345;2000006965;COTAS;25373560.301834000000000;
202401;1482;2005006092;CAIXA;0.000000000000000;
202401;1239;2020000792;IMOVEIS;25002604.360000000000000;
202401;1482;2011002338;COTAS;26254343.617842000000000;
202401;1345;2000006965;COTAS;156322414.466522000000000;03860605000140
202401;1239;2020000792;TIT_PRIV;4257060.031473000000000;
202401;1482;2018001965;CAIXA;0.000000000000000;
202401;1482;2007002711;VL_PG_RC;-2323.730000000000000;
202401;1345;9970000000;CAIXA;51495.100000000000000;
202401;1359;1991002165;COTAS;1791654.573547000000000;
202401;1239;2022001011;ACOES;16071.690000000000000;
202401;1482;1990001947;VL_PG_RC;-78965.650000000000000;
202401;1359;1991002165;COTAS;6321865.583446000000000;
202401;1239;9970000000;COTAS;2254327.250877000000000;
202401;1451;1979001618;CAIXA;12303.060000000000000;
202401;1081;2003001311;COTAS;597966.190137000000000;
202401;1242;1985001683;COTAS;47714709.567468000000000;
202401;1482;2008001156;VL_PG_RC;5595.340000000000000;
202401;1081;2005000329;COTAS;76994.375470000000000;
202401;1482;2018001965;COTAS;286230700.937190000000000;
202401;1482;2008001318;COTAS;319055712.157636000000000;39807355000122
202401;1081;2005000329;TIT_PRIV;895506.160000000000000;
202401;1451;1979001618;COTAS;95586.640800000000000;
202401;1081;2006000365;CAIXA;96.250000000000000;
202401;1482;1991001347;TIT_PRIV;61008.510000000000000;
202401;1482;2009001011;COTAS;3052423.642407000000000;
202401;1359;1991002165;COTAS;1458586.503868000000000;
202401;1482;2009001818;CAIXA;0.000000000000000;
202401;1482;2000004083;VL_PG_RC;-2022.690000000000000;
202401;1482;2022000129;VL_PG_RC;3149.330000000000000;
202401;1482;1992001911;COTAS;1511.490522000000000;
202401;1482;2009001818;COTAS;522537.342718000000000;
202401;1242;1985001683;TIT_PUB;659001967.850000000000000;
202401;1482;2010001729;TIT_PRIV;24659.980000000000000;
202401;1451;1979001618;COTAS;17713216.318850000000000;
202401;1511;1988002419;VL_PG_RC;-35464.080000000000000;
202401;1359;1991002165;OPERACAO_PARTICIPANTE;720472.500000000000000;
202401;1482;2010002938;COTAS;6903161.302601000000000;
202401;1359;1991002165;TIT_PUB;1255477811.040000000000000;
202401;1482;2010003111;COTAS;7886049.247634000000000;31032327000179
202401;1482;1994000783;CAIXA;707067.580000000000000;
202401;1482;2010003829;CAIXA;0.000000000000000;
202401;1451;1979001618;COTAS;352890534.791402000000000;35491278000193
202401;1482;1994000783;COTAS;1033.060632000000000;
202401;1523;1977000274;CAIXA;14676360.280000000000000;
202401;1451;1979001618;OPERACAO_PARTICIPANTE;26819654.940805762400000;
202401;1359;1991002238;COTAS;2415613.916626000000000;
202401;1451;2006002929;TIT_PUB;27793679.190000000000000;
202401;1081;2010004256;ACOES;633184.000000000000000;
202401;1523;1977000274;COTAS;-14990321.082663000000000;
202401;1482;2000007211;COTAS;61259615.927287000000000;
202401;1359;1991002238;COTAS;12045452.426999000000000;
202401;1451;9970000000;CAIXA;18656.510000000000000;
202401;1482;1994004274;COTAS;43857613.067456000000000;
202401;1482;2000007211;COTAS;8069335.077106000000000;
202401;1242;2021001792;CAIXA;43423.370000000000000;
202401;1482;2003000119;VL_PG_RC;-74095.780000000000000;
202401;1482;2010004965;COTAS;21724807.552503000000000;
202401;1242;2021001792;COTAS;149393.750000000000000;
202401;1451;9970000000;COTAS;11454054.965760000000000;35491278000193
202401;1523;1977000274;COTAS;43602490.636305000000000;
202401;1242;2021001792;COTAS;53220.780000000000000;
202401;1479;1997002711;COTAS;552187.611000000000000;52170037000161
202401;1242;2021001792;COTAS;4471250.434344000000000;
202401;1081;2010004256;COTAS;-3421.845494000000000;
202401;1482;2003001174;COTAS;19171391.429838000000000;
202401;1482;1995000256;TIT_PRIV;890.900000000000000;
202401;1482;2010004965;TIT_PRIV;3456.670000000000000;
202401;1242;2021001792;COTAS;26335848.197357000000000;
202401;1482;2011000238;COTAS;8201794.964516000000000;
202401;1242;2021001792;COTAS;5438327.716673000000000;
202401;1482;2003001247;COTAS;986605071.773563000000000;05701082000115
202401;1482;2013001029;COTAS;19356368.583371000000000;31032327000179
202401;1523;1977000274;COTAS;226526986.245741000000000;04684251000193
202401;1482;2004000392;CAIXA;2865956.930000000000000;
202401;1482;2004000392;COTAS;15651119.566617000000000;
202401;1479;1997002711;COTAS;133212858.933671000000000;
202401;1482;1995001856;TIT_PRIV;106.910000000000000;
202401;1242;2021001792;VL_PG_RC;953648.690000000000000;
202401;1479;1997002711;COTAS;247881662.743381000000000;11769259000118
202401;1482;2016002174;COTAS;26471523.683965000000000;
202401;1261;2005006165;COTAS;167539128.529030000000000;
202401;1482;2004000392;COTAS;61939505.690322000000000;28428287000174
202401;1482;2004000538;COTAS;3440058.234986000000000;
202401;1479;1997002711;COTAS;511264938.292596000000000;32320637000151
202401;1523;1977000274;COTAS;162832165.899083000000000;15154481000167
202401;1261;2005006165;COTAS;133065212.191047000000000;20468287000196
202401;1479;1997002711;COTAS;132265405.278097000000000;42449329000184
202401;1261;9970000000;CAIXA;112257.690000000000000;
202401;1479;1997002711;COTAS;73074344.739270000000000;51918188000192
202401;1482;2018001965;VL_PG_RC;-35782.850000000000000;
202401;1261;9970000000;VL_PG_RC;-112269.290000000000000;
202401;1482;1995002429;COTAS;356.421535000000000;
202401;1482;2021003256;COTAS;44880.286040000000000;
202401;1482;2004001518;VL_PG_RC;-8391.700000000000000;
202401;1482;1996000756;TIT_PRIV;142.540000000000000;
202401;1482;2021003256;COTAS;322783.629413000000000;
202401;1482;2005001392;CAIXA;0.000000000000000;
202401;1482;1996004956;COTAS;13040457.300848000000000;
202401;1482;2022000056;COTAS;551832.712869000000000;
202401;1482;2005001392;COTAS;4954596.463814000000000;
202401;1523;1977000274;COTAS;362322802.607909000000000;16916048000184
202401;1482;1997000938;CAIXA;0.000000000000000;
202401;1359;1991002238;VL_PG_RC;-95149.040000000000000;
202401;1081;2010004256;COTAS;1015417.466933000000000;
202401;1482;1997001683;CAIXA;0.000000000000000;
202401;1482;2022000056;VL_PG_RC;3143.070000000000000;
202401;1359;2014001774;CAIXA;15715.240000000000000;
202401;1482;2005004065;CAIXA;0.000000000000000;
202401;1273;1985000229;CAIXA;35934.020000000000000;
202401;1511;1988002419;COTAS;29330191.360006000000000;03168115000188
202401;1081;2015000992;COTAS;284376.025000000000000;
202401;1523;1977000274;ACOES;1757237617.070000000000000;
202401;1482;2005004138;TIT_PRIV;1959.970000000000000;
202401;1482;1997001683;COTAS;50910919.045730000000000;
202401;1523;1977000274;COTAS;315431.900262000000000;
202401;1359;2014001774;COTAS;159663.505322000000000;
202401;1482;2005004456;COTAS;31711125.790041000000000;
202401;1273;1985000229;VL_PG_RC;-564685.730000000000000;
202401;1523;1977000274;COTAS;-1983694.961227000000000;
202401;1523;1977000274;COTAS;161743008.462272000000000;28586408000106
202401;1523;1977000274;COTAS;133477041.480063000000000;
202401;1523;1977000274;COTAS;243604641.086373000000000;49599183000100
202401;1273;9970000000;COTAS;21100533.464242000000000;
202401;1482;1997005011;VL_PG_RC;-0.020000000000000;
202401;1314;2005000965;COTAS;516289236.170516000000000;20077406000180
202401;1523;1977000274;COTAS;2193513.722342000000000;
202401;1345;1980002347;COTAS;4810.000000000000000;
202401;1523;1977000274;COTAS;-514317.178170000000000;
202401;1345;1980002347;COTAS;3461076.569930000000000;
202401;1523;1977000274;COTAS;14781816.800000000000000;
202401;1345;1980002347;COTAS;1138370.550081000000000;
202401;1523;1977000274;COTAS;1561125.333583000000000;
202401;1345;2000006965;COTAS;0.034115000000000;
202401;1479;1997002711;COTAS;40996039.914168000000000;52324000000140
202401;1479;1997002711;TIT_PUB;188218488.870000000000000;
202401;1081;2015000992;COTAS;767680.310686000000000;
202401;1523;1977000274;COTAS;22965754.610138000000000;
202401;1479;1997002892;VL_PG_RC;94341089.390000000000000;
202401;1359;2014001774;COTAS;2129959.001932000000000;
202401;1359;1991002165;COTAS;4608540.804360000000000;
202401;1479;2012000738;COTAS;352316.813838000000000;
202401;1523;1977000274;COTAS;19776573.083088000000000;
202401;1359;1991002165;COTAS;23806938.038725000000000;
202401;1523;1977000274;COTAS;34669868.407599000000000;
202401;1359;1991002238;COTAS;1694576.611440000000000;
202401;1523;1977000274;COTAS;240414697.680497000000000;09606345000168
202401;1359;1991002238;COTAS;1273955.115811000000000;
202401;1523;1977000274;COTAS;1031860713.568823000000000;14120553000192
202401;1359;1991002238;COTAS;644629.563481000000000;
202401;1523;1977000274;COTAS;136491118.701164000000000;15154385000119
202401;1359;1991002238;COTAS;4980840.543929000000000;
202401;1523;1977000274;COTAS;41951369.302658000000000;39753127000117
202401;1359;1991002238;COTAS;4647383.936055000000000;
202401;1523;1998004465;COTAS;1652.157853000000000;
202401;1479;2012000738;COTAS;274433.399465000000000;
202401;1523;1977000274;IMOVEIS;5208674795.510000000000000;
202401;1359;2014001774;COTAS;799785.318726000000000;
202401;1482;2005005983;VL_PG_RC;-1.280000000000000;
202401;1359;9970000000;CAIXA;183875.540000000000000;
202401;1359;9970000000;COTAS;2011815.843852000000000;
202401;1482;2005006092;TIT_PRIV;86309.940000000000000;
202401;1381;2006005138;COTAS;101659.491582000000000;
202401;1479;2012000738;COTAS;2134885.764366000000000;
202401;1381;1980002411;COTAS;19192324.283789000000000;
202401;1479;2012000738;COTAS;846151.523185000000000;
202401;1081;2016002247;ACOES;12278.500000000000000;
202401;1523;1998004465;COTAS;1672006.741934000000000;
202401;1479;2012000738;COTAS;202915.240189000000000;
202401;1081;2016002247;COTAS;17770.486884000000000;
202401;1381;2006005138;VL_PG_RC;-2552.870000000000000;
202401;1479;2012000738;VL_PG_RC;709771.780000000000000;
202401;1523;1977000274;OPERACAO_PARTICIPANTE;1796405903.330000000000000;
202401;1523;1998004465;COTAS;3901752.000000000000000;
202401;1381;1980002411;IMOVEIS;92280000.000000000000000;
202401;1523;1998004465;COTAS;65392.000000000000000;
202401;1523;1998004465;COTAS;12240052.530000000000000;
202401;1381;9970000000;COTAS;16632365.907833000000000;
202401;1403;1981000747;COTAS;86312.946040000000000;
202401;1482;1979005411;COTAS;304045.742549000000000;
202401;1403;2000008038;TIT_PRIV;9538116.530000000000000;
202401;1081;2016002247;COTAS;15554.463971000000000;
202401;1403;2008004783;COTAS;12520063.573588000000000;41300431000150
202401;1482;1998003418;COTAS;12731310.765574000000000;
202401;1482;2006003038;COTAS;19766031.447305000000000;
202401;1403;2008004783;VL_PG_RC;-63236.650000000000000;
202401;1523;1998004465;COTAS;12868190.452166000000000;04684251000193
202401;1482;2007002711;COTAS;1142166.146250000000000;
202401;1403;9970000000;CAIXA;48854.730000000000000;
202401;1523;1998004465;COTAS;3667086.010245000000000;
202401;1482;2008001318;CAIXA;0.000000000000000;
202401;1403;1981000747;COTAS;457118.570095000000000;
202401;1523;1998004465;COTAS;16883955.585858000000000;15154385000119
202401;1482;1998003892;COTAS;148595727.534883000000000;
202401;1403;9970000000;COTAS;83738.450400000000000;
202401;1523;1998004465;COTAS;216933438.647627000000000;16916054000131
202401;1523;1998004465;COTAS;706113.191061000000000;
202401;1434;1980002347;COTAS;17403.206249000000000;
202401;1523;1998004465;COTAS;20701040.753250000000000;53275192000105
202401;1482;1998003892;COTAS;25759838.798687000000000;
202401;1482;2008002438;COTAS;13220666.016107000000000;
202401;1482;1981000674;CAIXA;3751.240000000000000;
202401;1434;1980002347;COTAS;570358.590278000000000;
202401;1081;2021001547;COTAS;241190.442666000000000;
202401;1434;1980002347;COTAS;996528.805049000000000;
202401;1081;9970000000;ACOES;169429.250000000000000;
202401;1482;1998004392;COTAS;51175572.991682000000000;
202401;1081;9970000000;COTAS;1618639.592076000000000;
202401;1523;1998004465;COTAS;15928663.208098000000000;15154356000157
202401;1482;1998004392;COTAS;686629.953210000000000;
202401;1434;1986000192;TIT_PRIV;2901801.230000000000000;
202401;1105;1974000419;OPERACAO_PARTICIPANTE;14012067.450045197900000;
202401;1482;2008003329;COTAS;29327650.613875000000000;
202401;1482;1982000465;COTAS;382053.023827000000000;
202401;1482;1982000929;CAIXA;1941190.680000000000000;
202401;1105;1974000419;TIT_PRIV;68602317.070000000000000;
202401;1403;2000008038;COTAS;1094989.435264000000000;
202401;1434;1997000474;COTAS;23050.428170000000000;
202401;1482;2008003329;VL_PG_RC;-1863.160000000000000;
202401;1482;2009001011;COTAS;476231.561598000000000;31032327000179
202401;1482;1982003138;TIT_PRIV;4810.830000000000000;
202401;1523;1998004465;COTAS;19000813.016804000000000;15154395000154
202401;1482;2010001729;COTAS;25525032.198919000000000;
202401;1482;1999001818;TIT_PRIV;77400.990000000000000;
202401;1482;2010003111;COTAS;6036527.822159000000000;
202401;1482;1982003211;VL_PG_RC;-1.960000000000000;
202401;1403;2000008038;COTAS;1818641.363536000000000;
202401;1434;1997000474;COTAS;3011063.406814000000000;04495282000104
202401;1403;2008004783;COTAS;3284546.860644000000000;
202401;1434;1997000474;COTAS;3200291.373078000000000;41799499000126
202401;1482;2010003829;VL_PG_RC;-6369.560000000000000;
202401;1482;1985000547;CAIXA;2002424.730000000000000;
202401;1482;2010004965;CAIXA;0.000000000000000;
202401;1403;2016000619;COTAS;9788232.582509000000000;
202401;1523;1998004465;IMOVEIS;67741691.630000000000000;
202401;1523;1998004465;COTAS;96480.939836000000000;16877625000176
202401;1482;2000003192;VL_PG_RC;-5592.100000000000000;
202401;1434;2000000411;OPERACAO_PARTICIPANTE;171856.180000000000000;
202401;1403;2016000619;IMOVEIS;783460.010000000000000;
202401;1523;2006003674;CAIXA;1375707.770000000000000;
202401;1434;2000006965;COTAS;20190.000000000000000;
202401;1523;1998004465;COTAS;505300302.191524000000000;49382099000122
202401;1482;1985000865;VL_PG_RC;-94.640000000000000;
202401;1482;2011000483;CAIXA;0.000000000000000;
202401;1403;9970000000;COTAS;436297.554481000000000;
202401;1434;2000006965;COTAS;8501672.319188000000000;
202401;1403;9970000000;TIT_PRIV;31860.290000000000000;
202401;1434;2000006965;COTAS;6174634.327293000000000;
202401;1105;1997003147;COTAS;9563644.340414000000000;
202401;1434;1980002347;COTAS;7558.432860000000000;
202401;1482;1987001419;COTAS;61145858.490003000000000;
202401;1482;2000007211;COTAS;58425777.686841000000000;
202401;1434;1980002347;COTAS;651861.885730000000000;
202401;1482;2011002011;COTAS;3896350.615653000000000;
202401;1105;1997003147;COTAS;60688382.808604000000000;
202401;1434;1985000474;IMOVEIS;11061963.610000000000000;
202401;1482;2011002338;CAIXA;0.000000000000000;
202401;1482;2000007211;COTAS;20814703.370778000000000;
202401;1482;2013001029;CAIXA;0.000000000000000;
202401;1523;1998004465;COTAS;1007848.726427000000000;50190791000138
202401;1523;2006003674;COTAS;111288.785665000000000;
202401;1434;2005005029;VL_PG_RC;1083570.560000000000000;
202401;1482;1987001811;TIT_PUB;43200935.890000000000000;
202401;1105;2010001265;TIT_PRIV;7728718.820000000000000;
202401;1482;2013001819;CAIXA;0.000000000000000;
202401;1482;1988001447;COTAS;170978.023924000000000;
202401;1523;2006003674;COTAS;30805.000000000000000;
202401;1434;1986000192;TIT_PUB;187730259.020000000000000;
202401;1434;2008000974;OPERACAO_PARTICIPANTE;6623166.940000000000000;
202401;1434;2000006965;COTAS;0.034115000000000;
202401;1434;2015000747;CAIXA;119604.110000000000000;
202401;1136;1980001911;IMOVEIS;21427000.000000000000000;
202401;1523;2006003674;COTAS;4212284.640000000000000;
202401;1523;2006003674;COTAS;2533095.632849000000000;
202401;1434;2000006965;COTAS;1000.000000000000000;
202401;1434;2015000747;VL_PG_RC;43779.230000000000000;
202401;1523;2006003674;COTAS;2144664.218544000000000;
202401;1451;2006002929;VL_PG_RC;-28134.300000000000000;
202401;1482;1989001238;TIT_PRIV;106.910000000000000;
202401;1136;1998005992;CAIXA;2769.230000000000000;
202401;1523;2006003674;COTAS;15354836.632353000000000;
202401;1451;9970000000;COTAS;2771305.461769000000000;
202401;1482;1989002211;COTAS;111.544749000000000;
202401;1523;2006003674;COTAS;21647725.817895000000000;
202401;1451;9970000000;COTAS;4268150.639422000000000;
202401;1434;2000006965;COTAS;26104.809602000000000;
202401;1523;2006003674;COTAS;7357.382648000000000;04137375000159
202401;1479;1997002711;COTAS;29144929.099540000000000;
202401;1523;2006003674;COTAS;29167.643060000000000;
202401;1434;2000006965;COTAS;8942021.893344000000000;
202401;1479;1997002711;COTAS;24690763.701609000000000;
202401;1136;1998005992;VL_PG_RC;-121.550000000000000;
202401;1523;2006003674;COTAS;958226.964853000000000;04194710000150
202401;1434;2000006965;COTAS;28744882.392053000000000;
202401;1523;2006003674;COTAS;1297038301.175176000000000;14387403000140
202401;1136;9970000000;COTAS;57175720.521004000000000;17804124000122
202401;1523;2006003674;COTAS;148330320.437269000000000;15154356000157
202401;1523;2006003674;COTAS;1734987.940057000000000;12547115000180
202401;1482;2020000938;VL_PG_RC;-3059.560000000000000;
202401;1482;1989002211;VL_PG_RC;0.000000000000000;
202401;1479;1997002711;COTAS;462674670.069331000000000;
202401;1482;1989002374;COTAS;24953.738399000000000;
202401;1479;1997002711;COTAS;517212.300000000000000;
202401;1523;2006003674;COTAS;375676.008899000000000;17098803000123
202401;1482;1989002447;VL_PG_RC;-422.770000000000000;
202401;1479;1997002711;COTAS;118913688.755726000000000;
202401;1523;2006003674;COTAS;51366185.755599000000000;51891082000142
202401;1482;1990001947;COTAS;11995351.072466000000000;
202401;1479;1997002711;COTAS;190141158.989360000000000;41570019000150
202401;1523;2006003674;COTAS;210885540.882300000000000;53245893000100
202401;1171;1981001492;COTAS;287485.361690000000000;
202401;1482;1990001947;COTAS;67642324.752728000000000;
202401;1482;2000007211;TIT_PRIV;16677.560000000000000;
202401;1479;1997002711;IMOVEIS;183619613.330000000000000;
202401;1434;2000006965;OPERACAO_PARTICIPANTE;891981.520000000000000;
202401;1482;1991001118;COTAS;1118.384102000000000;
202401;1523;9970000000;COTAS;8463639.016788000000000;16916054000131
202401;1479;1997002892;ACOES;0.000000000000000;
202401;1434;2005005029;COTAS;30969106.188020000000000;
202401;1537;1980001774;COTAS;12325223.358526000000000;
202401;1482;2021003256;CAIXA;0.000000000000000;
202401;1537;1980001774;COTAS;10878986.426745000000000;
202401;1479;1997002892;COTAS;7382489.310000000000000;
202401;1537;1988000165;COTAS;14456379.492828000000000;
202401;1479;1997002892;COTAS;235005898.651160000000000;32320637000151
202401;1482;2022000056;COTAS;1159529.741020000000000;
202401;1523;2006003674;COTAS;18428971.144574000000000;16877602000161
202401;1537;1988000165;COTAS;19905920.078260000000000;
202401;1171;2000008429;COTAS;6038787.369236000000000;
202401;1537;1988000165;COTAS;4904959.715118000000000;
202401;1434;2005005029;COTAS;71680.773677000000000;
202401;1479;2012000738;COTAS;49216.595400000000000;
202401;1537;1988000165;COTAS;9266653.503041000000000;
202401;1434;2005005029;COTAS;46125590.641561000000000;33624828000170
202401;1479;2012000738;COTAS;2692280.034252000000000;32320637000151
202401;1541;1986000656;COTAS;12619108.027043000000000;
202401;1479;2012000738;TIT_PRIV;1052172.320000000000000;
202401;1541;1986000656;COTAS;7521452.311938000000000;
202401;1523;2006003674;COTAS;112832532.126321000000000;22791114000130
202401;1482;1993001565;CAIXA;513257.590000000000000;
202401;1434;2005005029;TIT_PRIV;2915283.150000000000000;
202401;1541;1986000656;COTAS;5104388.993653000000000;
202401;1171;2000008429;COTAS;4899086.601491000000000;
202401;1523;2006003674;COTAS;3545074721.872973000000000;27455174000103
202401;1479;9970000000;CAIXA;9737.750000000000000;
202401;1541;1986000656;VL_PG_RC;9783448.990000000000000;
202401;1482;2001000138;VL_PG_RC;2521.590000000000000;
202401;1482;1979005411;VL_PG_RC;-127.530000000000000;
202401;1541;9970000000;COTAS;2083091.970140000000000;
202401;1482;2001001665;COTAS;15871.346649000000000;
202401;1523;2006003674;COTAS;4626683.390637000000000;28663473000198
202401;1482;1993002911;CAIXA;1396312.970000000000000;
202401;1434;2008000974;COTAS;19354060.931240000000000;41799499000126
202401;1171;2000008429;COTAS;556237.797177000000000;
202401;1523;2006003674;TIT_PRIV;17357732.350000000000000;
202401;1482;1993003983;CAIXA;0.000000000000000;
202401;1482;2002001618;COTAS;67758549.148823000000000;
202401;1482;1981000674;TIT_PRIV;320.720000000000000;
202401;1554;1978000456;TIT_PUB;116758607.270000000000000;
202401;1482;1982003211;COTAS;60905.800545000000000;
202401;1571;1980001383;COTAS;327453428.402088000000000;12610779000146
202401;1482;1995000256;CAIXA;0.000000000000000;
202401;1171;2000008429;IMOVEIS;6173424.280000000000000;
202401;1482;2003000119;TIT_PUB;303716262.910000000000000;
202401;1523;9970000000;COTAS;185815796.413109000000000;27455174000103
202401;1171;2000008429;TIT_PRIV;86520.860000000000000;
202401;1571;1980001383;VL_PG_RC;39258.330000000000000;
202401;1482;2022000056;OPERACAO_PARTICIPANTE;3493.330000000000000;
202401;1171;9970000000;CAIXA;500.010000000000000;
202401;1571;4015710029;COTAS;91936143.850001000000000;
202401;1171;9970000000;COTAS;863260.730921000000000;
202401;1482;1985000547;TIT_PRIV;1247.250000000000000;
202401;1482;9970000000;VL_PG_RC;-10580.730000000000000;
202401;1434;2015000747;COTAS;1.360000000000000;
202401;1482;1995000418;TIT_PRIV;38807.400000000000000;
202401;1523;1977000274;COTAS;5478532.000000000000000;
202401;1434;9970000000;COTAS;13670110.792818000000000;
202401;1523;9970000000;VL_PG_RC;2106736.010000000000000;
202401;1482;1985000865;COTAS;224692.966080000000000;
202401;1585;2006000911;COTAS;22410245.717822000000000;
202401;1451;1979001618;COTAS;1172987.223770000000000;
202401;1482;1987001011;TIT_PUB;107057805.710000000000000;
202401;1537;1980001774;COTAS;3777997.363741000000000;
202401;1482;1995000892;VL_PG_RC;37215.250000000000000;
202401;1523;1977000274;COTAS;-2375969.608238000000000;
202401;1537;1980001774;COTAS;3107665.189217000000000;
202401;1482;2004000465;VL_PG_RC;-35029.120000000000000;
202401;1451;1979001618;VL_PG_RC;64881700.770000000000000;
202401;1537;1980001774;TIT_PRIV;40853011.990000000000000;
202401;1482;1987001265;CAIXA;6254994.570000000000000;
202401;1585;2006000911;COTAS;80929038.654143000000000;20214858000166
202401;1171;9970000000;COTAS;1768809.450703000000000;
202401;1537;1988000165;COTAS;7005583.039152000000000;
202401;1585;2006000911;COTAS;133370174.959204000000000;20979909000140
202401;1482;1995001856;CAIXA;0.000000000000000;
202401;1585;2006000911;TIT_PUB;130802660.130000000000000;
202401;1523;1977000274;COTAS;1230113.610407000000000;04714699000102
202401;1523;1977000274;COTAS;36136179.065749000000000;08070787000170
202401;1482;1988002656;TIT_PRIV;35778.360000000000000;
202401;1482;1995002429;VL_PG_RC;-0.580000000000000;
202401;1482;2004001518;COTAS;29911801.372841000000000;
202401;1482;1989001556;COTAS;4198.313050000000000;
202401;1482;1996000756;CAIXA;0.000000000000000;
202401;1585;9970000000;COTAS;2414804.034642000000000;32225875000188
202401;1184;1984000292;OPERACAO_PARTICIPANTE;92436.212010000000000;
202401;1599;1979001219;COTAS;44692242.000000000000000;41272558000103
202401;1482;1996002538;CAIXA;0.000000000000000;
202401;1184;9970000000;TIT_PUB;647268.100000000000000;
202401;1482;1989002129;COTAS;1096656.593942000000000;
202401;1482;1996003811;COTAS;14586110.657710000000000;
202401;1482;2004001518;TIT_PUB;71985859.700000000000000;
202401;1482;1989002447;COTAS;1012675.320976000000000;
202401;1482;1996003811;TIT_PUB;7732478.270000000000000;
202401;1523;1977000274;COTAS;33561880946.194905000000000;14120561000139
202401;1482;2005004065;TIT_PRIV;16285.570000000000000;
202401;1482;1990002056;COTAS;2333171.467914000000000;
202401;1482;1996004956;VL_PG_RC;-4440.280000000000000;
202401;1523;1977000274;COTAS;242307395.396795000000000;14387403000140
202401;1482;2005004138;CAIXA;0.000000000000000;
202401;1599;1979001219;OPERACAO_PARTICIPANTE;4971648.050000000000000;
202401;1451;2006002929;COTAS;8240.859678000000000;
202401;1482;1997000156;CAIXA;0.000000000000000;
202401;1198;1998003019;COTAS;1995472.126879000000000;
202401;1482;1990002056;VL_PG_RC;-989.590000000000000;
202401;1451;2022001974;CAIXA;177.260000000000000;
202401;1482;2005004383;TIT_PUB;7567471.520000000000000;
202401;1198;1998003019;COTAS;61273494.682564000000000;
202401;1599;2001002483;OPERACAO_PARTICIPANTE;4115275.150000000000000;
202401;1451;2022001974;COTAS;326955.309281000000000;
202401;1198;1998003019;COTAS;13880761.265508000000000;
202401;1612;2022002229;COTAS;388091519.752926000000000;04588085000121
202401;1482;1992001847;CAIXA;158102.670000000000000;
202401;1482;2005006092;COTAS;29364722.876932000000000;
202401;1612;2022002229;COTAS;70259690.933952000000000;42119596000193
202401;1482;1997001111;CAIXA;0.000000000000000;
202401;1482;1992001911;TIT_PRIV;35.640000000000000;
202401;1537;1988000165;COTAS;5460009.706162000000000;
202401;1479;1997002711;COTAS;71766022.702309000000000;52152426000164
202401;1482;2006003038;VL_PG_RC;-5192.670000000000000;
202401;1482;1993001565;COTAS;5470784.676906000000000;
202401;1541;1986000656;COTAS;4297007.117644000000000;
202401;1479;1997002711;VL_PG_RC;48811790.080000000000000;
202401;1482;1993001956;COTAS;734.862850000000000;
202401;1482;1997001683;VL_PG_RC;1970.620000000000000;
202401;1612;2022002229;VL_PG_RC;-16293.030000000000000;
202401;1479;1997002892;COTAS;24204458.045362000000000;
202401;1482;2008000265;COTAS;54596765.621724000000000;
202401;1554;1978000456;ACOES;18507199.000000000000000;
202401;1482;2008001318;VL_PG_RC;-101301.910000000000000;
202401;1482;2009001011;COTAS;55808996.853847000000000;
202401;1568;9970000000;VL_PG_RC;0.000000000000000;
202401;1198;1998003019;TIT_PRIV;710689.270000000000000;
202401;1482;2010003111;COTAS;4856030.360449000000000;
202401;1571;1980001383;COTAS;26500808.619316000000000;
202401;1482;2010003829;TIT_PRIV;17711.000000000000000;
202401;1482;1993003983;TIT_PRIV;71.270000000000000;
202401;1657;9970000000;CAIXA;126.030000000000000;
202401;1482;1998002683;VL_PG_RC;997.350000000000000;
202401;1482;1998004392;VL_PG_RC;-42077.030000000000000;
202401;1482;1995000256;COTAS;4362339.766779000000000;
202401;1198;2019001111;CAIXA;186996.880000000000000;
202401;1523;1977000274;COTAS;158087882.543504000000000;28581662000111
202401;1482;1999000218;VL_PG_RC;56359.070000000000000;
202401;1482;2011000483;COTAS;49003070.385955000000000;32273477000137
202401;1479;1997002892;COTAS;13874905.803343000000000;
202401;1482;1999001818;CAIXA;0.000000000000000;
202401;1198;2019001111;COTAS;2732739.289247000000000;
202401;1571;1996000365;COTAS;121723684.089355000000000;
202401;1661;1990001718;COTAS;1488579.719671000000000;
202401;1482;1995000418;VL_PG_RC;40174.110000000000000;
202401;1482;2011001129;COTAS;51313986.501514000000000;
202401;1523;1977000274;COTAS;100102130.681266000000000;35536438000173
202401;1482;1995000892;COTAS;31127060.603487000000000;
202401;1198;2019001111;COTAS;699103.787754000000000;
202401;1674;1989002056;COTAS;2607746.512246000000000;
202401;1479;1997002892;COTAS;4167558437.970381000000000;05983533000154
202401;1198;2019001111;VL_PG_RC;3539.490000000000000;
202401;1571;9970000000;CAIXA;471090.750000000000000;
202401;1479;1997002892;COTAS;143386930.982244000000000;52322683000105
202401;1482;2016002174;VL_PG_RC;3031.100000000000000;
202401;1674;1989002056;COTAS;277927.904704000000000;
202401;1523;1998004465;COTAS;28017.365635000000000;
202401;1674;1989002056;COTAS;1085189.842617000000000;
202401;1585;2006000911;COTAS;5888216.942088000000000;
202401;1482;1996004956;TIT_PRIV;13684.150000000000000;
202401;1523;1998004465;COTAS;772764.560000000000000;
202401;1674;1989002056;COTAS;1443655.473557000000000;
202401;1482;1997001111;COTAS;396039.876310000000000;
202401;1674;1989002056;COTAS;511611.986355000000000;
202401;1482;1999001818;COTAS;4299721.267743000000000;
202401;1482;1997001683;COTAS;598917.139844000000000;
202401;1479;2012000738;COTAS;801407.785145000000000;
202401;1482;2000004083;CAIXA;0.000000000000000;
202401;1482;1997001683;TIT_PUB;2601412.040000000000000;
202401;1585;2006000911;COTAS;90856777.923151000000000;41054683000147
202401;1208;1979005265;ACOES;137143287.890000000000000;
202401;1482;1998002683;COTAS;7634.535864000000000;
202401;1482;2018001965;COTAS;51134319.858044000000000;
202401;1479;2012000738;COTAS;790459.197646000000000;
202401;1482;1998003418;CAIXA;0.000000000000000;
202401;1482;2000004083;COTAS;14004530.563848000000000;
202401;1523;1998004465;COTAS;29940.115609000000000;
202401;1482;1998003418;VL_PG_RC;130.400000000000000;
202401;1482;2000004083;OPERACAO_PARTICIPANTE;143830.960000000000000;
202401;1482;2018001965;COTAS;20514423.879632000000000;31032327000179
202401;1599;1979001219;COTAS;790917218.603574000000000;26179528000163
202401;1674;2014000492;COTAS;1055258.437703000000000;
202401;1479;2012000738;OPERACAO_PARTICIPANTE;5788721.014478953200000;
202401;1674;2014000492;COTAS;1782608.215784000000000;
202401;1523;1998004465;COTAS;2037601.419902000000000;04194710000150
202401;1479;9970000000;COTAS;24621925.296136000000000;37037679000101
202401;1674;2014000492;COTAS;250851.113105000000000;
202401;1599;1979001219;IMOVEIS;7740365.480000000000000;
202401;1482;1981000674;COTAS;222284.706091000000000;
202401;1674;2014000492;COTAS;2565447.733085000000000;
202401;1482;1998003474;COTAS;77623.273727000000000;
202401;1482;2000007211;COTAS;52016131.732242000000000;
202401;1674;2015000356;COTAS;1971610.807273000000000;
202401;1482;1998003892;COTAS;8924804.912348000000000;31032327000179
202401;1599;2001002483;COTAS;38174102.129967000000000;05324555000102
202401;1523;1998004465;COTAS;26627237.371619000000000;16916048000184
202401;1208;1995003956;COTAS;15703076.829999000000000;19673072000128
202401;1599;2001002483;VL_PG_RC;-105120.660000000000000;
202401;1612;9970000000;COTAS;12981.175819000000000;
202401;1612;9970000000;VL_PG_RC;-9668.780000000000000;
202401;1482;2000007211;COTAS;69517572.750416000000000;
202401;1523;1998004465;COTAS;10463406.097354000000000;50198930000170
202401;1482;1998004211;COTAS;224.048156000000000;
202401;1661;1990001718;COTAS;1203627.470589000000000;
202401;1482;1998005747;VL_PG_RC;-47539.010000000000000;
202401;1482;2020000938;CAIXA;0.000000000000000;
202401;1674;2015000356;COTAS;1347370.110349000000000;
202401;1482;1999001419;CAIXA;0.000000000000000;
202401;1674;2015000356;COTAS;293565.865916000000000;
202401;1225;9970000000;VL_PG_RC;0.000000000000000;
202401;1482;2000004083;COTAS;4762557.058033000000000;32273402000156
202401;1674;2015000356;COTAS;10694590.770415000000000;
202401;1482;2021003256;VL_PG_RC;3148.040000000000000;
202401;1482;2000004083;COTAS;2885812.324303000000000;32273485000183
202401;1674;2016000783;CAIXA;17897.400000000000000;
202401;1482;2022000129;COTAS;244968.150363000000000;
202401;1482;2001000138;COTAS;137470998.297095000000000;
202401;1674;2016000783;COTAS;24048.635281000000000;
202401;1482;2000007211;COTAS;9641751.040798000000000;
202401;1674;1989002056;COTAS;235795.603490000000000;
202401;1674;2016000783;COTAS;846930.156237000000000;
202401;1523;2006003674;COTAS;12345.145902000000000;
202401;1482;1982000465;VL_PG_RC;-159.910000000000000;
202401;1482;2022000129;COTAS;201269.607874000000000;
202401;1482;2001000383;COTAS;4343000.166511000000000;
202401;1482;2000007211;COTAS;28489578.233325000000000;
202401;1523;2006003674;COTAS;74054.193366000000000;
202401;1674;1989002056;COTAS;447738.392510000000000;
202401;1239;1979002819;IMOVEIS;53015000.000000000000000;
202401;1482;2000007211;COTAS;222735719.979256000000000;
202401;1674;1989002056;COTAS;1874573.823679000000000;
202401;1482;1982003138;VL_PG_RC;-2467.190000000000000;
202401;1482;1983000329;TIT_PRIV;5737.370000000000000;
202401;1239;1979002819;TIT_PRIV;1515972.969487000000000;
202401;1482;2000007211;COTAS;2694874.239649000000000;
202401;1674;2014000492;COTAS;2284297.451641000000000;
202401;1482;1987000692;CAIXA;0.000000000000000;
202401;1239;1979002983;COTAS;1597670.757245000000000;
202401;1674;2016000783;COTAS;103541.399147000000000;
202401;1674;2014000492;COTAS;1592208.639838000000000;
202401;1239;1979002983;OPERACAO_PARTICIPANTE;3715375.369079110000000;
202401;1674;2019001918;COTAS;11635542.297603000000000;
202401;1674;2014000492;COTAS;344911.373329000000000;
202401;1482;1987001011;COTAS;10144430.214402000000000;
202401;1674;2019001918;COTAS;2719822.348664000000000;
202401;1482;2000007211;VL_PG_RC;-56500.020000000000000;
202401;1674;2014000492;COTAS;2635028.685131000000000;
202401;1482;2001000383;COTAS;12262216.957438000000000;
202401;1482;1987001265;TIT_PUB;96857904.500000000000000;
202401;1523;2006003674;COTAS;172573581.300000000000000;
202401;1482;2001000383;COTAS;10730116.610215000000000;
202401;1482;2001001665;VL_PG_RC;3171.860000000000000;
202401;1482;2001000383;TIT_PUB;1225676.780000000000000;
202401;1674;2019001918;COTAS;4628710.652545000000000;
202401;1674;2015000356;COTAS;4613678.737293000000000;
202401;1482;1987001419;VL_PG_RC;2855.430000000000000;
202401;1239;1979003165;IMOVEIS;19393198.200000000000000;
202401;1674;2015000356;COTAS;22962422.045417000000000;
202401;1482;2002001618;COTAS;12477899.781228000000000;32273402000156
202401;1674;2019001918;COTAS;1494102.812393000000000;
202401;1506;1979001383;ACOES;8754.860000000000000;
202401;1482;2003000119;COTAS;34824472.160422000000000;
202401;1674;2019001918;COTAS;1474729.785908000000000;
202401;1506;1979001383;TIT_PRIV;276456.960000000000000;
202401;1674;2016000783;COTAS;1418967.198500000000000;
202401;1688;1979002274;COTAS;160794053.241811000000000;
202401;1239;1979003238;TIT_PRIV;11273669.443719000000000;
202401;1523;2006003674;COTAS;-120527.178614000000000;
202401;1482;2002001618;VL_PG_RC;-18343.160000000000000;
202401;1688;1979002274;COTAS;368565032.581643000000000;06041391000179
202401;1511;1988002419;CAIXA;133582.500000000000000;
202401;1688;1979002274;TIT_PRIV;7675954.080000000000000;
202401;1511;1988002419;COTAS;37706819.609252000000000;23872743000157
202401;1674;2016000783;COTAS;3816357.115341000000000;
202401;1688;2021000338;VL_PG_RC;-753.180000000000000;
202401;1239;1982002247;VL_PG_RC;98657640.220000000000000;
202401;1523;2006003674;COTAS;181529628.804783000000000;15154395000154
202401;1482;2003001174;COTAS;1409227.819070000000000;31032327000179
202401;1482;2003001174;COTAS;1548976.918030000000000;
202401;1523;2006003674;COTAS;113445730.493899000000000;15154481000167
202401;1482;2004000392;COTAS;50829199.187687000000000;
202401;1688;2021000419;CAIXA;27.020000000000000;
202401;1482;2004000538;COTAS;201131572.801826000000000;
202401;1688;9970000000;CAIXA;15658.920000000000000;
202401;1523;1977000274;COTAS;1173374.828645000000000;
202401;1523;2006003674;COTAS;413085023.304606000000000;16916048000184
202401;1482;1987001811;COTAS;3961816.481496000000000;
202401;1523;1977000274;COTAS;413197720.200000000000000;
202401;1674;2016000783;COTAS;2958999.999947000000000;
202401;1482;2004000392;VL_PG_RC;-3213.750000000000000;
202401;1523;1977000274;COTAS;17198222.019434000000000;
202401;1482;2004003138;TIT_PUB;20027889.780000000000000;
202401;1674;2016000783;COTAS;547980.277204000000000;
202401;1482;2004000538;CAIXA;11866900.710000000000000;
202401;1523;1977000274;COTAS;6599181.658613000000000;
202401;1239;1982002311;VL_PG_RC;7689995.800000000000000;
202401;1482;2005001392;VL_PG_RC;1883.960000000000000;
202401;1674;2016000783;COTAS;323314.512327000000000;
202401;1482;2004000538;VL_PG_RC;-14517.520000000000000;
202401;1523;1977000274;COTAS;4473719019.189376000000000;03524814000113
202401;1482;2005004065;VL_PG_RC;120041.570000000000000;
202401;1674;2016000783;COTAS;1122924.737427000000000;
202401;1523;1977000274;COTAS;4247495.363657000000000;16877625000176
202401;1701;1999000838;COTAS;3961346.681180000000000;
202401;1482;2004001518;COTAS;14269391.917792000000000;
202401;1523;1977000274;COTAS;1128778.477266000000000;28663473000198
202401;1701;1999000838;COTAS;4756244.194190000000000;
202401;1482;2005001074;CAIXA;0.000000000000000;
202401;1482;1988001447;VL_PG_RC;-1.210000000000000;
202401;1701;1999000838;VL_PG_RC;-35949.070000000000000;
202401;1239;1995003311;COTAS;160556492.156108000000000;
202401;1674;2016000783;COTAS;3443040.090876000000000;
202401;1701;9970000000;COTAS;407921.962958000000000;11960212000137
202401;1482;2005001074;TIT_PUB;52395130.380000000000000;
202401;1674;2016000783;COTAS;4476.926904000000000;
202401;1701;9970000000;VL_PG_RC;-1276.580000000000000;
202401;1482;2005001392;COTAS;7756248.449633000000000;
202401;1715;1979000174;COTAS;19473765.876242000000000;
202401;1482;2005004383;COTAS;121659211.910994000000000;
202401;1482;2005004383;VL_PG_RC;-47419.880000000000000;
202401;1715;1979000174;COTAS;2685414.027480000000000;
202401;1482;2005005665;COTAS;6852187.617447000000000;
202401;1523;1977000274;COTAS;132555967.885220000000000;50190791000138
202401;1523;1998004465;ACOES;53984998.310000000000000;
202401;1482;2005005665;COTAS;25628975.602080000000000;
202401;1482;1988002656;CAIXA;808707.510000000000000;
202401;1715;1979000174;COTAS;5907295.589366000000000;
202401;1523;1998004465;COTAS;779.692636000000000;
202401;1523;2006003674;COTAS;103674050.119270000000000;49534273000105
202401;1239;1995003311;COTAS;71893977.409102000000000;
202401;1715;2008004619;COTAS;14487490.586801000000000;
202401;1482;2005006092;VL_PG_RC;-42485.870000000000000;
202401;1523;2006003674;COTAS;27153519.496412000000000;50190791000138
202401;1715;2008004619;COTAS;32639648.902667000000000;
202401;1482;2008000265;COTAS;228118839.640087000000000;
202401;1523;1998004465;COTAS;-2400.713644000000000;
202401;1715;2008004619;COTAS;26775531.585186000000000;
202401;1239;1995003311;COTAS;59211575.578756000000000;
202401;1482;2008001156;CAIXA;0.000000000000000;
202401;1239;1998007383;TIT_PUB;3090050.060000000000000;
202401;1482;1989000665;CAIXA;1983809.920000000000000;
202401;1482;2009001818;COTAS;46774206.370956000000000;
202401;1482;2005005983;COTAS;53744.525374000000000;
202401;1523;1998004465;COTAS;3215387.500937000000000;
202401;1715;2008004619;COTAS;33218178.200835000000000;
202401;1482;2009001818;VL_PG_RC;-1256.650000000000000;
202401;1482;2005006092;COTAS;35787906.411455000000000;
202401;1239;2018001418;CAIXA;0.010000000000000;
202401;1523;9970000000;COTAS;92276.809145000000000;50190791000138
202401;1523;1998004465;COTAS;2967037.161605000000000;
202401;1674;2019001918;COTAS;68598.286989000000000;
202401;1482;1989001238;COTAS;548790.712342000000000;
202401;1482;2010002938;COTAS;278518.810285000000000;
202401;1482;2005006092;COTAS;91702486.582501000000000;
202401;1239;2020000156;CAIXA;0.000000000000000;
202401;1482;2010002938;VL_PG_RC;24081.740000000000000;
202401;1715;2008004619;VL_PG_RC;2284617.280000000000000;
202401;1239;2021000656;COTAS;23360.935939000000000;17518976000153
202401;1715;9970000000;COTAS;3810153.857125000000000;
202401;1239;2022001011;TIT_PRIV;307464.649751000000000;
202401;1715;9970000000;COTAS;1190901.115487000000000;
202401;1482;2008000265;COTAS;27831598.189298000000000;
202401;1523;1998004465;COTAS;9988919.510481000000000;03191766000199
202401;1482;2008000265;COTAS;6930038.538057000000000;
202401;1674;2019001918;COTAS;952798.742891000000000;
202401;1482;2011000238;CAIXA;0.000000000000000;
202401;1482;1989001483;CAIXA;517638.420000000000000;
202401;1715;9970000000;COTAS;1562871.712191000000000;
202401;1482;2011000483;COTAS;1929808.765222000000000;32273402000156
202401;1482;1989002374;CAIXA;822.890000000000000;
202401;1482;2008000265;VL_PG_RC;-77561.350000000000000;
202401;1482;1989002374;VL_PG_RC;-10.700000000000000;
202401;1523;1998004465;COTAS;26864878.793641000000000;09606345000168
202401;1482;2011002338;COTAS;7983772.520358000000000;
202401;1523;1998004465;COTAS;12191361.098059000000000;15154481000167
202401;1715;9970000000;COTAS;2046084.357161000000000;
202401;1482;2013001029;COTAS;62516820.582957000000000;
202401;1674;2019001918;COTAS;1723897.442069000000000;
202401;1674;2019001918;COTAS;138043.219168000000000;
202401;1523;1998004465;COTAS;710898946.844725000000000;24651157000145
202401;1242;1985001519;CAIXA;19297.280000000000000;
202401;1523;1998004465;COTAS;339735302.566305000000000;27455174000103
202401;1482;1990001947;CAIXA;2809575.370000000000000;
202401;1715;9970000000;COTAS;2087120.607646000000000;
202401;1482;2013001029;VL_PG_RC;-19262.640000000000000;
202401;1523;1998004465;COTAS;23992578.262068000000000;28586408000106
202401;1523;9970000000;COTAS;7318622.850000000000000;52982641000192
202401;1715;9970000000;COTAS;399815.822741000000000;
202401;1482;1990002056;TIT_PRIV;2850.870000000000000;
202401;1482;2013001819;COTAS;21474170.641676000000000;
202401;1523;1998004465;COTAS;18671170.529496000000000;51891082000142
202401;1715;9970000000;TIT_PUB;22934148.850000000000000;
202401;1482;1993001492;CAIXA;1351351.170000000000000;
202401;1242;1985001683;COTAS;6995325.438521000000000;
202401;1523;1998004465;VL_PG_RC;34428468.400000000000000;
202401;1482;1993001565;TIT_PUB;8465005.980000000000000;
202401;1482;2021003256;COTAS;827870.119784000000000;
202401;1537;1980001774;COTAS;8645884.315043000000000;
202401;1482;2008001156;COTAS;40221473.449014000000000;
202401;1242;2021001792;COTAS;106508.520000000000000;
202401;1729;1990001092;COTAS;29146.422072000000000;
202401;1482;2022000056;CAIXA;0.000000000000000;
202401;1729;1990001092;COTAS;698414.543696000000000;
202401;1506;9970000000;CAIXA;1136.540000000000000;
202401;1729;1990001092;COTAS;48190.361530000000000;
202401;1688;1979002274;CAIXA;39305.920000000000000;
202401;1482;1993001956;TIT_PRIV;35.640000000000000;
202401;1688;1979002274;COTAS;710583559.670301000000000;00856751000104
202401;1523;2006003674;COTAS;1775.129556000000000;
202401;1688;1979002274;COTAS;367815503.052318000000000;51531685000133
202401;1242;2021001792;COTAS;151395.300000000000000;
202401;1688;1979002274;IMOVEIS;51230000.000000000000000;
202401;1537;1980001774;COTAS;14344957.579708000000000;
202401;1482;2009001011;VL_PG_RC;-1113.890000000000000;
202401;1482;1993003983;COTAS;2071.445317000000000;
202401;1537;1980001774;VL_PG_RC;-61823.220000000000000;
202401;1242;2021001792;COTAS;999868.555604000000000;
202401;1482;1994000783;VL_PG_RC;-0.930000000000000;
202401;1242;2021001792;COTAS;2029869.747667000000000;
202401;1729;1990001092;COTAS;2076577.305919000000000;
202401;1482;2010003111;COTAS;30284218.808970000000000;
202401;1242;4012420038;COTAS;34790256.801231000000000;
202401;1523;2006003674;COTAS;30764932.099866000000000;
202401;1688;2021000419;COTAS;6589392.338607000000000;04786973000159
202401;1537;1988000165;COTAS;26483889.378404000000000;
202401;1523;2006003674;COTAS;61748865.557949000000000;39753127000117
202401;1511;1988002419;IMOVEIS;953860.880000000000000;
202401;1729;1990001092;VL_PG_RC;939874.930000000000000;
202401;1482;2010003829;COTAS;14512721.457936000000000;
202401;1523;1977000274;COTAS;3501038.026347000000000;03191766000199
202401;1729;9970000000;CAIXA;375581.220000000000000;
202401;1523;1977000274;COTAS;1307275.880169000000000;04137375000159
202401;1732;1985001111;IMOVEIS;1044302.810000000000000;
202401;1523;1977000274;COTAS;144385044.547088000000000;15154356000157
202401;1746;1982003065;COTAS;8353792.789328000000000;
202401;1523;1977000274;COTAS;678090.340823000000000;17098803000123
202401;1746;1982003065;COTAS;26685095.160048000000000;
202401;1523;1977000274;COTAS;242295152.680770000000000;49534273000105
202401;1746;1982003065;COTAS;18551324.045530000000000;
202401;1523;1977000274;COTAS;88004831.004504000000000;51891082000142
202401;1746;1982003065;COTAS;20129278.679631000000000;
202401;1523;1977000274;TIT_PRIV;169680689.750000000000000;
202401;1763;1990000819;COTAS;241237.151757000000000;
202401;1482;1994004274;CAIXA;0.000000000000000;
202401;1523;1998004465;COTAS;180672.963259000000000;
202401;1763;1990000819;COTAS;1809615.308135000000000;
202401;1523;1998004465;COTAS;5723119.060000000000000;
202401;1688;2021001865;COTAS;2624512.197919000000000;04786973000159
202401;1763;1990000819;VL_PG_RC;-11771.240000000000000;
202401;1523;1998004465;COTAS;113226.150441000000000;
202401;1256;2009001265;COTAS;61271322.237427000000000;
202401;1688;9970000000;COTAS;20395905.804009000000000;04786973000159
202401;1523;1998004465;COTAS;2706260.955391000000000;
202401;1537;1988000165;COTAS;1596566.159793000000000;
202401;1523;2006003674;COTAS;1982372467.922031000000000;49382099000122
202401;1482;2011000483;VL_PG_RC;-38029.570000000000000;
202401;1781;1980000174;ACOES;72531445975.830000000000000;
202401;1261;1980000311;CAIXA;54340.420000000000000;
202401;1482;2011001129;CAIXA;0.000000000000000;
202401;1781;1980000174;COTAS;7531805.900725000000000;
202401;1261;1980000311;VL_PG_RC;-1953.580000000000000;
202401;1482;2011002011;COTAS;318030.707520000000000;31032327000179
202401;1523;1998004465;COTAS;800062.094896000000000;
202401;1537;1980001774;COTAS;1100740.854769000000000;
202401;1523;1998004465;COTAS;253902134.776461000000000;03524814000113
202401;1523;1998004465;COTAS;4402184.942882000000000;16877602000161
202401;1537;1980001774;COTAS;16393110.652684000000000;
202401;1261;9970000000;COTAS;1766386.493805000000000;
202401;1482;2011002338;VL_PG_RC;345231.440000000000000;
202401;1482;1994004274;VL_PG_RC;-5847.960000000000000;
202401;1314;1985000156;VL_PG_RC;-44582.470000000000000;
202401;1482;2013001819;VL_PG_RC;3048.910000000000000;
202401;1781;1980000174;COTAS;23644041.000000000000000;
202401;1537;1988000165;COTAS;9222088.833978000000000;
202401;1715;1979000174;TIT_PUB;725020138.940000000000000;
202401;1482;1995000256;VL_PG_RC;1347.740000000000000;
202401;1537;1988000165;COTAS;3101490.452162000000000;
202401;1482;1995000892;TIT_PRIV;46077.110000000000000;
202401;1537;1988000165;COTAS;2573722.036631000000000;
202401;1482;1997000156;VL_PG_RC;877.880000000000000;
202401;1537;1980001774;TIT_PUB;277650951.970000000000000;
202401;1482;1997000938;VL_PG_RC;-3.730000000000000;
202401;1781;1980000174;COTAS;108268955731.811607000000000;00822055000187
202401;1482;1997005011;CAIXA;0.000000000000000;
202401;1715;2008004619;COTAS;1204798.488667000000000;
202401;1482;1998003418;TIT_PUB;2200590.450000000000000;
202401;1482;2016002174;CAIXA;0.000000000000000;
202401;1781;1980000174;OPCOES;446047739.010000000000000;
202401;1482;1998003474;TIT_PRIV;71.270000000000000;
202401;1523;1998004465;COTAS;17124592.776188000000000;22791114000130
202401;1482;1998004392;COTAS;85794809.993152000000000;
202401;1482;2020000938;COTAS;20913160.237054000000000;
202401;1715;2008004619;COTAS;19548125.093996000000000;
202401;1314;2005000965;COTAS;107473321.072458000000000;
202401;1482;1998005747;COTAS;51545390.097036000000000;
202401;1523;1998004465;COTAS;3187267.751980000000000;28663473000198
202401;1482;2022000129;CAIXA;0.000000000000000;
202401;1715;2008004619;COTAS;4447788.922290000000000;
202401;1482;9970000000;COTAS;6332987.060453000000000;
202401;1523;2006003674;COTAS;6603.736145000000000;
202401;1506;1979001383;VL_PG_RC;17345050.600000000000000;
202401;1715;9970000000;COTAS;2941973.785431000000000;
202401;1482;2000003192;CAIXA;0.000000000000000;
202401;1729;1990001092;COTAS;7741.788763000000000;
202401;1523;2006003674;COTAS;-2904.159704000000000;
202401;1345;1980002347;COTAS;71541.054358000000000;
202401;1482;2001000138;CAIXA;0.000000000000000;
202401;1537;1988000165;COTAS;16038841.777759000000000;
202401;1482;2001000383;CAIXA;0.000000000000000;
202401;1781;1998003574;ACOES;5275550596.800000000000000;
202401;1482;2001000383;COTAS;2663180.482746000000000;
202401;1781;1998003574;COTAS;241917415.488956000000000;35302796000111
202401;1781;1998003574;COTAS;112382366.113011000000000;48400668000152
202401;1523;2006003674;COTAS;1178.432037000000000;
202401;1537;1988000165;COTAS;14854609.471476000000000;
202401;1729;1990001092;COTAS;891456.688731000000000;
202401;1511;9970000000;CAIXA;291580.770000000000000;
202401;1523;2006003674;COTAS;-2149920.600631000000000;
202401;1511;9970000000;COTAS;1307852.597162000000000;
202401;1781;1998003574;COTAS;16522398.692105000000000;49766341000161
202401;1482;2001000383;COTAS;6351646.461216000000000;
202401;1523;2006003674;COTAS;-128530.367257000000000;
202401;1345;1980002347;VL_PG_RC;7193928.030000000000000;
202401;1523;1977000274;COTAS;309150.018213000000000;
202401;1523;2006003674;COTAS;6399817.771660000000000;
202401;1345;2000006965;COTAS;1000.000000000000000;
202401;1523;1977000274;COTAS;75342.297588000000000;
202401;1523;2006003674;COTAS;11915073.966379000000000;
202401;1345;2000006965;COTAS;20029787.283496000000000;
202401;1781;2019002711;VL_PG_RC;48694.850000000000000;
202401;1523;2006003674;COTAS;705801.240278000000000;04714699000102
202401;1794;1981001956;COTAS;210832333.566977000000000;
202401;1345;2000006965;COTAS;6077250.397291000000000;
202401;1482;2001000383;COTAS;40993909.198386000000000;
202401;1482;2001001665;CAIXA;0.000000000000000;
202401;1729;1990001092;COTAS;81948433.905723000000000;29092126000115
202401;1345;2000006965;TIT_PRIV;410697.040000000000000;
202401;1523;1977000274;COTAS;4419171.241201000000000;
202401;1746;1982003065;COTAS;361855.707000000000000;
202401;1523;2006003674;COTAS;3152461564.785142000000000;24651208000139
202401;1523;1977000274;COTAS;58173996.153009000000000;
202401;1482;2004000392;OPERACAO_PARTICIPANTE;62381.630000000000000;
202401;1523;1977000274;COTAS;4103692827.570836000000000;14386893000160
202401;1746;1982003065;COTAS;21263486.279623000000000;
202401;1523;1977000274;COTAS;273895143.483196000000000;15154395000154
202401;1746;1982003065;COTAS;8123562.825313000000000;
202401;1482;2004000465;CAIXA;29299026.320000000000000;
202401;1804;1988001838;COTAS;340669.142286000000000;
202401;1482;2004000465;COTAS;346871296.649554000000000;
202401;1523;1977000274;COTAS;194618672.194611000000000;50198930000170
202401;1482;2004000465;COTAS;1008264955.268468000000000;
202401;1763;1990000819;COTAS;94974929.366836000000000;
202401;1523;2006003674;COTAS;147057182.642658000000000;28581662000111
202401;1804;1988001838;COTAS;37821091.150001000000000;19418922000141
202401;1523;2006003674;COTAS;290617324.362967000000000;35536438000173
202401;1818;1997001365;VL_PG_RC;0.000000000000000;
202401;1523;2006003674;VL_PG_RC;106415411.200000000000000;
202401;1821;1980002274;COTAS;67612041.491533000000000;
202401;1537;1980001774;COTAS;20464823.610554000000000;
202401;1852;1985001047;COTAS;1276836168.593144000000000;11419800000168
202401;1537;1980001774;COTAS;10144297.717376000000000;
202401;1852;1985001047;COTAS;151973504.492032000000000;42287499000100
202401;1537;1980001774;COTAS;2050253.147825000000000;
202401;1523;1998004465;CAIXA;36506.630000000000000;
202401;1537;1988000165;COTAS;41952434.610998000000000;
202401;1482;2005001074;COTAS;2099393.441690000000000;
202401;1523;1998004465;COTAS;-346772.189096000000000;
202401;1763;1990000819;COTAS;4020287.303313000000000;
202401;1537;1980001774;COTAS;3773973.658646000000000;
202401;1359;1991002165;COTAS;10915952.645214000000000;
202401;1883;1988001056;COTAS;35061474.332048000000000;
202401;1537;1980001774;COTAS;8108321.815160000000000;
202401;1359;1991002165;COTAS;5602561.388133000000000;
202401;1523;1998004465;COTAS;589733.943501000000000;
202401;1763;1990000819;IMOVEIS;5332134.280000000000000;
202401;1537;1988000165;VL_PG_RC;-76556.810000000000000;
202401;1883;1988001056;VL_PG_RC;-5597.690000000000000;
202401;1541;1986000656;COTAS;5997055.636717000000000;
202401;1482;2005004138;VL_PG_RC;-9413.160000000000000;
202401;1359;1991002165;COTAS;3848399.236058000000000;
202401;1541;1986000656;OPERACAO_PARTICIPANTE;4881426.310000000000000;
202401;1537;1988000165;OPERACAO_PARTICIPANTE;24167368.140000000000000;
202401;1883;2006003356;CAIXA;16500.560000000000000;
202401;1571;1996000365;COTAS;258171604.078340000000000;09323724000140
202401;1781;1980000174;COTAS;36260051.448191000000000;
202401;1523;1998004465;COTAS;16697.634822000000000;04137375000159
202401;1571;1996000365;VL_PG_RC;0.000000000000000;
202401;1781;1980000174;COTAS;45248.490099000000000;
202401;1883;2006003356;COTAS;3703359.439016000000000;
202401;1523;1998004465;COTAS;80662.909220000000000;04714699000102
202401;1359;1991002165;TIT_PRIV;108980.290000000000000;
202401;1781;1980000174;COTAS;47150605.939745000000000;
202401;1541;1986000656;ACOES;35785623.150000000000000;
202401;1585;2006000911;COTAS;4513222.647553000000000;
202401;1585;2006000911;COTAS;9863283.711968000000000;
202401;1883;2006003356;COTAS;98656864.102732000000000;
202401;1523;1998004465;COTAS;729257.759993000000000;12547115000180
202401;1585;2006000911;COTAS;133542807.908289000000000;20969532000149
202401;1883;2006003356;COTAS;1411666.500267000000000;50841871000106
202401;1523;1998004465;COTAS;151418729.861457000000000;14387403000140
202401;1359;1991002165;VL_PG_RC;-424079.910000000000000;
202401;1911;1987000218;CAIXA;0.000000000000000;
202401;1482;2005004456;CAIXA;0.000000000000000;
202401;1523;1998004465;COTAS;52547.278682000000000;17098803000123
202401;1911;1987000218;OPERACAO_PARTICIPANTE;13344.850000000000000;
202401;1482;2005005665;COTAS;3296786.033131000000000;31032327000179
202401;1541;1986000656;COTAS;10166499.463672000000000;
202401;1599;2001002483;COTAS;8512808.000000000000000;41272558000103
202401;1781;1998003574;COTAS;1674564.070000000000000;
202401;1541;1986000656;COTAS;2209544.036667000000000;
202401;1911;1992001618;COTAS;126348.627831000000000;
202401;1482;2005005983;CAIXA;89124.290000000000000;
202401;1612;2022002229;CAIXA;5809129.470000000000000;
202401;1359;1991002238;COTAS;6745.233757000000000;
202401;1781;1998003574;COTAS;225414.883416000000000;
202401;1911;1992001618;COTAS;166515.824053000000000;42044228000123
202401;1359;1991002238;COTAS;222128.991935000000000;
202401;1781;2019002711;CAIXA;378761.390000000000000;
202401;1911;1994001992;COTAS;241373.916206000000000;
202401;1523;1998004465;COTAS;21215616.762569000000000;28581662000111
202401;1359;1991002238;COTAS;441215.034563000000000;
202401;1911;1994001992;COTAS;304633.928070000000000;
202401;1523;1998004465;COTAS;20728453.939500000000000;53245893000100
202401;1657;1987001338;CAIXA;620.000000000000000;
202401;1482;2006003038;TIT_PRIV;24410.530000000000000;
202401;1541;1986000656;COTAS;6885011.355853000000000;
202401;1781;2019002711;TIT_PUB;116786483.440000000000000;
202401;1359;1991002238;COTAS;1556830.308010000000000;
202401;1911;1994001992;COTAS;218481.410916000000000;
202401;1781;9970000000;COTAS;1206663283.988750000000000;11328936000162
202401;1482;2007002711;COTAS;35692583.022460000000000;
202401;1911;1997003211;COTAS;4014558.330626000000000;
202401;1541;9970000000;VL_PG_RC;-599065.110000000000000;
202401;1537;1988000165;TIT_PUB;124325425.370000000000000;
202401;1554;1978000456;COTAS;169492.827079000000000;
202401;1523;2006003674;ACOES;242236424.050000000000000;
202401;1657;1987001338;VL_PG_RC;-13312.280000000000000;
202401;1482;2008000265;COTAS;56964242.530934000000000;
202401;1359;1991002238;COTAS;6338824.810082000000000;
202401;1781;9970000000;VL_PG_RC;1167232.520000000000000;
202401;1359;1991002238;COTAS;68472.080056000000000;
202401;1554;1978000456;COTAS;1644769.454024000000000;
202401;1523;2006003674;COTAS;10511.632551000000000;
202401;1537;9970000000;VL_PG_RC;0.000000000000000;
202401;1911;1997003211;COTAS;5534823.337409000000000;42479278000133
202401;1523;2006003674;COTAS;1454759.939108000000000;
202401;1661;2009003438;VL_PG_RC;155884.970000000000000;
202401;1911;1998004147;COTAS;1101099.875706000000000;
202401;1523;2006003674;COTAS;13433896.863286000000000;
202401;1674;1989002056;COTAS;284497.608075000000000;
202401;1359;2014001774;COTAS;804866.658933000000000;
202401;1554;1978000456;TIT_PRIV;1615261.050000000000000;
202401;1482;2008000265;COTAS;7177814.373905000000000;
202401;1674;1989002056;COTAS;1067916.020350000000000;
202401;1911;1998004147;COTAS;1133033.380807000000000;
202401;1571;1996000365;COTAS;2420779690.679992000000000;02294026000115
202401;1674;1989002056;COTAS;1246109.902778000000000;
202401;1911;1998004147;COTAS;721615.491656000000000;42085062000193
202401;1541;1986000656;COTAS;6867130.564617000000000;
202401;1359;2014001774;COTAS;5090561.940981000000000;
202401;1571;9970000000;COTAS;293891035.741433000000000;
202401;1674;1989002056;COTAS;439760.216831000000000;
202401;1911;1998004147;OPERACAO_PARTICIPANTE;99280.020000000000000;
202401;1674;2014000492;COTAS;1311596.044172000000000;
202401;1911;1998005518;COTAS;25158601.569991000000000;
202401;1804;1988001838;TIT_PUB;935383804.390000000000000;
202401;1674;2014000492;COTAS;1049841.929327000000000;
202401;1482;2008003329;CAIXA;0.000000000000000;
202401;1523;2006003674;COTAS;15314706.672882000000000;
202401;1585;2006000911;COTAS;12258620.058563000000000;
202401;1674;2015000356;COTAS;15530745.722478000000000;
202401;1818;1997001365;COTAS;88605219.640001000000000;19941813000104
202401;1482;2009001011;CAIXA;728983.410000000000000;
202401;1674;2015000356;COTAS;12655473.209404000000000;
202401;1911;1998005518;OPERACAO_PARTICIPANTE;6934924.410826821500000;
202401;1523;2006003674;COTAS;72256204.000000000000000;
202401;1674;2015000356;COTAS;2400335.287196000000000;
202401;1585;2006000911;COTAS;48014839.655809000000000;
202401;1911;1999002156;COTAS;1201116.189797000000000;42119530000101
202401;1554;1978000456;CAIXA;40304.470000000000000;
202401;1818;1997001365;COTAS;37709553.770000000000000;19941829000117
202401;1482;2010003111;CAIXA;0.000000000000000;
202401;1585;2006000911;COTAS;138325546.740938000000000;09521007000123
202401;1554;1978000456;COTAS;516937.726998000000000;
202401;1674;2016000783;COTAS;1404152.538097000000000;
202401;1911;2000006183;COTAS;9229936.755870000000000;
202401;1554;1978000456;IMOVEIS;18526587.950000000000000;
202401;1554;9970000000;COTAS;3820121.893760000000000;
202401;1911;2000006183;COTAS;2181257.845094000000000;42479278000133
202401;1674;2019001918;COTAS;1478270.529569000000000;
202401;1523;2006003674;COTAS;64260301.530000000000000;
202401;1674;2019001918;COTAS;2354143.429485000000000;
202401;1585;2006000911;COTAS;35065364.604523000000000;19091575000195
202401;1523;2006003674;COTAS;2238510510.780654000000000;03524814000113
202401;1818;2002000174;CAIXA;587592.100000000000000;
202401;1585;2006000911;COTAS;629805986.524216000000000;32225875000188
202401;1523;2006003674;COTAS;111867595.090156000000000;04684251000193
202401;1585;2006000911;VL_PG_RC;-2905455.030000000000000;
202401;1381;1980002411;CAIXA;547083.250000000000000;
202401;1688;1979002274;COTAS;740217441.729172000000000;17545746000183
202401;1571;1980001383;CAIXA;3359.790000000000000;
202401;1523;2006003674;COTAS;162662472.447889000000000;09606345000168
202401;1688;9970000000;VL_PG_RC;-711.400000000000000;
202401;1585;9970000000;VL_PG_RC;-416.680000000000000;
202401;1381;1980002411;COTAS;49910390.532958000000000;34626114000163
202401;1482;2010003111;VL_PG_RC;-13576.360000000000000;
202401;1701;1999000838;COTAS;17670962.691001000000000;
202401;1818;2002000174;COTAS;94764545.010001000000000;19941813000104
202401;1599;1979001219;CAIXA;9973.980000000000000;
202401;1403;2000008038;COTAS;6035589.070263000000000;
202401;1523;2006003674;COTAS;7799265481.277814000000000;14120568000150
202401;1701;1999000838;COTAS;4061314.928199000000000;
202401;1599;1979001219;COTAS;51107053.301642000000000;36440234000105
202401;1403;2000008038;COTAS;5135152.464871000000000;
202401;1821;1980002274;CAIXA;5402600.590000000000000;
202401;1911;2000006183;VL_PG_RC;-12584.300000000000000;
202401;1403;2000008038;COTAS;6152074.538344000000000;
202401;1482;2010004965;VL_PG_RC;-5796.480000000000000;
202401;1599;2001002483;CAIXA;1272.140000000000000;
202401;1701;1999000838;COTAS;8874357.389363000000000;
202401;1403;2000008038;IMOVEIS;1524236.980000000000000;
202401;1571;1980001383;IMOVEIS;17500000.000000000000000;
202401;1715;1979000174;COTAS;8936155.329033000000000;
202401;1911;2005004847;COTAS;202703.803060000000000;
202401;1482;2011000483;COTAS;69589714.194495000000000;
202401;1715;1979000174;COTAS;13960865.769886000000000;
202401;1585;2006000911;COTAS;8857499.336583000000000;
202401;1403;2016000619;VL_PG_RC;-61512.200000000000000;
202401;1852;1985001047;COTAS;319000297.893705000000000;
202401;1523;2006003674;COTAS;137400267.366371000000000;15154385000119
202401;1883;1988001056;TIT_PUB;247966271.660000000000000;
202401;1434;1980002347;OPERACAO_PARTICIPANTE;43947.970000000000000;
202401;1657;1987001338;COTAS;4469190.710537000000000;
202401;1715;1979000174;COTAS;255104.513125000000000;
202401;1523;2006003674;COTAS;3108831415.348380000000000;16916054000131
202401;1883;2006003356;COTAS;145735152.548422000000000;
202401;1911;2005004847;COTAS;902083.468160000000000;
202401;1715;2008004619;CAIXA;645143.210000000000000;
202401;1883;2006003356;COTAS;1140894.181443000000000;
202401;1911;2005004847;COTAS;3192091.921990000000000;21791224000139
202401;1715;2008004619;COTAS;42844876.473754000000000;
202401;1482;2011001129;VL_PG_RC;2895.330000000000000;
202401;1911;2005004847;COTAS;45397.691472000000000;52277799000161
202401;1585;2006000911;COTAS;4560709.032493000000000;
202401;1661;1990001718;COTAS;8693.830085000000000;
202401;1911;2006001411;COTAS;10886330.291273000000000;21791224000139
202401;1585;2006000911;COTAS;81912728.322851000000000;51564188000131
202401;1715;2008004619;COTAS;33006862.825443000000000;
202401;1911;2006005847;CAIXA;497046.630000000000000;
202401;1599;2001002483;COTAS;12649931.585094000000000;36440234000105
202401;1434;1985000474;OPERACAO_PARTICIPANTE;6132197.119993650200000;
202401;1661;9970000000;VL_PG_RC;0.000000000000000;
202401;1911;2006005847;COTAS;365793.087454000000000;
202401;1715;9970000000;COTAS;1561239.620286000000000;
202401;1911;2006005847;COTAS;472084.089446000000000;
202401;1599;9970000000;COTAS;10263352.681791000000000;
202401;1434;1986000192;COTAS;1003687.802275000000000;04495282000104
202401;1599;9970000000;COTAS;2677245.407188000000000;05324555000102
202401;1715;9970000000;COTAS;1073153.418838000000000;
202401;1911;2006005847;COTAS;931061.485834000000000;42044228000123
202401;1729;1990001092;CAIXA;500059.640000000000000;
202401;1883;2006003356;COTAS;474345.535111000000000;
202401;1729;1990001092;COTAS;1772340.152520000000000;
202401;1911;2007001292;COTAS;666358.060811000000000;36521640000194
202401;1674;1989002056;COTAS;5269.383775000000000;
202401;1482;2013001029;COTAS;82861285.480981000000000;
202401;1729;1990001092;COTAS;25265547.319944000000000;
202401;1523;2006003674;COTAS;210606646.729050000000000;53275192000105
202401;1883;2006003356;TIT_PRIV;102381.690000000000000;
202401;1911;2007001292;COTAS;2888714.803691000000000;50069086000187
202401;1612;2022002229;COTAS;1549282239.826710000000000;18000683000142
202401;1911;2008003183;COTAS;1832041.361343000000000;
202401;1883;2006003356;VL_PG_RC;-22547.220000000000000;
202401;1434;1996002211;COTAS;59033704.176947000000000;
202401;1482;9970000000;CAIXA;0.000000000000000;
202401;1911;2008003183;COTAS;840652.013700000000000;42085062000193
202401;1729;1990001092;COTAS;33939251.568565000000000;
202401;1612;2022002229;COTAS;361400624.051248000000000;51992822000137
202401;1434;1997000474;COTAS;26647462.655769000000000;
202401;1911;2013001274;COTAS;727946.890773000000000;
202401;1434;2000000411;TIT_PUB;9256471.400000000000000;
202401;1911;2013001274;COTAS;175205.298938000000000;
202401;1729;1990001092;COTAS;686137.685330000000000;
202401;1674;1989002056;COTAS;549832.054675000000000;
202401;1657;9970000000;VL_PG_RC;0.000000000000000;
202401;1911;2015000674;COTAS;6172808.267787000000000;
202401;1746;1982003065;COTAS;40677422.004717000000000;
202401;1911;2015000674;COTAS;274651.240287000000000;
202401;1746;1982003065;TIT_PUB;281004876.360000000000000;
202401;1763;1990000819;COTAS;14044862.610322000000000;
202401;1674;1989002056;CAIXA;875872.800000000000000;
202401;1674;1989002056;COTAS;443825.543408000000000;
202401;1674;1989002056;COTAS;1058328.177727000000000;
202401;1911;2015000674;COTAS;1623982.863214000000000;36521640000194
202401;1883;9970000000;CAIXA;35949.050000000000000;
202401;1674;1989002056;COTAS;228780.287055000000000;
202401;1911;2015000674;COTAS;5788627.873847000000000;50069086000187
202401;1434;2000006965;COTAS;67716.084537000000000;
202401;1911;2018001711;COTAS;6062779.198038000000000;
202401;1911;2018001711;COTAS;554193.893201000000000;
202401;1911;2018001711;COTAS;465427.296387000000000;42085062000193
202401;1434;2000006965;COTAS;16570989.997484000000000;
202401;1911;9970000000;COTAS;3367133.356062000000000;
202401;1911;1992001618;COTAS;113874.467749000000000;
202401;1763;1990000819;COTAS;3162926.509090000000000;
202401;1523;2006003674;IMOVEIS;89457092.160000000000000;
202401;1674;1989002056;COTAS;17917.082517000000000;
202401;1924;1989000347;COTAS;2220689.999976000000000;
202401;1523;9970000000;CAIXA;4352.150000000000000;
202401;1911;1992001618;COTAS;125732.042446000000000;21791224000139
202401;1763;9970000000;COTAS;1849588.699865000000000;
202401;1924;1989000347;COTAS;28298729.000002000000000;15060258000150
202401;1781;1980000174;COTAS;0.000000000000000;
202401;1924;2008003711;COTAS;33097700.999931000000000;
202401;1781;1980000174;COTAS;71856418.110000000000000;
202401;1924;2008003711;COTAS;8752437.999962000000000;
202401;1781;1980000174;COTAS;392180.740014000000000;
202401;1924;2008003711;COTAS;11648773.000000000000000;
202401;1781;1980000174;COTAS;61520744.260000000000000;
202401;1911;1994001992;COTAS;657695.587063000000000;
202401;1506;9970000000;TIT_PRIV;21713.220000000000000;
202401;1781;1980000174;COTAS;23675773669.073945000000000;18015618000190
202401;1674;1989002056;COTAS;64530.787952000000000;
202401;1911;1997003211;COTAS;2858036.688843000000000;
202401;1781;1980000174;COTAS;1088928437.864742000000000;35302796000111
202401;1434;2000006965;COTAS;25373560.301834000000000;
202401;1434;2000006965;VL_PG_RC;4567104.760000000000000;
202401;1911;1997003211;COTAS;32186801.144756000000000;26304143000180
202401;1924;2008003711;COTAS;92595735.999999000000000;15060258000150
202401;1781;1980000174;COTAS;383602739.344671000000000;38226067000111
202401;1674;2014000492;COTAS;23136808.087074000000000;
202401;1523;1977000274;COTAS;40141.126787000000000;
202401;1924;9970000000;COTAS;175927.000001000000000;
202401;1434;2008000974;TIT_PUB;56947314.380000000000000;
202401;1674;2014000492;COTAS;2433651.555663000000000;
202401;1434;2009003292;COTAS;1003687.802275000000000;04495282000104
202401;1674;2014000492;COTAS;39470369.415284000000000;
202401;1523;1977000274;COTAS;2999131.400305000000000;
202401;1924;9970000000;COTAS;104244.999999000000000;
202401;1674;2014000492;COTAS;4866668.941835000000000;
202401;1523;1977000274;COTAS;87924909.785359000000000;
202401;1969;1981000356;COTAS;5817507.141072000000000;
202401;1674;2014000492;VL_PG_RC;-25361.660000000000000;
202401;1969;1981000356;COTAS;8345160.953950000000000;
202401;1523;1977000274;COTAS;1871361.404075000000000;
202401;1969;1999004019;COTAS;113266404.911723000000000;04519722000108
202401;1911;1997003211;COTAS;25642460.514170000000000;36521640000194
202401;1674;2015000356;COTAS;2297724.350073000000000;
202401;1969;1999004019;COTAS;81126954.867413000000000;13969771000133
202401;1523;1977000274;COTAS;1066550710.719242000000000;04194710000150
202401;1969;1999004019;COTAS;51790253.680656000000000;18391324000163
202401;1523;9970000000;COTAS;255601.204770000000000;51891082000142
202401;1969;1999004019;VL_PG_RC;-16570.370000000000000;
202401;1674;2015000356;COTAS;12498480.384968000000000;
202401;1537;1980001774;COTAS;20942018.183962000000000;
202401;1781;1980000174;IMOVEIS;12642604800.790000000000000;
202401;1674;2015000356;VL_PG_RC;-26285.890000000000000;
202401;1537;1980001774;COTAS;1271978.376395000000000;
202401;1674;2014000492;COTAS;5231682.744276000000000;
202401;1781;1980000174;TIT_PRIV;1800952301.220000000000000;
202401;1674;2014000492;COTAS;2426521.325505000000000;
202401;1537;1980001774;COTAS;4489562.176275000000000;
202401;1434;2009003292;COTAS;10433164.557924000000000;41799499000126
202401;1674;2014000492;COTAS;2343519.292747000000000;
202401;1911;1998004147;COTAS;33964.589550000000000;
202401;1781;1998003574;COTAS;58056746.000000000000000;
202401;1523;1977000274;COTAS;4813728.404794000000000;12547115000180
202401;1969;9970000000;COTAS;102441.346735000000000;21596653000155
202401;1781;1998003574;COTAS;6848698.941203000000000;
202401;1523;1977000274;COTAS;4786064.290153000000000;16877602000161
202401;1674;2016000783;COTAS;6695125.417956000000000;
202401;1911;1998004147;COTAS;59124.986684000000000;
202401;1781;1998003574;COTAS;1882951.467997000000000;
202401;1674;2016000783;COTAS;3732280.761330000000000;
202401;1674;2016000783;COTAS;2869011.791556000000000;
202401;1911;1998004147;COTAS;2670759.029206000000000;21791224000139
202401;1674;2016000783;COTAS;8133776.288505000000000;
202401;1972;2005001783;COTAS;75071.051314000000000;
202401;1781;1998003574;COTAS;215368399.401114000000000;40021645000125
202401;1523;1977000274;COTAS;166678446.951577000000000;22791114000130
202401;1972;2005001783;COTAS;6143197.241957000000000;
202401;1781;1998003574;COTAS;2195758.200000000000000;49766712000105
202401;1674;2016000783;COTAS;764275.897638000000000;
202401;1972;2005001783;COTAS;9441188.038605000000000;
202401;1781;1998003574;COTAS;2344505.060000000000000;49767200000163
202401;1523;1977000274;COTAS;70991172.178200000000000;53245893000100
202401;1781;9970000000;COTAS;8801440.442337000000000;
202401;1523;1977000274;VL_PG_RC;1798363805.040000000000000;
202401;1972;2007000229;COTAS;7548779.125884000000000;
202401;1451;1979001618;COTAS;439572.880567000000000;
202401;1537;1980001774;COTAS;38882744.273606000000000;
202401;1674;2016000783;COTAS;1101548.322472000000000;
202401;1451;1979001618;COTAS;319209.179913000000000;
202401;1911;1998004147;COTAS;1187727.780980000000000;26304143000180
202401;1794;1981001956;TIT_PRIV;23237761.280000000000000;
202401;1991;9970000000;CAIXA;5664.030000000000000;
202401;1911;1998004147;COTAS;541925.598767000000000;42479278000133
202401;1523;1998004465;COTAS;-7083.834099000000000;
202401;1911;1999002156;COTAS;2119523.278469000000000;
202401;1674;2016000783;COTAS;1654724.557673000000000;
202401;2004;1987001729;COTAS;431092894.039995000000000;42479262000120
202401;1674;2016000783;COTAS;3351698.755376000000000;
202401;1523;1998004465;COTAS;180628.921180000000000;
202401;1804;1988001838;CAIXA;108579.990000000000000;
202401;1911;1999002156;COTAS;2808554.318377000000000;
202401;1523;1998004465;COTAS;1124.830038000000000;
202401;1818;2002000174;COTAS;182170835.029872000000000;02498096000195
202401;2004;9970000000;COTAS;1650622.020005000000000;
202401;1911;1999002156;COTAS;2064632.838427000000000;09315610000159
202401;1674;2016000783;COTAS;1776534.797159000000000;
202401;1818;2002000174;COTAS;10198023.680000000000000;19941775000190
202401;1451;2006002929;COTAS;13417887.536746000000000;35491278000193
202401;2018;1980001065;CAIXA;0.000000000000000;
202401;1911;1999002156;COTAS;1435501.670647000000000;42044228000123
202401;1674;2016000783;COTAS;1143855.870995000000000;
202401;2018;1980001065;COTAS;23088865.253268000000000;
202401;1537;1980001774;COTAS;7839886.963088000000000;
202401;1674;2019001918;COTAS;46363890.102988000000000;
202401;1451;9970000000;COTAS;4332713.231631000000000;
202401;1821;9970000000;CAIXA;51358.690000000000000;
202401;1911;1999002156;COTAS;1536335.376914000000000;42085062000193
202401;1674;2016000783;COTAS;1096995.118364000000000;
202401;2018;1980001065;COTAS;18442312.749218000000000;
202401;1688;1979002274;COTAS;27279266.529999000000000;
202401;1537;1980001774;IMOVEIS;6244286.650000000000000;
202401;1479;1997002711;COTAS;100376224.331348000000000;
202401;2018;1980001065;OPERACAO_PARTICIPANTE;8433925.580000000000000;
202401;1537;1988000165;ACOES;1.520000000000000;
202401;1852;9970000000;COTAS;15469658.676084000000000;
202401;1674;2016000783;COTAS;81620.365225000000000;
202401;1688;2021000338;CAIXA;22.790000000000000;
202401;1523;1998004465;COTAS;-45013.856086000000000;
202401;1479;1997002711;COTAS;10145762.012274000000000;
202401;1688;2021001865;VL_PG_RC;-1149.100000000000000;
202401;1523;1998004465;COTAS;2331979.353671000000000;
202401;1883;1988001056;CAIXA;7682.590000000000000;
202401;1701;1999000838;CAIXA;5934.020000000000000;
202401;1674;2016000783;COTAS;2867498.754175000000000;
202401;1537;1988000165;COTAS;61891155.409508000000000;
202401;1479;1997002711;COTAS;126552828.853401000000000;41326144000110
202401;1674;2016000783;VL_PG_RC;777258.120000000000000;
202401;1715;1979000174;COTAS;24636173.637885000000000;
202401;1523;1998004465;COTAS;928745.153166000000000;08070787000170
202401;2021;1979001138;COTAS;397852.412980000000000;
202401;1883;2006003356;COTAS;6754765.642494000000000;
202401;2021;1991001274;VL_PG_RC;2773149.640000000000000;
202401;1883;2006003356;COTAS;61041303.375778000000000;
202401;1479;1997002711;COTAS;129354959.222269000000000;52285421000100
202401;1883;9970000000;VL_PG_RC;609.860000000000000;
202401;1911;2000006183;COTAS;11037717.882059000000000;
202401;1911;1992001618;COTAS;88185.365311000000000;
202401;1715;1979000174;COTAS;255371.194802000000000;
202401;1911;1992001618;COTAS;101399.527494000000000;42479278000133
202401;1674;2019001918;COTAS;2103557.442332000000000;
202401;2021;2013001118;COTAS;3940942.959612000000000;
202401;1911;1992001618;VL_PG_RC;-6986.390000000000000;
202401;1674;2019001918;COTAS;1264115.574341000000000;
202401;2021;9970000000;TIT_PUB;10398603.530000000000000;
202401;1688;1979002274;COTAS;970264548.084003000000000;04786973000159
202401;2052;1990000983;COTAS;45796.293477000000000;
202401;1715;1979000174;COTAS;34996571.185157000000000;
202401;1701;1999000838;COTAS;252690514.166344000000000;11960212000137
202401;2052;1990000983;COTAS;1667880.150212000000000;
202401;1911;1994001992;COTAS;213269.737954000000000;
202401;2052;1990000983;COTAS;3225317.793054000000000;
202401;1911;1997003211;COTAS;27004501.146727000000000;21791224000139
202401;2052;1990000983;COTAS;2300347.679432000000000;
202401;1911;1997003211;COTAS;5184051.230526000000000;42044228000123
202401;2052;1990000983;COTAS;3703214.766908000000000;
202401;1911;1998004147;CAIXA;461219.290000000000000;
202401;2052;1990000983;COTAS;91957.763756000000000;
202401;1911;1998004147;COTAS;438056.063862000000000;
202401;1537;1988000165;COTAS;27101435.296894000000000;
202401;1523;1998004465;COTAS;572405059.857251000000000;14387389000184
202401;1911;1998004147;COTAS;679297.055352000000000;09315610000159
202401;1911;2000006183;COTAS;2062069.289036000000000;
202401;1911;1998004147;COTAS;683351.234611000000000;25401546000185
202401;2052;2006001011;COTAS;1886806.592154000000000;
202401;1537;1988000165;COTAS;15260029.651472000000000;
202401;1523;1998004465;COTAS;14072775.608104000000000;35536438000173
202401;1537;1988000165;COTAS;4897704.192299000000000;
202401;1523;1998004465;COTAS;15946618.730216000000000;49534273000105
202401;2052;2006001011;COTAS;132856.743810000000000;
202401;1911;1998004147;COTAS;943698.443220000000000;50069086000187
202401;1715;1979000174;COTAS;5614603.504647000000000;
202401;1479;1997002892;COTAS;132150.902142000000000;
202401;1523;1998004465;COTAS;45902408.723118000000000;50866507000109
202401;1715;1979000174;COTAS;21352399.638164000000000;
202401;1537;1988000165;COTAS;1381631.663113000000000;
202401;1911;1998005518;CAIXA;13621726.150000000000000;
202401;1523;1998004465;COTAS;52275877.500000000000000;52982641000192
202401;1537;1988000165;IMOVEIS;5820311.510000000000000;
202401;1715;1979000174;COTAS;4431068.661279000000000;
202401;2052;2006001011;COTAS;3413998.108714000000000;
202401;1911;1998005518;COTAS;36110846.829019000000000;
202401;1523;1998004465;TIT_PRIV;5118759.850000000000000;
202401;1715;1979000174;COTAS;16439642.742935000000000;
202401;2052;2006001011;COTAS;492497.689738000000000;
202401;1911;1998005518;COTAS;12937619.654325000000000;
202401;1523;2006003674;COTAS;2325321.000000000000000;
202401;2066;1974000192;COTAS;82001921.985496000000000;
202401;1911;1998005518;COTAS;23315781.729024000000000;09315610000159
202401;1523;2006003674;COTAS;-12849.232061000000000;
202401;1911;1998005518;COTAS;24253543.192152000000000;25401546000185
202401;1715;2008004619;COTAS;1016606.077554000000000;
202401;1911;2000006183;COTAS;30975882.552558000000000;50069086000187
202401;1541;9970000000;COTAS;13134790.266894000000000;
202401;2066;1974000192;COTAS;84159525.810415000000000;
202401;1911;2006001411;COTAS;4330065.600957000000000;
202401;1715;1979000174;COTAS;297248.858557000000000;
202401;1479;1997002892;COTAS;431820950.078413000000000;37037679000101
202401;1479;2012000738;COTAS;10576327.236690000000000;37037679000101
202401;1911;1998005518;VL_PG_RC;-2172.040000000000000;
202401;1911;2006001411;COTAS;9165384.804394000000000;36521640000194
202401;1715;2008004619;COTAS;27824571.523434000000000;
202401;1715;1979000174;COTAS;2649398.995880000000000;
202401;1482;1979005411;TIT_PRIV;249.450000000000000;
202401;1554;1978000456;COTAS;6326297.652087000000000;
202401;1911;2006001411;COTAS;1989988.481278000000000;42044228000123
202401;1482;1982000211;COTAS;5132.278551000000000;
202401;2066;1974000192;COTAS;13035256.407908000000000;
202401;1911;2006005847;COTAS;255769.975153000000000;
202401;2066;1974000192;COTAS;50449488.962056000000000;
202401;1523;2006003674;COTAS;-11674.803349000000000;
202401;1911;1999002156;COTAS;1925734.547629000000000;26304143000180
202401;1911;2006005847;COTAS;780264.328349000000000;42119530000101
202401;1715;2008004619;COTAS;36607707.979630000000000;
202401;1482;1982000929;COTAS;105821.144042000000000;
202401;1482;1982003211;CAIXA;0.000000000000000;
202401;2066;1974000192;COTAS;11622150.792718000000000;
202401;1554;1978000456;COTAS;1453888.181350000000000;
202401;1715;2008004619;COTAS;2154456.326320000000000;
202401;1715;1979000174;TIT_PRIV;62205591.150000000000000;
202401;2066;1974000192;TIT_PRIV;36854296.600000000000000;
202401;1911;1999002156;OPERACAO_PARTICIPANTE;1743167.899887397700000;
202401;1715;2008004619;COTAS;1124246.204458000000000;
202401;1523;2006003674;COTAS;4340616192.810785000000000;14120553000192
202401;1729;1990001092;COTAS;190563900.228280000000000;15259169000138
202401;1482;1987000838;COTAS;19737107.300604000000000;
202401;1911;2000006183;CAIXA;336273.250000000000000;
202401;1911;2006005847;COTAS;78490.534720000000000;52277799000161
202401;1482;1987001192;CAIXA;3899702.030000000000000;
202401;1911;2000006183;COTAS;2645178.714168000000000;
202401;2066;9970000000;COTAS;1512121.960443000000000;
202401;1482;1987001192;VL_PG_RC;-5902.530000000000000;
202401;1911;2000006183;COTAS;9381838.975246000000000;
202401;2083;1973000156;COTAS;0.000000000000000;
202401;1482;1987001265;VL_PG_RC;-14396.770000000000000;
202401;2083;1973000156;IMOVEIS;924591019.580000000000000;
202401;1554;9970000000;COTAS;27674.283865000000000;
202401;2083;1995002356;TIT_PRIV;455238.040000000000000;
202401;1554;9970000000;VL_PG_RC;-7821.300000000000000;
202401;2083;1999005211;IMOVEIS;208882971.890000000000000;
202401;1482;1988002338;CAIXA;1297821.680000000000000;
202401;1911;2000006183;COTAS;887739.666174000000000;
202401;2083;2000008283;COTAS;137593386.087280000000000;03573959000104
202401;1523;2006003674;COTAS;94121319.365966000000000;49599183000100
202401;1911;2000006183;COTAS;319385.058292000000000;
202401;2083;2000008283;COTAS;495332136.237530000000000;05170419000105
202401;1523;2006003674;COTAS;33271209.797241000000000;50198930000170
202401;1571;1996000365;COTAS;1971127540.626946000000000;
202401;2083;2000008283;COTAS;10102843.377166000000000;11308040000111
202401;1715;2008004619;COTAS;36167438.165423000000000;
202401;2083;2000008283;COTAS;15109441.495428000000000;28849695000108
202401;1729;9970000000;VL_PG_RC;-64.010000000000000;
202401;1715;2008004619;COTAS;28075603.010023000000000;
202401;1571;1996000365;COTAS;259509074.431614000000000;40921932000191
202401;1911;2000006183;COTAS;26802812.641711000000000;09315610000159
202401;1523;2006003674;OPERACAO_PARTICIPANTE;1332085496.340000000000000;
202401;1911;2006005847;VL_PG_RC;6401.880000000000000;
202401;1911;2000006183;COTAS;2039943.516674000000000;42044228000123
202401;1523;9970000000;COTAS;49372299.336665000000000;14120553000192
202401;1715;2008004619;COTAS;41897764.599179000000000;
202401;1523;9970000000;COTAS;140185.452738000000000;50198930000170
202401;1911;2007001292;COTAS;1329327.736250000000000;09315610000159
202401;2083;2000008283;COTAS;32634866.621681000000000;35600762000103
202401;1537;1980001774;COTAS;5807658.666657000000000;
202401;2083;2000008283;VL_PG_RC;2754861.330000000000000;
202401;1911;2000006183;COTAS;40724075.221890000000000;52277799000161
202401;1482;1988002338;VL_PG_RC;-10757.940000000000000;
202401;1911;2005004847;COTAS;203947.827375000000000;
202401;1571;9970000000;VL_PG_RC;-54947.120000000000000;
202401;1482;1989000665;COTAS;1420298.698995000000000;
202401;1911;2007001292;COTAS;1476143.698680000000000;25401546000185
202401;1482;1989001483;TIT_PRIV;213.810000000000000;
202401;2083;2011002192;CAIXA;710.510000000000000;
202401;1911;2005004847;COTAS;1427672.599423000000000;36521640000194
202401;1482;1989002129;CAIXA;16712.130000000000000;
202401;1732;9970000000;VL_PG_RC;-285.190000000000000;
202401;2083;2011002265;COTAS;77051970.856680000000000;05170419000105
202401;1911;2007001292;OPERACAO_PARTICIPANTE;2358200.481640128700000;
202401;1911;2006001411;COTAS;1108585.723447000000000;
202401;1715;2008004619;COTAS;15643393.875544000000000;
202401;2083;2011002265;COTAS;4976856.719025000000000;09296055000165
202401;1537;1980001774;COTAS;7280012.941548000000000;
202401;1585;2006000911;COTAS;39642898.267589000000000;
202401;2083;2012000274;COTAS;39680689.542492000000000;05170419000105
202401;1911;2006005847;COTAS;524322.496891000000000;42479278000133
202401;1537;1988000165;CAIXA;31550.310000000000000;
202401;2083;2012000274;COTAS;1644606.475331000000000;09296055000165
202401;1715;2008004619;COTAS;5327756.024207000000000;
202401;1911;2007001292;COTAS;2618884.677681000000000;
202401;1585;2006000911;OPERACAO_PARTICIPANTE;9489327.570768186800000;
202401;1537;1988000165;COTAS;22262293.463040000000000;
202401;2083;2012000274;COTAS;936740.435164000000000;11308040000111
202401;1746;1982003065;COTAS;23692449.290329000000000;
202401;1585;9970000000;CAIXA;60502.980000000000000;
202401;2138;9970000000;CAIXA;542.560000000000000;
202401;1911;2007001292;COTAS;2431879.301613000000000;21791224000139
202401;1911;2008003183;COTAS;482714.456712000000000;
202401;2141;9970000000;COTAS;830640.487424000000000;
202401;1911;2008003183;CAIXA;576685.180000000000000;
202401;1715;9970000000;COTAS;1022155.095310000000000;
202401;1746;1982003065;COTAS;113571368.292299000000000;
202401;1715;9970000000;COTAS;1735723.008248000000000;
202401;1911;2008003183;COTAS;6755614.914454000000000;
202401;1763;1990000819;CAIXA;5334292.530000000000000;
202401;1537;1988000165;COTAS;4791860.252823000000000;
202401;1599;2001002483;COTAS;32303688.188142000000000;35726949000158
202401;1715;9970000000;COTAS;2793114.274389000000000;
202401;1482;1989002447;CAIXA;14960.470000000000000;
202401;1763;1990000819;COTAS;8288212.102249000000000;
202401;2155;1985000938;COTAS;317177825.739996000000000;45599011000178
202401;1911;2008003183;COTAS;547723.058885000000000;
202401;2169;1972000111;COTAS;484048596.098380000000000;03149243000184
202401;1911;2008003183;COTAS;2820154.236886000000000;09315610000159
202401;1911;2008003183;COTAS;10410904.071539000000000;21791224000139
202401;1482;1990001947;TIT_PRIV;54914.790000000000000;
202401;1599;9970000000;CAIXA;1585.730000000000000;
202401;1537;1988000165;COTAS;20383706.104027000000000;
202401;1715;9970000000;COTAS;2745579.533515000000000;
202401;2169;1972000111;OPERACAO_PARTICIPANTE;1904418.640000000000000;
202401;1612;2022002229;COTAS;8465179.350277000000000;
202401;1911;2008003183;COTAS;4287047.007092000000000;25401546000185
202401;1482;1991001118;CAIXA;341168.820000000000000;
202401;1612;9970000000;CAIXA;1115.410000000000000;
202401;1482;1991001347;CAIXA;0.000000000000000;
202401;2172;2005005592;COTAS;205094683.418830000000000;31615270000130
202401;1911;2008003183;COTAS;3781440.016886000000000;26304143000180
202401;1482;1991001347;VL_PG_RC;-54440.260000000000000;
202401;1911;2009003365;COTAS;2505546.572981000000000;26304143000180
202401;1715;9970000000;COTAS;1969454.146071000000000;
202401;1911;2008003183;COTAS;516249.548686000000000;42479278000133
202401;1482;1992001847;VL_PG_RC;-9.480000000000000;
202401;1911;2013001274;COTAS;162745.059033000000000;36521640000194
202401;1911;2009003365;COTAS;236907.043919000000000;
202401;1661;1990001718;COTAS;7605003.050131000000000;
202401;1763;1990000819;COTAS;7686879.672491000000000;
202401;2172;2005005592;VL_PG_RC;-3842.600000000000000;
202401;1661;1990001718;COTAS;5438664.251384000000000;
202401;1541;1986000656;CAIXA;175387.890000000000000;
202401;2172;9970000000;VL_PG_RC;-4786.610000000000000;
202401;1661;1990001718;VL_PG_RC;32494.070000000000000;
202401;1763;1990000819;COTAS;3917246.117841000000000;
202401;2231;1979003483;CAIXA;123.110000000000000;
202401;1729;1990001092;COTAS;600234938.565024000000000;
202401;1541;1986000656;COTAS;8276340.675747000000000;
202401;1911;2015000674;COTAS;6389960.569252000000000;21791224000139
202401;1729;1990001092;COTAS;81073272.455136000000000;
202401;1541;1986000656;COTAS;1196450.629932000000000;
202401;1911;2015000674;COTAS;1097968.228482000000000;42085062000193
202401;1674;1989002056;COTAS;130560.047771000000000;
202401;1911;2018001711;COTAS;241026.998004000000000;
202401;1763;1990000819;COTAS;76821125.831104000000000;17339084000195
202401;1729;1990001092;COTAS;642482677.893127000000000;
202401;1541;9970000000;CAIXA;92919.490000000000000;
202401;1729;1990001092;COTAS;57033985.026375000000000;
202401;1482;1993001565;VL_PG_RC;-613.680000000000000;
202401;1911;2018001711;COTAS;681067.144146000000000;
202401;1911;2013001274;COTAS;31001.053780000000000;
202401;1729;9970000000;COTAS;668323.358344000000000;
202401;2231;1979003483;OPERACAO_PARTICIPANTE;0.000000000000000;
202401;1554;1978000456;OPERACAO_PARTICIPANTE;479753.810000000000000;
202401;2231;1982002719;COTAS;633180.595159000000000;
202401;1674;1989002056;COTAS;1517843.672112000000000;
202401;1911;2018001711;COTAS;3772029.750646000000000;21791224000139
202401;1781;1980000174;CAIXA;99098656.990000000000000;
202401;2231;1982002719;COTAS;112144.412223000000000;
202401;1674;1989002056;COTAS;198561.228869000000000;
202401;1911;2018001711;COTAS;2983162.521305000000000;50069086000187
202401;2231;1982002719;VL_PG_RC;-29638.350000000000000;
202401;1568;9970000000;CAIXA;2369520.000000000000000;
202401;1674;1989002056;COTAS;409361.268507000000000;
202401;1911;9970000000;CAIXA;4655.850000000000000;
202401;2231;1982002883;COTAS;227507.537620000000000;
202401;1781;1980000174;COTAS;12199165.560219000000000;
202401;1911;2013001274;COTAS;328108.329645000000000;26304143000180
202401;2231;1987000511;TIT_PUB;1551552.000000000000000;
202401;1732;1985001111;COTAS;140559247.650001000000000;
202401;1482;1993001956;CAIXA;790321.670000000000000;
202401;1585;2006000911;CAIXA;548169.370000000000000;
202401;1911;2013001274;COTAS;54628.754609000000000;52277799000161
202401;1911;2013001274;VL_PG_RC;-19708.790000000000000;
202401;1482;1993001956;VL_PG_RC;-0.700000000000000;
202401;1924;1989000274;COTAS;500926240.136990000000000;15102065000115
202401;1911;2015000674;CAIXA;354773.290000000000000;
202401;1732;1985001111;OPERACAO_PARTICIPANTE;444076.660000000000000;
202401;2231;1992000311;COTAS;47050.989260000000000;
202401;1781;1980000174;COTAS;48478960.180000000000000;
202401;1924;1989000347;COTAS;1358293.999998000000000;
202401;1746;1982003065;COTAS;4232589.579869000000000;
202401;1781;1980000174;COTAS;901659.553666000000000;
202401;1924;1989000347;COTAS;6719783.000002000000000;
202401;1781;1998003574;COTAS;18335564.517793000000000;49766087000100
202401;1599;1979001219;ACOES;245006.630000000000000;
202401;1924;1989000347;COTAS;68334559.000000000000000;15060252000183
202401;1674;2014000492;CAIXA;43043.480000000000000;
202401;1674;2014000492;COTAS;131220.450000000000000;
202401;1924;1989000347;COTAS;67901423.999999000000000;15060253000128
202401;1674;2014000492;COTAS;2493807.024021000000000;
202401;1924;2008003711;COTAS;49401282.000000000000000;41888673000107
202401;1599;1979001219;COTAS;111089029.190885000000000;35726949000158
202401;2231;1992000956;COTAS;1844.768801000000000;
202401;1969;1999004019;COTAS;11769186.389168000000000;
202401;1599;1979001219;VL_PG_RC;22684593.660000000000000;
202401;1482;1995001856;COTAS;43017.588465000000000;
202401;1969;1999004019;COTAS;214762895.523860000000000;21596653000155
202401;1781;1998003574;COTAS;2311922.280000000000000;49766905000166
202401;1599;2001002483;ACOES;17993.980000000000000;
202401;1482;1995002429;CAIXA;0.000000000000000;
202401;1661;1990001718;IMOVEIS;14388706.710000000000000;
202401;1911;2015000674;COTAS;381563.780077000000000;
202401;2231;1992000956;COTAS;5797114.727514000000000;
202401;1781;1998003574;OPERACAO_PARTICIPANTE;3299388107.030000000000000;
202401;1972;2005001783;COTAS;96296942.677469000000000;
202401;1911;2018001711;COTAS;160436.599866000000000;
202401;1794;1981001956;CAIXA;93549.780000000000000;
202401;1661;9970000000;CAIXA;3882.710000000000000;
202401;1911;2018001711;COTAS;678182.824093000000000;
202401;1972;2005001783;COTAS;23690744.631413000000000;
202401;2231;1992000956;TIT_PUB;17427973.290000000000000;
202401;1911;2018001711;COTAS;672525.310839000000000;42119530000101
202401;1972;2007000229;COTAS;1435707.849167000000000;
202401;1746;9970000000;VL_PG_RC;0.000000000000000;
202401;1911;2018001711;COTAS;3560770.677501000000000;52277799000161
202401;1763;1990000819;COTAS;5804826.101686000000000;
202401;1674;1989002056;COTAS;728399.174886000000000;
202401;1911;2018001711;VL_PG_RC;-24953.580000000000000;
202401;1972;2007000229;COTAS;10050168.968800000000000;
202401;2231;1994001518;COTAS;9898.351185000000000;
202401;1804;1988001838;COTAS;20776952.372745000000000;
202401;1911;9970000000;VL_PG_RC;0.000000000000000;
202401;1972;2007000229;OPERACAO_PARTICIPANTE;1012341.190000000000000;
202401;1674;1989002056;COTAS;2527495.724790000000000;
202401;1924;1989000274;CAIXA;22554.680000000000000;
202401;1482;1996000756;VL_PG_RC;-0.290000000000000;
202401;1674;1989002056;COTAS;2745244.013479000000000;
202401;1972;9970000000;COTAS;877135.787301000000000;
202401;2231;1994001518;COTAS;34447.732583000000000;
202401;1804;1988001838;COTAS;15918277.835016000000000;
202401;1972;9970000000;COTAS;3550854.997966000000000;
202401;1674;2014000492;COTAS;2440304.901750000000000;
202401;1781;1904000118;TIT_PRIV;27242360.630000000000000;
202401;1674;1989002056;COTAS;453698.305497000000000;
202401;1924;1989000347;COTAS;5041117.999999000000000;
202401;1781;1980000174;COTAS;0.000000000000000;
202401;1674;1989002056;COTAS;395286.797483000000000;
202401;1924;2008003711;VL_PG_RC;-46884.710000000000000;
202401;1972;9970000000;COTAS;1470980.307822000000000;11090936000177
202401;1674;2014000492;COTAS;4226304.710868000000000;
202401;1804;1988001838;COTAS;268545.400193000000000;
202401;1972;9970000000;COTAS;4487520.765125000000000;36945569000177
202401;1781;1980000174;COTAS;28465032.000000000000000;
202401;1482;1996002538;VL_PG_RC;1150.910000000000000;
202401;2231;1994001518;IMOVEIS;456676.150000000000000;
202401;1674;2014000492;COTAS;1992546.551605000000000;
202401;2231;2008003019;COTAS;9535.766802000000000;
202401;1991;1980000565;COTAS;338762446.180678000000000;
202401;1781;1998003574;COTAS;4028894.597463000000000;
202401;2231;2008003019;COTAS;79521.086915000000000;
202401;2004;9970000000;CAIXA;604.660000000000000;
202401;1924;9970000000;COTAS;19123.999933000000000;
202401;2231;2008003019;COTAS;2146092.226732000000000;44703493000100
202401;1482;1996003811;TIT_PRIV;4347.570000000000000;
202401;1969;1981000356;CAIXA;93110.260000000000000;
202401;1818;2002000174;COTAS;58993755.330000000000000;19941829000117
202401;2231;2010002229;COTAS;12292486.766723000000000;
202401;2004;9970000000;VL_PG_RC;-6899.070000000000000;
202401;1969;1981000356;OPERACAO_PARTICIPANTE;7045692.640000000000000;
202401;1781;1998003574;COTAS;61520744.260000000000000;
202401;1674;1989002056;COTAS;361379.788266000000000;
202401;2231;2010002229;COTAS;5023847.309994000000000;
202401;2018;2016001811;TIT_PUB;2548489.850000000000000;
202401;1781;1998003574;COTAS;2279351.400000000000000;48400629000155
202401;1674;1989002056;COTAS;14123.710897000000000;
202401;2231;2010002229;VL_PG_RC;-817547.670000000000000;
202401;2018;9970000000;VL_PG_RC;-1090.480000000000000;
202401;1482;1997002574;COTAS;10.501202000000000;
202401;1781;1998003574;TIT_PRIV;320731986.080000000000000;
202401;1852;1985001047;CAIXA;483211.340000000000000;
202401;1674;1989002056;COTAS;1084786.325723000000000;
202401;1969;1999004019;CAIXA;79500.380000000000000;
202401;1674;2014000492;COTAS;132558.588091000000000;
202401;1852;1985001047;COTAS;1012795110.321432000000000;01622154000188
202401;1674;1989002056;VL_PG_RC;-4647.080000000000000;
202401;1482;1998003474;CAIXA;974.460000000000000;
202401;1674;2015000356;CAIXA;26119.680000000000000;
202401;1781;2019002711;OP_COMP;49940908.560000000000000;
202401;1482;1998004211;CAIXA;0.000000000000000;
202401;1969;1999004019;COTAS;27334802.539606000000000;
202401;2021;1979001138;COTAS;3424994.140537000000000;
202401;1482;1998004392;COTAS;3908746.113609000000000;31032327000179
202401;2231;2010002474;COTAS;176340.691026000000000;
202401;1852;1985001047;COTAS;1291102375.330303000000000;11121992000121
202401;1482;1998005747;COTAS;2681859.211502000000000;31032327000179
202401;1781;9970000000;ACOES;153064045.850000000000000;
202401;1674;2014000492;COTAS;40425.885187000000000;
202401;1852;1985001047;COTAS;17407911.142819000000000;18954443000187
202401;2231;2010002474;COTAS;66809826.210637000000000;
202401;1674;2014000492;COTAS;7888687.108876000000000;
202401;1969;9970000000;VL_PG_RC;-6.010000000000000;
202401;2231;2010002474;OPERACAO_PARTICIPANTE;5722257.100263116300000;
202401;1794;1981001956;VL_PG_RC;93117036.230000000000000;
202401;1674;2015000356;COTAS;110371.442868000000000;
202401;2231;2010002474;TIT_PUB;889566361.750000000000000;
202401;1674;2014000492;COTAS;326940.558481000000000;
202401;2231;2011001218;COTAS;744006.103812000000000;
202401;1804;9970000000;VL_PG_RC;0.000000000000000;
202401;1482;1999000218;CAIXA;0.000000000000000;
202401;2231;2011001218;COTAS;5253093.351343000000000;44703493000100
202401;1674;2014000492;COTAS;6497249.664788000000000;
202401;1482;1999001419;VL_PG_RC;-14457.410000000000000;
202401;1972;2005001783;COTAS;37630515.141811000000000;15166133000100
202401;2021;1991001274;CAIXA;3127.750000000000000;
202401;2231;2013001665;COTAS;4784.698515000000000;
202401;2021;1991001274;COTAS;13489214.140931000000000;
202401;1674;2014000492;COTAS;168160.263761000000000;
202401;2231;2013001665;COTAS;14141730.030290000000000;
202401;2021;2013001118;COTAS;101511.279385000000000;
202401;1674;2015000356;COTAS;6130713.959345000000000;
202401;2231;2013001665;OPERACAO_PARTICIPANTE;644337.240000000000000;
202401;2021;2013001118;COTAS;103578.183254000000000;
202401;1674;2016000783;COTAS;192192.828453000000000;
202401;2231;2014001383;COTAS;1114646.223840000000000;
202401;2021;9970000000;COTAS;194149.405115000000000;
202401;1674;2019001918;COTAS;2987010.462696000000000;
202401;2021;9970000000;COTAS;306671.553904000000000;
202401;1482;1999001818;COTAS;26300711.459628000000000;
202401;2231;2014001383;VL_PG_RC;-41509.160000000000000;
202401;1883;2006003356;COTAS;6997704.560951000000000;
202401;1972;2007000229;TIT_PUB;859497412.140000000000000;
202401;2231;2018002074;COTAS;2723000.791599000000000;44900441000115
202401;1911;1987000218;COTAS;1625659.290396000000000;
202401;1482;1999001818;VL_PG_RC;-7695.600000000000000;
202401;2231;2018002074;VL_PG_RC;-10620.580000000000000;
202401;2052;1990000983;CAIXA;43072.850000000000000;
202401;1911;1992001618;COTAS;43635.897249000000000;
202401;1482;2000003192;COTAS;5774864.016002000000000;32273402000156
202401;2258;1981001565;COTAS;3080396.339663000000000;50620572000141
202401;1674;2019001918;COTAS;2461558.113181000000000;
202401;1991;1996003119;COTAS;51998217.305865000000000;
202401;1674;2019001918;COTAS;2025360.543061000000000;
202401;1991;1996003119;VL_PG_RC;-3658.030000000000000;
202401;2258;1989000738;VL_PG_RC;-45679.310000000000000;
202401;1821;1980002274;TIT_PUB;449789017.000000000000000;
202401;2052;1990000983;COTAS;1024726.747001000000000;
202401;2258;1990000118;COTAS;2353167.774129000000000;
202401;2052;1990000983;COTAS;1723426.870111000000000;
202401;1674;2019001918;VL_PG_RC;90402.810000000000000;
202401;1991;9970000000;VL_PG_RC;-1942.600000000000000;
202401;1911;1994001992;COTAS;644511.541547000000000;21791224000139
202401;1482;2000007211;COTAS;20322591.553576000000000;
202401;1883;2006003356;COTAS;1972005.433730000000000;
202401;1674;9970000000;CAIXA;2144.620000000000000;
202401;2018;1980001065;VL_PG_RC;7218876.590000000000000;
202401;2258;1990000118;COTAS;4327874.504487000000000;
202401;2052;1990000983;COTAS;3016601.186357000000000;
202401;2018;2016001811;CAIXA;1815.340000000000000;
202401;1911;1994001992;COTAS;339373.361960000000000;26304143000180
202401;1482;2002001618;COTAS;16881869.563180000000000;32273485000183
202401;1674;2015000356;COTAS;28678858.277481000000000;
202401;1688;1979002274;COTAS;90249807.000523000000000;
202401;2258;1990000118;COTAS;1774541.358344000000000;
202401;2052;1990000983;COTAS;3151015.385883000000000;
202401;1688;1979002274;COTAS;172807909.051131000000000;41881550000144
202401;1674;2016000783;COTAS;664524.078747000000000;
202401;1883;2006003356;COTAS;11850957.869978000000000;
202401;2258;1990000118;COTAS;76018341.291025000000000;07892341000168
202401;1688;2021000338;COTAS;1717633.532847000000000;04786973000159
202401;1883;2006003356;COTAS;1849238.064847000000000;
202401;2258;1992000565;COTAS;5707673.001204000000000;50634860000155
202401;1701;1999000838;COTAS;182195393.710708000000000;31389791000117
202401;1674;2016000783;COTAS;8853459.899014000000000;
202401;2258;1992000719;COTAS;1597228.444973000000000;
202401;1482;2002001618;OPERACAO_PARTICIPANTE;646720.800000000000000;
202401;1674;2019001918;CAIXA;85038.230000000000000;
202401;2258;1993000992;COTAS;30178751.989948000000000;50625158000125
202401;1911;1994001992;COTAS;3119.666652000000000;52277799000161
202401;1715;1979000174;COTAS;5617088.080817000000000;
202401;2258;1993000992;VL_PG_RC;-79354.720000000000000;
202401;1911;1994001992;VL_PG_RC;-12835.680000000000000;
202401;2052;1990000983;COTAS;72489.222258000000000;
202401;2018;2016001811;COTAS;11208615.312347000000000;
202401;1911;1997003211;COTAS;11333740.718523000000000;50069086000187
202401;1911;1987000218;COTAS;9866203.861479000000000;50069086000187
202401;1911;1998004147;COTAS;304549.529550000000000;
202401;2052;2006001011;COTAS;2075931.302868000000000;
202401;2021;1991001274;COTAS;786017.898967000000000;
202401;2052;2006001011;COTAS;300468.817723000000000;
202401;1674;2019001918;COTAS;2517608.245132000000000;
202401;1482;2003001174;CAIXA;0.000000000000000;
202401;2066;1974000192;COTAS;139701773.595231000000000;
202401;1911;1998004147;VL_PG_RC;-17332.970000000000000;
202401;2258;1993002847;COTAS;6710383.644315000000000;50625158000125
202401;1482;2004000465;OPERACAO_PARTICIPANTE;3714783.750000000000000;
202401;1674;2019001918;COTAS;1080398.296203000000000;
202401;2066;1974000192;COTAS;227129.406513000000000;
202401;1911;1998005518;COTAS;10563273.418728000000000;
202401;1911;1987000218;COTAS;2491.119141000000000;52277799000161
202401;2066;1974000192;COTAS;438409.499445000000000;
202401;2258;1993003029;COTAS;5669743.551229000000000;50625158000125
202401;1911;1987000218;VL_PG_RC;-5441.520000000000000;
202401;1715;1979000174;COTAS;298028.773819000000000;
202401;2021;2013001118;TIT_PUB;4852658.860000000000000;
202401;2066;1974000192;COTAS;828142.633822000000000;
202401;2258;1994003138;COTAS;40134579.437203000000000;50625158000125
202401;1911;1992001618;COTAS;473994.600615000000000;26304143000180
202401;1674;2019001918;COTAS;4035853.185031000000000;
202401;2066;1974000192;TIT_PUB;63034897.740000000000000;
202401;2052;1990000983;COTAS;14302493.593622000000000;
202401;1482;2004001518;TIT_PRIV;78398.790000000000000;
202401;2258;1994003138;COTAS;17736612.871726000000000;50634860000155
202401;1911;1992001618;OPERACAO_PARTICIPANTE;36932.340000000000000;
202401;2052;1990000983;COTAS;5022682.744644000000000;
202401;1674;2019001918;COTAS;108817.762417000000000;
202401;2071;9970000000;COTAS;166569.650007000000000;
202401;2052;1990000983;COTAS;1610252.677540000000000;
202401;1715;2008004619;COTAS;6255308.748256000000000;
202401;2083;1973000156;COTAS;77656239.298747000000000;00856171000117
202401;1911;1994001992;COTAS;5644.017325000000000;09315610000159
202401;1715;2008004619;COTAS;12489916.962379000000000;
202401;2258;1995000183;COTAS;1440794.552553000000000;50620435000107
202401;1482;2004003138;TIT_PRIV;25372.700000000000000;
202401;2258;1995003174;CAIXA;40.800000000000000;
202401;2083;1973000156;COTAS;308883778.196542000000000;41881531000118
202401;1911;1997003211;CAIXA;2702121.890000000000000;
202401;1688;1979002274;COTAS;175774913.880961000000000;07733030000156
202401;2052;1990000983;COTAS;2423170.990610000000000;
202401;2258;1995003719;COTAS;6621493.079221000000000;50634860000155
202401;1688;2021000419;VL_PG_RC;-2888.660000000000000;
202401;2052;1990000983;VL_PG_RC;-22432.410000000000000;
202401;1482;2005001392;COTAS;963425.772871000000000;31032327000179
202401;1482;2005004383;CAIXA;0.000000000000000;
202401;2258;1996000829;CAIXA;7190.410000000000000;
202401;1482;2005004383;COTAS;514202.144314000000000;
202401;1482;2005004456;COTAS;5794911.629868000000000;
202401;2258;1996000829;COTAS;8021259.198517000000000;
202401;1911;1998005518;COTAS;48607164.766450000000000;21791224000139
202401;1482;2007002711;COTAS;739452.129777000000000;
202401;2258;1996002147;COTAS;24205164.836472000000000;50620290000144
202401;2052;2006001011;COTAS;2029657.005659000000000;
202401;1482;2007002711;TIT_PUB;815638.820000000000000;
202401;1911;1997003211;COTAS;238021.940160000000000;
202401;1911;1998005518;COTAS;55884753.470091000000000;26304143000180
202401;1715;2008004619;TIT_PRIV;24654953.380000000000000;
202401;1688;2021001865;CAIXA;24.010000000000000;
202401;2083;1999005211;COTAS;0.000000000000000;
202401;1911;1998005518;COTAS;16787318.745567000000000;42479278000133
202401;2258;1996002465;COTAS;271566833.989875000000000;50620290000144
202401;1715;9970000000;COTAS;2560471.866041000000000;
202401;1482;2008002438;CAIXA;0.000000000000000;
202401;1911;1997003211;COTAS;3663157.010715000000000;
202401;2258;1997000547;CAIXA;0.240000000000000;
202401;2052;2006001011;COTAS;566448.940230000000000;
202401;2083;1999005211;COTAS;382040811.261831000000000;09296055000165
202401;1911;1997003211;COTAS;2350268.677286000000000;
202401;1911;1999002156;CAIXA;946182.210000000000000;
202401;2083;1999005211;COTAS;71540045.248136000000000;11308040000111
202401;1911;1998004147;COTAS;1713575.924687000000000;36521640000194
202401;1911;1999002156;COTAS;898663.309232000000000;
202401;1911;1999002156;TIT_PUB;21376006.360000000000000;
202401;2258;1998002365;COTAS;148565002.497085000000000;50625158000125
202401;1482;2008002438;VL_PG_RC;887.670000000000000;
202401;2083;1999005211;OPERACAO_PARTICIPANTE;566801045.536296709600000;
202401;1911;2000006183;COTAS;10683320.518712000000000;
202401;1482;2009001818;COTAS;10932604.473071000000000;
202401;2052;2006001011;COTAS;86425.251915000000000;
202401;1911;1998004147;COTAS;596169.524395000000000;42119530000101
202401;2258;1998002365;VL_PG_RC;-121075.680000000000000;
202401;2083;2000008283;COTAS;48043304.355644000000000;09296055000165
202401;1482;2010001729;CAIXA;0.000000000000000;
202401;1911;2000006183;OPERACAO_PARTICIPANTE;8994073.823727904400000;
202401;1482;2010001729;VL_PG_RC;-7444.040000000000000;
202401;1701;1999000838;COTAS;4054425.222825000000000;
202401;1701;1999000838;COTAS;28028234.704119000000000;
202401;1715;9970000000;COTAS;3127355.430860000000000;
202401;1911;1998004147;TIT_PUB;8271736.580000000000000;
202401;2083;2000008283;OPERACAO_PARTICIPANTE;45343533.723382292300000;
202401;2258;1999000765;CAIXA;52649.990000000000000;
202401;1911;1998005518;COTAS;22594960.224286000000000;42044228000123
202401;2083;2011002265;COTAS;635119.800000000000000;
202401;2066;1974000192;COTAS;127764.141730000000000;
202401;1715;9970000000;COTAS;1678362.847981000000000;
202401;2258;1999002229;CAIXA;4847.210000000000000;
202401;2083;2011002265;COTAS;859079.760000000000000;
202401;1715;9970000000;COTAS;1816156.372808000000000;
202401;1911;2005004847;COTAS;2031239.920556000000000;
202401;2083;2012000274;CAIXA;96.430000000000000;
202401;2066;1974000192;COTAS;3090519.930272000000000;
202401;1911;2005004847;COTAS;230823.584284000000000;
202401;2083;2012000274;COTAS;1149804.011660000000000;35600762000103
202401;1482;2010002938;CAIXA;0.000000000000000;
202401;2083;2019002329;COTAS;16023568.390701000000000;32760026000124
202401;1911;1998005518;COTAS;24167536.460439000000000;42085062000193
202401;1732;1985001111;CAIXA;49011.470000000000000;
202401;2258;1999003683;COTAS;51212941.117975000000000;50634860000155
202401;1482;2010003111;TIT_PRIV;6022.450000000000000;
202401;2258;1999003829;COTAS;48835834.493098000000000;50620290000144
202401;2083;2020000229;COTAS;34511731.403745000000000;32760026000124
202401;1482;2010003829;COTAS;444915.565771000000000;
202401;2258;1999003829;COTAS;21543957.270530000000000;50620572000141
202401;2083;2020001438;TIT_PRIV;24099531.350000000000000;
202401;1911;2005004847;COTAS;291318.531777000000000;
202401;1482;2011000238;VL_PG_RC;904.890000000000000;
202401;2258;1999003829;COTAS;7630892.115686000000000;50620819000120
202401;2138;1981001311;CAIXA;27183.370000000000000;
202401;1911;2005004847;COTAS;712501.993153000000000;
202401;1911;1999002156;COTAS;1089364.594825000000000;
202401;1701;1999000838;COTAS;2866554.816041000000000;
202401;1732;9970000000;COTAS;18442130.129999000000000;
202401;1701;1999000838;TIT_PUB;3265482.960000000000000;
202401;1482;2011000483;COTAS;43931099.886899000000000;32273485000183
202401;1911;1999002156;COTAS;2269055.050121000000000;50069086000187
202401;1911;1999002156;VL_PG_RC;-5121.810000000000000;
202401;2138;1981001311;VL_PG_RC;-52202.510000000000000;
202401;1701;9970000000;CAIXA;0.100000000000000;
202401;2066;1974000192;COTAS;30923072.311820000000000;
202401;1715;1979000174;COTAS;17742143.071921000000000;
202401;1746;1982003065;CAIXA;5925248.090000000000000;
202401;1911;2005004847;OPERACAO_PARTICIPANTE;1252037.080265871300000;
202401;2066;1974000192;COTAS;923003.415583000000000;
202401;2258;2000004156;VL_PG_RC;-16624.690000000000000;
202401;2141;1980001219;CAIXA;57014.510000000000000;
202401;1911;2006001411;COTAS;778251.521680000000000;
202401;2258;2000004474;COTAS;138023565.471177000000000;50625158000125
202401;2155;1985000938;COTAS;42479764.961228000000000;
202401;1746;1982003065;COTAS;2422243.334271000000000;
202401;1911;2006001411;COTAS;3753685.045440000000000;50069086000187
202401;1482;2011002011;CAIXA;0.000000000000000;
202401;1715;1979000174;COTAS;2483130.667176000000000;
202401;1911;2000006183;COTAS;2179285.807614000000000;42085062000193
202401;1482;2011002011;COTAS;36569438.349326000000000;
202401;2258;2000004474;VL_PG_RC;-178688.490000000000000;
202401;2066;9970000000;CAIXA;25971.440000000000000;
202401;2155;1985000938;COTAS;52710639.453089000000000;38090040000144
202401;1911;2006001411;COTAS;25664.558598000000000;52277799000161
202401;2258;2003002911;VL_PG_RC;-100112.060000000000000;
202401;2155;9970000000;COTAS;729772.851815000000000;
202401;1911;2006001411;VL_PG_RC;-40141.390000000000000;
202401;2083;1973000156;COTAS;150663489.941022000000000;03256787000145
202401;2258;2003003029;TIT_PUB;7833074.570000000000000;
202401;1911;2005004847;COTAS;943636.053222000000000;09315610000159
202401;2169;1999000374;CAIXA;79896.850000000000000;
202401;2258;2005005347;COTAS;6322775.674462000000000;50620435000107
202401;1911;2006005847;COTAS;61623.823421000000000;
202401;1746;1982003065;COTAS;6671507.339021000000000;
202401;2083;1973000156;COTAS;713813321.850920000000000;05170419000105
202401;2258;2006001647;COTAS;11830595.086261000000000;
202401;1911;2005004847;COTAS;1315658.072259000000000;25401546000185
202401;1746;9970000000;CAIXA;3392.150000000000000;
202401;2258;2006001647;COTAS;319529.150969000000000;
202401;1911;2006005847;COTAS;3369376.326563000000000;21791224000139
202401;1911;2006001411;COTAS;886213.296460000000000;
202401;2083;1995002356;CAIXA;0.000000000000000;
202401;1482;2011002011;VL_PG_RC;1359.830000000000000;
202401;1911;2006001411;COTAS;6934470.560161000000000;26304143000180
202401;1715;1979000174;COTAS;35022835.949258000000000;
202401;2169;1999000374;COTAS;2500.000000000000000;
202401;2258;2006001647;COTAS;537294.230632000000000;
202401;1911;2006001411;OPERACAO_PARTICIPANTE;1611750.409048124000000;
202401;2083;1999005211;COTAS;993265066.210904000000000;03573959000104
202401;2258;2006001647;COTAS;7461953.485052000000000;29983486000107
202401;2083;1999005211;TIT_PRIV;47280666.540000000000000;
202401;1482;2018001965;COTAS;87264955.234545000000000;
202401;1911;2006005847;COTAS;255362.652400000000000;
202401;2169;1999000374;COTAS;45360708.315967000000000;
202401;1763;1990000819;COTAS;7383404.911167000000000;
202401;2083;1999005211;VL_PG_RC;27393447.270000000000000;
202401;1482;2018001965;TIT_PUB;25731722.910000000000000;
202401;2169;1999000374;COTAS;8532535.047710000000000;
202401;2258;2006001647;COTAS;16209450.712629000000000;49927877000111
202401;2083;2011002192;COTAS;1186921.280000000000000;
202401;1715;1979000174;COTAS;20680105.030722000000000;
202401;1781;1980000174;COTAS;59147910.500000000000000;
202401;2083;2012000274;COTAS;11590460.096295000000000;03573959000104
202401;1715;1979000174;COTAS;6457883.911395000000000;
202401;2258;2006001647;VL_PG_RC;-188369.100000000000000;
202401;1911;2006005847;COTAS;3786392.669099000000000;26304143000180
202401;1715;1979000174;IMOVEIS;3341886.920000000000000;
202401;1781;1980000174;COTAS;8812963.463389000000000;
202401;1911;2007001292;CAIXA;224888.380000000000000;
202401;2258;2006006111;COTAS;28317775.561789000000000;50634860000155
202401;1715;1979000174;OPERACAO_PARTICIPANTE;27192864.060000000000000;
202401;1781;1980000174;COTAS;107052678.591734000000000;
202401;2169;9970000000;COTAS;4984073.286505000000000;
202401;2258;2007002256;CAIXA;37.710000000000000;
202401;1715;2008004619;COTAS;12255914.132331000000000;
202401;1781;1980000174;COTAS;56012007.267213000000000;
202401;1911;2007001292;COTAS;310324.947767000000000;
202401;1715;2008004619;COTAS;12502973.697545000000000;
202401;2231;1979003483;COTAS;17747068.577124000000000;
202401;2258;2007002256;COTAS;9893671.548178000000000;50620290000144
202401;1781;1980000174;VL_PG_RC;4043336250.740000000000000;
202401;1911;2007001292;COTAS;112812.368808000000000;
202401;2083;2012000274;VL_PG_RC;-15863.820000000000000;
202401;1911;2007001292;COTAS;213594.095947000000000;
202401;1781;1998003574;COTAS;11894742.048838000000000;
202401;2231;1979003483;VL_PG_RC;164759013.680000000000000;
202401;2258;2007002256;COTAS;4396995.450144000000000;50620819000120
202401;1911;2008003183;COTAS;479770.002988000000000;
202401;2231;1982002638;VL_PG_RC;-15.000000000000000;
202401;2258;2008000338;COTAS;575144.388006000000000;50620435000107
202401;2083;2019002329;COTAS;13230335.402868000000000;16569908000150
202401;1911;2008003183;VL_PG_RC;-22101.450000000000000;
202401;2231;1982002719;COTAS;110174.213700000000000;
202401;1911;2008003183;COTAS;5962282.145066000000000;36521640000194
202401;1781;1998003574;COTAS;747697004.007691000000000;49768506000134
202401;2258;2010001338;CAIXA;28.430000000000000;
202401;1715;2008004619;COTAS;38191961.797841000000000;
202401;1482;2022000056;COTAS;1054607.623577000000000;
202401;2258;2012000983;CAIXA;16.300000000000000;
202401;1911;2009003365;COTAS;2952819.525871000000000;
202401;1715;2008004619;COTAS;45723435.818022000000000;
202401;2258;2012001092;COTAS;81187017.867282000000000;50620290000144
202401;1911;2009003365;COTAS;176457.943472000000000;
202401;1715;2008004619;COTAS;20295909.725306000000000;
202401;1911;2009003365;COTAS;971789.603025000000000;09315610000159
202401;1911;2009003365;COTAS;1255674.263598000000000;
202401;2258;2012001165;COTAS;40475224.209166000000000;50625158000125
202401;2083;2020000229;COTAS;2594733.848472000000000;11308040000111
202401;1911;2009003365;COTAS;557324.199443000000000;42044228000123
202401;1482;2022000129;COTAS;556092.688022000000000;
202401;1911;2009003365;COTAS;2094366.244707000000000;25401546000185
202401;2231;1987000511;OPERACAO_PARTICIPANTE;0.000000000000000;
202401;1911;2009003365;COTAS;258501.113874000000000;42479278000133
202401;2231;1992000311;VL_PG_RC;0.000000000000000;
202401;2258;2015000518;VL_PG_RC;-49436.960000000000000;
202401;1911;2013001274;COTAS;510215.679570000000000;50069086000187
202401;1911;2009003365;COTAS;588835.602456000000000;42085062000193
202401;2258;2015000811;COTAS;72583395.895631000000000;50620572000141
202401;2083;2020000229;COTAS;3452862.245724000000000;28849695000108
202401;1911;2015000674;COTAS;218123.646817000000000;
202401;2231;1992000956;CAIXA;12324.030000000000000;
202401;2258;2016000929;COTAS;6239796.530085000000000;50625158000125
202401;1715;2008004619;OPERACAO_PARTICIPANTE;48376671.040000000000000;
202401;2231;1992000956;COTAS;56784.879670000000000;
202401;2258;2016001038;COTAS;11397632.568552000000000;04052631000105
202401;2231;2010002474;CAIXA;921808.850000000000000;
202401;1911;2015000674;COTAS;490601.049806000000000;
202401;2258;2017001074;COTAS;29543254.602405000000000;50625158000125
202401;2231;2010002474;COTAS;2337948.515313000000000;
202401;2083;2020001438;CAIXA;0.000000000000000;
202401;2258;2017001074;VL_PG_RC;-9300.330000000000000;
202401;2231;2011001218;CAIXA;110611.960000000000000;
202401;1781;1998003574;VL_PG_RC;60077396.230000000000000;
202401;2231;2011001218;COTAS;123868.614710000000000;
202401;2083;2020001438;TIT_PUB;1567522007.680000000000000;
202401;2258;2017001147;COTAS;49427375.694927000000000;50625158000125
202401;1781;2019002711;ACOES;9757644.090000000000000;
202401;2169;1972000111;COTAS;6713.890371000000000;
202401;2258;2017001538;COTAS;207801466.708179000000000;50620290000144
202401;2231;2011001218;COTAS;263962.506344000000000;
202401;1781;2019002711;COTAS;97210009.410000000000000;
202401;1506;1979001383;CAIXA;0.000000000000000;
202401;2258;2019000318;COTAS;6546118.863716000000000;50620572000141
202401;1911;2015000674;COTAS;642368.123901000000000;
202401;2169;1972000111;COTAS;49479879.002528000000000;
202401;2231;2011001218;COTAS;196197.892265000000000;
202401;1804;9970000000;CAIXA;495288.210000000000000;
202401;2169;1972000111;COTAS;55651181.141912000000000;
202401;1911;2013001274;COTAS;70474.955210000000000;
202401;1818;1997001365;COTAS;513767342.189908000000000;02498096000195
202401;1506;9970000000;VL_PG_RC;0.000000000000000;
202401;2258;2019001756;COTAS;167556.580283000000000;50620435000107
202401;1818;2002000174;VL_PG_RC;0.000000000000000;
202401;2169;1999000374;COTAS;54969656.394154000000000;
202401;2231;2011001218;COTAS;219638.645980000000000;
202401;1911;2015000674;COTAS;2979672.253424000000000;09315610000159
202401;2169;1999000374;COTAS;16037712.536209000000000;
202401;2231;2012001947;COTAS;53227.420903000000000;
202401;2258;2019002256;COTAS;44095915.282075000000000;50634860000155
202401;1818;9970000000;COTAS;1164318.019925000000000;02498096000195
202401;2231;2012001947;COTAS;593134.480622000000000;
202401;1911;2015000674;COTAS;4069942.098723000000000;52277799000161
202401;1511;1988002419;COTAS;1594036.477322000000000;
202401;1911;2015000674;COTAS;1159568.617837000000000;42479278000133
202401;2231;2012001947;COTAS;1759974.627081000000000;
202401;2258;2019003211;COTAS;1736800.577447000000000;50641862000171
202401;1852;1985001047;COTAS;452240116.726129000000000;00974902000129
202401;2231;2012001947;COTAS;2083180.350817000000000;
202401;1911;2015000674;VL_PG_RC;-21324.870000000000000;
202401;1715;2008004619;TIT_PUB;196834801.530000000000000;
202401;2231;2012001947;COTAS;139930328.906204000000000;
202401;2258;2019003392;VL_PG_RC;-471.830000000000000;
202401;1511;9970000000;VL_PG_RC;554.980000000000000;
202401;2231;2012001947;COTAS;278891342.946045000000000;44900441000115
202401;2169;1999000374;OPERACAO_PARTICIPANTE;2964239.608779000000000;
202401;1924;1989000274;COTAS;3537464.233601000000000;
202401;1715;9970000000;COTAS;1598600.871535000000000;
202401;2172;2005005592;CAIXA;1822133.790000000000000;
202401;2258;2020001111;COTAS;60879847.004767000000000;50620290000144
202401;1924;1989000274;COTAS;4263242.727997000000000;
202401;1715;9970000000;COTAS;2567216.983911000000000;
202401;1523;1977000274;COTAS;13121179.627853000000000;
202401;2172;2005005592;COTAS;2074269.134295000000000;
202401;2258;2020001292;CAIXA;4.040000000000000;
202401;1924;1989000347;COTAS;8397629.999969000000000;
202401;2172;9970000000;CAIXA;41728.390000000000000;
202401;2258;2020002892;COTAS;2906072.470530000000000;50625158000125
202401;2231;2013001665;COTAS;27050692.684624000000000;44900441000115
202401;1911;2018001711;COTAS;751807.513843000000000;
202401;1924;1989000347;COTAS;2348728.000001000000000;
202401;2231;2014001383;COTAS;182690.524994000000000;
202401;1924;1989000274;COTAS;4043641.627535000000000;
202401;1523;1977000274;COTAS;-95710.933830000000000;
202401;2231;2018002074;COTAS;14678.550863000000000;
202401;1924;2008003711;COTAS;296783061.000001000000000;15044971000100
202401;1523;1977000274;COTAS;-508689.928388000000000;
202401;2213;1991002483;COTAS;86837963.338285000000000;
202401;1852;1985001047;COTAS;28524519.720966000000000;09087368000103
202401;1523;1977000274;COTAS;45228.772068000000000;
202401;2231;2018002074;COTAS;29210159.264285000000000;
202401;1715;9970000000;COTAS;3177437.219293000000000;
202401;2231;2019003074;COTAS;108331.465112000000000;
202401;1924;1989000347;OPERACAO_PARTICIPANTE;469183.520000000000000;
202401;2213;1991002483;COTAS;1066698.557826000000000;
202401;1924;9970000000;CAIXA;5638.820000000000000;
202401;2258;2020002892;COTAS;233491.761257000000000;50634860000155
202401;1924;2008003711;COTAS;26603411.999999000000000;
202401;2213;1991002483;IMOVEIS;9255784.900000000000000;
202401;2231;2019003074;VL_PG_RC;-39080.640000000000000;
202401;2258;2021000974;COTAS;76703176.332371000000000;50620435000107
202401;1924;2008003711;COTAS;109804275.000000000000000;15060248000115
202401;2231;1982002638;COTAS;2004612.673539000000000;
202401;2258;2022003047;COTAS;3381271.482218000000000;51059511000110
202401;1924;2008003711;COTAS;223596220.000000000000000;15060252000183
202401;2258;2023000092;CAIXA;3.810000000000000;
202401;1924;9970000000;COTAS;94388.000000000000000;
202401;2258;1981001565;TIT_PUB;30028256.680000000000000;
202401;2258;2023000092;COTAS;2940122.033122000000000;50620290000144
202401;2258;1989000118;CAIXA;159382.710000000000000;
202401;2292;1998002756;COTAS;120618.561805000000000;
202401;2231;1982002638;TIT_PUB;1397720.350000000000000;
202401;1924;9970000000;COTAS;20467.000000000000000;
202401;1523;1977000274;COTAS;29506323.874465000000000;
202401;1969;1981000356;COTAS;361855.728127000000000;
202401;1523;1977000274;COTAS;4817706180.215210000000000;16916054000131
202401;1924;9970000000;COTAS;1984857.000000000000000;15060253000128
202401;1852;1985001047;COTAS;149347576.722844000000000;42287704000137
202401;1715;9970000000;COTAS;152849.942070000000000;
202401;1523;1977000274;COTAS;2515434329.987684000000000;27455174000103
202401;1883;2006003356;COTAS;15550994.169864000000000;
202401;1969;1981000356;COTAS;456311315.689931000000000;04551365000165
202401;2258;1989000118;COTAS;1274000.491655000000000;50620435000107
202401;2292;1998002756;COTAS;82656.577144000000000;
202401;1729;1990001092;COTAS;2681192.564228000000000;
202401;2258;1990000118;COTAS;1768859.589873000000000;
202401;2292;1998002756;VL_PG_RC;1674388.550000000000000;
202401;1969;1999004019;COTAS;7443970.620231000000000;
202401;2258;1990000118;COTAS;156953.879129000000000;
202401;2292;1998002829;COTAS;1819740.000000000000000;
202401;1883;2006003356;COTAS;41609751.862012000000000;
202401;2258;1990000118;COTAS;7878279.976403000000000;50620435000107
202401;2292;1998002829;COTAS;32243969.538551000000000;
202401;1523;1977000274;COTAS;70897287.017700000000000;53275192000105
202401;1883;2006003356;COTAS;10919967.969830000000000;
202401;2292;1998002829;COTAS;1163406.416213000000000;
202401;2231;1982002719;OPERACAO_PARTICIPANTE;493835.480000000000000;
202401;1746;1982003065;VL_PG_RC;-27148.710000000000000;
202401;1523;1998004465;COTAS;14987.398447000000000;
202401;1763;1990000819;COTAS;12720504.928543000000000;
202401;1969;1999004019;COTAS;186634132.519073000000000;46205976000100
202401;1523;1998004465;COTAS;3765.167382000000000;
202401;1969;1999004019;COTAS;37131850.800000000000000;42870959000128
202401;2258;1992000565;CAIXA;1015.340000000000000;
202401;2231;1982002719;TIT_PUB;58152208.340000000000000;
202401;2258;1992000565;COTAS;3534093.911762000000000;50620435000107
202401;1911;1987000218;COTAS;67145.212153000000000;
202401;2292;1998002829;COTAS;9966361.498078000000000;
202401;1523;1998004465;COTAS;4932185.400000000000000;
202401;1969;9970000000;COTAS;38697.347977000000000;13969771000133
202401;1911;1992001618;COTAS;356737.604198000000000;
202401;2231;1992000956;COTAS;18593.223175000000000;
202401;1523;1998004465;COTAS;-37201.128552000000000;
202401;2258;1992000719;COTAS;16099193.052614000000000;22282955000111
202401;2231;1992000956;COTAS;77231.146043000000000;
202401;1972;2005001783;COTAS;27377230.996454000000000;
202401;2258;1992000719;OPERACAO_PARTICIPANTE;238202.650000000000000;
202401;2231;1994001518;COTAS;888.270206000000000;
202401;2292;1998002829;COTAS;67318643.802381000000000;04764252000148
202401;1523;1998004465;COTAS;1606584.841568000000000;
202401;1972;2005001783;COTAS;60778678.105147000000000;
202401;2292;1998002829;COTAS;67160795.910164000000000;41562294000122
202401;1763;1990000819;COTAS;2316049.038471000000000;
202401;1523;1998004465;COTAS;130721.543173000000000;
202401;1972;2005001783;COTAS;23167599.098522000000000;
202401;1972;2005001783;COTAS;14956016.437767000000000;
202401;1911;1992001618;COTAS;64617.352135000000000;
202401;1972;2005001783;COTAS;9531707.300784000000000;
202401;2258;1994001747;COTAS;7152507.689475000000000;50625158000125
202401;2292;1998002829;IMOVEIS;23332585.610000000000000;
202401;1972;2005001783;COTAS;63167827.285651000000000;
202401;2231;1994001518;TIT_PUB;18770401.410000000000000;
202401;2258;1994001747;VL_PG_RC;-55224.390000000000000;
202401;2231;2008003019;COTAS;3578.300828000000000;
202401;1523;1998004465;COTAS;2359232.342112000000000;
202401;2292;2016000392;COTAS;5451.425050000000000;
202401;2231;2008003019;COTAS;41632.183905000000000;
202401;1972;2005001783;COTAS;44511335.274222000000000;11090936000177
202401;2258;1994003138;CAIXA;47.460000000000000;
202401;1781;1980000174;COTAS;1194965.550073000000000;
202401;2231;2008003019;COTAS;1196425.756700000000000;44703472000186
202401;1911;1992001618;COTAS;518692.311740000000000;36521640000194
202401;2258;1995003174;COTAS;8922380.561085000000000;50625158000125
202401;2292;2016000392;COTAS;77422.507187000000000;
202401;2258;1996000829;COTAS;39066744.683568000000000;51059284000122
202401;2292;2016000392;VL_PG_RC;97377.830000000000000;
202401;2258;1996001329;CAIXA;17.490000000000000;
202401;2231;2008003019;COTAS;11921157.594518000000000;44900441000115
202401;2292;2018002538;COTAS;320044.643829000000000;
202401;2258;1996001329;COTAS;3246304.234659000000000;50625158000125
202401;1781;1980000174;COTAS;43327190.723175000000000;
202401;2292;2018002538;COTAS;1739317.098779000000000;
202401;2258;1996002147;COTAS;21650.868655000000000;
202401;1781;1980000174;COTAS;58083004.340000000000000;
202401;2292;2018002538;COTAS;729458.520151000000000;
202401;2258;1996002147;COTAS;17692556.077335000000000;51059844000149
202401;2292;9970000000;CAIXA;19778.240000000000000;
202401;2258;1997004356;COTAS;284338883.143207000000000;50620290000144
202401;1972;2005001783;OPERACAO_PARTICIPANTE;14247708.120000000000000;
202401;1523;1998004465;COTAS;408373882.236616000000000;14120553000192
202401;1911;1992001618;COTAS;175930.716190000000000;42085062000193
202401;1972;2007000229;COTAS;6143197.241957000000000;
202401;1972;2005001783;VL_PG_RC;-15442.310000000000000;
202401;1781;1980000174;COTAS;1278255.075934000000000;
202401;2258;1998005356;COTAS;248806459.470302000000000;50625158000125
202401;2302;1988000319;VL_PG_RC;0.000000000000000;
202401;2231;2010002474;COTAS;11313825.138898000000000;
202401;1972;2007000229;COTAS;10401391.460033000000000;
202401;1523;1998004465;COTAS;729752.529378000000000;39753127000117
202401;2258;1998005356;VL_PG_RC;-213548.300000000000000;
202401;1972;2007000229;COTAS;15176554.961003000000000;
202401;1781;1980000174;OPERACAO_PARTICIPANTE;6852575300.040000000000000;
202401;1911;1992001618;TIT_PUB;5317498.890000000000000;
202401;2258;1999000765;COTAS;18582255.355840000000000;50620290000144
202401;2004;1987001729;COTAS;662710731.979981000000000;42479235000158
202401;1781;1980000174;TIT_PUB;1086208630.700000000000000;
202401;1523;1998004465;COTAS;14179505.875397000000000;49599183000100
202401;2302;1988000483;COTAS;25987283.237083000000000;
202401;2004;1987001729;VL_PG_RC;-3.060000000000000;
202401;1911;1994001992;COTAS;622128.239005000000000;
202401;2258;1999002229;VL_PG_RC;-129287.990000000000000;
202401;2231;2010002474;COTAS;4148903.137761000000000;
202401;1781;1998003574;COTAS;979218.160377000000000;
202401;2258;1999003683;COTAS;10435156.536233000000000;50620819000120
202401;1781;1998003574;COTAS;14003001.801803000000000;
202401;2018;1980001065;ACOES;11297420.400000000000000;
202401;2231;2011001218;COTAS;2778511.179225000000000;44703483000166
202401;1972;9970000000;COTAS;1319204.249047000000000;04822511000140
202401;1911;1994001992;COTAS;123708.979357000000000;25401546000185
202401;2018;2016001811;COTAS;16993762.451247000000000;
202401;1911;1994001992;COTAS;173042.618150000000000;42085062000193
202401;2302;1988000483;COTAS;651260244.398264000000000;20887247000189
202401;2021;1979001138;COTAS;755555.764747000000000;
202401;2231;2011001218;COTAS;30023256.471924000000000;44900441000115
202401;2302;1988000483;COTAS;9467561.731162000000000;29092660000121
202401;2021;1979001138;COTAS;464891.679733000000000;
202401;1991;1980000565;COTAS;185667421.897965000000000;
202401;2258;2001000618;COTAS;9618.400911000000000;
202401;2021;1991001274;COTAS;1587916.431235000000000;
202401;2258;2001000618;COTAS;17374862.352880000000000;50625158000125
202401;2302;1988000483;OPERACAO_PARTICIPANTE;158242862.560000000000000;
202401;2021;1991001274;OPERACAO_PARTICIPANTE;46329.761249459400000;
202401;2258;2001000618;VL_PG_RC;-19529.760000000000000;
202401;2302;1988002011;COTAS;257991.587200000000000;
202401;1781;1998003574;COTAS;3120413409.004189000000000;01873685000143
202401;1523;1998004465;OPERACAO_PARTICIPANTE;128732346.670000000000000;
202401;2258;2002001138;COTAS;641017.593390000000000;50620435000107
202401;2302;1988002011;COTAS;210259592.435200000000000;29106500000194
202401;1523;2006003674;COTAS;24593855.400958000000000;
202401;2021;2013001118;CAIXA;90072.150000000000000;
202401;2231;2011001218;VL_PG_RC;-24727.540000000000000;
202401;1781;1998003574;COTAS;17179323666.094530000000000;19294570000160
202401;2231;2012001947;COTAS;555885.874679000000000;
202401;1523;2006003674;COTAS;763.592635000000000;
202401;1911;1994001992;OPERACAO_PARTICIPANTE;78055.960000000000000;
202401;2021;2013001118;COTAS;199805.035835000000000;
202401;1991;1980000565;IMOVEIS;2501874.560000000000000;
202401;1911;1994001992;TIT_PUB;13233732.690000000000000;
202401;1523;2006003674;COTAS;9518066.470694000000000;
202401;2258;2003003029;COTAS;40764417.192326000000000;50620290000144
202401;2021;2013001118;COTAS;298057.827238000000000;
202401;2302;9970000000;COTAS;1468682.061829000000000;
202401;2258;2003003029;COTAS;5860176.525076000000000;50620819000120
202401;1781;1998003574;COTAS;152368176.254558000000000;49767385000106
202401;2316;1979000719;COTAS;1326978.715360000000000;
202401;2258;2006000683;COTAS;19196058.662622000000000;50634860000155
202401;2316;2015001311;CAIXA;27501.070000000000000;
202401;2231;2012001947;COTAS;697497.459180000000000;
202401;2258;2006001647;COTAS;464316.397651000000000;
202401;1523;2006003674;COTAS;230598.331339000000000;
202401;2231;2012001947;COTAS;49391419.677903000000000;44703493000100
202401;1523;2006003674;COTAS;195390322.250000000000000;
202401;2316;2015001311;OPERACAO_PARTICIPANTE;14513073.570089903400000;
202401;2231;2013001665;COTAS;4975340.228178000000000;44703493000100
202401;2231;2014001383;COTAS;17493.057691000000000;
202401;1911;1997003211;COTAS;15713863.126891000000000;09315610000159
202401;2258;2006001647;COTAS;408358.638724000000000;
202401;1911;1997003211;COTAS;21526674.863827000000000;25401546000185
202401;2021;9970000000;COTAS;2519833.500100000000000;
202401;1991;2017000892;CAIXA;5303.050000000000000;
202401;1523;2006003674;COTAS;4727158.888747000000000;03191766000199
202401;2316;2015001492;COTAS;1125605.903838000000000;
202401;1781;1998003574;COTAS;2201424.380000000000000;49767689000173
202401;2258;2007002256;VL_PG_RC;-30765.510000000000000;
202401;1991;2017000892;COTAS;6798457.881255000000000;
202401;2316;9970000000;COTAS;1882908.334695000000000;
202401;2258;2007002418;COTAS;46257513.001187000000000;50620435000107
202401;2333;1992001065;COTAS;11646070.518637000000000;
202401;1523;2006003674;COTAS;13130052.643062000000000;08070787000170
202401;2258;2008000338;COTAS;5938621.254394000000000;50634860000155
202401;2333;2019000938;COTAS;575012.012090000000000;
202401;1523;2006003674;COTAS;1196895.936356000000000;16877625000176
202401;2258;2008000729;COTAS;47584676.519968000000000;50620290000144
202401;2395;1994001811;COTAS;12534059.442130000000000;
202401;1523;2006003674;COTAS;184682454.818316000000000;28586408000106
202401;2258;2010005783;COTAS;2867744.535535000000000;04052631000105
202401;1911;1997003211;OPERACAO_PARTICIPANTE;5533491.976887189400000;
202401;1781;1998003574;COTAS;300410529.198659000000000;49769782000117
202401;2018;1980001065;COTAS;11937314.840803000000000;
202401;2231;2014001383;COTAS;644144.259556000000000;
202401;2395;1994001811;COTAS;30428940.920525000000000;
202401;2231;2014001383;COTAS;12251750.368057000000000;
202401;2258;2010005783;COTAS;5089372.282157000000000;50620435000107
202401;1523;2006003674;COTAS;1253803190.586026000000000;50866507000109
202401;2018;2016001811;VL_PG_RC;-2146.270000000000000;
202401;2258;2012001165;COTAS;23192228.528249000000000;04052631000105
202401;1523;2006003674;COTAS;254060764.650000000000000;52982641000192
202401;1523;9970000000;COTAS;15007679.258578000000000;14387403000140
202401;2021;9970000000;VL_PG_RC;34224.400000000000000;
202401;2231;2014001383;TIT_PUB;80489833.630000000000000;
202401;1523;9970000000;COTAS;61228643.715466000000000;16916048000184
202401;2395;1994001811;COTAS;475940.801502000000000;
202401;2258;2014000247;VL_PG_RC;-23623.410000000000000;
202401;2018;9970000000;COTAS;15145942.224515000000000;
202401;2395;1994001811;COTAS;77999934.989459000000000;
202401;1781;1998003574;IMOVEIS;749634075.280000000000000;
202401;2052;1990000983;COTAS;5322739.447719000000000;
202401;2231;2018002074;CAIXA;20550.140000000000000;
202401;1911;1998004147;COTAS;346797.706504000000000;
202401;2052;1990000983;COTAS;6862925.158100000000000;
202401;2395;1994001811;OPERACAO_PARTICIPANTE;8748992.800000000000000;
202401;1523;9970000000;COTAS;265191.005866000000000;49534273000105
202401;2052;1990000983;COTAS;3436332.349116000000000;
202401;2422;1982001747;OPERACAO_PARTICIPANTE;1191.419999945800000;
202401;2231;9970000000;VL_PG_RC;-14.440000000000000;
202401;2258;1990000118;COTAS;2992438.871420000000000;
202401;2258;2014000719;CAIXA;582.260000000000000;
202401;1781;2019002711;COTAS;340384.000000000000000;
202401;2021;1979001138;IMOVEIS;111663.750000000000000;
202401;2258;2014000719;COTAS;19937828.096203000000000;50620435000107
202401;1781;2019002711;COTAS;9062752.653734000000000;40021645000125
202401;2052;1990000983;COTAS;10052294.107209000000000;
202401;2258;2014001529;COTAS;5175666.661268000000000;50625158000125
202401;1781;9970000000;COTAS;75138.301140000000000;
202401;2258;2014001529;VL_PG_RC;-13825.490000000000000;
202401;2021;1979001138;OPERACAO_PARTICIPANTE;8829.540009601200000;
202401;1537;1980001774;ACOES;3.040000000000000;
202401;2422;1994003847;IMOVEIS;27265.690000000000000;
202401;2021;1979001138;TIT_PUB;27764898.220000000000000;
202401;2422;2002003483;CAIXA;156692.150000000000000;
202401;2052;1990000983;COTAS;1724770.154960000000000;
202401;1781;9970000000;TIT_PRIV;84559704.880000000000000;
202401;2422;2002003483;COTAS;7326936.663510000000000;
202401;2052;1990000983;COTAS;1482055.265228000000000;
202401;2021;1991001274;COTAS;1547579.488957000000000;
202401;1911;1998004147;COTAS;438020.928607000000000;
202401;1537;1980001774;CAIXA;16684.770000000000000;
202401;2258;2015000518;COTAS;8884299.403689000000000;50620572000141
202401;1911;1998004147;COTAS;682998.403216000000000;42044228000123
202401;2422;2002003483;OPERACAO_PARTICIPANTE;9013.370000550000000;
202401;1537;1980001774;COTAS;68950420.664323000000000;
202401;2422;2002004218;ACOES;44048.280000000000000;
202401;1537;1980001774;COTAS;2470678.833529000000000;
202401;2422;2002004374;OPERACAO_PARTICIPANTE;64471.279997397900000;
202401;1911;1998005518;COTAS;11962185.187815000000000;
202401;2258;2019001365;CAIXA;18267.620000000000000;
202401;1794;1981001956;COTAS;44956637.049906000000000;
202401;2258;2019001365;COTAS;40836983.966706000000000;50625158000125
202401;1818;1997001365;COTAS;165873133.669999000000000;19941775000190
202401;2021;9970000000;COTAS;295897.208201000000000;
202401;2258;1990000118;COTAS;2396462.439038000000000;
202401;2021;9970000000;COTAS;574832.938964000000000;
202401;1911;1998005518;COTAS;15091253.207666000000000;
202401;1818;2002000174;COTAS;86160161.740124000000000;01631246000124
202401;2422;2002004447;OPERACAO_PARTICIPANTE;1203421.609928881300000;
202401;2258;2019001365;VL_PG_RC;-61850.420000000000000;
202401;2052;1990000983;TIT_PRIV;4060094.690000000000000;
202401;2258;2019002256;CAIXA;289.880000000000000;
202401;1911;1998005518;COTAS;35890501.812353000000000;36521640000194
202401;2052;2006001011;CAIXA;10808.230000000000000;
202401;2422;9970000000;IMOVEIS;6014010.710000000000000;
202401;1911;1998005518;COTAS;15466429.867408000000000;50069086000187
202401;1852;1985001047;COTAS;97279560.367053000000000;
202401;2021;9970000000;COTAS;188930.396079000000000;
202401;1911;1999002156;COTAS;67839.110570000000000;
202401;2052;2006001011;COTAS;1459447.936264000000000;
202401;2258;1990000118;COTAS;78975.623714000000000;
202401;1911;1999002156;COTAS;758327.524073000000000;
202401;2052;2006001011;COTAS;98665.382252000000000;
202401;1852;1985001047;COTAS;330623241.062429000000000;17329754000192
202401;2021;9970000000;IMOVEIS;36351.910000000000000;
202401;2052;2006001011;TIT_PUB;244824.120000000000000;
202401;1911;1999002156;COTAS;203609.620538000000000;
202401;2052;1990000983;COTAS;2492628.075790000000000;
202401;1911;1999002156;COTAS;762498.506238000000000;
202401;2258;2019003147;CAIXA;2.970000000000000;
202401;2484;9970000000;COTAS;4919350.117916000000000;18138920000136
202401;1883;2006003356;COTAS;55645114.628806000000000;
202401;1537;1988000165;COTAS;15267315.615416000000000;
202401;2511;1992001529;COTAS;1183232256.585392000000000;06095367000112
202401;2052;1990000983;COTAS;2512428.872280000000000;
202401;1911;1999002156;COTAS;762305.784182000000000;52277799000161
202401;2258;1990000118;COTAS;132798.992894000000000;
202401;2511;9970000000;VL_PG_RC;-2619.330000000000000;
202401;1911;2000006183;COTAS;69854733.769755000000000;21791224000139
202401;2258;2019003147;VL_PG_RC;-8262.860000000000000;
202401;1911;2005004847;COTAS;2045006.875536000000000;26304143000180
202401;2052;1990000983;COTAS;830738.834886000000000;
202401;2052;9970000000;CAIXA;2025.250000000000000;
202401;1911;2005004847;COTAS;251254.514668000000000;42119530000101
202401;2052;1990000983;COTAS;5777231.662001000000000;
202401;1911;2005004847;VL_PG_RC;-12436.650000000000000;
202401;1537;1988000165;COTAS;3390180.206420000000000;
202401;1911;1993001311;COTAS;2255493.111841000000000;50069086000187
202401;2052;2006001011;COTAS;39341261.465195000000000;
202401;2258;1990000118;COTAS;3059410.035329000000000;29983486000107
202401;1911;2006001411;COTAS;1168587.298217000000000;42479278000133
202401;2052;2006001011;COTAS;846752.297814000000000;
202401;2258;2019003211;COTAS;49634.365644000000000;50620435000107
202401;1911;2006005847;COTAS;1588685.279998000000000;
202401;1911;1993001311;VL_PG_RC;-977.070000000000000;
202401;2525;1974000265;COTAS;5893825.672792000000000;
202401;2083;1973000156;TIT_PRIV;239071960.630000000000000;
202401;2258;2019003392;COTAS;178411.761114000000000;50641862000171
202401;1911;2006005847;COTAS;1282050.857135000000000;
202401;2258;2020001292;VL_PG_RC;-30793.620000000000000;
202401;1911;2006005847;COTAS;995997.746177000000000;42085062000193
202401;2525;1974000338;COTAS;5809005.376759000000000;
202401;2083;1999005211;COTAS;3978068730.306445000000000;05170419000105
202401;2258;1990000118;COTAS;56590793.655305000000000;50625158000125
202401;2083;1999005211;COTAS;100925291.696950000000000;28849695000108
202401;2525;1979004511;COTAS;1944.526923000000000;
202401;2083;1999005211;COTAS;131794968.182782000000000;34792991000104
202401;2258;2020002019;COTAS;199211363.474510000000000;51079513000170
202401;1911;1994001992;CAIXA;230034.120000000000000;
202401;2258;2020002019;VL_PG_RC;-51588.450000000000000;
202401;1911;2006005847;OPERACAO_PARTICIPANTE;2035944.769999795000000;
202401;2258;1992000719;TIT_PRIV;24913693.640000000000000;
202401;2052;9970000000;COTAS;524303.040008000000000;
202401;1911;2007001292;COTAS;1437587.981494000000000;26304143000180
202401;2525;2009003756;COTAS;2371591.439070000000000;
202401;1911;1994001992;COTAS;412439.834179000000000;
202401;1911;2008003183;COTAS;546325.377463000000000;
202401;2525;2009003756;COTAS;294533793.195106000000000;05194813000183
202401;1911;2008003183;COTAS;689508.003222000000000;
202401;2066;1974000192;COTAS;164552429.951422000000000;
202401;2525;2020002256;COTAS;6356.546125000000000;
202401;1911;2008003183;COTAS;2162728.234433000000000;50069086000187
202401;2066;1974000192;COTAS;6108161.624686000000000;
202401;2258;1992000719;VL_PG_RC;7165480.240000000000000;
202401;2525;2020002256;COTAS;40721.429344000000000;45494526000103
202401;2525;9970000000;TIT_PUB;5808869.000000000000000;
202401;2258;1993000992;CAIXA;559156.170000000000000;
202401;2258;2020002892;CAIXA;3.090000000000000;
202401;2258;1993002847;CAIXA;35.450000000000000;
202401;2258;2020003465;CAIXA;18.910000000000000;
202401;2083;1999005211;COTAS;281839855.574193000000000;35600762000103
202401;1911;2009003365;COTAS;154961.188545000000000;
202401;2066;1974000192;COTAS;34517240.196273000000000;
202401;2258;2022003047;CAIXA;23087.230000000000000;
202401;2083;2011002192;COTAS;1186348.240000000000000;
202401;2556;1993000119;VL_PG_RC;69514354.380000000000000;
202401;1911;2009003365;COTAS;356479.796222000000000;
202401;1537;1988000165;TIT_PRIV;61608909.590000000000000;
202401;1911;2009003365;COTAS;370248.112014000000000;
202401;2066;1974000192;COTAS;15559049.626637000000000;
202401;1537;9970000000;CAIXA;2595.590000000000000;
202401;1911;2009003365;COTAS;6067845.929110000000000;21791224000139
202401;1911;1994001992;COTAS;163782.281922000000000;42044228000123
202401;1911;1994001992;COTAS;313140.931360000000000;50069086000187
202401;2258;1993003811;VL_PG_RC;-97451.860000000000000;
202401;2258;2022003047;VL_PG_RC;-4587.450000000000000;
202401;2083;2011002192;COTAS;8843534.684683000000000;03573959000104
202401;2292;1998002756;COTAS;1821705.953380000000000;
202401;2556;1998007618;COTAS;362002.966715000000000;
202401;2083;2011002192;VL_PG_RC;0.000000000000000;
202401;2292;1998002756;COTAS;3145634.176852000000000;50799566000101
202401;2556;1998007618;COTAS;17053.695945000000000;
202401;2083;2019002329;CAIXA;500.000000000000000;
202401;2292;1998002829;COTAS;5961.251171000000000;
202401;2258;1994001356;COTAS;86715207.586319000000000;50620290000144
202401;2258;1994001429;COTAS;83180974.003448000000000;50620290000144
202401;2556;1998007618;COTAS;420548.933253000000000;
202401;1911;2013001274;CAIXA;97419.260000000000000;
202401;2292;1998002829;COTAS;6464741.647992000000000;
202401;2066;1974000192;COTAS;13674930.453723000000000;
202401;2083;2020000229;COTAS;133326879.412569000000000;05170419000105
202401;1537;9970000000;COTAS;3335111.137630000000000;
202401;1911;2013001274;COTAS;48177.261559000000000;
202401;1541;1986000656;COTAS;4969121.796124000000000;
202401;2292;1998002829;COTAS;1980793.735701000000000;
202401;2083;2020000229;TIT_PRIV;373923.140000000000000;
202401;2556;1998007618;COTAS;4059730.000000000000000;
202401;2292;1998002829;COTAS;2598003.044972000000000;
202401;2556;1998007618;COTAS;15817935.223220000000000;
202401;1911;2013001274;COTAS;92526.701460000000000;
202401;2556;1998007618;COTAS;18181215.822371000000000;
202401;2066;1974000192;COTAS;249982006.627508000000000;
202401;2556;1998007618;COTAS;16616536.940061000000000;
202401;2071;1986000583;VL_PG_RC;303041.840000000000000;
202401;2292;1998002829;COTAS;11823578.103020000000000;
202401;2556;2018001574;COTAS;71168.894587000000000;
202401;1911;1997003211;COTAS;2330489.421005000000000;
202401;2292;1998002829;COTAS;31344799.046202000000000;
202401;1541;1986000656;IMOVEIS;26925247.000000000000000;
202401;2556;2018001574;VL_PG_RC;-117.200000000000000;
202401;1911;1997003211;COTAS;3020971.499307000000000;
202401;2292;1998002829;COTAS;13907356.029282000000000;
202401;2083;1973000156;COTAS;78817895.027756000000000;03519674000195
202401;1911;2013001274;COTAS;199228.069373000000000;09315610000159
202401;1541;1986000656;TIT_PUB;322420766.850000000000000;
202401;2083;2020000229;TIT_PUB;117094954.460000000000000;
202401;2561;1999000447;COTAS;20901449.863040000000000;
202401;2292;1998002829;COTAS;110204319.279218000000000;50799566000101
202401;1911;2018001711;CAIXA;0.000000000000000;
202401;2083;9970000000;COTAS;52641963.453469000000000;00856171000117
202401;2292;2016000392;COTAS;99303.297030000000000;
202401;2083;9970000000;COTAS;103278233.958071000000000;03256787000145
202401;2292;2016000392;COTAS;2831144.625973000000000;
202401;2258;1995000183;CAIXA;3549.590000000000000;
202401;2083;1999005211;ACOES;936012.340000000000000;
202401;2561;2014000174;COTAS;63744309.932408000000000;
202401;1911;1997003211;COTAS;8774745.622646000000000;
202401;2083;1999005211;COTAS;924523377.852644000000000;16569908000150
202401;1554;1978000456;VL_PG_RC;24470239.670000000000000;
202401;1911;2018001711;COTAS;225605.637790000000000;
202401;2083;2000008283;COTAS;116260830.276974000000000;16569908000150
202401;2138;9970000000;VL_PG_RC;0.000000000000000;
202401;2258;1995000183;COTAS;1838823.223913000000000;50620572000141
202401;2169;1972000111;COTAS;35530332.681624000000000;
202401;2292;2016000392;COTAS;480378.635373000000000;50765883000107
202401;1911;1997003211;COTAS;1158824.556473000000000;52277799000161
202401;2561;2014000174;COTAS;114703363.490371000000000;
202401;2292;2016000392;OPERACAO_PARTICIPANTE;1113115.420648000000000;
202401;2258;1995003174;VL_PG_RC;-40491.300000000000000;
202401;1911;1997003211;VL_PG_RC;-8341.290000000000000;
202401;2292;2018002538;COTAS;502632.000000000000000;
202401;1911;2018001711;COTAS;1634401.894801000000000;09315610000159
202401;2561;2014001219;COTAS;59048186.700791000000000;
202401;1911;1998004147;COTAS;306756.859579000000000;
202401;2292;2018002538;COTAS;416796.983603000000000;
202401;2561;2014001219;COTAS;86657400.803317000000000;
202401;1911;1998005518;COTAS;11091842.794413000000000;42119530000101
202401;1554;9970000000;CAIXA;61603.090000000000000;
202401;2561;9970000000;COTAS;517696.793282000000000;
202401;1911;1998005518;TIT_PUB;253902298.880000000000000;
202401;1571;1980001383;COTAS;9700296.446331000000000;
202401;1911;1999002156;COTAS;863525.373552000000000;
202401;1911;2018001711;COTAS;513852.088254000000000;42044228000123
202401;2169;1972000111;VL_PG_RC;-445083.190000000000000;
202401;2169;1999000374;COTAS;15831557.773359000000000;
202401;1571;1996000365;CAIXA;467291.210000000000000;
202401;2659;1995001783;VL_PG_RC;-103674.580000000000000;
202401;2292;2018002538;TIT_PUB;305466716.590000000000000;
202401;2693;1993000811;COTAS;13221227.543851000000000;
202401;2302;1988000319;COTAS;22033616.504498000000000;29106500000194
202401;2169;1999000374;COTAS;15069016.258853000000000;
202401;2258;1995003719;VL_PG_RC;-52372.550000000000000;
202401;2302;1988000483;CAIXA;638895.850000000000000;
202401;2083;2011002192;COTAS;109800974.516997000000000;05170419000105
202401;2169;1999000374;COTAS;257996410.751374000000000;02143194000100
202401;1911;2018001711;OPERACAO_PARTICIPANTE;2094863.809839991400000;
202401;1911;1999002156;COTAS;5957373.595786000000000;21791224000139
202401;2172;2020000865;CAIXA;159213.490000000000000;
202401;1571;1996000365;COTAS;285896874.448337000000000;
202401;2693;1993000811;COTAS;15491774.288966000000000;
202401;2213;1991002483;COTAS;52712000.582888000000000;
202401;1571;4015710029;VL_PG_RC;0.000000000000000;
202401;2302;1988000483;COTAS;4538007.700461000000000;
202401;2083;2011002192;COTAS;7015132.451543000000000;09296055000165
202401;1585;2006000911;COTAS;82208782.934198000000000;17453712000169
202401;1911;1999002156;COTAS;3394094.022956000000000;25401546000185
202401;2693;1993000811;COTAS;64553010.968244000000000;40921948000102
202401;2231;1982002719;COTAS;10041816.971635000000000;
202401;1911;1999002156;COTAS;1026167.263955000000000;42479278000133
202401;2693;2021001938;COTAS;1182669.527372000000000;40921948000102
202401;2083;2011002265;COTAS;6370633.202391000000000;03573959000104
202401;1911;2000006183;COTAS;18516391.682763000000000;36521640000194
202401;2258;1996000829;COTAS;569934.667510000000000;
202401;2083;2011002265;VL_PG_RC;0.000000000000000;
202401;1911;2000006183;COTAS;1993298.632971000000000;42119530000101
202401;2693;2021001938;COTAS;327756.952345000000000;41215415000160
202401;1911;2000006183;TIT_PUB;226736137.320000000000000;
202401;2302;1988000483;COTAS;650562387.466482000000000;00977449000104
202401;2231;1982002883;COTAS;297415.678383000000000;
202401;1585;2006000911;COTAS;92100006.155448000000000;20889158000171
202401;2721;2004002018;COTAS;203479546.570196000000000;28021980000128
202401;1911;2005004847;CAIXA;239493.860000000000000;
202401;2083;2012000274;COTAS;3979879.383603000000000;16569908000150
202401;2796;1993002529;CAIXA;39486.630000000000000;
202401;2302;1988002011;VL_PG_RC;-629.360000000000000;
202401;2316;2015001492;IMOVEIS;38400143.280000000000000;
202401;2083;2012000274;COTAS;1662660.083822000000000;34792991000104
202401;2083;2019002329;COTAS;1409470.070763000000000;11308040000111
202401;1911;9970000000;COTAS;2445973.068969000000000;50069086000187
202401;2333;9970000000;COTAS;2421877.663780000000000;
202401;2231;1992000956;COTAS;23611.209114000000000;
202401;2083;2020000229;COTAS;10124035.091423000000000;09296055000165
202401;1599;1979001219;COTAS;168035629.981349000000000;05324555000102
202401;2231;1998000583;VL_PG_RC;-15.000000000000000;
202401;2796;1993002529;COTAS;110876640.418297000000000;14298810000180
202401;2395;1994001811;CAIXA;44036.970000000000000;
202401;1924;1989000274;COTAS;11925123.737389000000000;
202401;2796;9970000000;VL_PG_RC;1201.540000000000000;
202401;2395;1994001811;COTAS;453301.801891000000000;
202401;1924;1989000347;CAIXA;21614.440000000000000;
202401;2395;1994001811;COTAS;90211253.297487000000000;
202401;2811;1993002774;COTAS;7382813.151586000000000;
202401;2231;2008003019;COTAS;1016.612236000000000;
202401;2811;1993002774;COTAS;27874566.563347000000000;
202401;2231;2008003019;COTAS;1153743.080804000000000;44703483000166
202401;2258;1996000829;COTAS;75356390.248016000000000;04052631000105
202401;2811;1993002774;COTAS;44267068.766780000000000;
202401;1911;2005004847;COTAS;227466.059772000000000;
202401;1599;2001002483;COTAS;152060986.626897000000000;26179544000156
202401;2811;1993002774;COTAS;2704529.869456000000000;
202401;2231;2010002229;COTAS;1846194.510182000000000;
202401;1599;2001002483;IMOVEIS;288634.510000000000000;
202401;2395;1994001811;COTAS;13870105.593366000000000;
202401;2811;1993002774;COTAS;19629366.645006000000000;
202401;1911;2005004847;COTAS;850946.301487000000000;50069086000187
202401;2258;1996000829;COTAS;271222506.717538000000000;51059511000110
202401;2395;1994001811;COTAS;16927396.391839000000000;
202401;2231;2010002229;COTAS;2402626.836012000000000;
202401;1599;9970000000;COTAS;1888150.227116000000000;35726949000158
202401;2395;1994001811;VL_PG_RC;19221.150000000000000;
202401;1924;1989000347;COTAS;14053974.000000000000000;41888673000107
202401;1911;2006001411;COTAS;2102503.475267000000000;42085062000193
202401;2395;9970000000;CAIXA;95964.750000000000000;
202401;1924;2008003711;CAIXA;19889.070000000000000;
202401;2422;1982001356;CAIXA;2524.500000000000000;
202401;2258;1996000829;FUTURO;9533.200000000000000;
202401;1924;2008003711;COTAS;222178968.000000000000000;15060253000128
202401;1911;2006005847;COTAS;2497488.774233000000000;36521640000194
202401;2258;1996000829;VL_PG_RC;-264987.090000000000000;
202401;1599;9970000000;VL_PG_RC;-2496.850000000000000;
202401;1924;9970000000;COTAS;64289.000001000000000;
202401;1911;2007001292;COTAS;214020.584995000000000;
202401;2258;1996002147;COTAS;36406.329980000000000;
202401;2811;1993002774;COTAS;16776696.055699000000000;
202401;1924;9970000000;COTAS;2031679.999998000000000;15044971000100
202401;2258;1996002147;COTAS;7462205.610463000000000;50620435000107
202401;1661;1990001718;CAIXA;14732497.230000000000000;
202401;1911;2007001292;COTAS;218116.125794000000000;
202401;1661;9970000000;COTAS;196521.111061000000000;
202401;2231;2010002229;COTAS;174068588.959804000000000;44703493000100
202401;1911;2007001292;COTAS;805960.771943000000000;
202401;2258;1997000547;COTAS;402681.871998000000000;50625158000125
202401;1674;2014000492;COTAS;1781529.194745000000000;
202401;1911;2007001292;COTAS;248641.493107000000000;52277799000161
202401;2258;1997000547;VL_PG_RC;-405.160000000000000;
202401;2422;1982001356;COTAS;431169.051695000000000;
202401;2083;2020000229;COTAS;1014579.236885000000000;34792991000104
202401;2422;1982001747;CAIXA;293406.990000000000000;
202401;2231;2010002229;IMOVEIS;66298138.380000000000000;
202401;1674;2014000492;COTAS;1215505.994812000000000;
202401;2083;2020000229;OPERACAO_PARTICIPANTE;9375041.450589620200000;
202401;1969;1981000356;COTAS;15212628.861999000000000;
202401;2811;1993002774;COTAS;6289790.038305000000000;
202401;1911;2007001292;VL_PG_RC;-48709.520000000000000;
202401;2422;1982001747;COTAS;30026897.280654000000000;
202401;2811;1993002774;VL_PG_RC;165381.820000000000000;
202401;2231;2010002229;OPERACAO_PARTICIPANTE;44971997.098097511900000;
202401;2811;9970000000;COTAS;15662.947795000000000;
202401;2422;1982001747;VL_PG_RC;729260.590000000000000;
202401;2258;1997004356;CAIXA;254.200000000000000;
202401;2823;1994000465;COTAS;385634191.669916000000000;
202401;2422;1994003383;IMOVEIS;145526.780000000000000;
202401;2823;1994000465;COTAS;47018641.161692000000000;
202401;2422;2002002665;OPERACAO_PARTICIPANTE;848.030000014600000;
202401;2823;1994000465;COTAS;11244673.620485000000000;
202401;2258;1999003829;COTAS;8619870.106678000000000;50625158000125
202401;2422;2002002738;ACOES;29080.720000000000000;
202401;2823;1994000465;VL_PG_RC;3885554.360000000000000;
202401;2422;2002002738;VL_PG_RC;553978.570000000000000;
202401;1969;1981000356;VL_PG_RC;-4875.590000000000000;
202401;2422;2002002819;ACOES;8479.580000000000000;
202401;2258;2000004156;COTAS;3892557.607338000000000;50620290000144
202401;2231;2010002474;COTAS;4761898.249751000000000;
202401;2422;2002003238;IMOVEIS;499012.580000000000000;
202401;1969;9970000000;CAIXA;168101.630000000000000;
202401;1911;2009003365;CAIXA;449434.060000000000000;
202401;2422;2002003483;IMOVEIS;962019.860000000000000;
202401;1972;2005001783;COTAS;7878696.358707000000000;
202401;2422;2002003556;ACOES;18639.750000000000000;
202401;2823;1994000538;CAIXA;2443754.830000000000000;
202401;1674;2014000492;COTAS;7390535.677023000000000;
202401;2258;2000006019;CAIXA;5.000000000000000;
202401;2823;1994000538;COTAS;93951888.139603000000000;
202401;2083;2020001438;COTAS;235071909.436058000000000;05170419000105
202401;1674;2015000356;COTAS;43071.354753000000000;
202401;2422;2002003556;CAIXA;147389.540000000000000;
202401;2823;1994000538;COTAS;60257063.986147000000000;
202401;2258;2002001138;COTAS;1718006.069110000000000;50625158000125
202401;2141;9970000000;CAIXA;2807.700000000000000;
202401;2422;2002003556;COTAS;5445165.442426000000000;
202401;2823;1994000538;COTAS;13888397.982708000000000;
202401;1911;2009003365;COTAS;222704.581560000000000;
202401;2422;2002003718;IMOVEIS;955839.070000000000000;
202401;1972;2005001783;COTAS;2665093.383502000000000;
202401;1911;2009003365;COTAS;3130018.577992000000000;50069086000187
202401;2231;2010002474;VL_PG_RC;-429434.030000000000000;
202401;2823;1994000538;COTAS;32085842.220110000000000;
202401;2141;9970000000;VL_PG_RC;0.000000000000000;
202401;1972;2005001783;COTAS;8283207.003224000000000;
202401;1911;2009003365;COTAS;226416.525494000000000;52277799000161
202401;2155;1985000938;CAIXA;8494.820000000000000;
202401;2823;9970000000;COTAS;961372.486428000000000;
202401;1674;2015000356;COTAS;454033.530932000000000;
202401;2258;2005005411;COTAS;33025144.941486000000000;50625158000125
202401;2841;1993003592;CAIXA;618.100000000000000;
202401;2231;2011001218;COTAS;11668.354894000000000;
202401;1911;2009003365;VL_PG_RC;-12195.830000000000000;
202401;2155;1985000938;COTAS;313403772.592890000000000;07364774000140
202401;1972;2005001783;COTAS;2911427.468000000000000;
202401;2841;1993003592;COTAS;20102058.013135000000000;50825985000162
202401;1911;2013001274;COTAS;35301.629060000000000;
202401;2258;2005005411;VL_PG_RC;-25482.510000000000000;
202401;2155;9970000000;CAIXA;1941.060000000000000;
202401;2841;2005004529;COTAS;45517.448000000000000;
202401;2231;2011001218;COTAS;293547.781981000000000;
202401;2258;2006000683;VL_PG_RC;-111904.100000000000000;
202401;2841;2005004529;COTAS;2071976.478751000000000;51983827000101
202401;2422;2002004218;IMOVEIS;4398959.310000000000000;
202401;2169;1999000374;COTAS;38615515.038752000000000;
202401;2841;2005004611;COTAS;55974183.134473000000000;
202401;1972;2005001783;COTAS;51021321.913317000000000;04822511000140
202401;2231;2011001218;COTAS;14642680.034408000000000;
202401;2841;4028410029;COTAS;1798332.674706000000000;51854557000120
202401;1972;2005001783;COTAS;32229349.957418000000000;36947582000165
202401;2258;2006006111;COTAS;2271382.944517000000000;50620435000107
202401;2169;1999000374;COTAS;19597944.227667000000000;
202401;2422;2002004447;CAIXA;3049000.580000000000000;
202401;1911;2013001274;COTAS;758512.646793000000000;21791224000139
202401;1972;2007000229;COTAS;301343.176535000000000;
202401;2422;2002004447;COTAS;434691324.902062000000000;
202401;1674;2015000356;COTAS;4610728.424369000000000;
202401;1911;2013001274;COTAS;288511.942235000000000;25401546000185
202401;2841;9970000000;COTAS;12444662.237584000000000;51911677000112
202401;1972;2007000229;COTAS;14724724.830832000000000;
202401;1674;2015000356;COTAS;140014.217699000000000;
202401;2854;2011000319;COTAS;63207238.428109000000000;
202401;2422;9970000000;ACOES;13825.530000000000000;
202401;1972;9970000000;COTAS;687612.764454000000000;
202401;1911;2013001274;OPERACAO_PARTICIPANTE;674062.289402945200000;
202401;2854;2011000319;TIT_PUB;201441277.560000000000000;
202401;2484;2004001992;COTAS;22529781.619610000000000;42865537000164
202401;2258;2007000611;CAIXA;373694.970000000000000;
202401;1972;9970000000;COTAS;1876992.959900000000000;
202401;2854;9970000000;COTAS;2073041.889055000000000;
202401;2484;2005000183;COTAS;12454668.230544000000000;42865537000164
202401;2258;2007000611;COTAS;79174808.236092000000000;50620290000144
202401;1911;2015000674;COTAS;2175166.053762000000000;
202401;2484;9970000000;VL_PG_RC;57303.570000000000000;
202401;2231;2011001218;COTAS;2929007.576490000000000;44703472000186
202401;1972;9970000000;COTAS;1166124.777677000000000;15166133000100
202401;2511;1992001529;COTAS;547662382.909664000000000;06095369000101
202401;2172;1988003229;VL_PG_RC;-4156.930000000000000;
202401;2258;2007002418;CAIXA;72.800000000000000;
202401;2525;1974000265;CAIXA;31672.370000000000000;
202401;1674;2016000783;COTAS;3608878.693439000000000;
202401;2258;2007002418;COTAS;8881237.532819000000000;50620290000144
202401;1991;1996003119;CAIXA;19685.970000000000000;
202401;1911;2015000674;COTAS;264237.401458000000000;
202401;1674;2016000783;COTAS;1365944.947826000000000;
202401;2525;1974000265;TIT_PUB;1057928577.900000000000000;
202401;2231;2012001947;CAIXA;330066.570000000000000;
202401;1911;2018001711;COTAS;2767228.356933000000000;36521640000194
202401;2525;1974000338;COTAS;209345.400561000000000;
202401;2213;1991002483;CAIXA;1733984.420000000000000;
202401;2258;2007002418;COTAS;1938165.409187000000000;50634601000124
202401;2231;2012001947;IMOVEIS;18444082.090000000000000;
202401;1924;1989000274;COTAS;8399738.014439000000000;
202401;2525;1974000338;COTAS;15965579.851447000000000;45521758000103
202401;2909;1993003411;TIT_PUB;7544998.700000000000000;
202401;1991;1996003119;COTAS;400683596.779533000000000;
202401;2525;1979004511;COTAS;40.873099000000000;
202401;2258;2007003211;COTAS;24747313.391154000000000;50620435000107
202401;1991;1996003119;COTAS;143464478.431166000000000;
202401;2231;2012001947;OPERACAO_PARTICIPANTE;5388612.950089187000000;
202401;1674;2016000783;COTAS;3609704.689501000000000;
202401;2258;2008001792;OPERACAO_PARTICIPANTE;955588.154246000000000;
202401;1674;2016000783;COTAS;2662.431510000000000;
202401;2525;1979004511;COTAS;3566742.330373000000000;05194813000183
202401;2231;2014001383;OPERACAO_PARTICIPANTE;863050.630000000000000;
202401;2525;2009003756;COTAS;83823.691633000000000;
202401;2231;2019003074;COTAS;14574726.916536000000000;
202401;2909;2010004711;CAIXA;1627.870000000000000;
202401;2525;2009003756;COTAS;11472700.505923000000000;41763054000196
202401;2231;2019003074;OPERACAO_PARTICIPANTE;6210230.270240869800000;
202401;2213;1991002483;COTAS;11773032.695160000000000;
202401;2018;1980001065;COTAS;48462037.624651000000000;05508427000119
202401;2258;1989000118;COTAS;81971081.131237000000000;50634860000155
202401;1924;1989000274;COTAS;7709233.666893000000000;
202401;2258;2010001338;COTAS;697429.908753000000000;50620435000107
202401;1674;2016000783;COTAS;1200476.008072000000000;
202401;2018;1980001065;IMOVEIS;29392713.470000000000000;
202401;2912;2005006711;CAIXA;49684.530000000000000;
202401;2525;2009003756;COTAS;80158944.267826000000000;45521758000103
202401;2926;1998002519;VL_PG_RC;0.000000000000000;
202401;2525;2020002256;COTAS;151789.304013000000000;04573108000124
202401;2018;1980001065;TIT_PUB;645621171.170000000000000;
202401;2258;1990000118;COTAS;4242980.228031000000000;
202401;2931;1994000211;COTAS;9385223.278957000000000;
202401;2021;1979001138;COTAS;568386.466215000000000;
202401;2525;2020002256;COTAS;67704.397969000000000;45521758000103
202401;2258;2010005783;CAIXA;6497.520000000000000;
202401;2021;1979001138;COTAS;964560.245672000000000;
202401;2258;2010005783;COTAS;15846936.481209000000000;50620572000141
202401;1924;1989000274;COTAS;22109747.159106000000000;15060248000115
202401;2021;1991001274;COTAS;851778.571109000000000;
202401;2258;2012000983;COTAS;2634328.064853000000000;50620435000107
202401;2258;1990000118;COTAS;3509912.607268000000000;
202401;1924;1989000274;COTAS;144421063.798881000000000;15060252000183
202401;2213;1991002483;COTAS;36017507.621303000000000;
202401;2931;1994000211;COTAS;13706204.899270000000000;
202401;2258;2014000247;COTAS;58556018.859643000000000;50625158000125
202401;2258;1990000118;COTAS;0.010376000000000;
202401;2991;1985000547;COTAS;669832.084981000000000;
202401;2021;2013001118;COTAS;98361.798631000000000;
202401;1674;2019001918;COTAS;3206047.921848000000000;
202401;1924;1989000347;COTAS;2942375.000000000000000;
202401;2213;1991002483;COTAS;185454425.730000000000000;28581086000102
202401;1674;2019001918;COTAS;763926.873415000000000;
202401;2258;2014000719;VL_PG_RC;-47080.120000000000000;
202401;2258;1990000118;COTAS;1230173.851715000000000;
202401;2991;1985000547;COTAS;1423542.921161000000000;41978492000171
202401;2258;2014001618;COTAS;7887652.233113000000000;50620290000144
202401;2525;2020002256;VL_PG_RC;1.270000000000000;
202401;2991;1985000547;OPERACAO_PARTICIPANTE;1316429.080000000000000;
202401;2231;1982002719;CAIXA;59444.620000000000000;
202401;2525;2023000556;COTAS;2166321.272204000000000;
202401;2991;1994002492;COTAS;823180.000000000000000;
202401;2258;2015000518;CAIXA;2.260000000000000;
202401;2525;9970000000;TIT_PRIV;12224.460000000000000;
202401;2258;1990000118;COTAS;4329201.438150000000000;22282955000111
202401;1924;2008003711;COTAS;5377442.000001000000000;
202401;1674;2019001918;COTAS;5908547.258875000000000;
202401;2991;1994002492;COTAS;5210029.085590000000000;
202401;2231;1982002719;COTAS;131876.427064000000000;
202401;2556;1993000119;COTAS;137482.356104000000000;
202401;2991;1994002492;COTAS;14237097.700000000000000;
202401;1924;2008003711;COTAS;19957628.000000000000000;
202401;2556;1993000119;COTAS;63724.427200000000000;
202401;2231;1982002883;IMOVEIS;607432.760000000000000;
202401;2021;2013001118;VL_PG_RC;219983.200000000000000;
202401;2258;1990000118;COTAS;2456125.316591000000000;49927877000111
202401;2231;1982002883;OPERACAO_PARTICIPANTE;453311.929975193400000;
202401;2021;9970000000;CAIXA;81452.900000000000000;
202401;2991;1994002492;COTAS;894062.464515000000000;
202401;1924;9970000000;COTAS;197753.000093000000000;
202401;2021;9970000000;COTAS;151493.099408000000000;
202401;2231;1982002883;TIT_PUB;126374502.200000000000000;
202401;2231;1987000511;CAIXA;132.470000000000000;
202401;2991;1994002492;COTAS;10497741.450355000000000;
202401;2556;1993000119;COTAS;2232869.611087000000000;
202401;2991;9970000000;COTAS;2361531.372819000000000;
202401;2258;2016000929;CAIXA;8.680000000000000;
202401;1969;1999004019;COTAS;187860471.939594000000000;17898668000109
202401;3006;1994002174;COTAS;114378.289375000000000;
202401;3006;9970000000;CAIXA;221351.810000000000000;
202401;1674;9970000000;COTAS;926582.113837000000000;
202401;2556;1993000119;COTAS;4059730.000000000000000;
202401;3023;1979003718;VL_PG_RC;-11413.010000000000000;
202401;1972;2005001783;COTAS;8119460.004242000000000;
202401;2258;2016001038;CAIXA;14.270000000000000;
202401;2231;1987000511;COTAS;2382666.630512000000000;
202401;2258;1990000118;VL_PG_RC;130275.660000000000000;
202401;3037;1994001119;COTAS;448223.405416000000000;
202401;2258;2016001119;CAIXA;0.360000000000000;
202401;3037;1994001119;COTAS;5550623.615281000000000;
202401;1972;2005001783;COTAS;4306799.607168000000000;
202401;3037;9970000000;COTAS;17280.603981000000000;
202401;2556;1993000119;COTAS;2151972.339978000000000;
202401;2021;9970000000;COTAS;460356.340971000000000;
202401;3037;9970000000;COTAS;2284.478160000000000;
202401;1674;9970000000;VL_PG_RC;-168.280000000000000;
202401;2258;2017001074;CAIXA;52014.560000000000000;
202401;2231;1994001518;COTAS;56600.018353000000000;
202401;2258;1992000492;COTAS;57713262.601118000000000;50620290000144
202401;1972;2005001783;COTAS;136358051.151585000000000;46449503000140
202401;3085;2000007074;COTAS;9141440.060387000000000;
202401;2556;1993000119;OPERACAO_PARTICIPANTE;10586175.519480000000000;
202401;1972;2007000229;CAIXA;42362.850000000000000;
202401;3085;2000007074;VL_PG_RC;13070.330000000000000;
202401;2556;1998007618;COTAS;5115416.818883000000000;
202401;1688;1979002274;COTAS;113649436.747792000000000;
202401;3099;1994004411;OPERACAO_PARTICIPANTE;1855.590000000000000;
202401;2556;1998007618;COTAS;11787651.484418000000000;
202401;1972;2007000229;COTAS;9531732.552051000000000;
202401;3099;1999004892;COTAS;9713561.290000000000000;
202401;2052;1990000983;COTAS;275836.050000000000000;
202401;2258;1992000565;COTAS;8000187.448013000000000;50625158000125
202401;3099;1999005392;COTAS;945907.559999000000000;
202401;2258;2017001074;COTAS;1632179.820819000000000;50620290000144
202401;2231;1994001518;COTAS;11639.987339000000000;
202401;1688;1979002274;VL_PG_RC;78756534.730000000000000;
202401;2052;1990000983;COTAS;1531882.025492000000000;
202401;2231;1994001518;COTAS;30045.980818000000000;
202401;1972;2007000229;COTAS;28061359.592099000000000;
202401;3099;1999005465;COTAS;449513.049205000000000;
202401;2052;1990000983;COTAS;61912.939413000000000;
202401;1972;2007000229;VL_PG_RC;-3449.600000000000000;
202401;1715;1979000174;CAIXA;763214.980000000000000;
202401;2556;1998007618;COTAS;13379348.232253000000000;
202401;2258;1992000719;COTAS;1259074.988966000000000;
202401;2258;2017001147;CAIXA;117578.460000000000000;
202401;2556;1998007618;VL_PG_RC;66417097.010000000000000;
202401;2052;1990000983;COTAS;490185.495555000000000;
202401;2231;1994001518;COTAS;17287246.888825000000000;
202401;1715;1979000174;COTAS;2033213.968862000000000;
202401;2052;2006001011;COTAS;4292106.111774000000000;
202401;2258;1992000719;COTAS;204926990.060582000000000;
202401;3099;1999005465;COTAS;47194204.980031000000000;04701028000107
202401;2258;2017001538;VL_PG_RC;-43924.990000000000000;
202401;2231;1998000583;TIT_PUB;516312.550000000000000;
202401;3099;2020003074;VL_PG_RC;-12142.710000000000000;
202401;2556;2018001574;CAIXA;2438.200000000000000;
202401;3126;1993001492;COTAS;3596038.825969000000000;
202401;2258;1993000992;COTAS;96940219.733117000000000;50620290000144
202401;2556;9970000000;COTAS;6593023.146206000000000;
202401;2231;2008003019;VL_PG_RC;-12287.580000000000000;
202401;2052;2006001011;COTAS;2984169.040628000000000;
202401;2561;2014001219;COTAS;57002894.775904000000000;41545586000157
202401;1715;1979000174;COTAS;3614391.966532000000000;
202401;2659;1995001783;COTAS;60777704.960007000000000;13130811000159
202401;2258;1993002847;COTAS;91332071.773859000000000;50620290000144
202401;1715;1979000174;COTAS;20610078.854647000000000;
202401;2066;1974000192;COTAS;4720698.673214000000000;
202401;1972;9970000000;COTAS;877111.035869000000000;
202401;2258;1994001356;COTAS;20908582.267529000000000;50634601000124
202401;2258;2017001619;COTAS;3166388.934704000000000;50634860000155
202401;2659;2000002447;COTAS;18586975.639999000000000;
202401;3126;1993002219;COTAS;8710382.997880000000000;
202401;2258;1994003138;COTAS;58363364.759966000000000;50620290000144
202401;2231;2010002229;COTAS;5495314.732008000000000;
202401;2693;2021001938;COTAS;2292709.689593000000000;
202401;3126;1993002219;VL_PG_RC;281401.040000000000000;
202401;2258;1994003138;COTAS;11001876.712550000000000;50620819000120
202401;2258;2019001292;CAIXA;377.430000000000000;
202401;2693;2021001938;COTAS;236575.695132000000000;
202401;2066;1974000192;COTAS;23368861.206450000000000;
202401;1972;9970000000;COTAS;270454.910442000000000;
202401;2231;2010002229;COTAS;7861670.148901000000000;
202401;1715;1979000174;COTAS;17884906.358469000000000;
202401;1972;9970000000;COTAS;905465.529141000000000;36947582000165
202401;2231;2010002229;COTAS;966542115.251179000000000;44900441000115
202401;2693;2021001938;COTAS;160891.900063000000000;
202401;2066;1974000192;COTAS;87951633.101860000000000;
202401;3126;1994002956;COTAS;55878415.911444000000000;
202401;2258;1995003174;COTAS;5373311.918073000000000;50620435000107
202401;2066;1974000192;COTAS;37717.888252000000000;
202401;2231;2010002474;COTAS;1988133.441017000000000;
202401;1991;1980000565;COTAS;29685121.593613000000000;
202401;3126;1994002956;COTAS;24743369.760161000000000;
202401;2693;2021001938;COTAS;1168001.775593000000000;39818045000103
202401;1991;1980000565;COTAS;457053726.363910000000000;35153518000140
202401;3126;1995000711;COTAS;8789814.418092000000000;
202401;2721;2004002018;COTAS;3698689.609567000000000;
202401;2258;1995003719;COTAS;5104495.583294000000000;50620435000107
202401;3126;1995000711;COTAS;9352092.377043000000000;
202401;2721;2004002018;COTAS;53683115.784422000000000;13425746000199
202401;2231;2010002474;IMOVEIS;55912139.800000000000000;
202401;3126;1995001147;COTAS;2196346.135799000000000;
202401;2721;2004002018;VL_PG_RC;93789.120000000000000;
202401;2066;1974000192;VL_PG_RC;-172757.910000000000000;
202401;2258;1996000829;COTAS;11840282.815596000000000;
202401;1991;2017000892;VL_PG_RC;-1296.560000000000000;
202401;1715;1979000174;COTAS;14551059.789101000000000;
202401;2258;1996000829;COTAS;5609580.956477000000000;
202401;2796;1993002529;COTAS;44932007.534687000000000;21624743000102
202401;1715;1979000174;VL_PG_RC;24003477.810000000000000;
202401;3126;1995001147;COTAS;2889102.391040000000000;
202401;2796;2015001174;COTAS;153730572.690998000000000;14298797000160
202401;1715;2008004619;COTAS;19627297.229261000000000;
202401;3126;1995001147;VL_PG_RC;-1603.960000000000000;
202401;2231;2011001218;COTAS;115204.558143000000000;
202401;1715;2008004619;COTAS;8047128.487952000000000;
202401;3126;1995002674;COTAS;1679176.608433000000000;
202401;2231;2012001947;COTAS;26849659.958344000000000;44703483000166
202401;1715;2008004619;COTAS;27253447.600461000000000;
202401;2258;2019003147;COTAS;680735.930184000000000;50634860000155
202401;3126;1995002674;COTAS;2936278.595656000000000;
202401;2231;2013001665;CAIXA;529033.140000000000000;
202401;2796;2015001174;COTAS;56574224.523764000000000;14298820000116
202401;2258;2019003211;VL_PG_RC;-2643.620000000000000;
202401;2258;1996000829;OP_COMP;46368648.670000000000000;
202401;1715;9970000000;CAIXA;26196.150000000000000;
202401;3126;1997000938;COTAS;2491730.578708000000000;
202401;2231;2013001665;COTAS;149904.266055000000000;
202401;2231;2013001665;COTAS;168293.811405000000000;
202401;2811;1993002774;COTAS;254999.438862000000000;
202401;2258;1996002147;COTAS;24166406.941842000000000;51059511000110
202401;1991;9970000000;COTAS;1163138.939956000000000;
202401;2231;2014001383;COTAS;229230.774421000000000;
202401;2066;9970000000;VL_PG_RC;0.000000000000000;
202401;2004;1987001729;CAIXA;1063.960000000000000;
202401;2811;1993002774;COTAS;5611477.506548000000000;
202401;2258;1996002147;VL_PG_RC;-55006.990000000000000;
202401;1715;9970000000;COTAS;691720.383081000000000;
202401;2083;1973000156;CAIXA;251585.860000000000000;
202401;2018;9970000000;COTAS;7795865.291022000000000;
202401;2811;1993002774;COTAS;8004783.409631000000000;
202401;2258;1996002465;VL_PG_RC;-141028.310000000000000;
202401;2811;1993002774;COTAS;1119425.129318000000000;
202401;2258;1998002365;CAIXA;255.150000000000000;
202401;2231;2018002074;COTAS;1219834.767980000000000;44703493000100
202401;2021;1979001138;COTAS;386078.003306000000000;
202401;2231;2019003074;COTAS;85308.453470000000000;
202401;3126;1997001918;COTAS;5392588.710416000000000;
202401;1715;9970000000;COTAS;2196694.690515000000000;
202401;2258;2019003392;CAIXA;0.480000000000000;
202401;3126;2001000774;COTAS;2191119.364240000000000;
202401;1715;9970000000;VL_PG_RC;498777.450000000000000;
202401;2258;2020001111;VL_PG_RC;-64250.110000000000000;
202401;2231;2019003074;COTAS;297122.592361000000000;
202401;2083;1995002356;COTAS;11680683.339124000000000;05170419000105
202401;2258;2020002892;COTAS;1634820.081561000000000;50620819000120
202401;2258;1999000765;VL_PG_RC;-18734.500000000000000;
202401;2258;2021000974;CAIXA;1847404.630000000000000;
202401;2231;2019003074;COTAS;31035501.286608000000000;44900441000115
202401;2811;9970000000;COTAS;43629.226354000000000;
202401;2083;1995002356;VL_PG_RC;0.000000000000000;
202401;3126;2001000774;COTAS;753487.049076000000000;
202401;2258;1999003683;COTAS;4513945.479442000000000;50620435000107
202401;3126;2001000774;COTAS;121345.880481000000000;
202401;2021;1991001274;COTAS;1560212.777904000000000;
202401;2083;1999005211;COTAS;28719801.880685000000000;42102159000167
202401;1729;1990001092;COTAS;12372194.143463000000000;
202401;2231;9970000000;CAIXA;39522.130000000000000;
202401;1729;1990001092;COTAS;542207.872744000000000;
202401;2258;1981001565;CAIXA;1000.360000000000000;
202401;2258;2000004156;CAIXA;62.330000000000000;
202401;2811;9970000000;VL_PG_RC;-1627.240000000000000;
202401;2258;2000004474;CAIXA;6777.650000000000000;
202401;2823;1994000392;COTAS;883740.246659000000000;
202401;2258;2023000092;COTAS;1477035.405359000000000;50620435000107
202401;2823;1994000392;COTAS;3432552.785738000000000;
202401;1729;1990001092;COTAS;80796.204436000000000;
202401;2258;1989000118;COTAS;30531548.105915000000000;50620290000144
202401;3126;2001000774;VL_PG_RC;51641.560000000000000;
202401;2021;1991001274;COTAS;1965841.546981000000000;
202401;2258;2000004474;COTAS;145062779.105925000000000;50620290000144
202401;2823;1994000392;COTAS;12783076.248536000000000;
202401;2258;1989000118;COTAS;12647104.965074000000000;50641862000171
202401;2823;1994000392;COTAS;1051492.424249000000000;
202401;2083;2000008283;TIT_PRIV;193443.600000000000000;
202401;2258;2000006019;COTAS;20080113.269157000000000;50620290000144
202401;2258;1989000738;CAIXA;14269.920000000000000;
202401;3126;2001001983;COTAS;14502161.965565000000000;
202401;2292;1998002756;CAIXA;629085.770000000000000;
202401;2823;1994000465;CAIXA;1741481.740000000000000;
202401;2258;2001000618;CAIXA;5013.440000000000000;
202401;2021;1991001274;IMOVEIS;136971.140000000000000;
202401;2823;1994000465;COTAS;15415983.826656000000000;
202401;1729;1990001092;COTAS;1054718.234391000000000;
202401;2258;2002001138;VL_PG_RC;-18506.240000000000000;
202401;2292;1998002756;COTAS;877177.733400000000000;
202401;2823;1994000465;COTAS;11746104.230209000000000;
202401;2021;2013001118;COTAS;202168.448049000000000;
202401;2823;1994000465;COTAS;37900372.332877000000000;
202401;2021;2013001118;COTAS;98782.512903000000000;
202401;2292;1998002756;COTAS;4982846.385794000000000;
202401;2258;2003002911;CAIXA;102.770000000000000;
202401;2258;1990000118;COTAS;145065.069713000000000;
202401;2083;2011002192;COTAS;882519.300000000000000;
202401;2292;1998002756;COTAS;2023187.886383000000000;
202401;2258;2003002911;COTAS;140453375.041308000000000;50620290000144
202401;2021;2013001118;IMOVEIS;15013.200000000000000;
202401;3126;2005005811;COTAS;5244912.507383000000000;
202401;2258;1990000118;COTAS;6522237.165199000000000;
202401;2292;1998002756;COTAS;407599.845520000000000;
202401;2258;1990000118;COTAS;249386.958639000000000;
202401;2258;2005005411;COTAS;26786798.649447000000000;50620435000107
202401;3126;2005005811;COTAS;11394392.712845000000000;
202401;2823;1994000538;COTAS;393293936.884636000000000;
202401;2292;1998002756;IMOVEIS;4840558.090000000000000;
202401;2823;1994000538;COTAS;37839297.777870000000000;
202401;2258;2006001647;CAIXA;2613602.200000000000000;
202401;2021;9970000000;COTAS;237872.639820000000000;
202401;2823;1994000538;COTAS;129783044.432555000000000;
202401;3126;2005005811;COTAS;2754697.896591000000000;
202401;2258;2006003283;CAIXA;27.360000000000000;
202401;2258;1992000565;TIT_PUB;38300235.640000000000000;
202401;2292;2016000392;COTAS;2910.098816000000000;
202401;2083;2012000274;COTAS;9350169.941127000000000;32760026000124
202401;2258;1992000719;COTAS;92744505.803341000000000;
202401;1729;1990001092;COTAS;103444899.142803000000000;19821512000147
202401;2083;2012000274;TIT_PRIV;0.540000000000000;
202401;2292;2018002538;COTAS;3245147.975767000000000;
202401;2258;1993000992;TIT_PUB;5628007.080000000000000;
202401;2258;2006006111;VL_PG_RC;-123074.190000000000000;
202401;2052;1990000983;COTAS;16692286.279314000000000;
202401;2823;1994000538;COTAS;24937759.501031000000000;
202401;2258;2006006411;COTAS;51168517.769430000000000;20163867000175
202401;2823;1994000538;COTAS;16906764.551275000000000;
202401;1729;1990001092;TIT_PUB;809430398.670000000000000;
202401;3126;2005005811;COTAS;6061636.372056000000000;
202401;2052;1990000983;COTAS;55815.473836000000000;
202401;2292;2018002538;COTAS;566072.032375000000000;
202401;2258;1993002847;COTAS;2577357.772329000000000;50620572000141
202401;2292;2018002538;COTAS;81522780.833319000000000;
202401;2823;1994000538;VL_PG_RC;2780546.410000000000000;
202401;2258;1993002847;VL_PG_RC;-61211.100000000000000;
202401;2258;2007000547;VL_PG_RC;-956.360000000000000;
202401;3126;2006001183;COTAS;812177.087080000000000;
202401;2083;2019002329;COTAS;17450569.524991000000000;03573959000104
202401;2258;2007002256;COTAS;51766200.192616000000000;50625158000125
202401;2292;2018002538;COTAS;318510.165873000000000;
202401;2258;2008000338;COTAS;18325555.675830000000000;50620290000144
202401;2841;1993003592;VL_PG_RC;-9094.220000000000000;
202401;2258;2008001792;CAIXA;7526.540000000000000;
202401;2052;2006001011;COTAS;509809.607664000000000;
202401;2258;2008001792;TIT_PUB;31782049.750000000000000;
202401;2292;2018002538;COTAS;2064466.420010000000000;
202401;2052;2006001011;COTAS;34237.284213000000000;
202401;2258;1993003029;VL_PG_RC;-39432.420000000000000;
202401;2052;9970000000;VL_PG_RC;0.000000000000000;
202401;2258;1993003811;COTAS;4768386.911124000000000;50620435000107
202401;2258;2009001656;CAIXA;136.790000000000000;
202401;2292;2018002538;COTAS;38594431.501944000000000;41562294000122
202401;2066;1974000192;CAIXA;414406.560000000000000;
202401;2258;2010001338;VL_PG_RC;-25816.870000000000000;
202401;2066;1974000192;COTAS;65954239.976207000000000;
202401;2258;2012000983;COTAS;14179805.410056000000000;50625158000125
202401;2258;1994001356;CAIXA;21.530000000000000;
202401;2258;2012000983;VL_PG_RC;-18647.890000000000000;
202401;2258;1994001429;CAIXA;20.700000000000000;
202401;2292;9970000000;VL_PG_RC;0.000000000000000;
202401;2841;2005004529;COTAS;3969739.576234000000000;
202401;2258;1995000183;COTAS;78260585.954877000000000;50620290000144
202401;3126;2006001183;COTAS;28322755.405914000000000;
202401;2083;2019002329;COTAS;3685820.356498000000000;35600762000103
202401;2066;1974000192;COTAS;5158767.973611000000000;
202401;2258;1996000829;COTAS;82815238.960363000000000;
202401;1732;1985001111;VL_PG_RC;2605206.630000000000000;
202401;2066;1974000192;COTAS;552344.574763000000000;
202401;2258;1996000829;COTAS;294957.688805000000000;
202401;2258;2012001092;VL_PG_RC;-77981.110000000000000;
202401;1732;9970000000;CAIXA;2713.630000000000000;
202401;2258;1996000829;COTAS;968206.291291000000000;
202401;2258;2012001165;CAIXA;485916.990000000000000;
202401;2258;1996002147;CAIXA;29.380000000000000;
202401;2083;2019002329;VL_PG_RC;-46410.530000000000000;
202401;2302;1988000319;COTAS;24617537.382063000000000;29092660000121
202401;2258;1996002147;COTAS;154622.384147000000000;
202401;2083;2020000229;CAIXA;1199.020000000000000;
202401;3126;2006001183;COTAS;20825527.161131000000000;
202401;2066;1974000192;COTAS;727591.977296000000000;
202401;2083;2020000229;COTAS;24499822.489448000000000;16569908000150
202401;2302;1988000483;COTAS;639392752.304226000000000;14399804000110
202401;1746;1982003065;COTAS;2807854.444320000000000;
202401;2071;1986000583;CAIXA;314984.990000000000000;
202401;1746;1982003065;COTAS;1333342.406852000000000;
202401;2302;1988000483;COTAS;88308849.974673000000000;17786475000158
202401;1746;1982003065;COTAS;2430977.496942000000000;
202401;2258;1996002147;COTAS;17963638.318044000000000;50625158000125
202401;2302;1988002011;OPERACAO_PARTICIPANTE;1805022.380000000000000;
202401;2071;1986000583;COTAS;153121102.811331000000000;04885601000180
202401;3126;2006001183;COTAS;7060410.979072000000000;
202401;3126;2006003747;COTAS;151335.006731000000000;
202401;2841;2005004529;COTAS;429979.763326000000000;
202401;2258;1997004356;VL_PG_RC;-258439.790000000000000;
202401;2841;2005004529;COTAS;2744531.362750000000000;51983612000182
202401;2083;9970000000;VL_PG_RC;0.000000000000000;
202401;2841;2005004611;COTAS;9330237.202159000000000;
202401;1746;1982003065;COTAS;110322569.254377000000000;
202401;2258;1998005356;COTAS;235871570.822744000000000;50620290000144
202401;2841;9970000000;COTAS;2088085.927777000000000;51854557000120
202401;2258;1998006956;VL_PG_RC;-88537.370000000000000;
202401;2302;9970000000;CAIXA;19014.160000000000000;
202401;3126;2006003747;COTAS;243323.577257000000000;
202401;2258;2012001319;CAIXA;1.780000000000000;
202401;2316;2015001492;VL_PG_RC;4358578.160000000000000;
202401;3126;2006003747;COTAS;14662.970697000000000;
202401;2258;2014001618;CAIXA;1645.320000000000000;
202401;2316;9970000000;CAIXA;168245.280000000000000;
202401;2258;1999003683;VL_PG_RC;-40565.160000000000000;
202401;2316;9970000000;COTAS;3183973.755243000000000;
202401;3126;2006003747;COTAS;125800.995213000000000;
202401;1763;1990000819;COTAS;7541843.608604000000000;
202401;2258;1999003829;VL_PG_RC;-33089.710000000000000;
202401;2854;1995002518;CAIXA;320.320000000000000;
202401;2258;2002001138;COTAS;21941493.484646000000000;50620290000144
202401;2854;2022000447;COTAS;1647801.905189000000000;
202401;2258;2003003029;CAIXA;13572.160000000000000;
202401;2909;1993003411;COTAS;219824027.271938000000000;34867829000108
202401;2071;1986000583;COTAS;135739758.093720000000000;05164317000187
202401;2258;2003003029;COTAS;81598611.355182000000000;50625158000125
202401;2316;9970000000;COTAS;2121995.392108000000000;
202401;2258;2003003029;VL_PG_RC;-57194.220000000000000;
202401;1763;1990000819;COTAS;13196700.601725000000000;
202401;1763;1990000819;TIT_PUB;68065043.290000000000000;
202401;2107;9970000000;VL_PG_RC;0.000000000000000;
202401;2071;1986000583;COTAS;91836251.863610000000000;05164325000123
202401;3126;2006003992;COTAS;10832287.464640000000000;
202401;2333;1992001065;COTAS;641730340.202215000000000;04288830000117
202401;2258;2005005347;CAIXA;14.510000000000000;
202401;1763;9970000000;CAIXA;8553.100000000000000;
202401;2333;2019000938;COTAS;8530389.899309000000000;
202401;2909;2016000465;OPERACAO_PARTICIPANTE;3111626.640000000000000;
202401;2333;2019000938;COTAS;1302208.116354000000000;
202401;2912;1993003738;COTAS;6832402.949994000000000;
202401;2083;1973000156;VL_PG_RC;184584366.040000000000000;
202401;2258;2017001147;COTAS;1023108.341351000000000;50620290000144
202401;3126;2006003992;COTAS;6819196.908329000000000;
202401;2138;1981001311;COTAS;7790660.808850000000000;
202401;2258;2017001147;COTAS;635277.084708000000000;50620819000120
202401;2912;1993003738;COTAS;1831521.478746000000000;36180787000168
202401;2155;1985000938;OPERACAO_PARTICIPANTE;8429631.580000000000000;
202401;2912;2005006711;VL_PG_RC;-6906.920000000000000;
202401;3126;2006003992;COTAS;5218386.766058000000000;
202401;2258;2017001147;OPERACAO_PARTICIPANTE;0.000000000000000;
202401;2258;2005005411;CAIXA;61.020000000000000;
202401;2083;1995002356;TIT_PUB;22238685.740000000000000;
202401;2169;1972000111;COTAS;93252121.127255000000000;
202401;2258;2006000683;CAIXA;90.760000000000000;
202401;2083;1999005211;CAIXA;38746.110000000000000;
202401;2258;2006000683;COTAS;4161699.940624000000000;50625158000125
202401;3126;2006004011;COTAS;45884351.443681000000000;
202401;2083;1999005211;COTAS;1016102260.426037000000000;32760026000124
202401;2258;2006001647;COTAS;262552247.005720000000000;10412071000155
202401;3126;2006004711;COTAS;14883782.525699000000000;
202401;2912;9970000000;CAIXA;5156.180000000000000;
202401;2258;2007002418;COTAS;8664897.939293000000000;50620572000141
202401;2258;2019000318;CAIXA;274406.720000000000000;
202401;2083;2000008283;CAIXA;5101.920000000000000;
202401;2169;1972000111;COTAS;43183045.435948000000000;
202401;2258;2019000318;COTAS;9528795.471501000000000;50620819000120
202401;2083;2000008283;COTAS;141042870.322671000000000;32760026000124
202401;2258;2007002418;COTAS;92554.140021000000000;50641862000171
202401;2258;2019000318;OPERACAO_PARTICIPANTE;523226.493768000000000;
202401;2931;1994000211;CAIXA;77494.710000000000000;
202401;3126;2006004711;VL_PG_RC;-39633.620000000000000;
202401;2931;1994000211;COTAS;13541872.555419000000000;
202401;2258;2007002892;VL_PG_RC;-38555.170000000000000;
202401;2172;2020000865;VL_PG_RC;0.000000000000000;
202401;2258;2007003211;CAIXA;61.020000000000000;
202401;3126;2007001918;CAIXA;0.000000000000000;
202401;2931;1994000211;COTAS;10918722.975341000000000;
202401;2258;2019001756;COTAS;1702085.353299000000000;50634601000124
202401;2083;2011002192;COTAS;101602513.722310000000000;14437383000174
202401;2258;2007003211;COTAS;24134170.124039000000000;50625158000125
202401;2083;2011002265;CAIXA;575.320000000000000;
202401;2931;1994000211;COTAS;7821265.058712000000000;
202401;2333;9970000000;COTAS;18664174.273672000000000;
202401;2083;2011002265;COTAS;859494.720000000000000;
202401;2931;1994000211;COTAS;4420394.561025000000000;
202401;2258;2007003465;COTAS;1465865.907949000000000;50620435000107
202401;2083;2019002329;COTAS;70237510.343579000000000;05170419000105
202401;2931;1994000211;VL_PG_RC;-157241.440000000000000;
202401;2258;2008000729;CAIXA;16.770000000000000;
202401;2213;1991002483;COTAS;1275073.650000000000000;
202401;2931;9970000000;CAIXA;22822.100000000000000;
202401;2258;2008001792;COTAS;121427100.944720000000000;50625158000125
202401;1763;9970000000;VL_PG_RC;-46.780000000000000;
202401;2213;1991002483;TIT_PUB;61214664.260000000000000;
202401;1781;1904000118;CAIXA;240870.360000000000000;
202401;2083;2019002329;COTAS;5467156.136320000000000;09296055000165
202401;2258;2009001656;COTAS;3998489.415886000000000;50620435000107
202401;2991;1985000547;COTAS;1010041.971314000000000;
202401;2258;2019002256;COTAS;29640732.226058000000000;50620819000120
202401;2213;9970000000;VL_PG_RC;0.000000000000000;
202401;2991;1994002492;COTAS;168865.997091000000000;
202401;2083;2020001438;VL_PG_RC;0.000000000000000;
202401;2991;1994002492;COTAS;3369425.296063000000000;
202401;2083;9970000000;COTAS;53262365.434791000000000;03519674000195
202401;2991;1994002492;COTAS;11562490.762215000000000;
202401;1781;1904000118;COTAS;556304852.434930000000000;05832319000105
202401;3126;2007002019;COTAS;802793.740259000000000;
202401;2991;1994002492;COTAS;46345814.852930000000000;
202401;1781;1904000118;VL_PG_RC;-69155.710000000000000;
202401;1781;1980000174;COTAS;1675407.169980000000000;
202401;2395;1994001811;COTAS;195635.029953000000000;
202401;2395;1994001811;COTAS;114911680.880018000000000;
202401;2991;1994002492;COTAS;56703125.510630000000000;47716645000199
202401;2231;1982002719;COTAS;246437.777321000000000;
202401;2991;1994002492;IMOVEIS;3915000.000000000000000;
202401;2231;1982002883;COTAS;93901168.569506000000000;
202401;2107;9970000000;CAIXA;548566.830000000000000;
202401;2258;2012001092;COTAS;35162177.739893000000000;50620435000107
202401;2991;9970000000;COTAS;2463334.265453000000000;
202401;2258;2019003147;COTAS;6794527.352988000000000;50641862000171
202401;2231;1982002883;VL_PG_RC;-34995.440000000000000;
202401;2258;2014000247;COTAS;488122.240433000000000;50620290000144
202401;1781;1980000174;COTAS;20546096.823609000000000;
202401;3006;1994002174;COTAS;9069691.585272000000000;
202401;2231;1994001518;CAIXA;8652.210000000000000;
202401;3126;2008000192;COTAS;21636406.055313000000000;
202401;2395;1994001811;COTAS;603765.576287000000000;
202401;1781;1980000174;COTAS;176976894.463520000000000;29306138000103
202401;2258;2019003392;COTAS;175947.809715000000000;50620290000144
202401;3126;2008000192;COTAS;2850786.246606000000000;
202401;2422;1982001356;ACOES;300.820000000000000;
202401;2231;1994001518;COTAS;9276.730329000000000;
202401;1781;1998003574;CAIXA;6257818.570000000000000;
202401;3126;2008000192;COTAS;492315.819341000000000;
202401;2258;2021000974;COTAS;197062142.525177000000000;50620290000144
202401;3006;1994002174;VL_PG_RC;0.000000000000000;
202401;2138;1981001311;IMOVEIS;17940836.600000000000000;
202401;1781;1998003574;COTAS;18568796.486678000000000;
202401;2258;2014001529;COTAS;5745009.483660000000000;50620290000144
202401;1781;1998003574;COTAS;4066388.520073000000000;
202401;2258;2015000518;COTAS;8943418.456942000000000;50620290000144
202401;2231;1998000583;COTAS;1340876.964764000000000;
202401;3023;1979003718;COTAS;6537307.265702000000000;
202401;2141;1980001219;COTAS;2600406.389159000000000;
202401;3023;2001001738;COTAS;67491649.278406000000000;38050501000155
202401;2155;1985000938;VL_PG_RC;-13673.370000000000000;
202401;3023;2001001738;VL_PG_RC;-1119363.490000000000000;
202401;2231;2010002229;COTAS;6217671.994330000000000;
202401;2155;9970000000;VL_PG_RC;-2318.530000000000000;
202401;3023;9970000000;CAIXA;25855.550000000000000;
202401;2169;1972000111;CAIXA;79406.080000000000000;
202401;2422;1982001356;VL_PG_RC;5726.200000000000000;
202401;2258;2021000974;COTAS;30090918.763367000000000;50620819000120
202401;2258;2016000929;COTAS;18169269.016693000000000;50620572000141
202401;2231;2010002229;COTAS;97194357.286014000000000;44703472000186
202401;2258;2016000929;VL_PG_RC;-15773.460000000000000;
202401;1781;1998003574;COTAS;142028.359547000000000;
202401;2231;2010002229;COTAS;94370428.558663000000000;44703483000166
202401;2258;2016001038;VL_PG_RC;-14020.860000000000000;
202401;1781;1998003574;COTAS;20022312.495255000000000;49766541000114
202401;2231;2010002474;COTAS;5769185.581853000000000;
202401;2422;1994003383;OPERACAO_PARTICIPANTE;10269.320000661200000;
202401;2258;2016001119;COTAS;154960.890193000000000;50620435000107
202401;1781;2019002711;COTAS;39512161.250000000000000;
202401;2231;2011001218;COTAS;145663.635118000000000;
202401;2169;9970000000;COTAS;4665219.268962000000000;
202401;2258;2017001619;VL_PG_RC;-3350.440000000000000;
202401;1781;2019002711;TIT_PRIV;4883480.880000000000000;
202401;3037;1994001119;COTAS;1976713.768876000000000;
202401;2172;1988003229;CAIXA;10992.660000000000000;
202401;2422;2002002665;ACOES;2668.800000000000000;
202401;3037;1994001119;COTAS;6232639.807609000000000;
202401;2172;1988003229;COTAS;472977175.050850000000000;97519502000165
202401;2258;2019000318;VL_PG_RC;-289908.940000000000000;
202401;2231;2011001218;COTAS;246091.348603000000000;
202401;3126;2008001229;COTAS;5970888.794195000000000;
202401;2258;2019001292;COTAS;1837755.003668000000000;50620572000141
202401;2422;2002002665;CAIXA;19163.920000000000000;
202401;1781;9970000000;CAIXA;132386.830000000000000;
202401;3037;1994001119;COTAS;46015162.808857000000000;
202401;2422;2002002665;COTAS;1218625.858846000000000;
202401;1804;1988001838;COTAS;46095520.328645000000000;
202401;3037;1994001119;COTAS;10827711.416085000000000;
202401;2422;2002002738;CAIXA;194464.300000000000000;
202401;2231;2012001947;COTAS;1535662.204267000000000;
202401;2422;2002002738;COTAS;9395684.641121000000000;
202401;2258;2021000974;OPERACAO_PARTICIPANTE;2841462.745536000000000;
202401;2172;2005005592;COTAS;169548433.499567000000000;31615254000148
202401;2258;2019001292;COTAS;100515.590061000000000;50625158000125
202401;3126;2009000447;COTAS;397971.363516000000000;
202401;1804;1988001838;COTAS;25998137.048262000000000;
202401;2172;2005005592;COTAS;56506929.313564000000000;31615302000106
202401;2422;2002002738;IMOVEIS;1276334.990000000000000;
202401;1804;1988001838;VL_PG_RC;-48975.220000000000000;
202401;2258;2023000092;COTAS;1409128.423456000000000;50625158000125
202401;2258;2023001129;CAIXA;218.390000000000000;
202401;2213;1991002483;COTAS;6013537.854578000000000;
202401;3037;1994001119;COTAS;1598166.685127000000000;
202401;1818;1997001365;COTAS;122066166.389948000000000;01631246000124
202401;3037;1994001119;COTAS;2826546.086597000000000;
202401;2258;2019001292;VL_PG_RC;-4240.950000000000000;
202401;2422;2002003483;ACOES;21918.120000000000000;
202401;2231;2012001947;VL_PG_RC;-220115.770000000000000;
202401;3037;1994001119;COTAS;703263.812520000000000;
202401;2213;1991002483;COTAS;2648.975232000000000;
202401;2258;2019001756;CAIXA;0.240000000000000;
202401;2231;2013001665;COTAS;224284.402171000000000;
202401;3037;1994001119;COTAS;7812985.726262000000000;
202401;2422;2002003483;VL_PG_RC;415521.480000000000000;
202401;2231;2013001665;COTAS;2774329.786346000000000;44703472000186
202401;1818;9970000000;VL_PG_RC;0.000000000000000;
202401;2213;1991002483;COTAS;979995.958647000000000;
202401;2422;2002003556;OPERACAO_PARTICIPANTE;410437.549980076900000;
202401;2258;2019003392;COTAS;321041.854197000000000;50620435000107
202401;1821;1980002274;VL_PG_RC;195977.250000000000000;
202401;3037;9970000000;COTAS;17267.083385000000000;
202401;2422;2002004374;ACOES;812.090000000000000;
202401;3037;9970000000;COTAS;45992.646823000000000;
202401;2213;1991002483;VL_PG_RC;-53149.880000000000000;
202401;2258;2023001129;COTAS;2248473.334297000000000;50620290000144
202401;2258;2023001129;COTAS;1968789.824143000000000;50620435000107
202401;2231;2014001383;COTAS;429185.503160000000000;
202401;3037;9970000000;COTAS;11003.727160000000000;
202401;2292;1998002756;COTAS;891775.905331000000000;
202401;2258;2023001129;COTAS;1749139.271612000000000;50634860000155
202401;3037;9970000000;VL_PG_RC;-363.260000000000000;
202401;1821;9970000000;COTAS;5154333.872283000000000;
202401;3085;2000007074;COTAS;31754903.543706000000000;38091749000164
202401;2231;2014001383;COTAS;464623.744376000000000;
202401;2292;1998002756;COTAS;140326014.815820000000000;41562294000122
202401;3126;2009000447;VL_PG_RC;21344.100000000000000;
202401;2422;2002004447;VL_PG_RC;7120443.030000000000000;
202401;2231;2018002074;COTAS;383684.157899000000000;44703483000166
202401;2231;1982002883;COTAS;79464.714626000000000;
202401;2231;2019003074;COTAS;527338.023331000000000;
202401;1821;9970000000;VL_PG_RC;0.000000000000000;
202401;2231;2019003074;COTAS;92122.205930000000000;
202401;2231;1987000511;VL_PG_RC;-15.000000000000000;
202401;2484;2004001992;COTAS;247552401.478591000000000;18138920000136
202401;2292;1990002129;CAIXA;51810.590000000000000;
202401;2292;1990002129;VL_PG_RC;431884.770000000000000;
202401;3126;2010000129;COTAS;10070273.583256000000000;
202401;2292;1998002756;COTAS;1488579.738740000000000;
202401;3126;2012001483;CAIXA;13454.770000000000000;
202401;2292;1998002756;COTAS;3083638.388375000000000;
202401;2511;1992001529;VL_PG_RC;-213993.520000000000000;
202401;3126;2012001483;COTAS;4278431.809653000000000;
202401;1852;1985001047;COTAS;84377940.265069000000000;49442251000115
202401;2292;1998002756;COTAS;12405748.702199000000000;
202401;2231;2019003074;COTAS;5897065.158180000000000;44703493000100
202401;3085;9970000000;CAIXA;56686.870000000000000;
202401;3126;2012001483;COTAS;138571.152774000000000;
202401;1852;1985001047;VL_PG_RC;1474071.240000000000000;
202401;3099;1994003065;COTAS;1520310.410000000000000;
202401;2292;1998002829;COTAS;1168535.094911000000000;
202401;1852;9970000000;CAIXA;44008.070000000000000;
202401;2292;1998002756;COTAS;28962066.767113000000000;
202401;2231;9970000000;COTAS;20712274.095836000000000;
202401;2525;1974000265;COTAS;5079107.518259000000000;
202401;2292;1998002829;COTAS;2291403.999818000000000;
202401;2292;1998002756;COTAS;77400655.318287000000000;04764252000148
202401;3099;1994003065;VL_PG_RC;-55484.790000000000000;
202401;1852;9970000000;VL_PG_RC;-424.500000000000000;
202401;3126;2012001483;OPERACAO_PARTICIPANTE;904636.724659887000000;
202401;2258;1981001565;COTAS;3452179.341066000000000;
202401;3099;1994004411;CAIXA;790.830000000000000;
202401;1883;2006003356;COTAS;5216077.538477000000000;
202401;2292;1998002829;COTAS;7084440.455110000000000;
202401;2258;1981001565;COTAS;1962978.637206000000000;50634860000155
202401;2525;1974000338;COTAS;3396230.369848000000000;
202401;2258;1981001565;VL_PG_RC;-21141.480000000000000;
202401;3126;2018000756;COTAS;2451284.153611000000000;
202401;2258;1990000118;CAIXA;6050.860000000000000;
202401;2292;1998002756;COTAS;506532312.596207000000000;14549707000166
202401;2231;1992000956;IMOVEIS;640479.620000000000000;
202401;3126;2021001156;COTAS;986552.429609000000000;
202401;3099;1997000318;OPERACAO_PARTICIPANTE;100731.680003638800000;
202401;2525;1974000338;COTAS;28627119.734050000000000;41763054000196
202401;2258;1990000118;COTAS;5262481.428002000000000;
202401;2231;1992000956;OPERACAO_PARTICIPANTE;95281.570016456200000;
202401;2292;1998002829;COTAS;7723307.250073000000000;
202401;1883;2006003356;COTAS;9166033.816800000000000;
202401;2525;1979004511;COTAS;1118825.720733000000000;41763054000196
202401;2258;1990000118;COTAS;1747625.793700000000000;
202401;3126;2021001156;COTAS;310102.461466000000000;
202401;2258;1990000118;COTAS;3968087.011876000000000;
202401;3126;2021001156;COTAS;2593364.935881000000000;
202401;2258;1992000492;VL_PG_RC;-46946.630000000000000;
202401;2292;1998002829;COTAS;2617456.629982000000000;
202401;2292;1998002756;COTAS;3119699.615582000000000;50765883000107
202401;2292;1998002829;COTAS;16507106.401268000000000;
202401;2231;1994001518;VL_PG_RC;-2915.870000000000000;
202401;2292;1998002756;OPERACAO_PARTICIPANTE;37633087.316748000000000;
202401;2525;2009003756;COTAS;17194204.904343000000000;
202401;2292;1998002829;COTAS;15372420.239151000000000;
202401;2258;1992000719;COTAS;996819.352823000000000;
202401;2292;2016000392;COTAS;10875.898802000000000;
202401;2231;1998000583;CAIXA;24.000000000000000;
202401;2292;1998002756;TIT_PUB;29991789.840000000000000;
202401;2292;2018002538;COTAS;1691.070202000000000;
202401;3099;1999004892;COTAS;192556468.849976000000000;04701028000107
202401;2292;2018002538;COTAS;431587.224613000000000;
202401;1883;2006003356;COTAS;5723777.449850000000000;
202401;3126;1993001492;COTAS;15526409.719214000000000;
202401;2258;1993000992;COTAS;10156158.457039000000000;50620435000107
202401;2525;2009003756;IMOVEIS;1481703.110000000000000;
202401;3126;1993001492;COTAS;580216.921667000000000;
202401;2231;2008003019;CAIXA;1946.630000000000000;
202401;2292;1998002829;TIT_PUB;1416479864.600000000000000;
202401;1883;2006003356;COTAS;3024427.372738000000000;
202401;3126;2021001156;VL_PG_RC;50892.310000000000000;
202401;2292;2016000392;COTAS;56599.101444000000000;
202401;2525;2020002256;CAIXA;862.860000000000000;
202401;3126;1993002219;COTAS;6381804.680061000000000;
202401;1911;1992001618;COTAS;56745.425631000000000;
202401;3126;2021001229;COTAS;1248733.707451000000000;
202401;2292;2016000392;COTAS;684666.480614000000000;50799566000101
202401;3126;1994002956;COTAS;11354806.260375000000000;
202401;1911;1992001618;COTAS;455555.388351000000000;
202401;3126;2021001229;VL_PG_RC;40446.250000000000000;
202401;2258;1993002847;COTAS;5496960.089880000000000;50620435000107
202401;2292;2018002538;COTAS;2885794.935336000000000;
202401;2292;2018002538;COTAS;676242.560277000000000;
202401;3126;2021001318;COTAS;1904376.580791000000000;
202401;2231;2008003019;COTAS;59866.707815000000000;
202401;1911;1992001618;COTAS;6342.702633000000000;09315610000159
202401;2292;2018002538;COTAS;10656121.722224000000000;04764252000148
202401;2525;9970000000;VL_PG_RC;2155.940000000000000;
202401;2258;1993003029;COTAS;2323714.369591000000000;50620435000107
202401;2292;2018002538;COTAS;9550545.539550000000000;
202401;3126;1994002956;COTAS;36802998.782562000000000;
202401;1911;1992001618;COTAS;383967.193769000000000;25401546000185
202401;2556;1993000119;COTAS;-6845.755348000000000;
202401;3126;1995000711;CAIXA;4000.000000000000000;
202401;2292;2018002538;COTAS;28956104.611778000000000;50799566000101
202401;2258;1994001356;VL_PG_RC;-30644.270000000000000;
202401;3126;2023000874;CAIXA;2000.040000000000000;
202401;3126;1995000711;COTAS;1282202.033397000000000;
202401;3126;1995000711;COTAS;2552786.227650000000000;
202401;2231;2008003019;COTAS;11213.783470000000000;
202401;2292;2018002538;COTAS;32327786.727759000000000;50765883000107
202401;1911;1992001618;COTAS;274228.917096000000000;50069086000187
202401;3126;9970000000;CAIXA;192129.320000000000000;
202401;3126;1995000711;VL_PG_RC;274833.780000000000000;
202401;2292;2018002538;VL_PG_RC;313915.460000000000000;
202401;1911;1992001618;COTAS;17324.922341000000000;52277799000161
202401;2231;2008003019;COTAS;62289.249328000000000;
202401;3161;1994004118;COTAS;3480855.399791000000000;
202401;2302;1988000483;COTAS;55071386.947171000000000;41799343000145
202401;1911;1994001992;COTAS;12088.228920000000000;36521640000194
202401;2231;2008003019;COTAS;59436.667123000000000;
202401;2302;9970000000;VL_PG_RC;0.000000000000000;
202401;2556;1993000119;COTAS;32481.261691000000000;
202401;2231;2008003019;COTAS;6472786.294603000000000;
202401;2258;1994001747;COTAS;11860666.236153000000000;50634860000155
202401;2258;1994003138;COTAS;3868642.244016000000000;50620435000107
202401;1911;1997003211;COTAS;15335756.130948000000000;
202401;2556;1998007618;COTAS;9051.798414000000000;
202401;2316;1979000719;IMOVEIS;490167.470000000000000;
202401;2302;1988000319;CAIXA;50157188.480000000000000;
202401;3126;1995001147;COTAS;3293198.214917000000000;
202401;2316;2015001311;COTAS;4762633.551714000000000;
202401;2316;2015001492;CAIXA;27540.570000000000000;
202401;1911;1997003211;COTAS;5506664.741788000000000;42085062000193
202401;2231;2010002229;CAIXA;1298009.340000000000000;
202401;2302;1988000483;COTAS;485190.310005000000000;
202401;2302;1988000483;COTAS;27812718.247459000000000;
202401;3126;1995002674;COTAS;1491415.361202000000000;
202401;2333;2019000938;COTAS;32569988.957016000000000;
202401;1911;1997003211;COTAS;4008783.573390000000000;42119530000101
202401;2302;1988000483;COTAS;645513663.863577000000000;14399693000141
202401;3126;1995002674;COTAS;1711533.525257000000000;
202401;1911;1997003211;TIT_PUB;31112469.980000000000000;
202401;2231;2010002229;COTAS;201733.395220000000000;
202401;3126;1995002674;COTAS;8498515.949365000000000;
202401;2556;1998007618;COTAS;53415942.603517000000000;
202401;1911;1998004147;COTAS;60348.741658000000000;52277799000161
202401;2231;2010002229;COTAS;2043133.341327000000000;
202401;2231;2010002229;COTAS;7516599.169813000000000;
202401;2258;1994003138;COTAS;3529125.499372000000000;50620572000141
202401;3126;1997000938;COTAS;1981100.510847000000000;
202401;2333;9970000000;COTAS;16051655.502770000000000;
202401;1911;1998005518;COTAS;2235395.996667000000000;
202401;2556;1998007618;COTAS;21706312.630173000000000;
202401;3126;1997001918;CAIXA;29178.120000000000000;
202401;3161;1994004118;COTAS;5268120.228117000000000;
202401;3126;1997001918;COTAS;5506169.344525000000000;
202401;2258;1995000183;COTAS;5893903.127675000000000;50625158000125
202401;2556;1998007618;TIT_PRIV;315092527.730000000000000;
202401;1911;1998005518;COTAS;10504907.623695000000000;
202401;3161;1994004118;COTAS;2253809.632403000000000;
202401;2258;1995000183;COTAS;81574885.585900000000000;51059511000110
202401;2395;1994001811;COTAS;22825807.525787000000000;
202401;3161;2005005111;COTAS;1670758.557866000000000;
202401;2258;1995003174;COTAS;108184332.390326000000000;50620290000144
202401;2302;1988000483;COTAS;630872928.421966000000000;14399722000175
202401;3126;1999002611;VL_PG_RC;0.000000000000000;
202401;3161;2005005111;COTAS;10119205.038202000000000;
202401;2395;1994001811;COTAS;30671607.940734000000000;
202401;2395;1994001811;COTAS;15379068.220083000000000;
202401;3161;2005005111;COTAS;468101.628531000000000;
202401;2258;1995003719;CAIXA;2691.840000000000000;
202401;2395;1994001811;COTAS;9476751.071132000000000;
202401;2231;2010002229;COTAS;468418831.025119000000000;
202401;3161;2005005111;COTAS;624940.061703000000000;
202401;2395;9970000000;COTAS;7312733.669882000000000;
202401;3126;2001000774;COTAS;1684802.962525000000000;
202401;2231;2010002474;COTAS;1726244.411449000000000;
202401;2556;1998007618;TIT_PUB;816574832.270000000000000;
202401;2258;1995003719;COTAS;43652238.996141000000000;50620290000144
202401;2302;1988000483;COTAS;8632131.781533000000000;29106500000194
202401;2231;2010002474;COTAS;52648278.599658000000000;44900441000115
202401;3126;2001001983;CAIXA;4000.000000000000000;
202401;1911;1998005518;COTAS;596857.363054000000000;
202401;2302;1988000483;VL_PG_RC;-326061.720000000000000;
202401;2258;1995003719;COTAS;6525335.316402000000000;50620819000120
202401;2316;1979000719;COTAS;10886717.949120000000000;27292841000176
202401;2231;2011001218;IMOVEIS;3170767.560000000000000;
202401;3161;2005005111;COTAS;853559.637999000000000;
202401;2422;1994003383;CAIXA;28695.630000000000000;
202401;2258;1995003719;COTAS;3738018.399434000000000;50641862000171
202401;3126;2001001983;COTAS;6618034.953381000000000;
202401;2231;2011001218;OPERACAO_PARTICIPANTE;1604309.089985757500000;
202401;2556;9970000000;COTAS;42054.891171000000000;
202401;1911;1998005518;COTAS;3909366.985418000000000;52277799000161
202401;2231;2011001218;TIT_PUB;1791610.080000000000000;
202401;2561;1999000447;CAIXA;259798.610000000000000;
202401;2258;1996000829;COTAS;58207006.416581000000000;
202401;3126;2005005811;COTAS;11049465.111057000000000;
202401;2561;1999000447;COTAS;72959874.578202000000000;
202401;2422;1994003383;COTAS;1585912.247036000000000;
202401;2231;2013001665;COTAS;2694228.802891000000000;44703483000166
202401;1911;1999002156;COTAS;4811826.916882000000000;36521640000194
202401;2561;1999000447;COTAS;47098960.254438000000000;
202401;2316;1979000719;VL_PG_RC;52543.320000000000000;
202401;3161;2005005111;COTAS;871063.914950000000000;
202401;1911;2000006183;COTAS;80229643.616615000000000;
202401;2561;1999000447;COTAS;21387091.254316000000000;
202401;2316;2015001311;COTAS;687721640.657381000000000;27292841000176
202401;2258;1996000829;COTAS;69754234.103052000000000;51059844000149
202401;3126;2005005811;COTAS;2459474.911261000000000;
202401;2316;2015001311;VL_PG_RC;2566311.790000000000000;
202401;2422;1994003847;VL_PG_RC;11830.180000000000000;
202401;2561;1999000447;IMOVEIS;53905474.600000000000000;
202401;3126;2005005811;COTAS;2586257.196601000000000;
202401;1911;2006001411;CAIXA;1255306.390000000000000;
202401;2258;1996001329;COTAS;61384397.388958000000000;50620290000144
202401;2561;2014000174;COTAS;3671040.788848000000000;
202401;2422;1994003911;ACOES;37937.060000000000000;
202401;2231;2013001665;VL_PG_RC;-24202.310000000000000;
202401;1911;2006001411;COTAS;623096.801749000000000;
202401;2316;2015001492;COTAS;377859435.717297000000000;27292841000176
202401;2316;9970000000;COTAS;1643447.810843000000000;
202401;2561;2014001219;CAIXA;58180.280000000000000;
202401;2422;2002002665;VL_PG_RC;50837.540000000000000;
202401;1911;2006001411;COTAS;772995.610055000000000;
202401;3126;2005005811;COTAS;23027874.886823000000000;
202401;2231;2014001383;CAIXA;94350.740000000000000;
202401;3126;2005005811;COTAS;55019.962945000000000;
202401;2561;2014001219;COTAS;96027015.765033000000000;
202401;3174;1994004029;COTAS;24224134.225325000000000;
202401;2316;9970000000;TIT_PUB;9616375.850000000000000;
202401;2258;1996002147;COTAS;9321235.452410000000000;50634860000155
202401;3174;1994004029;COTAS;164503103.980001000000000;19602004000178
202401;3126;2006003811;COTAS;671970.526659000000000;
202401;2659;1995001783;CAIXA;64090.080000000000000;
202401;1911;2006001411;COTAS;1192262.738149000000000;
202401;2422;2002003238;ACOES;11369.120000000000000;
202401;1911;2006001411;COTAS;2920045.993299000000000;
202401;2333;1992001065;CAIXA;17386.980000000000000;
202401;2258;1996002147;COTAS;7369121.433940000000000;51059284000122
202401;2659;1995001783;OPERACAO_PARTICIPANTE;179398.749989578500000;
202401;1911;2006001411;COTAS;6600225.331597000000000;09315610000159
202401;2231;2014001383;COTAS;430524.931231000000000;
202401;2422;2002003238;VL_PG_RC;216567.110000000000000;
202401;3126;2006003811;COTAS;241323.074290000000000;
202401;2231;2019003074;COTAS;8464.053051000000000;
202401;3126;2006003992;COTAS;1025110.021922000000000;
202401;3126;2006003992;COTAS;555722.544956000000000;
202401;2231;2019003074;COTAS;3309693.279534000000000;44703472000186
202401;3174;1994004029;VL_PG_RC;-4659320.560000000000000;
202401;2333;1992001065;COTAS;579337493.020691000000000;04682817000148
202401;1911;2006001411;COTAS;7753771.665543000000000;25401546000185
202401;3174;9970000000;COTAS;16711356.599885000000000;
202401;2258;1998002365;COTAS;106794762.361131000000000;50620435000107
202401;3126;2006004011;COTAS;17774566.625450000000000;
202401;3174;9970000000;COTAS;15734752.399668000000000;
202401;2231;2019003074;IMOVEIS;2938810.190000000000000;
202401;2258;1998006956;CAIXA;1379.460000000000000;
202401;1911;2006005847;COTAS;291251.281549000000000;
202401;3188;1989000983;CAIXA;77207.990000000000000;
202401;2422;2002003556;IMOVEIS;818145.780000000000000;
202401;1911;2006005847;COTAS;2903039.789144000000000;09315610000159
202401;2258;1981001565;COTAS;258218.727461000000000;50620435000107
202401;2659;2000002447;COTAS;9276493.049696000000000;
202401;1911;2006005847;COTAS;4620915.285060000000000;25401546000185
202401;2258;1990000118;COTAS;4240711.389965000000000;
202401;3126;2006004711;COTAS;1455348.729822000000000;
202401;1911;2006005847;COTAS;1451169.158642000000000;50069086000187
202401;2258;1990000118;COTAS;8735543.846705000000000;
202401;2659;2000002447;COTAS;20274563.040000000000000;
202401;2258;2000004156;COTAS;41206900.613209000000000;50625158000125
202401;2258;1990000118;COTAS;17589285.257094000000000;
202401;3188;1989000983;COTAS;3781685.944737000000000;
202401;1911;2007001292;COTAS;243710.266514000000000;
202401;2258;1990000118;COTAS;35333750.581333000000000;04052631000105
202401;2333;1992001065;OPERACAO_PARTICIPANTE;40041290.930000000000000;
202401;2258;1990000118;COTAS;57051491.106406000000000;51059844000149
202401;2395;1994001811;COTAS;23251607.632242000000000;
202401;1911;2008003183;COTAS;473093.000093000000000;
202401;2659;2000002447;COTAS;268096946.930040000000000;04899165000106
202401;2258;1992000565;COTAS;19278705.516783000000000;50620290000144
202401;2422;2002003718;ACOES;13249.810000000000000;
202401;1911;2008003183;COTAS;795664.712928000000000;42044228000123
202401;2693;1993000811;CAIXA;20957.510000000000000;
202401;2422;2002004218;CAIXA;637811.970000000000000;
202401;1911;2008003183;COTAS;2944.804703000000000;52277799000161
202401;2422;2002004218;VL_PG_RC;1885161.770000000000000;
202401;3126;2007001918;VL_PG_RC;0.000000000000000;
202401;2395;1994001811;COTAS;20718731.068876000000000;
202401;3188;1989000983;COTAS;60871832.253815000000000;10220247000177
202401;2258;1992000565;COTAS;3486232.999404000000000;50634601000124
202401;2395;1994001811;COTAS;4745893.074303000000000;
202401;3188;1989000983;COTAS;20056282.432280000000000;18270776000197
202401;2693;1993000811;COTAS;23216009.118933000000000;
202401;2395;1994001811;COTAS;7127518.745232000000000;
202401;3188;1996001647;COTAS;173232.460539000000000;
202401;1911;2009003365;COTAS;2950872.079818000000000;36521640000194
202401;2258;1992000719;CAIXA;3483945.730000000000000;
202401;2693;1993000811;COTAS;63773192.400000000000000;39818045000103
202401;3126;2007002019;COTAS;2434724.969802000000000;
202401;2395;9970000000;COTAS;7870146.126572000000000;
202401;1911;2013001274;COTAS;23839.079606000000000;
202401;2693;2021001938;CAIXA;2326.460000000000000;
202401;2422;2002004374;VL_PG_RC;24852.570000000000000;
202401;2395;9970000000;VL_PG_RC;0.000000000000000;
202401;3188;1996001647;COTAS;356947.682725000000000;36178602000180
202401;2258;2000004474;COTAS;136682635.967608000000000;04052631000105
202401;1911;2015000674;COTAS;1046184.011095000000000;42044228000123
202401;2258;1992000719;COTAS;19498211.962537000000000;
202401;3126;2007002019;COTAS;5971992.333478000000000;
202401;1911;2015000674;COTAS;943135.827798000000000;42119530000101
202401;2258;1992000719;COTAS;348176.423966000000000;
202401;3188;1996004883;TIT_PUB;939401272.920000000000000;
202401;2422;2002004447;ACOES;374752.980000000000000;
202401;2422;1982001747;ACOES;17539.620000000000000;
202401;3188;1997001047;COTAS;4438735.912677000000000;
202401;2422;1994003847;OPERACAO_PARTICIPANTE;64.910000000300000;
202401;3188;1997001047;COTAS;64675167.952435000000000;29298975000120
202401;2422;1994003911;OPERACAO_PARTICIPANTE;10959.430000540600000;
202401;3126;2007002019;COTAS;1739112.195706000000000;
202401;2422;2002002665;IMOVEIS;117135.540000000000000;
202401;3188;1997001047;COTAS;7913616.005233000000000;34613727000166
202401;2422;2002002819;CAIXA;68264.310000000000000;
202401;2484;2004001992;COTAS;220417146.897139000000000;14985743000172
202401;3126;2008000192;COTAS;21995917.425877000000000;
202401;2258;1993002847;COTAS;10599249.850750000000000;50634860000155
202401;3188;1998004856;COTAS;1057197.197823000000000;
202401;1911;2018001711;COTAS;735835.381819000000000;
202401;3126;2008000192;COTAS;22700452.376474000000000;
202401;3188;1998004856;COTAS;17232165.054199000000000;29298975000120
202401;2484;2004001992;COTAS;74680058.547256000000000;49361982000136
202401;2258;2000006019;VL_PG_RC;-11533.990000000000000;
202401;3188;1998004856;COTAS;2617584.178847000000000;36178602000180
202401;1911;2018001711;COTAS;551596.581069000000000;42479278000133
202401;2258;1993003029;CAIXA;1583.340000000000000;
202401;3188;1998005674;COTAS;324294.795069000000000;
202401;1911;9970000000;COTAS;2971419.633971000000000;
202401;2693;2021001938;COTAS;329798.326914000000000;41727284000108
202401;2258;1993003811;CAIXA;37.350000000000000;
202401;2422;2002002819;IMOVEIS;372162.540000000000000;
202401;3188;1998005674;TIT_PUB;27740903.080000000000000;
202401;2511;1992001529;CAIXA;407663.440000000000000;
202401;2422;2002003238;OPERACAO_PARTICIPANTE;11005.670000807500000;
202401;2721;2004002018;CAIXA;11746.260000000000000;
202401;2258;1993003811;COTAS;10859865.459520000000000;50625158000125
202401;1911;9970000000;COTAS;1005074.424151000000000;52277799000161
202401;2721;9970000000;VL_PG_RC;-216674.150000000000000;
202401;2258;1994001429;VL_PG_RC;-29370.480000000000000;
202401;1924;1989000274;COTAS;17480340.724336000000000;
202401;2422;2002003718;VL_PG_RC;414902.770000000000000;
202401;2258;2002001138;CAIXA;30.330000000000000;
202401;2525;1974000265;COTAS;3557386.971910000000000;
202401;1924;1989000274;VL_PG_RC;-25251.130000000000000;
202401;2258;2005005347;COTAS;7664120.170667000000000;50625158000125
202401;2258;1994001747;COTAS;48279975.916917000000000;50620290000144
202401;2796;2015001174;CAIXA;27544.090000000000000;
202401;3188;1998006247;COTAS;17077976.398345000000000;10220241000108
202401;2258;1995000183;COTAS;6075446.647621000000000;51059844000149
202401;2422;2002004374;IMOVEIS;57719.440000000000000;
202401;3188;1998006247;COTAS;9153042.568014000000000;34613727000166
202401;2525;1974000265;COTAS;32633530.393322000000000;
202401;2422;9970000000;VL_PG_RC;2610213.950000000000000;
202401;3126;2008000192;COTAS;68806001.038419000000000;
202401;2796;2015001174;COTAS;183997350.015853000000000;14298810000180
202401;1924;1989000347;COTAS;90701621.000001000000000;15044971000100
202401;3126;2008000192;COTAS;12190400.436350000000000;
202401;3188;1998006247;VL_PG_RC;-67158.500000000000000;
202401;1924;1989000347;COTAS;27735574.000000000000000;15060248000115
202401;2525;1974000265;COTAS;2446364.288653000000000;
202401;2484;2004001992;CAIXA;12437.320000000000000;
202401;3126;2008000192;COTAS;2649991.629767000000000;
202401;2258;2005005347;VL_PG_RC;-5941.320000000000000;
202401;2525;1974000265;COTAS;125949.366004000000000;
202401;2258;1996000829;TIT_PUB;67948280.450000000000000;
202401;2811;1993002774;COTAS;3101917.510507000000000;
202401;1924;1989000347;VL_PG_RC;-11645.060000000000000;
202401;3126;2008001229;COTAS;10535450.536905000000000;
202401;2258;2006001647;COTAS;22048587.738303000000000;50620435000107
202401;2525;1974000265;COTAS;141204986.585432000000000;45494526000103
202401;2258;1996001329;COTAS;252429.149177000000000;50620819000120
202401;3188;1999002792;COTAS;792771.140723000000000;
202401;1924;2008003711;COTAS;9257075.000000000000000;
202401;2258;1996002465;CAIXA;67.680000000000000;
202401;2484;2004001992;COTAS;23586075.991621000000000;42865356000138
202401;3126;2008001229;COTAS;36055602.536516000000000;
202401;2258;2006006111;CAIXA;1525973.180000000000000;
202401;2258;1999003683;CAIXA;26.880000000000000;
202401;2811;1993002774;COTAS;15105433.783686000000000;
202401;2525;1974000265;IMOVEIS;3240351.550000000000000;
202401;3126;2009000447;CAIXA;89821.770000000000000;
202401;2258;1999003829;CAIXA;18.080000000000000;
202401;1924;2008003711;OPERACAO_PARTICIPANTE;6967547.933491400000000;
202401;2258;2001000618;COTAS;6787482.401259000000000;50620290000144
202401;2484;2005000183;CAIXA;15163.810000000000000;
202401;3126;2009000447;COTAS;223554.097566000000000;
202401;3188;1999002792;COTAS;43498.162118000000000;10220247000177
202401;2484;2005000183;COTAS;28737226.652293000000000;49962448000185
202401;3126;2009000447;COTAS;2565441.118391000000000;
202401;2811;1993002774;COTAS;1450.658350000000000;
202401;3188;1999002792;COTAS;1321968.970218000000000;18270776000197
202401;2511;1992001529;COTAS;1473962953.773645000000000;06095361000145
202401;2525;1974000338;COTAS;5893825.672792000000000;
202401;2811;1993002774;COTAS;57087926.481351000000000;
202401;2258;2006006411;CAIXA;1267.880000000000000;
202401;2511;9970000000;CAIXA;7727.780000000000000;
202401;1924;9970000000;COTAS;285949.000001000000000;15060248000115
202401;3126;2010000129;COTAS;1469190.133929000000000;
202401;2258;2001000618;TIT_PUB;6418264.040000000000000;
202401;2525;1974000338;VL_PG_RC;32983923.880000000000000;
202401;1924;9970000000;COTAS;2074992.000000000000000;15060252000183
202401;2811;1993002774;COTAS;15310466.964535000000000;
202401;2258;2006000683;COTAS;15446708.776929000000000;50620435000107
202401;2258;2007000547;CAIXA;0.360000000000000;
202401;2525;2009003756;CAIXA;32154.060000000000000;
202401;2811;1993002774;COTAS;8390092.524644000000000;
202401;2811;1993002774;COTAS;5530411.552498000000000;
202401;3126;2010000129;COTAS;1074706.248584000000000;
202401;2525;2009003756;COTAS;5079107.518259000000000;
202401;2525;2023000556;CAIXA;2161.130000000000000;
202401;2258;2006001647;COTAS;562077.985694000000000;
202401;2258;2007000547;COTAS;1831936.536081000000000;50620290000144
202401;1924;9970000000;VL_PG_RC;18698.250000000000000;
202401;3188;1999002792;COTAS;14769910.038345000000000;25244544000120
202401;2525;9970000000;CAIXA;221446.280000000000000;
202401;2258;2006001647;COTAS;28583812.572386000000000;22282955000111
202401;3188;1999003756;COTAS;17741352.749139000000000;29298975000120
202401;2556;1993000119;CAIXA;2539253.000000000000000;
202401;2258;2007000611;VL_PG_RC;-52969.960000000000000;
202401;1969;1999004019;COTAS;111707677.833791000000000;03369970000157
202401;2811;1993002774;COTAS;5538087.763227000000000;
202401;3188;1999003756;COTAS;1110185.148504000000000;34613727000166
202401;3126;2010002792;VL_PG_RC;-6859.780000000000000;
202401;1969;9970000000;COTAS;89608.960070000000000;17898668000109
202401;2556;1993000119;COTAS;85518.437561000000000;
202401;3126;2012001483;COTAS;24061.627857000000000;
202401;1969;9970000000;COTAS;89023.999333000000000;46205976000100
202401;2525;1974000265;COTAS;44628051.323028000000000;04573108000124
202401;2811;9970000000;COTAS;46965.933139000000000;
202401;3188;1999003756;VL_PG_RC;-10589.030000000000000;
202401;3126;2012001483;COTAS;2710110.246475000000000;
202401;1972;2005001783;CAIXA;169958.730000000000000;
202401;2525;1974000265;VL_PG_RC;11658178.690000000000000;
202401;3188;2000007856;CAIXA;275553.060000000000000;
202401;3126;2012001483;COTAS;2687937.399134000000000;
202401;2258;2007002418;VL_PG_RC;-61005.740000000000000;
202401;2811;9970000000;COTAS;32488.377739000000000;
202401;2556;1998007618;COTAS;5737308.647829000000000;
202401;3126;2012001483;COTAS;4095879.232550000000000;
202401;3126;2012001483;COTAS;589500.035585000000000;
202401;2258;2007002892;COTAS;74219124.010216000000000;50641862000171
202401;2525;1974000338;IMOVEIS;26631435.990000000000000;
202401;3126;2012001483;COTAS;175787.605083000000000;
202401;1972;2005001783;COTAS;11233702.131809000000000;
202401;2823;1994000392;CAIXA;46478.660000000000000;
202401;2556;1998007618;COTAS;2808713.230244000000000;
202401;3188;2001000847;COTAS;390754.512727000000000;
202401;3126;2013000529;COTAS;1743991.567131000000000;
202401;1972;2005001783;COTAS;71606387.012703000000000;
202401;2258;2007003211;COTAS;31918654.928365000000000;50620290000144
202401;2823;1994000392;COTAS;3589461.280048000000000;
202401;2556;1998007618;COTAS;52008.578205000000000;
202401;3126;2018000756;COTAS;15494209.941034000000000;
202401;2823;1994000392;COTAS;532679.098258000000000;
202401;2525;1974000338;TIT_PUB;772000320.640000000000000;
202401;2258;2006001647;TIT_PUB;48954912.240000000000000;
202401;1972;2005001783;COTAS;125313730.869437000000000;36945569000177
202401;2258;2008000338;VL_PG_RC;-20244.710000000000000;
202401;2556;2018001574;COTAS;69651.376824000000000;
202401;3188;2001000847;COTAS;2565727.089062000000000;10214125000178
202401;3126;2021001156;CAIXA;4000.000000000000000;
202401;2823;1994000392;COTAS;474997.925414000000000;
202401;2525;1979004511;CAIXA;65442.070000000000000;
202401;3126;2021001156;COTAS;101169.174629000000000;
202401;2258;2008000729;OPERACAO_PARTICIPANTE;0.000000000000000;
202401;2823;1994000392;COTAS;1139284.198507000000000;
202401;2556;2018001574;COTAS;41318.414160000000000;
202401;3188;2001000847;COTAS;7151.110623000000000;10220247000177
202401;1972;2007000229;COTAS;3939348.184543000000000;
202401;2525;1979004511;COTAS;580989.006044000000000;
202401;3188;2001000847;COTAS;3743228.336023000000000;25244544000120
202401;3126;2021001156;COTAS;336828.029664000000000;
202401;2258;2006003283;COTAS;26813827.225966000000000;50620290000144
202401;2258;2008001792;VL_PG_RC;-102159.500000000000000;
202401;2823;1994000392;COTAS;610105.663976000000000;
202401;3188;2003000283;CAIXA;1.770000000000000;
202401;2525;1979004511;COTAS;4643348.381892000000000;
202401;2823;1994000465;COTAS;355854.587586000000000;
202401;1972;2007000229;COTAS;14994044.022495000000000;
202401;3188;2003000283;COTAS;630852.003160000000000;
202401;2525;1979004511;COTAS;6993098.114781000000000;45521758000103
202401;2823;1994000465;COTAS;114779465.266880000000000;
202401;3188;2003000283;COTAS;3972273.159966000000000;18270776000197
202401;3126;2021001156;COTAS;472312.373043000000000;
202401;1972;9970000000;CAIXA;54778.940000000000000;
202401;2258;2010001338;COTAS;24936336.317867000000000;50620290000144
202401;2823;1994000465;COTAS;31959894.673619000000000;
202401;2258;2007002418;COTAS;54736035.158030000000000;50634860000155
202401;2258;2010001656;CAIXA;18.200000000000000;
202401;3188;2004002174;CAIXA;41417.830000000000000;
202401;2823;1994000465;COTAS;70055165.572699000000000;
202401;2525;1979004511;IMOVEIS;1722200.000000000000000;
202401;2258;2012000983;COTAS;11605333.431393000000000;50620290000144
202401;3188;2004002174;COTAS;60902632.117172000000000;18270776000197
202401;2823;1994000538;COTAS;0.050856000000000;
202401;3126;2021001229;COTAS;1420006.781376000000000;
202401;2258;2007002892;CAIXA;0.000000000000000;
202401;1972;9970000000;COTAS;240366.288896000000000;
202401;2258;2007003211;VL_PG_RC;-53482.650000000000000;
202401;2525;2020002256;COTAS;16405.300756000000000;41763054000196
202401;2556;2018001574;COTAS;93042.656239000000000;
202401;2823;1994000538;COTAS;12749313.404435000000000;
202401;2258;2007003465;CAIXA;2.140000000000000;
202401;2556;9970000000;COTAS;0.615531000000000;
202401;3188;2005000256;COTAS;444805.855785000000000;
202401;2258;2007003465;COTAS;48269089.077467000000000;50620572000141
202401;2556;9970000000;COTAS;129556.121280000000000;
202401;1972;9970000000;VL_PG_RC;-28.960000000000000;
202401;3188;2005000256;COTAS;14458440.242271000000000;29298975000120
202401;2258;2007003465;COTAS;1755.279490000000000;50625158000125
202401;2258;2012000983;COTAS;1200060.588795000000000;50620819000120
202401;2556;9970000000;VL_PG_RC;-367.380000000000000;
202401;2823;1994000538;COTAS;9005771.456415000000000;
202401;2258;2007003465;VL_PG_RC;-32855.020000000000000;
202401;2258;2015000811;VL_PG_RC;-37264.810000000000000;
202401;3126;2021001229;COTAS;518400.132588000000000;
202401;2525;2023000556;COTAS;1206650.305425000000000;05194813000183
202401;2258;2008000338;CAIXA;40.440000000000000;
202401;3126;2021001229;COTAS;1238045.593356000000000;
202401;1991;1980000565;CAIXA;39533.350000000000000;
202401;2258;2008000729;VL_PG_RC;-35697.420000000000000;
202401;2258;2016000929;COTAS;2654217.112700000000000;50620435000107
202401;2561;1999000447;COTAS;21282719.930478000000000;
202401;2258;2008001792;COTAS;91172398.764958000000000;50620435000107
202401;3188;2005000256;COTAS;1665735.386539000000000;36178602000180
202401;2561;1999000447;COTAS;21996745.580651000000000;
202401;2258;2009001656;COTAS;707549.908535000000000;50625158000125
202401;2525;9970000000;COTAS;22395512.859877000000000;
202401;3188;2005001211;COTAS;673354.559118000000000;
202401;3126;2021001318;COTAS;1328210.219228000000000;
202401;2258;2009001656;VL_PG_RC;-79411.280000000000000;
202401;3188;2005001211;COTAS;1683237.912177000000000;27565843000191
202401;3188;2005001211;TIT_PUB;30309716.530000000000000;
202401;2258;2017001147;COTAS;1264539.601635000000000;50620435000107
202401;1991;1980000565;VL_PG_RC;-10318.670000000000000;
202401;2525;9970000000;COTAS;8938294.982978000000000;
202401;3188;2005006483;COTAS;33226.027014000000000;10220247000177
202401;2258;2017001538;CAIXA;272.510000000000000;
202401;1991;2017000892;COTAS;6059783.154222000000000;
202401;2556;1993000119;COTAS;210300.071573000000000;
202401;3188;2005006483;COTAS;9080115.671274000000000;25244544000120
202401;2823;2009000218;COTAS;76365.402969000000000;
202401;3126;2021001318;COTAS;395639.164110000000000;
202401;2823;9970000000;VL_PG_RC;-70.110000000000000;
202401;3126;2023000874;VL_PG_RC;0.000000000000000;
202401;3188;2005006483;COTAS;1795002.971173000000000;27565843000191
202401;3161;2005005111;COTAS;2033871.100000000000000;
202401;2258;2010001656;COTAS;73426822.640478000000000;50620290000144
202401;1991;2017000892;COTAS;1278681.563901000000000;
202401;2556;1993000119;COTAS;9929926.746661000000000;
202401;2556;1993000119;COTAS;1335905.070091000000000;
202401;3188;2005006483;VL_PG_RC;-89768.960000000000000;
202401;2258;2017001619;COTAS;2680662.794050000000000;04052631000105
202401;2258;2010005783;COTAS;665499.431616000000000;50634601000124
202401;3188;2007003074;CAIXA;148.050000000000000;
202401;2841;1993003592;COTAS;226107.109032000000000;51854557000120
202401;2258;2012001092;CAIXA;11208.770000000000000;
202401;2556;1993000119;COTAS;5614850.099031000000000;
202401;2841;1993003592;COTAS;227656.349529000000000;51983612000182
202401;2258;2018001256;CAIXA;34.610000000000000;
202401;2258;2012001092;COTAS;45905957.140382000000000;50625158000125
202401;2018;1980001065;TIT_PRIV;201525797.930000000000000;
202401;3188;2007003074;COTAS;151291.045940000000000;
202401;2561;1999000447;COTAS;28315123.281650000000000;40226038000100
202401;3161;9970000000;COTAS;5099531.701288000000000;
202401;2561;2014000174;COTAS;40326144.566483000000000;
202401;2556;1993000119;COTAS;78012.867306000000000;
202401;2258;2012001165;COTAS;18981932.565763000000000;50620572000141
202401;3174;1994004029;COTAS;201279364.239999000000000;13021486000196
202401;2561;2014001219;VL_PG_RC;-2564.040000000000000;
202401;2556;1993000119;COTAS;116897564.295876000000000;27880083000107
202401;2018;2016001811;OPERACAO_PARTICIPANTE;237411.010000000000000;
202401;2258;2012001165;VL_PG_RC;-36380.530000000000000;
202401;2258;2018001256;COTAS;138976270.557145000000000;50620290000144
202401;2556;1998007618;COTAS;448166.600000000000000;
202401;3188;2007003074;COTAS;1319319.573908000000000;10220241000108
202401;2258;2019000318;COTAS;12142930.285812000000000;50634860000155
202401;2556;1998007618;COTAS;118453823.695031000000000;
202401;2018;9970000000;CAIXA;0.000000000000000;
202401;2561;9970000000;VL_PG_RC;-146.710000000000000;
202401;2258;2012001319;VL_PG_RC;36.380000000000000;
202401;2258;2019001756;COTAS;4177797.069034000000000;50634860000155
202401;2556;1998007618;COTAS;21251761.096618000000000;
202401;2258;2014000719;COTAS;14457838.675768000000000;50620819000120
202401;3174;9970000000;CAIXA;26107.320000000000000;
202401;2258;2019002256;COTAS;89169281.447143000000000;50620435000107
202401;2556;1998007618;COTAS;6049315.878858000000000;
202401;2659;2000002447;COTAS;13959483.380212000000000;
202401;2021;1979001138;CAIXA;494.210000000000000;
202401;3188;2007003074;COTAS;490658.173321000000000;10220247000177
202401;2021;1979001138;COTAS;477733.838922000000000;
202401;3188;2007003074;COTAS;801560.083246000000000;18270776000197
202401;2021;1979001138;COTAS;777399.039406000000000;
202401;3188;2009002156;COTAS;7884636.190097000000000;
202401;2258;2014001618;VL_PG_RC;-4112.510000000000000;
202401;3174;9970000000;VL_PG_RC;143753.940000000000000;
202401;2021;1979001138;VL_PG_RC;58170187.160000000000000;
202401;3188;2009002156;COTAS;24966529.255572000000000;27565843000191
202401;2659;2000002447;COTAS;8111628.879999000000000;
202401;3188;1989000983;VL_PG_RC;-152802.360000000000000;
202401;3188;2009002156;TIT_PUB;581070235.930000000000000;
202401;3188;1994002565;COTAS;23331468.524981000000000;34613727000166
202401;2659;2000002447;COTAS;12829207.165697000000000;
202401;2258;2019002256;COTAS;86155752.021722000000000;50620572000141
202401;3188;2009002229;OPERACAO_PARTICIPANTE;113874.330004836700000;
202401;3188;1996001647;COTAS;236493.148431000000000;
202401;2841;2005004529;ACOES;24275059.220000000000000;
202401;2258;2019003147;COTAS;836399.072770000000000;50620435000107
202401;3188;1996001647;COTAS;5053407.822659000000000;29298975000120
202401;2258;2020001111;CAIXA;53981.510000000000000;
202401;2556;1998007618;COTAS;36617453.310010000000000;
202401;3188;2010000374;COTAS;348748.527977000000000;27565843000191
202401;2021;1991001274;COTAS;875308.084226000000000;
202401;3188;2010000374;VL_PG_RC;-11396.680000000000000;
202401;2021;1991001274;COTAS;1200152.764491000000000;
202401;2258;2020001292;COTAS;16942723.492306000000000;50634860000155
202401;2258;2020002892;COTAS;132071.186189000000000;50620435000107
202401;2659;2000002447;COTAS;256867145.600001000000000;04982274000184
202401;2659;2000002447;IMOVEIS;1864492.020000000000000;
202401;3188;1996001647;COTAS;119142.942961000000000;34613727000166
202401;2841;2005004529;COTAS;19604435.029482000000000;51911677000112
202401;2258;2015000518;COTAS;18186033.325078000000000;04052631000105
202401;2258;2020002892;COTAS;18313.128637000000000;50620572000141
202401;2258;2015000811;CAIXA;0.120000000000000;
202401;3188;2010003047;COTAS;41248.074298000000000;
202401;2693;1993000811;COTAS;37885930.629992000000000;41215415000160
202401;2258;2021000974;COTAS;113360230.066691000000000;50625158000125
202401;2841;2005004529;VL_PG_RC;-19973060.680000000000000;
202401;2693;1993000811;COTAS;52374714.633985000000000;48330517000175
202401;2556;9970000000;COTAS;3410.739189000000000;
202401;2258;2016001038;COTAS;6375290.669263000000000;50620435000107
202401;2561;2014000174;CAIXA;78665.740000000000000;
202401;2258;2016001119;COTAS;547485.656438000000000;04052631000105
202401;2841;2005004611;COTAS;2933797.645429000000000;
202401;2258;2021000974;COTAS;29286569.085289000000000;50634860000155
202401;3188;1996001647;TIT_PUB;30917881.970000000000000;
202401;2258;2016001119;VL_PG_RC;-566.760000000000000;
202401;2561;2014000174;COTAS;109427998.687982000000000;
202401;2693;1993000811;VL_PG_RC;51765.880000000000000;
202401;2561;2014000174;COTAS;114036970.152925000000000;
202401;2841;2005004611;COTAS;106383849.275886000000000;51854557000120
202401;2693;2021001938;COTAS;120891.266178000000000;
202401;3188;1996004883;COTAS;12109748.411554000000000;
202401;2258;2017001619;CAIXA;0.000000000000000;
202401;2021;1991001274;TIT_PUB;50974544.530000000000000;
202401;3188;2010003047;COTAS;100206.688961000000000;27565843000191
202401;2258;2018001256;VL_PG_RC;-72552.790000000000000;
202401;2841;2005004611;COTAS;106772563.657746000000000;51983612000182
202401;2258;2021000974;VL_PG_RC;-151799.260000000000000;
202401;2693;9970000000;COTAS;3884890.354027000000000;
202401;3188;2010003292;COTAS;20727547.253777000000000;10214125000178
202401;3188;1996004883;COTAS;54588051.042343000000000;10214125000178
202401;2258;2019000318;COTAS;1821722.422273000000000;50620435000107
202401;2258;2023001129;VL_PG_RC;-8814.220000000000000;
202401;2721;2004002018;COTAS;536437.484744000000000;
202401;3188;1997001047;CAIXA;7191.690000000000000;
202401;2292;1998002756;COTAS;1241060.944000000000000;
202401;2021;2013001118;COTAS;50856.452885000000000;
202401;3188;1997001047;COTAS;1710506.171888000000000;
202401;3188;2010003292;COTAS;4019180.067681000000000;36178602000180
202401;2258;2019001365;OPERACAO_PARTICIPANTE;736706.861500000000000;
202401;2841;2005004611;VL_PG_RC;-12421094.050000000000000;
202401;2052;1990000983;COTAS;1433625.302138000000000;
202401;2721;2004002018;COTAS;35193035.725645000000000;13911092000103
202401;3188;2010003292;TIT_PRIV;1018445.640000000000000;
202401;2052;1990000983;COTAS;2505128.211465000000000;
202401;2721;2004002018;OPERACAO_PARTICIPANTE;1133945.142548900000000;
202401;2258;2019001365;TIT_PUB;4876997.510000000000000;
202401;3188;2010003365;COTAS;12754991.469538000000000;10214125000178
202401;2052;2006001011;COTAS;34945.615057000000000;
202401;2721;9970000000;CAIXA;0.000000000000000;
202401;2258;2019001756;VL_PG_RC;-7255.040000000000000;
202401;3188;1997001047;COTAS;31597168.377359000000000;10214125000178
202401;2841;4028410029;CAIXA;9752.040000000000000;
202401;2796;1993002529;COTAS;4616197.745744000000000;21625010000192
202401;2796;9970000000;CAIXA;71709.920000000000000;
202401;3188;2010005074;COTAS;2823732.450662000000000;34613727000166
202401;2811;1993002774;COTAS;11419663.651452000000000;
202401;2854;1995002518;OPERACAO_PARTICIPANTE;49745.080000000000000;
202401;2561;2014000174;COTAS;117440473.252125000000000;
202401;2258;2019003147;COTAS;6750340.508913000000000;50620290000144
202401;2052;2006001011;COTAS;585177.719518000000000;
202401;3188;1997001047;COTAS;26319230.783466000000000;10220241000108
202401;2258;2019003211;COTAS;1720550.540713000000000;50620290000144
202401;2854;1995002518;TIT_PUB;4646887.900000000000000;
202401;2561;2014001219;COTAS;58108170.861209000000000;
202401;2258;2019003392;COTAS;137841.102149000000000;50625158000125
202401;2854;2011000319;VL_PG_RC;-100524.760000000000000;
202401;2561;2014001219;COTAS;88484098.009978000000000;
202401;2292;1998002756;COTAS;422502.926217000000000;
202401;3188;1997001047;COTAS;2379621.980770000000000;36178602000180
202401;2811;1993002774;COTAS;1360520.041107000000000;
202401;2561;9970000000;COTAS;1046309.517663000000000;
202401;2292;1998002756;COTAS;2275269.695372000000000;
202401;2811;9970000000;COTAS;470947.505507000000000;
202401;2854;9970000000;VL_PG_RC;49965.060000000000000;
202401;2258;2020001111;COTAS;9322977.513985000000000;50620819000120
202401;2659;2000002447;COTAS;7431742.469998000000000;
202401;3188;2010005074;VL_PG_RC;-6104.890000000000000;
202401;2052;2006001011;COTAS;601918.724521000000000;
202401;2292;1998002756;COTAS;523481.146170000000000;
202401;3188;1998004856;COTAS;41459.686994000000000;18270776000197
202401;2823;1994000392;COTAS;932071.726980000000000;
202401;2258;2020001111;OPERACAO_PARTICIPANTE;310853.880324000000000;
202401;3188;2010005211;COTAS;4057244.096673000000000;
202401;3188;2010005211;TIT_PUB;75705965.530000000000000;
202401;2909;9970000000;VL_PG_RC;-2602.150000000000000;
202401;2292;1998002756;COTAS;1013729.362254000000000;
202401;3188;2012000665;COTAS;317137.265967000000000;
202401;2659;2000002447;COTAS;18611732.419991000000000;
202401;2052;2006001011;COTAS;8847620.213334000000000;
202401;3188;1998005674;COTAS;105553.477172000000000;
202401;2912;1993003738;COTAS;4800995.754359000000000;09636594000104
202401;2258;2020001292;COTAS;16633337.732200000000000;50620290000144
202401;2052;2006001011;COTAS;1828586.843966000000000;
202401;2912;1993003738;COTAS;2415736.147897000000000;14435448000142
202401;2659;2000002447;VL_PG_RC;-1477051.180000000000000;
202401;3188;1998005674;COTAS;291433.773936000000000;
202401;2052;2006001011;COTAS;2612058.568623000000000;
202401;2912;1993003738;COTAS;4886972.374982000000000;18138892000157
202401;2659;9970000000;VL_PG_RC;0.000000000000000;
202401;2258;2020001292;COTAS;8671932.000276000000000;50620819000120
202401;2052;2006001011;COTAS;2960440.681931000000000;
202401;2292;1998002756;COTAS;6157172.210361000000000;
202401;2823;1994000392;COTAS;547614.303767000000000;
202401;2693;1993000811;TIT_PUB;218527810.560000000000000;
202401;2292;1998002756;COTAS;1956171.636474000000000;
202401;2823;1994000392;COTAS;2119464.400227000000000;
202401;2258;2020001292;COTAS;10121097.510055000000000;50641862000171
202401;2052;2006001011;COTAS;130389.881338000000000;
202401;2823;1994000392;COTAS;1867714.790660000000000;
202401;2258;2020002892;COTAS;3787600.017009000000000;50620290000144
202401;2052;2006001011;VL_PG_RC;-13227.720000000000000;
202401;2823;1994000392;COTAS;619005.305377000000000;
202401;2912;1993003738;TIT_PUB;46837426.180000000000000;
202401;2258;2020003465;COTAS;75929217.948973000000000;50620290000144
202401;2066;1974000192;COTAS;5806719.973773000000000;
202401;3188;2012000665;COTAS;1480151.186120000000000;10214125000178
202401;2693;9970000000;CAIXA;3449.470000000000000;
202401;2823;1994000392;VL_PG_RC;14076.730000000000000;
202401;2292;1998002829;CAIXA;195679.540000000000000;
202401;2258;2023000092;VL_PG_RC;-5218.730000000000000;
202401;3188;2013000456;COTAS;1295234.594807000000000;
202401;2823;1994000465;COTAS;5352597.899603000000000;
202401;3188;1998005674;COTAS;356947.682725000000000;36178602000180
202401;2912;2005006711;COTAS;133448752.512636000000000;09544240000121
202401;2066;1974000192;COTAS;15062595.674085000000000;
202401;2823;1994000465;COTAS;67881464.601226000000000;
202401;2721;9970000000;COTAS;597824.142628000000000;13914334000112
202401;2912;2005006711;COTAS;82575141.613551000000000;27619757000114
202401;3188;2013000456;COTAS;5985447.611308000000000;10214125000178
202401;2796;1993002529;COTAS;319679988.659632000000000;14298797000160
202401;3188;1998006247;CAIXA;29712.150000000000000;
202401;2066;1974000192;COTAS;22430.837673000000000;
202401;2258;2023001129;COTAS;1210437.615262000000000;50625158000125
202401;2823;1994000465;COTAS;80905640.936485000000000;
202401;3188;1998006247;COTAS;1804110.983077000000000;
202401;2066;1974000192;OPERACAO_PARTICIPANTE;1799245.170000000000000;
202401;2926;1998002519;COTAS;0.010216000000000;
202401;3188;2013000456;COTAS;16211699.677137000000000;25244544000120
202401;2823;1994000465;COTAS;0.024835000000000;
202401;2796;1993002529;VL_PG_RC;89.400000000000000;
202401;2071;1986000583;OPERACAO_PARTICIPANTE;1451189.390000000000000;
202401;2292;1998002829;COTAS;1601778.966581000000000;
202401;2823;1994000465;COTAS;19238299.036958000000000;
202401;3188;1999002792;VL_PG_RC;-39303.080000000000000;
202401;2823;1994000538;COTAS;779572.554927000000000;
202401;2796;2015001174;COTAS;13132435.792244000000000;21624743000102
202401;2823;1994000538;COTAS;130074721.014182000000000;
202401;2071;1986000583;TIT_PUB;14873881.820000000000000;
202401;2811;1993002774;COTAS;13683529.326885000000000;
202401;2823;1994000538;COTAS;4402706.919034000000000;
202401;2811;1993002774;COTAS;4172543.334299000000000;
202401;2292;1998002829;COTAS;2065461.169579000000000;
202401;2258;9970000000;COTAS;18768700.920510000000000;
202401;3188;1999003756;COTAS;1977232.934020000000000;10220247000177
202401;2071;9970000000;CAIXA;234996.020000000000000;
202401;2292;1998002756;COTAS;2322293.998440000000000;
202401;2931;1994000211;COTAS;4557036.000000000000000;
202401;2292;1998002829;COTAS;118633.363936000000000;
202401;2292;1998002756;COTAS;37764.676096000000000;
202401;3188;2016000538;CAIXA;1009.330000000000000;
202401;2841;1993003592;COTAS;221409.987226000000000;51983827000101
202401;2292;1998002829;COTAS;44875173.640964000000000;
202401;2292;1998002756;COTAS;160882738.951164000000000;
202401;3188;2016000538;COTAS;13136876.525903000000000;18270776000197
202401;2931;1994000211;COTAS;40649514.389586000000000;
202401;2071;9970000000;VL_PG_RC;-196198.310000000000000;
202401;3188;2017000574;COTAS;6606530.211476000000000;34613727000166
202401;2841;1993003592;OPERACAO_PARTICIPANTE;286904.070000000000000;
202401;3188;1999003756;COTAS;176518.762198000000000;18270776000197
202401;2292;1998002829;OPERACAO_PARTICIPANTE;3997178.154342000000000;
202401;2811;1993002774;COTAS;1180601.358611000000000;
202401;2292;1998002829;COTAS;2969700.000000000000000;
202401;2083;1973000156;OPERACAO_PARTICIPANTE;205309832.729231621000000;
202401;2292;2016000392;COTAS;10656.386441000000000;
202401;3188;2017000574;VL_PG_RC;-39738.290000000000000;
202401;3188;2000007856;COTAS;2817369.934358000000000;18270776000197
202401;3188;2017000711;COTAS;4569607.861152000000000;10214125000178
202401;2083;1973000156;TIT_PUB;8639474597.280000000000000;
202401;2811;1993002774;COTAS;3032060.948929000000000;
202401;2292;1998002829;COTAS;151685.550888000000000;
202401;2931;1994000211;COTAS;21867058.001893000000000;
202401;2292;2016000392;COTAS;10705.118804000000000;
202401;2292;1998002829;COTAS;112441459.648605000000000;50765883000107
202401;2931;1994000211;COTAS;3247649.674843000000000;
202401;2811;1993002774;COTAS;11100959.253979000000000;
202401;2083;1999005211;TIT_PUB;5556521988.940000000000000;
202401;2841;2005004529;COTAS;2718343.000000000000000;
202401;2931;1994000211;COTAS;1673994.179550000000000;
202401;3188;2000007856;COTAS;946031.568564000000000;27565843000191
202401;3188;2017000711;COTAS;35003631.785910000000000;25244544000120
202401;2083;2000008283;TIT_PUB;295507114.970000000000000;
202401;2292;2016000392;CAIXA;352688.770000000000000;
202401;2841;2005004529;COTAS;538398.431446000000000;
202401;2292;2016000392;COTAS;35418.874338000000000;
202401;2991;1985000547;COTAS;2081234.949584000000000;47716645000199
202401;3188;2019001047;TIT_PUB;52668.370000000000000;
202401;2991;1994002492;COTAS;2430977.481587000000000;
202401;2083;2011002192;COTAS;877070.200000000000000;
202401;2841;2005004529;COTAS;1953160.029424000000000;
202401;2811;1993002774;COTAS;882428.576919000000000;
202401;3188;2001000847;COTAS;138689.730478000000000;27565843000191
202401;2292;2016000392;COTAS;27682.476156000000000;
202401;2811;1993002774;OPERACAO_PARTICIPANTE;1621557.780000000000000;
202401;2083;2011002265;COTAS;639065.700000000000000;
202401;2292;2016000392;COTAS;85707.656144000000000;
202401;2292;2016000392;COTAS;37457.565218000000000;
202401;2292;2018002538;CAIXA;168370.250000000000000;
202401;2292;2016000392;COTAS;428277.796959000000000;
202401;2991;1994002492;COTAS;11472689.347990000000000;
202401;2083;2011002265;TIT_PUB;1435891.250000000000000;
202401;2292;2016000392;TIT_PRIV;82918.240000000000000;
202401;2841;2005004529;TIT_PRIV;0.000000000000000;
202401;2811;9970000000;CAIXA;77020.750000000000000;
202401;3188;2001000847;TIT_PUB;27125610.070000000000000;
202401;2292;2018002538;COTAS;51872.175277000000000;
202401;2841;2005004611;COTAS;9214218.490278000000000;
202401;2991;1994002492;COTAS;26480289.671097000000000;41978492000171
202401;2292;2018002538;COTAS;47194.464509000000000;
202401;2854;1995002518;COTAS;2535217.745973000000000;
202401;3188;2021003019;COTAS;514193.618626000000000;34613727000166
202401;2292;2018002538;COTAS;4521738.738555000000000;
202401;2292;2018002538;COTAS;1873991.977403000000000;
202401;3188;2021003019;VL_PG_RC;-4976.410000000000000;
202401;2083;2020000229;COTAS;35129531.294159000000000;03573959000104
202401;2292;2018002538;COTAS;4210918.657236000000000;
202401;3188;2002000565;COTAS;4910875.926894000000000;10214125000178
202401;2292;2018002538;COTAS;290352.697867000000000;
202401;2083;2020000229;COTAS;6985119.862216000000000;35600762000103
202401;2292;9970000000;COTAS;8380522.700856000000000;
202401;2292;2018002538;COTAS;3809431.132839000000000;
202401;2854;2022000447;VL_PG_RC;-316.800000000000000;
202401;2811;9970000000;COTAS;130076.637064000000000;
202401;2991;1994002492;OPERACAO_PARTICIPANTE;5894142.220000000000000;
202401;2909;2016000465;COTAS;121664244.820610000000000;34867805000159
202401;3188;9970000000;COTAS;59911516.829145000000000;25244544000120
202401;3201;1994004274;CAIXA;896.100000000000000;
202401;3201;1994004274;COTAS;206829.039259000000000;
202401;2302;1988000319;COTAS;9580.370000000000000;
202401;3201;9970000000;VL_PG_RC;0.000000000000000;
202401;3188;2002000565;COTAS;227301.591223000000000;10220247000177
202401;2292;2018002538;COTAS;4676647.814850000000000;
202401;2302;1988000483;COTAS;18286151.305459000000000;
202401;2912;1993003738;COTAS;4191531.875141000000000;08830058000174
202401;3251;1995001465;COTAS;2227106.250000000000000;
202401;2302;1988000483;COTAS;9480138.111556000000000;03100395000192
202401;2083;2020000229;VL_PG_RC;6319.530000000000000;
202401;2302;1988000319;COTAS;25236139.530760000000000;03100395000192
202401;3251;1995001465;COTAS;429574.048046000000000;
202401;2811;9970000000;COTAS;292130.736860000000000;
202401;2302;1988002011;COTAS;240345318.062048000000000;03100395000192
202401;2823;1994000392;COTAS;1058394.529469000000000;
202401;2991;1994002492;TIT_PUB;1143223294.490000000000000;
202401;2316;1979000719;COTAS;732305.925976000000000;27292836000163
202401;2302;1988000483;COTAS;17898322.598615000000000;
202401;3251;1995001465;COTAS;8817152.152903000000000;
202401;2316;1979000719;OPERACAO_PARTICIPANTE;57698.060000000000000;
202401;2823;1994000392;COTAS;253631.959859000000000;
202401;3006;1994002174;CAIXA;2899.460000000000000;
202401;2912;1993003738;COTAS;4777508.765072000000000;09564278000166
202401;2316;2015001311;COTAS;4831487.323377000000000;
202401;2302;1988000483;COTAS;62944119.858583000000000;23931715000163
202401;3188;2002000565;COTAS;4057660.881413000000000;25244544000120
202401;2302;1988002011;COTAS;234932975.655711000000000;29092660000121
202401;3006;1994002174;IMOVEIS;565000.000000000000000;
202401;2316;2015001311;COTAS;3297391.445352000000000;
202401;3188;2002000719;COTAS;2419469.939713000000000;
202401;2083;9970000000;CAIXA;15371.890000000000000;
202401;2912;2005006711;OPERACAO_PARTICIPANTE;11168623.442015000000000;
202401;2912;9970000000;COTAS;1853575.394974000000000;09636594000104
202401;2083;9970000000;COTAS;198501808.737888000000000;05170419000105
202401;2316;2015001311;IMOVEIS;24391801.220000000000000;
202401;3251;1995001465;COTAS;3558374.231259000000000;
202401;2823;1994000392;COTAS;607408.995572000000000;
202401;2931;1994000211;COTAS;48750820.183999000000000;
202401;2316;1979000719;COTAS;346585.387315000000000;30509257000134
202401;2141;1980001219;VL_PG_RC;281384.830000000000000;
202401;3006;9970000000;VL_PG_RC;0.000000000000000;
202401;2931;1994000211;COTAS;2911427.468000000000000;
202401;2155;1985000938;COTAS;80853815.956184000000000;38066095000119
202401;2316;2015001492;OPERACAO_PARTICIPANTE;6822433.290033946400000;
202401;3023;1979003718;CAIXA;3960132.780000000000000;
202401;2316;2015001311;COTAS;96044978.187606000000000;30509257000134
202401;3188;2002000719;COTAS;2216442.421912000000000;
202401;2316;9970000000;VL_PG_RC;-3542.630000000000000;
202401;3251;1995001465;COTAS;420328.955067000000000;
202401;2316;2015001492;COTAS;62944750.229849000000000;27292836000163
202401;2931;1994000211;COTAS;13010685.828498000000000;
202401;3251;1995001465;COTAS;13685158.088609000000000;
202401;2823;1994000465;COTAS;32844800.164325000000000;
202401;2333;1992001065;VL_PG_RC;-5354.080000000000000;
202401;2169;1972000111;IMOVEIS;107173000.000000000000000;
202401;3188;2002000719;TIT_PUB;318499613.070000000000000;
202401;2823;1994000465;COTAS;58409133.736442000000000;
202401;2169;1999000374;VL_PG_RC;120910.440000000000000;
202401;2823;1994000465;COTAS;40475281.410754000000000;
202401;2333;2019000938;OPERACAO_PARTICIPANTE;2662525.430000000000000;
202401;2316;2015001492;TIT_PUB;451820493.410000000000000;
202401;3251;1995001465;TIT_PUB;104143833.140000000000000;
202401;2169;9970000000;CAIXA;62075.580000000000000;
202401;3023;1979003718;COTAS;16305431.053667000000000;
202401;3023;1979003718;TIT_PUB;196592817.220000000000000;
202401;2169;9970000000;VL_PG_RC;2185.980000000000000;
202401;2333;9970000000;COTAS;2616789.722603000000000;
202401;2316;9970000000;COTAS;3727783.582475000000000;
202401;3023;2001001738;COTAS;465838013.127184000000000;
202401;3188;2003001638;COTAS;46761.233018000000000;18270776000197
202401;2333;9970000000;VL_PG_RC;-2542.770000000000000;
202401;3037;1994001119;COTAS;3153952.135611000000000;
202401;2931;1994000211;COTAS;34121835.412730000000000;
202401;2333;1992001065;COTAS;12903630.811249000000000;
202401;2172;2020000865;COTAS;7606297.209729000000000;31615254000148
202401;2395;1994001811;COTAS;9409868.876044000000000;
202401;2931;1994000211;COTAS;2189618.671567000000000;
202401;3304;1995002811;COTAS;495847.949972000000000;
202401;2172;9970000000;COTAS;1914462.759991000000000;
202401;2395;1994001811;COTAS;9506581.600846000000000;
202401;3037;1994001119;COTAS;5719375.991837000000000;
202401;2333;1992001065;COTAS;9556861.461266000000000;
202401;2213;1991002483;COTAS;10522640.996076000000000;
202401;3037;1994001119;TIT_PUB;49531311.520000000000000;
202401;2931;9970000000;COTAS;1385634.290004000000000;
202401;2213;1991002483;OPERACAO_PARTICIPANTE;4480070.019983495300000;
202401;3037;9970000000;COTAS;27419.492628000000000;
202401;3188;2003001638;COTAS;1066847.830799000000000;27565843000191
202401;2395;1994001811;COTAS;43375800.620533000000000;
202401;2823;1994000465;COTAS;50061142.541679000000000;
202401;3304;1995002811;COTAS;1519180.011819000000000;
202401;2823;1994000465;TIT_PUB;125782406.530000000000000;
202401;2231;1982002638;CAIXA;63.000000000000000;
202401;2991;1994002492;CAIXA;18725.040000000000000;
202401;3304;1995002811;COTAS;2562051.788646000000000;
202401;2823;2009000218;VL_PG_RC;0.000000000000000;
202401;2991;1994002492;COTAS;11233702.131802000000000;
202401;2395;1994001811;COTAS;51745674.783134000000000;
202401;3188;2004002174;COTAS;35254569.790182000000000;34613727000166
202401;2841;2005004529;COTAS;1929644.750600000000000;
202401;2991;1994002492;COTAS;5662830.643643000000000;
202401;3304;1995002811;COTAS;1276646.883223000000000;
202401;2991;1994002492;COTAS;5642619.452450000000000;
202401;2395;1994001811;COTAS;2325478.265406000000000;
202401;2231;1982002719;COTAS;9797.633902000000000;
202401;3304;1995002811;COTAS;1937577.052100000000000;
202401;2841;2005004611;TIT_PRIV;0.000000000000000;
202401;3188;2005000256;COTAS;729259.692514000000000;
202401;2231;1982002719;COTAS;282123.887586000000000;
202401;2991;1994002492;COTAS;2326169.306376000000000;
202401;2841;4028410029;COTAS;1793513.773768000000000;51983827000101
202401;2395;1994001811;COTAS;29816190.740011000000000;
202401;3304;2011001838;CAIXA;2656.440000000000000;
202401;2395;1994001811;COTAS;1755963.871231000000000;
202401;2395;1994001811;COTAS;202279.593962000000000;
202401;3037;9970000000;COTAS;323339.587221000000000;
202401;2841;9970000000;CAIXA;3818.230000000000000;
202401;3188;2005006483;COTAS;1912040.552741000000000;10214125000178
202401;3304;2011001838;COTAS;1854034.530224000000000;
202401;2991;1994002492;COTAS;366211.746135000000000;
202401;3188;2007003074;COTAS;1286028.186004000000000;29298975000120
202401;2841;9970000000;COTAS;2075652.437396000000000;51983827000101
202401;2991;1994002492;COTAS;69882168.337740000000000;
202401;3188;2007003074;COTAS;1137387.374381000000000;34613727000166
202401;2854;2022000447;CAIXA;2550.180000000000000;
202401;2395;1994001811;COTAS;42221226.991714000000000;
202401;2231;1982002719;IMOVEIS;3061870.190000000000000;
202401;2395;1994001811;COTAS;3283842.529675000000000;
202401;2395;1994001811;COTAS;4873871.245135000000000;
202401;3304;2011001838;COTAS;306937.361917000000000;
202401;2909;1993003411;CAIXA;356254.170000000000000;
202401;3188;2009002156;CAIXA;803.380000000000000;
202401;3037;9970000000;COTAS;16266.114875000000000;
202401;2395;1994001811;COTAS;9423706.338602000000000;
202401;2395;1994001811;COTAS;7437187.974580000000000;
202401;2991;1994002492;COTAS;10371345.628722000000000;
202401;2909;1993003411;COTAS;202023418.808399000000000;34867818000128
202401;3188;2009002156;COTAS;48603774.586365000000000;10214125000178
202401;2422;1982001356;IMOVEIS;13201.060000000000000;
202401;3085;2000007074;CAIXA;11833.960000000000000;
202401;2395;1994001811;TIT_PUB;277086141.570000000000000;
202401;2231;1982002883;CAIXA;11461.410000000000000;
202401;2422;1994003383;ACOES;3318.250000000000000;
202401;3304;2011001838;COTAS;537609.512376000000000;
202401;3188;2009002156;COTAS;134937580.063061000000000;25244544000120
202401;2422;1982001747;IMOVEIS;1680607.880000000000000;
202401;2422;1994003911;VL_PG_RC;719627.340000000000000;
202401;2909;2010004711;COTAS;725344.286627000000000;34867797000140
202401;3321;1995002992;CAIXA;2678.830000000000000;
202401;2422;2002002819;VL_PG_RC;161496.270000000000000;
202401;2909;2010004711;VL_PG_RC;-2030.780000000000000;
202401;2231;1992000956;COTAS;114935.101084000000000;
202401;3321;1995002992;COTAS;129726.852068000000000;
202401;3188;2010000374;COTAS;258959.053808000000000;
202401;2231;1992000956;COTAS;20078.344948000000000;
202401;3321;1995002992;COTAS;9270770.108978000000000;
202401;3188;2010000374;COTAS;1220286.504459000000000;10220241000108
202401;2909;2016000465;CAIXA;170992.700000000000000;
202401;2991;9970000000;VL_PG_RC;-679.630000000000000;
202401;2422;2002003718;OPERACAO_PARTICIPANTE;7455.669999988300000;
202401;2422;1994003383;VL_PG_RC;63158.730000000000000;
202401;3023;2001001738;COTAS;39275908.402275000000000;
202401;2422;2002004218;COTAS;113439310.605681000000000;
202401;2909;2016000465;COTAS;42345730.612377000000000;34867818000128
202401;3188;2010003047;COTAS;16001.092156000000000;
202401;3321;1995002992;COTAS;18232423.591666000000000;
202401;3037;1994001119;COTAS;6935351.597859000000000;
202401;2422;9970000000;CAIXA;1177156.550000000000000;
202401;2909;2016000465;COTAS;47074374.350177000000000;34867829000108
202401;3321;1995002992;COTAS;4904254.931914000000000;
202401;2422;1994003847;CAIXA;4880.390000000000000;
202401;2231;1992000956;VL_PG_RC;-8414.470000000000000;
202401;2231;1994001518;OPERACAO_PARTICIPANTE;0.000000000000000;
202401;3085;2000007074;IMOVEIS;890000.000000000000000;
202401;2484;2004001992;COTAS;8047814.829612000000000;42865470000168
202401;3085;2000007074;OPERACAO_PARTICIPANTE;1748591.400000000000000;
202401;3188;2010003047;COTAS;178077.662873000000000;10214125000178
202401;2231;2008003019;OPERACAO_PARTICIPANTE;295114.610000000000000;
202401;2484;2004001992;COTAS;149534702.274988000000000;49962448000185
202401;3188;2010003292;COTAS;1841656.381863000000000;
202401;2231;2010002474;COTAS;3855933.405931000000000;
202401;3085;9970000000;COTAS;1676588.394648000000000;
202401;3099;1994003065;CAIXA;3313.870000000000000;
202401;3188;2010003365;COTAS;1097220.782588000000000;
202401;2422;1994003847;COTAS;593430.733888000000000;
202401;2484;2005000183;COTAS;44641396.172279000000000;14985743000172
202401;2909;9970000000;COTAS;3361880.895797000000000;34867797000140
202401;2422;1994003911;IMOVEIS;1665107.860000000000000;
202401;3321;1995002992;COTAS;4456186.586974000000000;
202401;3188;2010003365;COTAS;12684203.618944000000000;29298975000120
202401;3099;1994003065;OPERACAO_PARTICIPANTE;167231.139996593800000;
202401;2231;2010002474;COTAS;21522776.551293000000000;44703493000100
202401;2484;2005000183;COTAS;4933181.630459000000000;42865356000138
202401;2912;1993003738;OPERACAO_PARTICIPANTE;319841.640000000000000;
202401;2231;2012001947;COTAS;3391616.615648000000000;
202401;3188;2010003365;TIT_PUB;353177728.240000000000000;
202401;2912;2005006711;COTAS;190677124.752103000000000;14435448000142
202401;2231;2012001947;COTAS;1629739.009399000000000;
202401;2484;2005000183;COTAS;2684342.873066000000000;42865470000168
202401;3349;1995003638;COTAS;2790763.819752000000000;
202401;2912;9970000000;COTAS;1886769.373193000000000;18138892000157
202401;2484;2005000183;VL_PG_RC;572799.530000000000000;
202401;2422;2002002819;COTAS;6167366.526385000000000;
202401;2926;1998002519;CAIXA;0.000000000000000;
202401;3099;1994004411;VL_PG_RC;-1595.290000000000000;
202401;3349;1995003638;COTAS;4782960.000000000000000;
202401;2931;1994000211;COTAS;9922139.460000000000000;
202401;2484;9970000000;COTAS;5893.866801000000000;42865356000138
202401;2422;2002003238;CAIXA;84605.810000000000000;
202401;2231;2012001947;COTAS;2297633.084448000000000;
202401;2931;1994000211;COTAS;73206574.983030000000000;
202401;3099;1996002392;COTAS;5873973.780006000000000;13411833000197
202401;3349;1995003638;COTAS;3413200.000000000000000;
202401;2931;1994000211;COTAS;11786902.395478000000000;
202401;3099;1997000318;COTAS;8939900.793338000000000;
202401;3349;1995003638;COTAS;2109002.708082000000000;
202401;2931;1994000211;COTAS;3167646.111512000000000;
202401;3099;1996002392;VL_PG_RC;-2069.030000000000000;
202401;3188;2010003438;COTAS;2964461.138486000000000;
202401;3349;1995003638;COTAS;4901015.536552000000000;
202401;2231;2012001947;COTAS;27544549.708015000000000;44703472000186
202401;3366;1995003018;VL_PG_RC;0.000000000000000;
202401;2511;1992001529;COTAS;1722191164.107402000000000;05211523000109
202401;2422;2002003238;COTAS;5881564.860653000000000;
202401;2931;9970000000;VL_PG_RC;0.000000000000000;
202401;2231;2013001665;COTAS;207581.080321000000000;
202401;3366;9970000000;CAIXA;160847.950000000000000;
202401;3188;2010005074;CAIXA;8.550000000000000;
202401;2991;1985000547;COTAS;1391297.192852000000000;
202401;3099;1999004647;COTAS;43503.257150000000000;
202401;2511;9970000000;COTAS;9887620.465779000000000;06095361000145
202401;2991;1985000547;VL_PG_RC;-23654.220000000000000;
202401;3099;1999004892;VL_PG_RC;-205581.610000000000000;
202401;3407;1995003247;COTAS;6598900.503801000000000;
202401;2991;1994002492;COTAS;9237826.370895000000000;
202401;2231;2014001383;COTAS;194932.161147000000000;
202401;3407;1995003247;COTAS;136851.255053000000000;
202401;3188;2010005074;COTAS;149178.322977000000000;
202401;2231;2014001383;COTAS;5257786.671501000000000;44900441000115
202401;3099;1999005392;COTAS;20353101.099970000000000;04701028000107
202401;2525;1974000265;COTAS;3396230.369848000000000;
202401;3407;1995003247;COTAS;18542637.230330000000000;
202401;3099;1999005392;VL_PG_RC;-14189.390000000000000;
202401;3188;2010005074;COTAS;261435.545957000000000;
202401;3099;1999005465;COTAS;2107564.470000000000000;
202401;2991;1994002492;COTAS;5602561.364697000000000;
202401;3188;2010005074;COTAS;1764317.321893000000000;10220241000108
202401;2231;2014001383;IMOVEIS;5835603.340000000000000;
202401;3411;2006000292;CAIXA;4908.630000000000000;
202401;3188;2010005074;COTAS;948162.760034000000000;36178602000180
202401;2231;2018002074;COTAS;193854.049297000000000;44703472000186
202401;3099;1997000318;CAIXA;921.320000000000000;
202401;2991;1994002492;COTAS;251838.664746000000000;
202401;2231;2019003074;CAIXA;60268.840000000000000;
202401;2525;1974000265;COTAS;50920205.331164000000000;45521758000103
202401;3099;1997000318;VL_PG_RC;-23516.600000000000000;
202401;3411;2014001065;CAIXA;3716.330000000000000;
202401;2525;1979004511;COTAS;1112913.012953000000000;04573108000124
202401;3411;2016001429;CAIXA;29.730000000000000;
202401;3099;1999005465;COTAS;5468719.820000000000000;
202401;2525;1979004511;COTAS;45973977.054172000000000;45494526000103
202401;2422;2002003718;CAIXA;180312.640000000000000;
202401;3411;2016001429;COTAS;13627624.980075000000000;13970020000137
202401;3099;1999005465;OPERACAO_PARTICIPANTE;5427422.910197760800000;
202401;3188;2010005211;COTAS;39458011.539721000000000;29298975000120
202401;3099;1999004647;OPERACAO_PARTICIPANTE;108029.170001155400000;
202401;2991;1994002492;TIT_PRIV;121603311.800000000000000;
202401;2525;1979004511;TIT_PRIV;5755692.360000000000000;
202401;3188;2012000665;COTAS;1601912.175798000000000;27565843000191
202401;2422;2002003718;COTAS;4081398.681690000000000;
202401;3099;2020003074;COTAS;44630.974500000000000;
202401;2231;2019003074;COTAS;260537.077739000000000;
202401;3023;2001001738;CAIXA;176626.630000000000000;
202401;3438;1988003083;CAIXA;155228.530000000000000;
202401;3126;1993002219;CAIXA;12833.690000000000000;
202401;2422;2002004374;CAIXA;10979.240000000000000;
202401;3438;1988003083;COTAS;1585124.899781000000000;
202401;3188;2012000665;TIT_PUB;6531737.650000000000000;
202401;3126;1993002219;COTAS;6505279.994570000000000;
202401;2422;2002004374;COTAS;90381.299903000000000;
202401;3188;2013000456;TIT_PUB;52705946.870000000000000;
202401;2231;2019003074;COTAS;3205058.175956000000000;44703483000166
202401;2258;1989000118;COTAS;32934593.146130000000000;50625158000125
202401;3099;2020003074;COTAS;1087088.363930000000000;04701028000107
202401;3099;9970000000;COTAS;15740187.198384000000000;
202401;3099;9970000000;VL_PG_RC;-1700.640000000000000;
202401;3126;1993001492;CAIXA;35287.830000000000000;
202401;3023;2001001738;COTAS;703164921.148437000000000;32265488000175
202401;3126;1993001492;COTAS;139506.645632000000000;
202401;3188;2016000538;COTAS;8554637.093010000000000;10220241000108
202401;3126;1993002219;COTAS;1722895.001522000000000;
202401;3438;1999001011;COTAS;152576609.494902000000000;46206481000197
202401;2422;2002004447;IMOVEIS;16447448.430000000000000;
202401;2258;1989000118;VL_PG_RC;-78935.630000000000000;
202401;2525;2009003756;COTAS;3396230.369848000000000;
202401;3188;2016000538;COTAS;7666288.406007000000000;34613727000166
202401;3438;1999001656;CAIXA;165561.790000000000000;
202401;3126;1993002219;COTAS;1740158.725247000000000;
202401;3126;1994001674;TIT_PUB;110023074.580000000000000;
202401;2422;9970000000;COTAS;53799415.685588000000000;
202401;3438;1999001656;COTAS;9063239.760001000000000;42814967000157
202401;3126;1994002956;COTAS;69124545.218086000000000;
202401;3023;2001001738;COTAS;587282228.739374000000000;38049520000161
202401;3126;1994002956;COTAS;13764829.853122000000000;
202401;2484;2004001992;COTAS;32619127.940023000000000;49498790000176
202401;3037;1994001119;COTAS;6016881.907060000000000;
202401;3438;2000005111;VL_PG_RC;-352293.690000000000000;
202401;2525;1974000265;COTAS;30275661.357721000000000;05194813000183
202401;3037;1994001119;COTAS;19995782.799674000000000;
202401;3438;2001002092;COTAS;30207881.804089000000000;
202401;3438;2002000956;COTAS;187703702.680004000000000;04803035000110
202401;3126;1994002956;COTAS;3691753.111740000000000;
202401;3037;9970000000;COTAS;157542.278157000000000;
202401;3126;1995000711;COTAS;44616265.915936000000000;
202401;2258;1989000738;TIT_PUB;95728215.750000000000000;
202401;3188;2017000574;COTAS;618752.318095000000000;
202401;3126;1995001147;CAIXA;2464732.780000000000000;
202401;3037;9970000000;COTAS;80664.593022000000000;
202401;3126;1995001147;COTAS;11133520.497802000000000;
202401;3126;1994002956;VL_PG_RC;1406791.060000000000000;
202401;2525;2009003756;TIT_PUB;361661123.380000000000000;
202401;3188;2017000574;COTAS;7865847.068834000000000;10220241000108
202401;2258;1990000118;COTAS;30443446.248466000000000;
202401;3438;2002000956;OPERACAO_PARTICIPANTE;38044.440000000000000;
202401;2525;1974000265;COTAS;56736026.651874000000000;41763054000196
202401;3085;2000007074;COTAS;5161405.985820000000000;
202401;2258;1990000118;COTAS;2229612.539723000000000;
202401;3126;1995001147;COTAS;152288567.442935000000000;
202401;3126;1995000711;COTAS;7089846.069783000000000;
202401;2258;1990000118;COTAS;4939210.683359000000000;
202401;3188;2017000711;COTAS;713142.206652000000000;
202401;3099;1994003065;COTAS;154775483.640006000000000;13411833000197
202401;3438;2002002029;COTAS;43160.490934000000000;
202401;2258;1990000118;COTAS;6997400.786184000000000;
202401;3099;1996002392;OPERACAO_PARTICIPANTE;14412.730000378200000;
202401;3438;2002002029;OPERACAO_PARTICIPANTE;349937.390000000000000;
202401;3126;1995000711;COTAS;17877082.087228000000000;
202401;2525;1974000338;CAIXA;55866.260000000000000;
202401;3188;2019000865;COTAS;4582800.779224000000000;36178602000180
202401;3438;2003001719;VL_PG_RC;0.000000000000000;
202401;3126;1995000711;COTAS;963219.296717000000000;
202401;2258;1990000118;COTAS;2047290.130933000000000;
202401;3099;1997000318;COTAS;5605633.729402000000000;
202401;3438;2005002992;COTAS;35351348.280759000000000;
202401;2258;1990000118;COTAS;194017.172296000000000;
202401;3099;1999004647;VL_PG_RC;-2670.100000000000000;
202401;3188;2019001047;COTAS;1497.321337000000000;
202401;3438;2005002992;COTAS;29252241.630489000000000;
202401;3126;1995001147;COTAS;1976841.136415000000000;
202401;2556;1993000119;COTAS;149112693.389069000000000;
202401;2525;1979004511;TIT_PUB;262674618.780000000000000;
202401;3126;1995001147;COTAS;13618016.740706000000000;
202401;2258;1990000118;COTAS;15950679.706950000000000;50634860000155
202401;3188;2019001047;COTAS;14702.698233000000000;10214125000178
202401;2525;2009003756;COTAS;5893825.672792000000000;
202401;3126;1995002674;COTAS;1571315.996037000000000;
202401;3099;1999004892;COTAS;2419039.386664000000000;
202401;2556;1993000119;COTAS;487840.865733000000000;
202401;2556;1993000119;TIT_PRIV;140911331.770000000000000;
202401;2258;1992000492;CAIXA;14.270000000000000;
202401;3188;2019001047;COTAS;95446.880696000000000;25244544000120
202401;3438;2005002992;COTAS;9118975.872998000000000;06170648000192
202401;2258;1992000565;COTAS;1232599.524353000000000;
202401;3438;2005002992;VL_PG_RC;0.000000000000000;
202401;3099;1999005392;COTAS;1320533.875808000000000;
202401;2258;1992000565;VL_PG_RC;-35903.530000000000000;
202401;2556;1998007618;COTAS;890603.573125000000000;
202401;3126;1997000938;COTAS;9733754.024993000000000;
202401;3126;1995001147;COTAS;7918268.217375000000000;
202401;2525;2009003756;VL_PG_RC;-8395.010000000000000;
202401;3438;2006000438;CAIXA;0.000000000000000;
202401;3126;1997000938;VL_PG_RC;-26480.700000000000000;
202401;3099;2020003074;CAIXA;619.340000000000000;
202401;2525;2023000556;VL_PG_RC;1.240000000000000;
202401;2556;1998007618;COTAS;23620877.012661000000000;
202401;3099;2020003074;COTAS;17107.087559000000000;
202401;2556;1993000119;COTAS;3997203.381724000000000;
202401;3438;2006002211;OPERACAO_PARTICIPANTE;159187.140000000000000;
202401;3188;2021003019;COTAS;923581.741641000000000;10220247000177
202401;3126;1995001147;COTAS;18635089.196598000000000;
202401;3126;1993001492;COTAS;878307.417274000000000;
202401;3438;2006002611;COTAS;141258823.935368000000000;08661367000168
202401;2556;1998007618;COTAS;29200902.226083000000000;
202401;3126;1993001492;COTAS;23526240.215625000000000;
202401;2556;1993000119;COTAS;844717.170759000000000;
202401;2556;1998007618;COTAS;24608304.293670000000000;
202401;3126;1993001492;COTAS;1747994.146104000000000;
202401;3188;2021003019;COTAS;1094176.270580000000000;18270776000197
202401;2556;1998007618;COTAS;65462160.400000000000000;35939526000116
202401;3126;1995002674;COTAS;2753205.068661000000000;
202401;3126;1997001918;COTAS;57188079.917372000000000;
202401;3126;2001000774;CAIXA;4000.000000000000000;
202401;3188;2021003019;COTAS;6410026.260134000000000;25244544000120
202401;2258;1992000719;COTAS;20312333.021476000000000;
202401;2258;1992000719;TIT_PUB;331421005.670000000000000;
202401;3188;9970000000;VL_PG_RC;-1289.170000000000000;
202401;2556;1998007618;IMOVEIS;30954211.480000000000000;
202401;3126;1993002219;COTAS;3991609.027455000000000;
202401;3126;2005005811;COTAS;371787.430477000000000;
202401;2556;1993000119;COTAS;22712.787793000000000;
202401;3126;2006001183;CAIXA;10403.900000000000000;
202401;2258;1993000992;COTAS;3440614.850024000000000;50634860000155
202401;3438;2006002783;OPERACAO_PARTICIPANTE;1764962.620000000000000;
202401;3438;2009002083;COTAS;208137.904191000000000;
202401;3201;9970000000;COTAS;50.909008000000000;
202401;2556;1993000119;COTAS;5893825.742910000000000;
202401;3126;1995002674;COTAS;8832999.753473000000000;
202401;3126;1993002219;COTAS;7144842.562788000000000;
202401;3251;1995001465;COTAS;18063563.717610000000000;
202401;2556;2018001574;COTAS;1481051.102022000000000;
202401;3126;1995002674;COTAS;1307270.032922000000000;
202401;3438;2009002083;VL_PG_RC;0.000000000000000;
202401;2556;2018001574;TIT_PRIV;928591.690000000000000;
202401;2556;1993000119;COTAS;12770359.421363000000000;
202401;3126;1995002674;COTAS;1837605.535318000000000;
202401;3126;1994001674;CAIXA;49720.270000000000000;
202401;3251;1995001465;COTAS;14832814.366118000000000;
202401;3126;2006001183;COTAS;8179921.785836000000000;
202401;3126;1995000711;COTAS;9008665.945306000000000;
202401;2561;1999000447;VL_PG_RC;-1913.520000000000000;
202401;2258;1993003029;COTAS;43658984.852327000000000;50620290000144
202401;2561;2014000174;COTAS;61242575.746812000000000;41545586000157
202401;3251;1995001465;COTAS;123079.818939000000000;
202401;3126;1997000938;COTAS;21551843.546101000000000;
202401;3251;1995001465;COTAS;3415397.020400000000000;
202401;2258;1993003811;COTAS;92796676.582968000000000;50620290000144
202401;3126;2006001183;COTAS;1212436.153768000000000;
202401;2556;1993000119;COTAS;12304142.256330000000000;
202401;2258;1994001429;COTAS;20075197.148909000000000;50634601000124
202401;3438;2020002183;CAIXA;380608.420000000000000;
202401;3126;2006001183;COTAS;299157.521236000000000;
202401;2659;2000002447;COTAS;10130090.030003000000000;
202401;3126;1997001918;COTAS;322393.949969000000000;
202401;3438;2020002183;COTAS;3051019.610653000000000;
202401;3126;2006003811;COTAS;353229.325603000000000;
202401;2659;2000002447;COTAS;20693400.519826000000000;
202401;3126;1995000711;COTAS;10334819.322235000000000;
202401;2258;1994001747;CAIXA;232624.010000000000000;
202401;3438;2021002047;VL_PG_RC;-3874338.880000000000000;
202401;2556;1998007618;COTAS;-402741.785829000000000;
202401;3126;1995000711;COTAS;8800373.534067000000000;
202401;3126;1997001918;COTAS;23061620.804561000000000;
202401;3486;1996002074;COTAS;18286246.498253000000000;
202401;2556;1998007618;COTAS;27310.468800000000000;
202401;2659;2000002447;COTAS;14979449.710000000000000;
202401;3126;1997001918;COTAS;4359070.367908000000000;
202401;3251;1995001465;COTAS;946107.419621000000000;
202401;2556;1998007618;COTAS;1488579.743206000000000;
202401;3304;1995002811;COTAS;14253.271630000000000;
202401;3126;2006003811;COTAS;2635455.625568000000000;
202401;3126;1995000711;COTAS;2441491.981405000000000;
202401;3304;1995002811;COTAS;1471967.615863000000000;
202401;2258;1994001747;COTAS;1716925.424890000000000;50620435000107
202401;3126;1997001918;COTAS;6325501.410994000000000;
202401;3126;2006003992;COTAS;6963335.034859000000000;
202401;3486;1996002074;COTAS;12931902.179978000000000;
202401;3126;1995001147;COTAS;3080122.816090000000000;
202401;2556;1998007618;COTAS;13781759.079355000000000;
202401;2693;1993000811;COTAS;192150287.227062000000000;
202401;3126;1995001147;COTAS;103393609.827140000000000;
202401;2556;1998007618;COTAS;55736036.106323000000000;
202401;2693;2021001938;COTAS;1372326.721445000000000;06877846000190
202401;3126;1997001918;COTAS;1909760.707823000000000;
202401;3126;1995001147;COTAS;5022794.629001000000000;
202401;3486;1996002074;TIT_PUB;461323518.270000000000000;
202401;2693;9970000000;VL_PG_RC;-43187.840000000000000;
202401;3126;2001000774;COTAS;384650.480383000000000;
202401;3126;1997001918;COTAS;6368489.323336000000000;
202401;3527;1996002619;COTAS;21557240.077536000000000;
202401;2556;1998007618;COTAS;12118706.552603000000000;
202401;3304;1995002811;COTAS;895000.487728000000000;
202401;3126;2006003992;COTAS;27035981.041871000000000;
202401;2721;2004002018;COTAS;8103311.817584000000000;
202401;3126;2001001983;COTAS;2613461.837410000000000;
202401;3126;1997001918;COTAS;839509.947589000000000;
202401;2796;1993002529;COTAS;16517463.697755000000000;26218376000160
202401;2796;9970000000;COTAS;3878900.074928000000000;
202401;3126;2001001983;COTAS;1447431.624585000000000;
202401;3527;1996002619;VL_PG_RC;-484562.540000000000000;
202401;2556;1998007618;OPERACAO_PARTICIPANTE;44200275.275069000000000;
202401;3126;1997001918;COTAS;2772146.686425000000000;
202401;3126;2001001983;COTAS;3583100.485373000000000;
202401;3527;2020001365;COTAS;28891627.292229000000000;
202401;3304;1995002811;COTAS;9753952.862518000000000;
202401;3126;1997001918;VL_PG_RC;542164.000000000000000;
202401;3126;2001001983;COTAS;14934246.117285000000000;
202401;3527;2020001365;COTAS;18675821.501786000000000;
202401;3304;1995002811;COTAS;724812.944165000000000;
202401;2556;2018001574;COTAS;1146463.704652000000000;
202401;3126;2001001983;COTAS;12917743.296221000000000;
202401;3126;2007002019;COTAS;1817234.888492000000000;
202401;2811;1993002774;COTAS;22372582.140677000000000;
202401;3126;2001000774;COTAS;96602.303699000000000;
202401;3304;1995002811;COTAS;2293423.499351000000000;
202401;2258;1994003138;VL_PG_RC;-86610.320000000000000;
202401;2556;2018001574;TIT_PUB;843584.250000000000000;
202401;3126;2005005811;COTAS;6529488.793954000000000;
202401;3304;1995002811;COTAS;48212.173615000000000;
202401;3126;2007002019;COTAS;156568.213467000000000;
202401;2811;1993002774;COTAS;43.687548000000000;
202401;3126;2005005811;COTAS;12463375.574565000000000;
202401;3126;2001000774;COTAS;429686.550675000000000;
202401;3126;2007002019;COTAS;8867428.943008000000000;
202401;3527;2020001365;COTAS;15689933.700365000000000;
202401;2811;1993002774;COTAS;13241726.676403000000000;
202401;3126;2005005811;CAIXA;8000.020000000000000;
202401;3126;2007002019;COTAS;1965264.217751000000000;
202401;2811;1993002774;COTAS;37124530.321412000000000;
202401;3126;2005005811;COTAS;7679.990089000000000;
202401;3126;2005005811;COTAS;3351195.566872000000000;
202401;2556;9970000000;CAIXA;333606.920000000000000;
202401;3126;2008000192;COTAS;16574349.239818000000000;
202401;3304;1995002811;COTAS;73590.868018000000000;
202401;3527;2020001365;COTAS;7108499.141953000000000;
202401;3126;2006001183;COTAS;2577671.576135000000000;
202401;3126;2005005811;COTAS;1646408.525314000000000;
202401;2561;1999000447;COTAS;61466863.246500000000000;
202401;3126;2008000192;COTAS;9379355.544156000000000;
202401;2811;1993002774;COTAS;36513666.403345000000000;
202401;2561;2014000174;COTAS;581108971.575632000000000;
202401;3126;2005005811;COTAS;3234005.115601000000000;
202401;2561;2014000174;COTAS;38238803.444423000000000;40226038000100
202401;2258;1995000183;COTAS;867588.883905000000000;51059284000122
202401;3126;2005005811;COTAS;3201291.814559000000000;
202401;3527;2020001756;CAIXA;1031.330000000000000;
202401;2258;1995000183;VL_PG_RC;-84922.140000000000000;
202401;3126;2006001183;COTAS;11803987.773306000000000;
202401;3304;1995002811;COTAS;172975.605000000000000;
202401;2561;9970000000;CAIXA;15853.930000000000000;
202401;2811;1993002774;COTAS;8342749.928115000000000;
202401;3126;2006001183;COTAS;15706435.976511000000000;
202401;3527;2020001756;COTAS;3414667.025823000000000;
202401;3126;2006001183;COTAS;12880875.283188000000000;
202401;3126;2006001183;COTAS;3431395.939386000000000;
202401;3126;2008001229;COTAS;4529798.063503000000000;
202401;2561;9970000000;COTAS;425796.464207000000000;
202401;3126;2008001229;TIT_PUB;29676327.030000000000000;
202401;2811;9970000000;COTAS;188018.826707000000000;
202401;3527;9970000000;VL_PG_RC;-820.360000000000000;
202401;3126;2006001183;COTAS;4569749.415452000000000;
202401;3126;2009000447;COTAS;16572538.255785000000000;
202401;2823;1994000392;COTAS;523338.262387000000000;
202401;2659;2000002447;COTAS;7724058.749980000000000;
202401;2823;1994000465;COTAS;11273530.407055000000000;
202401;2258;1996000829;COTAS;23733062.016505000000000;
202401;3531;1996003038;CAIXA;612932.000000000000000;
202401;3126;2010002792;COTAS;12416770.526983000000000;
202401;3126;2006001183;VL_PG_RC;-29188.110000000000000;
202401;2823;1994000465;COTAS;11126065.734166000000000;
202401;3531;9970000000;COTAS;744674.723035000000000;
202401;3304;1995002811;VL_PG_RC;158926.600000000000000;
202401;3304;2011001838;COTAS;2286492.242355000000000;
202401;3126;2006001183;COTAS;266620.551360000000000;
202401;3126;2006003747;COTAS;113930.275126000000000;
202401;2823;1994000538;COTAS;16260011.208800000000000;
202401;2258;1996001329;VL_PG_RC;-43140.830000000000000;
202401;3558;9970000000;CAIXA;243746.450000000000000;
202401;3304;2011001838;COTAS;855055.125650000000000;
202401;2258;1998005356;CAIXA;791.260000000000000;
202401;2823;2009000218;CAIXA;1430.430000000000000;
202401;2659;2000002447;COTAS;288330220.340007000000000;23964361000153
202401;3126;2006003811;COTAS;352131.145754000000000;
202401;3126;2012001483;COTAS;2840950.226119000000000;
202401;3126;2006003811;COTAS;26976.011227000000000;
202401;3126;2006003811;COTAS;119328.008441000000000;
202401;3126;2012001483;COTAS;11490099.217251000000000;
202401;3126;2006003992;VL_PG_RC;354756.200000000000000;
202401;3575;9970000000;COTAS;1577957.959240000000000;23731312000170
202401;2258;1998005356;COTAS;8817633.290822000000000;50620435000107
202401;2841;1993003592;COTAS;534647.544547000000000;
202401;3592;2006005911;COTAS;47085092.000000000000000;
202401;2258;1998006956;COTAS;88056402.902831000000000;50620290000144
202401;3126;2006004011;COTAS;14560356.305576000000000;
202401;2258;1999002229;COTAS;496291699.285892000000000;51079513000170
202401;3304;9970000000;CAIXA;731.220000000000000;
202401;3592;2006005911;TIT_PUB;49760590.600000000000000;
202401;2659;9970000000;CAIXA;91090.930000000000000;
202401;3126;2006003992;COTAS;7249073.856340000000000;
202401;3592;4018490038;CAIXA;4714.320000000000000;
202401;2258;1999003683;COTAS;82017234.394564000000000;50620290000144
202401;2693;1993000811;COTAS;36961317.679856000000000;
202401;3321;1995002992;COTAS;35109848.813512000000000;
202401;2258;2006000683;COTAS;263526765.080911000000000;50620290000144
202401;2841;1993003592;COTAS;591748.916728000000000;
202401;2258;2006000683;COTAS;2092771.106140000000000;50620819000120
202401;3126;2006004011;COTAS;727482.634749000000000;
202401;3126;2012001483;COTAS;545612.052650000000000;
202401;3126;2006003992;COTAS;2693326.759307000000000;
202401;3592;9970000000;VL_PG_RC;-19.050000000000000;
202401;3126;2013000529;COTAS;2571328.612950000000000;
202401;3126;2006004011;COTAS;29180156.631150000000000;
202401;2258;2006001647;COTAS;197782596.552236000000000;07892341000168
202401;3126;2006004011;COTAS;175933276.639331000000000;
202401;3126;2013000529;COTAS;2620395.306690000000000;
202401;2258;2006001647;COTAS;55997842.852450000000000;50634860000155
202401;2693;1993000811;COTAS;17751666.109411000000000;
202401;3126;2006004011;TIT_PRIV;27647342.930000000000000;
202401;3602;1979000638;COTAS;70569569.050000000000000;
202401;2841;2005004529;COTAS;230238580.071217000000000;50819097000137
202401;3126;2006004011;COTAS;1168406.845085000000000;
202401;2693;1993000811;COTAS;79707337.156961000000000;06877846000190
202401;2693;1993000811;TIT_PRIV;92272152.060000000000000;
202401;2258;2006003283;VL_PG_RC;-18787.600000000000000;
202401;3126;2018000756;COTAS;1230645.322167000000000;
202401;2841;2005004529;OPERACAO_PARTICIPANTE;9869870.360184921500000;
202401;2258;2006006111;COTAS;229277789.656253000000000;50620572000141
202401;3126;2021001156;COTAS;508881.690396000000000;
202401;3602;1979000638;COTAS;5602561.375798000000000;
202401;3321;1995002992;COTAS;4626202.940351000000000;
202401;3126;2006004011;VL_PG_RC;-13426.020000000000000;
202401;3126;2006004711;COTAS;17829951.631146000000000;
202401;2258;2006006411;VL_PG_RC;-19927.760000000000000;
202401;3126;2006004711;CAIXA;7000.000000000000000;
202401;2258;2007002418;COTAS;8414865.839792000000000;50620819000120
202401;3126;2021001156;COTAS;1255766.473286000000000;
202401;2841;2005004611;CAIXA;314492.020000000000000;
202401;2258;2007002418;COTAS;5763048.727437000000000;50625158000125
202401;3126;2021001156;COTAS;1098800.723156000000000;
202401;3321;1995002992;COTAS;8019153.772457000000000;
202401;2693;2021001938;COTAS;635390.637400000000000;
202401;2258;2009001656;COTAS;74571911.939851000000000;50620290000144
202401;3126;2007002019;COTAS;1469584.800505000000000;
202401;3321;1995002992;COTAS;1297237.738350000000000;
202401;3126;2006004711;COTAS;2977999.487441000000000;
202401;3126;2007002019;COTAS;3790748.824003000000000;
202401;2258;2010001656;VL_PG_RC;-59349.800000000000000;
202401;3321;9970000000;COTAS;690578.859982000000000;
202401;3126;2007002019;COTAS;603369.377287000000000;
202401;3126;2007002019;VL_PG_RC;31957.660000000000000;
202401;3602;1979000638;COTAS;76110897.951651000000000;
202401;3349;1995003638;COTAS;2731.046880000000000;
202401;3126;2007002019;COTAS;6655463.072159000000000;
202401;3126;2008000192;CAIXA;82532.790000000000000;
202401;3126;2008000192;COTAS;6910261.365080000000000;
202401;3126;2008000192;COTAS;198554.820219000000000;
202401;3126;2008000192;COTAS;3445855.116737000000000;
202401;3602;1979000638;COTAS;12319655.304014000000000;
202401;3126;2021001229;COTAS;1178068.798633000000000;
202401;3126;2008000192;COTAS;13066448.316460000000000;
202401;3126;2021001318;COTAS;494788.374765000000000;
202401;3126;2008000192;COTAS;17096719.464167000000000;
202401;2721;2004002018;COTAS;8490511.337071000000000;
202401;3602;1979000638;COTAS;77642878.325582000000000;49590183000131
202401;3126;2008000192;COTAS;312993.194051000000000;
202401;3126;2021001318;COTAS;118604.835219000000000;
202401;2258;2010005783;COTAS;13760276.291769000000000;50625158000125
202401;2796;2015001174;VL_PG_RC;2055.060000000000000;
202401;3126;2021001318;COTAS;403593.286116000000000;
202401;3349;1995003638;COTAS;2190899.580000000000000;
202401;3349;1995003638;COTAS;12933628.616518000000000;
202401;3126;2021001318;VL_PG_RC;43813.860000000000000;
202401;2841;2005004611;COTAS;105196161.151541000000000;51983827000101
202401;3126;2008000192;COTAS;4692594.506630000000000;
202401;2841;9970000000;VL_PG_RC;-3162.770000000000000;
202401;2258;2010005783;VL_PG_RC;-22042.090000000000000;
202401;2811;1993002774;CAIXA;1198205.040000000000000;
202401;3126;2008000192;COTAS;78714.660089000000000;
202401;2854;2011000319;CAIXA;3006.370000000000000;
202401;3161;1994004118;CAIXA;237173.870000000000000;
202401;3126;2008000192;COTAS;99855.284355000000000;
202401;2854;9970000000;CAIXA;1191.170000000000000;
202401;3602;1979000638;TIT_PRIV;59167673.830000000000000;
202401;3126;2008000192;COTAS;9896.815139000000000;
202401;3126;2009000447;COTAS;1137353.366072000000000;
202401;2909;1993003411;COTAS;921498668.577837000000000;34867797000140
202401;3126;2008000192;VL_PG_RC;47689437.530000000000000;
202401;3602;2009000511;COTAS;733794.800000000000000;
202401;2811;1993002774;COTAS;427247.031769000000000;
202401;2909;2010004711;TIT_PUB;5031357.360000000000000;
202401;2258;2012001165;COTAS;9820062.349656000000000;50620290000144
202401;2909;2016000465;COTAS;97885307.463237000000000;34867797000140
202401;3602;2009000511;COTAS;9477584.109646000000000;
202401;2258;2012001319;COTAS;7579406.273303000000000;50620290000144
202401;2909;9970000000;CAIXA;80601.270000000000000;
202401;2811;1993002774;COTAS;15306475.086831000000000;
202401;2258;2012001319;OPERACAO_PARTICIPANTE;84347.845968000000000;
202401;2912;1993003738;VL_PG_RC;0.000000000000000;
202401;3602;2009000511;COTAS;15813439.505517000000000;22014343000148
202401;3349;1995003638;OPERACAO_PARTICIPANTE;13178468.650169537100000;
202401;3126;2008001229;COTAS;18059117.204909000000000;
202401;3602;2009000511;COTAS;8453571.009808000000000;50927335000128
202401;2811;1993002774;COTAS;32325065.749146000000000;
202401;3349;9970000000;COTAS;5845836.368401000000000;
202401;3126;2008001229;COTAS;53639435.480951000000000;
202401;2811;1993002774;COTAS;1868947.821499000000000;
202401;2258;2014000247;CAIXA;39.970000000000000;
202401;2811;9970000000;COTAS;93703.632870000000000;
202401;2258;2014000719;COTAS;59997895.300569000000000;50625158000125
202401;2912;2005006711;COTAS;330062095.147170000000000;08830058000174
202401;3602;2009000511;VL_PG_RC;-15886.520000000000000;
202401;3126;2009000447;COTAS;1281270.620878000000000;
202401;3602;2011001692;COTAS;837297.600000000000000;
202401;3126;2009000447;COTAS;1865631.134859000000000;
202401;3126;2008001229;COTAS;26688853.949579000000000;
202401;3126;2010000129;COTAS;5707376.838305000000000;
202401;2912;2005006711;COTAS;376204833.830797000000000;09564278000166
202401;2823;1994000392;COTAS;314571.501345000000000;
202401;3602;2011001692;COTAS;12443356.206960000000000;03833841000178
202401;3126;2009000447;COTAS;653239.121557000000000;
202401;3126;2010002792;COTAS;590587.957250000000000;
202401;2912;2005006711;COTAS;144564318.331260000000000;36180787000168
202401;3411;2006000292;COTAS;297543569.681671000000000;13970020000137
202401;2931;1994000211;COTAS;3052023.611402000000000;
202401;2823;1994000392;COTAS;3387028.774688000000000;
202401;2258;2014001529;CAIXA;11.060000000000000;
202401;2823;1994000392;COTAS;3713202.569850000000000;
202401;3126;2010000129;COTAS;269100.159804000000000;
202401;3126;2010002792;COTAS;460758.888099000000000;
202401;3126;2010002792;COTAS;3946982.849844000000000;
202401;3126;2010002792;COTAS;138308.479592000000000;
202401;3411;2006000292;VL_PG_RC;-7173.180000000000000;
202401;2931;1994000211;COTAS;2184827.429351000000000;
202401;3602;2011001692;COTAS;17114723.473941000000000;22014343000148
202401;2931;1994000211;COTAS;22556006.283087000000000;
202401;2823;1994000392;COTAS;291896.137129000000000;
202401;3126;2012001483;COTAS;2312199.421458000000000;
202401;2931;1994000211;COTAS;11003532.389574000000000;
202401;3126;2012001483;COTAS;2859969.653721000000000;
202401;2931;1994000211;COTAS;6751887.158834000000000;
202401;2823;1994000465;COTAS;43630686.087336000000000;
202401;2823;1994000538;COTAS;62522556.221005000000000;
202401;2931;1994000211;COTAS;1993644.923005000000000;
202401;3126;2012001483;COTAS;110263.988013000000000;
202401;3411;2016001356;VL_PG_RC;-224.780000000000000;
202401;2931;1994000211;COTAS;19476271.124559000000000;
202401;3411;2016001429;COTAS;6180599.024128000000000;13425757000179
202401;2823;1994000538;COTAS;33242666.376285000000000;
202401;3602;2020002965;COTAS;5059.200000000000000;
202401;3126;2012001483;COTAS;539838.724017000000000;
202401;2823;1994000538;COTAS;68562627.259574000000000;
202401;3126;2012001483;COTAS;179819.337863000000000;
202401;3602;2020002965;COTAS;53737.808606000000000;
202401;3411;2016001429;COTAS;1605565.433874000000000;45017499000188
202401;2823;1994000538;TIT_PUB;163591706.000000000000000;
202401;2931;1994000211;COTAS;7985919.103409000000000;
202401;3126;2012001483;VL_PG_RC;2259.730000000000000;
202401;3126;2012001483;COTAS;1907528.776849000000000;
202401;3602;2020002965;VL_PG_RC;0.000000000000000;
202401;2931;1994000211;COTAS;4015934.064545000000000;
202401;3438;1989001238;COTAS;60467555.510998000000000;
202401;3126;2013000529;COTAS;758240.752799000000000;
202401;3126;2013000529;VL_PG_RC;52473.280000000000000;
202401;3602;9970000000;COTAS;3804202.071272000000000;
202401;2991;1985000547;COTAS;1339406.175357000000000;
202401;3126;2012001483;COTAS;6671.893769000000000;
202401;2258;2014001529;COTAS;4292440.649897000000000;50620435000107
202401;3126;2018000756;COTAS;9999244.640876000000000;
202401;2991;1985000547;TIT_PRIV;4978065.660000000000000;
202401;2841;1993003592;COTAS;736330.460357000000000;51911677000112
202401;3126;2013000529;COTAS;19669027.893685000000000;
202401;2258;2015000518;COTAS;38945275.731509000000000;50634860000155
202401;3126;2018000756;COTAS;5384568.139297000000000;
202401;2258;2016000929;COTAS;2337598.002597000000000;50620290000144
202401;3126;2021001156;COTAS;2965885.008688000000000;
202401;3602;9970000000;COTAS;164857.670836000000000;
202401;2841;2005004529;COTAS;6704258.399837000000000;
202401;2991;1994002492;COTAS;9074679.320066000000000;
202401;2258;2016001038;COTAS;20537522.021180000000000;50620290000144
202401;3438;1999001011;CAIXA;0.000000000000000;
202401;2991;1994002492;COTAS;3707922.327207000000000;
202401;2258;2016001119;COTAS;843986.011337000000000;50620290000144
202401;2258;2017001147;VL_PG_RC;-17276.570000000000000;
202401;3126;2021001229;COTAS;455432.239321000000000;
202401;2258;2019001365;COTAS;32610674.817058000000000;50620435000107
202401;3126;2021001318;COTAS;1533544.017731000000000;
202401;2258;2019002256;VL_PG_RC;-79403.840000000000000;
202401;3602;9970000000;COTAS;1622369.110434000000000;
202401;3161;1994004118;COTAS;154464.702729000000000;
202401;2258;2019003147;COTAS;9327.076016000000000;50625158000125
202401;2991;1994002492;COTAS;18200.718415000000000;
202401;3161;1994004118;COTAS;179266.639290000000000;
202401;2841;2005004529;COTAS;0.515187000000000;
202401;3023;2001001738;COTAS;477685568.916396000000000;
202401;3161;1994004118;COTAS;9531732.552051000000000;
202401;3602;9970000000;TIT_PUB;9116318.630000000000000;
202401;3023;2001001738;COTAS;46948183.963208000000000;
202401;3438;1999001729;CAIXA;39668.240000000000000;
202401;3126;2018000756;CAIXA;4000.000000000000000;
202401;3023;2001001738;COTAS;29722585.645887000000000;
202401;3438;2000001092;CAIXA;0.000000000000000;
202401;3161;1994004118;COTAS;3828556.558290000000000;
202401;3023;9970000000;COTAS;2161556.442041000000000;
202401;3438;2000001092;COTAS;32762649.672416000000000;17706099000144
202401;3161;1994004118;COTAS;7069763.759756000000000;
202401;3438;2002002029;CAIXA;22962.800000000000000;
202401;2258;2019003211;CAIXA;0.480000000000000;
202401;3037;1994001119;COTAS;46697593.756109000000000;
202401;3438;2002002029;VL_PG_RC;-493538.150000000000000;
202401;3647;1997001829;COTAS;1840288.052034000000000;
202401;2258;2019003211;COTAS;3871.940564000000000;50625158000125
202401;3438;2005002992;COTAS;7730463.327351000000000;
202401;2841;2005004529;COTAS;1821504.395422000000000;
202401;3037;1994001119;COTAS;7810592.496648000000000;
202401;3037;1994001119;COTAS;141128.271490000000000;
202401;3161;1994004118;COTAS;7178688.329665000000000;
202401;2258;2019003211;COTAS;1312471.308098000000000;50634860000155
202401;3037;1994001119;COTAS;25404.308604000000000;
202401;3438;2005003638;COTAS;15829318.213935000000000;
202401;3037;1994001119;COTAS;17929928.076160000000000;
202401;3438;2006000438;COTAS;6183499.495860000000000;
202401;3037;1994001119;COTAS;58079061.210492000000000;
202401;2258;2019003392;COTAS;61609.389995000000000;50634860000155
202401;3037;1994001119;COTAS;778647.367800000000000;
202401;3037;1994001119;VL_PG_RC;-75057.370000000000000;
202401;2258;2020001111;COTAS;68402640.360598000000000;50625158000125
202401;3037;9970000000;COTAS;937.164688000000000;
202401;2258;2020001111;COTAS;10117777.034839000000000;50634860000155
202401;3037;9970000000;COTAS;4365.242574000000000;
202401;3161;1994004118;COTAS;8353792.789328000000000;
202401;3438;2006000438;COTAS;5934962.628122000000000;
202401;3647;1997001829;COTAS;3966619.215161000000000;
202401;3037;9970000000;COTAS;121803.328009000000000;
202401;2258;2020002019;CAIXA;0.000000000000000;
202401;3647;1997001829;COTAS;7674795.700511000000000;
202401;2258;2020002892;VL_PG_RC;-5641.490000000000000;
202401;3438;2006000438;VL_PG_RC;22033629.840000000000000;
202401;2258;2020003465;VL_PG_RC;-37120.250000000000000;
202401;3126;2018000756;COTAS;3717716.870569000000000;
202401;3438;2006002074;COTAS;60363788.936142000000000;08661367000168
202401;2258;9970000000;CAIXA;377188.920000000000000;
202401;3037;9970000000;COTAS;227936.470703000000000;
202401;2258;9970000000;VL_PG_RC;7149.130000000000000;
202401;3037;9970000000;COTAS;4332.502218000000000;
202401;3647;1997001829;TIT_PUB;7480331.020000000000000;
202401;2292;1990002129;COTAS;86854263.727118000000000;31247779000178
202401;3085;2000007074;COTAS;2821309.731829000000000;
202401;3161;1994004118;VL_PG_RC;-535796.380000000000000;
202401;2292;1998002756;COTAS;2990417.624648000000000;
202401;3161;1994004118;COTAS;3493295.735268000000000;
202401;3161;2005005111;CAIXA;35323.310000000000000;
202401;2292;1998002756;COTAS;21300901.902598000000000;
202401;3085;2000007074;COTAS;9484488.290121000000000;
202401;3161;2005005111;COTAS;1906346.510410000000000;
202401;3099;1994004411;COTAS;43760.750000000000000;
202401;3161;1994004118;COTAS;3816123.357561000000000;
202401;3161;2005005111;COTAS;446565.682172000000000;
202401;3438;2006002783;CAIXA;0.000000000000000;
202401;3161;1994004118;COTAS;4505791.463891000000000;
202401;3161;2005005111;VL_PG_RC;-83940.730000000000000;
202401;3678;1990001319;CAIXA;5784.500000000000000;
202401;3126;2018000756;COTAS;614490.586136000000000;
202401;3161;2005005111;COTAS;4498712.851022000000000;
202401;3161;9970000000;VL_PG_RC;0.000000000000000;
202401;3126;2021001229;CAIXA;3235.150000000000000;
202401;3099;1994004411;COTAS;4540071.820003000000000;13411833000197
202401;2292;1998002756;COTAS;8320789.687853000000000;
202401;3174;1994004029;COTAS;16988291.451578000000000;
202401;3126;9970000000;VL_PG_RC;-668.920000000000000;
202401;3099;1999004647;CAIXA;823.670000000000000;
202401;2292;1998002756;COTAS;950050.332342000000000;
202401;3438;2007001111;VL_PG_RC;0.000000000000000;
202401;2292;1998002829;COTAS;11854868.378723000000000;
202401;3438;2008003256;CAIXA;36086787.830000000000000;
202401;3099;1999004647;COTAS;306857.400001000000000;
202401;3438;2009002083;COTAS;895999.863016000000000;
202401;3161;1994004118;COTAS;73004147.077830000000000;
202401;3174;1994004029;COTAS;22764352.580252000000000;
202401;3099;1999004892;CAIXA;4889.420000000000000;
202401;3161;2005005111;COTAS;1495320.539668000000000;
202401;3174;9970000000;COTAS;552068.280006000000000;
202401;2292;1998002829;COTAS;189364.991045000000000;
202401;3438;2009002083;OPERACAO_PARTICIPANTE;635105.810000000000000;
202401;3188;1989000983;COTAS;25383682.554433000000000;10220241000108
202401;2292;1998002829;COTAS;17072621.850284000000000;
202401;3099;1999004892;COTAS;25204802.040000000000000;
202401;3161;2005005111;COTAS;11624043.354087000000000;
202401;3438;2009003519;COTAS;96861.926663000000000;
202401;3188;1989000983;COTAS;25451904.671711000000000;34613727000166
202401;2292;1998002829;VL_PG_RC;18773000.850000000000000;
202401;3099;1999004892;OPERACAO_PARTICIPANTE;13686923.820544004600000;
202401;3161;2005005111;COTAS;553146.030761000000000;
202401;3161;1994004118;COTAS;9985370.557666000000000;
202401;2841;2005004529;IMOVEIS;13816000.000000000000000;
202401;3099;1999005392;COTAS;2454446.130000000000000;
202401;3161;2005005111;COTAS;1121711.822102000000000;
202401;3161;1994004118;COTAS;6221885.106788000000000;
202401;2292;2016000392;COTAS;37121996.570127000000000;
202401;3099;1999005392;OPERACAO_PARTICIPANTE;1479523.129972085600000;
202401;3161;2005005111;COTAS;778541.514909000000000;
202401;3188;1994002565;CAIXA;3681.300000000000000;
202401;3174;1994004029;CAIXA;4760941.280000000000000;
202401;3188;1994002565;COTAS;78952.006805000000000;
202401;2841;2005004611;COTAS;6890.382200000000000;
202401;2292;2016000392;COTAS;82923.675264000000000;
202401;3188;1996001647;COTAS;4377185.977830000000000;25244544000120
202401;3678;9970000000;COTAS;3174875.884164000000000;03322908000100
202401;3438;2010005465;CAIXA;0.000000000000000;
202401;3174;1994004029;COTAS;7292846.317469000000000;
202401;3678;9970000000;VL_PG_RC;2637.050000000000000;
202401;3438;2013001983;COTAS;3162523.394138000000000;
202401;3174;1994004029;COTAS;274541.833773000000000;
202401;3188;1997001047;COTAS;46056780.297491000000000;18270776000197
202401;3099;1999005465;VL_PG_RC;-44475.400000000000000;
202401;3438;2013001983;COTAS;2190252.931879000000000;
202401;2841;2005004611;COTAS;5120573.167109000000000;
202401;2292;2016000392;COTAS;1775174.762610000000000;04764252000148
202401;3825;1981000674;VL_PG_RC;0.000000000000000;
202401;3126;1993001492;COTAS;571336.229691000000000;
202401;3438;2013001983;VL_PG_RC;1864121.190000000000000;
202401;2841;2005004611;COTAS;315377383.473244000000000;51911677000112
202401;2292;2016000392;COTAS;6752725.761699000000000;41562294000122
202401;3161;1994004118;IMOVEIS;821600.000000000000000;
202401;3825;1988003318;COTAS;11551530.063762000000000;
202401;3438;2016002018;COTAS;1952170.876362000000000;
202401;3188;1997001047;COTAS;17066113.678793000000000;27565843000191
202401;3161;2005005111;COTAS;469382.687890000000000;
202401;3825;1988003318;VL_PG_RC;0.000000000000000;
202401;2841;2005004611;OPERACAO_PARTICIPANTE;26025328.909773150800000;
202401;3161;2005005111;COTAS;601856.947328000000000;
202401;3188;1997002183;VL_PG_RC;-7745.870000000000000;
202401;3174;1994004029;COTAS;191741680.699999000000000;26811773000141
202401;3126;1993001492;COTAS;488176.017818000000000;
202401;2841;4028410029;COTAS;1295074.591231000000000;51911677000112
202401;3438;2016002018;COTAS;1153784.349804000000000;
202401;3188;1998004856;COTAS;9210101.586217000000000;10214125000178
202401;3825;1989001092;TIT_PUB;5880252.140000000000000;
202401;2292;2016000392;TIT_PUB;1504888.050000000000000;
202401;3161;2005005111;COTAS;569554.281326000000000;
202401;3438;2020002183;COTAS;1848581.298168000000000;
202401;3188;1989000983;COTAS;1760863.776866000000000;
202401;3126;1993001492;COTAS;4312583.610521000000000;
202401;2841;4028410029;COTAS;1801711.199018000000000;51983612000182
202401;3188;1989000983;COTAS;24933393.769414000000000;29298975000120
202401;3188;1998004856;VL_PG_RC;-96186.900000000000000;
202401;2909;1993003411;OPERACAO_PARTICIPANTE;12131236.790190010400000;
202401;3188;1994002565;COTAS;3104342.555560000000000;
202401;3161;2005005111;COTAS;1276052.682769000000000;
202401;3825;1989001874;COTAS;15292721.150422000000000;
202401;3188;1998005674;COTAS;1796525.585822000000000;18270776000197
202401;3161;2005005111;COTAS;316680.990544000000000;
202401;3438;2020002183;OPERACAO_PARTICIPANTE;304680.590000000000000;
202401;2909;2016000465;VL_PG_RC;-19701.560000000000000;
202401;3188;1998005674;COTAS;252048.669595000000000;27565843000191
202401;2292;2018002538;COTAS;32480.958527000000000;
202401;3161;2005005111;TIT_PUB;15025249.330000000000000;
202401;3438;2020003392;CAIXA;428887.710000000000000;
202401;3126;1993001492;COTAS;2284038.910283000000000;
202401;2292;2018002538;COTAS;2147878.823708000000000;
202401;3126;1993001492;COTAS;45879256.023148000000000;
202401;2912;1993003738;COTAS;181331.321608000000000;
202401;2292;2018002538;COTAS;15843614.893107000000000;
202401;2912;1993003738;COTAS;1690695.597366000000000;09544240000121
202401;3126;1993002219;COTAS;6595294.620559000000000;
202401;3188;1998006247;COTAS;16794251.984222000000000;29298975000120
202401;3126;1994001674;VL_PG_RC;-34454.530000000000000;
202401;3438;2021002438;COTAS;4175490.104390000000000;
202401;3174;1994004029;COTAS;4513549.775934000000000;
202401;3126;1994002956;COTAS;44046843.336599000000000;
202401;3438;2021002438;COTAS;97304020.081972000000000;
202401;2292;2018002538;OPERACAO_PARTICIPANTE;6010349.769486000000000;
202401;3126;1994002956;COTAS;83067777.898873000000000;
202401;3174;1994004029;OPERACAO_PARTICIPANTE;47839560.809889315600000;
202401;3126;1995000711;COTAS;977554.674852000000000;
202401;2912;2005006711;COTAS;378054316.340669000000000;09636594000104
202401;3438;2021002438;COTAS;5068516.052953000000000;
202401;3126;1995000711;COTAS;16751171.297142000000000;
202401;3825;1989001874;COTAS;136169597.211588000000000;
202401;3126;1995000711;COTAS;23314700.190294000000000;
202401;2912;9970000000;COTAS;1618272.697693000000000;08830058000174
202401;3188;1998006247;OPERACAO_PARTICIPANTE;642207.410000000000000;
202401;3188;1998006247;TIT_PUB;27623901.930000000000000;
202401;3825;1989001874;COTAS;14192867.672549000000000;
202401;3438;2021002918;COTAS;23450.743377000000000;
202401;3188;1999002792;COTAS;11845000.369085000000000;29298975000120
202401;3188;1994002565;COTAS;6737067.753646000000000;10220247000177
202401;2912;9970000000;COTAS;1844507.504133000000000;09564278000166
202401;3472;1984001183;COTAS;246605460.765893000000000;04906948000161
202401;3825;1993001638;TIT_PUB;19444211.790000000000000;
202401;2931;1994000211;COTAS;1788124.939089000000000;
202401;3825;1993001956;TIT_PUB;10160098.820000000000000;
202401;3472;1984001183;COTAS;735692976.515440000000000;07420547000195
202401;3188;1989000983;COTAS;3403800.336950000000000;
202401;3188;1994002565;IMOVEIS;2093570.000000000000000;
202401;3188;1989000983;COTAS;7818415.340973000000000;27565843000191
202401;3188;1999002792;TIT_PUB;59551990.340000000000000;
202401;3188;1989000983;COTAS;15107794.803817000000000;36178602000180
202401;3188;1999003756;CAIXA;997.680000000000000;
202401;3188;1996001647;COTAS;257834.485293000000000;
202401;3472;1984001183;COTAS;354681274.165483000000000;12081486000119
202401;3188;1996001647;COTAS;638460.034342000000000;
202401;3825;1994000783;COTAS;11415616.553541000000000;
202401;3472;1988001374;COTAS;475524904.796118000000000;02498188000175
202401;3188;1999003756;COTAS;504163.575160000000000;
202401;3126;1995001147;COTAS;2202179.846773000000000;
202401;2302;1988000483;COTAS;90750650.984644000000000;17786540000145
202401;3126;1995002674;CAIXA;151991.110000000000000;
202401;3188;1999003756;COTAS;7141964.005586000000000;10220241000108
202401;3188;1996004883;COTAS;2195414.895138000000000;
202401;3188;1994002565;COTAS;4756962.079443000000000;18270776000197
202401;2302;1988002011;CAIXA;104462.580000000000000;
202401;2931;1994000211;COTAS;5301381.104163000000000;
202401;3188;2000007856;COTAS;689817.556308000000000;
202401;2316;1979000719;CAIXA;4523.960000000000000;
202401;2931;1994000211;COTAS;35910764.294514000000000;
202401;3126;1995002674;COTAS;1343090.897353000000000;
202401;3472;2023000718;COTAS;13749260.154775000000000;04906948000161
202401;2316;2015001311;COTAS;73778292.050678000000000;27292836000163
202401;3188;1994002565;COTAS;14059173.884834000000000;25244544000120
202401;3472;2023000718;COTAS;9223935.786494000000000;12081486000119
202401;2991;1985000547;CAIXA;18055.870000000000000;
202401;3188;1996001647;CAIXA;1.640000000000000;
202401;2991;1985000547;COTAS;711352.710659000000000;
202401;2316;2015001492;COTAS;30251848.967309000000000;30509257000134
202401;3825;1995001929;VL_PG_RC;0.000000000000000;
202401;3188;2000007856;COTAS;629647.648135000000000;
202401;3825;1996001574;COTAS;9747066.993250000000000;
202401;3188;2000007856;COTAS;2955566.639174000000000;10220241000108
202401;2316;9970000000;COTAS;5583476.245157000000000;
202401;3188;1996001647;COTAS;2362319.547877000000000;10220241000108
202401;3188;2000007856;COTAS;440938.882488000000000;34613727000166
202401;2991;1994002492;COTAS;356154.700000000000000;
202401;3188;1996004883;COTAS;73493792.374676000000000;25244544000120
202401;2991;1994002492;COTAS;6672212.805205000000000;
202401;2333;2019000938;CAIXA;1569.510000000000000;
202401;3126;1995002674;COTAS;538842.881674000000000;
202401;3472;9970000000;CAIXA;397257.190000000000000;
202401;3126;1997000938;CAIXA;4000.000000000000000;
202401;3188;1996001647;COTAS;10465.421145000000000;18270776000197
202401;3188;2001000847;COTAS;282916.194852000000000;
202401;3486;1996002074;CAIXA;3281187.650000000000000;
202401;3188;1996004883;COTAS;672310.908530000000000;10220247000177
202401;3825;1996001574;VL_PG_RC;0.000000000000000;
202401;3126;1997000938;COTAS;3959124.586429000000000;
202401;2991;1994002492;COTAS;17963502.602404000000000;
202401;3825;1997000229;COTAS;3827126.310276000000000;
202401;3126;1997001918;COTAS;4721021.134676000000000;
202401;3825;1997002574;COTAS;72209203.041635000000000;
202401;2991;1994002492;VL_PG_RC;-4846395.500000000000000;
202401;3126;1997001918;COTAS;15629928.256960000000000;
202401;2991;9970000000;CAIXA;13435.660000000000000;
202401;3126;1997001918;COTAS;104911009.329675000000000;
202401;3188;2001000847;COTAS;258015.892997000000000;
202401;3006;1994002174;COTAS;11503197.455407000000000;
202401;3825;1997003783;TIT_PUB;76926197.080000000000000;
202401;3023;2001001738;COTAS;29937373.086836000000000;
202401;3126;2001000774;COTAS;285101.879690000000000;
202401;3486;9970000000;TIT_PRIV;2805901.470000000000000;
202401;3825;1999005074;ACOES;968640.500000000000000;
202401;3188;1996004883;COTAS;10204196.154828000000000;29298975000120
202401;3126;2001001983;COTAS;1357665.476084000000000;
202401;3023;2001001738;COTAS;11300571.656342000000000;03618274000137
202401;3188;1997001047;COTAS;5222295.321633000000000;
202401;3126;2005005811;COTAS;48958.282874000000000;
202401;3188;1996004883;COTAS;28099618.375759000000000;27565843000191
202401;3023;2001001738;OPERACAO_PARTICIPANTE;3777318.120000000000000;
202401;3188;1996004883;COTAS;6781909.488364000000000;36178602000180
202401;3527;1996002619;COTAS;19670707.263820000000000;
202401;3825;1999005074;COTAS;2266830.884896000000000;
202401;3188;1996004883;VL_PG_RC;-333771.870000000000000;
202401;3527;1996002619;COTAS;6222353.316318000000000;
202401;2333;2019000938;COTAS;5742706.258264000000000;
202401;3188;2001000847;COTAS;178469.455753000000000;36178602000180
202401;2333;2019000938;VL_PG_RC;-2047.150000000000000;
202401;3023;2001001738;TIT_PUB;819300924.200000000000000;
202401;3825;1999005074;COTAS;1231449.818579000000000;
202401;3126;2005005811;COTAS;1818248.492501000000000;
202401;3188;1997001047;OPERACAO_PARTICIPANTE;5292474.949934996100000;
202401;3126;2005005811;COTAS;857440.795515000000000;
202401;3188;1997002183;COTAS;18799126.649320000000000;25244544000120
202401;2333;9970000000;CAIXA;17680.440000000000000;
202401;3188;2001000847;VL_PG_RC;-15020.640000000000000;
202401;3037;1994001119;CAIXA;58601.150000000000000;
202401;3825;2001001118;TIT_PUB;26120089.410000000000000;
202401;2395;1994001811;COTAS;20173412.496285000000000;
202401;3037;1994001119;COTAS;615536.151867000000000;
202401;3825;2005003011;CAIXA;712227.480000000000000;
202401;3527;1996002619;COTAS;10559546.274593000000000;
202401;3126;2005005811;COTAS;3243730.266606000000000;
202401;3825;2007003619;CAIXA;5577.890000000000000;
202401;3126;2005005811;COTAS;4567.296168000000000;
202401;3188;2002000565;COTAS;521484.336609000000000;
202401;3188;1997001047;TIT_PUB;408615640.090000000000000;
202401;3188;2002000565;COTAS;8535768.256827000000000;29298975000120
202401;3825;2007003619;COTAS;11321343.781393000000000;
202401;3126;2005005811;VL_PG_RC;118617.130000000000000;
202401;3037;1994001119;COTAS;4287218.951550000000000;
202401;3188;1998005674;COTAS;2643438.803024000000000;10214125000178
202401;2395;1994001811;COTAS;39512541.474956000000000;
202401;3188;1998005674;COTAS;943041.760665000000000;10220247000177
202401;2395;1994001811;COTAS;20900452.826004000000000;
202401;3188;1998006247;COTAS;968579.366353000000000;
202401;3825;2010005856;CAIXA;1000.000000000000000;
202401;3527;1996002619;COTAS;11318738.849668000000000;
202401;3527;2020001365;COTAS;69048806.966175000000000;
202401;3188;2002000565;COTAS;1492480.378660000000000;34613727000166
202401;3188;1997002183;COTAS;2497974.017659000000000;10220241000108
202401;3527;2020001365;COTAS;3481158.315673000000000;
202401;3037;1994001119;COTAS;644925.709119000000000;
202401;3188;1999002792;COTAS;722700.688567000000000;
202401;3126;2006001183;COTAS;8185246.494576000000000;
202401;3037;1994001119;COTAS;14842414.073449000000000;
202401;3188;2002000565;TIT_PUB;65550560.930000000000000;
202401;2395;1994001811;COTAS;15325807.150482000000000;
202401;3188;1997002183;COTAS;95051.208536000000000;34613727000166
202401;3188;1999002792;COTAS;2460882.226379000000000;27565843000191
202401;3825;2016000147;COTAS;26519637.634235000000000;31032406000180
202401;3527;2020001365;COTAS;6400504.768700000000000;
202401;3188;1999003756;OPERACAO_PARTICIPANTE;1624560.410000000000000;
202401;3037;1994001119;COTAS;23993898.801342000000000;
202401;2395;1994001811;COTAS;8028942.682556000000000;
202401;3188;2000007856;COTAS;1532756.633022000000000;
202401;3037;1994001119;COTAS;3634132.579100000000000;
202401;2395;1994001811;COTAS;591530.453070000000000;
202401;3527;2020001756;COTAS;4113435.861651000000000;
202401;3037;1994001119;COTAS;2585045.285237000000000;
202401;3126;2006001183;COTAS;5509051.370725000000000;
202401;3531;9970000000;VL_PG_RC;-804.150000000000000;
202401;3188;2000007856;COTAS;4564119.083790000000000;10220247000177
202401;3188;2002000719;COTAS;5051791.855614000000000;10220247000177
202401;3126;2006003747;CAIXA;6539.290000000000000;
202401;3558;1996003992;COTAS;6650279.624665000000000;
202401;3188;1998004074;VL_PG_RC;0.000000000000000;
202401;3188;2003000283;COTAS;163041.728160000000000;
202401;3126;2006003747;COTAS;13083.229258000000000;
202401;3558;9970000000;VL_PG_RC;-86858.710000000000000;
202401;3825;2021001611;VL_PG_RC;0.000000000000000;
202401;3188;2003000283;COTAS;3488874.898447000000000;10220241000108
202401;2422;1994003911;CAIXA;307164.530000000000000;
202401;3592;9970000000;CAIXA;89121.680000000000000;
202401;3839;1998004929;COTAS;885435.165732000000000;
202401;3188;2003000283;COTAS;767583.772133000000000;34613727000166
202401;3126;2006003747;COTAS;7812.264824000000000;
202401;3037;1994001119;COTAS;20016479.330475000000000;
202401;3188;1998004856;CAIXA;2.180000000000000;
202401;3188;2003000747;CAIXA;4565.480000000000000;
202401;3188;2000007856;COTAS;11413035.133796000000000;29298975000120
202401;2422;1994003911;COTAS;33588083.282297000000000;
202401;3839;2009001583;ACOES;512013.400000000000000;
202401;3602;1979000638;COTAS;222383.718144000000000;
202401;3126;2006003811;COTAS;377969.701513000000000;
202401;3037;1994001119;COTAS;613797.856844000000000;
202401;3188;1998004856;TIT_PUB;108241260.570000000000000;
202401;3126;2006003811;COTAS;1425692.443832000000000;
202401;3085;2000007074;COTAS;210912140.438345000000000;03899514000119
202401;3126;2006003811;VL_PG_RC;-836.770000000000000;
202401;3188;2003001638;COTAS;297454.940401000000000;36178602000180
202401;3126;2006003992;COTAS;7329769.368159000000000;
202401;3188;2003001638;VL_PG_RC;-32110.050000000000000;
202401;3188;1998005674;COTAS;356044.542495000000000;
202401;3602;1979000638;COTAS;10218363.016367000000000;
202401;3126;2006003992;COTAS;4506681.037780000000000;
202401;3188;2002000565;COTAS;348638.093369000000000;
202401;3188;1998005674;COTAS;1978640.057637000000000;10220241000108
202401;3126;2006003992;COTAS;48137619.708436000000000;
202401;3188;2005001211;COTAS;248856.891621000000000;
202401;3188;2005006483;COTAS;778384.245809000000000;
202401;3085;2000007074;TIT_PRIV;100849.350000000000000;
202401;3602;1979000638;COTAS;46305421.389000000000000;
202401;2422;2002003556;VL_PG_RC;348114.980000000000000;
202401;3188;1998005674;COTAS;4095873.115444000000000;25244544000120
202401;3861;1993001719;COTAS;19013238.570132000000000;
202401;3126;2006004011;CAIXA;75102.480000000000000;
202401;3188;1998005674;COTAS;259096.018667000000000;34613727000166
202401;3126;2006004011;COTAS;47468.250033000000000;
202401;3602;1979000638;COTAS;19959076.628523000000000;
202401;3188;2000007856;COTAS;8690577.329102000000000;25244544000120
202401;3099;1996002392;CAIXA;1165.310000000000000;
202401;3602;1979000638;COTAS;175334181.139087000000000;21321600000121
202401;3126;2006004011;COTAS;22027060.297252000000000;
202401;3188;2002000719;COTAS;1154912.434400000000000;
202401;3188;2005006483;COTAS;637415.983843000000000;
202401;3099;1996002392;COTAS;56431.610000000000000;
202401;3602;1979000638;TIT_PUB;1812595557.160000000000000;
202401;3188;2000007856;COTAS;178469.455753000000000;36178602000180
202401;3099;1997000318;COTAS;3761746.294161000000000;
202401;3602;2009000511;COTAS;5434757.801387000000000;
202401;3099;1997000318;COTAS;46428954.661868000000000;13411833000197
202401;3188;2005006483;COTAS;585157.958225000000000;
202401;3887;1999004965;COTAS;44816.659743000000000;
202401;3188;2002000719;COTAS;2886577.412446000000000;
202401;2422;2002004218;OPERACAO_PARTICIPANTE;2214653.780081599800000;
202401;3126;2006004011;COTAS;7286195.818627000000000;
202401;3188;2001000847;OPERACAO_PARTICIPANTE;5517.080000000000000;
202401;2484;2004001992;VL_PG_RC;-1319.250000000000000;
202401;3126;2006004711;COTAS;385883.761553000000000;
202401;3887;1999004965;COTAS;3719971.081152000000000;
202401;3188;2002000719;COTAS;3545234.578296000000000;27565843000191
202401;3126;2006004711;COTAS;1118521.266461000000000;
202401;3602;2011001692;COTAS;6938155.371118000000000;
202401;3099;9970000000;CAIXA;58345.590000000000000;
202401;3126;2006004711;COTAS;7430932.923621000000000;
202401;3188;2005006483;COTAS;2671872.386130000000000;10220241000108
202401;3602;2011001692;COTAS;3507053.789375000000000;
202401;3126;1993001492;COTAS;2465766.530230000000000;
202401;3126;2007002019;COTAS;1238943.805987000000000;
202401;3188;2005006483;COTAS;1428141.312853000000000;34613727000166
202401;3188;2002000565;COTAS;843024.245614000000000;27565843000191
202401;3188;2003000283;COTAS;2356788.949328000000000;10220247000177
202401;3188;2007003074;COTAS;556628.646676000000000;10214125000178
202401;3188;2002000565;COTAS;413104.650673000000000;36178602000180
202401;3126;2007002019;COTAS;13823573.415716000000000;
202401;2484;2005000183;COTAS;41072005.503471000000000;18138920000136
202401;3126;2007002019;COTAS;335968.159780000000000;
202401;3602;2011001692;COTAS;5282565.160489000000000;
202401;3126;1993001492;COTAS;7224089.963016000000000;
202401;3602;2011001692;COTAS;2453794.403039000000000;21613084000109
202401;3126;2008000192;COTAS;2668155.023104000000000;
202401;3887;1999004965;COTAS;5051462.861983000000000;
202401;3602;2011001692;VL_PG_RC;-21366.390000000000000;
202401;3126;1993001492;COTAS;575664.140519000000000;
202401;3887;1999004965;OPERACAO_PARTICIPANTE;31725530.300000000000000;
202401;3188;2003000283;COTAS;6011698.631254000000000;29298975000120
202401;3126;1993001492;VL_PG_RC;229788.230000000000000;
202401;3188;2002000565;VL_PG_RC;-56206.640000000000000;
202401;3188;2003000747;COTAS;397863.474505000000000;10214125000178
202401;3188;2007003074;VL_PG_RC;-4419.490000000000000;
202401;3126;2008000192;COTAS;10177402.398045000000000;
202401;3887;9970000000;CAIXA;0.030000000000000;
202401;3188;2003000747;COTAS;1020817.870929000000000;10220241000108
202401;3188;2009002229;CAIXA;312037.920000000000000;
202401;3928;1999001265;COTAS;31656004.189526000000000;
202401;3188;2002000719;COTAS;21401257.955771000000000;10214125000178
202401;3188;2010000374;COTAS;205780.549193000000000;
202401;3602;2020002965;COTAS;136339.592869000000000;
202401;2484;2005000183;COTAS;39624392.899707000000000;49361982000136
202401;3126;2008000192;COTAS;4449377.735697000000000;
202401;3602;2020002965;COTAS;91039.803957000000000;21321600000121
202401;3188;2002000719;COTAS;31586883.799992000000000;29298975000120
202401;3188;2003000747;COTAS;682360.632710000000000;25244544000120
202401;3188;2010000374;COTAS;1496141.955568000000000;10220247000177
202401;3647;1997001829;COTAS;594254.288894000000000;
202401;3126;1993002219;COTAS;52366826.997418000000000;
202401;3126;2008000192;COTAS;1381293.154196000000000;
202401;3188;2003000747;COTAS;508531.021301000000000;34613727000166
202401;3188;2003000747;VL_PG_RC;-3216.540000000000000;
202401;2484;2005000183;COTAS;17450720.159341000000000;49498790000176
202401;3647;1997001829;COTAS;316240.632620000000000;
202401;3678;1999002083;CAIXA;2478.860000000000000;
202401;3188;2003001638;COTAS;5636521.787879000000000;25244544000120
202401;3126;2008000192;COTAS;10859914.016521000000000;
202401;3678;1999002083;COTAS;37834637.821008000000000;03322908000100
202401;3126;1993002219;COTAS;4779551.532174000000000;
202401;3126;2008000192;COTAS;3469145.701856000000000;
202401;3188;2010003047;COTAS;471190.918664000000000;29298975000120
202401;3678;1999002083;VL_PG_RC;-967.490000000000000;
202401;3126;1994002956;CAIXA;12000.000000000000000;
202401;3126;2008000192;COTAS;16641.691866000000000;
202401;3945;1999002318;COTAS;2557835.970006000000000;
202401;3188;2002000719;COTAS;3807395.169232000000000;36178602000180
202401;3188;2010003047;TIT_PUB;764096.020000000000000;
202401;3188;2010003292;COTAS;3565942.369913000000000;
202401;3126;2010000129;COTAS;449690.352417000000000;
202401;3188;2010003292;COTAS;3283869.658562000000000;
202401;3126;2010000129;COTAS;2394473.661083000000000;
202401;3678;2010001818;COTAS;1785321.866940000000000;03322908000100
202401;3188;2010003292;COTAS;3025415.266777000000000;29298975000120
202401;3188;2002000719;VL_PG_RC;-162965.730000000000000;
202401;3678;2010001818;VL_PG_RC;-21.950000000000000;
202401;2484;9970000000;CAIXA;2848.710000000000000;
202401;3126;1994002956;COTAS;19728912.642044000000000;
202401;3126;2010002792;COTAS;1774665.177948000000000;
202401;3811;1998004783;COTAS;89774573.823424000000000;
202401;2525;1974000338;COTAS;15419248.200000000000000;
202401;2525;1974000338;COTAS;27369768.233930000000000;
202401;3188;2003000283;COTAS;571442.011517000000000;
202401;3126;2012001483;COTAS;599225.865640000000000;
202401;3945;1999002318;COTAS;245934.516214000000000;
202401;2525;1979004511;COTAS;101824.514575000000000;
202401;3811;1998004783;COTAS;1235345.387490000000000;
202401;3188;2010003292;COTAS;5451311.966905000000000;34613727000166
202401;2525;1979004511;VL_PG_RC;-1966485.170000000000000;
202401;3188;2004002174;COTAS;17420069.224583000000000;10214125000178
202401;3811;9970000000;VL_PG_RC;0.000000000000000;
202401;3188;2004002174;COTAS;62163190.085497000000000;25244544000120
202401;3126;1994002956;COTAS;15534135.733438000000000;
202401;3126;1995000711;COTAS;2290079.459068000000000;
202401;3188;2003000283;COTAS;5533963.159652000000000;25244544000120
202401;3188;2010003292;TIT_PUB;309239775.470000000000000;
202401;3126;2012001483;COTAS;1194265.268817000000000;
202401;3188;2010003365;COTAS;4109230.270048000000000;18270776000197
202401;3188;2004002174;COTAS;44408431.635964000000000;29298975000120
202401;3188;2010003365;COTAS;90419793.707710000000000;25244544000120
202401;3126;2012001483;COTAS;5506577.831496000000000;
202401;3126;1995001147;COTAS;25923753.962372000000000;
202401;3188;2003000283;COTAS;1083839.351479000000000;27565843000191
202401;3126;2018000756;VL_PG_RC;-7223.790000000000000;
202401;3126;1995001147;COTAS;10140282.192895000000000;
202401;2525;2009003756;COTAS;388984169.205168000000000;
202401;3126;2021001156;COTAS;348340.009933000000000;
202401;3945;1999002318;COTAS;14351297.550612000000000;
202401;2525;2009003756;COTAS;250651413.532557000000000;04573108000124
202401;3945;1999002318;COTAS;11045974.473971000000000;
202401;3825;1981000674;OPERACAO_PARTICIPANTE;135958.350000000000000;
202401;3188;2004002174;COTAS;8734195.718885000000000;36178602000180
202401;3188;2003000283;COTAS;1427773.188462000000000;36178602000180
202401;2525;2009003756;COTAS;21812684.868552000000000;45494526000103
202401;3126;2021001156;COTAS;362010.207055000000000;
202401;3188;2004002174;VL_PG_RC;-141001.830000000000000;
202401;3126;1995001147;COTAS;2059405.266556000000000;
202401;3188;2003000283;VL_PG_RC;-22665.270000000000000;
202401;3188;2005000256;COTAS;1013207.544428000000000;
202401;2525;2020002256;COTAS;584244.775757000000000;
202401;3188;2005000256;COTAS;11718.750534000000000;18270776000197
202401;3126;1995001147;COTAS;102907479.637801000000000;
202401;3126;2021001229;COTAS;1666637.985401000000000;
202401;3188;2005001211;COTAS;742310.767748000000000;
202401;3188;2005001211;COTAS;213997.651196000000000;
202401;3945;1999002318;COTAS;14547701.975945000000000;
202401;3188;2005001211;COTAS;51416.141971000000000;10220247000177
202401;3188;2010003365;COTAS;2741839.023624000000000;27565843000191
202401;3825;1988002192;VL_PG_RC;0.000000000000000;
202401;3945;1999002318;COTAS;61390903.965995000000000;
202401;3188;2005001211;COTAS;6679538.450217000000000;29298975000120
202401;3126;2021001229;COTAS;124790.630569000000000;
202401;3188;2003000747;COTAS;42461.414425000000000;
202401;3188;2010003438;COTAS;1192716.892882000000000;10220241000108
202401;3188;2005006483;CAIXA;1.700000000000000;
202401;2525;2020002256;COTAS;161592.488659000000000;05194813000183
202401;3126;2021001229;COTAS;463416.146251000000000;
202401;3126;1995001211;VL_PG_RC;0.000000000000000;
202401;2525;2023000556;COTAS;1114890.167624000000000;04573108000124
202401;3188;2005006483;TIT_PUB;93452750.990000000000000;
202401;3188;2010003438;COTAS;1656947.443479000000000;34613727000166
202401;3126;2021001318;CAIXA;4000.000000000000000;
202401;3825;1989001092;COTAS;62822676.971499000000000;
202401;3126;1995002674;VL_PG_RC;-10116.500000000000000;
202401;3126;2021001318;COTAS;1116302.253209000000000;
202401;3825;1989001874;CAIXA;5234.220000000000000;
202401;3945;1999002318;COTAS;4829484.554638000000000;
202401;3188;2010005074;COTAS;99120.368202000000000;
202401;3126;2021001318;COTAS;1177178.056356000000000;
202401;3825;1989001874;COTAS;12202095.849200000000000;
202401;3825;1989001874;VL_PG_RC;0.000000000000000;
202401;3126;1997001918;COTAS;3092306.200529000000000;
202401;3161;1994004118;COTAS;192989.732969000000000;
202401;3825;1996001574;CAIXA;2000.000000000000000;
202401;3126;2001000774;COTAS;5051920.636340000000000;
202401;3188;2007003074;COTAS;71153.577950000000000;
202401;3126;2001000774;COTAS;162749.066544000000000;
202401;3161;1994004118;COTAS;7015202.539872000000000;
202401;3188;2010005074;COTAS;58258.539767000000000;10220247000177
202401;3126;2001000774;COTAS;570075.585679000000000;
202401;3161;1994004118;COTAS;3499074.538059000000000;
202401;3188;2007003074;COTAS;299791.217137000000000;27565843000191
202401;3126;2001001983;COTAS;14609869.782445000000000;
202401;3825;1997000229;COTAS;26924741.531157000000000;
202401;3825;1997000229;COTAS;11541596.511489000000000;
202401;3188;2009002156;COTAS;8588434.996801000000000;
202401;3126;2005005811;COTAS;6529432.453039000000000;
202401;3161;1994004118;COTAS;3015538.039469000000000;
202401;3188;2009002156;COTAS;47509187.079540000000000;18270776000197
202401;3188;2010005211;CAIXA;144399.230000000000000;
202401;3161;1994004118;COTAS;3664478.252184000000000;
202401;3188;2010000374;CAIXA;184.160000000000000;
202401;2525;2023000556;COTAS;162967.806490000000000;41763054000196
202401;3161;1994004118;COTAS;3242766.903918000000000;
202401;3945;1999002318;VL_PG_RC;1497231.410000000000000;
202401;3188;2010000374;COTAS;1283436.901621000000000;18270776000197
202401;3825;1997002574;CAIXA;5215.570000000000000;
202401;2525;2023000556;COTAS;338756.801834000000000;45494526000103
202401;3126;2005005811;COTAS;102070.618553000000000;
202401;3825;1997003783;COTAS;665132.865993000000000;
202401;3161;1994004118;COTAS;4058118.072414000000000;
202401;2525;2023000556;COTAS;481569.273432000000000;45521758000103
202401;3161;1994004118;COTAS;5561010.820797000000000;
202401;2556;1993000119;IMOVEIS;63030539.160000000000000;
202401;3825;1998001083;VL_PG_RC;0.000000000000000;
202401;3825;1998001156;TIT_PUB;20351726.130000000000000;
202401;3126;2005005811;COTAS;8886173.267229000000000;
202401;3825;1998004619;COTAS;32218868.657086000000000;
202401;3161;1994004118;TIT_PUB;182018710.630000000000000;
202401;3945;9970000000;COTAS;952847.272796000000000;
202401;3188;2010005211;COTAS;2117303.554464000000000;
202401;3161;2005005111;COTAS;626976.161073000000000;
202401;3945;9970000000;COTAS;2822093.701344000000000;
202401;4011;2000002056;TIT_PUB;24349733.070000000000000;
202401;3161;2005005111;COTAS;1116333.730129000000000;
202401;4011;2000002129;VL_PG_RC;-73.370000000000000;
202401;3188;2003000747;COTAS;686032.372947000000000;10220247000177
202401;2556;1993000119;TIT_PUB;989027603.400000000000000;
202401;3825;1998004619;VL_PG_RC;0.000000000000000;
202401;3188;2003000747;COTAS;1047850.054143000000000;29298975000120
202401;4042;2000004792;CAIXA;55290.720000000000000;
202401;3188;2010005211;COTAS;1383383.012046000000000;
202401;3174;1994004029;COTAS;14975814.472516000000000;
202401;3126;2006001183;COTAS;51256.254823000000000;
202401;2556;1998007618;CAIXA;2060652.100000000000000;
202401;3825;1999005074;COTAS;1511076.531628000000000;
202401;3188;2010003047;COTAS;46711.915476000000000;
202401;3188;1994002565;COTAS;2865661.235776000000000;
202401;3188;2012000665;CAIXA;7.620000000000000;
202401;3188;1994002565;COTAS;1763236.312230000000000;27565843000191
202401;3188;2003001638;COTAS;940544.051814000000000;
202401;2556;1998007618;COTAS;1235457.511743000000000;
202401;4042;2000004792;COTAS;3980273.750024000000000;
202401;3188;2010003047;COTAS;773865.269049000000000;18270776000197
202401;4042;2000004792;COTAS;4714183.150014000000000;
202401;2556;1998007618;COTAS;11916491.613517000000000;
202401;3825;1999005074;COTAS;15508104.134585000000000;
202401;4042;2000004792;COTAS;9548409.939999000000000;
202401;3188;1994002565;TIT_PRIV;72358889.090000000000000;
202401;3188;2012000665;COTAS;4945438.481415000000000;10220247000177
202401;4087;2007000156;COTAS;248510387.769916000000000;10635063000178
202401;3188;1996001647;COTAS;195747.188111000000000;27565843000191
202401;3188;2013000456;COTAS;13846079.619516000000000;18270776000197
202401;3188;1996001647;VL_PG_RC;-16232.720000000000000;
202401;3188;2003001638;COTAS;501341.982890000000000;
202401;3188;2013000456;COTAS;3221689.732255000000000;27565843000191
202401;3188;1996004883;CAIXA;0.990000000000000;
202401;3188;2003001638;COTAS;4969801.361798000000000;10214125000178
202401;3126;2006001183;COTAS;8005638.463488000000000;
202401;3188;1996004883;COTAS;2391183.498147000000000;
202401;3825;1999005074;COTAS;1299066.056961000000000;
202401;3188;2010003047;COTAS;409836.179936000000000;25244544000120
202401;3188;1996004883;COTAS;334306.743473000000000;18270776000197
202401;2556;1998007618;COTAS;30939298.038300000000000;
202401;3188;1997001047;COTAS;5712555.774085000000000;
202401;3126;2006001183;COTAS;379503.165748000000000;
202401;2556;1998007618;COTAS;73953922.714750000000000;41672376000120
202401;4087;2007000156;IMOVEIS;4748751.360000000000000;
202401;3188;2016000538;COTAS;5552120.028936000000000;10220247000177
202401;3188;1997001047;COTAS;12160676.812334000000000;10220247000177
202401;3188;1997001047;COTAS;83867756.021707000000000;25244544000120
202401;3188;2003001638;COTAS;15715.206251000000000;10220247000177
202401;4087;2007000156;TIT_PUB;23524545.970000000000000;
202401;3188;1998004074;CAIXA;357231.250000000000000;
202401;4087;9970000000;VL_PG_RC;0.000000000000000;
202401;3188;2010003438;COTAS;14339861.909342000000000;10214125000178
202401;3188;2017000574;COTAS;10918589.869705000000000;18270776000197
202401;3825;2005003011;VL_PG_RC;0.000000000000000;
202401;3126;2006003747;COTAS;136855.559275000000000;
202401;3188;2003001638;COTAS;10016810.704007000000000;29298975000120
202401;3188;2017000574;COTAS;22219828.049737000000000;25244544000120
202401;3126;2006003747;COTAS;127348.325956000000000;
202401;4091;1974000338;COTAS;28627119.734050000000000;
202401;3188;2003001638;COTAS;6638.247667000000000;34613727000166
202401;3188;2010003438;COTAS;17490067.441895000000000;29298975000120
202401;4091;2004002492;CAIXA;122960.940000000000000;
202401;3188;2004002174;COTAS;2265268.375775000000000;
202401;3188;2010005211;COTAS;14333831.681398000000000;10214125000178
202401;4091;2004002492;COTAS;6238498.500000000000000;
202401;3188;2010005211;COTAS;36743416.676684000000000;10220241000108
202401;3188;1998004856;COTAS;42714.987529000000000;10220247000177
202401;3188;2017000574;COTAS;2354498.814518000000000;27565843000191
202401;3825;2007003619;COTAS;354835416.017458000000000;
202401;3188;2010005211;COTAS;6428433.035442000000000;10220247000177
202401;3126;2006003747;COTAS;991456.182336000000000;
202401;3825;2009002318;CAIXA;1000.000000000000000;
202401;3188;2010005211;COTAS;48001545.904613000000000;34613727000166
202401;2556;2018001574;COTAS;31390.174797000000000;
202401;3188;1998004856;COTAS;14925450.802754000000000;25244544000120
202401;3188;2012000665;COTAS;8625.545054000000000;
202401;2556;9970000000;COTAS;6217.683442000000000;
202401;3126;2006003747;COTAS;31326.693988000000000;
202401;3825;2012000592;VL_PG_RC;0.000000000000000;
202401;4091;2004002492;COTAS;10867174.421083000000000;
202401;2561;1999000447;COTAS;1089463658.388585000000000;21082397000188
202401;3126;2006003747;VL_PG_RC;-299.660000000000000;
202401;3825;2015000119;COTAS;12910955.945305000000000;
202401;4091;2004002492;COTAS;211721584.033648000000000;05426951000140
202401;3126;2006003811;CAIXA;4000.000000000000000;
202401;3188;2017000711;COTAS;13959885.617678000000000;18270776000197
202401;4091;2004002492;OPERACAO_PARTICIPANTE;34934535.879217029900000;
202401;3188;1998006247;COTAS;919754.280511000000000;
202401;3188;2012000665;COTAS;260533.804087000000000;
202401;3188;2004002174;COTAS;37843147.426827000000000;10220241000108
202401;3188;2017000711;COTAS;3064153.972225000000000;27565843000191
202401;4091;9970000000;CAIXA;317801.090000000000000;
202401;3188;1998006247;COTAS;6215167.855107000000000;10214125000178
202401;3188;2004002174;COTAS;14653390.508333000000000;10220247000177
202401;2561;1999000447;COTAS;45314777.833983000000000;41545586000157
202401;3825;2017000418;COTAS;16627862.335365000000000;
202401;3188;2004002174;COTAS;8981660.259281000000000;27565843000191
202401;2561;2014000174;VL_PG_RC;-6471.270000000000000;
202401;4101;2002001847;COTAS;9041258.360981000000000;
202401;3188;2005000256;CAIXA;740.370000000000000;
202401;3126;2006003811;COTAS;782213.574701000000000;
202401;3188;2019000865;COTAS;21595821.002256000000000;18270776000197
202401;3825;2020003211;VL_PG_RC;0.000000000000000;
202401;3188;2005001211;CAIXA;3.270000000000000;
202401;3126;2006003992;CAIXA;39439.720000000000000;
202401;3188;2019000865;COTAS;3294205.040876000000000;27565843000191
202401;4114;2002004129;COTAS;294230220.500159000000000;08744969000189
202401;3126;2006004011;COTAS;908188.941465000000000;
202401;3188;2019001047;COTAS;21713.178558000000000;10220241000108
202401;4128;1995003565;VL_PG_RC;35.370000000000000;
202401;3188;2019001047;COTAS;31659.405350000000000;34613727000166
202401;3188;1999003756;COTAS;8223090.276027000000000;10214125000178
202401;3188;1999003756;COTAS;16873674.729952000000000;25244544000120
202401;3825;2021001611;COTAS;3702246.664584000000000;31032406000180
202401;2561;2014001219;COTAS;429358887.057952000000000;
202401;3188;2000007856;TIT_PUB;83049804.440000000000000;
202401;3126;2006004711;COTAS;14675137.328740000000000;
202401;2561;2014001219;COTAS;25086592.803051000000000;
202401;3188;2005001211;COTAS;537422.022603000000000;18270776000197
202401;3188;2021003019;COTAS;449794.366864000000000;29298975000120
202401;3839;1998004929;CAIXA;7906.120000000000000;
202401;3188;2012000665;OPERACAO_PARTICIPANTE;642370.880000000000000;
202401;4128;9970000000;VL_PG_RC;-35.370000000000000;
202401;3839;1998004929;COTAS;38722370.615652000000000;
202401;2561;2014001219;COTAS;38586675.573926000000000;40226038000100
202401;3188;2001000847;COTAS;1978517.638043000000000;10220241000108
202401;3188;2021003019;TIT_PUB;1248980.530000000000000;
202401;3839;1998004929;COTAS;114906825.253152000000000;
202401;3188;2013000456;CAIXA;2.190000000000000;
202401;3839;1998004929;VL_PG_RC;17288.450000000000000;
202401;4131;1981000811;COTAS;8075911.874092000000000;39665916000104
202401;3188;2016000538;COTAS;575720.315999000000000;
202401;3201;9970000000;CAIXA;0.220000000000000;
202401;4131;1981000811;VL_PG_RC;-33874.040000000000000;
202401;2659;2000002447;CAIXA;50549.340000000000000;
202401;3126;2007002019;CAIXA;6000.000000000000000;
202401;3839;2009001583;COTAS;192915.552417000000000;
202401;3188;2001000847;COTAS;1085034.328735000000000;34613727000166
202401;3126;2007002019;COTAS;1524828.156307000000000;
202401;3188;2002000565;CAIXA;0.490000000000000;
202401;3126;2008000192;COTAS;22569058.137246000000000;
202401;3188;2002000565;COTAS;567984.133139000000000;
202401;3126;2008000192;COTAS;6617656.858975000000000;
202401;4131;1986000419;COTAS;5580761.722556000000000;
202401;3188;2016000538;COTAS;2192681.223372000000000;27565843000191
202401;4131;1986000419;TIT_PUB;14824011.480000000000000;
202401;2659;2000002447;COTAS;10252059.748410000000000;
202401;3839;2009001583;COTAS;766695.122340000000000;
202401;4131;1987000374;COTAS;1066519.725731000000000;
202401;3839;2009001583;COTAS;318972.725802000000000;
202401;3188;2002000565;COTAS;4835207.001984000000000;10220241000108
202401;2659;2000002447;COTAS;7282219.410220000000000;
202401;3839;2009001583;COTAS;479458.602288000000000;
202401;3126;2008001229;CAIXA;60648.470000000000000;
202401;3839;2009001583;COTAS;1590746.754802000000000;
202401;3188;2002000565;COTAS;2749572.642349000000000;18270776000197
202401;3188;2002000719;CAIXA;640.480000000000000;
202401;3839;2009001583;COTAS;13907.901957000000000;
202401;3188;2002000719;COTAS;8065777.251178000000000;18270776000197
202401;3839;9970000000;CAIXA;15173.590000000000000;
202401;3188;2003000283;TIT_PUB;33195323.350000000000000;
202401;3188;2005001211;COTAS;11754056.367940000000000;25244544000120
202401;3188;2003000747;TIT_PUB;2317211.420000000000000;
202401;3126;2008001229;VL_PG_RC;293715.160000000000000;
202401;2659;2000002447;COTAS;12207756.029315000000000;
202401;3188;2005006483;COTAS;182247.596984000000000;18270776000197
202401;3251;1995001465;COTAS;1343719.790000000000000;
202401;3188;2003001638;COTAS;857495.127936000000000;
202401;2659;9970000000;COTAS;11572774.205210000000000;
202401;3251;1995001465;COTAS;42896244.824686000000000;
202401;3188;2017000711;CAIXA;38915.150000000000000;
202401;3188;2007003074;COTAS;135677.879910000000000;
202401;3188;2019000865;COTAS;6238613.320134000000000;10214125000178
202401;3839;9970000000;VL_PG_RC;0.000000000000000;
202401;3126;2009000447;COTAS;5022885.579420000000000;
202401;2693;1993000811;COTAS;58927873.521697000000000;
202401;3188;2019000865;COTAS;25313231.067456000000000;10220247000177
202401;3188;2003001638;TIT_PUB;60289202.390000000000000;
202401;3251;1995001465;COTAS;7365125.858961000000000;
202401;3126;2009000447;COTAS;756629.787300000000000;
202401;3251;1995001465;COTAS;3265738.590538000000000;
202401;4131;1993001018;OPERACAO_PARTICIPANTE;42064.430000000000000;
202401;3126;2010000129;COTAS;537892.853427000000000;
202401;3188;2004002174;TIT_PUB;91191106.080000000000000;
202401;3861;9970000000;VL_PG_RC;0.000000000000000;
202401;3126;2010000129;COTAS;817037.079819000000000;
202401;3188;2019001047;COTAS;39225.523264000000000;29298975000120
202401;2693;1993000811;COTAS;38744389.615125000000000;41727284000108
202401;3251;1995001465;COTAS;1797090.916785000000000;
202401;3188;2005000256;COTAS;400750.368779000000000;27565843000191
202401;3251;1995001465;COTAS;9917780.738915000000000;
202401;3188;2007003074;COTAS;832872.078880000000000;36178602000180
202401;3251;1995001465;COTAS;8528198.007082000000000;
202401;3126;2010002792;COTAS;926989.798734000000000;
202401;4131;1998006311;CAIXA;61131.090000000000000;
202401;3188;2007003074;TIT_PUB;3474355.570000000000000;
202401;3251;1995001465;COTAS;1139703.154747000000000;
202401;3887;1999004965;COTAS;72371.153192000000000;
202401;2693;2021001938;COTAS;277174.578060000000000;
202401;3188;2009002156;COTAS;6657693.433875000000000;
202401;2693;2021001938;COTAS;341794.864231000000000;48330517000175
202401;3188;2005000256;VL_PG_RC;-39275.030000000000000;
202401;3251;1995001465;COTAS;410358.874456000000000;
202401;2693;2021001938;VL_PG_RC;-2552.450000000000000;
202401;3188;2005006483;COTAS;1762583.067729000000000;
202401;3251;1995001465;COTAS;8172276.323102000000000;
202401;3304;1995002811;COTAS;2166333.924060000000000;
202401;3188;2005006483;COTAS;9882857.458132000000000;29298975000120
202401;3126;2010002792;COTAS;4154528.801968000000000;
202401;3188;2009002156;COTAS;42535566.640566000000000;10220241000108
202401;4131;1998006311;OPERACAO_PARTICIPANTE;142682.580000000000000;
202401;3887;1999004965;COTAS;8238159.598145000000000;
202401;3126;2012001483;COTAS;2543280.904602000000000;
202401;3304;1995002811;COTAS;715292.821535000000000;
202401;3188;2005006483;COTAS;531132.724342000000000;36178602000180
202401;3126;2012001483;COTAS;229515.991580000000000;
202401;3251;9970000000;VL_PG_RC;0.000000000000000;
202401;3188;2009002156;COTAS;50350101.508645000000000;10220247000177
202401;4131;2008003418;VL_PG_RC;0.000000000000000;
202401;3887;1999004965;COTAS;6620374.649917000000000;
202401;3304;1995002811;COTAS;5268644.487108000000000;
202401;3188;2007003074;COTAS;35873.713831000000000;
202401;3126;2012001483;COTAS;80612.186259000000000;
202401;3188;2009002229;COTAS;77176208.412306000000000;25244544000120
202401;3126;2012001483;COTAS;11218.891805000000000;
202401;3188;2010003047;CAIXA;1.290000000000000;
202401;3304;1995002811;COTAS;1281271.176467000000000;
202401;2721;2004002018;COTAS;2821309.731829000000000;
202401;3887;1999004965;COTAS;362350.247250000000000;
202401;2721;2004002018;COTAS;19366205.284227000000000;
202401;3188;2010003047;COTAS;245209.961923000000000;10220247000177
202401;4131;2008004211;VL_PG_RC;-16700.630000000000000;
202401;3304;1995002811;COTAS;130627.272005000000000;
202401;3188;2009002156;COTAS;2536687.385825000000000;
202401;3887;1999004965;COTAS;1703866.934501000000000;
202401;3304;1995002811;COTAS;719815.485344000000000;
202401;3188;2009002156;COTAS;10708298.913465000000000;36178602000180
202401;3188;2010003292;COTAS;0.029495000000000;
202401;3188;2010000374;COTAS;44868.606822000000000;
202401;3188;2010003292;COTAS;5168040.279111000000000;18270776000197
202401;3126;2013000529;CAIXA;239161.850000000000000;
202401;4131;2008004465;COTAS;3995033.063751000000000;
202401;3188;2010003292;IMOVEIS;23896732.400000000000000;
202401;2721;2004002018;COTAS;205822030.250177000000000;13914334000112
202401;3188;2010000374;COTAS;1688640.550297000000000;10214125000178
202401;3887;1999004965;COTAS;10064315.340354000000000;
202401;3304;1995002811;COTAS;3949008.277868000000000;
202401;2796;1993002529;COTAS;53517095.853871000000000;14298820000116
202401;3126;2013000529;COTAS;1386195.354804000000000;
202401;3304;1995002811;COTAS;1923026.265453000000000;
202401;4131;2017000647;CAIXA;7848250.440000000000000;
202401;3304;1995002811;COTAS;432409.884775000000000;
202401;2811;1993002774;COTAS;5012275.662451000000000;
202401;3126;2021001229;COTAS;2852983.143656000000000;
202401;3887;1999004965;COTAS;800928.383874000000000;
202401;4131;2017000647;COTAS;5330186.786298000000000;
202401;3188;2010000374;COTAS;594909.880803000000000;36178602000180
202401;3188;2010003292;OPERACAO_PARTICIPANTE;0.000000000000000;
202401;3304;1995002811;COTAS;1251592.687105000000000;
202401;2811;1993002774;COTAS;92036076.183773000000000;
202401;3188;2010003365;OPERACAO_PARTICIPANTE;0.000000000000000;
202401;3887;1999004965;COTAS;3530024.832997000000000;
202401;4131;2017000647;COTAS;22914578.601748000000000;
202401;3188;2010003047;COTAS;3570.512363000000000;
202401;3188;2010003438;COTAS;1236561.688770000000000;
202401;3887;1999004965;COTAS;499383.705649000000000;
202401;3188;2010003047;COTAS;245394.325325000000000;36178602000180
202401;3304;1995002811;COTAS;3885741.274422000000000;
202401;3304;2011001838;COTAS;632806.227248000000000;
202401;3304;1995002811;COTAS;3511126.193762000000000;
202401;4131;2017000647;COTAS;48050.746495000000000;
202401;3304;2011001838;COTAS;928573.772387000000000;
202401;3126;2021001229;COTAS;3508182.531618000000000;
202401;3887;1999004965;TIT_PRIV;64003620.150000000000000;
202401;2811;1993002774;COTAS;13050711.972694000000000;
202401;3188;2010003438;COTAS;54893648.676280000000000;25244544000120
202401;3188;2010003292;COTAS;5428013.679972000000000;27565843000191
202401;3887;9970000000;COTAS;1874588.542279000000000;
202401;4131;2017000647;COTAS;14668136.499742000000000;
202401;3188;2010003292;VL_PG_RC;11897094.290000000000000;
202401;3928;1999001265;COTAS;3057143.285753000000000;
202401;2811;1993002774;COTAS;8404589.580695000000000;
202401;3928;1999001265;COTAS;29539921.080930000000000;
202401;3304;1995002811;COTAS;70267.965066000000000;
202401;2811;1993002774;COTAS;18447560.278327000000000;
202401;3945;1999002318;COTAS;6974837.526889000000000;
202401;3188;2010003438;COTAS;7376828.140387000000000;36178602000180
202401;3304;1995002811;COTAS;4084.341092000000000;
202401;2811;1993002774;COTAS;5402271.198266000000000;
202401;3945;1999002318;COTAS;4231727.929633000000000;
202401;3188;2010005211;COTAS;29271986.674715000000000;25244544000120
202401;3126;2021001318;COTAS;463465.288970000000000;
202401;3304;2011001838;COTAS;292210.977609000000000;
202401;3188;2010003365;VL_PG_RC;14202549.850000000000000;
202401;2811;1993002774;COTAS;10473324.604969000000000;
202401;3304;2011001838;COTAS;36691.795000000000000;
202401;3304;2011001838;COTAS;927346.246207000000000;
202401;3126;2021001318;COTAS;3954006.597887000000000;
202401;3304;2011001838;VL_PG_RC;45017.090000000000000;
202401;3304;9970000000;COTAS;468088.989978000000000;
202401;3945;1999002318;COTAS;1736241.124577000000000;
202401;3188;2013000456;COTAS;1443040.696964000000000;
202401;2811;1993002774;COTAS;3053099.499771000000000;
202401;3188;2010003438;CAIXA;2.590000000000000;
202401;3321;1995002992;COTAS;1895576.962020000000000;
202401;2811;9970000000;COTAS;93939.838918000000000;
202401;3161;1994004118;COTAS;10586459.475815000000000;
202401;3188;2010003438;COTAS;1350794.422010000000000;
202401;3321;1995002992;COTAS;9627647.892431000000000;
202401;3188;2010005074;COTAS;900098.583752000000000;10214125000178
202401;3321;1995002992;COTAS;4002535.390813000000000;
202401;3188;2013000456;OPERACAO_PARTICIPANTE;1970124.699919314800000;
202401;3188;2010005074;COTAS;2011560.345534000000000;25244544000120
202401;3945;1999002318;COTAS;3560581.656339000000000;
202401;4131;2017000647;COTAS;12756942.037508000000000;
202401;3188;2010005211;OPERACAO_PARTICIPANTE;891603.360029413000000;
202401;2811;9970000000;COTAS;100167.975605000000000;
202401;4131;2017000647;COTAS;146168957.842403000000000;42495052000126
202401;3304;2011001838;COTAS;128601.559561000000000;
202401;3188;2016000538;COTAS;3825009.379229000000000;10214125000178
202401;4011;2000002129;COTAS;1728120.000000000000000;
202401;4176;2018002392;VL_PG_RC;-30083.660000000000000;
202401;3188;2012000665;COTAS;4225899.355409000000000;10220241000108
202401;2811;9970000000;COTAS;30452.344192000000000;
202401;3188;2012000665;COTAS;4325035.792326000000000;34613727000166
202401;2823;1994000392;COTAS;158086.584640000000000;
202401;4011;2014001456;TIT_PUB;51380844.290000000000000;
202401;3161;1994004118;COTAS;9961636.817646000000000;
202401;3188;2016000538;COTAS;10514510.570325000000000;29298975000120
202401;3161;2005005111;COTAS;2821309.731829000000000;
202401;3188;2016000538;COTAS;3688418.455804000000000;36178602000180
202401;2823;1994000392;COTAS;278692.102789000000000;
202401;3161;2005005111;COTAS;17232578.051475000000000;
202401;4176;2023000319;VL_PG_RC;-4985.370000000000000;
202401;3188;2013000456;COTAS;15206109.095092000000000;29298975000120
202401;3304;2011001838;COTAS;726211.571515000000000;
202401;3321;1995002992;COTAS;5450749.283501000000000;
202401;3188;2013000456;COTAS;3928243.539109000000000;36178602000180
202401;3304;2011001838;COTAS;347241.378934000000000;
202401;3321;1995002992;COTAS;3343000.357472000000000;
202401;4039;2000004229;CAIXA;765328.910000000000000;
202401;3188;2016000538;VL_PG_RC;-43036.890000000000000;
202401;2823;1994000465;COTAS;18232542.862809000000000;
202401;4042;9970000000;VL_PG_RC;0.000000000000000;
202401;3188;2013000456;VL_PG_RC;-2942.970000000000000;
202401;2823;1994000465;COTAS;5406654.863704000000000;
202401;3321;1995002992;VL_PG_RC;-615768.910000000000000;
202401;4181;9970000000;COTAS;854852.244608000000000;
202401;4203;2000001319;VL_PG_RC;1165547.360000000000000;
202401;3188;2017000711;OPERACAO_PARTICIPANTE;1523208.419997471500000;
202401;3188;2017000711;TIT_PUB;20768395.430000000000000;
202401;2823;1994000538;COTAS;3695500.800110000000000;
202401;3349;1995003638;COTAS;3491000.000000000000000;
202401;4087;2007000156;COTAS;476279414.708706000000000;04118024000109
202401;3188;2016000538;TIT_PUB;6207944.790000000000000;
202401;2823;1994000538;COTAS;27079907.935714000000000;
202401;3321;1995002992;COTAS;5950241.700000000000000;
202401;3161;9970000000;CAIXA;32948.390000000000000;
202401;4087;9970000000;CAIXA;162597.390000000000000;
202401;3188;1989000983;TIT_PUB;172168955.880000000000000;
202401;3188;2019000865;COTAS;14756355.123288000000000;10220241000108
202401;3349;1995003638;COTAS;6672212.805205000000000;
202401;3188;2019000865;COTAS;15162252.120864000000000;34613727000166
202401;3321;1995002992;COTAS;34193306.963275000000000;
202401;4091;1974000338;COTAS;5893825.672792000000000;
202401;2823;1994000538;COTAS;54993388.308697000000000;
202401;3349;1995003638;COTAS;15973970.897316000000000;
202401;2823;1994000538;COTAS;11819157.473604000000000;
202401;4091;1974000338;COTAS;15965579.851447000000000;
202401;3188;1994002565;COTAS;2699106.514138000000000;10214125000178
202401;3321;1995002992;COTAS;812867.607973000000000;
202401;4091;1974000338;VL_PG_RC;32962153.200000000000000;
202401;3188;1994002565;COTAS;318678.995322000000000;36178602000180
202401;3321;1995002992;COTAS;11635832.038744000000000;
202401;3349;1995003638;COTAS;18345986.890850000000000;
202401;2823;1994000538;COTAS;9049825.934405000000000;
202401;4091;2002001529;CAIXA;10648.610000000000000;
202401;3188;1994002565;VL_PG_RC;139290.370000000000000;
202401;3188;2019001047;COTAS;2309.871781000000000;
202401;3188;2017000574;COTAS;3028431.286791000000000;10214125000178
202401;4203;2000001556;VL_PG_RC;19141662.700000000000000;
202401;3188;1996001647;COTAS;3212204.697256000000000;10214125000178
202401;3188;2017000574;COTAS;3093508.575001000000000;36178602000180
202401;3349;1995003638;COTAS;5797501.249770000000000;
202401;3188;1996001647;COTAS;25979.295217000000000;10220247000177
202401;2823;9970000000;CAIXA;16520.130000000000000;
202401;4091;2002001529;COTAS;8669.882093000000000;
202401;3349;1995003638;TIT_PRIV;15937997.180000000000000;
202401;3188;2019001047;COTAS;7939.422973000000000;27565843000191
202401;3188;2017000711;COTAS;13279610.237194000000000;29298975000120
202401;4203;2000002838;COTAS;20753524.120872000000000;40170889000170
202401;2841;2005004529;CAIXA;297667.780000000000000;
202401;4091;2002001529;VL_PG_RC;0.000000000000000;
202401;2841;2005004529;COTAS;17225.955500000000000;
202401;4203;2020002711;COTAS;174494.525731000000000;40190375000186
202401;4091;2004002492;COTAS;21316805.573034000000000;39723146000109
202401;3188;2019001047;COTAS;17704.211050000000000;36178602000180
202401;3188;2017000711;COTAS;9703768.475190000000000;34613727000166
202401;4203;9970000000;ACOES;140280.580000000000000;
202401;4091;2004002492;TIT_PUB;538066790.080000000000000;
202401;3188;2017000711;VL_PG_RC;-93552.520000000000000;
202401;4203;9970000000;COTAS;480369645.505377000000000;37332601000101
202401;4091;9970000000;VL_PG_RC;0.000000000000000;
202401;3188;2019001047;CAIXA;0.190000000000000;
202401;2841;2005004529;COTAS;2075552.216857000000000;51854557000120
202401;3188;2019001047;COTAS;3969.739240000000000;
202401;3349;9970000000;VL_PG_RC;-867.420000000000000;
202401;3321;1995002992;COTAS;1619966.183058000000000;
202401;4101;2002001847;CAIXA;91792.080000000000000;
202401;3188;1996004883;COTAS;5635125.951050000000000;
202401;2841;2005004611;ACOES;9194735.480000000000000;
202401;4101;2002001847;COTAS;12682593.361641000000000;
202401;4217;1997000792;COTAS;5572680.233678000000000;14115118000170
202401;3188;1996004883;COTAS;83153042.555150000000000;10220241000108
202401;3188;2019001047;COTAS;24457.127419000000000;10220247000177
202401;3366;1995003018;CAIXA;936177.430000000000000;
202401;3321;1995002992;COTAS;14680734.780388000000000;
202401;4101;2002001847;COTAS;35394331.965462000000000;
202401;3188;2019001047;COTAS;29182.548556000000000;18270776000197
202401;3407;1995003247;COTAS;23470158.846237000000000;
202401;3251;1995001465;CAIXA;1167582.400000000000000;
202401;4101;2002001847;COTAS;30167114.131577000000000;
202401;3188;1996004883;COTAS;26955.181236000000000;34613727000166
202401;3251;1995001465;COTAS;68880574.529922000000000;
202401;4101;2002001847;VL_PG_RC;-2435.780000000000000;
202401;3188;1997002183;CAIXA;0.210000000000000;
202401;3251;1995001465;COTAS;6921055.656517000000000;
202401;3188;2021003019;CAIXA;2.490000000000000;
202401;2841;2005004611;COTAS;0.250181000000000;
202401;3251;1995001465;COTAS;5565861.532868000000000;
202401;3188;1997002183;COTAS;124728.163132000000000;
202401;3349;1995003638;COTAS;7811633.156508000000000;
202401;3251;1995001465;COTAS;1855856.299993000000000;
202401;4217;2022000374;CAIXA;1289.350000000000000;
202401;3407;1995003247;COTAS;4109876.051622000000000;
202401;3349;1995003638;COTAS;3514252.714161000000000;
202401;3251;1995001465;COTAS;2853768.450624000000000;
202401;4217;2022000919;VL_PG_RC;42.450000000000000;
202401;3349;1995003638;COTAS;7854980.839529000000000;
202401;4128;1995003565;COTAS;74934357.083574000000000;08931953000185
202401;3251;1995001465;COTAS;125568.857177000000000;
202401;4217;2022002156;COTAS;1492013.259999000000000;18683208000118
202401;3349;1995003638;COTAS;6775700.196529000000000;
202401;3188;1998004856;COTAS;316230.416541000000000;
202401;3201;1994004274;VL_PG_RC;0.000000000000000;
202401;3251;1995001465;COTAS;292062.129674000000000;
202401;3349;9970000000;CAIXA;10013.100000000000000;
202401;3188;1998004856;COTAS;1384209.333850000000000;
202401;4131;1981000811;COTAS;2428067.121168000000000;
202401;2841;2005004611;COTAS;251174.687131000000000;
202401;4131;1981000811;COTAS;3963823.851976000000000;
202401;3366;1995003018;COTAS;370323313.867479000000000;26315508000172
202401;4221;2005000892;COTAS;554822.729482000000000;
202401;4131;1993001018;CAIXA;14998.130000000000000;
202401;3407;1995003247;COTAS;37157202.916862000000000;
202401;4131;1993001018;VL_PG_RC;-1368.820000000000000;
202401;3407;9970000000;COTAS;1811.763849000000000;
202401;2841;2005004611;COTAS;58334260.029474000000000;
202401;4221;2005000892;COTAS;7689394.846528000000000;
202401;3251;1995001465;COTAS;587386.055080000000000;
202401;3304;1995002811;COTAS;3567673.165959000000000;
202401;4131;1998006311;TIT_PUB;8512607.760000000000000;
202401;3304;1995002811;COTAS;2857416.995795000000000;
202401;4221;2005000892;COTAS;3949608.069905000000000;
202401;3411;2016001356;CAIXA;419.070000000000000;
202401;3188;1998004856;COTAS;1259327.700934000000000;
202401;3407;1995003247;COTAS;27283540.694389000000000;
202401;3251;1995001465;COTAS;18724311.459795000000000;
202401;3411;9970000000;VL_PG_RC;-4.300000000000000;
202401;3304;1995002811;COTAS;409173.011142000000000;
202401;3407;9970000000;COTAS;3223.270587000000000;
202401;4221;2005000892;COTAS;1082682.326959000000000;
202401;3304;1995002811;COTAS;4877746.354081000000000;
202401;4221;2005000892;VL_PG_RC;-94388.820000000000000;
202401;2841;4028410029;VL_PG_RC;-1231.020000000000000;
202401;3304;1995002811;COTAS;2367893.129600000000000;
202401;3438;1988000556;VL_PG_RC;-842.220000000000000;
202401;4221;2006004247;COTAS;407181.590662000000000;
202401;2841;9970000000;COTAS;2095892.686199000000000;51983612000182
202401;3438;1989001238;COTAS;891345.106996000000000;06170648000192
202401;4131;1998006719;OPERACAO_PARTICIPANTE;70655.510000000000000;
202401;3304;1995002811;COTAS;330942.618996000000000;
202401;4221;2011002419;COTAS;1235532.567404000000000;
202401;3251;1995001465;COTAS;27122686.962340000000000;
202401;3438;2000001238;CAIXA;0.000000000000000;
202401;3304;2011001838;COTAS;429173.426838000000000;
202401;3438;1988000556;COTAS;1597599.990922000000000;
202401;3188;1998004856;COTAS;6828503.504214000000000;10220241000108
202401;3438;2000005111;COTAS;11220822.210585000000000;17695440000103
202401;3304;2011001838;COTAS;455966.602925000000000;
202401;4221;2012001629;COTAS;690073.866584000000000;
202401;3251;1995001465;COTAS;10722231.447642000000000;
202401;3251;1995001465;COTAS;9314386.193450000000000;
202401;2854;1995002518;VL_PG_RC;-1490.200000000000000;
202401;3304;2011001838;COTAS;369425.288760000000000;
202401;4131;2002000247;OPERACAO_PARTICIPANTE;248996.680007423600000;
202401;2854;2011000319;OPERACAO_PARTICIPANTE;5304887.200000000000000;
202401;4131;2006006665;COTAS;698464.456925000000000;39665916000104
202401;3438;1988003083;VL_PG_RC;-5845.960000000000000;
202401;3438;2000005111;COTAS;2067065.271771000000000;17706099000144
202401;3438;1999001656;COTAS;79641086.609999000000000;36180815000147
202401;3438;2002000956;VL_PG_RC;281149.680000000000000;
202401;3304;2011001838;COTAS;313410.811629000000000;
202401;3188;1998004856;COTAS;2365187.042885000000000;34613727000166
202401;3321;1995002992;COTAS;4015681.952709000000000;
202401;4221;2012001629;TIT_PUB;51099.090000000000000;
202401;3321;1995002992;COTAS;5850010.997548000000000;
202401;4131;2006006665;TIT_PUB;12017373.600000000000000;
202401;2909;1993003411;COTAS;647737682.972093000000000;34867805000159
202401;4221;2012001874;COTAS;2609331.141259000000000;
202401;3438;2000000118;COTAS;230333.165349000000000;17706099000144
202401;3251;1995001465;COTAS;402245.460948000000000;
202401;3321;1995002992;COTAS;4095809.570784000000000;
202401;4131;2008004211;COTAS;2948994.968703000000000;39665916000104
202401;4131;2008004211;OPERACAO_PARTICIPANTE;40498.760000000000000;
202401;4221;2012001874;COTAS;4787519.551211000000000;
202401;3438;2000001092;VL_PG_RC;127972.450000000000000;
202401;3438;2002002029;COTAS;11784919.597648000000000;20030716000149
202401;3321;1995002992;COTAS;12366689.965241000000000;
202401;3438;2005002992;COTAS;383604.437047000000000;
202401;3251;1995001465;COTAS;1672882.679164000000000;
202401;3321;1995002992;COTAS;3304787.605792000000000;
202401;2909;1993003411;VL_PG_RC;-24659.690000000000000;
202401;3188;1998005674;COTAS;4283802.852544000000000;29298975000120
202401;3438;2005006556;COTAS;40336358.236423000000000;
202401;3321;1995002992;TIT_PUB;1498400.300000000000000;
202401;3188;1998006247;COTAS;37867775.160929000000000;18270776000197
202401;3438;2000001238;OPERACAO_PARTICIPANTE;105155.150000000000000;
202401;4221;2012001874;COTAS;13384305.872743000000000;
202401;4131;2008004465;COTAS;46952.301315000000000;39337958000108
202401;2912;1993003738;CAIXA;20663.130000000000000;
202401;3438;2005006556;OPERACAO_PARTICIPANTE;1779562.810000000000000;
202401;3321;9970000000;CAIXA;715.080000000000000;
202401;3188;1998006247;COTAS;4856128.885116000000000;27565843000191
202401;3349;1995003638;COTAS;3999300.000000000000000;
202401;4221;2015001883;COTAS;207289.102114000000000;
202401;3188;1999002792;COTAS;6294464.340759000000000;10220241000108
202401;3438;2006000438;OPERACAO_PARTICIPANTE;313653.750000000000000;
202401;3251;1995001465;COTAS;420781.108401000000000;
202401;3438;2000003011;VL_PG_RC;0.000000000000000;
202401;3349;1995003638;COTAS;2256752.175398000000000;
202401;3251;1995001465;COTAS;15763.151865000000000;
202401;3188;1999002792;COTAS;3348001.944253000000000;34613727000166
202401;3438;2000005111;COTAS;2800362.584811000000000;
202401;3349;1995003638;COTAS;57667644.286842000000000;
202401;3188;1999003756;COTAS;1383610.927986000000000;
202401;3251;1995001465;COTAS;26506.033180000000000;
202401;3349;1995003638;COTAS;4611789.351303000000000;
202401;4131;2008004465;TIT_PUB;1022550.840000000000000;
202401;3188;1999003756;COTAS;1263508.282019000000000;
202401;2912;1993003738;COTAS;1046165.106449000000000;27619757000114
202401;3438;2002002118;COTAS;6699618.144435000000000;20030716000149
202401;4221;2015001883;COTAS;551886.326216000000000;
202401;3366;9970000000;COTAS;3401434.799758000000000;
202401;3188;1999003756;COTAS;2022683.069265000000000;36178602000180
202401;4221;2015001883;COTAS;1381516.987674000000000;
202401;4131;2008004538;COTAS;645471.643140000000000;39337958000108
202401;3407;1995003247;CAIXA;17012.230000000000000;
202401;4221;9970000000;COTAS;270341.069999000000000;
202401;2912;2005006711;COTAS;384824543.641820000000000;18138892000157
202401;3407;9970000000;COTAS;58026.858561000000000;
202401;3188;1999003756;TIT_PUB;99165089.170000000000000;
202401;4234;2004002956;COTAS;137837324.771494000000000;19718324000198
202401;3438;2006002211;CAIXA;0.000000000000000;
202401;3438;2005002992;CAIXA;3704072.000000000000000;
202401;3407;9970000000;COTAS;1147.088282000000000;
202401;3304;1995002811;CAIXA;7333.850000000000000;
202401;3438;2005002992;COTAS;70880559.442618000000000;
202401;2912;9970000000;VL_PG_RC;-1913.530000000000000;
202401;3438;2006002465;CAIXA;0.000000000000000;
202401;3438;2005003638;VL_PG_RC;0.000000000000000;
202401;2931;1994000211;COTAS;11233702.131809000000000;
202401;3407;9970000000;COTAS;23.788882000000000;
202401;3438;2006002611;CAIXA;139900.860000000000000;
202401;4131;2008004538;TIT_PUB;35836411.320000000000000;
202401;2931;1994000211;COTAS;4232589.579869000000000;
202401;3407;9970000000;COTAS;1833.524159000000000;
202401;3304;1995002811;COTAS;6668605.915021000000000;
202401;3407;9970000000;VL_PG_RC;-10.630000000000000;
202401;3188;2000007856;COTAS;7251484.832393000000000;10214125000178
202401;3411;2006000292;COTAS;301587086.669251000000000;13425757000179
202401;3438;2005006556;CAIXA;762479.800000000000000;
202401;3188;2000007856;VL_PG_RC;-68158.570000000000000;
202401;3411;2006000292;COTAS;97646378.668848000000000;45017499000188
202401;3438;2006000438;COTAS;7344626.339999000000000;
202401;4234;9970000000;COTAS;399426.979986000000000;
202401;3411;2014001065;COTAS;74609437.554198000000000;13425757000179
202401;3438;2006002856;OPERACAO_PARTICIPANTE;68922.160000000000000;
202401;2931;1994000211;COTAS;2326169.320598000000000;
202401;3411;2014001065;COTAS;82969951.974139000000000;13970020000137
202401;3304;1995002811;COTAS;1103976.519796000000000;
202401;4131;2017000647;COTAS;12924514.046571000000000;
202401;2931;1994000211;COTAS;2391594.104729000000000;
202401;3411;2014001065;COTAS;25865774.468996000000000;45017499000188
202401;3188;2001000847;CAIXA;3.720000000000000;
202401;2931;1994000211;COTAS;24188532.806868000000000;
202401;3438;2000000118;CAIXA;0.000000000000000;
202401;2931;1994000211;COTAS;6497053.743047000000000;
202401;3438;2000003011;CAIXA;161084.050000000000000;
202401;4248;2000001718;COTAS;1843009.693833000000000;18936235000155
202401;3438;2007003856;COTAS;6723700.422138000000000;
202401;3438;2001002092;COTAS;1561546.036425000000000;
202401;3438;2006000438;COTAS;12089077.310000000000000;51779306000129
202401;3438;2009003519;COTAS;6649225.986540000000000;
202401;3438;2002002118;COTAS;70106207.537823000000000;17695440000103
202401;3304;1995002811;COTAS;1735012.424706000000000;
202401;2931;1994000211;COTAS;1842637.434717000000000;
202401;3438;2005003638;CAIXA;796751.780000000000000;
202401;3304;1995002811;COTAS;1976684.410800000000000;
202401;3438;2005003638;COTAS;387200.820358000000000;
202401;3188;2001000847;COTAS;103643.397326000000000;
202401;4248;2000001718;VL_PG_RC;2788668.830000000000000;
202401;3188;2002000719;COTAS;25753220.231426000000000;25244544000120
202401;4248;2009000838;COTAS;39860495.873779000000000;03079923000179
202401;3438;2012000347;VL_PG_RC;0.000000000000000;
202401;3304;1995002811;COTAS;58010.729250000000000;
202401;3438;2006002074;CAIXA;49370.020000000000000;
202401;2931;1994000211;COTAS;24282186.437052000000000;
202401;4248;2014001847;COTAS;9529253.436297000000000;18936235000155
202401;3438;2006002074;OPERACAO_PARTICIPANTE;1235859.370000000000000;
202401;2931;1994000211;COTAS;29571944.098061000000000;
202401;3438;2005006556;VL_PG_RC;-3319.320000000000000;
202401;2991;1985000547;COTAS;607259.884110000000000;
202401;3188;2003000747;COTAS;41632.122223000000000;
202401;3304;2011001838;COTAS;126019.651521000000000;
202401;3188;2003000747;COTAS;113283.569120000000000;
202401;4248;2014001847;VL_PG_RC;2216306.480000000000000;
202401;3304;2011001838;COTAS;435092.876721000000000;
202401;2991;1985000547;TIT_PUB;67905377.650000000000000;
202401;4248;2020001683;COTAS;6415.077891000000000;52350495000182
202401;3304;9970000000;VL_PG_RC;0.000000000000000;
202401;3438;2006002465;VL_PG_RC;-595446.200000000000000;
202401;2991;1994002492;COTAS;3731130.743600000000000;
202401;4248;9970000000;CAIXA;10140.000000000000000;
202401;3438;2016002018;CAIXA;598008.740000000000000;
202401;3006;1994002174;ACOES;1.880000000000000;
202401;4279;2016001992;COTAS;7069.592073000000000;51834466000123
202401;3006;1994002174;COTAS;8967134.324315000000000;
202401;4282;2004003065;COTAS;79261.919490000000000;
202401;3321;1995002992;COTAS;4806800.165028000000000;
202401;3188;2003000747;COTAS;99437.102353000000000;
202401;4282;2004003065;COTAS;1450258.241974000000000;
202401;3321;1995002992;COTAS;10333419.339324000000000;
202401;3438;2006002856;CAIXA;0.000000000000000;
202401;3023;1979003718;TIT_PRIV;2410936.400000000000000;
202401;4282;2004003065;COTAS;3511295.582721000000000;
202401;3438;2008003256;COTAS;191584.322472000000000;
202401;3188;2003001638;CAIXA;3.240000000000000;
202401;3438;2016002018;COTAS;20945818.471563000000000;
202401;3188;2003001638;COTAS;539931.545142000000000;
202401;3321;1995002992;COTAS;13199921.925780000000000;
202401;3438;2020002183;COTAS;15009768.876407000000000;
202401;3438;2021002438;VL_PG_RC;-13029.570000000000000;
202401;3438;2006002465;OPERACAO_PARTICIPANTE;1756286.480000000000000;
202401;4282;2004003065;TIT_PUB;28185935.450000000000000;
202401;3023;2001001738;COTAS;98318176.351984000000000;32265496000111
202401;3188;2003001638;COTAS;3384627.651572000000000;10220241000108
202401;3321;1995002992;COTAS;4224660.301001000000000;
202401;3438;2006002538;VL_PG_RC;0.000000000000000;
202401;3438;2016002018;VL_PG_RC;-46520.010000000000000;
202401;3438;2021002438;CAIXA;5703557.880000000000000;
202401;3023;9970000000;VL_PG_RC;-4252.260000000000000;
202401;3188;2005000256;COTAS;921953.963893000000000;
202401;3438;2021002918;CAIXA;18485.050000000000000;
202401;3037;1994001119;COTAS;1127315.373433000000000;
202401;3438;2006002611;OPERACAO_PARTICIPANTE;2761677.570000000000000;
202401;3438;2021002918;COTAS;13218.075785000000000;
202401;3349;1995003638;COTAS;657284.299195000000000;
202401;3438;2007003856;CAIXA;14409.160000000000000;
202401;3188;2005000256;COTAS;7666584.709183000000000;10220241000108
202401;3349;1995003638;COTAS;3500750.427605000000000;
202401;3188;2005000256;COTAS;975041.850591000000000;34613727000166
202401;3349;1995003638;COTAS;2908061.628802000000000;
202401;3037;1994001119;COTAS;6618899.114134000000000;
202401;4296;9970000000;VL_PG_RC;0.000000000000000;
202401;3438;2007003856;OPERACAO_PARTICIPANTE;296079.300000000000000;
202401;3037;1994001119;OPERACAO_PARTICIPANTE;955209.220000000000000;
202401;4311;1997002256;COTAS;90734190.140002000000000;
202401;3438;2021002438;COTAS;9709277.757087000000000;
202401;3037;9970000000;CAIXA;246.490000000000000;
202401;3188;2005000256;TIT_PUB;69818181.050000000000000;
202401;4311;2005002747;VL_PG_RC;0.000000000000000;
202401;3438;2008003256;COTAS;11112032.396218000000000;
202401;3438;9970000000;CAIXA;1093029.320000000000000;
202401;3188;2005001211;COTAS;2985217.282359000000000;10214125000178
202401;4311;9970000000;VL_PG_RC;0.000000000000000;
202401;3472;1984001183;COTAS;338365012.921311000000000;07504907000137
202401;3438;2021002918;VL_PG_RC;-285312.810000000000000;
202401;3188;2005001211;COTAS;1903697.584616000000000;36178602000180
202401;4368;2005004211;OPERACAO_PARTICIPANTE;1712550.280000000000000;
202401;3438;2008003256;COTAS;567273.817120000000000;
202401;3472;1984001183;COTAS;307702226.138872000000000;17133677000109
202401;3037;9970000000;COTAS;97869.107409000000000;
202401;3472;2023000718;COTAS;17614848.038066000000000;07504907000137
202401;3037;9970000000;COTAS;102189.652797000000000;
202401;4385;2005006311;OPERACAO_PARTICIPANTE;3045915.230000000000000;
202401;3188;2005001211;VL_PG_RC;-23765.270000000000000;
202401;3349;1995003638;COTAS;2326169.306376000000000;
202401;3037;9970000000;COTAS;3415.255932000000000;
202401;3472;1984001183;COTAS;18774319.774101000000000;17703476000191
202401;3438;2009002083;COTAS;8654956.343360000000000;
202401;3085;2000007074;COTAS;4875262.025038000000000;
202401;3188;2007003074;COTAS;1653747.618740000000000;25244544000120
202401;4412;2006001329;COTAS;5461276.544850000000000;
202401;3349;1995003638;COTAS;6064335.602350000000000;
202401;3188;2009002156;COTAS;101307296.688509000000000;29298975000120
202401;3472;2023000718;COTAS;972540.624921000000000;17703476000191
202401;3438;2009003519;COTAS;21342498.550005000000000;05482325000171
202401;4412;2006001329;COTAS;5160731.570001000000000;
202401;3349;1995003638;COTAS;10404720.376902000000000;
202401;3472;2023000718;COTAS;16056357.615093000000000;17133677000109
202401;3188;2009002156;COTAS;23744439.603512000000000;34613727000166
202401;3472;2023000718;COTAS;8273611.411552000000000;40209607000109
202401;3407;1995003247;COTAS;70326.969580000000000;
202401;3527;1996002619;COTAS;78506997.330621000000000;
202401;3085;2000007074;COTAS;48535708.587204000000000;04841576000132
202401;3438;2016002018;COTAS;20062826.362956000000000;
202401;3527;1996002619;COTAS;48266500.229412000000000;
202401;3472;9970000000;COTAS;42299010.480595000000000;11702118000188
202401;3527;2020001365;COTAS;5548609.791051000000000;
202401;3486;1996002074;COTAS;60986248.203768000000000;
202401;3527;2020001365;COTAS;66659803.244905000000000;
202401;3407;9970000000;COTAS;6459.044514000000000;
202401;3486;1996002074;COTAS;37717427.624865000000000;
202401;3085;9970000000;COTAS;2141730.006045000000000;
202401;3527;2020001365;COTAS;63713476.100280000000000;
202401;3085;9970000000;VL_PG_RC;0.000000000000000;
202401;3438;2020003392;COTAS;42098024.636797000000000;46206481000197
202401;3527;2020001756;COTAS;64015585.779422000000000;
202401;3099;1999004647;COTAS;796235.260000000000000;
202401;3527;2020001756;COTAS;2875621.795078000000000;
202401;3099;1999004647;COTAS;5654995.589951000000000;04701028000107
202401;3486;1996002074;COTAS;8734282.404000000000000;
202401;3527;2020001756;COTAS;1051488.747618000000000;
202401;4426;2007002329;COTAS;2453640.000000000000000;
202401;3188;2009002229;VL_PG_RC;-2187.050000000000000;
202401;3486;9970000000;CAIXA;264669.300000000000000;
202401;4426;9970000000;TIT_PRIV;7579887.660000000000000;
202401;3527;2020001756;COTAS;1975736.811402000000000;
202401;3099;1999005392;CAIXA;3693.000000000000000;
202401;4443;1982002018;COTAS;498952.965234000000000;
202401;3527;1996002619;COTAS;10932410.052040000000000;
202401;3407;9970000000;COTAS;12.224951000000000;
202401;4443;1982002018;COTAS;495511396.509138000000000;12558695000100
202401;3527;2020001756;COTAS;3925380.962422000000000;
202401;4443;1982002018;VL_PG_RC;-3721.680000000000000;
202401;3438;2020003392;VL_PG_RC;0.000000000000000;
202401;3188;2010000374;COTAS;2140474.037991000000000;25244544000120
202401;4443;1988000947;OPERACAO_PARTICIPANTE;183038.180000000000000;
202401;3531;1996003038;COTAS;3640850.398433000000000;
202401;3188;2010003047;COTAS;341231.754264000000000;10220241000108
202401;3407;9970000000;COTAS;4742.703702000000000;
202401;4443;1998002292;COTAS;6448299.208719000000000;
202401;3575;1996004247;COTAS;86528742.406411000000000;19599719000119
202401;3411;2016001429;VL_PG_RC;-131.150000000000000;
202401;4443;1998002292;COTAS;5989963.783742000000000;
202401;3188;2010003047;COTAS;380374.723921000000000;34613727000166
202401;3099;1999005465;CAIXA;1133.580000000000000;
202401;3438;2021002047;COTAS;11960782.377075000000000;
202401;3527;1996002619;COTAS;225910444.286200000000000;
202401;4443;1998002292;COTAS;53725408.948473000000000;21624975000160
202401;3527;2020001365;COTAS;7004686.401440000000000;
202401;4443;1998002292;OPERACAO_PARTICIPANTE;1682334.050036428800000;
202401;3188;2010003292;COTAS;1904574.665410000000000;10220241000108
202401;3438;2021002438;OPERACAO_PARTICIPANTE;11156224.190000000000000;
202401;3188;2010003365;COTAS;3962295.710954000000000;
202401;3575;9970000000;VL_PG_RC;0.000000000000000;
202401;4443;2006007165;COTAS;7517747.799666000000000;
202401;3438;9970000000;VL_PG_RC;-1944774.150000000000000;
202401;3438;1989001238;CAIXA;2133244.200000000000000;
202401;3188;2010003365;COTAS;3909879.968851000000000;10220247000177
202401;3527;2020001756;COTAS;19124813.310921000000000;
202401;4443;2006007165;COTAS;50937592.988077000000000;21624975000160
202401;3126;1993001492;COTAS;1003389.367146000000000;
202401;3188;2010003438;TIT_PUB;151629950.000000000000000;
202401;3438;1999001011;VL_PG_RC;-136290.250000000000000;
202401;3188;2010005074;COTAS;401935.635019000000000;18270776000197
202401;3472;9970000000;VL_PG_RC;-0.190000000000000;
202401;4443;9970000000;VL_PG_RC;-24.400000000000000;
202401;3592;2006005911;COTAS;377663397.010864000000000;
202401;3126;1993002219;COTAS;3666383.716526000000000;
202401;4461;9970000000;COTAS;601368.940000000000000;
202401;3602;1979000638;ACOES;85409572.500000000000000;
202401;3126;1993002219;COTAS;6348668.056226000000000;
202401;3188;2010005074;COTAS;452808.013347000000000;27565843000191
202401;4488;9970000000;COTAS;451323.180000000000000;29045947000109
202401;3602;1979000638;COTAS;27055031.599289000000000;
202401;3527;2020001756;COTAS;16637466.380538000000000;
202401;4501;2007002183;CAIXA;54187.120000000000000;
202401;3486;1996002074;COTAS;23465778.649399000000000;
202401;3438;1999001656;VL_PG_RC;0.000000000000000;
202401;3602;1979000638;COTAS;63354238.856398000000000;
202401;3126;1993002219;COTAS;25779403.059989000000000;
202401;4515;9970000000;VL_PG_RC;0.000000000000000;
202401;3438;2000003011;COTAS;91949964.080000000000000;45046280000107
202401;4529;2008002365;COTAS;4881159.400213000000000;
202401;3486;1996002074;COTAS;26873844.845964000000000;
202401;3602;1979000638;COTAS;151547087.533787000000000;22014343000148
202401;3126;1993002219;COTAS;73086645.558092000000000;
202401;4529;2008002365;COTAS;5456677.467064000000000;
202401;3438;2000005111;CAIXA;173139.520000000000000;
202401;3486;1996002074;COTAS;35328726.044534000000000;
202401;3126;1994002956;COTAS;3859363.799650000000000;
202401;3438;2000005111;COTAS;61180.134923000000000;
202401;3602;1979000638;VL_PG_RC;2205314.220000000000000;
202401;3126;1994002956;COTAS;13710902.109724000000000;
202401;3527;2020001756;COTAS;21436382.392738000000000;
202401;3438;2002002029;COTAS;44627066.721594000000000;17695440000103
202401;3438;2002002118;COTAS;8674.019967000000000;
202401;3188;2010005211;COTAS;4557906.852177000000000;
202401;3527;1996002619;COTAS;119243035.898327000000000;
202401;3527;2020001756;COTAS;1978046.353533000000000;
202401;3438;2003001719;CAIXA;0.000000000000000;
202401;3438;2005002992;COTAS;45090276.341113000000000;
202401;3438;2006000438;COTAS;115070320.612017000000000;04587998000123
202401;3527;2020001365;COTAS;3174138.551064000000000;
202401;4131;2017000647;OPERACAO_PARTICIPANTE;86543322.210783118900000;
202401;3527;2020001756;COTAS;50685496.710456000000000;
202401;4529;2008002365;COTAS;1386949.941255000000000;
202401;3602;2009000511;COTAS;1123370.213181000000000;
202401;3527;2020001756;VL_PG_RC;-89046.710000000000000;
202401;3527;9970000000;COTAS;2082907.310324000000000;
202401;3602;2009000511;COTAS;3411815.751338000000000;
202401;4176;2004002883;CAIXA;2607243.190000000000000;
202401;3531;1996003038;COTAS;1970360.151343000000000;
202401;3438;2006002147;VL_PG_RC;0.000000000000000;
202401;3602;2009000511;COTAS;13190588.327479000000000;21321600000121
202401;4176;9970000000;CAIXA;24872.370000000000000;
202401;3531;1996003038;COTAS;85995150.697289000000000;05093013000176
202401;4529;2008002365;TIT_PRIV;35283394.210000000000000;
202401;4181;2004000147;OPERACAO_PARTICIPANTE;23841054.706532000000000;
202401;3527;9970000000;CAIXA;48151.650000000000000;
202401;3126;1995000711;COTAS;6203763.762181000000000;
202401;4203;2000001319;OPERACAO_PARTICIPANTE;210821.950000000000000;
202401;3188;2010005211;VL_PG_RC;-86484.440000000000000;
202401;3438;2006002783;VL_PG_RC;-32945.480000000000000;
202401;4203;2000002838;CAIXA;42124.360000000000000;
202401;3602;2011001692;COTAS;840113.500000000000000;
202401;3531;1996003038;VL_PG_RC;-232151.930000000000000;
202401;3126;1995000711;COTAS;4632006.307827000000000;
202401;3602;2011001692;COTAS;85835766.212011000000000;
202401;3531;1996003038;TIT_PUB;8312365.290000000000000;
202401;3438;2006003511;VL_PG_RC;-329553.880000000000000;
202401;3602;2011001692;COTAS;5976456.801172000000000;
202401;3575;1996004247;CAIXA;1510587.920000000000000;
202401;3188;2012000665;COTAS;287021.304831000000000;
202401;3126;1995000711;COTAS;807373.523295000000000;
202401;3602;2020002965;CAIXA;0.180000000000000;
202401;4532;2008004856;COTAS;5505514.352188000000000;
202401;3575;1996004247;COTAS;82827403.317809000000000;21219083000184
202401;3188;2012000665;COTAS;15566660.735011000000000;25244544000120
202401;3438;2006004492;CAIXA;12801.760000000000000;
202401;3602;2020002965;COTAS;36610.323180000000000;
202401;3558;1996003992;CAIXA;1474004.320000000000000;
202401;3438;2006004492;COTAS;86039.858517000000000;08661367000168
202401;3602;2020002965;COTAS;63932.837035000000000;
202401;3438;2007001111;COTAS;82999788.219998000000000;08674678000161
202401;3602;2020002965;COTAS;19477.820027000000000;49590183000131
202401;4532;2008004856;COTAS;3743878.540546000000000;
202401;4203;2000002838;COTAS;104387969.070642000000000;40189032000100
202401;3647;1997001829;COTAS;94296.065166000000000;
202401;3126;1995001147;COTAS;35501574.246050000000000;
202401;4532;2008004856;COTAS;6131629.075411000000000;
202401;3592;2006005911;VL_PG_RC;513316.020000000000000;
202401;3126;1995001147;COTAS;14466937.174099000000000;
202401;3558;1996003992;OPERACAO_PARTICIPANTE;6013062.380000000000000;
202401;4203;2000002838;VL_PG_RC;68009952.500000000000000;
202401;3438;2007003856;COTAS;341018.416732000000000;
202401;3126;1995001147;COTAS;2567493.839136000000000;
202401;3188;2012000665;COTAS;531132.724342000000000;36178602000180
202401;4546;2009000919;COTAS;7352781.795102000000000;
202401;3438;2008003256;COTAS;9568748.024621000000000;
202401;3575;1996004247;VL_PG_RC;0.000000000000000;
202401;4546;2009000919;COTAS;850473.614603000000000;
202401;4203;2000006574;COTAS;520165.537829000000000;
202401;3592;4018490038;VL_PG_RC;0.000000000000000;
202401;3602;1979000638;COTAS;6424370.906180000000000;
202401;3438;2009002083;COTAS;8938068.256691000000000;
202401;3126;1995001147;COTAS;4127421.492910000000000;
202401;3602;1979000638;COTAS;3417773.101595000000000;
202401;3438;2009003519;VL_PG_RC;-1318066.900000000000000;
202401;3438;2012000347;COTAS;27882079.645381000000000;
202401;3811;1998004783;COTAS;16122857.250213000000000;
202401;3126;1995001147;COTAS;2860655.583890000000000;
202401;3592;2006005911;CAIXA;27853.780000000000000;
202401;3811;1998004783;COTAS;14603420.305808000000000;
202401;4546;2009000919;COTAS;3558404.660622000000000;
202401;3811;1998004783;COTAS;1295136.779189000000000;
202401;4546;2009000919;VL_PG_RC;-169475.150000000000000;
202401;3602;1979000638;COTAS;241237.151757000000000;
202401;4203;2000006574;COTAS;2718861554.797306000000000;05362670000171
202401;3602;1979000638;COTAS;213900721.237015000000000;
202401;3602;1979000638;COTAS;18337002.776214000000000;
202401;4203;2000006574;OPERACAO_PARTICIPANTE;38083529.650520752200000;
202401;3438;2021002918;COTAS;962604.345387000000000;
202401;3602;1979000638;COTAS;43914710.447305000000000;50927335000128
202401;4203;9970000000;TIT_PRIV;81803273.470000000000000;
202401;3438;2021002918;COTAS;11078.624898000000000;
202401;3811;1998004783;VL_PG_RC;-144260.660000000000000;
202401;3602;2009000511;ACOES;8288434.350000000000000;
202401;3188;2012000665;VL_PG_RC;-46365.440000000000000;
202401;3472;1984001183;VL_PG_RC;-129631.420000000000000;
202401;3472;2023000718;COTAS;36452572.167880000000000;07420547000195
202401;3825;1988002192;COTAS;3207472.252045000000000;
202401;3602;2009000511;COTAS;2068960.459547000000000;
202401;3188;2013000456;COTAS;595660.987019000000000;
202401;3602;2009000511;COTAS;4001804.634273000000000;
202401;3602;2009000511;COTAS;5106959.669042000000000;
202401;4546;9970000000;TIT_PUB;258452.980000000000000;
202401;4217;1997000792;TIT_PUB;12036648.020000000000000;
202401;3188;2013000456;COTAS;60184.203093000000000;10220247000177
202401;3602;2009000511;COTAS;4243241.826459000000000;
202401;3126;1995002674;COTAS;1465685.980270000000000;
202401;3602;2009000511;COTAS;4165813.607898000000000;49590183000131
202401;4217;2010004183;CAIXA;3979.430000000000000;
202401;3825;1988002265;TIT_PUB;5194372.710000000000000;
202401;3602;2009000511;OPERACAO_PARTICIPANTE;5276251.980254280700000;
202401;3602;2011001692;ACOES;6331667.850000000000000;
202401;3188;2016000538;COTAS;31658212.098181000000000;25244544000120
202401;3602;2011001692;COTAS;7683868.168884000000000;
202401;4217;2010004183;COTAS;1719438.054109000000000;18683208000118
202401;3602;2011001692;COTAS;11338839.740030000000000;
202401;4217;2022002156;VL_PG_RC;-1014.550000000000000;
202401;3126;1996003283;VL_PG_RC;0.000000000000000;
202401;3602;2011001692;COTAS;17746085.303622000000000;21321600000121
202401;3188;2017000574;CAIXA;339.960000000000000;
202401;3472;2023000718;VL_PG_RC;0.010000000000000;
202401;3602;2020002965;COTAS;58153.681420000000000;
202401;4217;2022002474;COTAS;152506.529980000000000;18683208000118
202401;3486;1996002074;COTAS;157192066.549439000000000;
202401;3126;1997000938;COTAS;32836936.217615000000000;
202401;3188;2017000574;COTAS;509075.649061000000000;
202401;3602;9970000000;CAIXA;302574.800000000000000;
202401;3825;1989001092;COTAS;11413429.161468000000000;
202401;4221;2005000892;COTAS;3789943.990481000000000;
202401;4577;2008003892;COTAS;2343836.783349000000000;
202401;3126;1997000938;COTAS;30760979.558210000000000;
202401;3486;1996002074;COTAS;39939937.047814000000000;
202401;3126;1997000938;COTAS;19475622.030050000000000;
202401;3486;1996002074;VL_PG_RC;-27096.100000000000000;
202401;3126;1997001918;COTAS;1147896.861131000000000;
202401;3602;9970000000;COTAS;134896.333620000000000;
202401;3486;9970000000;VL_PG_RC;-3775.360000000000000;
202401;4577;2008003892;COTAS;1825935.807502000000000;
202401;3188;2017000574;COTAS;5028242.768357000000000;10220247000177
202401;3825;1989001874;COTAS;16890365.444050000000000;
202401;3126;1997001918;COTAS;1826850.160920000000000;
202401;3602;9970000000;COTAS;202912.736995000000000;
202401;3825;1989001874;COTAS;5721480.570041000000000;
202401;3126;1997001918;COTAS;12831098.630589000000000;
202401;4577;2008003892;COTAS;1312250.376151000000000;
202401;3647;1997001829;CAIXA;1191.750000000000000;
202401;3602;2011001692;COTAS;1120512.201150000000000;
202401;3188;2017000711;COTAS;981248.897106000000000;
202401;4221;2005000892;COTAS;248935.706145000000000;
202401;4577;2010001974;COTAS;252425.056518000000000;
202401;3825;1989001874;COTAS;29871681.852543000000000;
202401;3825;1989001874;TIT_PUB;107822375.480000000000000;
202401;4577;2010001974;COTAS;1451958.997224000000000;
202401;3126;2001000774;COTAS;1726863.626010000000000;
202401;3602;2011001692;COTAS;8014167.048240000000000;
202401;3602;2011001692;COTAS;12488915.400896000000000;
202401;3602;2011001692;COTAS;6033664.491436000000000;
202401;3188;2017000711;COTAS;6699791.311006000000000;10220247000177
202401;3602;2011001692;COTAS;7582001.750601000000000;
202401;3825;1993001638;CAIXA;2000.000000000000000;
202401;3647;1997001829;COTAS;322406.170584000000000;
202401;3825;1993001956;COTAS;1353848.455548000000000;
202401;3602;2011001692;OPERACAO_PARTICIPANTE;13012032.199891745900000;
202401;4577;2010001974;COTAS;1878063.288345000000000;
202401;3647;1997001829;COTAS;377142.542899000000000;
202401;3602;2011001692;TIT_PRIV;4959635.940000000000000;
202401;4221;2005000892;COTAS;2033763.674009000000000;
202401;3825;1993001956;COTAS;22746066.067439000000000;
202401;3647;1997001829;COTAS;225591.940000000000000;
202401;3527;1996002619;CAIXA;28166.320000000000000;
202401;3126;2001000774;COTAS;643722.702575000000000;
202401;3602;2011001692;TIT_PUB;136878911.000000000000000;
202401;4577;2010001974;COTAS;200322.064104000000000;
202401;3126;2001000774;COTAS;18024332.712498000000000;
202401;3602;2020002965;COTAS;19151.363442000000000;
202401;4577;2010001974;COTAS;628730.021171000000000;
202401;3188;2019000865;COTAS;15584632.062928000000000;29298975000120
202401;3825;1997000229;CAIXA;1000.000000000000000;
202401;3527;1996002619;COTAS;15328482.893373000000000;
202401;3126;2001000774;COTAS;1427785.614708000000000;
202401;3527;1996002619;COTAS;19513125.182916000000000;
202401;3678;1989000819;CAIXA;4474.290000000000000;
202401;4577;2010001974;COTAS;569471.328242000000000;
202401;3126;2001001983;VL_PG_RC;-39920.880000000000000;
202401;3188;2019000865;TIT_PUB;11557372.730000000000000;
202401;3678;1990001319;COTAS;282766777.900000000000000;21053494000142
202401;3126;2005005811;COTAS;6830802.903679000000000;
202401;4221;2005000892;COTAS;1652668.416850000000000;
202401;3825;1999005074;COTAS;29297517.222241000000000;
202401;3126;2005005811;COTAS;4017229.709128000000000;
202401;4221;2006004247;COTAS;3352040.847189000000000;
202401;3678;2020001918;COTAS;2707031.160688000000000;03322908000100
202401;3188;2021003019;COTAS;759870.297313000000000;10220241000108
202401;3527;2020001365;VL_PG_RC;-149526.590000000000000;
202401;3825;1999005074;COTAS;1850627.211459000000000;
202401;3188;2023000947;COTAS;888559.435588000000000;25244544000120
202401;3678;2020001918;VL_PG_RC;-23.680000000000000;
202401;3825;1999005074;COTAS;3253489.902902000000000;
202401;3531;1996003038;COTAS;53466797.831257000000000;05584616000170
202401;3811;1998004783;COTAS;268001728.489971000000000;
202401;4577;2010001974;VL_PG_RC;-42328.710000000000000;
202401;3126;2005005811;COTAS;73614.721120000000000;
202401;3825;1988002192;TIT_PUB;67923644.920000000000000;
202401;4577;9970000000;COTAS;273377.808710000000000;
202401;3126;2005005811;COTAS;43371.426244000000000;
202401;3825;1989001092;COTAS;825246.510727000000000;
202401;4581;1999000919;COTAS;213755370.959371000000000;20725957000102
202401;3602;2020002965;COTAS;10262.165365000000000;
202401;3126;2006001183;COTAS;22043492.725593000000000;
202401;3825;1989001874;COTAS;5876522.797596000000000;
202401;3825;1999005074;COTAS;664274.742229000000000;
202401;3531;1996003038;COTAS;70642552.894416000000000;41252666000114
202401;3825;1993001956;CAIXA;2000.000000000000000;
202401;4221;2012001629;COTAS;4379232.677284000000000;
202401;4581;9970000000;COTAS;693873.125964000000000;41837660000109
202401;4221;2012001629;COTAS;187097.960537000000000;
202401;3188;2023000947;VL_PG_RC;-14.520000000000000;
202401;3825;1999005074;COTAS;565214.039678000000000;
202401;3558;1996003992;VL_PG_RC;-5161.910000000000000;
202401;3825;1995001929;COTAS;10984153.152755000000000;
202401;4221;2012001874;COTAS;5245263.491088000000000;
202401;3188;9970000000;COTAS;702547.155394000000000;18270776000197
202401;3602;2020002965;COTAS;27172.635874000000000;
202401;4221;2012001874;COTAS;15630321.187940000000000;
202401;3825;2005003011;COTAS;122036344.207404000000000;
202401;3602;2020002965;COTAS;62959.798850000000000;50927335000128
202401;3825;2005003011;COTAS;27516860.087510000000000;
202401;3251;1995001465;COTAS;629846.881454000000000;
202401;3602;9970000000;COTAS;92726.726906000000000;
202401;3825;2007003619;COTAS;8512728.227545000000000;
202401;3825;1997000229;COTAS;3089550.134704000000000;
202401;3558;9970000000;COTAS;2272836.915717000000000;
202401;3825;2012002056;COTAS;31823166.654343000000000;
202401;4604;2010002083;COTAS;7146569.948091000000000;
202401;3825;1997000229;VL_PG_RC;0.000000000000000;
202401;3251;1995001465;COTAS;16828635.243254000000000;
202401;3602;9970000000;COTAS;926783.888714000000000;21321600000121
202401;3825;2012002056;VL_PG_RC;0.000000000000000;
202401;4221;2012001874;COTAS;656198.595782000000000;
202401;3825;1997003783;COTAS;69843954.707948000000000;
202401;3251;1995001465;COTAS;19246049.210905000000000;
202401;3602;9970000000;VL_PG_RC;0.000000000000000;
202401;4221;2015001883;COTAS;242555.095576000000000;
202401;3592;2006005911;COTAS;2650896.793964000000000;
202401;4604;2010002083;COTAS;10735615.295802000000000;
202401;3251;1995001465;COTAS;2934344.720315000000000;
202401;3647;1997001829;COTAS;1837006.531632000000000;
202401;4221;2015001883;COTAS;97576.861161000000000;
202401;3126;2006001183;COTAS;817317.601649000000000;
202401;3251;1995001465;COTAS;3947918.184363000000000;
202401;3126;2006001183;COTAS;6613991.080427000000000;
202401;3602;1979000638;COTAS;2033366.191194000000000;
202401;3825;1998001083;COTAS;92022760.276690000000000;
202401;3647;1997001829;COTAS;133880.456135000000000;
202401;3602;1979000638;COTAS;8067149.750000000000000;
202401;3825;1998001083;COTAS;3440962.398001000000000;
202401;3825;2015000119;VL_PG_RC;0.000000000000000;
202401;3647;1997001829;VL_PG_RC;0.000000000000000;
202401;3678;2008001474;COTAS;93148486.463847000000000;03322908000100
202401;3251;1995001465;OPERACAO_PARTICIPANTE;21552247.890000000000000;
202401;3126;2006001183;COTAS;40695203.642419000000000;
202401;3811;9970000000;CAIXA;5778.230000000000000;
202401;3825;2017000418;CAIXA;4000.000000000000000;
202401;3251;9970000000;CAIXA;231479.280000000000000;
202401;4221;2015001883;COTAS;331271.785654000000000;
202401;4221;2015001883;COTAS;209980.268498000000000;
202401;4604;2010002083;TIT_PUB;23914730.820000000000000;
202401;4221;2015001883;OPERACAO_PARTICIPANTE;73917.332385000000000;
202401;4604;9970000000;CAIXA;2508.060000000000000;
202401;4221;2015001883;TIT_PUB;28170.300000000000000;
202401;3825;1988003318;CAIXA;1000.000000000000000;
202401;3602;1979000638;COTAS;11684878.148718000000000;
202401;4234;2004002956;CAIXA;376148.740000000000000;
202401;3304;1995002811;COTAS;2041295.038900000000000;
202401;3126;2006003747;COTAS;510940.818713000000000;
202401;3825;2017000418;COTAS;33754879.173627000000000;
202401;4248;2009000838;COTAS;7532679.324633000000000;32240211000198
202401;3304;1995002811;COTAS;627045.318698000000000;
202401;3126;2006003747;COTAS;62777.891353000000000;
202401;3825;9970000000;COTAS;2782766.021157000000000;
202401;3304;1995002811;COTAS;495191.958706000000000;
202401;3825;1993001956;VL_PG_RC;0.000000000000000;
202401;3839;9970000000;COTAS;2639835.120727000000000;
202401;3304;1995002811;COTAS;4191419.429401000000000;
202401;3602;1979000638;COTAS;55709076.059158000000000;
202401;3825;1998001156;COTAS;508412.289642000000000;
202401;3602;1979000638;COTAS;86173420.665614000000000;03833841000178
202401;3861;1993001719;VL_PG_RC;-687.120000000000000;
202401;3126;2006003811;COTAS;47298.972634000000000;
202401;3825;1998001156;VL_PG_RC;0.000000000000000;
202401;4621;2010002318;COTAS;1763617.110015000000000;37821719000101
202401;3825;1994000783;CAIXA;2000.000000000000000;
202401;3825;1999005074;CAIXA;3011.760000000000000;
202401;3825;1995001929;CAIXA;2000.000000000000000;
202401;4621;2011001765;OPERACAO_PARTICIPANTE;557064.460000000000000;
202401;3825;1995001929;TIT_PUB;26473124.050000000000000;
202401;3602;1979000638;COTAS;50241980.764398000000000;21613084000109
202401;3825;1999005074;COTAS;96.590000000000000;
202401;4621;2022002083;VL_PG_RC;-26.860000000000000;
202401;3126;2006003811;COTAS;22710.421511000000000;
202401;3825;1999005074;COTAS;1561703.624771000000000;
202401;3825;1996001574;TIT_PUB;8126427.300000000000000;
202401;4248;2011001919;COTAS;39544464.786535000000000;
202401;3825;1997000229;COTAS;106941081.565914000000000;
202401;3602;1979000638;IMOVEIS;320944000.000000000000000;
202401;3825;1998004619;CAIXA;1000.000000000000000;
202401;3887;1999004965;CAIXA;0.060000000000000;
202401;3126;2006003992;COTAS;6696078.513815000000000;
202401;4621;2022002318;VL_PG_RC;0.000000000000000;
202401;3887;1999004965;COTAS;21678909.570947000000000;
202401;3825;1999005074;COTAS;24448.837011000000000;
202401;3126;2006003992;TIT_PUB;111509071.550000000000000;
202401;4635;2011000947;COTAS;80768149.585886000000000;
202401;3602;2009000511;CAIXA;2535.450000000000000;
202401;4248;2011001919;COTAS;704703757.868356000000000;18936232000111
202401;3825;1999005074;COTAS;2084101.109609000000000;
202401;4635;2011000947;COTAS;971278.767767000000000;
202401;3825;1999005074;COTAS;550794.935386000000000;
202401;3126;2006004011;COTAS;1422781.662608000000000;
202401;3602;2009000511;COTAS;2241024.492345000000000;
202401;3887;1999004965;COTAS;2039414.434143000000000;
202401;3825;1999005074;COTAS;688032.548430000000000;
202401;3825;2001001118;COTAS;1619831.636653000000000;
202401;3825;2001001118;COTAS;13769740.711950000000000;
202401;3825;2007003619;VL_PG_RC;0.000000000000000;
202401;3126;2006004011;COTAS;9003891.063486000000000;
202401;4248;2011001919;COTAS;737796367.879086000000000;20726061000148
202401;3825;2004000211;VL_PG_RC;0.000000000000000;
202401;3126;2006004011;TIT_PUB;22667711.740000000000000;
202401;3825;2009002318;VL_PG_RC;0.000000000000000;
202401;3825;2005004774;VL_PG_RC;0.000000000000000;
202401;3825;2009003829;COTAS;302355.016792000000000;
202401;3887;9970000000;COTAS;795031.941616000000000;
202401;3887;9970000000;TIT_PUB;5985564.480000000000000;
202401;3825;2007003619;COTAS;20152558.661388000000000;
202401;4248;2011001919;COTAS;740586497.538065000000000;20726130000113
202401;3825;2010005856;VL_PG_RC;0.000000000000000;
202401;3602;2009000511;COTAS;735321.350000000000000;
202401;3825;2012002056;COTAS;66946771.217391000000000;
202401;3825;2007003619;TIT_PUB;16348668.350000000000000;
202401;3928;1999001265;COTAS;248014841.801315000000000;
202401;3825;2009003829;VL_PG_RC;0.000000000000000;
202401;3602;2009000511;COTAS;23579230.142216000000000;
202401;3825;2015000119;CAIXA;2000.000000000000000;
202401;3825;2010005856;COTAS;27613143.516495000000000;
202401;3602;2009000511;COTAS;4543563.532641000000000;
202401;3825;2012000592;COTAS;42068974.505250000000000;
202401;4248;2011001919;COTAS;48507721.205586000000000;32240211000198
202401;3825;2012000592;COTAS;11916821.433969000000000;
202401;4248;2020001683;COTAS;1305792.521494000000000;03497804000136
202401;3825;2012002056;COTAS;9883891.897713000000000;
202401;4635;2011000947;COTAS;2477574.341242000000000;
202401;3602;2009000511;COTAS;5288368.439571000000000;
202401;3825;2017000418;COTAS;12376833.619043000000000;31032406000180
202401;4248;2020001683;COTAS;1152889.042452000000000;19602288000100
202401;3825;2017000418;VL_PG_RC;0.000000000000000;
202401;3928;1999001265;COTAS;10919059.343831000000000;
202401;4248;2020001683;COTAS;5678704.431894000000000;20726076000106
202401;3825;2020003211;CAIXA;4000.000000000000000;
202401;4635;2011000947;COTAS;1004770.003708000000000;
202401;3602;2011001692;COTAS;11452360.250000000000000;
202401;3126;2006004711;COTAS;1819120.647989000000000;
202401;3825;2020003211;COTAS;31170764.510392000000000;
202401;3602;2011001692;COTAS;15348991.634720000000000;
202401;4248;2020001683;COTAS;1629969.650075000000000;26978182000163
202401;3602;2011001692;COTAS;5641606.215297000000000;
202401;4248;2020001683;COTAS;1600582.592862000000000;28206291000198
202401;3825;2020003211;COTAS;47936031.753894000000000;
202401;4248;2020001683;COTAS;1756969.773174000000000;36617679000100
202401;3602;2020002965;COTAS;57185.541733000000000;
202401;4279;2004002711;COTAS;5329.782968000000000;53507965000131
202401;3825;2012002056;COTAS;313489.018037000000000;
202401;3928;1999001265;COTAS;19488218.128730000000000;
202401;3825;2016000147;COTAS;6992303.136181000000000;
202401;4279;2004002711;TIT_PRIV;103479282.820000000000000;
202401;3825;2016000147;COTAS;93210052.869765000000000;
202401;4279;2018000111;COTAS;703311.942880000000000;
202401;3825;2016000147;COTAS;37429776.950923000000000;
202401;4279;2018000111;COTAS;184615.905967000000000;29762376000115
202401;3825;2016000147;VL_PG_RC;0.000000000000000;
202401;4635;2021002756;COTAS;32351.467813000000000;
202401;3839;1998004929;COTAS;15580380.896901000000000;
202401;3126;2007002019;COTAS;1569108.841209000000000;
202401;3839;1998004929;COTAS;839303.821737000000000;
202401;3839;1998004929;COTAS;4055827.756693000000000;
202401;4635;2021002756;COTAS;259319.322278000000000;
202401;3839;1998004929;COTAS;26111230.461266000000000;
202401;3839;1998004929;COTAS;1123239.148076000000000;
202401;3839;2009001583;COTAS;60725.489888000000000;
202401;4282;2004003065;CAIXA;331493.440000000000000;
202401;3861;1993001719;CAIXA;25522.410000000000000;
202401;3602;9970000000;COTAS;262402.150000000000000;
202401;3839;2009001583;CAIXA;2181.450000000000000;
202401;3861;1993001719;COTAS;220295495.279997000000000;05615541000148
202401;3126;2007002019;COTAS;505552.129291000000000;
202401;3839;2009001583;COTAS;10963.419179000000000;
202401;3928;1999001265;VL_PG_RC;-42824.780000000000000;
202401;3887;1999004965;COTAS;2241024.500979000000000;
202401;3887;1999004965;COTAS;744636.566100000000000;
202401;3647;1997001829;COTAS;4687923.358795000000000;
202401;3945;1999002318;COTAS;1327598.658241000000000;
202401;4282;2004003065;COTAS;1294833.484946000000000;
202401;3945;1999002318;COTAS;43391670.364454000000000;
202401;3126;2008000192;COTAS;6499255.369189000000000;
202401;4635;2021002756;COTAS;699134.999476000000000;
202401;3126;2008000192;COTAS;2459578.869944000000000;
202401;3887;1999004965;COTAS;6371051.500000000000000;
202401;3678;1990001319;VL_PG_RC;-4292.700000000000000;
202401;3945;1999002318;COTAS;2559404.243440000000000;
202401;4282;2004003065;COTAS;6135420.329234000000000;
202401;3887;1999004965;COTAS;744289.876813000000000;
202401;3945;1999002318;COTAS;20436124.344046000000000;
202401;3945;1999002318;COTAS;20795489.922651000000000;
202401;4635;2021002756;COTAS;1224600.687567000000000;
202401;3678;2008001474;VL_PG_RC;-1643.270000000000000;
202401;3887;1999004965;COTAS;533018.680049000000000;
202401;4282;2004003065;COTAS;2063100.788211000000000;
202401;4635;2021002756;COTAS;1904952.877641000000000;
202401;3887;1999004965;COTAS;10169355.520339000000000;
202401;3304;1995002811;COTAS;6867.895318000000000;
202401;3126;2008000192;OPERACAO_PARTICIPANTE;839.380084353600000;
202401;3887;1999004965;COTAS;953173.236436000000000;
202401;3678;2020001918;CAIXA;2122.910000000000000;
202401;3887;1999004965;COTAS;9756397.194930000000000;
202401;3887;1999004965;COTAS;536437.484744000000000;
202401;3887;1999004965;COTAS;2305911.563945000000000;
202401;3945;1999002318;COTAS;608256.373441000000000;
202401;3887;1999004965;COTAS;83355.489090000000000;
202401;3126;2008001229;COTAS;44420360.493834000000000;
202401;3887;1999004965;COTAS;1583157.734963000000000;
202401;4649;2010003756;VL_PG_RC;-74178.120000000000000;
202401;3887;1999004965;COTAS;2587189.370456000000000;
202401;4282;2004003065;COTAS;1280013.294942000000000;
202401;3887;1999004965;COTAS;3481593.667822000000000;
202401;3304;2011001838;COTAS;1356303.559720000000000;
202401;3887;1999004965;COTAS;6784767.576744000000000;
202401;4652;2010004574;CAIXA;13224.600000000000000;
202401;3928;1999001265;COTAS;10741347.188470000000000;
202401;3887;1999004965;COTAS;4165665.500000000000000;
202401;3945;9970000000;CAIXA;23959.620000000000000;
202401;3126;2008001229;COTAS;117837116.269686000000000;
202401;4282;2004003065;COTAS;1722096.865900000000000;
202401;3928;9970000000;VL_PG_RC;-682.940000000000000;
202401;4282;9970000000;VL_PG_RC;-2000.020000000000000;
202401;4011;2000002056;CAIXA;2570.420000000000000;
202401;3945;1999002318;COTAS;24164411.642482000000000;
202401;3887;1999004965;VL_PG_RC;4555065.260000000000000;
202401;3678;9970000000;CAIXA;5221.700000000000000;
202401;3945;1999002318;COTAS;4803753.290906000000000;
202401;3126;2010000129;CAIXA;6066.560000000000000;
202401;4296;2005002111;VL_PG_RC;0.000000000000000;
202401;4011;2014001456;VL_PG_RC;156.940000000000000;
202401;4652;9970000000;VL_PG_RC;0.000000000000000;
202401;3811;1998004783;COTAS;329934833.800021000000000;31943998000191
202401;3945;1999002318;COTAS;41087392.904877000000000;
202401;4666;2011000629;COTAS;15272974.802518000000000;
202401;3825;1988002192;CAIXA;169051.330000000000000;
202401;3304;2011001838;COTAS;63432.988654000000000;
202401;4666;2011000629;COTAS;8770588.873591000000000;
202401;4039;2000004229;COTAS;15414689.560198000000000;
202401;3945;1999002318;COTAS;61668233.077539000000000;
202401;3126;2010000129;VL_PG_RC;32782.400000000000000;
202401;3126;2010002792;CAIXA;13699.250000000000000;
202401;4311;9970000000;CAIXA;34307.810000000000000;
202401;4042;2000004792;COTAS;18664902.849998000000000;
202401;3945;1999002318;COTAS;11765171.433923000000000;
202401;4666;2011000629;COTAS;8952751.110410000000000;
202401;4039;9970000000;CAIXA;321491.280000000000000;
202401;3321;1995002992;COTAS;6218761.278985000000000;
202401;4368;2005004211;COTAS;255667951.110315000000000;11392037000129
202401;3825;1988002265;COTAS;53350418.817059000000000;
202401;4666;2011000947;CAIXA;36545.430000000000000;
202401;4042;2000004792;COTAS;539523.171447000000000;
202401;3945;1999002318;COTAS;162057659.274949000000000;
202401;3825;1988002265;OPERACAO_PARTICIPANTE;73969.460000000000000;
202401;4042;2000004792;COTAS;18487659.853654000000000;
202401;3126;2010002792;COTAS;1843141.816198000000000;
202401;3321;1995002992;COTAS;124.625104000000000;
202401;3945;1999002318;TIT_PUB;78185628.880000000000000;
202401;3126;2012001483;COTAS;13119236.062548000000000;
202401;4042;2000004792;COTAS;3341945.210318000000000;
202401;3945;9970000000;VL_PG_RC;-2252.540000000000000;
202401;4666;2011000947;COTAS;1386898.173690000000000;
202401;4087;2007000156;COTAS;399044705.434908000000000;10638696000130
202401;4368;2005004211;COTAS;358500511.868451000000000;47541133000139
202401;4011;2000002056;VL_PG_RC;-96.970000000000000;
202401;4666;2011000947;COTAS;4178.319326000000000;
202401;3126;2012001483;COTAS;2259197.926359000000000;
202401;4101;2002001847;COTAS;368036738.059396000000000;05615522000111
202401;3321;1995002992;COTAS;16465986.245422000000000;
202401;4666;2021002756;COTAS;1830307.196673000000000;
202401;3825;1989001092;VL_PG_RC;0.000000000000000;
202401;4042;2000004792;COTAS;38033324.039617000000000;
202401;4101;2002001847;COTAS;40342234.464590000000000;31570069000184
202401;3126;2012001483;COTAS;1433695.765211000000000;
202401;4011;2000002129;TIT_PUB;16465914.850000000000000;
202401;4101;9970000000;VL_PG_RC;-2199.730000000000000;
202401;3126;2013000529;COTAS;366291.881043000000000;
202401;4666;2021002756;COTAS;4242180.746448000000000;
202401;3126;2013000529;COTAS;175432.631801000000000;
202401;4683;1990001165;COTAS;412762165.715951000000000;
202401;4114;2002004129;CAIXA;241951.550000000000000;
202401;3126;2018000756;COTAS;829292.873331000000000;
202401;3825;1989001874;COTAS;225594785.140607000000000;
202401;4042;2000004792;COTAS;16627122.710000000000000;
202401;4683;1990001165;COTAS;427878526.578459000000000;
202401;4011;2014001456;TIT_PRIV;2090981.030000000000000;
202401;3825;1994000783;TIT_PUB;22584179.250000000000000;
202401;4114;2002004129;COTAS;323194247.509997000000000;05093031000158
202401;4683;1990001165;COTAS;76899753.090760000000000;
202401;3126;2021001156;COTAS;450463.768051000000000;
202401;3825;1996001574;OPERACAO_PARTICIPANTE;709860.680000000000000;
202401;4042;2000004792;COTAS;773214.152377000000000;
202401;4683;2004002311;VL_PG_RC;-22267.790000000000000;
202401;4039;2000004229;COTAS;98173025.119021000000000;
202401;3825;1997000229;COTAS;25801138.880475000000000;
202401;4042;2000004792;COTAS;15672616.500000000000000;51050566000169
202401;4128;9970000000;COTAS;186675.766610000000000;08931953000185
202401;3126;2021001229;COTAS;349576.734868000000000;
202401;3321;1995002992;COTAS;469184.317704000000000;
202401;4385;9970000000;COTAS;3211418.230005000000000;
202401;3126;2021001318;COTAS;1187936.083486000000000;
202401;3825;1997002574;VL_PG_RC;0.000000000000000;
202401;4385;9970000000;VL_PG_RC;0.000000000000000;
202401;4131;1981000811;COTAS;24278143.606260000000000;
202401;3349;1995003638;CAIXA;9833.270000000000000;
202401;4042;2000004792;VL_PG_RC;-31693.260000000000000;
202401;4409;2006000829;COTAS;7601316.390001000000000;
202401;3349;1995003638;COTAS;2500.000000000000000;
202401;4042;2000004792;COTAS;8595376.210300000000000;
202401;4409;2006000829;COTAS;67140532.530001000000000;19729240000150
202401;3349;1995003638;COTAS;449990.648707000000000;
202401;4683;2005000647;COTAS;269976.872475000000000;
202401;4042;2000004792;COTAS;17175941.405661000000000;
202401;3825;1998001083;COTAS;573721.441492000000000;
202401;4131;1986000419;CAIXA;130434.260000000000000;
202401;4087;2007000156;VL_PG_RC;-27972.630000000000000;
202401;3126;2023000874;COTAS;1771084.902092000000000;
202401;4042;9970000000;COTAS;1372479.419996000000000;
202401;4409;9970000000;COTAS;1166595.390007000000000;
202401;4131;1987000374;TIT_PRIV;1567975.760000000000000;
202401;4412;2006001329;COTAS;3151724.469523000000000;
202401;4091;1974000338;COTAS;3396230.369848000000000;
202401;4412;2006001329;COTAS;33812032.090392000000000;
202401;4087;2007000156;CAIXA;18075.320000000000000;
202401;3349;1995003638;COTAS;6393292.100000000000000;
202401;4683;2005000647;VL_PG_RC;-69841.990000000000000;
202401;3349;1995003638;COTAS;5616626.597206000000000;
202401;3126;9970000000;COTAS;7567821.764153000000000;
202401;3349;1995003638;COTAS;15080973.700960000000000;
202401;4683;2008000818;COTAS;38504454.877206000000000;29055966000108
202401;3825;1999005074;COTAS;2756970.385204000000000;
202401;4412;2006001329;COTAS;2698897.900000000000000;
202401;4091;2004002492;COTAS;6095117.300000000000000;
202401;4412;9970000000;VL_PG_RC;-1030594.200000000000000;
202401;3161;1994004118;COTAS;16270968.800000000000000;
202401;4683;2019000792;COTAS;3194627.513747000000000;
202401;3349;1995003638;COTAS;5879606.716000000000000;
202401;3161;1994004118;COTAS;1272166.356102000000000;
202401;4091;2004002492;COTAS;17339.764186000000000;
202401;3349;1995003638;VL_PG_RC;-2197143.000000000000000;
202401;3161;1994004118;OPERACAO_PARTICIPANTE;3383526.150000000000000;
202401;4131;1987000374;TIT_PUB;48117925.630000000000000;
202401;4091;2004002492;COTAS;8341940.319969000000000;
202401;4683;2019000792;COTAS;5074342.907522000000000;
202401;4426;2006003111;TIT_PUB;67919522.870000000000000;
202401;4683;2019000792;COTAS;413714.251804000000000;27696713000198
202401;3366;9970000000;VL_PG_RC;0.000000000000000;
202401;4426;2007002329;ACOES;11486313.240000000000000;
202401;4091;2004002492;COTAS;641397702.200585000000000;31569976000103
202401;4426;2007002329;CAIXA;289501.350000000000000;
202401;3161;2005005111;COTAS;1349336.395489000000000;
202401;4426;9970000000;COTAS;3135479.519994000000000;
202401;3825;1999005074;COTAS;1632394.703381000000000;
202401;4101;2002001847;COTAS;14029883.398283000000000;
202401;4683;2019000792;VL_PG_RC;-22949.690000000000000;
202401;3407;1995003247;COTAS;333813422.892175000000000;
202401;4101;2002001847;COTAS;25797272.110405000000000;
202401;3161;2005005111;COTAS;14226653.716566000000000;
202401;4101;9970000000;COTAS;3087530.361425000000000;05615511000131
202401;4443;1982002018;COTAS;446501573.896343000000000;12580631000106
202401;3825;1999005074;COTAS;13330004.573729000000000;
202401;3161;2005005111;COTAS;1104474.780400000000000;
202401;3407;1995003247;COTAS;10422606.147999000000000;
202401;3161;2005005111;OPERACAO_PARTICIPANTE;2291016.800000000000000;
202401;4101;9970000000;CAIXA;44944.310000000000000;
202401;4131;1981000811;COTAS;23517681.393964000000000;42495052000126
202401;4131;1989001165;VL_PG_RC;-18880.100000000000000;
202401;4131;1986000419;COTAS;825407.154295000000000;
202401;4131;1993001018;COTAS;747477.218894000000000;
202401;4131;1987000374;VL_PG_RC;-76594.420000000000000;
202401;4114;9970000000;VL_PG_RC;0.000000000000000;
202401;3825;1999005074;COTAS;45072.008879000000000;
202401;4128;1995003565;CAIXA;113827.490000000000000;
202401;4131;1989001165;TIT_PUB;55590673.400000000000000;
202401;4707;2013000138;COTAS;1708988.118945000000000;
202401;4131;1993001018;TIT_PUB;3085842.890000000000000;
202401;3174;1994004029;COTAS;32655870.594696000000000;
202401;4707;2013000138;COTAS;15131542.056797000000000;
202401;4131;1998006311;COTAS;5551980.020978000000000;
202401;3174;1994004029;COTAS;286027914.800001000000000;20142612000126
202401;3825;1999005074;COTAS;7342.135263000000000;
202401;4707;2013000138;COTAS;15133227.631481000000000;
202401;3407;9970000000;CAIXA;2.960000000000000;
202401;4131;2002000247;COTAS;336241.463465000000000;
202401;4131;1981000811;CAIXA;707969.420000000000000;
202401;4131;1993001018;COTAS;128760.735592000000000;
202401;3174;1994004029;COTAS;3324042716.229998000000000;37405187000113
202401;4131;2008004465;CAIXA;7917.240000000000000;
202401;4443;1982002018;OPERACAO_PARTICIPANTE;4342127.649873082600000;
202401;3407;9970000000;COTAS;4079.822718000000000;
202401;4131;2008004465;COTAS;324006.303966000000000;42495052000126
202401;4131;1987000374;CAIXA;839048.180000000000000;
202401;3407;9970000000;COTAS;2208.263649000000000;
202401;4131;2008004538;COTAS;2558439.583055000000000;39665916000104
202401;4131;1989001165;COTAS;344551.683544000000000;
202401;4443;1998002292;COTAS;740616.609592000000000;
202401;4131;1998006311;COTAS;270805.221626000000000;
202401;4707;2013000219;COTAS;7038851.550000000000000;
202401;4131;1998006311;COTAS;779530.909734000000000;39665916000104
202401;4131;1998006311;VL_PG_RC;5382.060000000000000;
202401;3825;1999005074;COTAS;12345.939887000000000;
202401;3174;1994004029;COTAS;50093233.200000000000000;37405212000169
202401;4131;1998006311;TIT_PRIV;282169.260000000000000;
202401;4131;1998006719;CAIXA;204851.080000000000000;
202401;4443;1998002292;COTAS;1993992.864018000000000;42102172000116
202401;3407;9970000000;COTAS;714.420631000000000;
202401;4443;1998002292;TIT_PRIV;116529.110000000000000;
202401;3188;1989000983;COTAS;1259295.077230000000000;
202401;4707;2013000219;COTAS;31880848.528543000000000;
202401;4131;2002000247;CAIXA;161765.090000000000000;
202401;4131;2008004538;VL_PG_RC;-20054.320000000000000;
202401;4461;9970000000;CAIXA;145110.250000000000000;
202401;4131;2002000247;VL_PG_RC;-12591.120000000000000;
202401;4131;2017000647;COTAS;41968651.571705000000000;
202401;4461;9970000000;COTAS;356887.420000000000000;
202401;3411;2014001065;VL_PG_RC;-1041.330000000000000;
202401;4461;9970000000;VL_PG_RC;6982.730000000000000;
202401;3411;9970000000;COTAS;972515.790671000000000;
202401;4131;2006006665;COTAS;4752630.394639000000000;
202401;4474;2006005774;COTAS;36809412.010000000000000;25316471000134
202401;3438;1988000556;CAIXA;0.000000000000000;
202401;4131;2006006665;TIT_PRIV;200795.850000000000000;
202401;4131;2008004211;COTAS;2486255.543612000000000;
202401;4501;2007002183;VL_PG_RC;0.000000000000000;
202401;3438;1989001238;VL_PG_RC;-3269.780000000000000;
202401;4501;9970000000;CAIXA;10649.340000000000000;
202401;3825;2001001118;VL_PG_RC;0.000000000000000;
202401;3438;1999001729;COTAS;127691241.520000000000000;13500098000198
202401;4131;2008004392;COTAS;374616.020204000000000;
202401;3825;2004000211;CAIXA;1000.000000000000000;
202401;4707;2013000219;COTAS;9515989.075044000000000;
202401;3438;2000000118;VL_PG_RC;-19915.910000000000000;
202401;4131;2006006665;VL_PG_RC;-8945.190000000000000;
202401;3438;2000001238;VL_PG_RC;431978.800000000000000;
202401;4515;9970000000;CAIXA;399020.920000000000000;
202401;4529;2008002365;COTAS;1193.134999000000000;
202401;4529;2008002365;COTAS;5096118.744986000000000;
202401;3188;1989000983;COTAS;15404656.212998000000000;10214125000178
202401;3825;2005004774;CAIXA;1000.000000000000000;
202401;3825;2005004774;COTAS;478597298.804357000000000;
202401;3438;2002000956;CAIXA;1364277.410000000000000;
202401;3825;2007003619;COTAS;1638200.534659000000000;
202401;4529;2008002365;COTAS;8364684.277079000000000;
202401;4707;2013000219;COTAS;57479804.567886000000000;
202401;4131;2008004538;COTAS;1910872.922550000000000;42495052000126
202401;4529;2008002365;COTAS;11708211.106493000000000;
202401;4707;2013002092;COTAS;7168419.500000000000000;
202401;4131;4003310047;VL_PG_RC;3501.920000000000000;
202401;3188;1989000983;COTAS;36453326.300582000000000;25244544000120
202401;4176;2004002883;COTAS;297565061.496448000000000;17759357000150
202401;4707;2013002092;COTAS;126519245.468191000000000;
202401;3825;2007003619;COTAS;19973301.140031000000000;
202401;4707;2013002092;COTAS;16921558.188376000000000;
202401;3825;2017000418;COTAS;16908521.559587000000000;
202401;4131;2008004211;CAIXA;188067.210000000000000;
202401;4529;2008002365;COTAS;7405676.681507000000000;
202401;3825;2020003211;COTAS;10387193.524396000000000;31032406000180
202401;4131;2008004392;COTAS;43174.676802000000000;
202401;3825;2021001611;CAIXA;83978.560000000000000;
202401;3438;2002002029;COTAS;715513.870355000000000;
202401;3825;9970000000;CAIXA;0.000000000000000;
202401;3188;1994002565;COTAS;33755989.688065000000000;29298975000120
202401;3438;2002002118;COTAS;934256.579433000000000;
202401;4529;2008002365;COTAS;7623161.074443000000000;
202401;3839;1998004929;COTAS;57262111.245647000000000;
202401;3188;1994002565;OPERACAO_PARTICIPANTE;598772.209983802900000;
202401;4131;2017000647;TIT_PUB;648073188.620000000000000;
202401;3861;1993001719;COTAS;26855807.260433000000000;
202401;4707;2013002092;COTAS;19656909.236759000000000;
202401;4176;2004002883;COTAS;247959152.048751000000000;13401162000183
202401;3887;1999004965;COTAS;5548700.783675000000000;
202401;4707;2018001329;CAIXA;430063.060000000000000;
202401;4176;2004002883;COTAS;177163696.390330000000000;31934038000165
202401;4176;2004002883;OPERACAO_PARTICIPANTE;101301351.548706000000000;
202401;3188;1994002565;TIT_PUB;169412430.140000000000000;
202401;4707;2018001329;COTAS;512741.545540000000000;
202401;4176;2004002883;COTAS;134811341.146530000000000;18000027000140
202401;4707;2018001329;COTAS;315659.994845000000000;
202401;4176;2018002392;COTAS;9660882.379077000000000;13401162000183
202401;4707;2018001329;COTAS;132680.135196000000000;
202401;4131;2008004392;COTAS;17326.301166000000000;39665916000104
202401;4176;2018002392;COTAS;6376769.916937000000000;17759357000150
202401;3887;1999004965;COTAS;305176.445456000000000;
202401;4176;9970000000;COTAS;565981.179098000000000;13401162000183
202401;4532;2008004856;CAIXA;162509.020000000000000;
202401;4176;2018002392;COTAS;5890565.216731000000000;18000027000140
202401;3887;1999004965;COTAS;6067978.808718000000000;
202401;4131;2008004538;COTAS;302833.258714000000000;
202401;3188;1996001647;OPERACAO_PARTICIPANTE;3342171.330154336000000;
202401;3887;9970000000;VL_PG_RC;-301.200000000000000;
202401;3188;1997001047;VL_PG_RC;-169061.910000000000000;
202401;4707;2018001892;COTAS;152680.955470000000000;
202401;4176;2023000319;COTAS;5877783.333822000000000;17759357000150
202401;4176;9970000000;COTAS;669031.770060000000000;14096253000115
202401;4131;2008004538;COTAS;2441234.636615000000000;
202401;3438;2002002118;OPERACAO_PARTICIPANTE;60774.710000000000000;
202401;3928;1999001265;COTAS;601439.912999000000000;
202401;4131;2017000647;IMOVEIS;21402156.990000000000000;
202401;3188;1998004856;COTAS;1501573.551651000000000;27565843000191
202401;3438;2005006556;COTAS;1726928.076444000000000;
202401;3928;1999001265;COTAS;141636.124343000000000;
202401;4176;9970000000;VL_PG_RC;0.000000000000000;
202401;4707;2019003856;COTAS;103264.687890000000000;
202401;4131;4003310047;CAIXA;369.320000000000000;
202401;4181;2004000147;COTAS;3634272.355209000000000;
202401;3188;1998005674;CAIXA;1.610000000000000;
202401;3928;9970000000;COTAS;4091246.067496000000000;
202401;4532;2008004856;COTAS;4430886.838846000000000;
202401;4131;9970000000;COTAS;8784036.216143000000000;
202401;3945;1999002318;CAIXA;26617.950000000000000;
202401;4532;2008004856;VL_PG_RC;-0.890000000000000;
202401;3945;1999002318;COTAS;50105619.856396000000000;
202401;4546;2009000919;COTAS;242528.892409000000000;
202401;4707;2019003856;COTAS;9408.840828000000000;
202401;3438;2006002074;VL_PG_RC;0.000000000000000;
202401;4181;2004000147;COTAS;4279591.651924000000000;
202401;3438;2006002147;CAIXA;153104.470000000000000;
202401;4546;2009000919;COTAS;3933597.194912000000000;
202401;3945;1999002318;COTAS;479480.841127000000000;
202401;3438;2006002211;COTAS;84636462.329999000000000;13863699000165
202401;4707;2020000474;COTAS;930380.516038000000000;
202401;4181;9970000000;CAIXA;9.000000000000000;
202401;4176;2018002392;CAIXA;2208.750000000000000;
202401;4203;2000001319;COTAS;26707.652423000000000;
202401;4176;2023000319;CAIXA;347.820000000000000;
202401;3188;1998005674;VL_PG_RC;-14755.970000000000000;
202401;3438;2006002211;VL_PG_RC;-1069217.060000000000000;
202401;4181;2004000147;COTAS;1475880.985112000000000;
202401;4203;2000001319;ACOES;6628.150000000000000;
202401;4546;2009000919;COTAS;3692240.634520000000000;
202401;3188;1998006247;COTAS;1608624.129430000000000;
202401;4203;2000001319;COTAS;53689470.528412000000000;24069639000191
202401;4546;9970000000;COTAS;162679.276192000000000;
202401;3438;2006002538;CAIXA;0.000000000000000;
202401;4203;2000001319;COTAS;8370553.111291000000000;46171916000105
202401;3438;2006002611;VL_PG_RC;0.000000000000000;
202401;4203;2000001556;COTAS;43272.624614000000000;
202401;4707;2020000474;COTAS;130426.487021000000000;
202401;3438;2006002783;COTAS;132954333.228491000000000;08661367000168
202401;4203;2000001556;TIT_PRIV;20988471.780000000000000;
202401;4707;2020000474;COTAS;5488.493971000000000;
202401;4203;2000001556;CAIXA;10559.380000000000000;
202401;4011;2000002056;COTAS;2444400.000000000000000;
202401;4181;2004000147;CAIXA;360999.990000000000000;
202401;3188;1998006247;COTAS;10013840.443910000000000;10220247000177
202401;4203;2000002838;COTAS;1244688.789041000000000;
202401;4707;2020002647;COTAS;648388.145176000000000;
202401;4203;2000002838;COTAS;323650.611973000000000;
202401;4707;2020002647;COTAS;287955.282556000000000;
202401;4181;2004000147;COTAS;3871714.716894000000000;
202401;4707;2022001265;COTAS;1159450.627965000000000;
202401;4203;2000002838;COTAS;2257606372.981501000000000;05316787000119
202401;3188;1998006247;COTAS;26149528.325937000000000;25244544000120
202401;3438;2006002856;COTAS;42531388.197821000000000;08661367000168
202401;4577;2008003892;CAIXA;54187.950000000000000;
202401;3438;2006003511;CAIXA;0.000000000000000;
202401;4577;2008003892;COTAS;1637279.614151000000000;
202401;3438;2006003511;COTAS;5720390.892726000000000;
202401;4203;2000002838;COTAS;49822943.057198000000000;40190375000186
202401;4181;9970000000;COTAS;2463646.088950000000000;
202401;4011;2000002129;CAIXA;27053.400000000000000;
202401;3438;2006004492;VL_PG_RC;0.000000000000000;
202401;4577;2008003892;COTAS;1805099.927407000000000;
202401;4011;2000002218;COTAS;4558920.000000000000000;
202401;3438;2008003256;COTAS;47483656.078976000000000;
202401;4181;9970000000;VL_PG_RC;-3952.610000000000000;
202401;4011;2000002218;VL_PG_RC;-153.040000000000000;
202401;4203;2000002838;TIT_PRIV;196163030.590000000000000;
202401;4577;2010001974;COTAS;369702.014194000000000;
202401;4011;2014001456;COTAS;6685018.183095000000000;
202401;3438;2009002083;CAIXA;573668.170000000000000;
202401;4203;2000006574;COTAS;14668703.293104000000000;40170889000170
202401;3188;1999002792;CAIXA;375.140000000000000;
202401;4203;2000001319;CAIXA;29103.440000000000000;
202401;4577;2010001974;COTAS;217747.961041000000000;
202401;3438;2009003519;COTAS;195412962.280001000000000;11110873000173
202401;4203;2000001556;ACOES;35696.830000000000000;
202401;4011;2014001456;OPERACAO_PARTICIPANTE;1912989.530000000000000;
202401;4203;2000006574;COTAS;861639530.484307000000000;40189280000142
202401;4577;9970000000;COTAS;96929.053303000000000;
202401;3438;2012000347;CAIXA;436350.620000000000000;
202401;4581;1999000919;COTAS;378482544.381486000000000;20725946000122
202401;4203;2000001556;COTAS;166705.063502000000000;
202401;3188;1999002792;COTAS;274485.627002000000000;
202401;3438;2013001983;COTAS;22409228.954807000000000;15730745000183
202401;4203;2000006574;TIT_PRIV;307406048.620000000000000;
202401;4203;2000006574;COTAS;1410415968.205148000000000;21596146000111
202401;4581;1999000919;COTAS;70691401.188136000000000;32711990000162
202401;4707;2022001265;COTAS;612708.338657000000000;
202401;4039;2000004229;COTAS;495551361.842620000000000;10347270000127
202401;4203;2004000929;COTAS;1711323.405676000000000;40189629000146
202401;4707;9970000000;CAIXA;2595.840000000000000;
202401;4039;9970000000;COTAS;2350581.690029000000000;
202401;4203;2020002711;CAIXA;6289.990000000000000;
202401;3438;2013001983;OPERACAO_PARTICIPANTE;499074.890000000000000;
202401;4707;9970000000;COTAS;55690126.350001000000000;
202401;4203;2004000929;COTAS;153423.430389000000000;40170889000170
202401;4203;2020002711;COTAS;963902.902288000000000;40189280000142
202401;3188;1999002792;COTAS;1012311.366461000000000;
202401;4711;2008001938;CAIXA;13426.200000000000000;
202401;4203;9970000000;VL_PG_RC;-66782.770000000000000;
202401;3188;1999002792;COTAS;5043846.835567000000000;10214125000178
202401;4711;2014000638;COTAS;95211621.737168000000000;26324274000120
202401;4217;1997000792;CAIXA;506.530000000000000;
202401;4039;9970000000;VL_PG_RC;0.000000000000000;
202401;4711;9970000000;CAIXA;5218.560000000000000;
202401;4581;1999000919;COTAS;257609779.665465000000000;41837660000109
202401;4203;2000001556;COTAS;282573814.919209000000000;20077265000103
202401;4217;2006004638;OPERACAO_PARTICIPANTE;7452079.540000000000000;
202401;4724;2013000383;COTAS;35459926.760000000000000;
202401;4217;1997000792;COTAS;52825.229742000000000;18683208000118
202401;4042;2000004792;COTAS;6963513.639822000000000;
202401;3188;1999002792;COTAS;1189810.990385000000000;36178602000180
202401;4217;2012001238;VL_PG_RC;21.200000000000000;
202401;3438;2020002183;VL_PG_RC;-2328.480000000000000;
202401;4581;1999000919;IMOVEIS;886812.100000000000000;
202401;4203;2000001556;COTAS;98544650.200962000000000;46171916000105
202401;4217;2022002474;CAIXA;1824.210000000000000;
202401;3438;2021002047;CAIXA;23996.130000000000000;
202401;4221;2005000892;COTAS;506231.439524000000000;
202401;3188;1999003756;COTAS;1150590.596844000000000;
202401;4221;2006004247;COTAS;564301.649453000000000;
202401;4203;2000002838;COTAS;1266536660.984290000000000;40189280000142
202401;3438;2021002438;COTAS;10862407.238886000000000;
202401;4604;2010002083;COTAS;20338711.000000000000000;
202401;4087;9970000000;COTAS;1633175.329998000000000;
202401;4221;2006004247;COTAS;7609559.643169000000000;
202401;4091;1974000338;OPERACAO_PARTICIPANTE;18038298.252619556900000;
202401;4221;2006004247;COTAS;4175485.014276000000000;
202401;4724;2013000383;COTAS;10440856.269868000000000;
202401;4221;2006004247;COTAS;996065.396667000000000;
202401;4217;2010004183;VL_PG_RC;114.920000000000000;
202401;3438;2021002438;COTAS;6992283.694611000000000;
202401;4091;1974000338;TIT_PUB;772000320.640000000000000;
202401;4221;2011002419;COTAS;609540.227450000000000;
202401;4217;2012001238;CAIXA;1151.890000000000000;
202401;3188;1999003756;COTAS;2460222.794134000000000;27565843000191
202401;4203;2000006574;ACOES;743072.990000000000000;
202401;4221;2012001629;COTAS;1474240.035793000000000;
202401;4217;2022000919;CAIXA;3660.900000000000000;
202401;4604;2010002083;COTAS;4728081.992834000000000;
202401;3438;2021002918;COTAS;2303.608565000000000;
202401;4217;2022002156;CAIXA;72760.930000000000000;
202401;3188;2001000847;COTAS;7588.037396000000000;18270776000197
202401;4221;2012001629;COTAS;117217.681648000000000;
202401;4221;2005000892;COTAS;1881719.930942000000000;
202401;4091;2002001529;COTAS;26604241.937452000000000;31569976000103
202401;3188;2001000847;COTAS;3944229.808430000000000;29298975000120
202401;3472;1984001183;CAIXA;120670.130000000000000;
202401;4724;2013000383;COTAS;74040731.559129000000000;
202401;4091;2004002492;COTAS;3361729.838223000000000;
202401;4221;2012001874;COTAS;5895881.910002000000000;
202401;4221;2005000892;COTAS;888272.976414000000000;
202401;4221;2012001874;COTAS;515830.123263000000000;
202401;4203;2000006574;COTAS;2000357.131759000000000;
202401;4221;2015001883;COTAS;627938.093132000000000;
202401;4724;2013000383;COTAS;314748914.587278000000000;41722175000190
202401;4221;2015001883;COTAS;67975.302182000000000;
202401;4091;2004002492;TIT_PRIV;7594093.420000000000000;
202401;3472;1984001183;COTAS;159236119.684183000000000;40209607000109
202401;4221;9970000000;COTAS;153640.119999000000000;
202401;4221;2006004247;COTAS;1506101.672867000000000;
202401;3472;1988001374;CAIXA;16683.630000000000000;
202401;4221;9970000000;VL_PG_RC;0.000000000000000;
202401;4221;2006004247;COTAS;1043186.581805000000000;
202401;3472;1988001374;VL_PG_RC;239.700000000000000;
202401;4724;2013000618;ACOES;8012218.970000000000000;
202401;4203;2000006574;COTAS;73867461.921125000000000;40189032000100
202401;4221;2012001629;COTAS;201201.488139000000000;
202401;4234;2004002956;COTAS;55456326.505097000000000;32812263000191
202401;4738;2013001347;COTAS;155983.012781000000000;
202401;4221;2012001629;COTAS;1371568.804840000000000;
202401;4234;9970000000;COTAS;2017370.919928000000000;
202401;4738;2013001347;COTAS;1118727.290002000000000;
202401;4621;2010005392;COTAS;155217706.339957000000000;37821719000101
202401;4203;2000006574;COTAS;39311286.147734000000000;40190375000186
202401;4091;2004002492;VL_PG_RC;0.000000000000000;
202401;4248;2009000838;CAIXA;15864.700000000000000;
202401;4738;2013001347;COTAS;39272412.368280000000000;
202401;4248;2009000838;COTAS;979377.829596000000000;
202401;3472;2023000718;CAIXA;115509.860000000000000;
202401;4221;2012001629;COTAS;528183.749459000000000;
202401;4621;2011001765;CAIXA;85.000000000000000;
202401;4248;2009000838;COTAS;92360.910026000000000;52349885000132
202401;4101;2002001847;COTAS;12443585.231399000000000;
202401;4248;2011001919;COTAS;712148251.674912000000000;18936235000155
202401;4101;2002001847;COTAS;215195115.151296000000000;05615511000131
202401;4203;2004000929;CAIXA;2000.000000000000000;
202401;4248;2011001919;COTAS;76999715.925534000000000;19602288000100
202401;4101;9970000000;COTAS;2906365.379103000000000;30330483000153
202401;4738;2013001347;COTAS;10912174.197903000000000;
202401;3527;1996002619;COTAS;26507788.882175000000000;
202401;4221;2012001629;COTAS;461411.725843000000000;
202401;4741;2013001738;COTAS;42342819.256569000000000;
202401;4248;2011001919;COTAS;275752347.020498000000000;28206291000198
202401;4221;2012001874;COTAS;710606.304613000000000;
202401;4248;2020001683;COTAS;254305.011119000000000;
202401;4203;2004000929;VL_PG_RC;6434.010000000000000;
202401;3527;1996002619;COTAS;234452493.906648000000000;
202401;4114;2002004129;VL_PG_RC;-475509.920000000000000;
202401;4741;2013001738;COTAS;62735079.266543000000000;
202401;3188;2002000565;COTAS;629513.774471000000000;
202401;4128;9970000000;COTAS;188648.663052000000000;04700879000135
202401;4635;2011000947;COTAS;4030267.293021000000000;
202401;4741;2013001738;COTAS;163552124.612034000000000;
202401;3188;2002000719;COTAS;18786158.184110000000000;10220241000108
202401;4635;2011000947;COTAS;1386898.173690000000000;
202401;4741;9970000000;COTAS;4737922.679778000000000;
202401;3188;2002000719;COTAS;6731838.716339000000000;34613727000166
202401;4131;1981000811;COTAS;24122003.804285000000000;
202401;4221;2015001883;COTAS;47654.802767000000000;
202401;4131;1981000811;OPERACAO_PARTICIPANTE;5487866.090043973200000;
202401;3188;2003000283;COTAS;331389.551288000000000;
202401;4203;2020002711;COTAS;17758.533582000000000;40170889000170
202401;3527;1996002619;COTAS;24025602.482969000000000;
202401;3527;2020001756;COTAS;1415848.029698000000000;
202401;4131;1986000419;COTAS;1069554.664873000000000;39665916000104
202401;3188;2003000283;COTAS;3319227.241350000000000;10214125000178
202401;4741;9970000000;COTAS;14181379.909625000000000;
202401;4221;2015001883;COTAS;201015.949491000000000;
202401;4635;2011000947;COTAS;4178.319326000000000;
202401;4248;2020001683;COTAS;647939.577857000000000;
202401;4755;2014000311;COTAS;8777456.592407000000000;
202401;3527;2020001756;COTAS;1910976.037121000000000;
202401;4203;9970000000;COTAS;1009539.482312000000000;
202401;4248;2020001683;COTAS;4788351.836535000000000;18936232000111
202401;4755;2014000311;COTAS;794111.128344000000000;
202401;4203;9970000000;COTAS;101232143.524012000000000;03102070000149
202401;4635;2021002756;COTAS;3328508.586309000000000;
202401;4755;2014000311;COTAS;726707.433378000000000;
202401;3527;2020001756;COTAS;3618511.313015000000000;
202401;4248;2020001683;COTAS;4315234.815223000000000;20726061000148
202401;3188;2003000747;COTAS;1693801.187043000000000;18270776000197
202401;3531;1996003038;COTAS;699271.899127000000000;
202401;4221;9970000000;COTAS;164112.130000000000000;
202401;3531;1996003038;COTAS;52517855.278892000000000;41252712000185
202401;4248;2020001683;COTAS;1589852.767132000000000;36518029000107
202401;3188;2003000747;COTAS;236906.721634000000000;27565843000191
202401;4248;2020001683;VL_PG_RC;16438.040000000000000;
202401;4217;2006004638;CAIXA;136093.270000000000000;
202401;4279;2004002711;COTAS;1097293358.641845000000000;24249995000197
202401;3575;9970000000;CAIXA;9999.990000000000000;
202401;4279;2016001992;CAIXA;27481.520000000000000;
202401;4221;9970000000;COTAS;49821.930000000000000;
202401;4279;2016001992;COTAS;220823747.661669000000000;24248178000114
202401;4131;1986000419;VL_PG_RC;-8346.200000000000000;
202401;4755;2014000311;VL_PG_RC;0.000000000000000;
202401;4652;2019001438;CAIXA;1246.800000000000000;
202401;4131;1987000374;COTAS;5723171.244259000000000;
202401;4217;2010004183;COTAS;275986.758401000000000;14115118000170
202401;4652;9970000000;CAIXA;2527.580000000000000;
202401;3575;9970000000;COTAS;439684.366879000000000;21219083000184
202401;4131;1987000374;IMOVEIS;7393362.690000000000000;
202401;4217;2021003329;COTAS;4446142.420352000000000;18683208000118
202401;4279;2016001992;COTAS;3357.798402000000000;53507965000131
202401;4131;1989001165;CAIXA;402946.810000000000000;
202401;3188;2004002174;COTAS;412320.627859000000000;
202401;4234;2004002956;COTAS;96279191.606990000000000;
202401;3592;9970000000;COTAS;4229353.107072000000000;
202401;4279;2018000111;CAIXA;1726.890000000000000;
202401;4652;9970000000;COTAS;1522454.939940000000000;
202401;3602;1979000638;CAIXA;813.630000000000000;
202401;4217;2021003329;VL_PG_RC;-3709.300000000000000;
202401;4755;2015001247;CAIXA;907.850000000000000;
202401;3188;2004002174;COTAS;3686696.963203000000000;
202401;4221;2005000892;COTAS;10176016.447848000000000;
202401;4652;9970000000;COTAS;51620.550000000000000;
202401;4221;2005000892;COTAS;1185401.583611000000000;
202401;4279;2018000111;COTAS;92586.728608000000000;53507965000131
202401;4755;2015001247;COTAS;329168.797274000000000;
202401;4221;2005000892;COTAS;529493.682465000000000;
202401;4279;9970000000;VL_PG_RC;-2430.510000000000000;
202401;3602;1979000638;COTAS;8986960.461075000000000;
202401;4666;2011000629;COTAS;2978088.522453000000000;
202401;4755;9970000000;COTAS;506789.461520000000000;
202401;4234;2004002956;VL_PG_RC;-487992.270000000000000;
202401;4282;2004003065;COTAS;901333.700446000000000;
202401;4131;1989001165;OPERACAO_PARTICIPANTE;104093.710000000000000;
202401;4221;2006004247;COTAS;8894662.371195000000000;
202401;4282;2004003065;COTAS;1225352.115750000000000;
202401;4248;2000001718;COTAS;565492581.277579000000000;12636386000101
202401;3602;1979000638;COTAS;10532889.610201000000000;
202401;4282;2004003065;COTAS;135381959.110011000000000;08983443000151
202401;4248;2009000838;COTAS;14787766.398321000000000;19602288000100
202401;3602;1979000638;COTAS;3436988.600000000000000;
202401;4368;2005004211;COTAS;355231405.155482000000000;46373036000111
202401;4221;2006004247;COTAS;1173534.978105000000000;
202401;4666;2011000629;COTAS;2232640.568408000000000;
202401;4755;9970000000;COTAS;3561722.604300000000000;
202401;4368;9970000000;COTAS;47325214.950649000000000;
202401;4666;2011000629;COTAS;9154389.666941000000000;
202401;4409;2006000829;COTAS;72054.719929000000000;
202401;4131;1998006719;COTAS;985044.008885000000000;39665916000104
202401;4666;2011000629;COTAS;5867308.707725000000000;
202401;4248;2009000838;COTAS;64498077.499988000000000;20726130000113
202401;4131;1998006719;TIT_PRIV;480328.660000000000000;
202401;4221;2006004247;COTAS;426036.552623000000000;
202401;4248;2009000838;COTAS;22558429.054483000000000;26978182000163
202401;4131;2006006665;COTAS;448738.862907000000000;
202401;3188;2004002174;COTAS;3309044.693360000000000;
202401;4769;2015000429;VL_PG_RC;-4475.350000000000000;
202401;4412;2006001329;COTAS;3232801.081116000000000;
202401;4666;2011000629;COTAS;2303015.712456000000000;
202401;3188;2005000256;COTAS;4800070.858958000000000;10214125000178
202401;4426;2006003111;CAIXA;1226183.380000000000000;
202401;4248;2009000838;COTAS;28176873.769525000000000;36617679000100
202401;4426;9970000000;VL_PG_RC;-921.590000000000000;
202401;4769;2021001083;VL_PG_RC;0.000000000000000;
202401;4131;2006006665;OPERACAO_PARTICIPANTE;129905.100000000000000;
202401;4443;1982002018;TIT_PRIV;0.000000000000000;
202401;4769;9970000000;COTAS;2644298.089937000000000;
202401;4248;2009000838;VL_PG_RC;500105.160000000000000;
202401;4131;2008004465;COTAS;147975.382084000000000;39665916000104
202401;4443;1998002292;CAIXA;7225.420000000000000;
202401;4769;9970000000;COTAS;4076032.840145000000000;
202401;4461;9970000000;COTAS;276962.790000000000000;
202401;3602;1979000638;COTAS;34279968.909104000000000;
202401;4248;2011001919;COTAS;1014641823.401616000000000;20726076000106
202401;4474;2006005774;VL_PG_RC;-25152132.440000000000000;
202401;3188;2005000256;COTAS;10933.607624000000000;10220247000177
202401;4474;9970000000;CAIXA;8746.230000000000000;
202401;4666;2011000947;COTAS;971278.767767000000000;
202401;4488;9970000000;CAIXA;767.630000000000000;
202401;4221;2006004247;VL_PG_RC;-77759.740000000000000;
202401;4491;9970000000;VL_PG_RC;21297.840000000000000;
202401;3602;1979000638;COTAS;15378182.032730000000000;
202401;4501;2007002183;COTAS;14192815.936751000000000;19366069000161
202401;4786;2016000856;COTAS;21962481.726683000000000;
202401;3602;2009000511;COTAS;6010625.286180000000000;
202401;4515;2007003538;COTAS;75735342.142025000000000;23216805000172
202401;4248;2014001847;CAIXA;200.000000000000000;
202401;4786;2018001019;COTAS;34310.065470000000000;
202401;4666;2011000947;COTAS;1004770.003708000000000;
202401;4529;2008002365;COTAS;1572199.913281000000000;
202401;4666;2021002756;COTAS;32351.467813000000000;
202401;4248;2014001847;OPERACAO_PARTICIPANTE;528031.220000000000000;
202401;4529;2008002365;COTAS;7841496.989357000000000;
202401;4529;2008002365;COTAS;2136041.200249000000000;
202401;3602;2009000511;COTAS;8611548.417309000000000;
202401;4786;2019000611;COTAS;62593.960200000000000;
202401;3602;2009000511;COTAS;5787639.834750000000000;
202401;4221;2011002419;COTAS;1314568.469588000000000;
202401;4248;2020001683;COTAS;345128.328303000000000;32240211000198
202401;4666;2021002756;COTAS;259319.322278000000000;
202401;4221;2011002419;COTAS;214084.651994000000000;
202401;4532;2008004856;COTAS;10906156.813221000000000;
202401;4221;2011002419;COTAS;2629065.327598000000000;
202401;4791;2016001283;COTAS;1385439.649926000000000;
202401;4532;9970000000;VL_PG_RC;-0.150000000000000;
202401;4131;2008004465;VL_PG_RC;-3076.040000000000000;
202401;3602;2009000511;COTAS;6080692.792657000000000;
202401;4546;2009000919;COTAS;1687683.349113000000000;
202401;3188;2005000256;COTAS;5863334.004387000000000;25244544000120
202401;4221;2011002419;COTAS;705580.765910000000000;
202401;4248;9970000000;VL_PG_RC;-4050.970000000000000;
202401;4666;2021002756;COTAS;365778.941327000000000;
202401;4791;9970000000;COTAS;274992.250000000000000;
202401;4546;2009000919;COTAS;1553836.290164000000000;
202401;4801;2016001518;COTAS;19366956.733702000000000;
202401;4279;2004002711;COTAS;4186128112.876886000000000;24249979000102
202401;4221;2011002419;TIT_PUB;64778.360000000000000;
202401;4131;2008004538;CAIXA;1537.720000000000000;
202401;3602;2009000511;COTAS;6370507.457445000000000;
202401;3188;2005001211;COTAS;4402585.259535000000000;10220241000108
202401;4221;2012001629;COTAS;825693.267039000000000;
202401;3602;2009000511;COTAS;11883860.060016000000000;03833841000178
202401;4666;2021002756;COTAS;699134.999476000000000;
202401;4221;2012001629;COTAS;1791101.450478000000000;
202401;3602;2009000511;COTAS;1868094.976701000000000;21613084000109
202401;4801;2016001518;COTAS;5190197.239999000000000;
202401;4221;2012001874;COTAS;2864469.944662000000000;
202401;4131;2017000647;COTAS;894062.373983000000000;
202401;4801;2016001518;COTAS;4347361.990174000000000;
202401;4221;2012001874;COTAS;2065900.473380000000000;
202401;4546;2009000919;COTAS;1680534.874270000000000;
202401;3188;2005001211;COTAS;3905364.636238000000000;34613727000166
202401;4221;2012001874;COTAS;7355646.933640000000000;
202401;3602;2009000511;TIT_PUB;173853833.250000000000000;
202401;4279;2016001992;VL_PG_RC;-81581.750000000000000;
202401;3188;2009002156;VL_PG_RC;-641442.010000000000000;
202401;4279;9970000000;CAIXA;850544.130000000000000;
202401;4577;2008003892;COTAS;570545.031526000000000;
202401;4666;2021002756;COTAS;1224600.687567000000000;
202401;4577;2010001974;ACOES;1414705.620000000000000;
202401;4221;2012001874;TIT_PUB;222303.960000000000000;
202401;4131;2017000647;COTAS;42256505.676246000000000;
202401;4311;2005002747;COTAS;5526308.360000000000000;
202401;3188;2010000374;COTAS;235812.016962000000000;
202401;4221;2015001883;COTAS;1184893.156451000000000;
202401;4131;2017000647;COTAS;42022842.505212000000000;39665916000104
202401;3188;2010000374;COTAS;2899496.625867000000000;29298975000120
202401;4221;2015001883;COTAS;49259.998783000000000;
202401;4577;2010001974;COTAS;208756.567322000000000;
202401;4801;2016001518;COTAS;12551763.848163000000000;
202401;4577;9970000000;COTAS;147181.140107000000000;
202401;4801;2016001518;COTAS;24715903.006667000000000;
202401;4666;2021002756;COTAS;1151433.923819000000000;
202401;4368;2005004211;COTAS;359947012.597928000000000;47541085000189
202401;4221;2015001883;COTAS;158719.570854000000000;
202401;3188;2010000374;COTAS;214670.707974000000000;34613727000166
202401;4368;2005004211;VL_PG_RC;25552.080000000000000;
202401;4801;9970000000;CAIXA;108.370000000000000;
202401;4666;2021002756;COTAS;1904952.877641000000000;
202401;4385;2005006311;COTAS;61415107.470005000000000;
202401;3188;2010000374;TIT_PUB;18979082.530000000000000;
202401;4683;1990001165;COTAS;5082853.613286000000000;
202401;4385;2005006311;VL_PG_RC;-304.940000000000000;
202401;3602;2011001692;COTAS;7134807.816903000000000;
202401;4221;2015001883;VL_PG_RC;-12882.560000000000000;
202401;4409;2006000829;COTAS;1254536.159994000000000;
202401;4581;1999000919;COTAS;130006094.335994000000000;20726178000121
202401;4221;9970000000;CAIXA;25216.430000000000000;
202401;3188;2010003047;VL_PG_RC;-1312.700000000000000;
202401;4221;9970000000;COTAS;81488.610000000000000;
202401;3188;2010003292;CAIXA;2.410000000000000;
202401;4234;9970000000;CAIXA;86731.490000000000000;
202401;4683;1990001165;COTAS;223134727.864736000000000;27696713000198
202401;4801;9970000000;COTAS;156257.809822000000000;
202401;4248;2009000838;COTAS;3928586.470296000000000;
202401;4683;1990001165;COTAS;364189495.082131000000000;29055966000108
202401;4248;2009000838;COTAS;23580015.863280000000000;03497804000136
202401;3188;2010003292;COTAS;4455429.489590000000000;10220247000177
202401;4581;1999000919;COTAS;107907140.921951000000000;38452613000132
202401;3602;2011001692;COTAS;10232859.931659000000000;50927335000128
202401;4409;2006000829;COTAS;5193310.471599000000000;
202401;3188;2010003292;COTAS;20323537.039490000000000;25244544000120
202401;4683;2008000818;COTAS;20702476.389166000000000;
202401;4409;9970000000;CAIXA;71613.760000000000000;
202401;3188;2010003365;CAIXA;4.030000000000000;
202401;4581;1999000919;OPERACAO_PARTICIPANTE;24968494.860000000000000;
202401;4813;9970000000;COTAS;967940.367840000000000;
202401;4248;2009000838;COTAS;66096171.288452000000000;08035716000136
202401;4683;2008000818;COTAS;25836694.712523000000000;
202401;4827;2018002465;CAIXA;975862.760000000000000;
202401;4581;9970000000;COTAS;816451.764927000000000;41687175000104
202401;4827;2018002465;COTAS;514414.630380000000000;
202401;4581;9970000000;VL_PG_RC;-2490.350000000000000;
202401;3602;2020002965;COTAS;63203.729327000000000;
202401;4409;9970000000;COTAS;323391.618001000000000;
202401;3188;2010003365;COTAS;1193971.222748000000000;
202401;4248;2009000838;COTAS;28240439.370231000000000;36518029000107
202401;4412;2006001329;CAIXA;100635.780000000000000;
202401;4594;1989001629;COTAS;9908456.840333000000000;
202401;3188;2010003365;COTAS;1748004.417405000000000;10220241000108
202401;3188;2010003365;COTAS;2827003.312614000000000;36178602000180
202401;4594;9970000000;CAIXA;85551.700000000000000;
202401;4827;2020000547;VL_PG_RC;0.000000000000000;
202401;4248;2011001919;COTAS;78320940.875597000000000;
202401;4683;2008000818;COTAS;38285571.313662000000000;27696713000198
202401;4412;2006001329;COTAS;15848028.920002000000000;
202401;4248;2011001919;COTAS;223116921.566199000000000;03079923000179
202401;4604;2010002083;CAIXA;6875.440000000000000;
202401;4683;2019000792;COTAS;27800457.213584000000000;
202401;4248;2011001919;COTAS;565616927.002897000000000;08035716000136
202401;3188;2010003438;COTAS;9251385.498931000000000;10220247000177
202401;4412;9970000000;CAIXA;405767.530000000000000;
202401;4248;2011001919;COTAS;304743242.923769000000000;36518029000107
202401;3188;2010003438;COTAS;9242087.277312000000000;18270776000197
202401;4426;2007002329;VL_PG_RC;-510545.660000000000000;
202401;3188;2010003438;COTAS;3275534.687103000000000;27565843000191
202401;4683;2019000792;COTAS;1463734.631090000000000;29055966000108
202401;4443;1982002018;COTAS;1178137.712641000000000;
202401;3602;2020002965;COTAS;69106.747640000000000;
202401;4827;9970000000;VL_PG_RC;-1570.010000000000000;
202401;4604;2010002083;COTAS;872033.630158000000000;
202401;3188;2010003438;VL_PG_RC;-162498.400000000000000;
202401;4604;2010002083;COTAS;14540817.684739000000000;
202401;4707;2013000138;CAIXA;3033709.070000000000000;
202401;4443;1988000947;VL_PG_RC;359792.800000000000000;
202401;4248;2011001919;COTAS;934750.304839000000000;52349885000132
202401;4831;1981000283;COTAS;31371440.025455000000000;15435379000130
202401;4461;9970000000;COTAS;1726909.900000000000000;
202401;4604;2010002083;COTAS;6853553.949532000000000;
202401;4831;1998003647;COTAS;170137412.728549000000000;15435379000130
202401;3188;2010005074;COTAS;233927.247066000000000;
202401;4831;1998003647;COTAS;334833717.391146000000000;20468585000186
202401;4707;2013000138;COTAS;7814493.491967000000000;
202401;3602;2020002965;COTAS;54478.576507000000000;
202401;4707;2013000138;COTAS;14985005.939887000000000;
202401;3188;2010005074;COTAS;2249540.163143000000000;29298975000120
202401;3602;9970000000;COTAS;183780.591421000000000;
202401;4604;9970000000;COTAS;693499.829883000000000;
202401;4707;2013000138;COTAS;13911101.162946000000000;
202401;4618;2009002474;CAIXA;1410700.430000000000000;
202401;4831;1998006565;CAIXA;5095.410000000000000;
202401;3602;9970000000;COTAS;183516.495449000000000;
202401;4618;9970000000;CAIXA;523903.250000000000000;
202401;4248;2011001919;COTAS;935478.373041000000000;52350495000182
202401;4621;2010002318;VL_PG_RC;-1208.340000000000000;
202401;4474;2006005774;CAIXA;378236.130000000000000;
202401;4707;2013000138;COTAS;30632001.928220000000000;
202401;4621;2010005392;CAIXA;197.500000000000000;
202401;4474;9970000000;VL_PG_RC;0.000000000000000;
202401;3188;2010005074;TIT_PUB;6055198.200000000000000;
202401;3188;2010005211;COTAS;64094823.697221000000000;18270776000197
202401;4844;2019000547;COTAS;4179683.459631000000000;
202401;4248;2020001683;CAIXA;60500.000000000000000;
202401;3188;2010005211;COTAS;9565138.754323000000000;27565843000191
202401;4515;2007003538;VL_PG_RC;-516.820000000000000;
202401;4248;2020001683;COTAS;4825388.504817000000000;18936235000155
202401;3602;9970000000;COTAS;87135.524442000000000;
202401;4844;2019000547;COTAS;2612389.109057000000000;
202401;3188;2012000665;COTAS;7495601.909137000000000;18270776000197
202401;4707;2013000219;COTAS;6527306.241653000000000;
202401;4844;2019000547;COTAS;1420023.392458000000000;
202401;3188;2012000665;COTAS;5550067.740948000000000;29298975000120
202401;4707;2013000219;COTAS;27031628.664730000000000;
202401;4529;2008002365;COTAS;4683241.825415000000000;
202401;4529;2008002365;IMOVEIS;19873089.040000000000000;
202401;4279;2016001992;COTAS;38287386.199240000000000;51033131000106
202401;3188;2013000456;COTAS;10041197.518697000000000;10220241000108
202401;4621;2010005392;OPERACAO_PARTICIPANTE;1001594.830000000000000;
202401;4532;2008004856;COTAS;19659557.783361000000000;
202401;3602;9970000000;COTAS;87012.503543000000000;
202401;4707;2013000219;COTAS;7884824.362855000000000;
202401;4279;2018000111;COTAS;1730458.141307000000000;24215239000147
202401;3647;1997001829;COTAS;1354077.948683000000000;
202401;3188;2013000456;COTAS;13099816.906147000000000;34613727000166
202401;4532;9970000000;CAIXA;382879.070000000000000;
202401;4546;2009000919;COTAS;3106870.281845000000000;
202401;3647;1997001829;COTAS;5204297.561658000000000;
202401;4844;2019000547;COTAS;3596280.985459000000000;
202401;3188;2016000538;COTAS;720834.822890000000000;
202401;4279;9970000000;COTAS;8583731.534902000000000;
202401;4844;9970000000;COTAS;608811.013442000000000;
202401;3188;2016000538;COTAS;650251.522315000000000;
202401;3647;1997001829;COTAS;1046642.534987000000000;
202401;4707;2013000219;COTAS;28568577.448767000000000;
202401;3647;1997001829;COTAS;4575875.538264000000000;
202401;4546;2009000919;COTAS;3632570.725696000000000;
202401;4707;2013000219;COTAS;43441529.185806000000000;
202401;4282;2004003065;COTAS;77236458.780001000000000;36326996000177
202401;4844;9970000000;VL_PG_RC;-2563.320000000000000;
202401;4546;2009000919;TIT_PUB;112727794.800000000000000;
202401;3188;2017000574;COTAS;557530.505885000000000;
202401;4858;2018002211;COTAS;128643.722496000000000;
202401;4707;2013002092;CAIXA;489657.520000000000000;
202401;4311;1997002256;CAIXA;353.500000000000000;
202401;3647;1997001829;OPERACAO_PARTICIPANTE;73603.310000000000000;
202401;4707;2013002092;COTAS;81070730.843698000000000;
202401;4368;2005004211;CAIXA;471827.210000000000000;
202401;4368;9970000000;CAIXA;545873.310000000000000;
202401;4858;2018002211;VL_PG_RC;-1912.680000000000000;
202401;4635;2011000947;COTAS;8058285.385274000000000;
202401;4368;9970000000;VL_PG_RC;20114.640000000000000;
202401;4635;2011000947;COTAS;4268824.674730000000000;
202401;4371;2005004911;CAIXA;165.320000000000000;
202401;4577;2008003892;COTAS;1707552.857644000000000;
202401;4635;2011000947;COTAS;39621722.826937000000000;
202401;3811;1998004783;CAIXA;91483.750000000000000;
202401;4707;2018001329;COTAS;294777.174242000000000;
202401;4652;2010004574;COTAS;81122639.450001000000000;08998851000187
202401;3188;2017000574;COTAS;9495741.958357000000000;29298975000120
202401;4707;2018001329;COTAS;309401.429756000000000;
202401;4861;2019000474;COTAS;15171526.275917000000000;
202401;3811;1998004783;COTAS;34151064.029934000000000;
202401;4707;2018001329;COTAS;40649.959148000000000;
202401;4666;2011000629;COTAS;9712509.037594000000000;
202401;4371;2005004911;COTAS;6653755.357451000000000;
202401;4577;2008003892;COTAS;1620748.431259000000000;
202401;4666;2011000629;COTAS;8355114.408152000000000;
202401;4385;2005006311;CAIXA;128205.150000000000000;
202401;4875;2020002329;COTAS;6308477.066303000000000;
202401;3188;2017000574;TIT_PUB;14178672.250000000000000;
202401;4875;9970000000;TIT_PUB;15473760.620000000000000;
202401;4666;2011000629;COTAS;3438646.060096000000000;
202401;4666;2011000629;COTAS;5188871.756689000000000;
202401;3811;1998004783;COTAS;2077256.400378000000000;
202401;4707;2018001892;COTAS;2682115.458057000000000;
202401;4666;2011000947;COTAS;183121.496448000000000;
202401;4385;2005006311;COTAS;57784996.930001000000000;
202401;4577;2010001974;COTAS;854527.673037000000000;
202401;4131;2017000647;VL_PG_RC;1134430.820000000000000;
202401;3825;1981000674;CAIXA;1000.000000000000000;
202401;4889;2016001674;CAIXA;10327.930000000000000;
202401;4577;2010001974;COTAS;91088.596023000000000;
202401;3188;2017000711;COTAS;788729.605765000000000;
202401;4889;9970000000;CAIXA;1617.090000000000000;
202401;4577;9970000000;COTAS;324503.780536000000000;
202401;4131;9970000000;VL_PG_RC;-25842.930000000000000;
202401;3825;1981000674;COTAS;10867823.495932000000000;
202401;4892;2021000583;COTAS;11662123.211245000000000;
202401;4707;2018001892;COTAS;98008.797913000000000;
202401;3188;2017000711;COTAS;11353510.042140000000000;10220241000108
202401;4666;2011000947;COTAS;1904950.502253000000000;
202401;4707;2018001892;COTAS;197235.825680000000000;
202401;4176;2004002883;COTAS;359549581.160253000000000;14096253000115
202401;3188;2017000711;COTAS;4283319.565386000000000;36178602000180
202401;4666;2011000947;COTAS;4076839.660983000000000;
202401;4176;2018002392;COTAS;14716859.577628000000000;14096253000115
202401;3188;2019000865;CAIXA;300.470000000000000;
202401;4666;2011000947;COTAS;1620654.859939000000000;
202401;4412;2006001329;COTAS;9356333.069995000000000;
202401;3188;2019000865;COTAS;2015879.356389000000000;
202401;4707;2018001892;VL_PG_RC;-31359.110000000000000;
202401;4666;2011000947;COTAS;3912438.600731000000000;
202401;4412;2006001329;COTAS;11897214.759923000000000;
202401;4707;2019003856;COTAS;6900427.894756000000000;
202401;4666;2011000947;COTAS;4293236.417465000000000;
202401;4892;2021000583;COTAS;6221051.291418000000000;
202401;4707;2019003856;COTAS;1442636.447288000000000;
202401;4581;1999000919;COTAS;110132666.209192000000000;13294268000125
202401;3825;1988003318;TIT_PUB;8096757.080000000000000;
202401;4707;2019003856;COTAS;201277.007286000000000;
202401;3188;2019000865;COTAS;1755440.732241000000000;
202401;3825;1989001092;CAIXA;2000.000000000000000;
202401;4892;2021002829;CAIXA;0.000000000000000;
202401;4707;2019003856;COTAS;24988.373317000000000;
202401;4604;2010002083;COTAS;3033870.049062000000000;
202401;4666;2021002756;COTAS;84562.024295000000000;
202401;4892;9970000000;COTAS;7000454.407355000000000;
202401;4947;1996003747;COTAS;4578267.519334000000000;
202401;4176;2018002392;COTAS;5505068.626538000000000;31934038000165
202401;4707;2020000474;COTAS;4537.235297000000000;
202401;4666;9970000000;VL_PG_RC;-421.260000000000000;
202401;4947;1996003747;COTAS;13655238.120000000000000;
202401;4412;2006001329;COTAS;5133292.380000000000000;
202401;4707;2020002647;COTAS;100948.238795000000000;
202401;4683;1990001165;COTAS;10547854.235199000000000;
202401;4947;1996003747;COTAS;68036965.881273000000000;
202401;3825;1993001638;VL_PG_RC;0.000000000000000;
202401;4176;9970000000;COTAS;11736138.056558000000000;17759357000150
202401;4707;2020002647;COTAS;6658.578731000000000;
202401;4604;2010002083;COTAS;57236520.735353000000000;
202401;4181;2004000147;COTAS;6152074.425000000000000;
202401;4604;2010002083;VL_PG_RC;-113301.990000000000000;
202401;4412;2006001329;COTAS;32545511.230000000000000;46246589000103
202401;4683;1990001165;COTAS;5531265.406936000000000;10377941000100
202401;3825;1995001929;COTAS;7759440.367702000000000;
202401;4618;2009002474;COTAS;84444698.481469000000000;19366021000153
202401;4683;1990001165;VL_PG_RC;-1283100.430000000000000;
202401;3825;1995001929;COTAS;163746916.856654000000000;
202401;4412;2006001329;VL_PG_RC;1021652.270000000000000;
202401;3825;1996001574;COTAS;79699479.771767000000000;
202401;4181;2004000147;COTAS;152326306.902627000000000;05508550000130
202401;4618;2009002474;VL_PG_RC;-493779.730000000000000;
202401;4683;2004002311;COTAS;14013012.314307000000000;
202401;4707;2022001265;CAIXA;560948.180000000000000;
202401;4618;9970000000;VL_PG_RC;0.000000000000000;
202401;4683;2004002311;COTAS;36600.672920000000000;29055966000108
202401;4203;2000001556;IMOVEIS;3242243.240000000000000;
202401;3188;2019000865;COTAS;14225434.654669000000000;25244544000120
202401;4947;1996003747;COTAS;83109434.500742000000000;51527264000139
202401;3825;1997000229;COTAS;26568717.622151000000000;
202401;4203;2000001556;OPERACAO_PARTICIPANTE;1825918.160043487900000;
202401;4621;2010002318;CAIXA;97.500000000000000;
202401;4426;2006003111;ALUGUEL;58289.810000000000000;
202401;4947;9970000000;COTAS;1983657.773623000000000;
202401;4711;2008001938;VL_PG_RC;-351.650000000000000;
202401;3188;2019000865;VL_PG_RC;-121976.760000000000000;
202401;4426;2006003111;COTAS;391160.000000000000000;
202401;4426;9970000000;TIT_PUB;3679901.210000000000000;
202401;4621;2011001765;COTAS;29235206.650062000000000;37821719000101
202401;4711;2008002047;COTAS;216217843.664412000000000;26324274000120
202401;4443;1982002018;CAIXA;6624.360000000000000;
202401;3188;2019001047;VL_PG_RC;-304.430000000000000;
202401;4621;2022002083;CAIXA;7.050000000000000;
202401;4683;2005000647;COTAS;22816729.441531000000000;
202401;4203;2000002838;IMOVEIS;39770655.850000000000000;
202401;3825;1997000229;COTAS;4693522.021623000000000;
202401;4621;2022002083;COTAS;161089.530000000000000;49169277000131
202401;4711;2014000638;COTAS;12032403.902081000000000;46975866000119
202401;4203;2000006574;COTAS;3993170.222831000000000;03102070000149
202401;3188;9970000000;CAIXA;59315.620000000000000;
202401;4621;9970000000;VL_PG_RC;0.000000000000000;
202401;3251;1995001465;COTAS;175470.225188000000000;
202401;4443;1982002018;COTAS;92360466.848849000000000;12581016000114
202401;3825;1997002574;COTAS;15508983.941825000000000;
202401;4711;2018000519;CAIXA;7971.060000000000000;
202401;4635;2011000947;COTAS;2756206.592101000000000;
202401;4203;2000006574;COTAS;154120825.031105000000000;40189629000146
202401;3251;1995001465;COTAS;101375.988942000000000;
202401;4443;1988000947;CAIXA;1249.230000000000000;
202401;4203;2000006574;COTAS;505604023.937715000000000;46171916000105
202401;4443;1998002292;COTAS;313254.770020000000000;
202401;3251;1995001465;COTAS;1127418.108531000000000;
202401;4635;2011000947;COTAS;14057644.564131000000000;
202401;4203;2000006574;VL_PG_RC;49695160.520000000000000;
202401;4683;2005000647;COTAS;14240842.368120000000000;
202401;4635;2021002756;COTAS;1035442.437575000000000;
202401;4203;2004000929;COTAS;9647111.436661000000000;40189280000142
202401;4683;2008000818;CAIXA;3448.500000000000000;
202401;4443;1998002292;COTAS;406134670.253602000000000;21624950000167
202401;4635;2021002756;COTAS;365778.941327000000000;
202401;4711;2019003538;CAIXA;10166.640000000000000;
202401;4203;2020002711;COTAS;89921.804483000000000;40189032000100
202401;4947;9970000000;COTAS;4374524.553342000000000;
202401;4635;2021002756;COTAS;1178216.812545000000000;
202401;4711;2019003538;VL_PG_RC;-584.850000000000000;
202401;3251;1995001465;COTAS;3728640.759058000000000;
202401;4443;2006007165;CAIXA;14644.250000000000000;
202401;4724;2013000383;COTAS;258597380.800000000000000;
202401;4443;2006007165;COTAS;15555044.269166000000000;42102172000116
202401;3825;1997002574;COTAS;18029035.460601000000000;
202401;4724;2013000383;COTAS;18451377.280000000000000;
202401;3251;1995001465;COTAS;12493524.015029000000000;
202401;4683;2008000818;COTAS;387052906.690981000000000;52226189000139
202401;3825;1998001083;TIT_PUB;76229470.990000000000000;
202401;4203;2020002711;COTAS;193656.670169000000000;40189629000146
202401;4203;2020002711;VL_PG_RC;-866.320000000000000;
202401;3825;1998001156;COTAS;102487053.246653000000000;
202401;3251;1995001465;COTAS;25660357.635666000000000;
202401;4683;2019000792;COTAS;47356.480568000000000;41287925000142
202401;4203;9970000000;CAIXA;15290763.830000000000000;
202401;4724;2013000383;COTAS;2330151.696032000000000;
202401;3251;1995001465;COTAS;250712.618354000000000;
202401;4217;2022000919;COTAS;2530846.361229000000000;18683208000118
202401;4724;2013000383;COTAS;196321372.478577000000000;38098941000182
202401;4635;2021002756;VL_PG_RC;-2931.620000000000000;
202401;4443;2006007165;VL_PG_RC;-4130.540000000000000;
202401;4635;9970000000;COTAS;2566603.076877000000000;
202401;4649;2010003756;CAIXA;315763.700000000000000;
202401;3251;1995001465;COTAS;5136226.361026000000000;
202401;3251;1995001465;COTAS;2285523.652474000000000;
202401;3251;1995001465;COTAS;5174504.893078000000000;
202401;4652;2010004329;CAIXA;5214.210000000000000;
202401;4461;2006005065;COTAS;754908574.979991000000000;08648690000100
202401;4217;2022002474;VL_PG_RC;48.070000000000000;
202401;3825;1998001156;COTAS;22362381.944686000000000;
202401;3825;1998001156;COTAS;93501523.057536000000000;
202401;4461;9970000000;COTAS;215444.920007000000000;
202401;3251;1995001465;COTAS;370502.341029000000000;
202401;4461;9970000000;COTAS;1337629.180004000000000;
202401;3825;1999005074;COTAS;172840.838217000000000;
202401;4488;2007001918;COTAS;25910773.720001000000000;29045947000109
202401;4652;2010004329;COTAS;3346717.670000000000000;08998851000187
202401;3825;2001001118;CAIXA;2000.000000000000000;
202401;4221;2005000892;CAIXA;494205.140000000000000;
202401;4724;2013000383;TIT_PUB;4980938017.400000000000000;
202401;4488;2007001918;VL_PG_RC;0.000000000000000;
202401;4724;2013000618;COTAS;16869777.976379000000000;38098941000182
202401;4652;2010004574;COTAS;83089691.059995000000000;49465951000125
202401;4683;2022001338;VL_PG_RC;-1385.120000000000000;
202401;4515;2007003538;CAIXA;1724259.670000000000000;
202401;4221;2005000892;COTAS;3336516.274856000000000;
202401;3825;2001001118;COTAS;30969665.058295000000000;
202401;3251;1995001465;VL_PG_RC;21501988.420000000000000;
202401;4707;2013000138;COTAS;9911072.102814000000000;
202401;4529;2008002365;COTAS;130924.121670000000000;
202401;4666;2011000629;COTAS;143365136.626778000000000;
202401;4221;2005000892;COTAS;2479936.508286000000000;
202401;4724;2013000618;COTAS;19265590.941510000000000;42922268000120
202401;4221;2005000892;COTAS;466861.518623000000000;
202401;4707;2013000138;COTAS;3293095.427360000000000;
202401;3825;2004000211;COTAS;54354416.564083000000000;
202401;3304;1995002811;COTAS;992759.301665000000000;
202401;4529;9970000000;CAIXA;3103.520000000000000;
202401;3304;1995002811;COTAS;3469321.349393000000000;
202401;4221;2005000892;COTAS;939391.949862000000000;
202401;4221;2005000892;COTAS;110071.557241000000000;
202401;4707;2013000138;COTAS;36294088.163717000000000;
202401;4221;2005000892;OPERACAO_PARTICIPANTE;3419467.206897000000000;
202401;4738;2021002519;CAIXA;250.000000000000000;
202401;4707;2013000219;CAIXA;2013568.410000000000000;
202401;4666;2011000629;COTAS;5514164.794250000000000;
202401;3825;2009002318;COTAS;37811856.683511000000000;
202401;4221;2005000892;TIT_PUB;113842.710000000000000;
202401;4738;2021002519;COTAS;4023.782601000000000;
202401;3304;1995002811;COTAS;1563029.643775000000000;
202401;4221;2006004247;CAIXA;125595.780000000000000;
202401;3825;2012002056;CAIXA;523193.140000000000000;
202401;3304;1995002811;COTAS;657469.832388000000000;
202401;4221;2006004247;COTAS;2709636.749877000000000;
202401;4738;2021002519;VL_PG_RC;0.000000000000000;
202401;4546;9970000000;VL_PG_RC;0.000000000000000;
202401;4707;2013000219;COTAS;8471704.852199000000000;
202401;3825;2012002056;COTAS;2062967.742817000000000;
202401;3304;1995002811;COTAS;2174488.320583000000000;
202401;4666;2011000629;COTAS;2221177.946315000000000;
202401;4707;2013000219;COTAS;57993947.695930000000000;
202401;3321;1995002992;COTAS;8356944.691260000000000;
202401;4577;2008003892;COTAS;2944781.388172000000000;
202401;4666;2011000629;COTAS;70902465.199848000000000;
202401;3825;2012002056;COTAS;5407262.202711000000000;
202401;4221;2006004247;COTAS;375713.496497000000000;
202401;4666;2011000947;COTAS;2152766.611225000000000;
202401;3825;2020003211;COTAS;73967754.254325000000000;
202401;4577;2008003892;COTAS;5040701.619998000000000;
202401;4666;2011000947;COTAS;2756206.592101000000000;
202401;3825;2021001611;COTAS;21943993.512867000000000;
202401;3321;1995002992;COTAS;2010961.157803000000000;
202401;4221;2006004247;COTAS;1013393.535170000000000;
202401;4666;2011000947;COTAS;4030267.293021000000000;
202401;3321;1995002992;COTAS;4163757.865803000000000;
202401;4221;2006004247;COTAS;86708.145617000000000;
202401;4577;2008003892;COTAS;9817336.452612000000000;
202401;3321;1995002992;TIT_PRIV;9165768.690000000000000;
202401;3825;9970000000;VL_PG_RC;0.000000000000000;
202401;4707;2013000219;OPERACAO_PARTICIPANTE;91674.720000000000000;
202401;4577;2008003892;COTAS;12300743.141889000000000;
202401;4741;2013001738;COTAS;143766319.445607000000000;
202401;4707;2013002092;COTAS;50059669.392842000000000;
202401;4577;9970000000;VL_PG_RC;-1659.220000000000000;
202401;4666;2011000947;VL_PG_RC;-18572.240000000000000;
202401;4581;1999000919;COTAS;2906217038.795197000000000;11005764000196
202401;4741;2013001738;COTAS;522130058.163487000000000;30322316000160
202401;3839;2009001583;COTAS;58346.445705000000000;
202401;4741;2013001738;COTAS;139572853.488240000000000;37467427000104
202401;3839;2009001583;COTAS;10392.220937000000000;
202401;4707;2013002092;COTAS;26068834.908733000000000;
202401;4666;2021002756;COTAS;1188181.144810000000000;
202401;3321;9970000000;VL_PG_RC;0.000000000000000;
202401;4221;2006004247;OPERACAO_PARTICIPANTE;831610.663141000000000;
202401;4666;2021002756;COTAS;752833.842001000000000;
202401;4666;2021002756;COTAS;3328508.586309000000000;
202401;4221;2006004247;TIT_PUB;126363.080000000000000;
202401;4707;2013002092;COTAS;31205184.962920000000000;
202401;4221;2011002419;COTAS;1268515.210910000000000;
202401;3349;1995003638;COTAS;7808850.000000000000000;
202401;4221;2011002419;COTAS;404804.335776000000000;
202401;3839;2009001583;VL_PG_RC;-14367.510000000000000;
202401;4221;2011002419;COTAS;1846160.341859000000000;
202401;4741;2013001738;COTAS;134661087.520347000000000;39316965000123
202401;3861;1993001719;COTAS;17732735.680396000000000;
202401;4581;9970000000;CAIXA;3728.300000000000000;
202401;4741;9970000000;COTAS;14671303.111952000000000;
202401;3861;1993001719;COTAS;29619493.875071000000000;
202401;4707;2013002092;COTAS;44026847.639731000000000;
202401;4755;2014000311;COTAS;14900424.079068000000000;
202401;3887;1999004965;COTAS;854622.000000000000000;
202401;3349;1995003638;COTAS;3191100.000000000000000;
202401;4755;2014000311;COTAS;2190267.382985000000000;
202401;4707;2013002092;COTAS;74381424.481462000000000;
202401;4666;2021002756;COTAS;2185331.691047000000000;
202401;4755;2014000311;COTAS;17660.536071000000000;
202401;3887;1999004965;COTAS;614319.639352000000000;
202401;4755;2014000311;COTAS;1168560.497724000000000;
202401;3887;1999004965;COTAS;137030.194160000000000;
202401;4707;2013002092;COTAS;9280096.501921000000000;
202401;4755;2015001247;COTAS;6978.597659000000000;
202401;3887;1999004965;COTAS;9142867.320034000000000;
202401;4707;2018001329;COTAS;195929.561921000000000;
202401;4755;2015001247;COTAS;41467.960685000000000;
202401;4755;2015001247;COTAS;260692.059391000000000;
202401;4683;2004002311;COTAS;92171.632545000000000;41287925000142
202401;4221;2011002419;COTAS;230670.054589000000000;
202401;4755;2015001247;COTAS;36280.195365000000000;
202401;3349;1995003638;COTAS;9010716.000000000000000;
202401;4683;2022001338;CAIXA;4506.490000000000000;
202401;4604;2010002083;COTAS;3402591.381336000000000;
202401;4755;2015001247;COTAS;62103.718691000000000;
202401;4707;2018001892;COTAS;54931.766686000000000;
202401;4604;2010002083;COTAS;11600656.751456000000000;
202401;4755;9970000000;COTAS;1012807.371894000000000;
202401;4769;2015000429;CAIXA;6379.580000000000000;
202401;4707;2018001892;COTAS;5276861.391807000000000;
202401;4604;2010002083;COTAS;8357645.003390000000000;
202401;4221;2011002419;VL_PG_RC;-20360.080000000000000;
202401;4707;2018001892;COTAS;584564.813254000000000;
202401;3887;1999004965;TIT_PUB;388677681.000000000000000;
202401;4604;2010002083;COTAS;175445920.847115000000000;
202401;4221;2012001629;CAIXA;90663.800000000000000;
202401;4707;2019003856;COTAS;1417236.160539000000000;
202401;3887;9970000000;COTAS;1276030.630272000000000;
202401;4221;2012001629;COTAS;444656.169469000000000;
202401;4707;2020000474;COTAS;17074.926419000000000;
202401;4221;2012001629;COTAS;29550.575718000000000;
202401;4635;2011000947;COTAS;183121.496448000000000;
202401;4707;2020002647;CAIXA;238999.910000000000000;
202401;4683;9970000000;CAIXA;4483.450000000000000;
202401;4221;2012001874;CAIXA;272899.170000000000000;
202401;3928;1999001265;CAIXA;25151.650000000000000;
202401;3349;1995003638;COTAS;8347279.966085000000000;
202401;4707;2013000138;COTAS;7168419.500000000000000;
202401;3928;1999001265;COTAS;2073550.209060000000000;
202401;4635;2011000947;COTAS;1904950.502253000000000;
202401;4221;2012001874;COTAS;1790965.864926000000000;
202401;4707;2020002647;COTAS;438572.198257000000000;
202401;4769;2015000429;COTAS;1038168.839044000000000;
202401;3349;1995003638;COTAS;7806425.291067000000000;
202401;4635;2011000947;COTAS;2892027.776715000000000;
202401;4707;2020002647;COTAS;30606.786703000000000;
202401;3928;1999001265;COTAS;2989429.028917000000000;
202401;4707;2013000138;COTAS;5452520.551315000000000;
202401;4635;2011000947;COTAS;3912438.600731000000000;
202401;3945;1999002318;COTAS;7148557.018412000000000;
202401;4707;2013000138;COTAS;11756951.288009000000000;
202401;3945;1999002318;COTAS;3562077.999375000000000;
202401;4769;2015000429;COTAS;3841197.971901000000000;
202401;4221;2012001874;COTAS;146633.345321000000000;
202401;4707;2013000138;COTAS;7242733.504278000000000;
202401;4635;2011000947;COTAS;4293236.417465000000000;
202401;3349;1995003638;COTAS;2558280.572779000000000;
202401;4707;2013000138;COTAS;29335402.212209000000000;
202401;3349;1995003638;COTAS;7854093.208376000000000;
202401;4707;2013000138;COTAS;126169986.397425000000000;
202401;4711;2008002047;CAIXA;62726.900000000000000;
202401;4635;2011000947;VL_PG_RC;-18572.240000000000000;
202401;3945;9970000000;COTAS;755950.932113000000000;
202401;4769;2015000429;COTAS;117244.750000000000000;
202401;4011;2014001456;CAIXA;37794.730000000000000;
202401;4769;2015000429;COTAS;2277156.701000000000000;
202401;4011;9970000000;VL_PG_RC;-587.180000000000000;
202401;4769;2021001083;CAIXA;58.130000000000000;
202401;4707;2013000138;COTAS;8357047.162017000000000;
202401;3349;1995003638;COTAS;11385819.286180000000000;
202401;4221;2015001883;COTAS;427040.712932000000000;
202401;4039;2000004229;COTAS;24653725.383176000000000;
202401;3349;1995003638;COTAS;7909972.561253000000000;
202401;4711;2018000519;COTAS;4530170.541143000000000;26324274000120
202401;4039;2000004229;COTAS;700761.811282000000000;
202401;4248;2000001718;CAIXA;200.000000000000000;
202401;4039;2000004229;OPERACAO_PARTICIPANTE;15079747.200000000000000;
202401;4635;2021002756;CAIXA;600.000000000000000;
202401;4769;2021001083;COTAS;7134.179994000000000;
202401;3349;1995003638;COTAS;8698436.503293000000000;
202401;4635;2021002756;COTAS;752833.842001000000000;
202401;4248;2009000838;COTAS;9063191.662897000000000;
202401;4724;2013000383;COTAS;33385691.799912000000000;
202401;4042;2000004792;COTAS;3527364.530199000000000;
202401;4248;2009000838;COTAS;70340928.221520000000000;18936235000155
202401;4042;2000004792;COTAS;915607.510297000000000;
202401;4248;2009000838;COTAS;92432.849068000000000;52350495000182
202401;4635;2021002756;COTAS;2185331.691047000000000;
202401;4042;2000004792;COTAS;168082.910510000000000;
202401;3349;1995003638;TIT_PUB;228134701.000000000000000;
202401;4635;2021002756;COTAS;4242180.746448000000000;
202401;4724;2013000383;COTAS;205162249.667615000000000;42922268000120
202401;3407;1995003247;COTAS;12703566.347151000000000;
202401;4769;9970000000;COTAS;4101796.719969000000000;
202401;4635;9970000000;VL_PG_RC;-182.360000000000000;
202401;4707;2013000219;COTAS;9233576.062629000000000;
202401;4042;2000004792;COTAS;3984311.295698000000000;
202401;4786;2016000856;COTAS;949064.562601000000000;
202401;4707;2013000219;COTAS;9488441.855189000000000;
202401;4042;2000004792;COTAS;73204095.989744000000000;
202401;4042;2000004792;COTAS;14993116.680000000000000;
202401;4786;2016000856;COTAS;1609780.549908000000000;
202401;4707;2013002092;COTAS;5096457.198790000000000;
202401;4724;2013000618;COTAS;3039724.550082000000000;
202401;4248;2011001919;COTAS;199714036.240495000000000;03497804000136
202401;4649;2010003756;COTAS;38618022.081794000000000;44917099000166
202401;4786;2016000856;COTAS;1001909.030717000000000;
202401;4649;9970000000;CAIXA;0.000000000000000;
202401;4724;2013000618;VL_PG_RC;-43154.290000000000000;
202401;4707;2013002092;COTAS;60192158.870268000000000;
202401;4248;2011001919;VL_PG_RC;25780009.250000000000000;
202401;4042;2000004792;COTAS;6493880.730000000000000;
202401;4707;2013002092;COTAS;62068264.564728000000000;
202401;3407;1995003247;COTAS;10547787.290628000000000;
202401;4248;2020001683;COTAS;1936758.894916000000000;03079923000179
202401;4042;2000004792;COTAS;980878.577143000000000;
202401;4724;9970000000;COTAS;100735166.423844000000000;
202401;4707;2018001329;COTAS;73219.359600000000000;
202401;4042;2000004792;TIT_PRIV;3127501.020000000000000;
202401;4724;9970000000;TIT_PUB;10803614.020000000000000;
202401;4786;2018001019;COTAS;165439.091128000000000;
202401;4707;2018001329;COTAS;752018.321031000000000;
202401;4707;2018001329;VL_PG_RC;-20825.370000000000000;
202401;4091;1974000338;COTAS;15419248.200000000000000;
202401;3407;1995003247;VL_PG_RC;-61167.910000000000000;
202401;4738;2013001347;TIT_PUB;33424504.470000000000000;
202401;4786;2018001019;COTAS;15885.876728000000000;
202401;4091;1974000338;COTAS;27369768.233930000000000;
202401;4786;2018001019;COTAS;48167.316895000000000;
202401;4707;2018001892;CAIXA;328412.130000000000000;
202401;4786;2019000611;COTAS;316834.760084000000000;
202401;4666;2011000629;COTAS;21886443.736084000000000;
202401;3411;2016001356;COTAS;15741292.287210000000000;13425757000179
202401;4741;9970000000;CAIXA;5986.500000000000000;
202401;4786;2019000611;COTAS;31771.368810000000000;
202401;4666;2011000629;COTAS;4677678.810147000000000;
202401;4091;1974000338;COTAS;209345.400561000000000;
202401;4786;2019000611;COTAS;112390.703739000000000;
202401;4666;2011000629;COTAS;3551971.632358000000000;
202401;4091;1974000338;IMOVEIS;26631435.990000000000000;
202401;4786;9970000000;COTAS;386644.128871000000000;
202401;4755;2014000311;COTAS;5480193.663835000000000;
202401;4248;2020001683;COTAS;4775894.400958000000000;08035716000136
202401;4091;2002001529;OPERACAO_PARTICIPANTE;4904310.269914866900000;
202401;4707;2018001892;COTAS;388260.789853000000000;
202401;3411;2016001356;COTAS;16794423.370516000000000;13970020000137
202401;4091;2002001529;TIT_PUB;341403933.630000000000000;
202401;4707;2018001892;COTAS;256205.936131000000000;
202401;4666;2011000629;COTAS;25036509.939404000000000;
202401;4279;2004002711;COTAS;445179089.882386000000000;24249941000121
202401;4791;2016001283;COTAS;231903.720000000000000;
202401;4755;2014000311;COTAS;5106945.229156000000000;
202401;4279;2016001992;COTAS;117631222.649102000000000;51032832000120
202401;3411;2016001356;COTAS;4989230.323282000000000;45017499000188
202401;4707;2018001892;COTAS;408576.971571000000000;
202401;4279;2018000111;COTAS;820933.376076000000000;14879592000178
202401;4666;2011000629;COTAS;73638630.579229000000000;
202401;4101;2002001847;COTAS;251908070.885441000000000;07377701000193
202401;4755;2015001247;COTAS;56300.499779000000000;
202401;4791;2016001283;COTAS;2899575.139998000000000;
202401;3411;9970000000;CAIXA;12333.090000000000000;
202401;4666;2011000629;VL_PG_RC;-568874.030000000000000;
202401;4707;2018001892;COTAS;576356.960491000000000;
202401;4755;2015001247;COTAS;42610.992398000000000;
202401;4282;2004003065;COTAS;6815396.807440000000000;
202401;4791;2016001283;COTAS;1000420.849998000000000;
202401;3438;1989001238;COTAS;1625778.028174000000000;
202401;4131;1986000419;TIT_PRIV;357820.430000000000000;
202401;4311;9970000000;COTAS;8846931.919872000000000;
202401;3438;1999001729;VL_PG_RC;0.000000000000000;
202401;4707;2019003856;COTAS;302822.437498000000000;
202401;4707;2019003856;COTAS;362575.574887000000000;
202401;3438;2000001238;COTAS;27500225.820465000000000;17706099000144
202401;4666;2011000947;COTAS;80768149.585886000000000;
202401;4409;2006000829;COTAS;362255.057045000000000;
202401;4801;2016001518;COTAS;38494262.260001000000000;
202401;4666;2011000947;COTAS;2477574.341242000000000;
202401;4707;2019003856;COTAS;1641037.766644000000000;
202401;4409;2006000829;COTAS;5074854.473614000000000;
202401;3438;2000003011;COTAS;93542191.748309000000000;46206481000197
202401;4801;2016001518;COTAS;6719013.790062000000000;
202401;4707;2020000474;COTAS;353881.935485000000000;
202401;4755;2015001247;COTAS;52693.641870000000000;
202401;4707;2020000474;VL_PG_RC;-11768.990000000000000;
202401;4666;2011000947;COTAS;4268824.674730000000000;
202401;4131;1993001018;TIT_PRIV;103643.180000000000000;
202401;4707;2020002647;COTAS;4027144.127043000000000;
202401;4666;2011000947;COTAS;14057644.564131000000000;
202401;4131;1998006719;COTAS;529253.589694000000000;
202401;4707;2020002647;COTAS;1520120.862862000000000;
202401;4813;2017000965;COTAS;1835246.133834000000000;
202401;4131;1998006719;COTAS;3759457.700431000000000;
202401;4707;2020002647;COTAS;219749.405714000000000;
202401;4131;1998006719;VL_PG_RC;-7359.990000000000000;
202401;4755;2015001247;TIT_PUB;787887.250000000000000;
202401;4707;9970000000;COTAS;6309805.189999000000000;
202401;4131;2002000247;COTAS;9395513.411650000000000;
202401;4755;2020002574;COTAS;18713.122639000000000;
202401;3438;2000005111;COTAS;32079915.567918000000000;20030716000149
202401;4711;2018000519;VL_PG_RC;-584.860000000000000;
202401;4131;2002000247;TIT_PRIV;2214017.300000000000000;
202401;4409;2006000829;VL_PG_RC;-40689.480000000000000;
202401;4666;2021002756;COTAS;1035442.437575000000000;
202401;3438;2001002092;CAIXA;122678.760000000000000;
202401;4426;2006003111;ACOES;1951743.740000000000000;
202401;4755;2020002574;VL_PG_RC;0.000000000000000;
202401;4813;9970000000;CAIXA;248.410000000000000;
202401;4755;9970000000;COTAS;296800.066362000000000;
202401;4131;2006006665;CAIXA;107840.980000000000000;
202401;4666;2021002756;COTAS;1178216.812545000000000;
202401;4711;2019003538;COTAS;7283237.680852000000000;26324274000120
202401;4827;2018002465;COTAS;467156.246842000000000;
202401;3438;2001002092;VL_PG_RC;0.000000000000000;
202401;4666;9970000000;COTAS;5726017.480917000000000;
202401;4426;2006003111;COTAS;5528170.000000000000000;
202401;3438;2002002118;CAIXA;32894.210000000000000;
202401;4683;2004002311;CAIXA;1545.210000000000000;
202401;3438;2002002118;VL_PG_RC;1391695.680000000000000;
202401;4755;9970000000;VL_PG_RC;0.000000000000000;
202401;3438;2006000438;COTAS;94100393.635197000000000;15730745000183
202401;4724;2013000383;COTAS;2646542.028568000000000;
202401;4827;2018002465;VL_PG_RC;-22868.700000000000000;
202401;4683;2004002311;COTAS;3544290.140604000000000;
202401;4131;2008004211;COTAS;5301610.885700000000000;
202401;4683;2005000647;COTAS;22632580.738878000000000;27696713000198
202401;4769;2015000429;COTAS;1600103.910003000000000;
202401;3438;2006002147;COTAS;47107395.295095000000000;08661367000168
202401;4131;2008004392;OPERACAO_PARTICIPANTE;7301.040000000000000;
202401;4426;2006003111;VL_PG_RC;-23264.920000000000000;
202401;4769;2015000429;COTAS;16006636.379997000000000;
202401;3438;2006002147;OPERACAO_PARTICIPANTE;918505.780000000000000;
202401;4131;2017000647;TIT_PRIV;14147971.510000000000000;
202401;4769;9970000000;COTAS;4402287.080008000000000;
202401;4769;9970000000;COTAS;4360267.018721000000000;
202401;3438;2006002465;COTAS;103582508.858548000000000;08661367000168
202401;4724;2013000383;COTAS;56596004.266541000000000;
202401;4769;9970000000;VL_PG_RC;-1805.300000000000000;
202401;4683;2008000818;COTAS;38359943.729048000000000;
202401;4724;2013000383;COTAS;167237816.258479000000000;
202401;4786;2016000856;CAIXA;5094.440000000000000;
202401;3438;2006002856;VL_PG_RC;-367404.030000000000000;
202401;4786;2016000856;COTAS;7222607.390956000000000;
202401;4131;9970000000;CAIXA;101951.910000000000000;
202401;4724;2013000618;COTAS;7773988.181970000000000;
202401;4683;9970000000;VL_PG_RC;0.000000000000000;
202401;4426;2007002329;COTAS;485370019.426697000000000;
202401;4426;2007002329;TIT_PRIV;1075751816.920000000000000;
202401;4786;2016000856;COTAS;969768.913622000000000;
202401;4443;1982002018;COTAS;7393416.835250000000000;
202401;3438;2007001111;CAIXA;625965.950000000000000;
202401;4724;2013000618;COTAS;164946034.926951000000000;
202401;4786;2016000856;COTAS;2583876.359269000000000;
202401;4443;1982002018;COTAS;6926166.660866000000000;
202401;4443;1988000947;COTAS;191770269.363326000000000;13520736000132
202401;4827;2019003465;COTAS;1917446.300366000000000;
202401;4181;2004000147;COTAS;151806673.294082000000000;
202401;4786;2018001019;CAIXA;2145.610000000000000;
202401;4786;2018001019;COTAS;20484.503492000000000;
202401;4827;2022002611;CAIXA;196.500000000000000;
202401;4181;2004000147;VL_PG_RC;-24306.290000000000000;
202401;3438;2007001438;CAIXA;168317.330000000000000;
202401;4786;2018001019;COTAS;39238.711439000000000;
202401;4203;2000002838;COTAS;224212933.862484000000000;40189629000146
202401;4786;2019000611;COTAS;52725.794320000000000;
202401;4827;9970000000;CAIXA;14890.400000000000000;
202401;4203;2000002838;OPERACAO_PARTICIPANTE;19792062.161191406600000;
202401;4707;2013000138;COTAS;14666999.671082000000000;
202401;4831;1981000283;COTAS;23974338.246257000000000;
202401;4203;2000006574;CAIXA;4594989.990000000000000;
202401;4707;2013000138;COTAS;24858757.745363000000000;
202401;4786;2019000611;COTAS;30397.786795000000000;
202401;4831;1988002729;COTAS;118678673.926853000000000;05058237000147
202401;4724;2013000618;TIT_PUB;470685367.100000000000000;
202401;4203;2004000929;COTAS;790669.639968000000000;40189032000100
202401;4707;2013002092;COTAS;9970251.698828000000000;
202401;4786;9970000000;CAIXA;21224.470000000000000;
202401;4831;1998003647;COTAS;96353669.625631000000000;20468746000131
202401;4443;1998002292;COTAS;123010202.022404000000000;13520470000128
202401;4831;1998003647;COTAS;86103170.081943000000000;42774871000102
202401;3438;2007001438;COTAS;29275654.019998000000000;
202401;4443;1998002292;VL_PG_RC;972610.080000000000000;
202401;4203;2004000929;COTAS;376200.880138000000000;40190375000186
202401;4831;1998006565;COTAS;583669.158988000000000;
202401;4707;2013002092;COTAS;5691082.799095000000000;
202401;3438;2007001438;VL_PG_RC;-194650.810000000000000;
202401;4738;9970000000;COTAS;2708282.851173000000000;
202401;4831;1998006565;COTAS;255998.772697000000000;
202401;4707;2013002092;COTAS;1740749.615357000000000;
202401;4831;1998006565;OPERACAO_PARTICIPANTE;856686.299967228400000;
202401;4786;9970000000;COTAS;49258.050286000000000;
202401;4741;2013001738;COTAS;19279765.120000000000000;
202401;4217;1997000792;VL_PG_RC;-333.290000000000000;
202401;4707;2013002092;COTAS;10344906.750147000000000;
202401;4741;2013001738;COTAS;136242323.259134000000000;
202401;3438;2007003856;VL_PG_RC;-594.500000000000000;
202401;4741;2013001738;COTAS;71455070.243546000000000;
202401;3438;2008003256;COTAS;6118101.280001000000000;
202401;4217;2006004638;COTAS;93489715.193949000000000;18683208000118
202401;4741;2013001738;COTAS;167001806.959728000000000;25108925000181
202401;3438;2008003256;VL_PG_RC;-35168135.430000000000000;
202401;4831;2019001829;COTAS;333858.680496000000000;
202401;4831;2019001829;COTAS;478362226.826242000000000;20468585000186
202401;4741;2013001738;VL_PG_RC;-115790.150000000000000;
202401;4791;2016001283;COTAS;3066802.509997000000000;
202401;4831;9970000000;COTAS;12972374.643303000000000;15435379000130
202401;4707;2013002092;COTAS;9451664.119578000000000;
202401;4443;2006007165;COTAS;313955458.501491000000000;21624950000167
202401;3438;2009002083;COTAS;4588717.031035000000000;
202401;4707;2013002092;COTAS;9701928.928032000000000;
202401;4217;2006004638;VL_PG_RC;-17069.310000000000000;
202401;4741;9970000000;COTAS;5159439.451697000000000;
202401;3438;2009003519;CAIXA;1158875.150000000000000;
202401;4844;2019000547;COTAS;2348318.316539000000000;
202401;4707;2013002092;COTAS;463254534.598200000000000;
202401;4461;2006005065;CAIXA;804432.560000000000000;
202401;3438;2010005465;COTAS;22042871.550000000000000;25423301000159
202401;4707;2018001329;COTAS;64627.357165000000000;
202401;4217;2021003329;CAIXA;60578.130000000000000;
202401;4741;9970000000;VL_PG_RC;-3277.040000000000000;
202401;4217;2022000374;COTAS;888161.047689000000000;18683208000118
202401;4844;2019000547;COTAS;3480284.054925000000000;
202401;4217;2022000374;VL_PG_RC;29.930000000000000;
202401;4844;9970000000;COTAS;1078843.128267000000000;
202401;4755;2014000311;COTAS;943729.643337000000000;
202401;4217;9970000000;COTAS;2277147.847507000000000;
202401;4221;2011002419;COTAS;170821.730440000000000;
202401;4707;2018001329;COTAS;233390.700772000000000;
202401;4858;2018002211;CAIXA;606.540000000000000;
202401;4791;2016001283;COTAS;1808825.110000000000000;
202401;4755;2014000311;COTAS;1058741.076182000000000;
202401;4707;2018001892;COTAS;388469.380100000000000;
202401;4755;2014000311;COTAS;1536566.051070000000000;
202401;4707;2018001892;COTAS;431457.487906000000000;
202401;4755;2015001247;COTAS;398695.976137000000000;
202401;4461;9970000000;COTAS;496767.909999000000000;
202401;3438;2010005465;VL_PG_RC;-104335.610000000000000;
202401;4221;2012001629;COTAS;1172977.913311000000000;
202401;4755;2015001247;COTAS;260377.258942000000000;
202401;4491;9970000000;CAIXA;0.000000000000000;
202401;3438;2012000347;COTAS;1226426.613263000000000;
202401;4861;9970000000;COTAS;1067502.098556000000000;
202401;3438;2013001983;CAIXA;106834.430000000000000;
202401;4889;9970000000;VL_PG_RC;-140.760000000000000;
202401;4515;2007003538;COTAS;237759180.241499000000000;16557853000169
202401;4221;2012001629;COTAS;418265.826885000000000;
202401;3438;2013001983;COTAS;26636701.547977000000000;04587998000123
202401;4791;2016001283;COTAS;2099220.800161000000000;
202401;3438;2016002018;COTAS;16836768.009808000000000;
202401;4529;9970000000;COTAS;1663827.839992000000000;
202401;3438;2020002183;COTAS;21593016.435067000000000;
202401;4755;2015001247;COTAS;6272.457980000000000;
202401;4221;2012001629;COTAS;263506.273304000000000;
202401;4892;9970000000;COTAS;2093949.328817000000000;
202401;4221;2012001629;COTAS;3390880.909796000000000;
202401;4947;1996003747;COTAS;3665400.000000000000000;
202401;4755;2015001247;COTAS;20414.673513000000000;
202401;4221;2012001629;COTAS;748234.124512000000000;
202401;3438;2021002438;COTAS;30132260.159240000000000;
202401;4707;2018001892;COTAS;1141020.546053000000000;
202401;4791;2016001283;COTAS;3149215.060000000000000;
202401;4947;1996003747;COTAS;2033366.191194000000000;
202401;4755;2015001247;COTAS;30279.474592000000000;
202401;4791;2020001047;CAIXA;130.520000000000000;
202401;4947;1996003747;COTAS;224645371.095848000000000;
202401;4707;2019003856;COTAS;343762.467127000000000;
202401;4791;9970000000;CAIXA;5050.450000000000000;
202401;4707;2020000474;COTAS;391136.199998000000000;
202401;4221;2012001629;OPERACAO_PARTICIPANTE;693165.450876000000000;
202401;4707;2020000474;COTAS;1049324.138251000000000;
202401;4947;1996003747;COTAS;69202088.666822000000000;
202401;4755;2015001247;COTAS;48183.567901000000000;
202401;3438;9970000000;COTAS;10464029.326501000000000;
202401;4791;9970000000;COTAS;4265645.509990000000000;
202401;3472;1984001183;COTAS;316931609.662610000000000;20519416000128
202401;4221;2012001874;COTAS;1840627.710993000000000;
202401;4755;2015001247;VL_PG_RC;0.000000000000000;
202401;3472;1984001183;COTAS;327204583.391352000000000;42831476000114
202401;4707;2020002647;COTAS;1186950.310073000000000;
202401;4791;9970000000;COTAS;1579568.220001000000000;
202401;4755;2020002574;CAIXA;5.830000000000000;
202401;4707;9970000000;VL_PG_RC;-146864.700000000000000;
202401;4546;2009000919;COTAS;3353196.695299000000000;
202401;4221;2012001874;COTAS;998493.174474000000000;
202401;4801;2016001518;COTAS;11873763.649950000000000;
202401;3472;1984001183;IMOVEIS;55311000.000000000000000;
202401;4546;2009000919;COTAS;2651461.074910000000000;
202401;3472;2023000718;COTAS;16524990.490311000000000;20519416000128
202401;4801;2016001518;COTAS;18805962.970000000000000;
202401;3472;2023000718;COTAS;16719260.638144000000000;42831476000114
202401;4801;2016001518;COTAS;3958884.730000000000000;
202401;4221;2012001874;COTAS;3015986.285006000000000;
202401;4711;2008002047;COTAS;62320549.696600000000000;46975834000113
202401;4947;9970000000;VL_PG_RC;-7671.070000000000000;
202401;4755;9970000000;COTAS;50479.292972000000000;
202401;4711;9970000000;COTAS;2113636.931758000000000;26324274000120
202401;4755;9970000000;COTAS;173525.665206000000000;
202401;3527;1996002619;COTAS;232024117.141699000000000;
202401;4755;9970000000;COTAS;198616.882740000000000;
202401;4724;2013000383;CAIXA;1519130.180000000000000;
202401;4546;2009000919;OPERACAO_PARTICIPANTE;1383085.720000000000000;
202401;4769;2015000429;COTAS;22471950.639723000000000;
202401;4221;2012001874;OPERACAO_PARTICIPANTE;887983.325736000000000;
202401;3527;1996002619;COTAS;4605861.403166000000000;
202401;4577;2008003892;COTAS;3372771.441228000000000;
202401;4724;2013000383;COTAS;199005012.390480000000000;
202401;4769;2015000429;COTAS;877957.210001000000000;
202401;4724;2013000383;COTAS;192410770.132219000000000;37467600000174
202401;4786;2016000856;COTAS;47645628.556788000000000;
202401;3527;1996002619;COTAS;19892530.853078000000000;
202401;4801;9970000000;COTAS;218503.829208000000000;
202401;4724;9970000000;CAIXA;1222252.110000000000000;
202401;4827;2018002465;COTAS;425525.520000000000000;
202401;4221;2015001883;CAIXA;103718.590000000000000;
202401;3527;1996002619;TIT_PUB;35858235.800000000000000;
202401;4786;2016000856;COTAS;870525.480549000000000;
202401;3527;2020001365;CAIXA;2913.440000000000000;
202401;4786;2016000856;VL_PG_RC;-3381.460000000000000;
202401;3527;2020001365;COTAS;6274594.160349000000000;
202401;4786;2018001019;COTAS;29796.602631000000000;
202401;4221;2015001883;COTAS;43143.440962000000000;
202401;4577;2008003892;COTAS;1287746.760417000000000;
202401;4221;2015001883;COTAS;17765.705728000000000;
202401;4786;2019000611;COTAS;23607.981705000000000;
202401;4738;2013001347;COTAS;38848233.494544000000000;
202401;4827;9970000000;COTAS;341926.121999000000000;
202401;3527;2020001365;COTAS;9826853.473145000000000;
202401;4234;9970000000;VL_PG_RC;1921.990000000000000;
202401;4248;2000001718;OPERACAO_PARTICIPANTE;677093.060000000000000;
202401;4831;1974000583;COTAS;550627059.939544000000000;09606154000104
202401;4738;2013001347;COTAS;30588538.956917000000000;
202401;4786;9970000000;COTAS;3101.772392000000000;
202401;4248;2009000838;COTAS;84839370.760019000000000;20726076000106
202401;4248;2009000838;COTAS;25188517.472662000000000;28206291000198
202401;4577;2008003892;COTAS;1697713.963225000000000;
202401;4248;2011001919;CAIXA;92004.370000000000000;
202401;4577;2008003892;COTAS;1485593.142120000000000;
202401;4248;2014001847;COTAS;594125.156574000000000;
202401;3527;2020001365;COTAS;2645653.396507000000000;
202401;4248;2014001847;COTAS;229231172.234741000000000;21596641000120
202401;4831;1981000283;COTAS;-320676.242292000000000;
202401;3527;2020001365;COTAS;1455192.469559000000000;
202401;4831;1981000283;COTAS;320972.197200000000000;
202401;4786;9970000000;COTAS;338229.216572000000000;
202401;4248;2020001683;COTAS;6410.085137000000000;52349885000132
202401;4791;2016001283;COTAS;917547.620000000000000;
202401;4248;9970000000;COTAS;2390013.933609000000000;18936235000155
202401;3527;2020001365;COTAS;3542238.651630000000000;
202401;4791;2016001283;COTAS;1622446.220001000000000;
202401;4831;1981000283;COTAS;12304148.850000000000000;
202401;4279;2004002711;CAIXA;870714.060000000000000;
202401;3527;2020001365;COTAS;4261521.208201000000000;
202401;4738;9970000000;COTAS;2671842.353800000000000;
202401;4577;2008003892;COTAS;3971717.721485000000000;
202401;4738;9970000000;VL_PG_RC;0.000000000000000;
202401;4831;1981000283;IMOVEIS;11041742.080000000000000;
202401;3527;2020001756;COTAS;4623009.521577000000000;
202401;4279;2004002711;VL_PG_RC;-1262782.100000000000000;
202401;4741;2013001738;ACOES;51323652.520000000000000;
202401;3527;2020001756;COTAS;50333176.688586000000000;
202401;4791;2016001283;COTAS;9486467.409978000000000;
202401;4577;2008003892;COTAS;3572795.950625000000000;
202401;4577;2008003892;VL_PG_RC;-185187.560000000000000;
202401;4791;2020001047;COTAS;32268.779999000000000;
202401;4577;2010001974;CAIXA;100148.750000000000000;
202401;4791;2020001047;VL_PG_RC;-0.110000000000000;
202401;3527;9970000000;COTAS;2101922.256923000000000;
202401;4741;2013001738;COTAS;14340196.760000000000000;
202401;4831;1998003647;COTAS;2708458.053517000000000;
202401;4279;2018000111;COTAS;286810.546613000000000;24215247000193
202401;3531;9970000000;CAIXA;3418.820000000000000;
202401;4791;9970000000;COTAS;682514.139999000000000;
202401;4741;2013001738;COTAS;11578345.680000000000000;
202401;4831;1998003647;COTAS;25785852.120931000000000;37452344000141
202401;4279;2018000111;COTAS;384620.644297000000000;24215260000142
202401;3558;1996003992;COTAS;442544987.749996000000000;05114396000111
202401;4741;2013001738;TIT_PRIV;601219039.890000000000000;
202401;4279;2018000111;COTAS;1907749.977218000000000;24215307000178
202401;4791;9970000000;COTAS;658618.699998000000000;
202401;4755;2014000311;COTAS;152806.757353000000000;
202401;4831;1998003647;VL_PG_RC;103178.380000000000000;
202401;4755;2014000311;COTAS;1338303.052667000000000;
202401;4282;2004003065;COTAS;1339810.621877000000000;
202401;3558;9970000000;COTAS;2280062.173353000000000;
202401;4282;2004003065;COTAS;1057347.663957000000000;
202401;4801;2016001518;COTAS;27757221.300003000000000;
202401;4282;9970000000;TIT_PUB;4062641.900000000000000;
202401;4831;2005005274;COTAS;3110858.350437000000000;20468746000131
202401;4755;2014000311;COTAS;1276943.579118000000000;
202401;4831;2005005274;COTAS;3847755.432099000000000;37452344000141
202401;4577;2010001974;COTAS;276214.682373000000000;
202401;4801;9970000000;COTAS;221599.920143000000000;
202401;3575;1996004247;COTAS;104736604.320517000000000;23731312000170
202401;4577;2010001974;COTAS;307027.040739000000000;
202401;4755;2014000311;COTAS;1187995.009338000000000;
202401;4831;2005005274;VL_PG_RC;195878.450000000000000;
202401;4577;2010001974;COTAS;246602.947033000000000;
202401;4311;1997002256;VL_PG_RC;0.000000000000000;
202401;4755;2014000311;COTAS;2890009.845835000000000;
202401;4755;2014000311;COTAS;5506371.715451000000000;
202401;4831;2019001829;IMOVEIS;4847935.970000000000000;
202401;4801;9970000000;COTAS;502733.279998000000000;
202401;4844;9970000000;COTAS;350685.757598000000000;
202401;3592;2006005911;COTAS;102109077.791223000000000;
202401;4581;1999000919;COTAS;114717216.813550000000000;38452593000108
202401;4311;2005002747;CAIXA;353.500000000000000;
202401;4858;9970000000;CAIXA;23244.130000000000000;
202401;4581;1999000919;COTAS;300844949.095382000000000;41687175000104
202401;4368;9970000000;COTAS;31367403.398752000000000;
202401;4861;2019000474;VL_PG_RC;-130.330000000000000;
202401;4755;2014000311;COTAS;2893527.141475000000000;
202401;4813;2017000965;COTAS;99280.756913000000000;
202401;4875;2020002329;COTAS;4873831.198481000000000;
202401;3602;1979000638;COTAS;5425347.300537000000000;
202401;4813;2017000965;COTAS;7374715.350084000000000;
202401;3602;1979000638;COTAS;156055540.060769000000000;03162048000194
202401;4813;2017000965;COTAS;21117300.748937000000000;
202401;4581;1999000919;VL_PG_RC;-31163.070000000000000;
202401;3602;1979000638;OPERACAO_PARTICIPANTE;19407039.930751854600000;
202401;4755;2020002574;COTAS;104697.635456000000000;
202401;4875;9970000000;CAIXA;28055.830000000000000;
202401;4371;2005004911;VL_PG_RC;0.000000000000000;
202401;4755;9970000000;COTAS;82876.457745000000000;
202401;3602;2009000511;COTAS;15673601.450000000000000;
202401;4581;9970000000;COTAS;418369.117093000000000;20726178000121
202401;4889;2016001674;TIT_PUB;1311179.126586000000000;
202401;4827;2022002611;COTAS;134847.544139000000000;
202401;3602;2009000511;COTAS;5509859.179611000000000;
202401;4594;1989001629;CAIXA;88929.170000000000000;
202401;3602;2009000511;COTAS;6858212.366026000000000;
202401;3602;2009000511;TIT_PRIV;3920734.490000000000000;
202401;4755;9970000000;COTAS;19721.136729000000000;
202401;4755;9970000000;TIT_PUB;7789659.820000000000000;
202401;4831;1974000583;CAIXA;57040.940000000000000;
202401;4786;2016000856;COTAS;1043232.670000000000000;
202401;4889;2016001747;CAIXA;23476.940000000000000;
202401;4371;9970000000;CAIXA;9879.020000000000000;
202401;4594;2009003683;VL_PG_RC;0.000000000000000;
202401;3602;2011001692;CAIXA;3347.720000000000000;
202401;4786;2018001019;COTAS;1336036.286346000000000;
202401;4371;9970000000;VL_PG_RC;0.000000000000000;
202401;4594;9970000000;VL_PG_RC;0.000000000000000;
202401;4889;2021000729;CAIXA;9597.420000000000000;
202401;4409;2006000829;COTAS;2811464.460010000000000;
202401;4604;2010002083;COTAS;11846224.641333000000000;
202401;4947;1996003747;COTAS;73.040491000000000;
202401;4831;1988002729;IMOVEIS;868540.780000000000000;
202401;4947;1996003747;COTAS;170466588.952270000000000;51869529000187
202401;4604;9970000000;VL_PG_RC;-22.540000000000000;
202401;3602;2011001692;COTAS;1123370.213181000000000;
202401;4831;1998006565;COTAS;11177131.608388000000000;20468585000186
202401;3602;2011001692;COTAS;1504698.544564000000000;
202401;4409;2006000829;COTAS;5815559.233869000000000;
202401;4618;9970000000;COTAS;2077117.189946000000000;19366021000153
202401;4786;2018001019;COTAS;31027.383774000000000;
202401;4621;2010005392;VL_PG_RC;-58540.930000000000000;
202401;4786;2018001019;VL_PG_RC;97119.230000000000000;
202401;4831;1998006565;VL_PG_RC;-595074.270000000000000;
202401;3602;2011001692;COTAS;7032467.594417000000000;
202401;4621;2011001765;VL_PG_RC;-11164.320000000000000;
202401;4831;2005005274;COTAS;5392316.026579000000000;
202401;4409;2006000829;COTAS;67259925.330000000000000;20833940000179
202401;4786;2019000611;COTAS;3589442.469412000000000;
202401;4831;2019001829;COTAS;1242858.880184000000000;
202401;4947;1996003747;OPERACAO_PARTICIPANTE;63125538.239554213600000;
202401;3602;2011001692;COTAS;4276032.869081000000000;
202401;4786;2019000611;COTAS;56168.497646000000000;
202401;4786;2019000611;VL_PG_RC;-212.910000000000000;
202401;4831;2019001829;COTAS;23755034.600083000000000;37452344000141
202401;4791;2016001283;COTAS;1458690.240000000000000;
202401;4621;9970000000;COTAS;1213199.150039000000000;37821719000101
202401;3602;2011001692;COTAS;8293740.947911000000000;
202401;4844;2019000547;COTAS;2015376.162748000000000;
202401;4412;2006001329;COTAS;19893905.960014000000000;
202401;4791;2016001283;VL_PG_RC;-1004822.840000000000000;
202401;4844;2019000547;COTAS;11377927.684116000000000;
202401;3602;2011001692;COTAS;5839655.741682000000000;49590183000131
202401;4635;2011000947;COTAS;2482849.989960000000000;
202401;4801;2016001518;COTAS;11389783.299996000000000;
202401;3602;2020002965;COTAS;15245.850000000000000;
202401;4635;2021002756;COTAS;24958806.505348000000000;
202401;4412;2006001329;COTAS;8210792.639611000000000;
202401;4635;2021002756;COTAS;1151433.923819000000000;
202401;4426;2006003111;COTAS;62632333.926243000000000;
202401;3602;2020002965;COTAS;4927.804374000000000;
202401;3602;2020002965;COTAS;1721878.700982000000000;
202401;4801;2016001518;COTAS;18633385.760001000000000;
202401;4858;2018002211;COTAS;17596.920000000000000;
202401;4858;2018002211;COTAS;27936.133036000000000;
202401;3602;2020002965;COTAS;21878.063901000000000;
202401;4861;2019000474;CAIXA;25409.880000000000000;
202401;4649;2010003756;OPERACAO_PARTICIPANTE;4134607.130000000000000;
202401;4801;2016001518;COTAS;15393846.120000000000000;
202401;4827;2018002465;COTAS;1165779.872192000000000;
202401;4426;2006003111;TIT_PRIV;107449094.040000000000000;
202401;4827;2018002465;COTAS;2356505.329338000000000;
202401;4652;2010004574;VL_PG_RC;-48234.390000000000000;
202401;4827;2018002465;TIT_PUB;2297860.820000000000000;
202401;4861;2019000474;COTAS;2391644.544547000000000;
202401;4426;2007002329;COTAS;6797418.000000000000000;
202401;3602;9970000000;COTAS;95092.763091000000000;
202401;4831;1974000583;VL_PG_RC;11687046.770000000000000;
202401;4652;2019001438;COTAS;847722.550000000000000;08998851000187
202401;3602;9970000000;COTAS;89454.945010000000000;
202401;4666;2011000629;COTAS;15661250.170794000000000;
202401;4831;1981000283;VL_PG_RC;15509588.440000000000000;
202401;4426;2007002329;TIT_PUB;715522095.390000000000000;
202401;4666;2011000629;COTAS;26153715.017356000000000;
202401;4831;1988002729;OPERACAO_PARTICIPANTE;301772.909990417700000;
202401;4831;1998003647;COTAS;35161533.979664000000000;
202401;4426;9970000000;CAIXA;0.000000000000000;
202401;4831;2005005274;COTAS;34525150.825078000000000;20468585000186
202401;4831;2019001829;COTAS;30840751.872703000000000;
202401;4443;1988000947;COTAS;7176328.499088000000000;21624950000167
202401;4831;2019001829;COTAS;8813565.525048000000000;
202401;4443;1998002292;COTAS;8440663.831911000000000;
202401;4666;2021002756;COTAS;1659604.505620000000000;
202401;3602;9970000000;COTAS;428557.021535000000000;22014343000148
202401;4861;2019000474;COTAS;2205487.770201000000000;
202401;4831;2019001829;OPERACAO_PARTICIPANTE;48188768.449435818000000;
202401;4861;9970000000;CAIXA;12079.420000000000000;
202401;3602;9970000000;COTAS;355424.059841000000000;50927335000128
202401;3647;9970000000;COTAS;665405.780004000000000;
202401;4666;2021002756;COTAS;12929378.612281000000000;
202401;4875;9970000000;COTAS;3439146.372472000000000;
202401;4443;9970000000;CAIXA;3863.910000000000000;
202401;4889;2016001674;VL_PG_RC;-1845.060000000000000;
202401;4666;9970000000;CAIXA;552321.900000000000000;
202401;4831;9970000000;COTAS;39542311.424474000000000;20468585000186
202401;4488;2007001918;CAIXA;485075.060000000000000;
202401;4844;2019000547;COTAS;7364229.988256000000000;
202401;4889;2016001747;COTAS;1039143.426773000000000;
202401;3647;9970000000;VL_PG_RC;0.000000000000000;
202401;4515;9970000000;COTAS;116642.559995000000000;09188149000110
202401;4529;2008002365;OPERACAO_PARTICIPANTE;25212518.212223000000000;
202401;4844;2019000547;COTAS;2218190.450616000000000;
202401;4892;2021000583;COTAS;579936.950341000000000;
202401;4844;2019000547;COTAS;3641425.792657000000000;
202401;4529;2008002365;TIT_PUB;207278826.960000000000000;
202401;4683;1990001165;COTAS;29020513.023830000000000;28715652000121
202401;4683;1990001165;TIT_PUB;246273527.800000000000000;
202401;4892;2021000583;COTAS;3246471.152498000000000;
202401;4529;9970000000;VL_PG_RC;0.000000000000000;
202401;4892;2021002829;COTAS;853993.705575000000000;
202401;3678;1989000819;COTAS;232039176.760001000000000;21053457000134
202401;4546;2009000919;CAIXA;100112.550000000000000;
202401;3678;1989000819;VL_PG_RC;-3589.620000000000000;
202401;4546;9970000000;CAIXA;125693.950000000000000;
202401;4844;9970000000;COTAS;2024961.769043000000000;
202401;3678;2008001474;CAIXA;3587.520000000000000;
202401;4892;9970000000;COTAS;978292.067361000000000;
202401;4947;1996003747;COTAS;12079931.753888000000000;
202401;3678;2010001818;CAIXA;2074.970000000000000;
202401;4577;2010001974;COTAS;450181.616209000000000;
202401;3825;1981000674;TIT_PUB;41562290.320000000000000;
202401;3825;1988002265;CAIXA;2000.000000000000000;
202401;4577;2010001974;COTAS;517429.920465000000000;
202401;4947;1996003747;COTAS;487001.447569000000000;
202401;3825;1988002265;COTAS;3092735.956212000000000;
202401;4858;2018002211;COTAS;48077.248043000000000;
202401;4683;2008000818;VL_PG_RC;-469388.710000000000000;
202401;4861;2019000474;COTAS;16262304.791007000000000;
202401;4683;2019000792;CAIXA;4680.050000000000000;
202401;4861;9970000000;VL_PG_RC;18869.390000000000000;
202401;4707;2013000138;COTAS;114173599.185133000000000;
202401;4707;2013000138;COTAS;11926797.756337000000000;
202401;4947;1996003747;COTAS;52408335.510682000000000;
202401;4707;2013000219;COTAS;99091061.724707000000000;
202401;4947;1996003747;COTAS;165130047.863369000000000;51763468000179
202401;3825;1988002265;VL_PG_RC;0.000000000000000;
202401;4577;2010001974;COTAS;262173.613887000000000;
202401;4577;9970000000;CAIXA;14409.730000000000000;
202401;4875;2020002329;TIT_PRIV;1320095.430000000000000;
202401;4577;9970000000;COTAS;124559.142065000000000;
202401;4875;9970000000;COTAS;1097378.555865000000000;
202401;4707;2013000219;COTAS;5058342.484687000000000;
202401;4581;1999000919;CAIXA;113523.840000000000000;
202401;4875;9970000000;TIT_PRIV;5758376.030000000000000;
202401;4889;2016001674;COTAS;20379701.113966000000000;
202401;4581;9970000000;COTAS;7258378.180797000000000;11005764000196
202401;4707;2013000219;COTAS;12282130.252828000000000;
202401;3825;1989001874;COTAS;26169656.972783000000000;
202401;3825;1989001874;COTAS;30199862.064859000000000;
202401;4889;9970000000;COTAS;1337805.938846000000000;
202401;3825;1993001638;COTAS;12441633.260943000000000;
202401;4707;2013000219;COTAS;72758270.027825000000000;
202401;4604;2010002083;COTAS;8353792.789328000000000;
202401;4892;9970000000;COTAS;16388920.758159000000000;
202401;4947;9970000000;COTAS;4107351.743211000000000;51763468000179
202401;4707;2013000219;COTAS;7303852.222555000000000;
202401;4707;2013000219;COTAS;78500732.004988000000000;
202401;4947;1996003747;COTAS;5737308.642940000000000;
202401;4604;2010002083;COTAS;102457083.867411000000000;
202401;4947;1996003747;COTAS;2603031.691039000000000;
202401;4707;2013002092;COTAS;37861995.297895000000000;
202401;4947;1996003747;COTAS;4492567.103177000000000;
202401;4621;2022002318;CAIXA;0.000000000000000;
202401;4707;2013002092;COTAS;7008042.643077000000000;
202401;4635;2011000947;CAIXA;36545.430000000000000;
202401;4707;2018001329;COTAS;24414.114011000000000;
202401;4635;2011000947;COTAS;4076839.660983000000000;
202401;3825;1993001638;COTAS;39797594.655018000000000;
202401;4707;2018001329;COTAS;4989746.516721000000000;
202401;4635;2011000947;COTAS;1620654.859939000000000;
202401;4707;2018001329;COTAS;42279.047734000000000;
202401;3825;1994000783;VL_PG_RC;0.000000000000000;
202401;4635;2021002756;COTAS;1830307.196673000000000;
202401;3825;1995001929;COTAS;11010963.057065000000000;
202401;4707;2018001892;COTAS;468222.595613000000000;
202401;4635;2021002756;COTAS;12929378.612281000000000;
202401;4707;2018001892;COTAS;415045.863464000000000;
202401;4707;2018001892;COTAS;265040.796267000000000;
202401;4635;9970000000;CAIXA;286619.030000000000000;
202401;3825;1997000229;COTAS;46565731.187815000000000;
202401;4707;2018001892;COTAS;473790.562707000000000;
202401;4649;2010003756;COTAS;7529254.118257000000000;50423703000109
202401;3825;1997002574;COTAS;19098651.604769000000000;
202401;4707;9970000000;COTAS;6311.609999000000000;
202401;4711;2008002047;COTAS;22827902.163946000000000;46975866000119
202401;4649;9970000000;VL_PG_RC;0.000000000000000;
202401;4652;9970000000;COTAS;35983.350000000000000;
202401;4666;2011000629;CAIXA;809043.170000000000000;
202401;4666;2011000629;COTAS;4883602.593914000000000;
202401;4666;2011000629;COTAS;96777868.587124000000000;
202401;4711;2008002047;VL_PG_RC;-584.860000000000000;
202401;4666;2011000947;COTAS;2482849.989960000000000;
202401;3825;1997003783;CAIXA;2000.000000000000000;
202401;4711;2014000638;COTAS;27596482.230036000000000;46975834000113
202401;4711;2019003538;COTAS;1460837.806005000000000;46975866000119
202401;3825;1997003783;VL_PG_RC;0.000000000000000;
202401;4666;2011000947;COTAS;39621722.826937000000000;
202401;4724;2013000383;VL_PG_RC;4092407.960000000000000;
202401;3825;1998001083;CAIXA;2000.000000000000000;
202401;4724;2013000618;CAIXA;449717.270000000000000;
202401;4724;2013000618;COTAS;1024354.040000000000000;
202401;4666;2021002756;COTAS;24958806.505348000000000;
202401;4724;2013000618;COTAS;6048302.465717000000000;
202401;4683;1990001165;COTAS;12171813.076200000000000;11907390000102
202401;4724;2013000618;COTAS;16432699.336792000000000;
202401;3825;1998001156;CAIXA;2000.000000000000000;
202401;4724;2013000618;COTAS;16012065.314567000000000;
202401;3825;1999005074;COTAS;38806.317155000000000;
202401;4738;2013001347;COTAS;10894078.325278000000000;
202401;3825;1999005074;COTAS;143187.432378000000000;
202401;4738;2013001347;COTAS;28242413.661078000000000;
202401;4947;1996003747;COTAS;45586695.100392000000000;
202401;3825;1999005074;COTAS;2203100.528398000000000;
202401;3825;1999005074;COTAS;2901368.088387000000000;
202401;3825;1999005074;COTAS;2847393.540646000000000;
202401;4683;2004002311;COTAS;1135566.127907000000000;27696713000198
202401;3825;1999005074;VL_PG_RC;-5355.690000000000000;
202401;4683;2005000647;CAIXA;16828.070000000000000;
202401;3825;2009003829;CAIXA;1000.000000000000000;
202401;4683;2005000647;COTAS;101657.072174000000000;
202401;3825;2012000592;CAIXA;-90058.590000000000000;
202401;4683;2005000647;COTAS;10174055.336218000000000;
202401;4738;2013001347;VL_PG_RC;0.000000000000000;
202401;3825;2012002056;COTAS;917555.923043000000000;
202401;4683;2005000647;COTAS;25144866.732461000000000;29055966000108
202401;4738;9970000000;COTAS;2589429.818054000000000;
202401;4683;2005000647;COTAS;22123795.690243000000000;41287925000142
202401;4741;2013001738;COTAS;16522083.080000000000000;
202401;3825;2015000119;COTAS;4303776.521988000000000;
202401;4707;2013000138;COTAS;24540688.692600000000000;
202401;3825;2016000147;CAIXA;4000.000000000000000;
202401;4707;2013000138;COTAS;4594635.644293000000000;
202401;3825;2021001611;COTAS;3402606.031961000000000;
202401;4707;2013000138;COTAS;1236848.407831000000000;
202401;4707;2013000138;COTAS;8292877.056311000000000;
202401;4707;2013000138;COTAS;203864009.228452000000000;
202401;4707;2013000219;COTAS;7168419.500000000000000;
202401;4741;2013001738;COTAS;35240241.500000000000000;
202401;4707;2013000219;COTAS;46970219.183400000000000;
202401;4707;2013000219;COTAS;9498262.408209000000000;
202401;4741;2013001738;COTAS;76401710.478388000000000;
202401;4707;2013000219;COTAS;5377812.174367000000000;
202401;4741;2013001738;COTAS;147207033.514515000000000;37467376000110
202401;4755;2014000311;CAIXA;2837.050000000000000;
202401;4707;2013000219;COTAS;1603322.007008000000000;
202401;4755;2014000311;COTAS;1802110.964489000000000;
202401;4755;2015001247;COTAS;109030.177907000000000;
202401;4707;2013000219;COTAS;4704422.029746000000000;
202401;4755;9970000000;COTAS;35514.596558000000000;
202401;4707;2013000219;COTAS;434910726.230196000000000;
202401;4769;2015000429;COTAS;8162831.793742000000000;
202401;4707;2013000219;COTAS;15173953.317083000000000;
202401;4769;2015000429;COTAS;953705.880273000000000;
202401;4707;2013002092;COTAS;5524163.879070000000000;
202401;4769;9970000000;CAIXA;3236.020000000000000;
202401;4707;2018001329;COTAS;82655.921372000000000;
202401;4769;9970000000;COTAS;3631667.990013000000000;
202401;4707;2018001329;COTAS;248753.804575000000000;
202401;4786;2016000856;COTAS;529522.813440000000000;
202401;4707;2018001329;COTAS;214101.670091000000000;
202401;4786;2016000856;COTAS;3551874.071912000000000;
202401;4707;2018001892;COTAS;457827.127798000000000;
202401;4786;2016000856;COTAS;2489965.719914000000000;
202401;4707;2018001892;COTAS;311418.053464000000000;
202401;4707;2019003856;COTAS;342678.042570000000000;
202401;4786;2016000856;COTAS;2408372.378648000000000;
202401;3839;1998004929;ACOES;38963033.500000000000000;
202401;4707;2020000474;COTAS;2981787.735691000000000;
202401;3839;1998004929;COTAS;4072980.979651000000000;
202401;4786;2019000611;COTAS;1641554.579645000000000;
202401;4707;2020000474;COTAS;565154.008021000000000;
202401;3861;1993001719;COTAS;357076154.090053000000000;05112343000161
202401;4707;2020000474;COTAS;194418.012719000000000;
202401;4786;9970000000;COTAS;1835240.489639000000000;
202401;3861;9970000000;CAIXA;652.790000000000000;
202401;4707;2022001265;COTAS;205191.596117000000000;
202401;3861;9970000000;COTAS;527057.960029000000000;
202401;4707;2022001265;COTAS;311418.053464000000000;
202401;4786;9970000000;COTAS;411045.250489000000000;
202401;3887;1999004965;COTAS;3033460.706155000000000;
202401;4711;9970000000;VL_PG_RC;-1337.180000000000000;
202401;3887;1999004965;COTAS;4176896.389091000000000;
202401;3887;1999004965;COTAS;1269526.678076000000000;
202401;4724;2013000383;ACOES;89013483.330000000000000;
202401;4786;9970000000;VL_PG_RC;-1635.620000000000000;
202401;3887;1999004965;COTAS;1616109.148769000000000;
202401;4724;2013000383;COTAS;2658854.847421000000000;
202401;4791;2016001283;COTAS;2047901.900000000000000;
202401;3887;1999004965;COTAS;2255342.892324000000000;
202401;4724;2013000383;COTAS;1144783555.694014000000000;
202401;4791;2016001283;COTAS;5394057.909646000000000;
202401;4791;2016001283;COTAS;2412993.530000000000000;
202401;3887;1999004965;COTAS;6152074.426353000000000;
202401;4791;2016001283;COTAS;4093513.800001000000000;
202401;4724;2013000618;COTAS;23185963.050000000000000;
202401;3887;1999004965;COTAS;20665.705670000000000;
202401;3928;1999001265;COTAS;14328209.246914000000000;
202401;3928;9970000000;CAIXA;9287.810000000000000;
202401;4724;2013000618;COTAS;1668352.000000000000000;
202401;4724;2013000618;COTAS;17158126.048182000000000;
202401;3945;1999002318;COTAS;901470.789801000000000;
202401;4724;2013000618;COTAS;29559251.742761000000000;41722175000190
202401;4724;9970000000;VL_PG_RC;0.000000000000000;
202401;4738;2013001347;CAIXA;500.000000000000000;
202401;3945;1999002318;COTAS;16330652.561912000000000;
202401;4738;2013001347;COTAS;39723032.389092000000000;
202401;3945;1999002318;COTAS;445935.326084000000000;
202401;4738;9970000000;CAIXA;500.000000000000000;
202401;3945;9970000000;COTAS;1126915.287762000000000;
202401;4741;2013001738;COTAS;57724754.500000000000000;
202401;4741;2013001738;COTAS;14302068.440000000000000;
202401;4741;2013001738;COTAS;1907372.400000000000000;
202401;3945;9970000000;COTAS;375835.806976000000000;
202401;4741;2013001738;COTAS;51897633.111150000000000;
202401;4755;2014000311;COTAS;3886975.307349000000000;
202401;4755;2014000311;COTAS;638883.921992000000000;
202401;3945;9970000000;COTAS;1509125.751411000000000;
202401;4755;2014000311;COTAS;719655.777399000000000;
202401;4011;2000002218;CAIXA;5694.240000000000000;
202401;4755;2014000311;COTAS;632362.795823000000000;
202401;4755;2014000311;COTAS;6777.483461000000000;
202401;4755;2014000311;TIT_PUB;22915731.210000000000000;
202401;4755;2015001247;COTAS;151566.434909000000000;
202401;4755;2015001247;COTAS;40706.416039000000000;
202401;4755;2020002574;COTAS;15605.644815000000000;
202401;4755;9970000000;CAIXA;559.510000000000000;
202401;4755;9970000000;COTAS;13805.219449000000000;
202401;4011;2000002218;TIT_PUB;46972862.530000000000000;
202401;4755;9970000000;COTAS;1507381.599499000000000;
202401;4039;2000004229;COTAS;79359196.615637000000000;
202401;4755;9970000000;COTAS;501918.127234000000000;
202401;4769;2015000429;COTAS;22760331.799982000000000;
202401;4039;2000004229;VL_PG_RC;-344038.250000000000000;
202401;4769;2015000429;COTAS;24267480.465795000000000;
202401;4042;2000004792;COTAS;536437.484721000000000;
202401;4769;2015000429;COTAS;6897658.729989000000000;
202401;4042;2000004792;COTAS;675750.143412000000000;
202401;4769;2015000429;COTAS;187456.459996000000000;
202401;4786;2016000856;COTAS;949983.491849000000000;
202401;4786;2018001019;COTAS;1200218.913581000000000;
202401;4786;2018001019;COTAS;26354.104458000000000;
202401;4786;2018001019;COTAS;28302.964047000000000;
202401;4786;2019000611;CAIXA;0.820000000000000;
202401;4786;2019000611;COTAS;42691.711121000000000;
202401;4786;2019000611;COTAS;81269.783565000000000;
202401;4786;9970000000;COTAS;786542.281525000000000;
202401;4042;2000004792;TIT_PUB;169261809.650000000000000;
202401;4791;2016001283;CAIXA;3463984.300000000000000;
202401;4042;9970000000;CAIXA;14089.910000000000000;
202401;4791;2016001283;COTAS;1389234.560000000000000;
202401;4091;1974000338;CAIXA;55866.260000000000000;
202401;4091;1974000338;COTAS;5809005.376759000000000;
202401;4791;2016001283;TIT_PUB;69156413.750000000000000;
202401;4791;2016001283;COTAS;7648666.040000000000000;
202401;4091;2004002492;COTAS;30764646.539273000000000;
202401;4791;2016001283;COTAS;2111064.490001000000000;
202401;4091;9970000000;COTAS;4322764.457415000000000;31569976000103
202401;4791;2016001283;COTAS;1462516.480000000000000;
202401;4101;2002001847;COTAS;256565343.210877000000000;30330483000153
202401;4801;2016001518;COTAS;12365029.829998000000000;
202401;4128;1995003565;COTAS;75726306.286987000000000;04700879000135
202401;4801;2016001518;COTAS;1093854.580706000000000;
202401;4131;1981000811;COTAS;9357727.888695000000000;39337958000108
202401;4801;2016001518;COTAS;35266489.359999000000000;
202401;4801;2016001518;COTAS;11536106.039974000000000;
202401;4131;1981000811;TIT_PUB;76554248.210000000000000;
202401;4801;2016001518;COTAS;4421439.900000000000000;
202401;4801;2016001518;VL_PG_RC;0.000000000000000;
202401;4801;9970000000;VL_PG_RC;0.000000000000000;
202401;4813;2017000965;CAIXA;0.000000000000000;
202401;4131;1986000419;OPERACAO_PARTICIPANTE;7724.580001060100000;
202401;4827;2020000547;CAIXA;0.000000000000000;
202401;4831;1981000283;CAIXA;150363.250000000000000;
202401;4831;1998003647;COTAS;10082802.407133000000000;
202401;4791;9970000000;COTAS;555116.070002000000000;
202401;4831;1998006565;COTAS;1921539.620029000000000;20468746000131
202401;4791;9970000000;COTAS;1955998.750000000000000;
202401;4831;2005005274;CAIXA;14632.120000000000000;
202401;4801;2016001518;COTAS;9062951.330023000000000;
202401;4831;2019001829;COTAS;189678337.010461000000000;15435379000130
202401;4801;2016001518;COTAS;7550170.029908000000000;
202401;4831;9970000000;VL_PG_RC;-765832.970000000000000;
202401;4801;9970000000;COTAS;4076999.808676000000000;
202401;4844;2019000547;COTAS;1351954.058810000000000;
202401;4801;9970000000;COTAS;7898.079991000000000;
202401;4801;9970000000;COTAS;1690498.080013000000000;
202401;4801;9970000000;COTAS;157978.390195000000000;
202401;4131;1987000374;OPERACAO_PARTICIPANTE;147256.010000000000000;
202401;4131;1998006719;COTAS;1113992.471228000000000;39337958000108
202401;4813;2017000965;VL_PG_RC;0.000000000000000;
202401;4844;2019000547;COTAS;2613436.688284000000000;
202401;4827;2018002465;COTAS;1757214.758996000000000;
202401;4844;2019000547;COTAS;2839399.361835000000000;
202401;4827;2018002465;COTAS;4196960.488228000000000;
202401;4844;2019000547;COTAS;3335284.071637000000000;
202401;4827;2022002611;VL_PG_RC;-307.380000000000000;
202401;4844;2019000547;VL_PG_RC;-2397.130000000000000;
202401;4827;9970000000;COTAS;47157.847316000000000;
202401;4844;9970000000;COTAS;1406013.615675000000000;
202401;4844;9970000000;COTAS;2317150.459834000000000;
202401;4831;1974000583;IMOVEIS;11831805.640000000000000;
202401;4858;2018002211;COTAS;192525.619097000000000;
202401;4831;1981000283;COTAS;853226491.576198000000000;05134438000186
202401;4858;2018002211;TIT_PUB;43223.080000000000000;
202401;4831;1981000283;OPERACAO_PARTICIPANTE;10063602.189925669000000;
202401;4858;9970000000;TIT_PUB;43204.240000000000000;
202401;4831;1988002729;COTAS;4818184.585330000000000;
202401;4831;1998003647;CAIXA;15940615.910000000000000;
202401;4875;2020002329;VL_PG_RC;-52312.470000000000000;
202401;4875;9970000000;VL_PG_RC;-2468.780000000000000;
202401;4831;1998003647;COTAS;11946276.348616000000000;
202401;4131;1998006719;TIT_PUB;27299155.390000000000000;
202401;4889;2016001747;COTAS;25779762.329814000000000;
202401;4131;2002000247;COTAS;1155744.185503000000000;39665916000104
202401;4831;1998003647;IMOVEIS;13281691.370000000000000;
202401;4831;1998003647;OPERACAO_PARTICIPANTE;26830338.468994393100000;
202401;4889;2016001747;TIT_PUB;21107192.301621000000000;
202401;4892;2021000583;CAIXA;0.000000000000000;
202401;4831;1998006565;COTAS;5288163.376124000000000;37452344000141
202401;4131;2002000247;TIT_PUB;34646427.170000000000000;
202401;4831;2019001829;COTAS;114078317.112601000000000;20468746000131
202401;4831;2019001829;VL_PG_RC;14627620.120000000000000;
202401;4131;2008004211;COTAS;1388960.673509000000000;39337958000108
202401;4831;9970000000;CAIXA;133146.570000000000000;
202401;4844;2019000547;COTAS;2298725.968145000000000;
202401;4844;2019000547;COTAS;2110534.360278000000000;
202401;4131;2008004211;TIT_PUB;35375609.660000000000000;
202401;4844;2019000547;COTAS;2576677.759556000000000;
202401;4844;2019000547;COTAS;3985093.880914000000000;
202401;4131;2008004392;CAIXA;13611.150000000000000;
202401;4844;9970000000;COTAS;1030047.620163000000000;
202401;4131;2008004392;COTAS;328726.482128000000000;
202401;4875;2020002329;CAIXA;19770.730000000000000;
202401;4889;2016001674;COTAS;1048028.300393000000000;
202401;4889;2021000729;COTAS;2013797.698716000000000;
202401;4892;2021002829;VL_PG_RC;0.000000000000000;
202401;4889;2021000729;VL_PG_RC;-7248.910000000000000;
202401;4131;2008004392;COTAS;157353.860685000000000;42495052000126
202401;4889;9970000000;COTAS;70495.550813000000000;
202401;4131;2008004392;VL_PG_RC;-313.280000000000000;
202401;4947;1996003747;COTAS;9182.809966000000000;
202401;4892;2021000583;VL_PG_RC;0.000000000000000;
202401;4892;9970000000;CAIXA;0.000000000000000;
202401;4947;1996003747;COTAS;151620680.286272000000000;46685249000189
202401;4131;2008004465;OPERACAO_PARTICIPANTE;18140.470000000000000;
202401;4947;1996003747;COTAS;6812242.005938000000000;
202401;4947;1996003747;COTAS;1475659967.317367000000000;51760661000156
202401;4947;1996003747;COTAS;279320951.652257000000000;46685235000165
202401;4947;1996003747;COTAS;83604239.684478000000000;51761747000101
202401;4131;2008004538;OPERACAO_PARTICIPANTE;106174.730005640500000;
202401;4131;2011001511;VL_PG_RC;0.000000000000000;
202401;4131;2017000647;COTAS;51112121.558202000000000;39337958000108
202401;4176;2004002883;VL_PG_RC;-1310702.390000000000000;
202401;4181;2004000147;IMOVEIS;462665.000000000000000;
202401;4203;2000001319;COTAS;6973.690098000000000;
202401;4203;2000001319;TIT_PRIV;2078463.010000000000000;
202401;4203;2000002838;ACOES;456578.440000000000000;
202401;4203;2000002838;COTAS;632723847.541217000000000;46171916000105
202401;4203;2000006574;IMOVEIS;39884900.890000000000000;
202401;4203;2004000929;OPERACAO_PARTICIPANTE;153715.250005647400000;
202401;4203;9970000000;COTAS;18164423.114772000000000;
202401;4217;2006004638;COTAS;1750628.326686000000000;14115118000170
202401;4217;2012001238;COTAS;1113157.274018000000000;18683208000118
202401;4217;9970000000;CAIXA;484684.060000000000000;
202401;4217;9970000000;VL_PG_RC;-2216.330000000000000;
202401;4221;2006004247;COTAS;3031062.498747000000000;
202401;4221;2006004247;COTAS;292349.756520000000000;
202401;4221;2006004247;COTAS;1638070.532611000000000;
202401;4221;2006004247;COTAS;1711856.019648000000000;
202401;4221;2011002419;CAIXA;45272.570000000000000;
202401;4221;2011002419;COTAS;473118.945145000000000;
202401;4221;2012001629;COTAS;211568.098621000000000;
202401;4221;2012001629;VL_PG_RC;-37811.830000000000000;
202401;4221;2012001874;COTAS;743881.847841000000000;
202401;4221;2012001874;COTAS;1748033.075240000000000;
202401;4221;2012001874;VL_PG_RC;-128378.020000000000000;
202401;4221;2015001883;COTAS;182390.204711000000000;
202401;4221;2015001883;COTAS;840778.457190000000000;
202401;4221;9970000000;COTAS;92731.249993000000000;
202401;4248;2009000838;COTAS;74183384.656062000000000;18936232000111
202401;4248;2009000838;COTAS;66058494.477025000000000;20726061000148
202401;4248;2009000838;OPERACAO_PARTICIPANTE;12935404.746647046400000;
202401;4947;9970000000;COTAS;2491252.428092000000000;51869529000187
202401;4248;2011001919;COTAS;8463441.471002000000000;
202401;4248;2011001919;COTAS;191813973.613287000000000;26978182000163
202401;4248;2011001919;COTAS;304105280.664734000000000;36617679000100
202401;4947;9970000000;CAIXA;131699.750000000000000;
202401;4248;2011001919;OPERACAO_PARTICIPANTE;52072064.102684446900000;
202401;4248;2014001847;COTAS;226869904.824731000000000;21595984000170
202401;4248;2020001683;COTAS;51357.627314000000000;
202401;4248;2020001683;COTAS;4040816.157062000000000;20726130000113
202401;4248;9970000000;COTAS;223834650.753147000000000;23732198000101
202401;4279;2004002711;COTAS;4795.998985000000000;51834466000123
202401;4279;2018000111;COTAS;39553.557471000000000;51503186000132
202401;4279;2018000111;COTAS;216970.411706000000000;52320036000156
202401;4279;2018000111;VL_PG_RC;32557.400000000000000;
202401;4282;2004003065;COTAS;6873327.373159000000000;
202401;4282;2004003065;COTAS;85869142.190000000000000;35956792000157
202401;4282;2004003065;VL_PG_RC;5910517.140000000000000;
202401;4282;9970000000;CAIXA;159149.200000000000000;
202401;4296;2005002111;CAIXA;0.000000000000000;
202401;4385;9970000000;CAIXA;1018.250000000000000;
202401;4409;2006000829;CAIXA;212789.350000000000000;
202401;4409;9970000000;VL_PG_RC;0.000000000000000;
202401;4412;2006001329;COTAS;42108035.316300000000000;
202401;4412;9970000000;COTAS;6144230.187998000000000;
202401;4426;2007002329;ALUGUEL;27634867.480000000000000;
202401;4443;1982002018;COTAS;58697324.078884000000000;21624950000167
202401;4443;1988000947;IMOVEIS;10088.000000000000000;
202401;4443;1998002292;IMOVEIS;28712.000000000000000;
202401;4443;2006007165;OPERACAO_PARTICIPANTE;6345735.770089205300000;
202401;4443;9970000000;COTAS;8563819.615977000000000;21624950000167
202401;4461;2006005065;VL_PG_RC;0.000000000000000;
202401;4461;9970000000;COTAS;237396.900000000000000;
202401;4474;2006005774;COTAS;46390327.210000000000000;17913394000171
202401;4488;9970000000;VL_PG_RC;0.000000000000000;
202401;4501;9970000000;VL_PG_RC;0.000000000000000;
202401;4515;2007003538;COTAS;233424895.915153000000000;09188149000110
202401;4529;2008002365;CAIXA;226244.530000000000000;
202401;4529;2008002365;COTAS;3067306.830408000000000;
202401;4529;2008002365;VL_PG_RC;-4937.800000000000000;
202401;4532;2008004856;COTAS;3737833.992447000000000;
202401;4532;9970000000;COTAS;3138819.532143000000000;
202401;4546;2009000919;COTAS;2242182.298012000000000;
202401;4546;2009000919;TIT_PRIV;19632651.600000000000000;
202401;4577;2008003892;ACOES;9148392.270000000000000;
202401;4577;2010001974;COTAS;249633.446195000000000;
202401;4577;9970000000;COTAS;369666.613955000000000;
202401;4577;9970000000;COTAS;390733.118798000000000;
202401;4581;1999000919;COTAS;117061010.472537000000000;41901871000163
202401;4581;1999000919;COTAS;71639348.146876000000000;45622039000189
202401;4594;1989001629;VL_PG_RC;0.000000000000000;
202401;4594;2009003683;CAIXA;581171.160000000000000;
202401;4594;2009003683;COTAS;565283054.189019000000000;29045652000124
202401;4594;9970000000;COTAS;484708.517981000000000;
202401;4604;2010002083;COTAS;666671.203426000000000;
202401;4604;2010002083;OPERACAO_PARTICIPANTE;8181415.783721984400000;
202401;4621;2010002318;OPERACAO_PARTICIPANTE;50053.810000000000000;
202401;4621;9970000000;CAIXA;514.140000000000000;
202401;4635;2011000947;COTAS;2152766.611225000000000;
202401;4635;2021002756;COTAS;1188181.144810000000000;
202401;4635;2021002756;COTAS;84562.024295000000000;
202401;4635;2021002756;COTAS;1659604.505620000000000;
202401;4649;2010003756;COTAS;190493555.796179000000000;12440761000143
202401;4649;2010003756;COTAS;145974289.291349000000000;50424405000125
202401;4652;2010004329;COTAS;3545928.410001000000000;49465951000125
202401;4652;2010004329;VL_PG_RC;-2996.460000000000000;
202401;4652;2019001438;COTAS;663894.000004000000000;49465951000125
202401;4652;2019001438;VL_PG_RC;-1478.850000000000000;
202401;4666;2011000629;COTAS;35351224.871462000000000;
202401;4666;2011000629;COTAS;53690622.350218000000000;
202401;4666;2011000629;COTAS;2240914.933650000000000;
202401;4666;2011000629;COTAS;6253261.186960000000000;
202401;4666;2011000947;COTAS;8058285.385274000000000;
202401;4666;2011000947;COTAS;2892027.776715000000000;
202401;4666;2021002756;CAIXA;600.000000000000000;
202401;4666;2021002756;VL_PG_RC;-2931.620000000000000;
202401;4683;1990001165;CAIXA;31613003.120000000000000;
202401;4683;1990001165;COTAS;381030792.147429000000000;41287925000142
202401;4683;2004002311;COTAS;3062220.336469000000000;
202401;4683;2008000818;COTAS;38148132.375489000000000;41287925000142
202401;4683;2022001338;COTAS;2411474.061812000000000;
202401;4683;9970000000;COTAS;7703380.577980000000000;
202401;4707;2013000138;COTAS;7038851.550000000000000;
202401;4707;2013000138;COTAS;53574817.309149000000000;
202401;4707;2013000138;COTAS;58087561.056628000000000;
202401;4707;2013000138;VL_PG_RC;-981609.590000000000000;
202401;4707;2013000219;COTAS;2136235.150714000000000;
202401;4707;2013000219;COTAS;7870541.677362000000000;
202401;4707;2013000219;VL_PG_RC;-1324016.560000000000000;
202401;4707;2013002092;COTAS;7038851.550000000000000;
202401;4707;2013002092;COTAS;2178959.856330000000000;
202401;4707;2013002092;COTAS;6875949.770255000000000;
202401;4707;2013002092;COTAS;8486478.412773000000000;
202401;4707;2013002092;COTAS;7791787.999148000000000;
202401;4707;2013002092;VL_PG_RC;-1447974.340000000000000;
202401;4707;2018001329;COTAS;27567.510013000000000;
202401;4707;2018001329;COTAS;1523929.649166000000000;
202401;4707;2018001329;COTAS;3194613.982416000000000;
202401;4707;2018001329;COTAS;49396.435659000000000;
202401;4707;2018001329;COTAS;2002298.588482000000000;
202401;4707;2018001329;COTAS;219749.405714000000000;
202401;4707;2018001892;COTAS;112776.199619000000000;
202401;4707;2018001892;COTAS;5145824.502075000000000;
202401;4707;2018001892;COTAS;311213.540471000000000;
202401;4707;2018001892;COTAS;3009108.157985000000000;
202401;4707;2019003856;CAIXA;382780.640000000000000;
202401;4707;2019003856;COTAS;706708.444682000000000;
202401;4707;2019003856;COTAS;622140.585332000000000;
202401;4707;2019003856;COTAS;48638.657130000000000;
202401;4707;2019003856;VL_PG_RC;-19201.560000000000000;
202401;4707;2020000474;CAIXA;82736.070000000000000;
202401;4707;2020000474;COTAS;83715.196462000000000;
202401;4707;2020002647;COTAS;410735.662351000000000;
202401;4707;2020002647;VL_PG_RC;-13764.920000000000000;
202401;4707;2022001265;COTAS;3353519.068529000000000;
202401;4707;2022001265;COTAS;46005.962181000000000;
202401;4707;2022001265;VL_PG_RC;-6380.960000000000000;
202401;4711;2008001938;COTAS;1812079743.129027000000000;26324274000120
202401;4711;2014000638;CAIXA;41129.110000000000000;
202401;4711;2014000638;VL_PG_RC;-4874.620000000000000;
202401;4711;2018000519;COTAS;7057388.759074000000000;46975834000113
202401;4711;2018000519;COTAS;2844358.076794000000000;46975866000119
202401;4711;2019003538;COTAS;3731526.937090000000000;46975834000113
202401;4724;2013000383;COTAS;190189557.201439000000000;
202401;4724;2013000383;OPERACAO_PARTICIPANTE;109150683.373259832500000;
202401;4724;2013000618;COTAS;16571300.610541000000000;37467600000174
202401;4724;2013000618;OPERACAO_PARTICIPANTE;56541.010000000000000;
202401;4738;2013001347;COTAS;30544574.329394000000000;
202401;4738;2021002519;COTAS;4725.152903000000000;
202401;4738;9970000000;COTAS;149928.551413000000000;
202401;4741;2013001738;CAIXA;91814.030000000000000;
202401;4741;2013001738;COTAS;21531460.500000000000000;
202401;4741;2013001738;COTAS;20619550.250000000000000;
202401;4741;2013001738;COTAS;204734975.765058000000000;
202401;4741;2013001738;COTAS;28919400.083047000000000;
202401;4741;2013001738;COTAS;27053133.867399000000000;
202401;4741;2013001738;TIT_PUB;358613973.690000000000000;
202401;4755;2014000311;COTAS;461905.488047000000000;
202401;4755;2014000311;COTAS;1761872.526426000000000;
202401;4755;2015001247;COTAS;146933.536719000000000;
202401;4755;2015001247;COTAS;90830.456393000000000;
202401;4755;2020002574;COTAS;4988.849450000000000;
202401;4755;2020002574;COTAS;14858.132543000000000;
202401;4755;9970000000;COTAS;326883.318316000000000;
202401;4755;9970000000;COTAS;1108138.577881000000000;
202401;4755;9970000000;COTAS;116102.056694000000000;
202401;4755;9970000000;COTAS;57937.596182000000000;
202401;4769;2015000429;COTAS;19199202.666776000000000;
202401;4769;2015000429;COTAS;340738.750001000000000;
202401;4769;2015000429;COTAS;750312.489999000000000;
202401;4769;2015000429;TIT_PUB;18128134.140000000000000;
202401;4786;2018001019;COTAS;31297.215597000000000;
202401;4786;2019000611;COTAS;69341.906759000000000;
202401;4786;2019000611;COTAS;39682.456292000000000;
202401;4791;2016001283;COTAS;5281808.439998000000000;
202401;4791;9970000000;COTAS;558818.530000000000000;
202401;4791;9970000000;VL_PG_RC;-3556.690000000000000;
202401;4801;2016001518;COTAS;5168922.570004000000000;
202401;4801;2016001518;COTAS;1203365.900534000000000;
202401;4813;2017000965;COTAS;5653293.993332000000000;
202401;4813;9970000000;COTAS;3046671.756957000000000;
202401;4813;9970000000;VL_PG_RC;0.000000000000000;
202401;4827;2018002465;COTAS;5529875.202944000000000;
202401;4827;2018002465;COTAS;421411.715684000000000;
202401;4827;2018002465;COTAS;2690116.121363000000000;
202401;4827;2018002465;COTAS;462816.722992000000000;
202401;4827;2018002465;COTAS;597983.053399000000000;
202401;4827;2019003465;CAIXA;121284.250000000000000;
202401;4827;2019003465;VL_PG_RC;-2683.380000000000000;
202401;4831;1974000583;OPERACAO_PARTICIPANTE;1610499.809927188900000;
202401;4831;1988002729;CAIXA;288206.980000000000000;
202401;4831;1988002729;VL_PG_RC;3716085.610000000000000;
202401;4831;1998003647;COTAS;10697337.260604000000000;
202401;4831;1998003647;COTAS;79202603.149507000000000;42774842000140
202401;4831;2005005274;COTAS;322860.547714000000000;
202401;4831;2005005274;COTAS;190865.080600000000000;
202401;4831;2005005274;OPERACAO_PARTICIPANTE;3167215.899846625100000;
202401;4831;2019001829;CAIXA;1368432.300000000000000;
202401;4831;2019001829;COTAS;1318546.578170000000000;
202401;4831;2019001829;COTAS;6911832.823421000000000;
202401;4831;2019001829;COTAS;51284008.319688000000000;42774842000140
202401;4831;2019001829;COTAS;96314180.642057000000000;42774871000102
202401;4844;2019000547;COTAS;2309872.516888000000000;
202401;4844;2019000547;COTAS;1644953.063718000000000;
202401;4844;2019000547;COTAS;2984176.252555000000000;
202401;4858;9970000000;VL_PG_RC;-205.720000000000000;
202401;4861;2019000474;COTAS;16923830.563829000000000;
202401;4875;2020002329;TIT_PUB;38469292.930000000000000;
202401;4889;2016001747;VL_PG_RC;-3222.620000000000000;
202401;4889;2021000729;COTAS;45677609.549652000000000;
202401;4892;9970000000;VL_PG_RC;0.000000000000000;
202401;4947;1996003747;CAIXA;567704.630000000000000;
202401;4947;1996003747;COTAS;74030246.071825000000000;
202401;4947;1996003747;VL_PG_RC;-597195.690000000000000;
