202501;14;1980000883;COTAS;25899.453350000000000;
202501;14;1980000883;COTAS;13532527.525982000000000;
202501;14;1980000883;COTAS;2405982.155298000000000;
202501;14;1980000883;COTAS;3734808.612215000000000;
202501;14;1980000883;CAIXA;58888.190000000000000;
202501;14;1980000883;COTAS;3944837.516393000000000;
202501;14;1980000883;COTAS;4609672.484162000000000;
202501;14;1980000883;COTAS;8770000.991805000000000;
202501;14;1980000883;COTAS;1790980.154641000000000;
202501;14;1980000883;COTAS;5697844.508287000000000;
202501;14;1980000883;COTAS;3401380.752017000000000;
202501;14;1980000883;COTAS;3030610.631572000000000;
202501;14;1980000883;COTAS;6129820.301430000000000;
202501;14;2008001083;COTAS;1194788.367423000000000;
202501;14;1980000883;COTAS;8001173.602696000000000;
202501;14;1980000883;COTAS;4539848.344617000000000;
202501;14;1980000883;COTAS;1911056.353606000000000;
202501;14;1980000883;COTAS;3321.631633000000000;
202501;14;1980000883;COTAS;2776195.340084000000000;
202501;14;2023001692;CAIXA;18813.870000000000000;
202501;14;1980000883;COTAS;4316297.383493000000000;
202501;14;1980000883;COTAS;4748472.013994000000000;
202501;14;1980000883;COTAS;2216300.974530000000000;
202501;14;1980000883;COTAS;2647862.625743000000000;
202501;14;1980000883;COTAS;3960930.290684000000000;
202501;14;1980000883;COTAS;8199457.993244000000000;03100345000105
202501;14;1980000883;COTAS;11469035.406207000000000;00836258000122
202501;14;2023001692;COTAS;3067858.890519000000000;
202501;14;1992000174;VL_PG_RC;0.000000000000000;
202501;14;2023001692;COTAS;25293441.557448000000000;
202501;14;1980000883;IMOVEIS;16444443.580000000000000;
202501;14;1980000883;COTAS;16094521.785371000000000;37037999000153
202501;14;1980000883;COTAS;5630675.231595000000000;
202501;14;1980000883;COTAS;4222020.575874000000000;
202501;14;1980000883;TIT_PRIV;1413382.330000000000000;
202501;14;2023001692;COTAS;104910559.820378000000000;00836258000122
202501;14;1980000883;COTAS;22759283.674702000000000;04875086000157
202501;14;2023001692;COTAS;91974497.418368000000000;37037999000153
202501;14;1980000883;COTAS;6315059.677301000000000;05290139000130
202501;14;1980000883;VL_PG_RC;77613.560000000000000;
202501;14;1980000883;COTAS;924686.483157000000000;
202501;14;2008001083;COTAS;2050382.980197000000000;
202501;14;2008001083;COTAS;1837400.571387000000000;
202501;14;1980000883;COTAS;3537792.675006000000000;
202501;14;2008001083;COTAS;2124946.404176000000000;
202501;14;2008001083;CAIXA;224303.460000000000000;
202501;14;2023001692;COTAS;60691335.607450000000000;
202501;14;2008001083;COTAS;23033606.400791000000000;
202501;14;2023001692;COTAS;6484556.769362000000000;
202501;14;1980000883;OPERACAO_PARTICIPANTE;3820606.980000000000000;
202501;14;2008001083;COTAS;865535.656108000000000;
202501;14;2008001083;COTAS;1034555.966907000000000;
202501;14;2008001083;COTAS;3722914.123698000000000;
202501;14;2023001692;COTAS;5493776.427694000000000;
202501;14;2023001692;COTAS;22568116.919155000000000;
202501;14;2008001083;COTAS;736511.145651000000000;
202501;14;2008001083;COTAS;9986862.377200000000000;
202501;14;9970000000;COTAS;950384.261877000000000;
202501;14;9970000000;COTAS;769232.117454000000000;
202501;14;9970000000;COTAS;1636906.764420000000000;05290139000130
202501;14;2023001692;COTAS;6871124.176615000000000;
202501;14;2008001083;COTAS;1566003.053441000000000;
202501;14;2023001692;TIT_PRIV;4251545.510000000000000;
202501;14;2008001083;COTAS;3377594.073971000000000;37037999000153
202501;14;2023001692;COTAS;8007064.676945000000000;
202501;14;2008001083;COTAS;1157075.203719000000000;
202501;14;2008001083;COTAS;1902415.599763000000000;
202501;14;2023001692;COTAS;3581912.260059000000000;
202501;14;9970000000;COTAS;308228.827729000000000;
202501;14;2023001692;COTAS;5729975.935781000000000;
202501;14;2008001083;COTAS;19554435.676629000000000;
202501;31;1988003156;COTAS;12052903.561954000000000;
202501;14;2008001083;VL_PG_RC;-138653.500000000000000;
202501;31;1988003156;COTAS;3292787.433273000000000;
202501;14;2023001692;COTAS;10532116.633196000000000;
202501;14;2008001083;COTAS;837497.381664000000000;
202501;14;2023001692;COTAS;4123555.520004000000000;
202501;31;1988003156;COTAS;37244939.868176000000000;
202501;14;9970000000;COTAS;679767.846976000000000;
202501;14;2023001692;COTAS;1560575.728451000000000;
202501;31;1988003156;COTAS;5954239.871592000000000;
202501;14;2023001692;IMOVEIS;68892575.500000000000000;
202501;14;2008001083;COTAS;68742.347321000000000;
202501;14;9970000000;COTAS;4241178.232132000000000;00836258000122
202501;14;2008001083;COTAS;2078533.206584000000000;
202501;14;9970000000;VL_PG_RC;-6.940000000000000;
202501;14;2023001692;COTAS;109422133.014492000000000;04875086000157
202501;31;1988003156;COTAS;159469.063864000000000;
202501;14;2023001692;COTAS;20262415.812819000000000;05290139000130
202501;31;1988003156;COTAS;20399028.150416000000000;
202501;14;9970000000;CAIXA;19955.560000000000000;
202501;14;2023001692;COTAS;12760302.584770000000000;
202501;14;2008001083;COTAS;847464.650448000000000;
202501;14;2023001692;COTAS;11350.420135000000000;
202501;31;9970000000;VL_PG_RC;0.000000000000000;
202501;14;2023001692;COTAS;77326.040493000000000;
202501;14;2023001692;COTAS;9495184.899544000000000;
202501;45;1999002474;COTAS;138853448.820461000000000;04644580000100
202501;31;1988003156;COTAS;950514.356343000000000;
202501;14;2023001692;COTAS;10352761.566815000000000;
202501;59;1982000783;CAIXA;9258.040000000000000;
202501;14;9970000000;COTAS;581312.114702000000000;
202501;14;2023001692;VL_PG_RC;-237885.530000000000000;
202501;59;1982000783;COTAS;-107549.179862000000000;
202501;14;9970000000;COTAS;596993.384921000000000;
202501;14;9970000000;COTAS;1189660.809427000000000;
202501;14;9970000000;COTAS;2665497.908005000000000;
202501;14;9970000000;COTAS;1026870.832075000000000;
202501;14;9970000000;COTAS;131828.384839000000000;03100345000105
202501;14;2023001692;COTAS;3587771.287613000000000;
202501;59;1982000783;TIT_PUB;89265921.640000000000000;
202501;31;1988003156;COTAS;455069.973010000000000;
202501;14;9970000000;COTAS;4723646.384470000000000;37037999000153
202501;31;1988003156;COTAS;3648274.058124000000000;
202501;31;1988003156;CAIXA;5241382.760000000000000;
202501;31;1988003156;COTAS;35689683.972985000000000;
202501;14;9970000000;COTAS;979262.629921000000000;
202501;31;1988003156;COTAS;22331989.210732000000000;42888224000121
202501;14;2023001692;COTAS;2832065.556307000000000;
202501;31;1988003156;COTAS;132601904.585106000000000;
202501;14;2023001692;COTAS;1036777.171655000000000;
202501;31;1988003156;COTAS;74604119.995741000000000;
202501;31;1988003156;COTAS;111611122.874416000000000;
202501;14;9970000000;COTAS;532623.994716000000000;
202501;31;1988003156;TIT_PUB;100051930.580000000000000;
202501;14;9970000000;COTAS;1160645.942818000000000;
202501;14;9970000000;COTAS;130134.250127000000000;04875086000157
202501;31;1988003156;COTAS;54179205.084172000000000;
202501;31;1988003156;COTAS;7551857.829077000000000;
202501;45;9970000000;COTAS;2798251.655848000000000;
202501;59;1982001811;COTAS;-228.689732000000000;
202501;31;1988003156;COTAS;41435525.930005000000000;
202501;59;1982000783;COTAS;3062.293286000000000;
202501;59;1982001811;COTAS;533.392949000000000;
202501;45;1999002474;COTAS;51636437.710002000000000;03567283000146
202501;31;1988003156;COTAS;7012165.929979000000000;
202501;14;2023001692;COTAS;3928651.117628000000000;
202501;45;1999002474;IMOVEIS;2894481.420000000000000;
202501;31;1988003156;COTAS;24527709.736455000000000;
202501;59;1982001811;CAIXA;1019.760000000000000;
202501;59;1982000783;COTAS;449118.385098000000000;
202501;45;1999002474;COTAS;73658654.714151000000000;
202501;14;2023001692;COTAS;82234556.667299000000000;03100345000105
202501;59;2000008119;COTAS;152831682.000000000000000;
202501;59;1982001811;COTAS;-16004.237770000000000;
202501;31;1988003156;COTAS;9289338.336048000000000;
202501;59;1982001811;COTAS;1238520.658030000000000;
202501;14;9970000000;COTAS;1040512.533161000000000;
202501;31;1988003156;COTAS;26601664.314193000000000;
202501;59;2000008119;VL_PG_RC;766388.790000000000000;
202501;31;1988003156;COTAS;3195906.279069000000000;
202501;59;2000008119;COTAS;7891127.614055000000000;
202501;59;1982001811;COTAS;55975.588899000000000;
202501;59;1982000783;COTAS;6300746.450646000000000;
202501;81;1998001229;COTAS;6588777.685628000000000;
202501;45;9970000000;CAIXA;16757.820000000000000;
202501;31;1988003156;COTAS;6276315.143382000000000;
202501;31;1988003156;COTAS;34726625.486416000000000;
202501;59;1982001811;VL_PG_RC;-13341.200000000000000;
202501;31;9970000000;CAIXA;195928.510000000000000;
202501;59;1982000783;COTAS;559755.888981000000000;
202501;59;1982000783;COTAS;541999.619385000000000;
202501;59;1982000783;COTAS;8430.746422000000000;
202501;31;1988003156;COTAS;6493014.240736000000000;
202501;81;1998001229;COTAS;6095844.217031000000000;
202501;59;1982000783;COTAS;281532.668046000000000;
202501;59;2000008119;COTAS;42342477.542090000000000;
202501;31;1988003156;COTAS;7945041.339987000000000;
202501;59;2000008119;COTAS;65136386.784833000000000;
202501;31;1988003156;COTAS;12003580.627003000000000;
202501;59;2000008119;TIT_PRIV;93686409.580000000000000;
202501;59;2000008119;TIT_PUB;2735207867.520000000000000;
202501;59;1982000783;COTAS;88302.454188000000000;05362674000150
202501;59;2012000819;CAIXA;725.370000000000000;
202501;31;1988003156;VL_PG_RC;2179251.560000000000000;
202501;59;1982000783;OPERACAO_PARTICIPANTE;598031.000000000000000;
202501;31;1988003156;COTAS;5737226.670001000000000;
202501;45;1999002474;CAIXA;51754.040000000000000;
202501;59;1982001811;COTAS;1219860.497752000000000;
202501;59;9970000000;COTAS;40773497.438746000000000;
202501;81;1998001229;COTAS;16627576.010184000000000;
202501;59;1982001811;COTAS;54199.961939000000000;
202501;31;1988003156;COTAS;383511.935788000000000;
202501;59;2012000819;VL_PG_RC;-113.700000000000000;
202501;81;1998001229;COTAS;1282829.025352000000000;
202501;31;9970000000;COTAS;1793733.619995000000000;
202501;59;9970000000;VL_PG_RC;37616.610000000000000;
202501;81;1998001229;COTAS;7978188.391962000000000;
202501;59;1982000783;COTAS;235137.951688000000000;
202501;59;9970000000;TIT_PRIV;6501103.140000000000000;
202501;81;1998001229;ACOES;97950830.860000000000000;
202501;59;1982000783;COTAS;7727072.119417000000000;
202501;81;1998001229;COTAS;3402113.185377000000000;
202501;59;2000008119;COTAS;588264.480000000000000;
202501;59;1982000783;TIT_PRIV;848022.560000000000000;
202501;81;2017000256;COTAS;732099.503563000000000;
202501;81;1998001229;COTAS;5299315.213998000000000;
202501;45;1999002474;VL_PG_RC;42613.850000000000000;
202501;81;1998001229;COTAS;7537496.672594000000000;
202501;59;1982000783;VL_PG_RC;-73926.740000000000000;
202501;81;2017000256;COTAS;512444.497704000000000;
202501;59;1982001811;COTAS;51492.550710000000000;
202501;59;1982001811;COTAS;193.743931000000000;
202501;59;2000008119;COTAS;92621.073366000000000;
202501;59;1982001811;COTAS;12216.066038000000000;05362674000150
202501;45;9970000000;VL_PG_RC;-9448.080000000000000;
202501;81;1998001229;COTAS;9144634.438896000000000;
202501;81;2017000256;COTAS;11274642.670164000000000;19531929000175
202501;59;2000008119;COTAS;33642.678524000000000;
202501;81;1998001229;COTAS;5706694.536849000000000;
202501;59;2000008119;COTAS;2510155.394184000000000;
202501;81;1998001229;COTAS;8817232.749130000000000;
202501;59;2000008119;COTAS;73708979.938959000000000;
202501;59;2000008119;COTAS;86137265.458636000000000;
202501;59;1982001811;COTAS;33383.225835000000000;
202501;81;1998001229;COTAS;124071502.049974000000000;49051587000157
202501;59;1982001811;COTAS;28153.268015000000000;
202501;59;2000008119;COTAS;84926335.986867000000000;
202501;59;1982001811;COTAS;44911.839795000000000;
202501;81;1998001229;VL_PG_RC;545865.620000000000000;
202501;59;2000008119;COTAS;43522889.027237000000000;
202501;59;1982001811;TIT_PRIV;419649.220000000000000;
202501;81;2017000256;COTAS;60491736.303593000000000;49051587000157
202501;93;1987000129;CAIXA;5250.220000000000000;
202501;59;2000008119;COTAS;11174546.650000000000000;
202501;59;2000008119;COTAS;38430573.787523000000000;
202501;93;1987000129;COTAS;36420239.771798000000000;12124223000140
202501;59;2000008119;COTAS;39631914.254699000000000;
202501;81;2017000256;VL_PG_RC;-8862.880000000000000;
202501;59;2000008119;COTAS;78365824.457260000000000;
202501;93;1996002856;VL_PG_RC;-17087.020000000000000;
202501;59;2000008119;ACOES;108074331.350000000000000;
202501;59;2000008119;CAIXA;63997.140000000000000;
202501;81;1998001229;COTAS;9013060.369168000000000;
202501;59;1982000783;COTAS;-1524.598211000000000;
202501;59;2000008119;COTAS;6934708.012350000000000;05362674000150
202501;93;2000002374;CAIXA;2068.260000000000000;
202501;59;2000008119;IMOVEIS;112127809.170000000000000;
202501;59;2012000819;COTAS;21465120.703295000000000;
202501;59;2000008119;COTAS;-5056320.196917000000000;
202501;81;2017000256;COTAS;486521.626397000000000;
202501;59;2012000819;COTAS;7047492.759679000000000;
202501;93;1979002592;VL_PG_RC;-2694.940000000000000;
202501;59;1982000783;COTAS;514925.553383000000000;
202501;59;2012000819;COTAS;699579.310463000000000;
202501;59;2012000819;TIT_PRIV;376420.670000000000000;
202501;59;1982001811;OPERACAO_PARTICIPANTE;42518.840000000000000;
202501;81;2017000256;COTAS;495663.770354000000000;
202501;59;9970000000;CAIXA;1299.770000000000000;
202501;81;1998001229;COTAS;55084.757668000000000;
202501;59;1982001811;TIT_PUB;14572761.040000000000000;
202501;81;1998001229;COTAS;103225.494763000000000;
202501;93;1994000619;COTAS;2939967.500000000000000;
202501;59;2000008119;COTAS;-96204.725454000000000;
202501;59;2000008119;COTAS;3304944.336622000000000;
202501;59;2000008119;COTAS;53283101.819315000000000;
202501;81;1998001229;COTAS;4256604.432573000000000;
202501;59;2000008119;COTAS;2314222.171573000000000;
202501;81;1998001229;COTAS;17231082.783432000000000;
202501;81;9970000000;CAIXA;5047.780000000000000;
202501;59;2000008119;COTAS;87949795.330637000000000;
202501;59;2000008119;COTAS;1875928.149433000000000;
202501;93;1987000129;VL_PG_RC;-13882.840000000000000;
202501;93;1994000619;COTAS;30326564.033672000000000;39488674000112
202501;81;1998001229;COTAS;19082773.862558000000000;
202501;59;2000008119;COTAS;5096245.051565000000000;
202501;81;1998001229;COTAS;19025524.721006000000000;
202501;59;2000008119;COTAS;87372482.467205000000000;
202501;59;2000008119;OPERACAO_PARTICIPANTE;68256419.150000000000000;
202501;59;2000008119;COTAS;75879946.713786000000000;
202501;93;2000002374;OPERACAO_PARTICIPANTE;10348213.170000000000000;
202501;59;2012000819;COTAS;2072042.511011000000000;
202501;93;1994000619;VL_PG_RC;-326048.790000000000000;
202501;93;1996002929;COTAS;31175623.603741000000000;39379846000110
202501;59;2012000819;COTAS;2730390.077100000000000;
202501;81;1998001229;COTAS;13229909.909543000000000;
202501;81;1998001229;COTAS;4537894.107262000000000;
202501;93;2006007556;VL_PG_RC;-1157659.410000000000000;
202501;93;2015001565;CAIXA;100.810000000000000;
202501;59;9970000000;IMOVEIS;6534174.480000000000000;
202501;59;9970000000;COTAS;3001.642760000000000;
202501;93;1996002929;OPERACAO_PARTICIPANTE;19395050.870000000000000;
202501;81;1998001229;COTAS;7359510.097986000000000;
202501;93;1996002929;COTAS;228583333.782687000000000;12124223000140
202501;81;1998001229;CAIXA;24812.750000000000000;
202501;93;2000002374;COTAS;2540570937.078954000000000;05971921000115
202501;81;1998001229;COTAS;9488547.208067000000000;
202501;81;1998001229;COTAS;23188702.204133000000000;
202501;93;2000002692;CAIXA;33586.340000000000000;
202501;81;1998001229;COTAS;8935673.721730000000000;
202501;81;1998001229;COTAS;4328531.270417000000000;
202501;93;1996002929;COTAS;30442365.618517000000000;39503903000120
202501;93;2000002692;COTAS;7194374.680000000000000;39379846000110
202501;81;1998001229;COTAS;8405012.300631000000000;
202501;81;2017000256;COTAS;232817.659733000000000;
202501;93;2005003956;CAIXA;2169.920000000000000;
202501;59;2012000819;COTAS;1434803.048947000000000;
202501;93;2000002692;COTAS;49849310.892278000000000;12124223000140
202501;81;1998001229;COTAS;4833943.106227000000000;
202501;81;2017000256;COTAS;152162.710285000000000;
202501;81;1998001229;OPERACAO_PARTICIPANTE;28215017.700873769200000;
202501;93;2000002692;COTAS;7025161.309550000000000;39503903000120
202501;81;2017000256;OPERACAO_PARTICIPANTE;1179785.800000000000000;
202501;93;2021002365;COTAS;9900516.156951000000000;23029058000163
202501;93;2015001565;COTAS;2156626.755433000000000;39503903000120
202501;93;1979002592;CAIXA;102.260000000000000;
202501;93;2015001565;COTAS;133225.893865000000000;12124223000140
202501;93;1979002592;COTAS;273340.276451000000000;39503903000120
202501;81;1998001229;COTAS;8660088.948962000000000;
202501;93;2015001638;VL_PG_RC;-1574.070000000000000;
202501;81;1998001229;COTAS;4141992.987526000000000;
202501;93;1987000129;COTAS;8911845.656382000000000;39488674000112
202501;93;1994000619;COTAS;20425291.900703000000000;
202501;81;1998001229;COTAS;8854155.672104000000000;
202501;81;1998001229;COTAS;155649816.412354000000000;19531929000175
202501;93;1994000619;COTAS;6749244849.984340000000000;10786628000118
202501;81;1998001229;IMOVEIS;45994713.380000000000000;
202501;93;1994000619;COTAS;357173818.783944000000000;12124223000140
202501;93;2015001719;VL_PG_RC;-1582.200000000000000;
202501;93;1994000619;IMOVEIS;28412700.000000000000000;
202501;81;9970000000;COTAS;22127231.702263000000000;49051587000157
202501;93;2015001638;COTAS;1728110.665086000000000;39488674000112
202501;81;2017000256;COTAS;525498.859062000000000;
202501;93;1996002856;COTAS;19333617.392967000000000;12124223000140
202501;93;2021002365;CAIXA;703.150000000000000;
202501;93;2021002365;COTAS;63889582.303467000000000;19550171000112
202501;81;2017000256;CAIXA;115904.040000000000000;
202501;81;9970000000;VL_PG_RC;-5876.980000000000000;
202501;93;1979002592;COTAS;20900406.502641000000000;19550171000112
202501;59;9970000000;COTAS;1090.284317000000000;
202501;93;2021002365;OPERACAO_PARTICIPANTE;7970166.680000000000000;
202501;93;1987000129;COTAS;9317103.892030000000000;39379846000110
202501;81;2017000256;COTAS;491861.322107000000000;
202501;93;1996002856;COTAS;959249.962130000000000;39379846000110
202501;93;1994000619;COTAS;3653692.870000000000000;
202501;93;9970000000;VL_PG_RC;-3284.950000000000000;
202501;93;2021002365;COTAS;399044717.766691000000000;27347280000165
202501;93;1996002856;COTAS;936688.163366000000000;39503903000120
202501;93;2021002365;COTAS;4633904.434419000000000;39379846000110
202501;93;1979002592;COTAS;2642052.425004000000000;12124223000140
202501;93;1996002856;OPERACAO_PARTICIPANTE;258469.720000000000000;
202501;117;1979004765;COTAS;4992657.711033000000000;
202501;93;1979002592;COTAS;279924.146349000000000;39379846000110
202501;93;1996002929;COTAS;1062136383.672175000000000;19549859000182
202501;117;1979004765;COTAS;2954949.488169000000000;
202501;93;1994000619;COTAS;31705637.524293000000000;39379846000110
202501;93;1979002592;OPERACAO_PARTICIPANTE;67205.210000000000000;
202501;93;1979002592;COTAS;267748.521995000000000;39488674000112
202501;93;2000002692;COTAS;6881446.996237000000000;39488674000112
202501;117;1979004765;ACOES;52913249.510000000000000;
202501;117;1979004765;COTAS;6102356.954927000000000;
202501;93;1979002592;IMOVEIS;528057.460000000000000;
202501;93;2005003956;COTAS;315709.099624000000000;27347280000165
202501;59;9970000000;COTAS;41909254.869622000000000;
202501;117;2009001338;COTAS;1664219.237009000000000;
202501;93;9970000000;CAIXA;9675.450000000000000;
202501;93;2005003956;COTAS;479624.973870000000000;39379846000110
202501;93;1996002856;CAIXA;103.140000000000000;
202501;117;2009001338;COTAS;1504000.668182000000000;
202501;81;1998001229;COTAS;9248825.028495000000000;
202501;117;1979004765;COTAS;32690.390209000000000;
202501;93;1987000129;COTAS;8048444.856446000000000;27347280000165
202501;93;1996002856;COTAS;87355869.908982000000000;19549886000155
202501;93;2005003956;OPERACAO_PARTICIPANTE;712364.120000000000000;
202501;117;2009001338;COTAS;431.750955000000000;
202501;93;1994000619;CAIXA;25265.600000000000000;
202501;81;1998001229;COTAS;9270285.284398000000000;
202501;117;2013002165;COTAS;6656876.948048000000000;
202501;117;2013002165;COTAS;6016002.672729000000000;
202501;117;1979004765;COTAS;4512002.004546000000000;
202501;93;1994000619;COTAS;30959913.486204000000000;39503903000120
202501;93;1996002856;COTAS;917526.272588000000000;39488674000112
202501;93;2015001565;COTAS;2112508.479487000000000;39488674000112
202501;93;1996002929;COTAS;5404581.620000000000000;
202501;117;2013002165;COTAS;9153535.432391000000000;
202501;93;2015001638;COTAS;37657073.346581000000000;23029058000163
202501;93;1996002929;VL_PG_RC;-38574.860000000000000;
202501;117;2013002238;COTAS;42897726.000000000000000;
202501;93;2005003956;COTAS;468344.095734000000000;39503903000120
202501;93;2015001719;COTAS;8954314.378570000000000;12124223000140
202501;117;2013002238;COTAS;13805842.515748000000000;
202501;93;1996002856;IMOVEIS;225664.580000000000000;
202501;117;2009001338;COTAS;3232030.000000000000000;
202501;93;2000002374;COTAS;87676140.405463000000000;17490583000189
202501;93;1996002929;COTAS;31906536.483625000000000;03211696000193
202501;117;2009001338;COTAS;2663455.020703000000000;
202501;93;2021002365;COTAS;139590.000000000000000;
202501;117;2009001338;TIT_PRIV;39403095.740000000000000;
202501;93;9970000000;TIT_PUB;146794242.750000000000000;
202501;93;2006007556;COTAS;12330874168.626285000000000;08399811000119
202501;117;2013002165;COTAS;18.598276000000000;
202501;93;1996002929;COTAS;29819603.714588000000000;39488674000112
202501;117;2013002165;TIT_PRIV;202117482.470000000000000;
202501;93;1996002929;IMOVEIS;3982277.960000000000000;
202501;117;1979004765;COTAS;2498779.750837000000000;
202501;117;2013002238;COTAS;19478734.820842000000000;
202501;93;2000002692;COTAS;21397472.799784000000000;27347280000165
202501;117;2013002238;ACOES;30245731.000000000000000;
202501;117;2013002238;OPERACAO_PARTICIPANTE;18880082.209646976500000;
202501;81;1998001229;COTAS;8787808.288197000000000;
202501;117;2013002238;COTAS;31344243.700755000000000;
202501;117;1979004765;VL_PG_RC;1232186.150000000000000;
202501;117;2018002147;COTAS;10240870.993372000000000;
202501;93;2000002692;COTAS;698154581.300324000000000;10786641000177
202501;117;2018002147;COTAS;3435199.095198000000000;
202501;93;2006007556;CAIXA;4392.220000000000000;
202501;93;2000002692;VL_PG_RC;-25772.690000000000000;
202501;93;2015001565;VL_PG_RC;-69983.960000000000000;
202501;117;2018002147;IMOVEIS;38876876.200000000000000;
202501;117;2013002238;COTAS;4997497.162757000000000;
202501;117;2009001338;ACOES;2337042.750000000000000;
202501;93;2005003956;VL_PG_RC;-3684.480000000000000;
202501;117;1979004765;CAIXA;21905.090000000000000;
202501;81;1998001229;COTAS;4232012.505297000000000;
202501;93;2015001719;COTAS;42342870.458575000000000;23029058000163
202501;117;2021001474;COTAS;5587577.246074000000000;
202501;93;2015001565;COTAS;80259760.852066000000000;23029058000163
202501;117;2013002238;VL_PG_RC;588433.200000000000000;
202501;117;1979004765;COTAS;38179396.142015000000000;
202501;93;2015001638;COTAS;1806694.977768000000000;39379846000110
202501;117;2018002147;ACOES;32622291.080000000000000;
202501;117;9970000000;CAIXA;444755.080000000000000;
202501;93;2015001719;COTAS;1335858.348460000000000;39503903000120
202501;117;2018002147;COTAS;2498779.750837000000000;
202501;81;1998001229;TIT_PUB;1543585479.610000000000000;
202501;93;2021002365;COTAS;5856965.588712000000000;12124223000140
202501;117;9970000000;COTAS;103687.082172000000000;
202501;93;1987000129;COTAS;488993003.215077000000000;04682496000181
202501;117;9970000000;TIT_PUB;14998333.720000000000000;
202501;93;9970000000;COTAS;7773985.974263000000000;
202501;93;2015001638;COTAS;6961405.043179000000000;12124223000140
202501;121;1998003711;CAIXA;1000.000000000000000;
202501;93;9970000000;COTAS;34522953.611410000000000;12124223000140
202501;93;2015001638;COTAS;1764201.075739000000000;39503903000120
202501;121;1998003711;COTAS;353460401.860047000000000;04738236000180
202501;117;2018002147;VL_PG_RC;679802.330000000000000;
202501;117;1979004765;COTAS;5993456.868185000000000;
202501;93;2015001719;CAIXA;101.150000000000000;
202501;117;2021001474;CAIXA;34659.030000000000000;
202501;93;2021002365;COTAS;219902.650000000000000;
202501;93;2021002365;VL_PG_RC;-16244.290000000000000;
202501;121;9970000000;CAIXA;334.980000000000000;
202501;93;9970000000;COTAS;9175262.684588000000000;39488674000112
202501;93;2021002365;COTAS;1193034.568487000000000;
202501;134;1986000818;COTAS;27696741.647022000000000;
202501;117;2021001474;VL_PG_RC;-1870.650000000000000;
202501;93;2021002365;COTAS;72594202.291417000000000;10786628000118
202501;93;1987000129;COTAS;9097963.395994000000000;39503903000120
202501;134;1986000818;COTAS;5725200.000000000000000;
202501;93;1987000129;OPERACAO_PARTICIPANTE;2276129.510000000000000;
202501;117;2009001338;VL_PG_RC;22629.450000000000000;
202501;134;1986000818;COTAS;10251914.800001000000000;
202501;93;9970000000;COTAS;83505460.977997000000000;27347280000165
202501;93;1994000619;OPERACAO_PARTICIPANTE;144614826.310000000000000;
202501;117;1979004765;COTAS;5326910.041405000000000;
202501;134;1986000818;COTAS;8677582.880000000000000;
202501;117;1979004765;COTAS;5574086.000014000000000;
202501;93;9970000000;COTAS;9592499.578130000000000;39379846000110
202501;134;1986000818;COTAS;23563927.880029000000000;
202501;117;1979004765;COTAS;26.962950000000000;
202501;117;1979004765;COTAS;5120435.496684000000000;
202501;134;1986000818;COTAS;7871503.850000000000000;
202501;93;1996002929;CAIXA;2915.630000000000000;
202501;117;1979004765;COTAS;3765229.776931000000000;
202501;117;1979004765;COTAS;7844716.237548000000000;
202501;151;1996004174;COTAS;10783715.521161000000000;
202501;117;1979004765;COTAS;4580265.460160000000000;
202501;151;1996004174;COTAS;157303403.384572000000000;
202501;117;2009001338;COTAS;3509190.000000000000000;
202501;117;1979004765;OPERACAO_PARTICIPANTE;3852470.599357636400000;
202501;117;2013002165;ACOES;37265394.110000000000000;
202501;117;1979004765;COTAS;3350275.000000000000000;
202501;93;2000002374;VL_PG_RC;-107417.880000000000000;
202501;117;2009001338;COTAS;3765709.884164000000000;
202501;165;1979001911;COTAS;5197233.761221000000000;
202501;117;2013002165;COTAS;3331685.554774000000000;
202501;117;2009001338;COTAS;12196124.047077000000000;
202501;117;1979004765;COTAS;3682580.523758000000000;
202501;182;1967000174;COTAS;1851588.047996000000000;
202501;117;2009001338;COTAS;2787042.999996000000000;
202501;117;2013002165;VL_PG_RC;823021.950000000000000;
202501;117;2009001338;COTAS;3714078.348867000000000;
202501;117;1979004765;COTAS;1884757.804196000000000;
202501;151;1980000956;TIT_PUB;1275419804.040000000000000;
202501;117;2009001338;COTAS;1477474.744083000000000;
202501;117;1979004765;COTAS;5209332.348643000000000;
202501;117;1979004765;COTAS;605847.509888000000000;43778694000103
202501;117;2009001338;OPERACAO_PARTICIPANTE;24053592.029847651800000;
202501;117;1979004765;COTAS;7240305.275247000000000;
202501;117;2009001338;COTAS;185942161.896141000000000;03211632000192
202501;151;1996004174;COTAS;185312968.775245000000000;
202501;117;2013002165;COTAS;4360.128691000000000;
202501;117;1979004765;IMOVEIS;71981150.160000000000000;
202501;165;1979001911;IMOVEIS;13300000.000000000000000;
202501;182;2010001419;COTAS;13168967.976909000000000;
202501;117;2013002165;COTAS;1576600.000000000000000;
202501;117;1979004765;TIT_PUB;547186856.050000000000000;
202501;182;2010001419;COTAS;11133959.003948000000000;
202501;117;2013002165;COTAS;5209332.348643000000000;
202501;165;1979001911;OPERACAO_PARTICIPANTE;2945199.280000000000000;
202501;165;1979001911;TIT_PUB;167345168.990000000000000;
202501;117;2013002165;COTAS;5020306.369308000000000;
202501;117;2013002238;COTAS;12.591627000000000;
202501;182;1967000174;ACOES;26754440.550000000000000;
202501;182;2010001419;COTAS;4810608.876058000000000;
202501;117;2013002165;TIT_PUB;662012159.950000000000000;
202501;117;2009001338;COTAS;3769515.608392000000000;
202501;182;2010001419;COTAS;386687.817073000000000;
202501;117;2009001338;COTAS;10240870.993372000000000;
202501;117;2013002238;COTAS;15289.596187000000000;
202501;182;2010001419;COTAS;2386808678.433419000000000;52356027000115
202501;182;1967000174;VL_PG_RC;-27005368.870000000000000;
202501;117;2009001338;COTAS;13023330.871607000000000;
202501;117;2013002165;COTAS;22106421.000000000000000;
202501;117;2013002238;COTAS;19559700.619492000000000;
202501;93;2000002692;OPERACAO_PARTICIPANTE;4969816.580000000000000;
202501;182;2010001419;TIT_PRIV;2409305.510000000000000;
202501;117;2013002238;COTAS;9423789.020981000000000;
202501;117;2009001338;COTAS;1255076.592377000000000;
202501;182;9970000000;COTAS;103345739.759012000000000;04320223000197
202501;117;2013002238;COTAS;673087136.368154000000000;03211632000192
202501;196;1999004183;CAIXA;60806.110000000000000;
202501;117;2009001338;COTAS;3051178.477464000000000;
202501;117;2013002238;COTAS;17175995.475676000000000;
202501;117;2009001338;TIT_PUB;159305243.910000000000000;
202501;117;2009001338;COTAS;1665873.946899000000000;
202501;117;2018002147;COTAS;15.387637000000000;
202501;117;2013002165;CAIXA;23962.560000000000000;
202501;117;2013002238;TIT_PRIV;245098350.640000000000000;
202501;117;2013002165;COTAS;22551.873483000000000;
202501;117;2018002147;COTAS;18640.335554000000000;
202501;117;2013002165;COTAS;9050381.593663000000000;
202501;117;2013002165;COTAS;4603208.997305000000000;
202501;117;2013002165;COTAS;4432424.232251000000000;
202501;117;2013002165;COTAS;12728446.701902000000000;
202501;117;2013002165;COTAS;1884757.804196000000000;
202501;117;2013002165;IMOVEIS;48143160.770000000000000;
202501;182;2010001419;COTAS;1491967.463738000000000;
202501;117;2013002165;OPERACAO_PARTICIPANTE;6410813.050250354200000;
202501;121;1986000265;VL_PG_RC;104299.150000000000000;
202501;117;2013002165;COTAS;36683437.294834000000000;
202501;117;2013002238;CAIXA;9886.870000000000000;
202501;196;9970000000;COTAS;1185521.859665000000000;
202501;117;2013002165;COTAS;7491821.084472000000000;
202501;206;1988000874;COTAS;4911307.731604000000000;
202501;182;2010001419;COTAS;306208.936855000000000;
202501;117;2013002165;COTAS;6870398.190239000000000;
202501;117;2018002147;COTAS;3765229.776931000000000;
202501;117;2013002165;COTAS;7990365.062109000000000;
202501;134;1986000818;COTAS;30440642.579998000000000;
202501;206;1988000874;COTAS;69711450.628426000000000;
202501;117;2013002238;COTAS;2956.870798000000000;
202501;134;1986000818;COTAS;12433895.979996000000000;
202501;182;9970000000;IMOVEIS;2295000.000000000000000;
202501;117;2013002238;COTAS;8868375.000000000000000;
202501;117;2013002238;COTAS;15256299.520451000000000;
202501;93;2005003956;COTAS;3363538.866596000000000;12124223000140
202501;134;1986000818;COTAS;8821400.889999000000000;
202501;206;4002060047;COTAS;3771932.419854000000000;
202501;117;2013002238;COTAS;25341068.460987000000000;
202501;93;2005003956;COTAS;458763.129412000000000;39488674000112
202501;93;2005003956;TIT_PUB;12021494.090000000000000;
202501;117;2018002147;OPERACAO_PARTICIPANTE;4947490.979824257700000;
202501;117;2013002165;COTAS;8361129.000010000000000;
202501;206;4002060047;COTAS;4812437.436968000000000;
202501;134;1986000818;COTAS;62082151.220000000000000;46171893000139
202501;117;2013002165;COTAS;4536703.366293000000000;
202501;117;2013002238;COTAS;20837329.394566000000000;
202501;117;9970000000;VL_PG_RC;-3197.460000000000000;
202501;117;2013002238;COTAS;14977973.133105000000000;
202501;93;2006007556;OPERACAO_PARTICIPANTE;71025203.480000000000000;
202501;117;2013002238;COTAS;70233322.044863000000000;
202501;117;2013002165;COTAS;122497569.910266000000000;03211632000192
202501;117;2013002238;COTAS;8864848.464506000000000;
202501;93;2015001565;COTAS;2208572.909799000000000;39379846000110
202501;134;1986000818;VL_PG_RC;-22676.160000000000000;
202501;206;4002060047;VL_PG_RC;-741559.960000000000000;
202501;121;1986000265;COTAS;573369112.209996000000000;02561152000199
202501;117;2013002238;COTAS;13536006.013453000000000;
202501;117;2013002238;COTAS;20902822.500015000000000;
202501;93;2015001638;CAIXA;102.410000000000000;
202501;117;2013002238;COTAS;21358249.342246000000000;
202501;117;2013002238;TIT_PUB;1023894475.660000000000000;
202501;117;2013002238;COTAS;30722612.980117000000000;
202501;121;1986000265;IMOVEIS;36620000.000000000000000;
202501;117;2013002238;COTAS;8411804.158334000000000;
202501;121;1998003711;VL_PG_RC;-9766.500000000000000;
202501;117;2018002147;CAIXA;10453.010000000000000;
202501;117;2018002147;COTAS;2954949.488169000000000;
202501;134;1986000818;COTAS;13133932.520000000000000;
202501;196;1999004183;COTAS;7024621.183051000000000;
202501;206;9970000000;CAIXA;10521.190000000000000;
202501;117;2013002238;IMOVEIS;33611512.870000000000000;
202501;211;1996005138;CAIXA;202069.460000000000000;
202501;206;1988000874;CAIXA;208100.610000000000000;
202501;117;2018002147;COTAS;7813998.522964000000000;
202501;117;2018002147;COTAS;3995182.531053000000000;
202501;93;2015001719;COTAS;1368034.851457000000000;39379846000110
202501;117;2018002147;COTAS;3328438.474024000000000;
202501;134;9970000000;COTAS;2461617.159985000000000;
202501;117;2018002147;COTAS;16165890.000000000000000;
202501;117;2018002147;COTAS;3008001.336364000000000;
202501;117;2023000238;VL_PG_RC;-1.670000000000000;
202501;151;1996004174;COTAS;85960088.053149000000000;
202501;206;2010005538;COTAS;26903170.375043000000000;
202501;211;1996005138;COTAS;15937451.026099000000000;
202501;117;2018002147;COTAS;2799691.391117000000000;
202501;206;2010005538;VL_PG_RC;-1188496.460000000000000;
202501;117;2018002147;COTAS;1884757.804196000000000;
202501;134;1986000818;COTAS;10350103.269985000000000;
202501;121;1986000265;TIT_PRIV;12493542.720000000000000;
202501;211;1996005138;COTAS;21555739.552070000000000;
202501;134;1986000818;COTAS;10659842.360000000000000;
202501;117;2018002147;COTAS;26024841.409009000000000;
202501;93;2015001719;COTAS;1308530.587160000000000;39488674000112
202501;117;2018002147;COTAS;10591397.934962000000000;
202501;93;2021002365;COTAS;4432347.386418000000000;39488674000112
202501;211;1996005138;COTAS;16294192.951283000000000;
202501;211;1996005138;ACOES;107267057.710000000000000;
202501;134;9970000000;COTAS;3310503.179998000000000;
202501;211;1996005138;COTAS;19300151.703716000000000;
202501;151;1996004174;COTAS;10778378.081079000000000;
202501;211;1996005138;COTAS;17704909.486806000000000;
202501;151;1980000956;VL_PG_RC;-48193.850000000000000;
202501;117;2018002147;COTAS;154586937.554685000000000;03211632000192
202501;151;1996004174;COTAS;10777398.036966000000000;
202501;151;1996004174;COTAS;14611439.293345000000000;
202501;211;1996005219;COTAS;18618.021173000000000;
202501;117;2018002147;COTAS;4495092.651899000000000;
202501;117;2018002147;COTAS;4180564.499995000000000;
202501;151;1996004174;COTAS;233191890.401346000000000;
202501;165;1979001911;CAIXA;40255.210000000000000;
202501;117;2018002147;COTAS;4576767.716197000000000;
202501;211;1996005219;COTAS;2731558.456663000000000;
202501;117;2018002147;TIT_PRIV;111293472.850000000000000;
202501;117;2018002147;COTAS;5198305.940543000000000;
202501;117;9970000000;COTAS;99582974.578936000000000;
202501;151;1996004174;COTAS;130237555.064483000000000;
202501;211;1996005138;TIT_PRIV;115042819.120000000000000;
202501;211;1996005219;COTAS;4184536.675882000000000;
202501;151;1996004174;COTAS;53281051.509313000000000;
202501;151;1996004174;TIT_PUB;247686129.100000000000000;
202501;121;1986000265;CAIXA;1000.000000000000000;
202501;121;1998003711;OPERACAO_PARTICIPANTE;4605960.589872993600000;
202501;121;1986000265;OPERACAO_PARTICIPANTE;5602715.325712628000000;
202501;134;1986000818;COTAS;5707514.660111000000000;
202501;134;1986000818;COTAS;10659022.159999000000000;
202501;121;9970000000;COTAS;6264109.330008000000000;
202501;134;1986000818;COTAS;151069019.209994000000000;
202501;134;1986000818;COTAS;1603536.290000000000000;
202501;165;1979001911;COTAS;134607619.670857000000000;07667179000184
202501;134;1986000818;COTAS;155151664.490000000000000;
202501;211;1996005219;ACOES;17932605.460000000000000;
202501;134;1986000818;COTAS;21144483.250001000000000;
202501;165;1979001911;TIT_PRIV;2327.890000000000000;
202501;211;1996005219;COTAS;44819315.385520000000000;
202501;165;9970000000;COTAS;343.610796000000000;
202501;134;1986000818;COTAS;34884718.790000000000000;
202501;182;1967000174;TIT_PRIV;17583471.060000000000000;
202501;211;1996005219;OPERACAO_PARTICIPANTE;6478550.390295512500000;
202501;134;1986000818;COTAS;15024253.684311000000000;
202501;182;1967000174;COTAS;8106872.430000000000000;
202501;211;1996005219;COTAS;3917655.642324000000000;
202501;134;1986000818;COTAS;103567653.079919000000000;20934274000165
202501;211;1996005219;COTAS;3563570.687383000000000;
202501;134;1986000818;COTAS;204591211.449928000000000;21186519000186
202501;182;1967000174;IMOVEIS;175929027.140000000000000;
202501;151;1996004174;COTAS;132423978.925444000000000;
202501;182;2010001419;COTAS;1095484.131628000000000;
202501;182;2010001419;COTAS;900143.598929000000000;
202501;211;1996005219;VL_PG_RC;939876.320000000000000;
202501;182;2010001419;COTAS;8049833.141630000000000;
202501;211;1997002329;ACOES;323379.210000000000000;
202501;121;9970000000;VL_PG_RC;-0.010000000000000;
202501;134;1986000818;COTAS;9542960.150003000000000;
202501;182;2010001419;COTAS;24941364.041569000000000;
202501;182;2010001419;COTAS;11525715.898466000000000;
202501;134;1986000818;COTAS;10335734.400001000000000;
202501;182;2010001419;COTAS;11675033.950366000000000;
202501;93;2021002365;COTAS;4524913.893585000000000;39503903000120
202501;211;9970000000;COTAS;44784532.452234000000000;
202501;182;2023000629;COTAS;1626024.179996000000000;
202501;151;1996004174;COTAS;14369058.193455000000000;
202501;211;9970000000;COTAS;2751914.459322000000000;
202501;211;1997002329;TIT_PUB;3781102.400000000000000;
202501;196;1999004183;COTAS;280250379.825142000000000;18079446000119
202501;182;2010001419;COTAS;6658816.908587000000000;
202501;93;9970000000;COTAS;9366881.717966000000000;39503903000120
202501;211;9970000000;VL_PG_RC;-2395.600000000000000;
202501;134;1986000818;CAIXA;509654.130000000000000;
202501;211;2021000192;VL_PG_RC;-626.240000000000000;
202501;134;1986000818;COTAS;17335694.122689000000000;
202501;196;9970000000;COTAS;3883448.750052000000000;
202501;223;1980000492;ALUGUEL;34285443.090000000000000;
202501;211;1996005138;COTAS;117196.834062000000000;
202501;134;1986000818;COTAS;7949150.830402000000000;
202501;211;1996005138;COTAS;132997498.321288000000000;
202501;117;1979004765;COTAS;28317183.000000000000000;
202501;182;2010001419;VL_PG_RC;-1507183.310000000000000;
202501;223;1980000492;COTAS;23604192.000000000000000;
202501;134;1986000818;COTAS;17009141.930001000000000;
202501;223;1980000492;COTAS;2772801.800000000000000;
202501;211;1996005138;COTAS;11954946.717278000000000;
202501;182;2023000629;COTAS;103115.719978000000000;
202501;117;1979004765;COTAS;6339.795911000000000;
202501;211;1996005138;COTAS;23313762.825501000000000;
202501;223;2002004838;COTAS;526337.550000000000000;
202501;134;1986000818;COTAS;2508454.610000000000000;
202501;117;1979004765;COTAS;157770346.330043000000000;03211632000192
202501;223;2002004838;COTAS;8268603.667188000000000;
202501;134;1986000818;COTAS;343945598.849998000000000;44544136000138
202501;223;2002004838;COTAS;13611219.731775000000000;41745775000173
202501;165;1979001911;COTAS;752909.976952000000000;
202501;223;2019003929;COTAS;1091957.120000000000000;
202501;182;1967000174;COTAS;13168967.976909000000000;
202501;117;1979004765;TIT_PRIV;145267572.160000000000000;
202501;211;1996005138;VL_PG_RC;-18302495.910000000000000;
202501;182;2023000629;VL_PG_RC;-1211.910000000000000;
202501;211;1996005219;COTAS;2100058.810988000000000;
202501;134;1986000818;OPERACAO_PARTICIPANTE;1261187.170151823300000;
202501;151;1996004174;CAIXA;126385.520000000000000;
202501;223;2019003929;COTAS;168690.830000000000000;
202501;196;9970000000;VL_PG_RC;0.000000000000000;
202501;223;1980000492;COTAS;2882048.680000000000000;
202501;223;2019003929;COTAS;258707.700000000000000;
202501;151;1996004174;COTAS;51398655.947635000000000;
202501;223;1980000492;COTAS;26611973.385861000000000;
202501;237;1979000492;COTAS;183708424.219719000000000;
202501;117;2009001338;CAIXA;32525.100000000000000;
202501;237;1981000119;COTAS;2552410.958257000000000;
202501;237;1981000119;COTAS;1860427.809857000000000;47228177000103
202501;206;1988000874;COTAS;14711203.055322000000000;
202501;206;1988000874;VL_PG_RC;-2032185.290000000000000;
202501;182;1967000174;COTAS;11133958.994858000000000;
202501;211;1997002329;COTAS;9077632.241605000000000;
202501;206;2010005538;COTAS;215531024.147159000000000;
202501;182;1967000174;COTAS;154675.125797000000000;
202501;151;1996004174;COTAS;16890930.924191000000000;
202501;206;2010005538;COTAS;173030965.884788000000000;
202501;211;1996005138;COTAS;124753847.636505000000000;
202501;237;1981000119;IMOVEIS;6708611.840000000000000;
202501;211;1997002329;COTAS;687239.718496000000000;
202501;182;1967000174;COTAS;11525715.898466000000000;
202501;151;1996004174;COTAS;21050381.624444000000000;
202501;182;1967000174;COTAS;133106442.250828000000000;06137840000187
202501;237;1982000147;CAIXA;38624.780000000000000;
202501;211;2021000192;CAIXA;1867.430000000000000;
202501;211;2021000192;COTAS;1008132.040271000000000;
202501;151;1996004174;COTAS;17932445.515834000000000;
202501;182;2010001419;COTAS;9457404.125961000000000;
202501;117;2009001338;COTAS;8398940.914210000000000;
202501;151;9970000000;COTAS;32096.907087000000000;
202501;211;1996005138;IMOVEIS;75096350.000000000000000;
202501;211;9970000000;COTAS;764836.367866000000000;
202501;165;1979001911;COTAS;6333680.603086000000000;
202501;165;1979001911;COTAS;123806971.268895000000000;04899182000135
202501;211;9970000000;COTAS;2802682.100965000000000;
202501;223;1980000492;COTAS;197568833.360359000000000;41745775000173
202501;237;1982000147;COTAS;510250.217802000000000;
202501;211;1996005219;COTAS;1530233.179869000000000;
202501;165;1979001911;VL_PG_RC;119764.720000000000000;
202501;165;9970000000;COTAS;16.825570000000000;
202501;211;1996005219;COTAS;4260352.226824000000000;
202501;182;1967000174;CAIXA;495112.540000000000000;
202501;237;1982000856;OPERACAO_PARTICIPANTE;280380.860000000000000;
202501;211;1996005219;TIT_PRIV;14340181.100000000000000;
202501;211;1997002329;CAIXA;75499.140000000000000;
202501;117;2009001338;COTAS;2996728.432572000000000;
202501;211;1997002329;COTAS;43015.103663000000000;
202501;134;1986000818;COTAS;10931425.870000000000000;
202501;182;2010001419;COTAS;859473.109238000000000;
202501;182;2023000629;COTAS;731928.560004000000000;
202501;196;1999004183;TIT_PRIV;411666.340000000000000;
202501;117;2009001338;COTAS;2290132.730080000000000;
202501;211;1997002329;COTAS;16860.981959000000000;
202501;117;2009001338;COTAS;2362866.336611000000000;
202501;134;1986000818;COTAS;90919581.640060000000000;19831152000164
202501;211;9970000000;COTAS;1793.348808000000000;
202501;134;9970000000;VL_PG_RC;-3583.110000000000000;
202501;223;1980000492;COTAS;352450.098993000000000;
202501;223;2002004838;ALUGUEL;6742125.290000000000000;
202501;117;2013002165;COTAS;5120435.496684000000000;
202501;223;2002004838;COTAS;6109801.821472000000000;
202501;117;2013002238;COTAS;19975912.655270000000000;
202501;223;1980000492;OPERACAO_PARTICIPANTE;10538332.280000000000000;
202501;223;2002004838;COTAS;12514908.129863000000000;39240107000142
202501;223;2002004838;COTAS;4004321.900000000000000;
202501;117;2018002147;COTAS;3613.334043000000000;
202501;237;1982000856;TIT_PUB;11025426.080000000000000;
202501;117;2018002147;COTAS;2956125.000000000000000;
202501;223;2002004838;COTAS;10784254.779010000000000;42556558000106
202501;223;1980000492;TIT_PUB;3705346486.880000000000000;
202501;206;1988000874;TIT_PUB;844225837.250000000000000;
202501;151;1980000956;CAIXA;182575.030000000000000;
202501;223;2011000874;COTAS;651308.980000000000000;
202501;206;4002060047;CAIXA;40528.100000000000000;
202501;223;2011000874;OPERACAO_PARTICIPANTE;2800999.480000000000000;
202501;223;2011000874;TIT_PUB;589632472.340000000000000;
202501;237;2005002283;CAIXA;59883.200000000000000;
202501;237;2005002283;COTAS;931402.767949000000000;08944896000179
202501;237;2005002283;COTAS;7290261.439817000000000;41956824000117
202501;237;2005002356;COTAS;738.680000000000000;
202501;223;2019003929;COTAS;445014.000000000000000;
202501;223;2002004838;COTAS;6095803.244260000000000;
202501;182;2010001419;OPERACAO_PARTICIPANTE;168911039.150000000000000;
202501;223;2019003929;COTAS;802177.650000000000000;
202501;223;2011000874;COTAS;674075.000000000000000;
202501;223;2019003929;COTAS;252291.400000000000000;
202501;117;2018002147;COTAS;5442883.850678000000000;
202501;182;2023000629;TIT_PRIV;6535088.300000000000000;
202501;237;2007000792;OPERACAO_PARTICIPANTE;27425545.748532000000000;
202501;223;2011000874;COTAS;2960379.680000000000000;
202501;182;9970000000;COTAS;1250857.369759000000000;
202501;206;4002060047;COTAS;18218994.195403000000000;
202501;206;9970000000;VL_PG_RC;0.000000000000000;
202501;223;2011000874;COTAS;3072610.200000000000000;
202501;211;1996005138;COTAS;20778067.749077000000000;
202501;196;1999004183;COTAS;3121321.041377000000000;
202501;211;1996005138;COTAS;24153792.235698000000000;
202501;223;2011000874;COTAS;11888743.230594000000000;39240107000142
202501;211;1996005138;COTAS;15244342.618772000000000;
202501;151;1996004174;COTAS;11943386.519353000000000;
202501;211;1996005219;COTAS;135292.066526000000000;
202501;211;1997002329;VL_PG_RC;13127.650000000000000;
202501;151;1996004174;COTAS;10784593.610838000000000;
202501;196;1999004183;VL_PG_RC;-414586.140000000000000;
202501;223;2019003929;COTAS;0.001644000000000;
202501;117;2018002147;TIT_PUB;323167413.290000000000000;
202501;151;9970000000;CAIXA;5909.830000000000000;
202501;223;2011000874;COTAS;17654677.158400000000000;42556558000106
202501;165;9970000000;VL_PG_RC;0.000000000000000;
202501;237;2007000792;TIT_PUB;1493750962.610000000000000;
202501;182;1967000174;COTAS;6536920.431959000000000;
202501;182;1967000174;COTAS;3759274802.837415000000000;04320223000197
202501;223;1980000492;COTAS;29378704.640000000000000;
202501;223;1980000492;COTAS;337537787.320324000000000;39240107000142
202501;182;2010001419;CAIXA;355658.700000000000000;
202501;237;2007000865;COTAS;390044.883476000000000;
202501;182;2010001419;COTAS;3099847.859874000000000;
202501;206;1988000874;COTAS;134405946.252889000000000;
202501;223;1980000492;COTAS;165752499.464683000000000;42556558000106
202501;237;2007001047;COTAS;143.960000000000000;
202501;223;9970000000;TIT_PUB;406605970.370000000000000;
202501;223;1980000492;IMOVEIS;98325675.340000000000000;
202501;237;1979000492;COTAS;21512540.000000000000000;
202501;223;2019003929;ALUGUEL;1652936.780000000000000;
202501;117;2023000238;CAIXA;5461.780000000000000;
202501;223;2002004838;COTAS;1621184.600000000000000;
202501;206;1988000874;COTAS;8468145.336545000000000;
202501;223;2019003929;COTAS;2471967.247468000000000;
202501;117;2023000238;COTAS;15247340.990175000000000;
202501;223;2019003929;VL_PG_RC;347.950000000000000;
202501;117;9970000000;TIT_PRIV;26599358.290000000000000;
202501;237;2007001047;COTAS;469750.259630000000000;
202501;223;2002004838;COTAS;22957933.480000000000000;
202501;237;2007001047;COTAS;1214372.420290000000000;
202501;223;2002004838;OPERACAO_PARTICIPANTE;1508240.423813312000000;
202501;182;2010001419;COTAS;27022908.100000000000000;
202501;182;2010001419;COTAS;10435078.093258000000000;53544038000191
202501;237;2007001047;COTAS;526650.568251000000000;
202501;237;2007001047;COTAS;219064.188620000000000;42120328000191
202501;206;2010005538;CAIXA;129016.280000000000000;
202501;206;2010005538;COTAS;194663711.653242000000000;
202501;237;2007001047;VL_PG_RC;164906.840000000000000;
202501;237;2007002574;IMOVEIS;9016851.310000000000000;
202501;237;2007002574;OPERACAO_PARTICIPANTE;1577353.477867000000000;
202501;223;2011000874;CAIXA;6266.250000000000000;
202501;237;1979000492;COTAS;470552952.340609000000000;04733518000195
202501;223;2002004838;VL_PG_RC;57856.770000000000000;
202501;223;2011000874;COTAS;14067505.369899000000000;
202501;223;2011000874;ACOES;0.000000000000000;
202501;223;2011000874;COTAS;14082270.304265000000000;
202501;223;2011000874;VL_PG_RC;1507847.350000000000000;
202501;223;2019003929;CAIXA;3718.310000000000000;
202501;223;2019003929;COTAS;1791144.112582000000000;39240107000142
202501;223;2019003929;COTAS;1267074.367907000000000;42556558000106
202501;223;9970000000;COTAS;17053981.897820000000000;
202501;223;9970000000;COTAS;3918162.790260000000000;
202501;223;9970000000;VL_PG_RC;0.000000000000000;
202501;237;1979000492;OPERACAO_PARTICIPANTE;92910089.920739000000000;
202501;223;2019003929;COTAS;797903.710000000000000;
202501;237;1979000492;COTAS;144850329.312781000000000;
202501;237;1979000492;COTAS;69041613.844598000000000;47228177000103
202501;223;9970000000;CAIXA;14816.050000000000000;
202501;223;9970000000;COTAS;17006049.612802000000000;
202501;237;1981000119;COTAS;644.280000000000000;
202501;237;2007002574;TIT_PUB;281274125.630000000000000;
202501;237;1979000492;COTAS;25761.760000000000000;
202501;237;2007002647;CAIXA;22389.880000000000000;
202501;237;2007002647;COTAS;2510450.349293000000000;08944896000179
202501;237;1981000119;CAIXA;27967.410000000000000;
202501;237;1981000119;TIT_PUB;135406271.100000000000000;
202501;237;2007002647;COTAS;5737524.956874000000000;41956824000117
202501;237;1982000147;COTAS;1506085.000000000000000;
202501;223;9970000000;COTAS;8559358.640000000000000;
202501;237;1982000147;COTAS;11093512.226298000000000;04733518000195
202501;237;1982000856;COTAS;1717147.813541000000000;
202501;182;2023000629;CAIXA;143604.830000000000000;
202501;196;9970000000;CAIXA;41395.360000000000000;
202501;237;1981000119;COTAS;1252805.359000000000000;
202501;206;1988000874;COTAS;180443836.262767000000000;
202501;237;1979000492;TIT_PUB;4149403233.880000000000000;
202501;206;4002060047;COTAS;12747123.492304000000000;
202501;237;1981000119;COTAS;587745.000000000000000;
202501;206;4002060047;COTAS;60311631.742444000000000;
202501;211;1996005219;CAIXA;118341.020000000000000;
202501;237;2005002283;COTAS;13262066.679085000000000;
202501;223;9970000000;COTAS;8520106.500000000000000;
202501;237;1981000119;COTAS;25840393.236022000000000;04733518000195
202501;237;2005002283;COTAS;1498.963873000000000;
202501;237;1982000147;COTAS;1680.320000000000000;
202501;237;1982000147;COTAS;2554644.145653000000000;47228177000103
202501;211;1996005219;COTAS;4358232.451171000000000;
202501;237;2007002647;OPERACAO_PARTICIPANTE;11474838.380682000000000;
202501;134;1986000818;COTAS;167117.350000000000000;
202501;237;2005002283;COTAS;7539403.339614000000000;42120328000191
202501;237;1982000147;COTAS;4504073.523541000000000;
202501;237;1982000147;IMOVEIS;16707462.360000000000000;
202501;237;2005002283;COTAS;642395.068937000000000;47227862000115
202501;237;1982000856;CAIXA;22308.170000000000000;
202501;237;2005002283;VL_PG_RC;4072896.700000000000000;
202501;237;1982000856;COTAS;596548.955367000000000;08944896000179
202501;134;1986000818;COTAS;10339108.890000000000000;
202501;237;1982000856;COTAS;44674.156161000000000;41956824000117
202501;237;2005002356;COTAS;15792688.889117000000000;
202501;237;2005002283;COTAS;7528337.642374000000000;
202501;134;1986000818;COTAS;26285941.700000000000000;
202501;134;1986000818;COTAS;577147503.020001000000000;18059047000196
202501;237;2005002356;COTAS;6190552.499521000000000;47228177000103
202501;211;1996005138;COTAS;1193423.105613000000000;
202501;237;2007002647;TIT_PUB;230066987.510000000000000;
202501;237;2007000792;COTAS;16835950.429678000000000;
202501;211;1996005138;COTAS;32050481.198104000000000;
202501;237;2007003147;COTAS;375920.000000000000000;
202501;237;2007000792;COTAS;77639346.448264000000000;
202501;134;1986000818;COTAS;78689576.520001000000000;31533242000174
202501;211;1996005138;COTAS;16935662.431308000000000;
202501;237;2007001047;COTAS;339829.018805000000000;
202501;237;2007001047;COTAS;153656.152473000000000;08944896000179
202501;237;1982000147;TIT_PUB;87123170.400000000000000;
202501;237;2007002574;COTAS;1059.640000000000000;
202501;237;2007003147;COTAS;15319140.033451000000000;04733518000195
202501;223;9970000000;COTAS;31155184.113154000000000;39240107000142
202501;211;1996005138;OPERACAO_PARTICIPANTE;112671952.318855717000000;
202501;237;2007002574;COTAS;9756729.204906000000000;
202501;237;2007003392;TIT_PUB;52716572.410000000000000;
202501;237;2005002283;TIT_PUB;424054661.950000000000000;
202501;211;1996005219;COTAS;2528912.523921000000000;
202501;237;2005002356;COTAS;53471539.054660000000000;04733518000195
202501;237;1982000856;COTAS;650178.765407000000000;
202501;211;9970000000;CAIXA;401368.940000000000000;
202501;237;2005002356;OPERACAO_PARTICIPANTE;13220474.008263000000000;
202501;237;2007000792;COTAS;10229553.453175000000000;
202501;237;1982000856;COTAS;1223824.836462000000000;
202501;237;2007000865;CAIXA;21414.680000000000000;
202501;237;1982000856;COTAS;87577.371602000000000;
202501;237;2007000865;COTAS;160150.141186000000000;08944896000179
202501;237;2007000865;COTAS;234328.844779000000000;41956824000117
202501;237;2007001047;COTAS;111185.000000000000000;
202501;237;2007001047;COTAS;2029156.562629000000000;04733518000195
202501;134;9970000000;CAIXA;57684.740000000000000;
202501;237;2007002574;COTAS;2382179.766239000000000;47227862000115
202501;237;1982000856;COTAS;46200.880034000000000;42120328000191
202501;237;1982000856;COTAS;259709.791084000000000;47227862000115
202501;237;2007002574;COTAS;5217554.912957000000000;
202501;237;2009001192;COTAS;1101037.421843000000000;
202501;151;1996004174;COTAS;17000063.027177000000000;
202501;237;1982000856;VL_PG_RC;182007.740000000000000;
202501;237;2007003147;COTAS;479.080000000000000;
202501;237;2007002647;COTAS;33030.994456000000000;
202501;211;1996005219;COTAS;2124993.470149000000000;
202501;237;2005002283;COTAS;1344922.969271000000000;
202501;223;9970000000;COTAS;21596266.455821000000000;42556558000106
202501;237;2013000911;COTAS;405270.346521000000000;
202501;237;2007003147;COTAS;909665.204330000000000;41956824000117
202501;237;2007003147;COTAS;2611514.077604000000000;
202501;237;1979000492;COTAS;80498704.055857000000000;
202501;237;1979000492;IMOVEIS;245740848.120000000000000;
202501;237;2007003147;COTAS;628667.641931000000000;47228177000103
202501;237;2005002356;COTAS;20029295.086506000000000;
202501;237;2007003147;COTAS;1223824.836462000000000;
202501;237;2007003147;OPERACAO_PARTICIPANTE;438546.456600000000000;
202501;237;2007000792;COTAS;61217034.238583000000000;
202501;237;2014000883;COTAS;611912.418230000000000;
202501;211;1996005219;COTAS;2661753.549098000000000;
202501;237;2007000792;COTAS;21112961.272921000000000;47228177000103
202501;237;2007003392;COTAS;70.800000000000000;
202501;237;2014000883;COTAS;2101279.085222000000000;
202501;237;2007000865;COTAS;327902.869495000000000;
202501;211;1997002329;COTAS;381.349373000000000;
202501;211;1997002329;COTAS;1334043.647453000000000;
202501;237;2007003392;COTAS;1288762.850782000000000;
202501;223;1980000492;COTAS;167996412.009074000000000;
202501;237;2007000865;COTAS;607861.382731000000000;
202501;237;2014000883;VL_PG_RC;-8944.680000000000000;
202501;237;2007000865;COTAS;4446868.787413000000000;04733518000195
202501;237;2007003147;COTAS;940752.668785000000000;42120328000191
202501;237;2007000865;COTAS;242336.929582000000000;42120328000191
202501;223;1980000492;VL_PG_RC;52866888.390000000000000;
202501;151;1996004174;VL_PG_RC;2038122.090000000000000;
202501;237;1981000119;COTAS;1959666.624520000000000;
202501;223;2011000874;ALUGUEL;10142842.840000000000000;
202501;237;2007003147;VL_PG_RC;560847.420000000000000;
202501;237;2007003392;COTAS;611912.418230000000000;
202501;237;9970000000;COTAS;13055212.322116000000000;
202501;237;2007003392;COTAS;1055192.600225000000000;42120328000191
202501;241;1979003947;CAIXA;21851.440000000000000;
202501;237;2007003392;CAIXA;15974.520000000000000;
202501;237;2007003392;COTAS;694228.342582000000000;08944896000179
202501;237;2007003392;COTAS;973204.257549000000000;47227862000115
202501;237;2007000865;COTAS;244901.761811000000000;47227862000115
202501;237;2007000865;VL_PG_RC;14144.100000000000000;
202501;237;2007003392;VL_PG_RC;153001.200000000000000;
202501;237;2007003392;COTAS;1020323.419153000000000;41956824000117
202501;237;2007001047;COTAS;211825.136515000000000;41956824000117
202501;241;2010003683;TIT_PUB;89311822.840000000000000;
202501;237;2009001192;COTAS;5041188.105847000000000;
202501;254;1987000447;COTAS;94882396.018959000000000;
202501;151;9970000000;VL_PG_RC;398351.540000000000000;
202501;237;2009001192;COTAS;611912.418230000000000;
202501;254;1987000447;COTAS;45501637.430646000000000;
202501;237;2009001192;COTAS;2039667.685135000000000;
202501;237;2007001047;COTAS;531498.404708000000000;47228177000103
202501;271;1983000256;COTAS;2528944.310108000000000;
202501;237;2009001192;COTAS;848414.795833000000000;42120328000191
202501;237;2009001192;COTAS;820378.670408000000000;41956824000117
202501;237;2009001192;COTAS;517515.970904000000000;47227862000115
202501;182;1967000174;COTAS;438161.819310000000000;
202501;237;2007001047;OPERACAO_PARTICIPANTE;2301900.710000000000000;
202501;237;2007002574;COTAS;2039885.381085000000000;
202501;237;2009001192;VL_PG_RC;9026.960000000000000;
202501;237;2013000911;COTAS;5021589.751181000000000;04733518000195
202501;237;2013000911;COTAS;489045.100332000000000;08944896000179
202501;237;2007002574;COTAS;12374106.139428000000000;
202501;237;2007002647;COTAS;7156964.071426000000000;
202501;223;2011000874;COTAS;5005239.000000000000000;
202501;182;1967000174;OPERACAO_PARTICIPANTE;120790969.300000000000000;
202501;237;2009001192;OPERACAO_PARTICIPANTE;2669730.800000000000000;
202501;271;1983000256;COTAS;4677683.151661000000000;
202501;237;2007002647;COTAS;1223824.836462000000000;
202501;237;1981000119;COTAS;4895299.345846000000000;
202501;237;2007002647;COTAS;5933602.716379000000000;42120328000191
202501;223;1980000492;COTAS;168005899.895605000000000;
202501;237;1981000119;COTAS;1588887.656056000000000;
202501;223;2002004838;COTAS;8536938.000000000000000;
202501;237;2013000911;OPERACAO_PARTICIPANTE;2661309.440000000000000;
202501;237;2013000911;TIT_PUB;13600067.910000000000000;
202501;223;2011000874;COTAS;21312025.128825000000000;41745775000173
202501;271;1983000256;COTAS;4300862.977211000000000;
202501;237;2009001192;TIT_PUB;57877548.870000000000000;
202501;237;2007002647;COTAS;4006690.115419000000000;47227862000115
202501;237;2013000911;COTAS;611912.418230000000000;
202501;223;2002004838;COTAS;8163736.980000000000000;
202501;237;2007002647;VL_PG_RC;203126.430000000000000;
202501;237;2014000883;COTAS;1656815.512706000000000;
202501;223;2002004838;COTAS;24341932.080000000000000;
202501;237;1981000119;COTAS;660909.508258000000000;42120328000191
202501;271;1983000256;COTAS;11173166.845261000000000;
202501;223;2002004838;COTAS;465761.160000000000000;
202501;237;2007003147;COTAS;1706182.227822000000000;
202501;223;2019003929;COTAS;1106107.030000000000000;
202501;223;2011000874;COTAS;9521.969846000000000;
202501;223;2011000874;COTAS;3188338.100000000000000;
202501;271;1983000256;COTAS;4113481.195864000000000;
202501;223;2011000874;COTAS;0.001283000000000;
202501;271;1983000256;VL_PG_RC;1227157.100000000000000;
202501;223;2019003929;COTAS;1113328.710000000000000;
202501;237;2013000911;COTAS;626270.361774000000000;
202501;271;2008002111;COTAS;310996.338418000000000;
202501;237;2018000365;COTAS;698986.390349000000000;08944896000179
202501;223;2019003929;TIT_PUB;19448314.190000000000000;
202501;237;2013000911;COTAS;260501.768979000000000;42120328000191
202501;237;2007003147;COTAS;5659338.261885000000000;08944896000179
202501;223;2019003929;COTAS;1475427.296834000000000;41745775000173
202501;223;9970000000;COTAS;1030643.550000000000000;
202501;223;9970000000;COTAS;8697371.700000000000000;
202501;271;2008002111;TIT_PRIV;490300.090000000000000;
202501;223;9970000000;COTAS;24071261.009212000000000;41745775000173
202501;285;1979001774;CAIXA;6140.760000000000000;
202501;237;2013000911;COTAS;268157.270808000000000;47227862000115
202501;237;1979000492;CAIXA;390356.150000000000000;
202501;237;2007003147;IMOVEIS;4306353.880000000000000;
202501;237;1979000492;COTAS;178327048.228544000000000;
202501;237;2018000365;TIT_PUB;15854266.380000000000000;
202501;237;2007003392;COTAS;1085352.335406000000000;
202501;237;2013000911;VL_PG_RC;-976.380000000000000;
202501;237;2009001192;COTAS;1203566.695017000000000;
202501;237;1981000119;COTAS;1756952.351325000000000;08944896000179
202501;182;1967000174;TIT_PUB;1900491.840000000000000;
202501;237;1979000492;COTAS;133743007.652063000000000;
202501;285;1979001774;IMOVEIS;188275000.000000000000000;
202501;237;9970000000;COTAS;9654530.336638000000000;04733518000195
202501;237;2009001192;COTAS;1291650.044554000000000;08944896000179
202501;237;2013000911;COTAS;493801.342945000000000;
202501;237;2014000883;COTAS;12349496.020421000000000;04733518000195
202501;237;2018000365;COTAS;2774190.426513000000000;
202501;241;1979003947;COTAS;4112121.676305000000000;
202501;241;1979003947;COTAS;6772660.082216000000000;
202501;241;2010003683;VL_PG_RC;-538961.770000000000000;
202501;241;9970000000;CAIXA;8663.890000000000000;
202501;254;1987000447;IMOVEIS;4331528.080000000000000;
202501;237;2018000365;COTAS;7363687.930897000000000;
202501;241;1979003947;IMOVEIS;3820206.560000000000000;
202501;254;1987000447;TIT_PUB;253797869.750000000000000;
202501;285;1979001774;TIT_PUB;5988044884.540000000000000;
202501;285;1998005283;COTAS;58602144.257533000000000;
202501;241;1979003947;OPERACAO_PARTICIPANTE;2270895.189904628900000;
202501;237;2018000365;COTAS;1835737.254692000000000;
202501;285;1998005283;TIT_PRIV;89036783.400000000000000;
202501;237;2018000365;COTAS;812035.140283000000000;
202501;254;2020003147;COTAS;4009012.132696000000000;
202501;285;1998005283;VL_PG_RC;165422206.460000000000000;
202501;254;9970000000;COTAS;21876736.980665000000000;
202501;237;2018000365;COTAS;168520.792534000000000;47227862000115
202501;254;9970000000;COTAS;24203826.294415000000000;
202501;241;1979003947;VL_PG_RC;163968.660000000000000;
202501;285;2006000756;COTAS;2724229.318817000000000;52342548000113
202501;271;1983000256;COTAS;9563445.883111000000000;
202501;285;2017001465;COTAS;190045957.087366000000000;
202501;285;2017001465;OP_COMP;1306604.010000000000000;
202501;285;2024000274;COTAS;25269.261021000000000;
202501;285;2024000274;VL_PG_RC;0.000000000000000;
202501;285;9970000000;COTAS;6898608.489951000000000;
202501;271;1983000256;COTAS;3272833.793142000000000;
202501;241;2010003683;COTAS;32463683.567649000000000;
202501;241;1979003947;TIT_PUB;174408500.780000000000000;
202501;271;1983000256;OPERACAO_PARTICIPANTE;8262586.309773837400000;
202501;241;2010003683;COTAS;34528288.248747000000000;06290652000194
202501;285;9970000000;COTAS;14008956.847220000000000;
202501;241;2010003683;CAIXA;2265.030000000000000;
202501;285;9970000000;COTAS;3824746.877424000000000;52342548000113
202501;285;1979001774;COTAS;73278835.411454000000000;
202501;241;2010003683;OPERACAO_PARTICIPANTE;11203808.989851132400000;
202501;254;1987000447;CAIXA;88894.010000000000000;
202501;237;1981000119;COTAS;1819282.848041000000000;47227862000115
202501;237;1981000119;VL_PG_RC;844446.990000000000000;
202501;299;1981000518;COTAS;9395979.143573000000000;
202501;254;1987000447;COTAS;771864285.099839000000000;19226038000105
202501;237;1979000492;COTAS;371384451.173064000000000;08944896000179
202501;285;1979001774;COTAS;69599268.656877000000000;41373641000179
202501;237;1982000147;COTAS;1438974.793253000000000;
202501;182;9970000000;CAIXA;40107.070000000000000;
202501;237;1982000147;COTAS;2632553.137838000000000;08944896000179
202501;241;9970000000;COTAS;7282216.973976000000000;
202501;254;1987000447;OPERACAO_PARTICIPANTE;17027475.029243043700000;
202501;268;1979003874;COTAS;293076282.300000000000000;
202501;285;1979001774;COTAS;68509303.293913000000000;52342548000113
202501;237;1979000492;COTAS;76414872.181000000000000;42120328000191
202501;237;1981000119;COTAS;639069.553066000000000;41956824000117
202501;268;1979003874;COTAS;186717071.260000000000000;
202501;237;1982000147;COTAS;373387.148122000000000;
202501;182;9970000000;VL_PG_RC;-40454.820000000000000;
202501;299;1981000518;COTAS;1418311.164582000000000;
202501;254;2020003147;CAIXA;4295.960000000000000;
202501;299;1981000518;COTAS;5408791.326999000000000;
202501;268;1979003874;OPERACAO_PARTICIPANTE;21185229.639084780700000;
202501;237;1982000147;COTAS;647131.867744000000000;
202501;268;1979003874;IMOVEIS;82163326.410000000000000;
202501;271;1983000256;COTAS;30391.200040000000000;
202501;299;1981000518;COTAS;5244180.272681000000000;
202501;237;1982000147;COTAS;260284.154451000000000;41956824000117
202501;299;1981000518;COTAS;5364480.955244000000000;
202501;285;1998005283;COTAS;128846137.234535000000000;
202501;237;1979000492;COTAS;67514698.839682000000000;47227862000115
202501;237;1982000856;COTAS;111071.195207000000000;
202501;285;1998005283;COTAS;109658382.667260000000000;
202501;237;1982000147;COTAS;269179.262823000000000;42120328000191
202501;237;1982000147;COTAS;2498145.984096000000000;47227862000115
202501;196;1999004183;OPERACAO_PARTICIPANTE;6541976.750000000000000;
202501;237;1982000147;VL_PG_RC;2052277.810000000000000;
202501;237;1979000492;VL_PG_RC;31279780.300000000000000;
202501;237;1981000119;OPERACAO_PARTICIPANTE;2258964.926120000000000;
202501;285;2006000756;OP_COMP;11392949.600000000000000;
202501;299;1981000518;VL_PG_RC;-4395.150000000000000;
202501;271;1983000256;COTAS;10823367.829607000000000;
202501;271;1983000256;COTAS;2170623.425132000000000;
202501;285;2024000274;OP_COMP;216619.680000000000000;
202501;271;1983000256;COTAS;4656579.436863000000000;
202501;237;1982000147;COTAS;2511911.678124000000000;
202501;206;2010005538;COTAS;78056416.990926000000000;
202501;285;9970000000;TIT_PUB;45065496.230000000000000;
202501;237;1982000856;COTAS;139.240000000000000;
202501;211;1996005138;COTAS;13219463.107937000000000;
202501;237;1982000856;IMOVEIS;1508881.280000000000000;
202501;237;2005002283;COTAS;2738000.002775000000000;
202501;299;1981000518;COTAS;8714211.079959000000000;
202501;268;9970000000;COTAS;10133241.319999000000000;
202501;237;2005002283;COTAS;14291525.007009000000000;
202501;299;1981000518;COTAS;11748665.612043000000000;
202501;237;2005002356;COTAS;4212228.947936000000000;
202501;299;1981000518;COTAS;12493564.114495000000000;
202501;237;1982000856;COTAS;802835.571725000000000;
202501;271;1983000256;COTAS;0.272353000000000;
202501;299;9970000000;VL_PG_RC;0.010000000000000;
202501;271;1983000256;COTAS;123690.000000000000000;
202501;309;1979003629;COTAS;129031.861469000000000;
202501;271;1983000256;COTAS;2310930.500000000000000;
202501;237;2005002283;COTAS;18125423.369769000000000;
202501;271;1983000256;COTAS;116006.340142000000000;
202501;299;9970000000;CAIXA;9909.360000000000000;
202501;309;1979003629;COTAS;822610.135822000000000;
202501;237;2005002283;IMOVEIS;31340068.890000000000000;
202501;309;2011000165;OPERACAO_PARTICIPANTE;296242.290000000000000;
202501;237;2007000792;CAIXA;73406.530000000000000;
202501;309;1979003629;COTAS;9711.126627000000000;
202501;237;2007000792;COTAS;1033.680000000000000;
202501;309;1979003629;COTAS;3289400.808722000000000;
202501;309;1979003629;COTAS;6843850.000000000000000;
202501;237;2007000792;COTAS;338936902.140641000000000;04733518000195
202501;309;2019001519;COTAS;31062.000000000000000;
202501;309;2011000165;COTAS;1515900.000000000000000;
202501;271;1983000256;TIT_PRIV;137751699.230000000000000;
202501;309;2019001683;CAIXA;394.380000000000000;
202501;309;2011000165;VL_PG_RC;-2272.130000000000000;
202501;271;2008002111;COTAS;215404.857360000000000;
202501;271;1983000256;IMOVEIS;56417999.680000000000000;
202501;271;2008002111;COTAS;1866919.446866000000000;
202501;271;2008002111;CAIXA;12332.020000000000000;
202501;237;2005002356;TIT_PUB;337454524.690000000000000;
202501;271;2008002111;COTAS;614890.790616000000000;
202501;309;9970000000;CAIXA;27898.290000000000000;
202501;309;2019001519;COTAS;151028.156222000000000;
202501;285;1979001774;COTAS;38236600.426613000000000;
202501;237;2007000792;COTAS;84744054.517001000000000;
202501;271;2008002111;COTAS;155886.309332000000000;
202501;285;1979001774;COTAS;6350629.391237000000000;
202501;312;1978000138;COTAS;1606173.219177000000000;
202501;285;1979001774;COTAS;184724264.975110000000000;
202501;312;1978000138;COTAS;6490740.618932000000000;
202501;211;1996005138;TIT_PUB;2609398365.930000000000000;
202501;309;2019001519;COTAS;565745.504429000000000;34793104000112
202501;312;1978000138;TIT_PRIV;115613370.180000000000000;
202501;309;2019001683;COTAS;11106.532516000000000;
202501;285;1979001774;VL_PG_RC;36321213.300000000000000;
202501;211;1996005219;COTAS;143045.700000000000000;
202501;312;1978000138;COTAS;8302815.609612000000000;
202501;312;1978000138;VL_PG_RC;3606849.080000000000000;
202501;211;1996005219;COTAS;29411647.459593000000000;
202501;285;1979001774;COTAS;73775175.691209000000000;
202501;312;1978000219;CAIXA;10924.500000000000000;
202501;211;1996005219;COTAS;5769086.615618000000000;
202501;312;2006003429;CAIXA;11403.720000000000000;
202501;285;1998005283;COTAS;232926827.698105000000000;
202501;312;1978000138;IMOVEIS;145239500.000000000000000;
202501;326;2000005683;COTAS;145820238.511785000000000;49997061000164
202501;285;1998005283;COTAS;356949120.683327000000000;
202501;326;1979002118;CAIXA;524993.520000000000000;
202501;326;2006001574;CAIXA;6122.760000000000000;
202501;285;1998005283;CAIXA;5747.800000000000000;
202501;326;2021002111;COTAS;1390332.971253000000000;
202501;237;2007000792;COTAS;14685898.037536000000000;
202501;326;2021002111;COTAS;9796992.400000000000000;
202501;285;1998005283;COTAS;194783157.885919000000000;
202501;285;1998005283;COTAS;75331307.492184000000000;
202501;285;1998005283;OP_COMP;265920173.270000000000000;
202501;285;2024000274;COTAS;30047.740525000000000;
202501;285;9970000000;CAIXA;530.010000000000000;
202501;237;2007000792;COTAS;32294658.009810000000000;42120328000191
202501;299;1981000518;COTAS;4147343.779386000000000;
202501;237;2007000792;COTAS;20646029.911793000000000;47227862000115
202501;309;1979003629;COTAS;8248355.613432000000000;
202501;309;1979003629;COTAS;5096245.051565000000000;
202501;211;1996005219;TIT_PUB;378670136.310000000000000;
202501;326;2021002111;TIT_PUB;265131069.840000000000000;
202501;309;2019001683;COTAS;344.768177000000000;33269204000181
202501;237;2007000792;VL_PG_RC;753677.500000000000000;
202501;211;1997002329;COTAS;218524.676533000000000;
202501;326;2022001419;VL_PG_RC;0.000000000000000;
202501;211;9970000000;COTAS;25190862.288693000000000;
202501;237;2007000792;COTAS;47558530.148755000000000;08944896000179
202501;237;2007000865;COTAS;933701.339281000000000;
202501;326;1979002118;IMOVEIS;158111619.320000000000000;
202501;237;2007000865;COTAS;582600.437538000000000;
202501;309;2019001683;COTAS;19755.965782000000000;34793104000112
202501;237;2007000792;COTAS;31227471.043950000000000;41956824000117
202501;285;2006000756;TIT_PUB;33686067.750000000000000;
202501;309;9970000000;COTAS;5242748.212083000000000;
202501;326;2023001838;CAIXA;787.400000000000000;
202501;237;2005002283;COTAS;58121810.745412000000000;04733518000195
202501;237;2005002283;COTAS;715220.699258000000000;47228177000103
202501;237;2005002283;OPERACAO_PARTICIPANTE;1761541.220000000000000;
202501;309;9970000000;COTAS;6309549.063791000000000;34793104000112
202501;237;2005002356;COTAS;12154158.908181000000000;
202501;312;1978000138;COTAS;16447004.035873000000000;
202501;237;2007000865;COTAS;459368.492452000000000;
202501;326;1979002118;TIT_PUB;869826148.040000000000000;
202501;326;2006001574;VL_PG_RC;-243926.610000000000000;
202501;285;2024000274;COTAS;15130.201208000000000;
202501;326;2009002938;CAIXA;5785.510000000000000;
202501;326;9970000000;COTAS;25284309.913755000000000;49995995000167
202501;326;9970000000;TIT_PUB;80473358.390000000000000;
202501;357;1993000429;COTAS;1907835.789533000000000;
202501;285;2024000274;COTAS;15182.947091000000000;
202501;357;1993000429;VL_PG_RC;306739.290000000000000;
202501;237;2007001047;COTAS;639897.503898000000000;
202501;237;2007001047;COTAS;415253.193590000000000;
202501;285;9970000000;OP_COMP;7983031.810000000000000;
202501;312;1978000219;COTAS;14505140.687248000000000;
202501;326;2021002111;COTAS;75107685.625810000000000;49997061000164
202501;211;9970000000;TIT_PUB;4814566.400000000000000;
202501;312;1978000219;OPERACAO_PARTICIPANTE;8843829.300000000000000;
202501;312;1978000219;TIT_PUB;69494089.930000000000000;
202501;237;2007001047;COTAS;519743.857505000000000;47227862000115
202501;357;2006006811;COTAS;24691.267664000000000;
202501;312;1978000383;COTAS;14631838.018679000000000;
202501;357;2006006811;COTAS;1016850.684649000000000;
202501;312;1978000383;OPERACAO_PARTICIPANTE;3001103.200000000000000;
202501;312;2006003429;COTAS;2026641172.902236000000000;
202501;357;1993000429;COTAS;319323.018316000000000;
202501;237;2007002574;CAIXA;34085.580000000000000;
202501;357;2006006811;COTAS;24097596.537121000000000;
202501;237;2007002574;COTAS;782550.000925000000000;
202501;357;1993000429;OPERACAO_PARTICIPANTE;1578153.120000000000000;
202501;237;2007002574;COTAS;35506629.740100000000000;04733518000195
202501;357;1993000429;TIT_PUB;103806629.300000000000000;
202501;357;2020000611;COTAS;12569684.802497000000000;
202501;357;2020000611;IMOVEIS;2108450.330000000000000;
202501;312;2006003429;TIT_PUB;842419534.150000000000000;
202501;357;2006006811;COTAS;1619951.846808000000000;
202501;299;1981000518;COTAS;64515.930154000000000;
202501;223;1980000492;ACOES;0.000000000000000;
202501;312;9970000000;COTAS;37452092.327207000000000;
202501;361;1980002029;COTAS;128369.953049000000000;
202501;326;1979002118;COTAS;48639686.600000000000000;
202501;299;1981000518;COTAS;5463459.142385000000000;
202501;237;2005002356;COTAS;1835737.254692000000000;
202501;299;1981000518;OPERACAO_PARTICIPANTE;4636549.430021692200000;
202501;357;2006006811;COTAS;10057440.399405000000000;
202501;361;1980002029;COTAS;-38158.074898000000000;
202501;223;1980000492;CAIXA;15668.580000000000000;
202501;361;1980002029;COTAS;3191247.294695000000000;
202501;326;2000005683;OPERACAO_PARTICIPANTE;10402880.075996908800000;
202501;237;2007002574;COTAS;8807117.907723000000000;08944896000179
202501;357;2006006811;OPERACAO_PARTICIPANTE;20112902.220000000000000;
202501;237;2007001047;IMOVEIS;1273095.770000000000000;
202501;237;2007002574;COTAS;5510361.457559000000000;
202501;361;1980002029;COTAS;40057274.668417000000000;04165971000142
202501;326;2006001574;COTAS;255683502.402150000000000;49997061000164
202501;361;1980002029;TIT_PUB;251366472.890000000000000;
202501;357;2006006811;TIT_PUB;542314131.380000000000000;
202501;237;2005002356;COTAS;8056021.343652000000000;41956824000117
202501;357;2020000611;COTAS;3719049.506218000000000;
202501;223;2002004838;CAIXA;6590.530000000000000;
202501;326;2009002938;COTAS;3237153.950000000000000;
202501;237;2005002356;COTAS;8331332.821894000000000;42120328000191
202501;299;1981000518;TIT_PUB;527344005.300000000000000;
202501;223;2002004838;COTAS;757614.600000000000000;
202501;237;2007002574;COTAS;3101054.808918000000000;
202501;237;2007002574;COTAS;4977013.047286000000000;41956824000117
202501;326;2021002111;VL_PG_RC;136154.900000000000000;
202501;361;2001002165;COTAS;8561295.349356000000000;
202501;237;2007002574;COTAS;2436055.226959000000000;47228177000103
202501;361;2001002165;COTAS;12611135.947273000000000;
202501;357;2020000611;TIT_PRIV;3115740.130000000000000;
202501;237;2007002574;COTAS;5147100.590046000000000;42120328000191
202501;326;2022001419;COTAS;277984.759591000000000;49995995000167
202501;237;2007002647;COTAS;30391735.607072000000000;04733518000195
202501;361;1980002029;COTAS;5359.905609000000000;
202501;361;2001002165;COTAS;143302444.052428000000000;39725887000110
202501;237;2005002356;COTAS;6053643.085931000000000;47227862000115
202501;237;2005002356;VL_PG_RC;356882.260000000000000;
202501;326;2023001838;VL_PG_RC;0.000000000000000;
202501;237;2007002647;COTAS;4097305.573386000000000;47228177000103
202501;237;2007002574;VL_PG_RC;1233107.240000000000000;
202501;361;1980002029;VL_PG_RC;3275974.550000000000000;
202501;309;1979003629;COTAS;63833712.374262000000000;
202501;361;2001002165;COTAS;9878988.606302000000000;
202501;237;2007002647;COTAS;299.720000000000000;
202501;326;9970000000;VL_PG_RC;-8366.310000000000000;
202501;223;2002004838;COTAS;4013940.540000000000000;
202501;223;2002004838;COTAS;4095293.200000000000000;
202501;361;2001002165;COTAS;70259561.060000000000000;
202501;237;2007003147;TIT_PUB;78629618.730000000000000;
202501;357;1993000429;COTAS;4720791.448384000000000;
202501;309;1979003629;TIT_PRIV;3670186.580000000000000;
202501;309;2011000165;COTAS;2274503.997418000000000;
202501;357;2006006811;COTAS;14679830.337976000000000;
202501;309;2019001519;CAIXA;369.140000000000000;
202501;357;2006006811;COTAS;28024118.050089000000000;
202501;309;2019001519;COTAS;3373.882071000000000;32862022000157
202501;237;2007003392;COTAS;2536780.638353000000000;
202501;309;2019001519;COTAS;21505.068664000000000;33269204000181
202501;237;2009001192;COTAS;1608236.181725000000000;
202501;223;2002004838;TIT_PUB;118600832.800000000000000;
202501;357;2020000611;COTAS;1867274.300561000000000;
202501;309;2019001683;VL_PG_RC;-5.970000000000000;
202501;361;2001002165;COTAS;1179816379.523593000000000;05855398000161
202501;361;1980002029;COTAS;-214302.064898000000000;
202501;361;1980002029;COTAS;7790991.642554000000000;
202501;223;2011000874;COTAS;7616270.740000000000000;
202501;237;2007000865;COTAS;28.320000000000000;
202501;237;2013000911;COTAS;95010.384824000000000;
202501;361;1980002029;COTAS;11584706.920983000000000;
202501;312;1978000138;CAIXA;815292.670000000000000;
202501;237;2007003392;COTAS;2000199.580156000000000;
202501;312;1978000138;COTAS;100916717.331417000000000;
202501;361;2001002165;COTAS;1641655800.689997000000000;55907076000197
202501;361;2001002238;COTAS;1508316.684953000000000;
202501;237;2014000883;CAIXA;20257.650000000000000;
202501;361;2001002165;COTAS;14212886.092859000000000;57188854000160
202501;361;2001002238;COTAS;317163.495590000000000;
202501;223;2011000874;IMOVEIS;2604414.640000000000000;
202501;237;2007000865;TIT_PUB;13795610.050000000000000;
202501;237;2014000883;COTAS;1050364.958744000000000;
202501;361;1980002029;COTAS;42732090.631641000000000;57188854000160
202501;312;1978000383;VL_PG_RC;-14893.900000000000000;
202501;237;2014000883;COTAS;3654487.393120000000000;
202501;361;2001002238;COTAS;782948.182561000000000;
202501;361;2001002238;COTAS;13071792.773893000000000;
202501;361;2001002238;VL_PG_RC;-130489.870000000000000;
202501;361;2001002238;COTAS;2127498.196463000000000;
202501;361;2001002238;COTAS;8876299.409228000000000;
202501;361;2001002165;IMOVEIS;4829000.000000000000000;
202501;361;2001002238;CAIXA;119880.840000000000000;
202501;237;2007002647;COTAS;2005774.835179000000000;
202501;361;2019002647;COTAS;2621347.175632000000000;18681157000195
202501;361;2001002238;COTAS;2815.667320000000000;
202501;361;2001002238;COTAS;3491384.624000000000000;
202501;361;2022002938;CAIXA;1548.540000000000000;
202501;361;9970000000;COTAS;253713606.052152000000000;05855398000161
202501;391;1979001529;COTAS;87144175.273285000000000;
202501;391;1979001529;COTAS;10686364411.338234000000000;01912197000106
202501;391;1979001529;COTAS;57036228.865053000000000;
202501;312;2006003429;COTAS;2430364.475811000000000;
202501;391;1979001529;COTAS;88870339.637947000000000;
202501;312;9970000000;COTAS;136238.843062000000000;
202501;326;1979002118;COTAS;159527754.745457000000000;49997061000164
202501;326;2000005683;COTAS;358639778.300785000000000;49995995000167
202501;326;2000005683;COTAS;39917859.880451000000000;49996708000133
202501;391;1979001529;COTAS;627451849.158274000000000;19351264000118
202501;326;2006001574;COTAS;39508807.700000000000000;
202501;391;1979001529;IMOVEIS;923106655.000000000000000;
202501;391;1979001529;COTAS;136551433.535757000000000;54546764000106
202501;391;2022002865;COTAS;149404.580281000000000;17405933000161
202501;326;2006001574;IMOVEIS;61192377.550000000000000;
202501;361;2001002238;COTAS;337796226.769574000000000;05855398000161
202501;391;9970000000;CAIXA;22533.070000000000000;
202501;237;2014000883;COTAS;842856.890883000000000;08944896000179
202501;391;2019000156;COTAS;36660.131778000000000;54546764000106
202501;391;2020001519;COTAS;26693.812794000000000;54546764000106
202501;401;1997000611;CAIXA;205341.640000000000000;
202501;361;2001002238;TIT_PUB;14482346.370000000000000;
202501;401;1997000611;COTAS;63288055.049882000000000;
202501;401;9970000000;CAIXA;5992.530000000000000;
202501;361;2019002647;TIT_PUB;14398387.840000000000000;
202501;401;9970000000;VL_PG_RC;0.000000000000000;
202501;477;9970000000;COTAS;11929.121528000000000;
202501;237;2014000883;COTAS;845159.512412000000000;41956824000117
202501;223;2019003929;COTAS;94964.600000000000000;
202501;361;9970000000;CAIXA;51769.310000000000000;
202501;494;1981001174;COTAS;12350859.222768000000000;
202501;388;1985001438;COTAS;237310660.408252000000000;04337571000177
202501;494;1981001174;COTAS;15544405.090348000000000;
202501;477;1985000318;VL_PG_RC;-6638.300000000000000;
202501;326;2006001574;TIT_PUB;895798028.260000000000000;
202501;237;2007002647;COTAS;14264930.016801000000000;
202501;326;2009002938;COTAS;7340811.382678000000000;49996708000133
202501;477;1991000138;COTAS;23127.605979000000000;
202501;326;2009002938;TIT_PUB;58188515.030000000000000;
202501;494;9970000000;COTAS;203472.195951000000000;
202501;326;2021002111;CAIXA;5900.300000000000000;
202501;504;1982001119;COTAS;1455805.082257000000000;
202501;504;1998002918;COTAS;415901.453023000000000;
202501;357;1993000429;COTAS;2960.835967000000000;
202501;504;1998002918;COTAS;82596.226273000000000;
202501;357;1993000429;COTAS;2325221.125706000000000;
202501;535;1982000538;COTAS;93189503.828831000000000;02846259000183
202501;357;2006006811;ACOES;1402.620000000000000;
202501;535;1982000538;COTAS;104130285.977379000000000;09125491000171
202501;357;2020000611;CAIXA;652720.470000000000000;
202501;535;1982000538;COTAS;563264282.332872000000000;42867858000106
202501;237;2014000883;COTAS;874042.519343000000000;42120328000191
202501;494;1981001174;TIT_PRIV;590525.810000000000000;
202501;357;2020000611;COTAS;0.050120000000000;
202501;237;2018000365;CAIXA;31270.130000000000000;
202501;237;2018000365;COTAS;1029874.754991000000000;
202501;237;2007003147;COTAS;1783269.809476000000000;
202501;237;2018000365;COTAS;428384.017159000000000;42120328000191
202501;237;2018000365;VL_PG_RC;-5476.360000000000000;
202501;357;2020000611;COTAS;302231.535575000000000;
202501;237;9970000000;COTAS;2206454.112757000000000;
202501;254;2020003147;COTAS;325205.435180000000000;
202501;237;2014000883;COTAS;439158.289502000000000;47227862000115
202501;357;2020000611;COTAS;10561979.840750000000000;
202501;357;2020000611;OPERACAO_PARTICIPANTE;2392686.610000000000000;
202501;361;1980002029;COTAS;13071792.773893000000000;
202501;494;2010000838;VL_PG_RC;0.000000000000000;
202501;223;2019003929;COTAS;255912.600000000000000;
202501;361;1980002029;COTAS;4566024.187546000000000;
202501;535;1999005147;COTAS;406917749.259608000000000;
202501;361;1980002029;COTAS;13416388.566152000000000;
202501;268;1979003874;VL_PG_RC;6198596.010000000000000;
202501;361;1980002029;COTAS;42120222.370234000000000;
202501;268;9970000000;VL_PG_RC;-1853.270000000000000;
202501;223;2019003929;COTAS;2461129.317581000000000;
202501;504;1982001119;COTAS;20373931.378787000000000;
202501;361;2001002165;COTAS;18172.640802000000000;
202501;237;2014000883;COTAS;449090.304766000000000;47228177000103
202501;504;1982001119;COTAS;4316512005.710511000000000;
202501;237;2018000365;COTAS;1262170.983488000000000;04733518000195
202501;237;2018000365;COTAS;414227.896522000000000;41956824000117
202501;237;2018000365;COTAS;215064.282312000000000;47228177000103
202501;504;9970000000;CAIXA;109326.160000000000000;
202501;535;1982000538;COTAS;10545177.673671000000000;
202501;361;2001002165;COTAS;22685319.338176000000000;
202501;535;1982000538;COTAS;13922252.732661000000000;
202501;237;2007003147;COTAS;614764.104288000000000;47227862000115
202501;361;2001002165;COTAS;78491708.719539000000000;55167531000165
202501;535;1982000538;IMOVEIS;41417833.330000000000000;
202501;361;2001002165;OPERACAO_PARTICIPANTE;43125886.920000000000000;
202501;535;2019002574;COTAS;352667.274724000000000;
202501;361;2001002238;COTAS;5792353.460492000000000;
202501;237;2007003392;COTAS;14775003.588892000000000;04733518000195
202501;535;2019002574;COTAS;4268245.922938000000000;05092810000139
202501;361;2001002238;COTAS;6708194.307306000000000;
202501;535;2019002574;COTAS;1164130.618831000000000;09125491000171
202501;361;2019002647;VL_PG_RC;-274582.970000000000000;
202501;535;2021002292;COTAS;18621.470033000000000;
202501;361;2022002938;COTAS;4743226.520672000000000;05855398000161
202501;535;2021002292;COTAS;264104.002024000000000;55983603000142
202501;361;9970000000;VL_PG_RC;-8734.100000000000000;
202501;388;1985001438;COTAS;3457637.714359000000000;
202501;391;1979001529;COTAS;3854815.724674000000000;
202501;391;1979001529;COTAS;43858677.421566000000000;
202501;237;9970000000;TIT_PUB;38011241.200000000000000;
202501;549;1979001456;OPERACAO_PARTICIPANTE;6570548.680000000000000;
202501;391;2019000156;OP_COMP;256700.870000000000000;
202501;241;2010003683;COTAS;40814846.555596000000000;
202501;549;2005003883;COTAS;294238867.339876000000000;33913650000187
202501;391;2020001519;COTAS;127293.000002000000000;
202501;549;2010005929;COTAS;23937302.821661000000000;33913669000123
202501;391;2020001519;OP_COMP;192103.760000000000000;
202501;241;2010003683;IMOVEIS;2638793.440000000000000;
202501;549;2010005929;VL_PG_RC;303682.420000000000000;
202501;237;2007003392;COTAS;995214.283830000000000;47228177000103
202501;254;1987000447;VL_PG_RC;216238.380000000000000;
202501;254;2020003147;VL_PG_RC;6948.510000000000000;
202501;391;2020001519;VL_PG_RC;-3039.710000000000000;
202501;391;2022002865;COTAS;72978.519998000000000;
202501;388;9970000000;COTAS;3990157.927634000000000;
202501;391;9970000000;COTAS;441053172.094629000000000;
202501;268;1979003874;CAIXA;770639.350000000000000;
202501;401;1997000611;COTAS;1856161.142496000000000;
202501;268;1979003874;COTAS;31767565.510002000000000;
202501;237;2007003392;OPERACAO_PARTICIPANTE;7106302.265298000000000;
202501;391;1979001529;ACOES;200.000000000000000;
202501;237;2009001192;CAIXA;20340.470000000000000;
202501;535;2021002292;CAIXA;133226.430000000000000;
202501;391;1979001529;CAIXA;70603.510000000000000;
202501;268;9970000000;CAIXA;66737.170000000000000;
202501;391;1979001529;COTAS;18668069.715988000000000;
202501;271;1983000256;COTAS;46958.640000000000000;
202501;391;1979001529;COTAS;15006156.201207000000000;
202501;271;1983000256;COTAS;762128.158996000000000;
202501;237;2009001192;COTAS;2.360000000000000;
202501;391;1979001529;COTAS;22165515.000786000000000;
202501;237;2009001192;COTAS;529220.132185000000000;47228177000103
202501;391;1979001529;COTAS;78600441.523070000000000;
202501;237;2013000911;CAIXA;19708.170000000000000;
202501;391;1979001529;COTAS;220396230.737491000000000;05097813000165
202501;401;1997000611;TIT_PUB;295165902.910000000000000;
202501;271;1983000256;CAIXA;82268.350000000000000;
202501;271;1983000256;COTAS;567591.701600000000000;
202501;477;9970000000;IMOVEIS;974606.730000000000000;
202501;223;9970000000;COTAS;49981173.130000000000000;
202501;271;1983000256;COTAS;17730500.524058000000000;
202501;223;9970000000;IMOVEIS;4600000.000000000000000;
202501;271;1983000256;COTAS;13544426.307774000000000;
202501;237;1979000492;COTAS;7311295.243083000000000;
202501;504;1982001119;IMOVEIS;78446510.000000000000000;
202501;237;1979000492;COTAS;73889719.149370000000000;41956824000117
202501;237;1981000119;COTAS;3211173.315059000000000;
202501;271;1983000256;COTAS;4770395.436350000000000;
202501;271;1983000256;TIT_PUB;606733929.040000000000000;
202501;237;1982000147;OPERACAO_PARTICIPANTE;3062167.220000000000000;
202501;271;2008002111;TIT_PUB;5715054.880000000000000;
202501;504;1998002918;VL_PG_RC;-1387.540000000000000;
202501;285;1979001774;COTAS;181390382.786645000000000;45127083000112
202501;285;1979001774;COTAS;106891.255854000000000;
202501;535;1982000538;COTAS;2548122.544317000000000;
202501;285;1979001774;COTAS;83609983.672861000000000;
202501;285;1998005283;COTAS;404907411.746334000000000;
202501;285;2006000756;COTAS;4277956.238527000000000;
202501;285;1979001774;OP_COMP;35985082.640000000000000;
202501;285;2024000274;COTAS;4893.048744000000000;
202501;535;1982000538;COTAS;6813849.059371000000000;
202501;237;1982000856;COTAS;135975.000000000000000;
202501;285;1998005283;COTAS;65743163.205704000000000;
202501;535;1982000538;COTAS;75626851.729701000000000;05092810000139
202501;285;1998005283;COTAS;410948234.819802000000000;
202501;535;1982000538;OPERACAO_PARTICIPANTE;100093648.584616942100000;
202501;285;2024000274;COTAS;2998.039212000000000;41373641000179
202501;285;2024000274;COTAS;7035.518228000000000;45127083000112
202501;535;1999005147;VL_PG_RC;14000972.210000000000000;
202501;285;2024000274;COTAS;10482.505798000000000;52342548000113
202501;299;1981000518;COTAS;12446774.980946000000000;
202501;535;2019002574;COTAS;2207685.718446000000000;
202501;535;2021002292;COTAS;91358.829307000000000;
202501;285;1998005283;COTAS;59683063.996111000000000;
202501;237;1982000856;COTAS;2292384.935096000000000;04733518000195
202501;535;2019002574;COTAS;25431.938487000000000;
202501;535;2021002292;COTAS;63182.830588000000000;
202501;535;2021002292;VL_PG_RC;0.200000000000000;
202501;237;1982000856;COTAS;265583.386652000000000;47228177000103
202501;285;2024000274;CAIXA;13862.530000000000000;
202501;535;9970000000;VL_PG_RC;0.000000000000000;
202501;549;1979001456;COTAS;500467644.375103000000000;33913650000187
202501;309;1979003629;CAIXA;65489103.950000000000000;
202501;237;2005002283;COTAS;3318.160000000000000;
202501;549;2005003883;VL_PG_RC;1484815.900000000000000;
202501;391;2020001519;COTAS;83165.650000000000000;
202501;309;1979003629;COTAS;11293173.957307000000000;
202501;549;2010005929;COTAS;159144758.522923000000000;33913650000187
202501;309;2011000165;COTAS;8301.643889000000000;
202501;549;2010005929;COTAS;42521181.779441000000000;33913663000156
202501;549;9970000000;CAIXA;25272.790000000000000;
202501;237;2005002356;CAIXA;33033.920000000000000;
202501;552;1979002665;CAIXA;222432.620000000000000;
202501;391;2022002865;VL_PG_RC;-2219.210000000000000;
202501;552;1979002665;COTAS;330494.439699000000000;
202501;237;2005002356;COTAS;1314914.373910000000000;
202501;552;2002000638;COTAS;975482.639866000000000;
202501;401;1988000629;CAIXA;5077.600000000000000;
202501;237;2005002356;COTAS;4750157.442764000000000;08944896000179
202501;237;2007000865;COTAS;250440.471925000000000;47228177000103
202501;552;2002004692;COTAS;21555096.490705000000000;05142777000104
202501;477;1991000138;CAIXA;281038.860000000000000;
202501;309;9970000000;VL_PG_RC;-2962.790000000000000;
202501;552;9970000000;CAIXA;137899.850000000000000;
202501;477;1991000138;IMOVEIS;2396406.170000000000000;
202501;312;1978000138;COTAS;1416404.686464000000000;
202501;571;1988001218;OPERACAO_PARTICIPANTE;109754338.195357332000000;
202501;299;1981000518;IMOVEIS;45085402.860000000000000;
202501;571;2020002418;COTAS;227665.008638000000000;
202501;309;1979003629;COTAS;56905840.352849000000000;32862022000157
202501;552;1979002665;IMOVEIS;52307992.250000000000000;
202501;552;2002004692;VL_PG_RC;-2377330.930000000000000;
202501;552;9970000000;COTAS;110704.212532000000000;
202501;571;2020002418;VL_PG_RC;506119.510000000000000;
202501;552;9970000000;COTAS;44268852.208002000000000;04592305000190
202501;309;1979003629;COTAS;109721707.685474000000000;33269204000181
202501;571;2023001511;COTAS;592062.628551000000000;
202501;552;9970000000;TIT_PUB;97788203.320000000000000;
202501;237;2007000865;OPERACAO_PARTICIPANTE;3820040.520000000000000;
202501;571;1988001218;COTAS;498847.029783000000000;
202501;237;2007001047;CAIXA;22631.120000000000000;
202501;571;1988001218;COTAS;8211648.210082000000000;
202501;571;1988001218;COTAS;1784494.245178000000000;
202501;312;1978000383;TIT_PUB;45234987.600000000000000;
202501;312;2006003429;VL_PG_RC;-805830.790000000000000;
202501;571;2023001511;COTAS;744166.226327000000000;
202501;494;2010000838;CAIXA;18647.090000000000000;
202501;237;2007001047;TIT_PUB;22182452.530000000000000;
202501;312;9970000000;VL_PG_RC;-107.200000000000000;
202501;549;9970000000;VL_PG_RC;-2665.760000000000000;
202501;237;2007002647;COTAS;11247605.108960000000000;
202501;571;2023001511;COTAS;29183980.602326000000000;
202501;571;9970000000;COTAS;7920552.128724000000000;
202501;309;1979003629;VL_PG_RC;9053286.090000000000000;
202501;309;2011000165;COTAS;640548.828801000000000;
202501;552;1979002665;COTAS;170277305.974384000000000;04592305000190
202501;611;1979000956;COTAS;2609893302.511455000000000;
202501;611;1979000956;OPERACAO_PARTICIPANTE;13252104.645252470400000;
202501;552;1979002665;COTAS;18776458.403437000000000;05142777000104
202501;552;2002000638;COTAS;99641269.736848000000000;05142777000104
202501;309;2011000165;COTAS;3248952.546738000000000;34793104000112
202501;611;1979004056;COTAS;3378014.473029000000000;
202501;552;2002000638;OPERACAO_PARTICIPANTE;31401650.639157649000000;
202501;571;1988001218;COTAS;45424696.962299000000000;
202501;309;2011000165;TIT_PUB;13111566.490000000000000;
202501;237;2007003147;CAIXA;25912.730000000000000;
202501;552;2002004692;CAIXA;256942.550000000000000;
202501;611;1979004056;COTAS;436486071.734737000000000;
202501;571;1988001218;COTAS;81900636.848673000000000;
202501;552;2002004692;COTAS;400161.660000000000000;
202501;326;1979002118;COTAS;137005337.123923000000000;49995995000167
202501;494;9970000000;COTAS;628325.750328000000000;
202501;552;2002004692;COTAS;168833.537687000000000;
202501;552;9970000000;COTAS;37770.793719000000000;
202501;571;2020002418;COTAS;290470.779288000000000;
202501;504;1982001119;VL_PG_RC;-715835.560000000000000;
202501;571;2020002418;COTAS;318958.499073000000000;
202501;552;9970000000;VL_PG_RC;-1125950.160000000000000;
202501;504;1998002918;COTAS;1264882.120159000000000;
202501;571;2020002418;COTAS;911544.448509000000000;
202501;571;1988001218;COTAS;21528858.539436000000000;
202501;504;1998002918;COTAS;501453.997307000000000;
202501;309;2019001519;VL_PG_RC;-170.840000000000000;
202501;312;1978000138;COTAS;668469.399771000000000;
202501;237;2007003147;COTAS;849263.569005000000000;
202501;535;1982000538;COTAS;10716273.325655000000000;
202501;237;2007003147;COTAS;2261656.478793000000000;
202501;571;9970000000;VL_PG_RC;-429.560000000000000;
202501;237;2007003392;COTAS;802411.728280000000000;
202501;611;1979004056;TIT_PRIV;34269313.840000000000000;
202501;237;2009001192;COTAS;14857070.819988000000000;04733518000195
202501;312;1978000219;TIT_PRIV;6027046.290000000000000;
202501;611;1980001529;VL_PG_RC;-5746.980000000000000;
202501;607;9970000000;CAIXA;28762.420000000000000;
202501;312;1978000383;CAIXA;10927.160000000000000;
202501;535;1999005147;CAIXA;4298.710000000000000;
202501;611;1983000418;COTAS;8388308.649513000000000;
202501;535;1999005147;COTAS;170754063.808990000000000;
202501;611;1983000418;COTAS;4816259.083050000000000;
202501;611;1979000956;COTAS;62298692.476721000000000;
202501;237;2013000911;COTAS;1051422.146706000000000;
202501;611;1983000418;COTAS;6690500.764335000000000;
202501;611;1979004056;COTAS;701892.873406000000000;
202501;611;1984001019;COTAS;15212100.776113000000000;
202501;237;2013000911;COTAS;251893.417802000000000;41956824000117
202501;611;1984001019;IMOVEIS;4029220.000000000000000;
202501;535;2019002574;COTAS;314016.327054000000000;
202501;611;1990000347;COTAS;64283.963097000000000;
202501;611;1990000347;COTAS;331023.271172000000000;
202501;535;2019002574;COTAS;63718.825326000000000;
202501;611;1979004056;COTAS;21929338.721707000000000;
202501;611;1997004038;COTAS;68304862.751695000000000;
202501;326;1979002118;OPERACAO_PARTICIPANTE;50817744.319883617900000;
202501;312;2006003429;TIT_PRIV;146984721.460000000000000;
202501;237;2014000883;OPERACAO_PARTICIPANTE;3105831.699405000000000;
202501;611;1997004038;COTAS;8685232.024075000000000;
202501;312;9970000000;CAIXA;14298.080000000000000;
202501;611;1997004674;VL_PG_RC;22737081.680000000000000;
202501;535;2019002574;COTAS;1726926.141588000000000;55983603000142
202501;535;2019002574;VL_PG_RC;-18687.610000000000000;
202501;326;1979002118;COTAS;19006024.914457000000000;49996708000133
202501;535;2021002292;COTAS;652596.106942000000000;
202501;571;2020002418;COTAS;310367.240000000000000;
202501;611;1979004056;COTAS;1337736241.631929000000000;
202501;237;2018000365;COTAS;4631556.290984000000000;
202501;326;2000005683;VL_PG_RC;-380172.720000000000000;
202501;535;9970000000;CAIXA;2568.020000000000000;
202501;611;1998003183;OPERACAO_PARTICIPANTE;183678.020000000000000;
202501;326;2009002938;COTAS;75638400.433768000000000;49995995000167
202501;611;1979004056;COTAS;50506165.582577000000000;42378811000170
202501;611;2006005383;CAIXA;12470.720000000000000;
202501;326;2009002938;OPERACAO_PARTICIPANTE;2696855.849281310600000;
202501;326;2000005683;CAIXA;6722.240000000000000;
202501;326;2009002938;COTAS;27821941.762572000000000;49997061000164
202501;611;1983000418;COTAS;307307921.095532000000000;
202501;611;2006005383;OPERACAO_PARTICIPANTE;685763.890000000000000;
202501;326;2021002111;TIT_PRIV;2838987.170000000000000;
202501;611;1983000418;OPERACAO_PARTICIPANTE;540960.960000000000000;
202501;326;9970000000;CAIXA;38151.210000000000000;
202501;611;1984001019;CAIXA;12000.420000000000000;
202501;611;1984001019;COTAS;3921321.849350000000000;
202501;611;1984001019;COTAS;71228616.738893000000000;
202501;611;2009002547;COTAS;2398871.602326000000000;
202501;611;1984001019;COTAS;4879238.717540000000000;
202501;611;1984001019;COTAS;16043941.849982000000000;
202501;611;2009002611;CAIXA;13068.760000000000000;
202501;611;1984001019;OPERACAO_PARTICIPANTE;12644089.192674482200000;
202501;611;2009002611;COTAS;41797696.925686000000000;
202501;357;1993000429;ACOES;166.290000000000000;
202501;611;2010004418;COTAS;116878233.708670000000000;
202501;357;1993000429;COTAS;0.021439000000000;
202501;611;1990000347;COTAS;338352.871950000000000;
202501;357;1993000429;COTAS;5738260.607815000000000;
202501;611;2010004418;COTAS;16876071.662089000000000;
202501;237;9970000000;COTAS;220628.892871000000000;47227862000115
202501;549;1979001456;VL_PG_RC;1318472.460000000000000;
202501;611;1997004038;COTAS;1523612957.421227000000000;
202501;357;1993000429;COTAS;721317.130158000000000;
202501;611;1997004038;COTAS;147899478.279121000000000;
202501;357;2006006811;COTAS;0.172283000000000;
202501;611;1998003183;COTAS;8853704.007345000000000;
202501;357;2006006811;COTAS;56846365.497053000000000;
202501;571;2020002418;COTAS;131299.881226000000000;
202501;241;1979003947;COTAS;1426122.232238000000000;
202501;571;2020002418;COTAS;645697.198029000000000;
202501;611;1998003183;COTAS;3616882.718742000000000;
202501;611;2019002019;CAIXA;10447.870000000000000;
202501;571;2023001511;COTAS;1436885.242825000000000;
202501;326;2021002111;IMOVEIS;42515385.640000000000000;
202501;611;1998003183;TIT_PUB;3800986.700000000000000;
202501;611;1979004056;COTAS;58827857.416375000000000;
202501;357;2006006811;COTAS;42385075.492710000000000;
202501;549;2005003883;CAIXA;5999.800000000000000;
202501;611;1983000418;COTAS;1134359.111297000000000;
202501;611;1984001019;COTAS;322077369.902803000000000;
202501;357;2006006811;COTAS;689688.470391000000000;
202501;611;1984001019;COTAS;16969586.239919000000000;
202501;357;2020000611;COTAS;7291.716855000000000;
202501;611;1984001019;COTAS;37630064.532403000000000;
202501;357;2020000611;COTAS;5327388.938912000000000;
202501;357;2020000611;COTAS;2677389.789563000000000;
202501;611;1990000347;COTAS;2406008.899491000000000;
202501;611;2019002019;COTAS;281242.338550000000000;
202501;611;1990000347;COTAS;597303.043766000000000;
202501;549;2010005929;OPERACAO_PARTICIPANTE;5605818.620000000000000;
202501;611;1990000347;COTAS;146179.536839000000000;40188751000106
202501;361;1980002029;COTAS;20388448.505543000000000;
202501;611;1990000347;TIT_PRIV;1732294.080000000000000;
202501;549;9970000000;COTAS;18335877.406200000000000;33913650000187
202501;611;1990000592;COTAS;11789916.290497000000000;
202501;361;1980002029;COTAS;638849365.917970000000000;05855398000161
202501;241;9970000000;VL_PG_RC;199469.110000000000000;
202501;254;9970000000;CAIXA;47275.640000000000000;
202501;361;2001002165;COTAS;20538245.526464000000000;
202501;254;9970000000;VL_PG_RC;-8293.730000000000000;
202501;361;2001002165;COTAS;13416388.566152000000000;
202501;361;2001002165;COTAS;3491384.624000000000000;
202501;361;2001002238;COTAS;4092765.857446000000000;
202501;361;2019002647;COTAS;75415.834223000000000;
202501;361;2022002938;COTAS;81446.715800000000000;18681157000195
202501;357;1993000429;COTAS;933380.932829000000000;
202501;388;1985001438;COTAS;93952897.565186000000000;
202501;552;1979002665;TIT_PUB;514506647.470000000000000;
202501;357;1993000429;COTAS;708819.351305000000000;
202501;611;1997004674;COTAS;183934635.778921000000000;
202501;357;1993000429;IMOVEIS;859488.290000000000000;
202501;552;2002000638;TIT_PRIV;14828280.050000000000000;
202501;611;1997004674;COTAS;26726756.102501000000000;
202501;611;1997004674;COTAS;3933846.551634000000000;
202501;552;2002004692;COTAS;276760.520320000000000;
202501;571;1988001218;COTAS;21746906.240000000000000;
202501;571;1988001218;COTAS;11883757.500000000000000;
202501;357;1993000429;TIT_PRIV;701.460000000000000;
202501;571;1988001218;COTAS;32478320.276147000000000;
202501;268;1979003874;TIT_PUB;1422828804.130000000000000;
202501;611;2009002547;COTAS;170611215.386712000000000;
202501;357;2006006811;COTAS;9697681.935668000000000;
202501;271;1983000256;COTAS;46137.600002000000000;
202501;271;1983000256;COTAS;6687729.952204000000000;
202501;388;9970000000;CAIXA;8613.480000000000000;
202501;571;2020002418;COTAS;696004.750492000000000;
202501;388;9970000000;VL_PG_RC;-2600.620000000000000;
202501;611;2019002019;COTAS;1045763.115440000000000;
202501;611;2006005383;COTAS;388041.448546000000000;
202501;271;1983000256;COTAS;2337995.560733000000000;
202501;271;2008002111;COTAS;146187.507547000000000;
202501;391;1979001529;COTAS;45660242.288724000000000;
202501;571;2020002418;COTAS;641926.744737000000000;
202501;571;2020002418;COTAS;5434907.172024000000000;
202501;611;2009002547;COTAS;6370825.406194000000000;
202501;611;2006005383;VL_PG_RC;-13739.450000000000000;
202501;357;2006006811;COTAS;77728004.195688000000000;
202501;571;2023001511;COTAS;299395.600000000000000;
202501;271;9970000000;CAIXA;29415.050000000000000;
202501;611;2009002547;CAIXA;13762.790000000000000;
202501;611;2009002547;COTAS;1149075.865468000000000;
202501;357;2006006811;IMOVEIS;7142893.430000000000000;
202501;611;2009002547;COTAS;7013139.882952000000000;
202501;611;2019002183;COTAS;1286396.414332000000000;
202501;611;2009002547;TIT_PRIV;30935723.000000000000000;
202501;611;2009002547;COTAS;8452038.671305000000000;
202501;611;2009002611;COTAS;13219091.105220000000000;
202501;611;2019002183;TIT_PRIV;2086276.530000000000000;
202501;357;2006006811;TIT_PRIV;8611074.820000000000000;
202501;611;2009002547;COTAS;3004845.753609000000000;
202501;655;1970000147;COTAS;1470455.538650000000000;19587206000198
202501;611;2009002865;CAIXA;33453.580000000000000;
202501;655;1970000147;COTAS;18700549.648855000000000;41756323000197
202501;611;2009002865;COTAS;2751595607.356825000000000;
202501;655;1970000147;VL_PG_RC;203200848.190000000000000;
202501;655;1999003111;COTAS;2962695.316624000000000;36617506000191
202501;611;2009002865;COTAS;1041953.004328000000000;
202501;391;2019000156;COTAS;148200.400000000000000;
202501;611;2019002019;COTAS;1068918.666157000000000;
202501;611;2019002183;VL_PG_RC;-42827.710000000000000;
202501;611;9970000000;CAIXA;101999.860000000000000;
202501;391;2019000156;COTAS;748924.994330000000000;19351264000118
202501;391;2020001519;COTAS;202466.752408000000000;17405933000161
202501;655;1970000147;ACOES;258908748.050000000000000;
202501;655;1970000147;COTAS;3510500.000000000000000;
202501;655;1970000147;COTAS;6049116.954817000000000;20820603000147
202501;655;1999003111;COTAS;2817092.570261000000000;39997959000189
202501;655;2000005918;COTAS;702055.709774000000000;36615983000118
202501;655;2000005918;COTAS;55632.138619000000000;41902409000180
202501;357;2020000611;TIT_PUB;269232879.080000000000000;
202501;655;1970000147;COTAS;18796395.580677000000000;05117292000160
202501;391;2020001519;TIT_PUB;479561.130000000000000;
202501;391;2022002865;COTAS;31916.139999000000000;
202501;361;1980002029;CAIXA;608850.670000000000000;
202501;655;2002001911;COTAS;3931130.132505000000000;
202501;611;2010004418;COTAS;21142254.388590000000000;
202501;655;1970000147;COTAS;128644.408890000000000;10430028000112
202501;655;2002001911;COTAS;3250471.599713000000000;32862087000100
202501;655;1970000147;COTAS;40702480.628383000000000;41128068000138
202501;361;1980002029;COTAS;603754.022878000000000;
202501;401;1988000629;COTAS;773898136.595770000000000;05024903000126
202501;655;1999003111;CAIXA;117674.940000000000000;
202501;361;1980002029;COTAS;51501357.732983000000000;
202501;401;1997000611;COTAS;50414080.570550000000000;
202501;655;1999003111;COTAS;7280260.751877000000000;
202501;361;2001002165;COTAS;246344.431555000000000;
202501;655;1999003111;COTAS;7200310.362417000000000;32862087000100
202501;361;2001002165;COTAS;11081307.202701000000000;
202501;611;2010004418;COTAS;589054.456232000000000;
202501;655;2002001911;COTAS;2014395.544829000000000;32862118000115
202501;611;2019002019;COTAS;2874727.736537000000000;
202501;655;2003002383;ACOES;2325697.260000000000000;
202501;271;9970000000;COTAS;383784.721404000000000;
202501;361;2001002238;COTAS;-112377.910074000000000;
202501;611;2019002183;COTAS;33210849.422318000000000;
202501;655;2003002383;COTAS;-32370.248902000000000;
202501;361;2001002238;COTAS;-20039.864309000000000;
202501;285;1979001774;COTAS;71412548.136469000000000;
202501;285;1979001774;TIT_PRIV;1148691.990000000000000;
202501;285;1998005283;COTAS;155241980.960596000000000;
202501;611;2019002183;COTAS;10540245.027911000000000;
202501;361;2001002238;COTAS;3995271.150806000000000;
202501;285;1998005283;COTAS;98856620.514156000000000;41373641000179
202501;361;2001002238;COTAS;21618326.480000000000000;
202501;655;1970000147;COTAS;0.000044000000000;
202501;361;2001002238;COTAS;67975915.417243000000000;55167531000165
202501;285;1998005283;COTAS;260965273.036606000000000;45127083000112
202501;655;1970000147;COTAS;768130.584603000000000;
202501;361;2001002238;COTAS;1173973301.029995000000000;55752247000156
202501;477;1985000318;CAIXA;7391.000000000000000;
202501;655;2003002383;COTAS;131375.000000000000000;
202501;477;1991000138;VL_PG_RC;2158377.800000000000000;
202501;655;1970000147;COTAS;8658253.726978000000000;21397791000105
202501;494;1981001174;TIT_PUB;252163667.630000000000000;
202501;655;1970000147;COTAS;918465.567580000000000;23884789000196
202501;494;9970000000;VL_PG_RC;0.000000000000000;
202501;655;1999003111;COTAS;4502133.639780000000000;32862118000115
202501;655;2003002383;COTAS;401295.328096000000000;05117292000160
202501;504;1982001119;COTAS;4310501.268187000000000;
202501;571;2023001511;COTAS;2666595.699356000000000;
202501;504;1982001119;COTAS;51152962.415669000000000;
202501;655;1970000147;COTAS;1462673.392925000000000;23884799000121
202501;504;1982001119;OPERACAO_PARTICIPANTE;38632652.519293040400000;
202501;655;2003002383;COTAS;4718.738758000000000;10430028000112
202501;655;1970000147;COTAS;1933007330.017290000000000;
202501;655;1999003111;COTAS;1018292.024953000000000;52026196000197
202501;655;1970000147;COTAS;59707021.860114000000000;32862087000100
202501;655;1970000147;COTAS;56163221.175058000000000;32862118000115
202501;571;9970000000;COTAS;4158161.890474000000000;
202501;655;2003002456;CAIXA;0.000000000000000;
202501;571;9970000000;COTAS;1940100.126195000000000;
202501;655;2003002456;COTAS;363050.806806000000000;23884799000121
202501;655;2000005918;CAIXA;0.000000000000000;
202501;285;1998005283;COTAS;106293111.291120000000000;52342548000113
202501;655;2000005918;COTAS;388891.883397000000000;29045373000160
202501;285;2006000756;CAIXA;9942.750000000000000;
202501;607;9970000000;VL_PG_RC;0.000000000000000;
202501;504;1982001119;TIT_PUB;1139059421.050000000000000;
202501;285;2006000756;COTAS;8711051.779231000000000;
202501;504;1998002918;COTAS;376637.172198000000000;
202501;535;1982000538;COTAS;5146284.433981000000000;
202501;535;1982000538;COTAS;20105842.265187000000000;
202501;611;1979000956;ACOES;1202497.880000000000000;
202501;285;2006000756;VL_PG_RC;-208.200000000000000;
202501;285;2017001465;VL_PG_RC;-668.600000000000000;
202501;361;2001002238;COTAS;10707233.826362000000000;57188854000160
202501;285;2024000274;COTAS;29637.313169000000000;
202501;611;1979000956;VL_PG_RC;-476114.290000000000000;
202501;535;1982000538;COTAS;49394085.505805000000000;
202501;655;2003002618;ACOES;13368803.650000000000000;
202501;299;1981000518;COTAS;11671200.597039000000000;
202501;655;2003002618;COTAS;-186409.830042000000000;
202501;655;2000005918;COTAS;1421600.639826000000000;32862118000115
202501;361;2019002647;COTAS;24948932.674930000000000;39725887000110
202501;361;2019002647;COTAS;27541953.380226000000000;55167531000165
202501;655;2003002618;COTAS;12891.141861000000000;
202501;361;2022002938;COTAS;693272.003220000000000;
202501;655;2004001356;VL_PG_RC;0.000000000000000;
202501;655;2004002638;COTAS;480854.708768000000000;41128068000138
202501;655;2000005918;COTAS;1570380.522472000000000;34791568000190
202501;655;2000007392;CAIXA;0.000000000000000;
202501;655;2002000492;VL_PG_RC;0.000000000000000;
202501;655;2004002638;COTAS;2746363.566671000000000;46502938000100
202501;655;2002001911;COTAS;1267112.733492000000000;39997959000189
202501;655;2002001911;COTAS;458042.137617000000000;52026196000197
202501;655;2003002456;COTAS;0.000011000000000;
202501;655;2004002638;COTAS;1900849.200000000000000;50069605000107
202501;361;2022002938;VL_PG_RC;-2320.130000000000000;
202501;655;2003002456;IMOVEIS;30402.850000000000000;
202501;535;1982000538;COTAS;126152979.787668000000000;17689994000106
202501;388;1985001438;CAIXA;40571.340000000000000;
202501;388;1985001438;VL_PG_RC;61610.630000000000000;
202501;655;2006001256;CAIXA;0.000000000000000;
202501;391;1979001529;COTAS;2.500007000000000;
202501;391;1979001529;COTAS;338415354.940322000000000;
202501;535;1982000538;VL_PG_RC;1798048.740000000000000;
202501;391;1979001529;VL_PG_RC;-792604.400000000000000;
202501;237;2013000911;COTAS;274221.914111000000000;47228177000103
202501;391;2019000156;COTAS;153191.989999000000000;
202501;655;2007001519;COTAS;66174147.460000000000000;
202501;391;2019000156;COTAS;278059.071503000000000;17405933000161
202501;655;2007001519;COTAS;1509576893.610983000000000;19587206000198
202501;237;2014000883;COTAS;1982825.195063000000000;
202501;535;2019002574;COTAS;167259.952660000000000;
202501;391;2019000156;TIT_PUB;653943.290000000000000;
202501;391;2020001519;COTAS;1010055.871384000000000;19351264000118
202501;552;1979002665;VL_PG_RC;-8580373.440000000000000;
202501;391;2022002865;COTAS;66217.200000000000000;
202501;552;2002000638;CAIXA;246749.340000000000000;
202501;391;2022002865;COTAS;4502097.411225000000000;05097813000165
202501;655;2007001519;COTAS;2949606704.954743000000000;33255042000122
202501;391;2022002865;COTAS;1096176.269039000000000;19351264000118
202501;655;2007001519;COTAS;300653058.458787000000000;41756323000197
202501;391;2022002865;COTAS;19697.946317000000000;54546764000106
202501;655;1970000147;TIT_PUB;8349474151.580000000000000;
202501;655;1999003111;COTAS;1345046.014140000000000;49397796000157
202501;655;2000005918;VL_PG_RC;0.000000000000000;
202501;655;2007001519;VL_PG_RC;-11759967.510000000000000;
202501;655;2002000883;COTAS;38542.371470000000000;
202501;655;2002001911;COTAS;553025.630963000000000;29045373000160
202501;655;2008002756;COTAS;1126989.155600000000000;52026196000197
202501;655;2002001911;COTAS;998361.821768000000000;36615983000118
202501;655;2002001911;COTAS;47310.255364000000000;41902409000180
202501;655;2002001911;VL_PG_RC;-342.390000000000000;
202501;552;2002004692;IMOVEIS;14045869.380000000000000;
202501;571;1988001218;COTAS;552573.863600000000000;
202501;655;2002003874;COTAS;217135.229243000000000;
202501;655;2008002756;OPERACAO_PARTICIPANTE;1440968.810126604500000;
202501;571;1988001218;COTAS;78803025.000000000000000;
202501;655;2003002138;CAIXA;0.000000000000000;
202501;571;1988001218;COTAS;1338477.681388000000000;
202501;655;2003002383;CAIXA;0.000000000000000;
202501;655;2010000447;COTAS;20734937.671663000000000;32862087000100
202501;655;2003002383;COTAS;0.000002000000000;
202501;655;2010000447;COTAS;320331.983072000000000;41128068000138
202501;655;2003002383;IMOVEIS;1816841.520000000000000;
202501;571;1988001218;COTAS;58286280.447772000000000;
202501;655;2010001583;CAIXA;0.000000000000000;
202501;655;2003002383;OPERACAO_PARTICIPANTE;2760236.960000000000000;
202501;655;2010001583;COTAS;2275331.909056000000000;32862087000100
202501;655;2010001583;COTAS;1421290.074216000000000;32862118000115
202501;655;2010001583;COTAS;321765.137994000000000;52026196000197
202501;655;2010004019;COTAS;104938.077545000000000;41128068000138
202501;655;2018000292;COTAS;11344375.000000000000000;
202501;655;2018000292;COTAS;1631705.543827000000000;
202501;655;2018000292;COTAS;488322.651944000000000;
202501;655;2018000292;COTAS;6573040.702492000000000;
202501;655;2018000292;COTAS;147665302.137878000000000;41128068000138
202501;655;2021000011;COTAS;140509.261568000000000;
202501;299;9970000000;COTAS;8089213.481811000000000;
202501;655;2021000011;COTAS;168009.022968000000000;23884789000196
202501;655;2021000011;COTAS;93184412.909526000000000;41902409000180
202501;391;9970000000;COTAS;4928123.129468000000000;
202501;571;1988001218;IMOVEIS;65410106.990000000000000;
202501;611;1979004056;COTAS;10635514.830627000000000;
202501;401;1988000629;VL_PG_RC;0.000000000000000;
202501;401;1997000611;COTAS;738321136.825038000000000;37240914000130
202501;309;1979003629;COTAS;21144749.936774000000000;
202501;309;1979003629;OPERACAO_PARTICIPANTE;8106591.864075734700000;
202501;611;1979004056;COTAS;15966529.786162000000000;
202501;477;1991000138;COTAS;33497.845447000000000;
202501;309;2011000165;CAIXA;2652.900000000000000;
202501;477;9970000000;COTAS;8236.112463000000000;
202501;309;2011000165;COTAS;869706.705426000000000;32862022000157
202501;309;2011000165;COTAS;924283.645604000000000;33269204000181
202501;611;1979004056;COTAS;60130438.675812000000000;
202501;312;1978000138;COTAS;312102.677857000000000;
202501;611;1980001529;COTAS;4844575.596025000000000;
202501;494;9970000000;CAIXA;23015.070000000000000;
202501;312;1978000138;COTAS;3993070.643231000000000;
202501;504;1998002918;COTAS;708073.723495000000000;
202501;655;2003002456;TIT_PUB;995170971.000000000000000;
202501;535;1982000538;CAIXA;16753.520000000000000;
202501;535;1982000538;COTAS;8249052.642815000000000;
202501;611;1980001529;TIT_PUB;43414907.170000000000000;
202501;535;1982000538;COTAS;11415060.064767000000000;
202501;611;1983000418;COTAS;1159476.376905000000000;
202501;535;1982000538;COTAS;7913923.997888000000000;
202501;611;1984001019;COTAS;167117.349928000000000;
202501;655;2003002618;COTAS;89716949.619565000000000;34791568000190
202501;535;1982000538;COTAS;8072779.675361000000000;18364675000185
202501;611;1984001019;COTAS;5482334.669500000000000;
202501;535;1999005147;OPERACAO_PARTICIPANTE;8270728.190379565000000;
202501;655;2004002565;VL_PG_RC;0.000000000000000;
202501;611;1984001019;COTAS;1549653520.482328000000000;
202501;312;1978000138;COTAS;20415061.041475000000000;
202501;655;2003002383;TIT_PUB;154856217.670000000000000;
202501;571;1988001218;TIT_PUB;4844907969.910000000000000;
202501;655;2003002456;COTAS;884500.000000000000000;
202501;571;2020002418;CAIXA;3714.060000000000000;
202501;571;2020002418;COTAS;258550.593897000000000;
202501;655;2003002618;COTAS;1770196.025878000000000;21397791000105
202501;571;2023001511;COTAS;769203.529501000000000;
202501;571;2023001511;COTAS;404430.223024000000000;
202501;571;2023001511;COTAS;31095023.830700000000000;
202501;312;1978000138;TIT_PUB;5970896303.170000000000000;
202501;571;2023001511;VL_PG_RC;-944.880000000000000;
202501;607;1986000338;CAIXA;41025.260000000000000;
202501;611;1979000956;IMOVEIS;10523520.000000000000000;
202501;535;2019002574;CAIXA;7450.080000000000000;
202501;655;2004002638;COTAS;29776089.177689000000000;33255042000122
202501;655;2003002618;TIT_PUB;100406684.200000000000000;
202501;611;1979000956;TIT_PUB;5951692.460000000000000;
202501;535;2021002292;COTAS;177412.722030000000000;09125491000171
202501;611;1979004056;COTAS;125574391.804358000000000;
202501;655;2004001747;COTAS;548307.839551000000000;
202501;549;2010005929;CAIXA;5500.000000000000000;
202501;611;1979004056;COTAS;131120028.528393000000000;
202501;549;2010005929;COTAS;22058337.763010000000000;33913659000198
202501;655;2004002638;CAIXA;0.000000000000000;
202501;655;2021000011;IMOVEIS;129262164.670000000000000;
202501;655;2004002638;COTAS;4163341.013421000000000;34081202000127
202501;655;2021003183;COTAS;1781.088298000000000;
202501;655;2004002638;COTAS;351112.020000000000000;
202501;655;2004002638;COTAS;159604.722427000000000;
202501;655;2004002638;COTAS;24366141.797649000000000;32862087000100
202501;655;2005000411;CAIXA;0.000000000000000;
202501;312;1978000383;TIT_PRIV;3593576.270000000000000;
202501;655;2006001256;VL_PG_RC;0.000000000000000;
202501;655;2021003183;COTAS;707276.620000000000000;
202501;655;2007001519;COTAS;12616118.750000000000000;
202501;552;1979002665;COTAS;656574.856562000000000;
202501;655;2007001519;COTAS;52211327.065368000000000;
202501;655;2004002638;COTAS;3926388.389099000000000;41756323000197
202501;655;2007001519;COTAS;104980005.000000000000000;
202501;552;2002000638;COTAS;491020.310576000000000;
202501;312;2006003429;COTAS;170304687.363158000000000;
202501;655;2007001519;COTAS;3999479.875838000000000;23884789000196
202501;655;2007001519;COTAS;541734.671921000000000;23884799000121
202501;611;1979004056;COTAS;20493794.888504000000000;42378671000130
202501;655;2007001519;COTAS;3839903488.298844000000000;
202501;655;2021003183;COTAS;129060.605808000000000;20820603000147
202501;655;2007001519;COTAS;2457007777.511792000000000;32862118000115
202501;655;2007001519;COTAS;382478674.983823000000000;41902409000180
202501;655;2007001519;OPERACAO_PARTICIPANTE;1290873857.605589565700000;
202501;611;1980001529;COTAS;664049.338293000000000;
202501;655;2008002756;COTAS;5494866.228976000000000;34791568000190
202501;655;2021003183;COTAS;76253.386090000000000;11965107000190
202501;655;2010000447;COTAS;3540222.297913000000000;29045373000160
202501;611;1983000418;TIT_PUB;1050781.570000000000000;
202501;655;2021003183;COTAS;114118956.382905000000000;33255042000122
202501;655;2010000447;COTAS;6391065.026941000000000;36615983000118
202501;611;1984001019;COTAS;829628.105462000000000;
202501;611;1984001019;COTAS;356285747.687368000000000;
202501;655;2010000447;COTAS;3873505.718470000000000;49397796000157
202501;611;1984001019;COTAS;5095564.361308000000000;42378671000130
202501;655;2010001583;COTAS;1505966.152235000000000;19587206000198
202501;655;2010001583;COTAS;1995270.257274000000000;33255042000122
202501;611;1990000347;VL_PG_RC;-5072.180000000000000;
202501;611;1990000592;COTAS;2157531.948463000000000;
202501;655;2018000292;CAIXA;1509582.180000000000000;
202501;655;2018000292;COTAS;-2795879.927908000000000;
202501;655;2018000292;COTAS;0.000142000000000;
202501;611;1990000592;TIT_PUB;4886788.660000000000000;
202501;611;1997004038;VL_PG_RC;65376350.410000000000000;
202501;655;2021003183;COTAS;45251657.474280000000000;36615983000118
202501;655;2018000292;COTAS;-132966.802424000000000;
202501;655;2018000292;COTAS;121411538.774842000000000;41902409000180
202501;655;2021003183;COTAS;6210526.701966000000000;46502938000100
202501;655;2021003183;COTAS;22904395.378472000000000;49397796000157
202501;655;9970000000;COTAS;890549.121431000000000;21397791000105
202501;655;9970000000;COTAS;347025568.051479000000000;
202501;611;1997004674;CAIXA;71437.370000000000000;
202501;655;9970000000;COTAS;70684.049806000000000;11097650000113
202501;611;1998003183;COTAS;200503226.980839000000000;
202501;655;9970000000;COTAS;2253785.761600000000000;36617506000191
202501;611;1998003183;VL_PG_RC;-23962.120000000000000;
202501;611;2009002611;COTAS;196349750.555439000000000;
202501;655;9970000000;TIT_PRIV;3016676.280000000000000;
202501;686;1978000529;COTAS;20244.938775000000000;
202501;686;1978000529;COTAS;42384565.200009000000000;
202501;312;9970000000;TIT_PUB;10803280.920000000000000;
202501;552;2002000638;COTAS;588319058.654724000000000;04592305000190
202501;326;1979002118;COTAS;6832648.893415000000000;
202501;655;2004002638;VL_PG_RC;-17808.030000000000000;
202501;552;2002000638;VL_PG_RC;-14011840.920000000000000;
202501;552;2002004692;COTAS;84984.284359000000000;
202501;611;1984001019;VL_PG_RC;-272916.580000000000000;
202501;552;2002004692;COTAS;104055557.959994000000000;04592305000190
202501;686;1978000529;VL_PG_RC;-636798.720000000000000;
202501;611;2009002611;TIT_PUB;105168021.720000000000000;
202501;611;2009002865;COTAS;211708008.996143000000000;
202501;611;2009002865;COTAS;27982910.859017000000000;
202501;611;2009002865;VL_PG_RC;165598054.210000000000000;
202501;686;2022000765;VL_PG_RC;2290471.580000000000000;
202501;611;2010004418;CAIXA;15998.630000000000000;
202501;611;2010004418;COTAS;14320724.746433000000000;
202501;611;1990000347;COTAS;13165589.911174000000000;
202501;611;2019002019;VL_PG_RC;-21582.620000000000000;
202501;611;2019002183;COTAS;1157877.375618000000000;
202501;655;1970000147;COTAS;472712.579602000000000;11097650000113
202501;611;1990000347;COTAS;143240.105842000000000;
202501;655;1970000147;COTAS;22375391.724000000000000;52026196000197
202501;655;2018000292;IMOVEIS;2283649810.530000000000000;
202501;655;1970000147;TIT_PRIV;29269912.060000000000000;
202501;686;2022001192;ACOES;5367926.050000000000000;
202501;655;2000005918;COTAS;494495.878065000000000;34081202000127
202501;611;1990000347;TIT_PUB;26583823.180000000000000;
202501;611;1990000592;COTAS;1274566.343502000000000;
202501;655;2019003783;COTAS;168891671.924811000000000;
202501;611;1990000592;COTAS;134270.573598000000000;
202501;655;2000005918;COTAS;425656.585609000000000;49397796000157
202501;611;1990000592;COTAS;136497.514381000000000;
202501;655;2000005918;COTAS;322305.919742000000000;52026196000197
202501;655;2002000883;VL_PG_RC;0.000000000000000;
202501;611;1997004038;COTAS;138096722.628440000000000;
202501;611;1997004038;COTAS;206897762.939603000000000;
202501;611;1997004038;COTAS;2869953.117175000000000;
202501;655;2002001911;CAIXA;233.080000000000000;
202501;611;1997004038;IMOVEIS;4946080.000000000000000;
202501;655;2002001911;COTAS;2143856.733807000000000;19587206000198
202501;611;1997004674;COTAS;54174472.238141000000000;
202501;655;2002001911;COTAS;2841175.973945000000000;33255042000122
202501;655;2002001911;COTAS;1332604.048499000000000;36617506000191
202501;611;1997004674;COTAS;1768475.727710000000000;
202501;552;2002004692;TIT_PRIV;2548610.640000000000000;
202501;552;9970000000;COTAS;75037.128096000000000;
202501;611;2009002611;COTAS;6841877.977697000000000;
202501;655;2007001519;COTAS;7030220.537916000000000;
202501;655;2007001519;COTAS;3955949.805222000000000;05117292000160
202501;326;2006001574;OPERACAO_PARTICIPANTE;23982037.807968177500000;
202501;655;2007001519;COTAS;170133.718520000000000;11097650000113
202501;326;2009002938;VL_PG_RC;-68756.410000000000000;
202501;655;2019003783;TIT_PUB;1990134742.590000000000000;
202501;655;2021000011;COTAS;92359.968378000000000;
202501;552;9970000000;COTAS;11891068.076193000000000;05142777000104
202501;655;2003002138;COTAS;106189.684385000000000;
202501;655;2007001519;COTAS;342006421.527076000000000;46502938000100
202501;655;2021000011;COTAS;4812047.224795000000000;05117292000160
202501;326;2021002111;COTAS;162487851.135390000000000;49995995000167
202501;611;2009002611;VL_PG_RC;-65941.650000000000000;
202501;326;2021002111;COTAS;24962447.138689000000000;49996708000133
202501;326;2022001419;CAIXA;9408.040000000000000;
202501;357;1993000429;CAIXA;247402.720000000000000;
202501;655;2007001519;COTAS;163473031.200000000000000;50069605000107
202501;686;2022001656;TIT_PUB;42265017.560000000000000;
202501;571;1988001218;COTAS;9334034.857994000000000;
202501;686;2022001818;COTAS;6086523.230006000000000;
202501;655;2008002756;COTAS;8424518.647061000000000;
202501;686;9970000000;COTAS;28298518.240002000000000;
202501;655;2003002138;VL_PG_RC;0.000000000000000;
202501;655;2003002219;CAIXA;0.000000000000000;
202501;655;2021000011;COTAS;388991244.947750000000000;33255042000122
202501;686;9970000000;COTAS;255070.930009000000000;
202501;571;1988001218;COTAS;7288336.087412000000000;
202501;655;2003002383;COTAS;2322.287438000000000;
202501;686;9970000000;VL_PG_RC;0.000000000000000;
202501;655;2003002456;COTAS;127226.286456000000000;
202501;655;2003002456;COTAS;144795112.896504000000000;
202501;571;1988001218;COTAS;5142949.560834000000000;
202501;611;2009002865;COTAS;5769485.851158000000000;
202501;611;2009002865;COTAS;571037214.606981000000000;
202501;571;2020002418;COTAS;580642.663660000000000;
202501;571;2020002418;COTAS;684092.845151000000000;
202501;655;2021000011;COTAS;73367786.904741000000000;39997959000189
202501;655;2021000011;COTAS;20660144.103946000000000;46502938000100
202501;691;1981000429;COTAS;20720107.869841000000000;13089217000161
202501;655;2021000011;COTAS;15206793.600000000000000;50069605000107
202501;655;2021003183;COTAS;0.000001000000000;
202501;611;2019002019;COTAS;4586839.561309000000000;
202501;357;1993000429;COTAS;118170.163173000000000;
202501;655;2003002529;VL_PG_RC;0.000000000000000;
202501;571;2020002418;COTAS;476666.871571000000000;
202501;611;2019002019;TIT_PUB;183081575.970000000000000;
202501;655;2021003183;COTAS;2967499.457345000000000;18330535000196
202501;357;2006006811;VL_PG_RC;2953546.510000000000000;
202501;611;2019002183;CAIXA;13433.450000000000000;
202501;655;2021003183;COTAS;72955.790467000000000;21397715000108
202501;655;2021003183;COTAS;41334.904070000000000;23884799000121
202501;357;2020000611;ACOES;414.520000000000000;
202501;655;2021003183;COTAS;34858.913635000000000;21397837000196
202501;655;2021003183;COTAS;51575276.431785000000000;32862087000100
202501;691;1981000429;VL_PG_RC;-682259842.530000000000000;
202501;655;2008002756;COTAS;1730130.563419000000000;34081202000127
202501;357;2020000611;COTAS;1704408.956898000000000;
202501;357;2020000611;COTAS;2339549.331514000000000;
202501;571;2020002418;COTAS;830475.494132000000000;
202501;655;2003002618;COTAS;299173.559975000000000;23884799000121
202501;691;2002004765;ACOES;134817940.670000000000000;
202501;655;2008002756;COTAS;3278694.440444000000000;36617506000191
202501;655;2008002756;COTAS;3117561.798956000000000;39997959000189
202501;361;1980002029;COTAS;1740712.910627000000000;
202501;655;2010000447;COTAS;4501573.383749000000000;34081202000127
202501;655;2021003183;COTAS;9944618.544000000000000;52026196000197
202501;655;2010000447;COTAS;8111487.948946000000000;39997959000189
202501;655;2004001747;CAIXA;0.000000000000000;
202501;655;2010001583;COTAS;935846.722360000000000;36617506000191
202501;655;2010001583;COTAS;889854.191690000000000;39997959000189
202501;361;1980002029;COTAS;1117458101.450003000000000;55907888000132
202501;655;2010004019;COTAS;5958215.321332000000000;33255042000122
202501;691;2002004765;COTAS;390521115.368829000000000;35179107000123
202501;655;2010004019;COTAS;1474677.733352000000000;34081202000127
202501;655;2010004019;COTAS;115414.261833000000000;41756323000197
202501;655;2004002565;CAIXA;0.000000000000000;
202501;571;2020002418;TIT_PUB;924601.430000000000000;
202501;655;2010004019;COTAS;1269181.062541000000000;49397796000157
202501;655;2004002638;COTAS;25584905.919184000000000;29045373000160
202501;655;2021003183;OPERACAO_PARTICIPANTE;33596904.841884349700000;
202501;571;2023001511;CAIXA;9593.160000000000000;
202501;655;2018000292;COTAS;1557545.446808000000000;11097650000113
202501;571;2023001511;COTAS;382142.929899000000000;
202501;655;9970000000;COTAS;-133279.818207000000000;
202501;655;2004002638;COTAS;13317802.193981000000000;36615983000118
202501;655;9970000000;COTAS;407178.915439000000000;11965107000190
202501;655;9970000000;COTAS;95424613.115120000000000;19587206000198
202501;655;9970000000;COTAS;843424.368471000000000;20815620000196
202501;571;9970000000;TIT_PUB;18322295.010000000000000;
202501;655;9970000000;COTAS;389992957.381431000000000;34791568000190
202501;607;1986000338;VL_PG_RC;1174.390000000000000;
202501;655;9970000000;COTAS;2414720.785047000000000;41902409000180
202501;611;1979000956;COTAS;149724941.390483000000000;
202501;611;1979000956;COTAS;168624813.389004000000000;
202501;655;2018000292;COTAS;620546045.456322000000000;39997959000189
202501;611;1979000956;COTAS;10003224.461064000000000;
202501;686;1978000529;CAIXA;100.000000000000000;
202501;655;2004002638;COTAS;1893820.350000000000000;50006439000108
202501;686;2022000765;CAIXA;100.000000000000000;
202501;655;2018000292;COTAS;67962958.520333000000000;41756323000197
202501;611;1979004056;COTAS;673755051.769571000000000;
202501;655;2004002638;OPERACAO_PARTICIPANTE;7606733.830235478200000;
202501;655;2018000292;TIT_PRIV;96781074.950000000000000;
202501;611;1979004056;IMOVEIS;450925087.270000000000000;
202501;691;2002004765;COTAS;150221045.595597000000000;42067084000120
202501;611;1979004056;OPERACAO_PARTICIPANTE;17825684.974788329100000;
202501;611;1980000638;VL_PG_RC;0.000000000000000;
202501;655;2021000011;CAIXA;62547.130000000000000;
202501;611;1980001529;TIT_PRIV;2000154.500000000000000;
202501;611;2019002183;COTAS;5100.164809000000000;
202501;655;2004002638;TIT_PUB;165981694.110000000000000;
202501;611;2019002183;COTAS;10766821.080685000000000;
202501;655;2007001519;COTAS;-320304.950500000000000;
202501;686;2022000765;IMOVEIS;66614206.930000000000000;
202501;655;2007001519;COTAS;66326282.200000000000000;
202501;686;2022001656;IMOVEIS;25742410.220000000000000;
202501;686;2022001729;IMOVEIS;5670989.850000000000000;
202501;713;1998006174;COTAS;26776008.112872000000000;41512769000176
202501;237;2014000883;TIT_PUB;60018234.730000000000000;
202501;611;9970000000;VL_PG_RC;-4949.040000000000000;
202501;686;2022001818;IMOVEIS;7724786.000000000000000;
202501;655;2021000011;COTAS;1539621.714438000000000;
202501;655;2007001519;COTAS;37832148.660000000000000;
202501;655;2021000011;COTAS;9561.469049000000000;
202501;686;2022001818;TIT_PUB;24398608.090000000000000;
202501;686;9970000000;CAIXA;3810.340000000000000;
202501;611;1983000418;COTAS;17172612.226194000000000;
202501;655;2007001519;COTAS;9003155128.603092000000000;34791568000190
202501;611;1984001019;COTAS;32738334.906950000000000;
202501;361;1980002029;OPERACAO_PARTICIPANTE;69018094.560000000000000;
202501;655;2007001519;COTAS;1676321871.514093000000000;39997959000189
202501;686;9970000000;COTAS;24353163.779879000000000;
202501;655;2021000011;COTAS;4520406.660000000000000;
202501;655;2008002756;COTAS;4999095.477729000000000;32862118000115
202501;361;2001002165;COTAS;21274981.968431000000000;
202501;655;1970000147;CAIXA;411605.190000000000000;
202501;655;2008002756;COTAS;1488594.007944000000000;49397796000157
202501;691;1981000429;COTAS;0.000250000000000;
202501;655;2021000011;COTAS;267557.483186000000000;23884799000121
202501;655;2021000011;COTAS;2106782.447612000000000;
202501;361;2001002165;COTAS;11584706.920983000000000;
202501;655;2021000011;COTAS;422830620.218441000000000;32862118000115
202501;361;2001002165;COTAS;233581337.833644000000000;
202501;361;2001002165;COTAS;99512168.520229000000000;18681157000195
202501;655;2008002756;VL_PG_RC;-2652.390000000000000;
202501;361;2001002238;COTAS;57745.936902000000000;
202501;655;2021003183;COTAS;-24451.576443000000000;
202501;655;2010001583;COTAS;388372.851605000000000;29045373000160
202501;361;2001002238;OPERACAO_PARTICIPANTE;10649541.670000000000000;
202501;713;2006001892;COTAS;6822714.982798000000000;
202501;713;2011000556;COTAS;505430796.632013000000000;41543719000156
202501;655;2021003183;COTAS;99125.000000000000000;
202501;713;2011000556;VL_PG_RC;64847041.490000000000000;
202501;655;1970000147;COTAS;8416747.059603000000000;
202501;691;1981000429;TIT_PUB;1982994123.060000000000000;
202501;655;2021003183;COTAS;1143859.000000000000000;
202501;655;1970000147;COTAS;52270.286720000000000;
202501;713;9970000000;COTAS;4944691.359711000000000;
202501;655;1970000147;COTAS;2033942.013545000000000;
202501;691;2002004765;COTAS;0.000250000000000;
202501;727;1971000256;TIT_PUB;21675460.330000000000000;
202501;691;2002004765;COTAS;13610070.641991000000000;
202501;727;9970000000;TIT_PUB;172172.390000000000000;
202501;361;2019002647;COTAS;2923258.241726000000000;
202501;655;1970000147;COTAS;3419463.701582000000000;21397715000108
202501;611;1990000347;CAIXA;12000.170000000000000;
202501;611;1990000592;COTAS;3933750.817901000000000;
202501;655;2021003183;COTAS;3614.384958000000000;10430028000112
202501;611;1997004038;CAIXA;55686.200000000000000;
202501;611;1997004674;COTAS;477219564.247378000000000;
202501;655;2010001583;COTAS;701118.713227000000000;36615983000118
202501;611;1997004674;COTAS;63134953.515129000000000;
202501;731;1982002956;VL_PG_RC;-111126.390000000000000;
202501;655;2021003183;COTAS;62247826.741785000000000;19587206000198
202501;655;2010002547;CAIXA;0.000000000000000;
202501;361;2019002647;COTAS;26068423.568986000000000;
202501;691;2002004765;TIT_PUB;7603400652.400000000000000;
202501;655;2010002547;VL_PG_RC;0.000000000000000;
202501;361;2019002647;COTAS;278321613.125175000000000;05855398000161
202501;611;1998003183;CAIXA;12014.460000000000000;
202501;611;2006005383;COTAS;22787475.819544000000000;
202501;611;2006005383;TIT_PUB;95256761.170000000000000;
202501;713;1983000183;IMOVEIS;13740985.420000000000000;
202501;655;2010004019;COTAS;4682613.323418000000000;34791568000190
202501;655;1970000147;COTAS;1228686.521108000000000;21397837000196
202501;655;1970000147;COTAS;174419105.539554000000000;39997959000189
202501;655;2021003183;COTAS;158216.996744000000000;20815620000196
202501;713;1998006174;CAIXA;54452.100000000000000;
202501;655;2018000292;COTAS;168920.608214000000000;
202501;731;2006005611;COTAS;843888147.532298000000000;30994014000139
202501;713;2006001892;COTAS;1198050.048974000000000;
202501;655;2018000292;COTAS;19548783.437505000000000;20820603000147
202501;611;2009002547;COTAS;243108.232843000000000;
202501;758;2002002411;COTAS;33511129.631821000000000;
202501;713;2006001892;COTAS;4060806.915246000000000;
202501;713;2006001892;COTAS;8055175.112536000000000;
202501;655;2018000292;COTAS;314029322.288964000000000;36615983000118
202501;655;2018000292;OPERACAO_PARTICIPANTE;1215878278.456115707900000;
202501;655;2019003619;OPERACAO_PARTICIPANTE;171970599.091795475900000;
202501;713;2011000556;COTAS;53858422.666305000000000;18007571000113
202501;361;2022002938;COTAS;429399.000348000000000;55167531000165
202501;391;1979001529;COTAS;0.027147000000000;
202501;391;1979001529;COTAS;23398033.274619000000000;
202501;611;2009002547;TIT_PUB;514337880.780000000000000;
202501;713;2021003418;IMOVEIS;18596822.400000000000000;
202501;611;2009002611;COTAS;1423997.660318000000000;
202501;727;1971000256;COTAS;49736470.334974000000000;
202501;655;2021003183;COTAS;36222769.691379000000000;29045373000160
202501;727;9970000000;VL_PG_RC;0.000000000000000;
202501;391;1979001529;COTAS;194937485.755498000000000;
202501;731;2006005611;COTAS;818340027.454245000000000;30994041000101
202501;731;2006005611;IMOVEIS;3843614.080000000000000;
202501;391;2022002865;OP_COMP;442572.790000000000000;
202501;731;2018001647;CAIXA;123385.840000000000000;
202501;401;1997000611;VL_PG_RC;590067.560000000000000;
202501;731;9970000000;VL_PG_RC;-700.000000000000000;
202501;611;2009002865;COTAS;380240469.121098000000000;
202501;477;1991000138;COTAS;30835784.750144000000000;
202501;655;1999003111;COTAS;6316609.019157000000000;33255042000122
202501;477;9970000000;VL_PG_RC;631748.960000000000000;
202501;611;2009002865;COTAS;10560985.895495000000000;
202501;744;1986000729;COTAS;68400980.836743000000000;
202501;655;2021003183;COTAS;67636042.582773000000000;34791568000190
202501;744;1986000729;COTAS;203208505.468902000000000;
202501;494;1981001174;ACOES;39029.440000000000000;
202501;611;2010004418;COTAS;6854312.947517000000000;
202501;744;1986000729;VL_PG_RC;200970.590000000000000;
202501;655;2021003183;COTAS;3801698.400000000000000;50069605000107
202501;494;2010000838;COTAS;30408164.767829000000000;
202501;655;1999003111;COTAS;122356.566139000000000;41756323000197
202501;744;9970000000;COTAS;1523260.739999000000000;05464910000149
202501;611;2010004418;COTAS;1285815.386586000000000;
202501;655;2021003183;VL_PG_RC;4233645.730000000000000;
202501;504;1998002918;COTAS;3513116.414367000000000;
202501;758;2002002411;COTAS;673381589.073761000000000;
202501;504;1998002918;TIT_PUB;1898047.230000000000000;
202501;611;2010004418;VL_PG_RC;6530334.950000000000000;
202501;758;4007580065;CAIXA;208700.140000000000000;
202501;504;9970000000;VL_PG_RC;-861.320000000000000;
202501;611;2019002183;COTAS;152920645.118525000000000;
202501;535;1982000538;COTAS;868161621.159707000000000;10586926000164
202501;758;9970000000;CAIXA;72631.070000000000000;
202501;535;2019002574;COTAS;116324.393635000000000;
202501;535;2019002574;COTAS;84864.729464000000000;
202501;535;2019002574;COTAS;931607.199755000000000;
202501;758;4007580065;COTAS;1307905.322967000000000;30453307000109
202501;758;9970000000;TIT_PUB;3202453.430000000000000;
202501;775;2007002965;CAIXA;0.000000000000000;
202501;758;4007580065;VL_PG_RC;-635.210000000000000;
202501;775;2007002965;COTAS;1429491.070545000000000;
202501;535;2019002574;COTAS;4720715.868968000000000;02846259000183
202501;655;2019003619;TIT_PUB;3831407130.170000000000000;
202501;789;2006001965;VL_PG_RC;0.000000000000000;
202501;535;2019002574;COTAS;5624166.251921000000000;17689994000106
202501;611;2019002183;TIT_PUB;25502803.830000000000000;
202501;789;9970000000;CAIXA;253301.030000000000000;
202501;655;1970000147;COTAS;504910.072984000000000;
202501;655;2021000011;COTAS;0.000008000000000;
202501;789;9970000000;VL_PG_RC;332420.910000000000000;
202501;655;1970000147;COTAS;-41141.644764000000000;
202501;792;1988000718;COTAS;163243.364288000000000;
202501;655;2000005918;COTAS;1776214.346545000000000;
202501;655;2021000011;COTAS;11528.829473000000000;
202501;792;1988000718;COTAS;201556.799055000000000;
202501;792;1998000818;COTAS;45150.748407000000000;
202501;655;2021000011;COTAS;1106526.255619000000000;20820603000147
202501;792;1998000818;COTAS;72452.492741000000000;18959722000133
202501;655;2000005918;COTAS;891043.422847000000000;39997959000189
202501;792;1988000718;COTAS;278877.603590000000000;
202501;655;1970000147;COTAS;2711310.335096000000000;11965107000190
202501;792;1988000718;COTAS;947641.705444000000000;
202501;535;2021002292;COTAS;37999.127373000000000;
202501;655;2021000011;COTAS;122651880.460494000000000;29045373000160
202501;655;2021000011;COTAS;479079738.123923000000000;32862087000100
202501;535;2021002292;COTAS;262697.047820000000000;
202501;792;1988000718;COTAS;18127415.364960000000000;18959722000133
202501;792;1998000818;COTAS;68228.478432000000000;29983445000110
202501;655;1970000147;COTAS;5618621.909609000000000;20815620000196
202501;655;1970000147;COTAS;66939044.685601000000000;36617506000191
202501;535;2021002292;COTAS;820415.632110000000000;17689994000106
202501;792;1998000818;VL_PG_RC;-15244.760000000000000;
202501;655;1970000147;COTAS;33407352.447135000000000;41902409000180
202501;655;2021000011;COTAS;77666177.940881000000000;36615983000118
202501;792;1988000718;TIT_PUB;611426726.750000000000000;
202501;655;2000005918;COTAS;35188.327564000000000;41128068000138
202501;535;9970000000;COTAS;5302340.683326000000000;
202501;655;9970000000;COTAS;183949.496260000000000;21397837000196
202501;549;1979001456;CAIXA;762875.670000000000000;
202501;655;2021000011;COTAS;15150562.800000000000000;50006439000108
202501;792;1998000818;OPERACAO_PARTICIPANTE;148646.610587768700000;
202501;655;2021000011;OPERACAO_PARTICIPANTE;158326508.520668054500000;
202501;792;1998000974;COTAS;4489172.009660000000000;
202501;792;1998000974;COTAS;41151.431940000000000;
202501;792;1998000974;COTAS;80397.975011000000000;
202501;655;9970000000;COTAS;30014713.073038000000000;39997959000189
202501;792;1998000974;COTAS;53804.737281000000000;
202501;655;2021003183;COTAS;14267.348854000000000;
202501;792;1998000974;COTAS;48782.357556000000000;
202501;655;2000007392;COTAS;465049.401838000000000;
202501;655;2021003183;COTAS;1237192.780000000000000;
202501;655;2021003183;COTAS;344412.810000000000000;
202501;655;2002000492;COTAS;32924556.143039000000000;
202501;655;2002000883;CAIXA;0.000000000000000;
202501;655;9970000000;COTAS;7190774.857035000000000;52026196000197
202501;655;2002001911;COTAS;2233688.182031000000000;34791568000190
202501;655;2021003183;COTAS;13452.303326000000000;11097650000113
202501;655;2002003874;CAIXA;171468.900000000000000;
202501;655;2003002383;COTAS;53894.929642000000000;23884799000121
202501;655;2003002383;COTAS;44895.311929000000000;21397837000196
202501;549;1979001456;COTAS;503792164.447723000000000;
202501;686;1978000529;ACOES;4301235.550000000000000;
202501;686;2022000765;COTAS;49849571.139995000000000;
202501;792;1998000974;COTAS;23335.793854000000000;
202501;655;2003002456;ACOES;15672731.670000000000000;
202501;549;1979001456;COTAS;25632029.028071000000000;33913669000123
202501;549;2005003883;COTAS;73059422.703601000000000;33913663000156
202501;792;1998000974;COTAS;29649.526956000000000;
202501;686;2022001192;COTAS;21400.149588000000000;
202501;655;2003002456;VL_PG_RC;-1910407.530000000000000;
202501;655;1970000147;IMOVEIS;706645732.920000000000000;
202501;552;1979002665;COTAS;1400281.200000000000000;
202501;686;2022001192;VL_PG_RC;314888.680000000000000;
202501;792;1998000974;COTAS;613237.007897000000000;
202501;792;1999002865;COTAS;3453662.116812000000000;
202501;686;2022001729;VL_PG_RC;193238.540000000000000;
202501;655;1999003111;COTAS;111250.231446000000000;41128068000138
202501;792;1999002865;COTAS;2438299.242102000000000;
202501;655;1999003111;COTAS;175884.659445000000000;41902409000180
202501;552;1979002665;TIT_PRIV;9267675.040000000000000;
202501;655;2003002529;COTAS;24284209.348551000000000;
202501;655;2000005918;COTAS;1507544.233388000000000;19587206000198
202501;552;2002004692;OPERACAO_PARTICIPANTE;5021679.030000000000000;
202501;552;9970000000;TIT_PRIV;1158459.380000000000000;
202501;571;1988001218;COTAS;1179973.851233000000000;
202501;792;1999002865;COTAS;4555632.125964000000000;
202501;571;1988001218;COTAS;230255.797596000000000;
202501;571;1988001218;COTAS;20545972.772619000000000;
202501;655;2000005918;COTAS;1997936.803877000000000;33255042000122
202501;792;1999002865;COTAS;46944067.319241000000000;18959722000133
202501;686;2022001818;ACOES;4576591.920000000000000;
202501;691;1981000429;ACOES;0.000000000000000;
202501;655;2000005918;COTAS;937097.419496000000000;36617506000191
202501;792;1999002865;TIT_PUB;64557260.710000000000000;
202501;792;1999002938;COTAS;14757290.619561000000000;
202501;691;1981000429;COTAS;-393439.452840000000000;
202501;571;2020002418;COTAS;549687.000000000000000;
202501;691;1981000429;COTAS;7346175.887964000000000;08432295000187
202501;691;2002004765;VL_PG_RC;-34353286.880000000000000;
202501;655;2000007392;VL_PG_RC;0.000000000000000;
202501;713;1998006174;COTAS;1438323.558758000000000;41517794000142
202501;713;2006001892;COTAS;3158757.326040000000000;
202501;792;1999002938;COTAS;20576381.535679000000000;
202501;571;2020002418;COTAS;746514.675940000000000;
202501;571;2020002418;COTAS;5170111.597994000000000;
202501;571;2020002418;COTAS;5555404.851667000000000;
202501;655;2002001911;COTAS;703200.324152000000000;34081202000127
202501;792;1998000974;COTAS;90373.165245000000000;
202501;571;2023001511;COTAS;755958.000000000000000;
202501;571;2023001511;COTAS;146759.757686000000000;
202501;655;2021003183;IMOVEIS;19144461.350000000000000;
202501;792;1998000974;COTAS;4301030.353033000000000;18959722000133
202501;655;9970000000;COTAS;2284059.859635000000000;41128068000138
202501;713;2011000556;ACOES;0.000000000000000;
202501;655;9970000000;COTAS;768225.308100000000000;41756323000197
202501;571;9970000000;CAIXA;37857.760000000000000;
202501;792;1999002865;COTAS;2493229.723685000000000;
202501;611;1979000956;COTAS;10956432.734819000000000;
202501;792;1999002865;COTAS;895809.665160000000000;
202501;792;1999002938;COTAS;317811934.678318000000000;
202501;686;1978000529;IMOVEIS;9580506.950000000000000;
202501;792;1999002938;COTAS;32783279.437947000000000;
202501;713;2011000556;COTAS;73462264.367492000000000;13058863000161
202501;686;2022001192;COTAS;3597111.540083000000000;
202501;792;1999002938;COTAS;12742903.632307000000000;
202501;713;9970000000;COTAS;3222281.530753000000000;
202501;686;2022001729;CAIXA;100.000000000000000;
202501;686;9970000000;TIT_PUB;25644224.800000000000000;
202501;792;1999002938;COTAS;33224958.125263000000000;
202501;611;1979000956;COTAS;10224718.380598000000000;
202501;792;1999002938;COTAS;360188442.997801000000000;18959722000133
202501;611;1979004056;CAIXA;102000.260000000000000;
202501;655;2003002618;COTAS;190170617.201579000000000;
202501;727;1971000256;CAIXA;422102.840000000000000;
202501;792;1999002938;COTAS;19040168.755450000000000;
202501;655;2002001911;COTAS;547548.780506000000000;49397796000157
202501;792;1999003047;COTAS;820275.727307000000000;
202501;792;1999003047;COTAS;1675420.745376000000000;
202501;727;1971000256;COTAS;246439845.152807000000000;
202501;792;1999003047;COTAS;224497.312680000000000;
202501;655;2003002219;COTAS;3454692.758774000000000;
202501;727;1971000256;COTAS;175.154115000000000;
202501;792;9970000000;COTAS;167664.083022000000000;18959722000133
202501;691;1981000429;COTAS;10087257.661920000000000;
202501;792;1999003047;COTAS;2502083.094984000000000;
202501;727;9970000000;CAIXA;31129.030000000000000;
202501;727;9970000000;COTAS;17873781.467966000000000;
202501;655;2004001356;CAIXA;0.000000000000000;
202501;792;1999003047;COTAS;575441.802796000000000;
202501;731;2018001647;COTAS;12272706.899121000000000;30994014000139
202501;792;1999003047;COTAS;387782.036819000000000;
202501;731;2018001647;VL_PG_RC;-10016.680000000000000;
202501;792;1999003047;COTAS;988955.760309000000000;
202501;731;9970000000;CAIXA;83462.430000000000000;
202501;792;1999003047;COTAS;521408.450669000000000;
202501;744;1986000729;COTAS;274342646.789953000000000;18272304000173
202501;655;2004001747;VL_PG_RC;0.000000000000000;
202501;792;1999003047;COTAS;1009141.411238000000000;
202501;802;1977000118;COTAS;1979009.574705000000000;
202501;655;2004002638;COTAS;18492070.424824000000000;32862118000115
202501;802;1977000118;COTAS;2442270.427577000000000;
202501;655;2004002638;COTAS;5464490.053515000000000;41902409000180
202501;744;1986000729;OPERACAO_PARTICIPANTE;60875151.258424501400000;
202501;758;1981001719;COTAS;803115022.295164000000000;
202501;802;1977000118;CAIXA;28909330.970000000000000;
202501;655;2007001519;CAIXA;2773826.240000000000000;
202501;802;2003001956;COTAS;822600.000000000000000;
202501;655;2007001519;COTAS;20176093.350000000000000;
202501;758;2002002411;COTAS;1035814570.663185000000000;
202501;802;2003001956;COTAS;90217327.989108000000000;34546439000136
202501;655;2007001519;COTAS;59339268.450000000000000;
202501;655;2003002219;VL_PG_RC;-7.640000000000000;
202501;655;2007001519;COTAS;125766470.823711000000000;18330535000196
202501;611;1979004056;COTAS;22935511.617064000000000;
202501;802;1977000118;TIT_PUB;649426956.090000000000000;
202501;655;2007001519;COTAS;3019762.214618000000000;
202501;802;9970000000;COTAS;1703758.574024000000000;
202501;802;2003001956;TIT_PRIV;26385354.410000000000000;
202501;864;1971000183;ACOES;200.000000000000000;
202501;758;2002002411;TIT_PUB;379167701.130000000000000;
202501;864;2002000311;COTAS;2175612824.783373000000000;07192293000103
202501;758;4007580065;COTAS;10642028.359867000000000;
202501;802;9970000000;CAIXA;29684.660000000000000;
202501;655;2007001519;COTAS;16598892.022963000000000;
202501;758;4007580065;COTAS;14319150.227761000000000;
202501;864;2023000483;COTAS;76141.709176000000000;
202501;611;1979004056;COTAS;267398766.133259000000000;
202501;881;1979000247;COTAS;-579114.617482000000000;
202501;881;1979000247;COTAS;127199.551306000000000;
202501;655;2007001519;COTAS;442758.374793000000000;21397837000196
202501;758;4007580065;COTAS;922444.153081000000000;
202501;611;1979004056;COTAS;63404829.460384000000000;
202501;655;2007001519;COTAS;21197739.528000000000000;52026196000197
202501;881;1999004256;COTAS;-1445857.947235000000000;
202501;611;1979004056;COTAS;18573937.293638000000000;40188751000106
202501;655;2003002383;COTAS;318702.705734000000000;21397791000105
202501;881;1999004256;COTAS;50647116.623471000000000;
202501;611;1983000418;CAIXA;13084.410000000000000;
202501;881;2000003656;COTAS;356754.999316000000000;
202501;758;4007580065;COTAS;1309464.369092000000000;30453303000120
202501;655;2008002756;COTAS;5275395.616484000000000;19587206000198
202501;792;1988000718;COTAS;13760304.167230000000000;
202501;611;1983000418;VL_PG_RC;111206.830000000000000;
202501;611;1984001019;COTAS;2363447.741554000000000;
202501;792;1988000718;COTAS;13623412.407053000000000;
202501;611;1984001019;COTAS;5733878.615766000000000;
202501;655;2008002756;COTAS;1360645.773512000000000;29045373000160
202501;611;1984001019;COTAS;14882567.218335000000000;
202501;792;1988000718;COTAS;212123.602445000000000;
202501;611;1984001019;COTAS;12488662.564215000000000;42378811000170
202501;792;1988000718;COTAS;775564.073637000000000;
202501;611;1990000347;COTAS;13600.456060000000000;
202501;792;1988000718;COTAS;364132.817957000000000;
202501;655;2008002756;COTAS;2456336.040571000000000;36615983000118
202501;611;1990000592;CAIXA;13052.750000000000000;
202501;792;1988000718;COTAS;192417.813840000000000;
202501;655;2010000447;COTAS;14295670.103004000000000;34791568000190
202501;611;1990000592;COTAS;1224019.758110000000000;
202501;792;1988000718;COTAS;574679.967790000000000;
202501;655;2003002383;VL_PG_RC;-767400.870000000000000;
202501;655;2003002529;CAIXA;0.000000000000000;
202501;655;2010001583;COTAS;493835.899088000000000;34081202000127
202501;792;1988000718;COTAS;7358450.781617000000000;
202501;655;2010001583;COTAS;38649.600761000000000;41756323000197
202501;611;1998003183;COTAS;2476883.738802000000000;
202501;792;1998000818;CAIXA;1732.340000000000000;
202501;792;1998000818;COTAS;86517.550566000000000;10740536000105
202501;611;2006005383;COTAS;1332255.554807000000000;
202501;655;2010001583;COTAS;424978.505921000000000;49397796000157
202501;611;2009002611;COTAS;22274246.883612000000000;
202501;611;2009002611;TIT_PRIV;9725764.050000000000000;
202501;792;1998000974;COTAS;29424.405060000000000;
202501;611;2009002865;COTAS;278738823.077797000000000;
202501;792;1998000974;COTAS;219540.080137000000000;29983445000110
202501;792;1999002865;COTAS;13866756.404806000000000;
202501;611;2010004418;COTAS;44337162.910326000000000;
202501;792;1999002865;COTAS;2619740.961709000000000;
202501;655;2003002618;CAIXA;40060.220000000000000;
202501;655;2010004019;CAIXA;209864.590000000000000;
202501;792;1999002865;COTAS;1955770.272651000000000;
202501;655;2003002618;COTAS;637125.000000000000000;
202501;792;1999002865;COTAS;4500790.404660000000000;
202501;792;1999002865;COTAS;2372596.485874000000000;
202501;611;2019002019;COTAS;59502.013902000000000;
202501;792;1999002865;COTAS;1449192.962109000000000;
202501;611;2019002183;COTAS;24106.486161000000000;
202501;655;2003002618;VL_PG_RC;-1490236.110000000000000;
202501;792;1999002865;COTAS;3922193.909491000000000;
202501;611;2019002183;COTAS;18753070.601831000000000;
202501;655;2004002638;COTAS;1160550.100000000000000;
202501;792;1999002938;COTAS;29718700.413368000000000;
202501;792;1999002938;COTAS;45938944.061847000000000;
202501;792;1999002938;COTAS;8048119.680300000000000;
202501;655;2010004019;COTAS;6829067.781374000000000;32862087000100
202501;792;1999003047;COTAS;443101.382196000000000;
202501;655;2010004019;COTAS;2794597.002109000000000;36617506000191
202501;792;1999003047;COTAS;547767.298693000000000;
202501;655;2018000292;COTAS;27200195.732923000000000;
202501;792;1999003047;COTAS;530516.828174000000000;
202501;655;2018000292;COTAS;203677.598217000000000;
202501;792;2023001056;VL_PG_RC;-313.200000000000000;
202501;655;2018000292;COTAS;93336598.528981000000000;18330535000196
202501;792;9970000000;COTAS;44330115.535369000000000;
202501;655;2018000292;COTAS;4726885.847611000000000;23884799000121
202501;792;9970000000;COTAS;43487091.484234000000000;
202501;821;1988000238;COTAS;3434632.750803000000000;
202501;655;2018000292;COTAS;436209582.016476000000000;29045373000160
202501;881;2000003729;COTAS;-64707.538598000000000;
202501;655;2019003619;COTAS;237549777.290197000000000;
202501;802;1977000118;ACOES;87250900.000000000000000;
202501;821;1988000238;COTAS;9475633.407745000000000;
202501;864;1971000183;COTAS;15214350180.066461000000000;03958061000154
202501;655;2021000011;ACOES;47371001.630000000000000;
202501;802;1977000118;COTAS;1561609719.349687000000000;34546404000105
202501;864;1971000183;IMOVEIS;316600000.000000000000000;
202501;611;2019002183;COTAS;1573171.851419000000000;
202501;802;1977000118;IMOVEIS;89555000.000000000000000;
202501;655;1970000147;COTAS;-865141.718387000000000;
202501;802;2003001956;COTAS;2671727.730026000000000;
202501;655;1970000147;COTAS;122732492.645959000000000;29045373000160
202501;655;2021000011;COTAS;27640.688563000000000;
202501;655;1970000147;COTAS;374191125.578644000000000;34791568000190
202501;864;2002000311;OPERACAO_PARTICIPANTE;11513252.396350000000000;
202501;655;2021000011;COTAS;1583799.044907000000000;21397791000105
202501;655;1999003111;COTAS;4767147.049146000000000;19587206000198
202501;864;2023000483;COTAS;18850.390003000000000;
202501;655;2021000011;COTAS;51816490.346734000000000;34081202000127
202501;802;9970000000;TIT_PUB;21965199.350000000000000;
202501;655;2021000011;COTAS;12141581.319216000000000;41128068000138
202501;881;2000003729;COTAS;21711.601780000000000;
202501;864;1971000183;OPERACAO_PARTICIPANTE;58634353.905181000000000;
202501;864;2022000692;VL_PG_RC;0.000000000000000;
202501;864;2023000483;COTAS;149606.321213000000000;
202501;864;9970000000;VL_PG_RC;-269.590000000000000;
202501;878;1999003918;COTAS;79648.733592000000000;
202501;878;1999003918;COTAS;9520025.917592000000000;
202501;878;9970000000;VL_PG_RC;0.000000000000000;
202501;881;1979000247;COTAS;-17967.281961000000000;
202501;881;1979000247;COTAS;48661.486860000000000;
202501;881;2002001065;COTAS;-27959.774402000000000;
202501;237;9970000000;CAIXA;16993.950000000000000;
202501;655;2021000011;COTAS;51290453.802746000000000;41756323000197
202501;237;9970000000;COTAS;779239.393627000000000;
202501;881;1994000929;CAIXA;46095.710000000000000;
202501;655;2021000011;VL_PG_RC;36870041.560000000000000;
202501;878;1999003918;COTAS;209621.395751000000000;
202501;655;2021003183;COTAS;16389.889372000000000;
202501;881;2002001065;COTAS;979406.410931000000000;
202501;655;2021003183;COTAS;976127.855077000000000;
202501;881;2008001619;ACOES;272011.600000000000000;
202501;881;2008001619;COTAS;5565.976169000000000;
202501;878;1999003918;COTAS;393199.521945000000000;
202501;878;1999003918;COTAS;955449.652591000000000;
202501;878;9970000000;COTAS;2233431.169996000000000;
202501;881;2008001619;COTAS;425605.072830000000000;
202501;881;1979000247;IMOVEIS;128872326.490000000000000;
202501;881;1994000929;COTAS;241767.193337000000000;
202501;881;2008001619;VL_PG_RC;155208.480000000000000;
202501;881;1994000929;TIT_PUB;332827282.960000000000000;
202501;881;9970000000;COTAS;1270671.218526000000000;
202501;881;1999004256;CAIXA;283796.730000000000000;
202501;881;9970000000;COTAS;5622977.632458000000000;
202501;881;1999004256;COTAS;-44858.369406000000000;
202501;881;9970000000;TIT_PRIV;2023615.220000000000000;
202501;881;2000003656;COTAS;-376866.669122000000000;
202501;881;2000003656;COTAS;71231218.714083000000000;
202501;881;2000003729;CAIXA;19076.700000000000000;
202501;881;2000003974;CAIXA;6659.630000000000000;
202501;895;1985000792;COTAS;5084252.550000000000000;
202501;881;2000003974;COTAS;65914.104766000000000;
202501;881;2000003974;OPERACAO_PARTICIPANTE;0.000000000000000;
202501;881;2002001065;CAIXA;17704.740000000000000;
202501;881;2002001065;COTAS;-867.463997000000000;
202501;881;2008001619;COTAS;14335.154397000000000;
202501;881;2008001619;IMOVEIS;2233127.080000000000000;
202501;655;2021003183;COTAS;1962577.500000000000000;
202501;655;1999003111;COTAS;1229507.336928000000000;29045373000160
202501;655;1999003111;COTAS;4965224.929394000000000;34791568000190
202501;655;1999003111;VL_PG_RC;0.000000000000000;
202501;881;1994000929;COTAS;2116200.942968000000000;
202501;655;2004002638;COTAS;110924368.966291000000000;34791568000190
202501;655;2021003183;COTAS;94368.984754000000000;23884789000196
202501;655;2021003183;COTAS;2286191.708047000000000;36617506000191
202501;655;2000005918;COTAS;2280136.681426000000000;32862087000100
202501;881;1994000929;OPERACAO_PARTICIPANTE;0.000000000000000;
202501;655;2004002638;COTAS;8449226.495598000000000;39997959000189
202501;655;2002000492;CAIXA;150840.670000000000000;
202501;881;1999004256;COTAS;223249.330074000000000;
202501;655;2002001911;COTAS;32800.847569000000000;41756323000197
202501;655;2005000411;VL_PG_RC;0.000000000000000;
202501;655;2002001911;OPERACAO_PARTICIPANTE;248216.110000000000000;
202501;655;2007001519;COTAS;0.000016000000000;
202501;655;2002003874;VL_PG_RC;-0.630000000000000;
202501;655;9970000000;COTAS;6489.466034000000000;
202501;881;1999004256;IMOVEIS;229373430.920000000000000;
202501;655;2007001519;COTAS;23342.896088000000000;
202501;655;9970000000;COTAS;17109334.899985000000000;36615983000118
202501;895;2000002511;OPERACAO_PARTICIPANTE;14382493.929727153900000;
202501;655;2007001519;COTAS;3206863.027076000000000;21397791000105
202501;655;2003002383;COTAS;18896.922645000000000;
202501;655;2007001519;COTAS;1295341999.852741000000000;29045373000160
202501;655;2003002383;COTAS;99415.734349000000000;11965107000190
202501;655;2003002456;COTAS;15643.558330000000000;
202501;686;1978000529;TIT_PUB;5920836.260000000000000;
202501;686;2022000765;COTAS;137.950453000000000;
202501;881;2000003656;ACOES;7737906.240000000000000;
202501;655;2007001519;COTAS;2997454026.611740000000000;32862087000100
202501;881;9970000000;COTAS;145168.923847000000000;
202501;686;2022000765;COTAS;39004505.910109000000000;
202501;686;2022001656;ACOES;13075903.400000000000000;
202501;881;2000003656;COTAS;138518.798119000000000;
202501;686;2022001656;CAIXA;100.000000000000000;
202501;686;2022001729;COTAS;4273610.710119000000000;
202501;881;2000003729;COTAS;-2007.579464000000000;
202501;881;2000003729;COTAS;55918.211405000000000;
202501;686;2022001818;CAIXA;575.190000000000000;
202501;691;1981000429;CAIXA;430909.100000000000000;
202501;691;1981000429;COTAS;6060119.622628000000000;
202501;691;1981000429;COTAS;1058284182.949585000000000;11375619000105
202501;691;1981000429;COTAS;1274320.312196000000000;
202501;881;2000003729;OPERACAO_PARTICIPANTE;0.000000000000000;
202501;881;9970000000;IMOVEIS;43573262.210000000000000;
202501;881;2000003974;TIT_PUB;171076108.570000000000000;
202501;895;1985000792;COTAS;0.070000000000000;
202501;881;2002001065;COTAS;39745.640800000000000;
202501;691;2002004765;CAIXA;1034976.430000000000000;
202501;895;1985000792;COTAS;2019331.581729000000000;
202501;691;2002004765;COTAS;6066445.480117000000000;
202501;691;2002004765;COTAS;14625570.893018000000000;
202501;881;2002001065;IMOVEIS;5398554.640000000000000;
202501;881;2008001619;CAIXA;12045.370000000000000;
202501;895;2000002511;TIT_PUB;775077563.880000000000000;
202501;881;9970000000;CAIXA;149128.250000000000000;
202501;881;9970000000;COTAS;-4980.297688000000000;
202501;895;2012001718;COTAS;3482189.354186000000000;
202501;895;2014002118;CAIXA;2509.710000000000000;
202501;895;2000002511;ACOES;5644654.090000000000000;
202501;895;1985000792;IMOVEIS;44949000.010000000000000;
202501;895;2014002118;OPERACAO_PARTICIPANTE;2377662.279915884300000;
202501;895;2000002511;COTAS;2874278.112613000000000;
202501;895;2000002511;COTAS;743882.131594000000000;
202501;895;2017000183;COTAS;298408.258000000000000;
202501;895;2012001718;COTAS;652997.342031000000000;
202501;895;2017000183;COTAS;657972.089359000000000;
202501;895;2017000183;TIT_PRIV;669549.620000000000000;
202501;895;2017000183;COTAS;2755511.580252000000000;
202501;895;2017000183;COTAS;323771.018936000000000;
202501;895;2000002511;VL_PG_RC;-244362.510000000000000;
202501;895;2017000183;COTAS;50497.391000000000000;58528785000150
202501;895;2020001829;COTAS;10099.478200000000000;58528785000150
202501;895;2020001829;TIT_PUB;3973190.730000000000000;
202501;895;2021003574;COTAS;17355.616937000000000;
202501;895;2021003574;CAIXA;466.830000000000000;
202501;895;2021003574;TIT_PUB;344114.470000000000000;
202501;895;9970000000;COTAS;5253196.494163000000000;
202501;655;2003002456;COTAS;2148742.015890000000000;21397791000105
202501;895;9970000000;VL_PG_RC;0.000000000000000;
202501;655;2007001519;COTAS;603006262.654180000000000;34081202000127
202501;919;1980000719;OPERACAO_PARTICIPANTE;2088257.940000000000000;
202501;655;2003002618;COTAS;108790.016184000000000;
202501;919;9970000000;COTAS;11990870.712568000000000;18686761000104
202501;655;2003002618;OPERACAO_PARTICIPANTE;7504377.150586806300000;
202501;691;2002004765;OPERACAO_PARTICIPANTE;892368270.412495954900000;
202501;655;2004002638;COTAS;11334256.480000000000000;49397796000157
202501;922;1981001018;COTAS;32824360.461489000000000;
202501;655;2004002638;COTAS;5103159.516000000000000;52026196000197
202501;922;1981001018;COTAS;1830105.555762000000000;
202501;655;2007001519;COTAS;1995829167.708882000000000;36615983000118
202501;655;2007001519;ACOES;47343839.120000000000000;
202501;922;1981001018;TIT_PUB;254247357.010000000000000;
202501;922;2017001392;COTAS;30859375.112550000000000;
202501;655;2007001519;COTAS;1299625.000000000000000;
202501;655;2007001519;COTAS;46518.456432000000000;10430028000112
202501;922;2017001392;VL_PG_RC;-409161.980000000000000;
202501;936;1990001483;ACOES;28646.540000000000000;
202501;922;1981001018;IMOVEIS;4669982.210000000000000;
202501;936;1990001483;COTAS;11339087.853123000000000;
202501;922;2013000847;COTAS;45205976.693063000000000;
202501;922;2013000847;VL_PG_RC;-144833.320000000000000;
202501;691;9970000000;TIT_PUB;304081482.700000000000000;
202501;936;1990001483;COTAS;1421582.669950000000000;
202501;922;2017001392;COTAS;10300.022610000000000;
202501;691;1981000429;TIT_PRIV;4939082.850000000000000;
202501;922;2017001392;COTAS;22377926.483332000000000;
202501;691;2002004765;COTAS;158625050.108034000000000;39504822000145
202501;922;9970000000;COTAS;7196895.983535000000000;
202501;655;2007001519;COTAS;162868550.100000000000000;50006439000108
202501;713;1998006174;IMOVEIS;3409417.440000000000000;
202501;922;2013000847;COTAS;42872550.538005000000000;
202501;922;2017001392;OPERACAO_PARTICIPANTE;792555.600000000000000;
202501;936;1990001483;COTAS;3432367.152353000000000;
202501;713;2011000556;CAIXA;112726.580000000000000;
202501;936;1990001483;COTAS;3919185.636842000000000;
202501;936;1998003256;COTAS;179829.119528000000000;
202501;936;1998003256;COTAS;9140250.436853000000000;
202501;713;2011000556;COTAS;77526636.900929000000000;41543813000105
202501;936;1998003256;COTAS;8298785.003601000000000;
202501;713;2021003418;ACOES;0.000000000000000;
202501;936;2010002156;COTAS;143113.538312000000000;
202501;936;2010002156;COTAS;473186.679069000000000;
202501;691;2002004765;TIT_PRIV;75264020.590000000000000;
202501;713;2021003418;COTAS;105022137.103713000000000;47328374000102
202501;936;2010002156;COTAS;19566087.933110000000000;
202501;713;9970000000;CAIXA;139897.010000000000000;
202501;713;1983000183;CAIXA;128674.620000000000000;
202501;731;1982002956;COTAS;1103024887.075611000000000;01634642000105
202501;713;1983000183;COTAS;6175424.679252000000000;09548706000167
202501;731;2006005611;CAIXA;420986.740000000000000;
202501;936;2010002156;COTAS;3083435.360126000000000;
202501;713;1983000183;COTAS;69257196.368904000000000;09548734000184
202501;731;2006005611;COTAS;361497164.915083000000000;30994076000140
202501;936;2010002156;COTAS;4733312.659477000000000;
202501;713;1998006174;ACOES;0.000000000000000;
202501;731;2018001647;COTAS;19002132.602481000000000;30994041000101
202501;713;1998006174;VL_PG_RC;2770280.230000000000000;
202501;744;1986000729;COTAS;69258950.182602000000000;
202501;744;1986000729;COTAS;185031097.906021000000000;05464910000149
202501;744;9970000000;VL_PG_RC;-4018.020000000000000;
202501;758;2002002411;CAIXA;327263.880000000000000;
202501;758;2002002411;COTAS;153583673.612750000000000;
202501;936;2022002792;CAIXA;3065.710000000000000;
202501;941;1980001618;COTAS;-951193.735072000000000;
202501;941;1980001618;COTAS;24810849.886248000000000;
202501;936;1990001483;CAIXA;17273.600000000000000;
202501;713;2006001892;CAIXA;61408.380000000000000;
202501;941;1980001618;VL_PG_RC;152585019.310000000000000;
202501;941;1998007774;COTAS;-1912099.144928000000000;
202501;922;2017001392;TIT_PUB;344324248.310000000000000;
202501;758;4007580065;TIT_PUB;11738161.200000000000000;
202501;941;1998007774;VL_PG_RC;55438998.990000000000000;
202501;713;2006001892;COTAS;2260348.433016000000000;
202501;936;1990001483;COTAS;4718607.116300000000000;
202501;775;2007002965;COTAS;177451.902423000000000;
202501;936;1998003256;COTAS;446007.651126000000000;
202501;936;1990001483;COTAS;5948119.075490000000000;
202501;792;1988000718;COTAS;587395.178614000000000;
202501;936;1998003256;COTAS;1176061.700800000000000;
202501;792;1988000718;COTAS;348733.689600000000000;
202501;936;1998003256;COTAS;398615.800000000000000;
202501;792;1988000718;COTAS;11662906.419045000000000;29983445000110
202501;792;1998000818;COTAS;52647.095198000000000;
202501;936;1990001483;COTAS;9114478.181200000000000;
202501;792;1998000974;COTAS;27994.600672000000000;
202501;936;1998003256;COTAS;985044.919248000000000;
202501;936;1998003256;COTAS;9858708.084849000000000;
202501;936;1990001483;IMOVEIS;28822207.000000000000000;
202501;792;1999002865;COTAS;2017249.136666000000000;
202501;936;1998003256;COTAS;6964441.265475000000000;
202501;792;1999002865;COTAS;1246036.047201000000000;
202501;792;1999002865;COTAS;26377457.757816000000000;29983445000110
202501;792;1999002938;COTAS;19438538.211783000000000;
202501;792;1999002938;COTAS;17197290.328473000000000;
202501;792;1999002938;COTAS;16882733.300326000000000;
202501;792;1999002938;COTAS;17361546.516606000000000;
202501;792;1999002938;COTAS;21654096.598018000000000;
202501;792;1999002938;OPERACAO_PARTICIPANTE;68444762.032985834400000;
202501;792;1999003047;COTAS;342666.316157000000000;
202501;792;1999003047;COTAS;3839099.099761000000000;18959722000133
202501;936;1998003256;TIT_PUB;27071225.290000000000000;
202501;802;1977000118;TIT_PRIV;68776962.500000000000000;
202501;802;2003001956;CAIXA;33013.720000000000000;
202501;713;2011000556;COTAS;125236052.615990000000000;41266112000176
202501;936;2010002156;COTAS;14308610.903032000000000;
202501;936;2010002156;COTAS;10520727.194563000000000;
202501;802;9970000000;COTAS;706009.320526000000000;
202501;727;1971000256;COTAS;29551849.271088000000000;
202501;936;2010002156;COTAS;100569707.538428000000000;
202501;941;1980001618;COTAS;148461.500655000000000;
202501;731;1982002956;CAIXA;5782986.030000000000000;
202501;941;1980001618;COTAS;627108.241821000000000;
202501;941;1998007774;COTAS;18549480.036457000000000;
202501;744;1986000729;CAIXA;215994.550000000000000;
202501;775;9970000000;CAIXA;0.000000000000000;
202501;775;9970000000;COTAS;5781.726232000000000;
202501;941;1998007774;COTAS;65083645.723775000000000;
202501;792;1998000974;COTAS;4528543.660214000000000;
202501;941;2023000165;COTAS;29211953.008664000000000;49684938000167
202501;802;9970000000;VL_PG_RC;0.000000000000000;
202501;941;2023000165;VL_PG_RC;1303.750000000000000;
202501;941;9970000000;CAIXA;2671622.240000000000000;
202501;821;1988000238;CAIXA;77021.360000000000000;
202501;941;9970000000;COTAS;1197327.087940000000000;
202501;953;1976000165;COTAS;14607559.210002000000000;
202501;953;1976000238;CAIXA;18408.640000000000000;
202501;821;1988000238;COTAS;3070378.591140000000000;
202501;821;1988000238;COTAS;762596.811399000000000;
202501;821;1988000238;COTAS;741080.838651000000000;
202501;792;1998000974;COTAS;45584.230007000000000;
202501;864;2022000692;CAIXA;35427.670000000000000;
202501;792;1998000974;COTAS;65031.770149000000000;
202501;864;2023000483;COTAS;102224.660791000000000;
202501;967;1991001029;COTAS;5464463640.927392000000000;04519681000150
202501;792;1998000974;COTAS;78386.215350000000000;
202501;967;1991001029;TIT_PRIV;60860743.550000000000000;
202501;967;2000000819;COTAS;7845074.055302000000000;10462501000143
202501;864;2023000483;VL_PG_RC;-3.360000000000000;
202501;967;2000000983;COTAS;85711.811072000000000;
202501;792;1998000974;COTAS;84562.699598000000000;
202501;881;1979000247;COTAS;20285869.314116000000000;
202501;881;1979000247;TIT_PRIV;4566618.500000000000000;
202501;792;1999002865;COTAS;13593572.263989000000000;
202501;967;2000001947;COTAS;100199.441825000000000;
202501;967;2000001947;COTAS;355877421.674866000000000;05113533000101
202501;967;2002003947;CAIXA;685.200000000000000;
202501;881;1994000929;ACOES;2232319.700000000000000;
202501;967;2002003947;COTAS;197062815.942198000000000;10462501000143
202501;881;1994000929;COTAS;1697411.646774000000000;
202501;967;2013001592;COTAS;3690000.000000000000000;
202501;881;1994000929;VL_PG_RC;371281.510000000000000;
202501;792;1999002865;COTAS;29477469.229372000000000;
202501;967;2013001592;COTAS;57233972.000000000000000;36521658000196
202501;881;1999004256;COTAS;86681.976540000000000;
202501;881;1999004256;TIT_PRIV;3112036.690000000000000;
202501;881;2000003656;CAIXA;121029.660000000000000;
202501;967;4009670029;COTAS;2517989786.430275000000000;21596134000197
202501;881;2000003656;IMOVEIS;92450906.210000000000000;
202501;792;1999002865;COTAS;2467904.603982000000000;
202501;792;1999002865;COTAS;2340059.076641000000000;
202501;792;1999002865;COTAS;2564606.463197000000000;
202501;967;9970000000;VL_PG_RC;-1730506.250000000000000;
202501;792;1999002938;COTAS;143669873.677106000000000;
202501;971;2000006711;COTAS;68127373.649982000000000;
202501;971;2000006711;COTAS;3807455.897197000000000;
202501;971;2000006711;COTAS;1717819.023500000000000;
202501;881;2000003656;TIT_PUB;907086658.430000000000000;
202501;792;1999002938;COTAS;27109406.122551000000000;
202501;971;2000006711;COTAS;1622813.850156000000000;
202501;881;2000003729;COTAS;2266647.408001000000000;
202501;971;2000006711;COTAS;1360465.188844000000000;
202501;967;1991001029;CAIXA;0.000000000000000;
202501;971;2000006711;COTAS;88998682.500833000000000;50132470000187
202501;655;2007001519;TIT_PUB;17101583888.000000000000000;
202501;792;1999002938;COTAS;18244085.478384000000000;
202501;792;1999002938;COTAS;23035711.134572000000000;
202501;792;1999002938;VL_PG_RC;-1454413.440000000000000;
202501;792;1999003047;COTAS;1112580.893622000000000;
202501;792;1999003047;COTAS;603348.782866000000000;
202501;792;1999003047;COTAS;8290900.949740000000000;44432479000100
202501;967;1991001029;COTAS;657510.102138000000000;
202501;792;1999003047;IMOVEIS;574657.250000000000000;
202501;792;1999003047;OPERACAO_PARTICIPANTE;4114460.880000000000000;
202501;967;1991001029;IMOVEIS;352956751.490000000000000;
202501;967;2000000819;COTAS;313605.479541000000000;
202501;967;2000000983;COTAS;2821.912193000000000;
202501;967;2000000983;COTAS;12158493.978232000000000;05113533000101
202501;967;2000000983;COTAS;924460.754059000000000;10462501000143
202501;792;1999003047;TIT_PUB;12889344.050000000000000;
202501;967;2000004318;COTAS;135282840.225952000000000;05091139000101
202501;967;2002003947;COTAS;4987173.724091000000000;
202501;967;2013001592;CAIXA;0.000000000000000;
202501;967;2013001592;COTAS;20473858.366958000000000;10462501000143
202501;967;2013001592;OPERACAO_PARTICIPANTE;9148568.691256537400000;
202501;936;1990001483;TIT_PUB;2482156227.370000000000000;
202501;967;4009670029;CAIXA;0.000000000000000;
202501;792;9970000000;IMOVEIS;813485.920000000000000;
202501;792;9970000000;TIT_PUB;7025288.330000000000000;
202501;802;2003001956;COTAS;9085933.159970000000000;
202501;881;2000003729;COTAS;7645596.010322000000000;
202501;971;2000006711;OPERACAO_PARTICIPANTE;9418145.500000000000000;
202501;967;4009670029;COTAS;134179635.807910000000000;10462501000143
202501;936;1998003256;COTAS;11490.212544000000000;
202501;936;1998003256;COTAS;38700.338372000000000;
202501;967;9970000000;CAIXA;0.000000000000000;
202501;936;1998003256;COTAS;226038.690006000000000;
202501;984;1981000992;COTAS;6538934.081348000000000;
202501;967;9970000000;COTAS;176541508.445994000000000;10462501000143
202501;936;1998003256;COTAS;707790.995733000000000;
202501;967;9970000000;IMOVEIS;43195125.020000000000000;
202501;655;2008002756;CAIXA;89.180000000000000;
202501;802;2003001956;TIT_PUB;142589939.920000000000000;
202501;936;1998003256;COTAS;2437153.136559000000000;
202501;971;2000006711;COTAS;95299290.708639000000000;
202501;802;9970000000;COTAS;1225789.440360000000000;
202501;971;2000006711;COTAS;8509201.382051000000000;
202501;655;2007001519;COTAS;2030089.734121000000000;20815620000196
202501;936;1998003256;OPERACAO_PARTICIPANTE;2531254.900032093800000;
202501;802;9970000000;COTAS;727781.248289000000000;
202501;984;1990001629;COTAS;93364.178572000000000;
202501;821;1988000238;COTAS;67738.976070000000000;
202501;984;1990001629;COTAS;75453.187994000000000;
202501;655;2008002756;COTAS;6990334.361008000000000;33255042000122
202501;821;1988000238;COTAS;1475034.281805000000000;
202501;821;9970000000;COTAS;870137.356373000000000;
202501;655;2010000447;COTAS;352311.394703000000000;41756323000197
202501;655;2007001519;COTAS;59779801.791477000000000;36617506000191
202501;936;2010002156;COTAS;1672.758349000000000;
202501;936;2010002156;COTAS;122564123.995252000000000;
202501;655;2010000447;COTAS;506439.265516000000000;41902409000180
202501;936;2022002792;VL_PG_RC;-42.760000000000000;
202501;864;1971000183;TIT_PRIV;82998082.080000000000000;
202501;941;1980001618;COTAS;4384962.297988000000000;
202501;655;2010001583;COTAS;1568045.713673000000000;34791568000190
202501;941;1980001618;COTAS;35045040.005110000000000;
202501;864;2002000311;VL_PG_RC;-6.850000000000000;
202501;655;2010001583;VL_PG_RC;0.000000000000000;
202501;655;2007001519;IMOVEIS;217583318.460000000000000;
202501;971;2000006711;COTAS;2962039.152528000000000;
202501;864;9970000000;COTAS;115995257.657060000000000;09564251000173
202501;881;2000003729;TIT_PRIV;779494.070000000000000;
202501;984;1994002883;COTAS;259471.413155000000000;
202501;984;1994002883;COTAS;151529.975324000000000;
202501;984;2000007783;COTAS;545562.467680000000000;
202501;881;2000003729;VL_PG_RC;1320727.780000000000000;
202501;971;2000006711;COTAS;3161277.936033000000000;
202501;881;2000003974;ACOES;860.790000000000000;
202501;971;2000006711;COTAS;13755516.190034000000000;
202501;881;2000003974;COTAS;2923.865851000000000;
202501;881;2002001065;COTAS;15432.206639000000000;
202501;971;2000006711;COTAS;2860608.696795000000000;
202501;881;2002001065;COTAS;5846551.817261000000000;
202501;984;2000007783;COTAS;15637985.574349000000000;
202501;971;2000006711;COTAS;10810863.723716000000000;
202501;881;2002001065;TIT_PRIV;554029.940000000000000;
202501;971;2000006711;COTAS;2115488.800882000000000;
202501;881;9970000000;COTAS;-160523.071551000000000;
202501;881;9970000000;COTAS;56365.359085000000000;
202501;984;2000007783;COTAS;440901.725586000000000;
202501;984;2005001538;COTAS;2760037.206066000000000;
202501;984;2005001538;COTAS;1031686.886074000000000;
202501;881;9970000000;COTAS;24083674.254480000000000;
202501;984;2005001538;COTAS;2018134.347929000000000;
202501;878;1999003918;COTAS;11557872.157714000000000;
202501;971;2000006711;TIT_PRIV;18521465.700000000000000;
202501;984;1981000992;COTAS;3038609.936686000000000;
202501;895;1985000792;OPERACAO_PARTICIPANTE;25365645.689862579000000;
202501;984;1981000992;COTAS;711082.305412000000000;
202501;984;1981000992;COTAS;536901.096222000000000;
202501;895;1985000792;TIT_PRIV;147481555.200000000000000;
202501;984;1981000992;COTAS;537349.875839000000000;
202501;895;2000002511;TIT_PRIV;40385524.260000000000000;
202501;984;1981000992;IMOVEIS;1387000.000000000000000;
202501;895;2012001718;CAIXA;309.860000000000000;
202501;878;1999003918;COTAS;5685697.280578000000000;
202501;895;2017000183;VL_PG_RC;-12435.910000000000000;
202501;895;9970000000;CAIXA;2535.170000000000000;
202501;895;9970000000;COTAS;100994.782000000000000;58528785000150
202501;878;1999003918;COTAS;81419110.280837000000000;
202501;922;2013000847;CAIXA;2143.180000000000000;
202501;984;2005001538;VL_PG_RC;364606.210000000000000;
202501;878;1999003918;VL_PG_RC;-109758.640000000000000;
202501;655;2007001519;TIT_PRIV;144877742.020000000000000;
202501;984;2017001211;CAIXA;47874.630000000000000;
202501;922;2013000847;OPERACAO_PARTICIPANTE;1323471.130000000000000;
202501;881;1979000247;CAIXA;163828.640000000000000;
202501;922;2017001392;COTAS;20428720.063489000000000;
202501;881;1994000929;COTAS;-6247.770251000000000;
202501;922;2017001392;COTAS;217412.035073000000000;
202501;984;2017001211;COTAS;15455478.551046000000000;
202501;881;1994000929;COTAS;-201375.765286000000000;
202501;936;1998003256;COTAS;91447.898602000000000;
202501;941;1998007774;IMOVEIS;21184361.600000000000000;
202501;984;2017001211;COTAS;3731567.160852000000000;
202501;936;1998003256;COTAS;627110.601045000000000;
202501;984;2017001211;OPERACAO_PARTICIPANTE;4179866.800000000000000;
202501;936;1998003256;COTAS;3293910.987188000000000;
202501;984;9970000000;COTAS;328711.548543000000000;
202501;936;2010002156;COTAS;3027368.649969000000000;
202501;998;1988001129;COTAS;3790077661.273370000000000;05681154000100
202501;655;2008002756;COTAS;123116.106645000000000;41128068000138
202501;1033;1975000218;CAIXA;6192547.230000000000000;
202501;984;1990001629;COTAS;129012.401626000000000;
202501;936;2010002156;COTAS;4874184.700000000000000;
202501;881;1994000929;IMOVEIS;23213262.050000000000000;
202501;1033;1975000218;COTAS;37646.032688000000000;
202501;984;1990001629;COTAS;230417.045555000000000;
202501;936;2010002156;COTAS;18680054.348490000000000;
202501;881;1999004256;COTAS;33161.075018000000000;
202501;984;1990001629;COTAS;374485.390807000000000;
202501;941;1980001618;COTAS;306597.084470000000000;
202501;881;1999004256;COTAS;1954113.209480000000000;
202501;984;1990001629;COTAS;112858.151204000000000;
202501;967;1991001029;COTAS;2735638.500000000000000;
202501;967;2000000983;VL_PG_RC;-646.500000000000000;
202501;984;1994002883;COTAS;297805.578687000000000;
202501;655;2010004019;COTAS;1159747.166413000000000;29045373000160
202501;881;1999004256;COTAS;3141700.776851000000000;
202501;1033;1975000218;OPERACAO_PARTICIPANTE;5494160.292319310400000;
202501;967;2000001947;TIT_PRIV;1976783.360000000000000;
202501;655;2010004019;COTAS;2093659.371940000000000;36615983000118
202501;655;2008002756;COTAS;194644.403535000000000;41902409000180
202501;1033;1979003556;COTAS;103087085.626112000000000;
202501;1033;1979003556;VL_PG_RC;-67697.630000000000000;
202501;967;2002003947;COTAS;860484205.130018000000000;05113533000101
202501;967;2002003947;OPERACAO_PARTICIPANTE;2361339.976425798500000;
202501;881;1999004256;OPERACAO_PARTICIPANTE;0.000000000000000;
202501;967;2013001592;COTAS;169370778.537663000000000;05091139000101
202501;967;4009670029;COTAS;513952.443120000000000;
202501;1033;1996003674;CAIXA;732976.210000000000000;
202501;1033;1996003674;COTAS;3953057.752117000000000;
202501;881;2000003656;COTAS;13201304.513492000000000;
202501;1033;2000007538;COTAS;2366028.000000000000000;
202501;881;2000003729;IMOVEIS;12061007.330000000000000;
202501;941;1980001618;COTAS;2327848427.922924000000000;
202501;881;2000003974;COTAS;-3610.590684000000000;
202501;1033;2000007538;TIT_PRIV;211826256.070000000000000;
202501;881;2000003974;COTAS;7530.413399000000000;
202501;1051;1991001411;COTAS;26022970.248164000000000;
202501;1051;1991001411;COTAS;39089364.972751000000000;
202501;1078;1984000918;COTAS;12842537.380284000000000;
202501;941;1998007774;COTAS;308679.303461000000000;
202501;881;2000003974;COTAS;-116375.198352000000000;
202501;881;2002001065;COTAS;5903.748186000000000;
202501;881;2002001065;COTAS;347895.607026000000000;
202501;881;2002001065;COTAS;57097.499675000000000;
202501;941;1998007774;COTAS;22520327.835314000000000;
202501;1078;1984000918;COTAS;6123677.417950000000000;
202501;941;1998007774;COTAS;97128123.400822000000000;
202501;1078;1984000918;COTAS;11353772.532882000000000;
202501;941;1998007774;COTAS;46015607.352335000000000;
202501;1078;1984000918;COTAS;51070282.691709000000000;37967685000150
202501;881;2002001065;OPERACAO_PARTICIPANTE;0.000000000000000;
202501;941;1998007774;COTAS;3609662224.760974000000000;04822739000130
202501;881;2008001619;COTAS;125476.460098000000000;
202501;967;4009670029;VL_PG_RC;-242554.680000000000000;
202501;941;9970000000;COTAS;2884580.795805000000000;
202501;881;2008001619;COTAS;343852.034755000000000;
202501;941;9970000000;VL_PG_RC;-237590.100000000000000;
202501;881;9970000000;VL_PG_RC;2398579.030000000000000;
202501;655;2010004019;COTAS;2657255.506695000000000;39997959000189
202501;953;1976000165;VL_PG_RC;-62872.290000000000000;
202501;971;2000006711;CAIXA;27310267.220000000000000;
202501;1078;9970000000;VL_PG_RC;-2411.210000000000000;
202501;967;2000000819;VL_PG_RC;11148.370000000000000;
202501;655;2009000692;VL_PG_RC;0.000000000000000;
202501;655;2010000447;COTAS;2932659.400590000000000;52026196000197
202501;655;2010001583;COTAS;3825330.498636000000000;
202501;895;2000002511;CAIXA;2291.450000000000000;
202501;655;2010001583;COTAS;35141.368503000000000;41128068000138
202501;967;2000004318;TIT_PRIV;3419855.740000000000000;
202501;895;2000002511;COTAS;1989388.386659000000000;
202501;984;1994002883;COTAS;566313.261781000000000;
202501;895;2012001718;COTAS;267477.725032000000000;
202501;971;2000006711;COTAS;452429.273014000000000;
202501;967;2002003947;VL_PG_RC;-12268.650000000000000;
202501;1081;1979004374;COTAS;838722.964710000000000;
202501;967;4009670029;COTAS;2514235362.979717000000000;04437639000190
202501;971;2000006711;COTAS;7244427.384037000000000;
202501;1081;1979004374;COTAS;3911412.194984000000000;
202501;655;2010001583;COTAS;55557.883320000000000;41902409000180
202501;971;2000006711;COTAS;8280699.420679000000000;
202501;984;1994002883;COTAS;786750.269369000000000;
202501;655;2018000292;COTAS;27980668.757514000000000;21397791000105
202501;655;2018000292;COTAS;154426711.190430000000000;32862087000100
202501;984;2000007783;COTAS;1348153.517334000000000;
202501;655;2018000292;COTAS;1406111523.252514000000000;34791568000190
202501;984;2000007783;COTAS;753868.617223000000000;
202501;895;2012001718;TIT_PUB;54254975.910000000000000;
202501;984;2000007783;COTAS;1346414.587495000000000;
202501;971;2000006711;COTAS;8078603.871549000000000;
202501;1081;1979004374;COTAS;49029532.814677000000000;
202501;984;2000007783;COTAS;2188260.819747000000000;
202501;895;2014002118;COTAS;497347.096665000000000;
202501;971;2000006711;COTAS;8613777.531495000000000;
202501;971;2000006711;COTAS;7418091.417993000000000;
202501;237;9970000000;COTAS;1970268.017107000000000;
202501;984;2005001538;COTAS;921248.097442000000000;
202501;971;2000006711;COTAS;2757767.815873000000000;
202501;984;1981000992;COTAS;5984336.434042000000000;
202501;984;2005001538;COTAS;2005057.572304000000000;
202501;237;9970000000;COTAS;230981.302000000000000;47228177000103
202501;984;2005001538;COTAS;763053.900006000000000;
202501;895;2017000183;OPERACAO_PARTICIPANTE;439401.939999882000000;
202501;984;1981000992;COTAS;836013.921640000000000;
202501;237;9970000000;VL_PG_RC;-7224.470000000000000;
202501;984;1985001365;VL_PG_RC;-71714.530000000000000;
202501;241;2010003683;COTAS;100647754.016594000000000;
202501;241;9970000000;COTAS;731196.097371000000000;
202501;984;1990001629;CAIXA;2853.520000000000000;
202501;984;1990001629;COTAS;921210.632244000000000;
202501;984;2005001538;COTAS;538004.166931000000000;
202501;984;2017001211;COTAS;2164486.965697000000000;
202501;971;2000006711;VL_PG_RC;3421518.420000000000000;
202501;984;1990001629;COTAS;229762.420272000000000;
202501;984;2017001211;COTAS;3865788.757407000000000;
202501;984;2017001211;COTAS;6282874.646381000000000;
202501;971;9970000000;CAIXA;90287.630000000000000;
202501;984;1981000992;COTAS;600929.053032000000000;
202501;984;9970000000;COTAS;73926.575166000000000;
202501;984;1990001629;COTAS;222416.881651000000000;
202501;998;1988001129;COTAS;851661.440000000000000;
202501;984;1994002883;CAIXA;1702.260000000000000;
202501;984;1985001365;COTAS;67592441.240634000000000;
202501;998;1988001129;TIT_PRIV;5493263.360000000000000;
202501;984;1990001629;COTAS;1151121.001569000000000;
202501;655;2010004019;COTAS;165905.261509000000000;41902409000180
202501;998;1998006638;COTAS;1038763590.200997000000000;04701088000120
202501;984;1990001629;COTAS;231270.829951000000000;
202501;984;1990001629;VL_PG_RC;28657.730000000000000;
202501;998;1998006638;COTAS;3017802186.505138000000000;05808851000189
202501;984;1994002883;COTAS;2829200.464275000000000;
202501;998;1998006638;COTAS;235578557.101588000000000;09075867000180
202501;895;2017000183;TIT_PUB;32250035.160000000000000;
202501;895;2020001829;CAIXA;468.500000000000000;
202501;919;1980000719;CAIXA;7946.190000000000000;
202501;919;1980000719;COTAS;125053386.086940000000000;14172036000167
202501;984;1994002883;COTAS;777370.131002000000000;
202501;919;9970000000;CAIXA;74942.500000000000000;
202501;984;1994002883;COTAS;290576.724118000000000;
202501;922;1981001018;COTAS;23914657.446915000000000;
202501;922;1981001018;TIT_PRIV;3582326.660000000000000;
202501;922;2013000847;COTAS;28323463.892886000000000;
202501;984;1994002883;COTAS;2264126.719531000000000;
202501;984;1994002883;COTAS;564728.571146000000000;
202501;984;1994002883;COTAS;548412.780590000000000;
202501;984;1994002883;COTAS;568411.671763000000000;
202501;922;2013000847;TIT_PUB;271343221.830000000000000;
202501;922;2017001392;TIT_PRIV;1432930.670000000000000;
202501;936;1990001483;COTAS;14643451.900000000000000;
202501;984;1994002883;VL_PG_RC;92361.970000000000000;
202501;936;1990001483;COTAS;3502510.178134000000000;
202501;984;2000007783;COTAS;1351403.575029000000000;
202501;936;1998003256;COTAS;111071.016952000000000;
202501;936;1998003256;COTAS;93440.726872000000000;
202501;984;2005001538;CAIXA;6043.880000000000000;
202501;936;1998003256;COTAS;1167503.374108000000000;
202501;936;1998003256;COTAS;275668.883026000000000;
202501;936;1998003256;COTAS;344595.058028000000000;
202501;936;1998003256;VL_PG_RC;-10149.790000000000000;
202501;984;2005001538;COTAS;8038736.936159000000000;
202501;984;2005001538;COTAS;1947128.682158000000000;
202501;936;2010002156;CAIXA;132622.900000000000000;
202501;984;2017001211;COTAS;3880113.002041000000000;
202501;936;2010002156;COTAS;40131711.633652000000000;
202501;984;9970000000;COTAS;97909.801014000000000;
202501;936;2010002156;COTAS;73202386.684696000000000;
202501;984;9970000000;COTAS;73988.368192000000000;
202501;936;2010002156;COTAS;30113086.509958000000000;
202501;984;9970000000;COTAS;42577.229677000000000;
202501;984;9970000000;COTAS;115111.789588000000000;
202501;984;9970000000;VL_PG_RC;-4374.090000000000000;
202501;941;1980001618;CAIXA;16518.650000000000000;
202501;941;1980001618;COTAS;17953812.795682000000000;04644612000178
202501;984;2000007783;CAIXA;16674.240000000000000;
202501;984;2000007783;COTAS;5382984.711192000000000;
202501;984;2000007783;COTAS;1342589.362636000000000;
202501;984;2000007783;COTAS;1299666.581611000000000;
202501;998;1988001129;COTAS;336547.842674000000000;
202501;984;2000007783;OPERACAO_PARTICIPANTE;591011.610000000000000;
202501;984;2005001538;COTAS;10045020.040551000000000;
202501;984;2005001538;COTAS;1057352.790627000000000;
202501;998;1988001129;OPERACAO_PARTICIPANTE;11864590.828813540900000;
202501;984;2005001538;COTAS;2010683.984986000000000;
202501;1081;1979004374;IMOVEIS;2635272.890000000000000;
202501;655;2010004019;COTAS;960969.160032000000000;52026196000197
202501;1033;1979003556;COTAS;23923526.397865000000000;
202501;998;1998006638;CAIXA;326937.900000000000000;
202501;984;2017001211;COTAS;1566404.043458000000000;
202501;1033;1979003556;COTAS;407218590.920540000000000;18000701000196
202501;984;2017001211;COTAS;1265904.981812000000000;
202501;1033;1975000218;TIT_PRIV;91625612.310000000000000;
202501;655;2018000292;ACOES;836696717.260000000000000;
202501;1033;1979003556;CAIXA;14714.680000000000000;
202501;1033;1979003556;COTAS;37422623.535780000000000;
202501;1033;1979003556;COTAS;73533842.998254000000000;
202501;655;2018000292;COTAS;2482362.913520000000000;
202501;1033;1979003556;OPERACAO_PARTICIPANTE;10140077.568252306000000;
202501;1033;1996003674;COTAS;2191855.000000000000000;
202501;655;2018000292;COTAS;11050597.276598000000000;21397715000108
202501;1033;1996003674;COTAS;51543538.978003000000000;
202501;655;2018000292;COTAS;2968182.608153000000000;23884789000196
202501;1033;2000007538;COTAS;1025661.100000000000000;
202501;984;9970000000;COTAS;900353.911103000000000;
202501;655;2018000292;COTAS;34694949.839287000000000;05117292000160
202501;1033;2000007538;COTAS;2957127.499546000000000;
202501;984;9970000000;COTAS;21888.086559000000000;
202501;655;2018000292;COTAS;415736.991280000000000;10430028000112
202501;1033;2000007538;COTAS;23400.939789000000000;
202501;998;1988001129;COTAS;252352.842000000000000;
202501;998;1988001129;IMOVEIS;249325437.110000000000000;
202501;655;2018000292;COTAS;8775465.560710000000000;11965107000190
202501;1033;9970000000;VL_PG_RC;0.090000000000000;
202501;655;2018000292;TIT_PUB;33995184214.010000000000000;
202501;655;2018000292;COTAS;4028180.291771000000000;21397837000196
202501;998;1998006638;VL_PG_RC;-763219.840000000000000;
202501;1081;1979004447;IMOVEIS;11850741.230000000000000;
202501;1081;1979004692;COTAS;687572.712532000000000;
202501;1033;1979003556;ACOES;185557105.280000000000000;
202501;1051;1991001411;TIT_PRIV;3336799.790000000000000;
202501;1081;1979004692;COTAS;3781695.523232000000000;
202501;1081;1979004692;COTAS;36916894.213687000000000;
202501;1051;9970000000;CAIXA;1001.830000000000000;
202501;1078;1984000918;COTAS;15106491.965601000000000;
202501;1078;1984000918;COTAS;11741587.970650000000000;
202501;1078;1984000918;COTAS;7302766.403155000000000;
202501;1081;1979004374;COTAS;24574937.889319000000000;
202501;1081;1979004447;COTAS;13045.327304000000000;
202501;1081;1979004447;COTAS;6117600.833578000000000;
202501;1081;1979004692;TIT_PRIV;7833626.720000000000000;
202501;1081;2003001311;CAIXA;23395.250000000000000;
202501;655;2019003783;OPERACAO_PARTICIPANTE;48810685.810117425700000;
202501;1033;1979003556;TIT_PUB;3777431287.290000000000000;
202501;1081;1979004692;VL_PG_RC;-3073219.150000000000000;
202501;1081;2003001311;COTAS;197.522937000000000;
202501;655;2021000011;COTAS;-158239.687815000000000;
202501;1081;2003001311;COTAS;176171.905153000000000;
202501;1033;1996003674;VL_PG_RC;-444973.020000000000000;
202501;1033;1979003556;COTAS;6837376.400000000000000;
202501;1033;1996003674;COTAS;2051253.900000000000000;
202501;1081;2003001311;IMOVEIS;179434.960000000000000;
202501;1081;2003001311;COTAS;4163609.909261000000000;
202501;1033;1996003674;COTAS;426108.979713000000000;
202501;1081;2005000329;COTAS;17212.495193000000000;
202501;1033;1996003674;COTAS;111500.442746000000000;
202501;1081;2005000329;COTAS;390127.431507000000000;
202501;1033;2000007538;COTAS;111741.580471000000000;
202501;1033;2000007538;COTAS;70171.398197000000000;
202501;1081;2003001311;TIT_PRIV;2571009.430000000000000;
202501;1033;9970000000;COTAS;86702662.847418000000000;18000701000196
202501;1081;2005000329;COTAS;25819.689838000000000;
202501;1051;9970000000;VL_PG_RC;0.000000000000000;
202501;1078;1984000918;VL_PG_RC;-11600.650000000000000;
202501;1081;2005000329;VL_PG_RC;-23149.240000000000000;
202501;1081;2006000365;TIT_PRIV;25063.010000000000000;
202501;1081;2006000365;IMOVEIS;1155000.000000000000000;
202501;1081;2010004256;CAIXA;157383.510000000000000;
202501;1081;2015000992;COTAS;12302.035604000000000;
202501;1081;2016002247;CAIXA;7027.100000000000000;
202501;1081;2016002311;COTAS;1836997.515206000000000;
202501;1081;2010004256;ACOES;2957071.710000000000000;
202501;1081;2010004256;COTAS;384455.286121000000000;
202501;1081;9970000000;TIT_PRIV;4239187.660000000000000;
202501;941;1980001618;COTAS;31092205.520617000000000;
202501;1105;1974000419;COTAS;6160475.949406000000000;
202501;1105;1974000419;COTAS;480622.362830000000000;
202501;1081;2010004256;VL_PG_RC;-153571.860000000000000;
202501;1081;2015000992;COTAS;2960630.338228000000000;
202501;941;1980001618;COTAS;34744456.173462000000000;
202501;1081;2016002247;COTAS;13407.000000000000000;
202501;1081;2016002247;COTAS;166819.390908000000000;
202501;1081;2016002311;COTAS;17343.000000000000000;
202501;941;1998007774;CAIXA;8071.010000000000000;
202501;1105;1974000419;VL_PG_RC;4066341.960000000000000;
202501;1105;1997003147;COTAS;8201487.929894000000000;
202501;1105;1997003147;COTAS;5399.588119000000000;
202501;941;1998007774;COTAS;905201.890087000000000;
202501;1081;1979004374;CAIXA;309731.070000000000000;
202501;655;2021000011;COTAS;14861680.000000000000000;
202501;1105;1997003147;COTAS;7515412.053912000000000;
202501;655;2021000011;COTAS;372055.996290000000000;
202501;941;1998007774;COTAS;119661887.825691000000000;
202501;655;2021000011;COTAS;669593810.855833000000000;34791568000190
202501;1033;2000007538;COTAS;6940.064138000000000;
202501;1105;1997003147;COTAS;130615888.250000000000000;
202501;1081;1979004374;COTAS;-140.934015000000000;
202501;655;2021003183;ACOES;6408019.340000000000000;
202501;941;1998007774;COTAS;56517680.426127000000000;
202501;1105;1997003147;COTAS;1253943.222218000000000;
202501;655;2021003183;COTAS;179575.020256000000000;
202501;1081;1979004447;COTAS;-73616.780709000000000;
202501;941;1998007774;COTAS;36711289.305865000000000;
202501;1105;1997003147;COTAS;36616340.415768000000000;
202501;1033;2000007538;COTAS;8855031.335580000000000;
202501;1081;1979004447;COTAS;3771710.646634000000000;
202501;941;1998007774;COTAS;1074377744.808962000000000;58443848000175
202501;655;2021003183;COTAS;-877.840565000000000;
202501;941;2023000165;CAIXA;1269.000000000000000;
202501;655;2021003183;COTAS;1115.210571000000000;
202501;953;9970000000;COTAS;364728.860000000000000;
202501;655;2021003183;COTAS;34888869.424374000000000;
202501;1033;2000007538;COTAS;627181.733692000000000;
202501;953;9970000000;VL_PG_RC;0.000000000000000;
202501;655;2021003183;COTAS;2032161.955874000000000;41128068000138
202501;1051;1991001411;COTAS;72163485.000000000000000;
202501;1105;1997003147;COTAS;23443657.841851000000000;56705255000104
202501;655;2021003183;COTAS;4765367.609945000000000;41756323000197
202501;655;2021003183;COTAS;6791397.257401000000000;41902409000180
202501;1081;1979004447;OPERACAO_PARTICIPANTE;44687740.174848000000000;
202501;967;1991001029;COTAS;5305566105.228855000000000;21082121000108
202501;967;1991001029;OPERACAO_PARTICIPANTE;77476206.261534499200000;
202501;1105;2010001265;VL_PG_RC;808290.080000000000000;
202501;1081;1979004692;CAIXA;281950.880000000000000;
202501;1051;1991001411;COTAS;25871377.903527000000000;
202501;1081;1979004692;COTAS;-115.503074000000000;
202501;655;2021003183;TIT_PRIV;3739955.180000000000000;
202501;1105;9970000000;CAIXA;4904.240000000000000;
202501;655;9970000000;COTAS;77778.986611000000000;
202501;1051;1991001411;COTAS;17970568.536046000000000;
202501;1105;9970000000;COTAS;6139878.711725000000000;48966312000180
202501;655;9970000000;COTAS;0.000005000000000;
202501;1105;1997003147;COTAS;508053928.188812000000000;
202501;655;9970000000;COTAS;349857516.483247000000000;32862087000100
202501;967;2000000819;COTAS;10322.614807000000000;
202501;1081;2002001456;ACOES;8611727.160000000000000;
202501;1051;1991001411;OPERACAO_PARTICIPANTE;106077790.680000000000000;
202501;655;9970000000;COTAS;6897117.593539000000000;46502938000100
202501;1081;2002001456;COTAS;9880664.602358000000000;
202501;1078;1984000918;CAIXA;33201620.340000000000000;
202501;1105;9970000000;VL_PG_RC;0.000000000000000;
202501;655;9970000000;COTAS;5681461.050000000000000;50006439000108
202501;967;2000001947;COTAS;2978608.706736000000000;
202501;1136;1998005992;COTAS;5788103.750282000000000;17804124000122
202501;655;9970000000;COTAS;5702547.600000000000000;50069605000107
202501;967;2000001947;OPERACAO_PARTICIPANTE;425464.401002004000000;
202501;1136;1998006018;COTAS;12640610.358568000000000;17804124000122
202501;655;9970000000;IMOVEIS;12009000.000000000000000;
202501;967;2000004318;CAIXA;267.350000000000000;
202501;1171;9970000000;COTAS;181470.145910000000000;
202501;1078;1984000918;COTAS;17790039.256586000000000;
202501;967;2000004318;COTAS;171586.866758000000000;
202501;1171;2000008429;COTAS;483205.409098000000000;
202501;1078;1984000918;COTAS;11956613.193971000000000;
202501;1171;2000008429;COTAS;1892219.323069000000000;
202501;967;2000004318;COTAS;69555097.353211000000000;10462501000143
202501;1171;9970000000;COTAS;62940.863270000000000;
202501;1078;1984000918;COTAS;125269730.810090000000000;
202501;686;1978000529;COTAS;30490058.250000000000000;
202501;1184;1979005583;VL_PG_RC;0.000000000000000;
202501;1081;1979004374;COTAS;2314345.567460000000000;
202501;686;2022000765;COTAS;149367.858723000000000;
202501;1171;9970000000;COTAS;2021292.440571000000000;
202501;1081;1979004374;VL_PG_RC;-3435613.580000000000000;
202501;1171;9970000000;COTAS;2037388.015033000000000;
202501;686;2022000765;TIT_PUB;103254975.110000000000000;
202501;1171;9970000000;COTAS;2445479.330087000000000;
202501;1184;2022000218;CAIXA;14427.730000000000000;
202501;1184;1984000111;CAIXA;7387.800000000000000;
202501;1184;2022000218;TIT_PUB;509107.120000000000000;
202501;1198;1998003019;COTAS;9183695.000000000000000;
202501;1081;1979004447;TIT_PRIV;38115505.090000000000000;
202501;1184;9970000000;CAIXA;47650.990000000000000;
202501;686;2022001192;IMOVEIS;9761862.140000000000000;
202501;1198;1998003019;COTAS;2992615.392000000000000;
202501;1081;1979004447;VL_PG_RC;-14886910.650000000000000;
202501;1198;2019001111;COTAS;3240261.363497000000000;
202501;1081;1979004692;COTAS;2378.128100000000000;
202501;1081;1979004692;COTAS;1975275.576962000000000;
202501;686;2022001192;TIT_PUB;13426442.600000000000000;
202501;1081;1979004692;COTAS;2265802.358202000000000;
202501;686;2022001656;COTAS;14802993.279994000000000;
202501;967;2002003947;COTAS;186273.871448000000000;
202501;1198;1998003019;COTAS;3308956.515253000000000;
202501;1198;1998003019;COTAS;64515.930942000000000;
202501;971;2000006711;COTAS;111403.515692000000000;
202501;971;2000006711;TIT_PUB;52666143.790000000000000;
202501;984;1981000992;COTAS;158964.995215000000000;
202501;1081;2002001456;COTAS;164559165.475114000000000;
202501;1198;1998003019;COTAS;801768.137746000000000;
202501;1198;1998003019;COTAS;5017673.540096000000000;
202501;984;1985001365;CAIXA;10191.670000000000000;
202501;1198;1998003019;VL_PG_RC;522363.200000000000000;
202501;984;1985001365;COTAS;49562229.716026000000000;
202501;984;1990001629;COTAS;475876.654770000000000;
202501;984;1990001629;OPERACAO_PARTICIPANTE;655.470000000000000;
202501;1208;1979005265;CAIXA;4216.720000000000000;
202501;984;1994002883;COTAS;1737369.048110000000000;
202501;984;1994002883;COTAS;2097391.582399000000000;
202501;1081;2003001311;COTAS;57108.521281000000000;
202501;984;1994002883;COTAS;567044.670246000000000;
202501;1081;2003001311;COTAS;485641.664702000000000;
202501;1239;1979002738;IMOVEIS;59082326.490000000000000;
202501;1081;2003001311;COTAS;27326966.024603000000000;
202501;1239;1979002819;COTAS;475046.775685000000000;
202501;1081;2005000329;ACOES;99881.490000000000000;
202501;984;2000007783;COTAS;2780728.605710000000000;
202501;984;2005001538;COTAS;21553007.735798000000000;
202501;984;2005001538;COTAS;2010948.882746000000000;
202501;984;2005001538;COTAS;472687.882848000000000;
202501;1081;2005000329;COTAS;22509.025361000000000;
202501;1239;1979002819;OPERACAO_PARTICIPANTE;32918134.313872150000000;
202501;984;2017001211;COTAS;9833842.124796000000000;
202501;1081;2005000329;COTAS;390166.121895000000000;
202501;984;2017001211;COTAS;12782518.902792000000000;
202501;1081;2006000365;OPERACAO_PARTICIPANTE;20355.929374000000000;
202501;984;2017001211;COTAS;3870781.525238000000000;
202501;1081;2010004256;COTAS;14449.103908000000000;
202501;984;9970000000;COTAS;410829.867118000000000;
202501;1239;1979002983;TIT_PRIV;316441.521221000000000;
202501;1081;2010004256;COTAS;1764936.759759000000000;
202501;998;1988001129;ACOES;284020.600000000000000;
202501;1081;2010004256;COTAS;1400069.034032000000000;
202501;998;1988001129;COTAS;9606347.681589000000000;
202501;998;1988001129;VL_PG_RC;36473280.390000000000000;
202501;1239;1979003092;COTAS;47105.975167000000000;
202501;1081;2010004256;COTAS;101968424.850104000000000;
202501;1239;1979003165;ACOES;169264.780000000000000;
202501;686;2022001656;VL_PG_RC;807018.490000000000000;
202501;1239;1979003238;COTAS;6451565633.204302000000000;05754033000140
202501;1081;1979004692;COTAS;24120683.582111000000000;
202501;1081;2010004256;TIT_PUB;48343459.120000000000000;
202501;1208;1995003956;IMOVEIS;187526595.660000000000000;
202501;1239;1979003238;VL_PG_RC;-994427.160000000000000;
202501;1081;2015000992;COTAS;31488.000000000000000;
202501;1239;1982002174;ACOES;36264.980000000000000;
202501;998;1998006638;COTAS;324555781.664746000000000;11462883000178
202501;1081;2015000992;COTAS;14111.439238000000000;
202501;1081;2015000992;COTAS;305154.197133000000000;
202501;1081;2002001456;COTAS;-94417.291201000000000;
202501;1081;2016002311;CAIXA;6826.800000000000000;
202501;1239;1982002174;VL_PG_RC;-207270.130000000000000;
202501;1081;9970000000;COTAS;572705.668323000000000;
202501;1081;2002001456;COTAS;22893694.047258000000000;
202501;1239;1982002247;ACOES;866804.530000000000000;
202501;1033;1979003556;COTAS;7306789.000000000000000;
202501;1081;2002001456;COTAS;27165408.614206000000000;
202501;1239;1995003311;CAIXA;0.000000000000000;
202501;1208;1998001474;CAIXA;2266.310000000000000;
202501;1239;1995003311;COTAS;272323624.735416000000000;
202501;1081;2002001456;OPERACAO_PARTICIPANTE;80760462.428750000000000;
202501;686;2022001729;ACOES;3372256.510000000000000;
202501;1033;1979003556;TIT_PRIV;242060755.700000000000000;
202501;1239;1998007383;OPERACAO_PARTICIPANTE;87988.040000000000000;
202501;1081;9970000000;VL_PG_RC;-1524786.620000000000000;
202501;1105;1974000419;COTAS;109717346.130000000000000;
202501;1239;2018000829;COTAS;25653547.147716000000000;17518976000153
202501;1105;1974000419;COTAS;15860804.987106000000000;
202501;1105;1974000419;COTAS;11318448.200000000000000;56705255000104
202501;1239;2019002965;COTAS;4573247.240362000000000;17518976000153
202501;1239;2019002965;VL_PG_RC;-35.310000000000000;
202501;1239;2021000656;VL_PG_RC;0.000000000000000;
202501;1239;2022001011;VL_PG_RC;2437.650000000000000;
202501;1208;9970000000;ACOES;9331744.710000000000000;
202501;686;2022001729;COTAS;4663887.939997000000000;
202501;1242;1985001519;TIT_PUB;2414132739.450000000000000;
202501;1242;1985001683;COTAS;162967.890000000000000;
202501;1105;1997003147;COTAS;10430111.462052000000000;
202501;1242;1985001683;COTAS;376135.200000000000000;
202501;1105;1997003147;COTAS;1105431.419600000000000;
202501;1242;1985001683;COTAS;581430.660000000000000;
202501;1105;1997003147;VL_PG_RC;9043343.790000000000000;
202501;1242;2021001792;CAIXA;51185.290000000000000;
202501;686;2022001818;VL_PG_RC;249127.680000000000000;
202501;1105;2010001265;COTAS;1113409.577826000000000;
202501;1242;2021001792;COTAS;82518.000000000000000;
202501;1081;2002001456;TIT_PRIV;53986795.160000000000000;
202501;1239;1979002983;COTAS;1770977.924342000000000;
202501;691;1981000429;COTAS;-144610.715320000000000;
202501;1033;2000007538;COTAS;40331485.410978000000000;
202501;1239;1979002983;IMOVEIS;1998323.970000000000000;
202501;254;2020003147;OPERACAO_PARTICIPANTE;143860.060000000000000;
202501;1239;1979002983;OPERACAO_PARTICIPANTE;4733571.682790330000000;
202501;691;1981000429;IMOVEIS;399660680.830000000000000;
202501;1239;1979003319;VL_PG_RC;3795.050000000000000;
202501;1105;2010001265;COTAS;63030.773454000000000;
202501;268;1979003874;COTAS;4667017.428997000000000;
202501;655;2018000292;COTAS;97875982.512000000000000;52026196000197
202501;1239;1982002018;VL_PG_RC;0.000000000000000;
202501;271;1983000256;ACOES;13296705.140000000000000;
202501;271;1983000256;COTAS;122186.500000000000000;
202501;1242;2021001792;COTAS;245903.070000000000000;
202501;271;1983000256;COTAS;1474000.000000000000000;
202501;1242;2021001792;COTAS;203494.080000000000000;
202501;1242;2021001792;COTAS;125933.200000000000000;
202501;1256;2009001265;VL_PG_RC;-3368.200000000000000;
202501;1105;2010001265;COTAS;595707.800000000000000;56705255000104
202501;1256;9970000000;CAIXA;181350.200000000000000;
202501;1261;2005006165;CAIXA;9710.310000000000000;
202501;1261;9970000000;CAIXA;6589.040000000000000;
202501;1105;9970000000;TIT_PUB;2267667.910000000000000;
202501;1081;2002001456;TIT_PUB;1795951237.480000000000000;
202501;1239;1982002174;COTAS;88748.247690000000000;
202501;1273;1985000229;CAIXA;63221.600000000000000;
202501;655;2019003619;CAIXA;3270.080000000000000;
202501;1314;2005000965;CAIXA;340267.110000000000000;
202501;1033;2000007538;COTAS;173336.092054000000000;
202501;655;2019003619;VL_PG_RC;-620470.810000000000000;
202501;1136;1998005992;CAIXA;1640.340000000000000;
202501;1033;2000007538;OPERACAO_PARTICIPANTE;7998611.513970537600000;
202501;1136;9970000000;COTAS;54569993.237074000000000;17804124000122
202501;1359;1991002165;COTAS;4694824.765942000000000;
202501;1051;1991001411;CAIXA;1856.860000000000000;
202501;1171;2000008429;COTAS;2771581.782698000000000;
202501;691;1981000429;OPERACAO_PARTICIPANTE;321546144.566709461400000;
202501;655;2019003783;CAIXA;2545.800000000000000;
202501;691;2002004765;COTAS;13167150.000000000000000;
202501;1078;1984000918;COTAS;12110953.463540000000000;
202501;271;1983000256;COTAS;6223182.283522000000000;
202501;655;2019003783;VL_PG_RC;-32938.240000000000000;
202501;1171;2000008429;TIT_PRIV;83394.600000000000000;
202501;271;1983000256;COTAS;6783416.060338000000000;
202501;1078;9970000000;CAIXA;750181.950000000000000;
202501;1171;9970000000;COTAS;0.005964000000000;
202501;271;1983000256;COTAS;3225189.471478000000000;
202501;271;2008002111;VL_PG_RC;-891.190000000000000;
202501;655;2021000011;COTAS;642125.000000000000000;
202501;1359;1991002238;COTAS;59277656.091600000000000;
202501;271;9970000000;VL_PG_RC;-192.100000000000000;
202501;1239;1982002174;OPERACAO_PARTICIPANTE;13925840.559986600000000;
202501;1078;9970000000;COTAS;15537.967586000000000;01424041000178
202501;1184;9970000000;TIT_PUB;719138.720000000000000;
202501;1081;2003001311;COTAS;226400.736846000000000;
202501;1239;1982002247;CAIXA;198292236.890000000000000;
202501;1239;1982002247;IMOVEIS;100276926.650000000000000;
202501;655;2021000011;COTAS;5283162.353912000000000;18330535000196
202501;1359;1991002238;COTAS;5525135.717871000000000;
202501;655;2021000011;COTAS;625500.616522000000000;21397715000108
202501;1239;1982002311;CAIXA;1351.990000000000000;
202501;1359;1991002238;TIT_PRIV;0.000000000000000;
202501;1239;1982002311;COTAS;1831368984.531600000000000;05754046000110
202501;691;2002004765;COTAS;146199541.949901000000000;43122405000105
202501;1198;1998003019;COTAS;3151973.936677000000000;
202501;1239;1982002311;IMOVEIS;8006091.980000000000000;
202501;655;2021000011;COTAS;23532.092588000000000;10430028000112
202501;1239;2019000229;COTAS;170389076.071318000000000;17518976000153
202501;1239;2019002965;CAIXA;0.000000000000000;
202501;655;2021000011;COTAS;442780663.491407000000000;19587206000198
202501;1239;2020000083;IMOVEIS;12914004.900000000000000;
202501;1081;2003001311;VL_PG_RC;-179125.370000000000000;
202501;1198;1998003019;COTAS;74183397.186439000000000;
202501;1239;2020000792;ACOES;226545.430000000000000;
202501;1081;2005000329;CAIXA;10218.610000000000000;
202501;1239;2022000511;COTAS;17138441.413698000000000;17518976000153
202501;1198;1998003019;COTAS;11129734.954670000000000;
202501;655;2021000011;COTAS;945631.654017000000000;20815620000196
202501;691;2002004765;IMOVEIS;70985838.600000000000000;
202501;285;1998005283;TIT_PUB;3743969227.900000000000000;
202501;1081;2005000329;COTAS;4247.016145000000000;
202501;1198;1998003019;COTAS;13946263.051758000000000;39959611000105
202501;1359;1991002238;TIT_PUB;276988334.410000000000000;
202501;713;1983000183;ACOES;0.000000000000000;
202501;1198;2019001111;CAIXA;423638.740000000000000;
202501;1198;2019001111;COTAS;4295347.333350000000000;
202501;1359;2014001774;COTAS;442854.849947000000000;
202501;1359;2014001774;OPERACAO_PARTICIPANTE;1510387.110000000000000;
202501;1208;1979005265;IMOVEIS;142323907.540000000000000;
202501;1359;9970000000;COTAS;812161.484357000000000;
202501;1381;1980002411;TIT_PRIV;566492.780000000000000;
202501;285;2017001465;CAIXA;5391.780000000000000;
202501;1081;1979004692;IMOVEIS;2160357.820000000000000;
202501;1081;2002001456;COTAS;4837415.121254000000000;
202501;285;2024000274;COTAS;5019.766710000000000;
202501;285;2024000274;COTAS;42568.389342000000000;
202501;1381;9970000000;COTAS;7461685.114346000000000;
202501;1208;1995003956;COTAS;1718888835.449993000000000;04667988000106
202501;1208;1998001474;ACOES;11470116.990000000000000;
202501;655;2021000011;COTAS;148033.246717000000000;21397837000196
202501;285;2024000274;COTAS;59810.335106000000000;
202501;1081;2005000329;COTAS;45427.366667000000000;
202501;1208;1998001474;VL_PG_RC;10157715.160000000000000;
202501;655;2021000011;COTAS;82070269.715925000000000;52026196000197
202501;285;9970000000;VL_PG_RC;0.000000000000000;
202501;1403;1981000747;COTAS;944122.976984000000000;
202501;1081;2002001456;COTAS;512609772.197825000000000;
202501;1403;2008004783;VL_PG_RC;-55336.050000000000000;
202501;1208;2013001411;CAIXA;6121.430000000000000;
202501;1403;2016000619;COTAS;2617166.584041000000000;
202501;655;2021003183;CAIXA;8347.670000000000000;
202501;655;2021003183;COTAS;3223.894122000000000;
202501;655;2021003183;COTAS;43395.062293000000000;
202501;299;1981000518;CAIXA;13710.900000000000000;
202501;655;2021003183;COTAS;131434.971580000000000;
202501;1434;1980002347;CAIXA;154347.090000000000000;
202501;309;1979003629;COTAS;12258540.000000000000000;
202501;309;1979003629;COTAS;106996974.102521000000000;34793104000112
202501;1434;1980002347;COTAS;14524.768679000000000;
202501;655;2021003183;COTAS;244682.299088000000000;21397791000105
202501;1434;1980002347;COTAS;1442.597002000000000;
202501;655;2021003183;COTAS;303222.139760000000000;05117292000160
202501;309;1979003629;IMOVEIS;23552000.000000000000000;
202501;1434;1980002347;COTAS;304466.818178000000000;
202501;655;2021003183;COTAS;46722668.168938000000000;32862118000115
202501;1208;2013001411;COTAS;283620640.829999000000000;26355036000181
202501;1434;1985000474;COTAS;1577189.479350000000000;
202501;1434;1985000474;COTAS;16647089.208408000000000;41799499000126
202501;1225;1979002347;VL_PG_RC;0.000000000000000;
202501;1434;1986000192;COTAS;143744.044977000000000;
202501;1434;1986000192;TIT_PRIV;1539549.870000000000000;
202501;655;9970000000;CAIXA;674700.630000000000000;
202501;655;9970000000;COTAS;150605.545955000000000;23884799000121
202501;655;9970000000;COTAS;72914677.874928000000000;32862118000115
202501;655;9970000000;COTAS;106905986.261877000000000;33255042000122
202501;309;1979003629;TIT_PUB;579647144.270000000000000;
202501;655;9970000000;COTAS;11362206.036257000000000;34081202000127
202501;309;2011000165;COTAS;114072.068714000000000;
202501;655;9970000000;COTAS;42601733.349743000000000;49397796000157
202501;1239;1979002738;CAIXA;109409986.770000000000000;
202501;312;1978000138;COTAS;1122519.300000000000000;
202501;312;1978000138;COTAS;12004650.000000000000000;
202501;1239;1979002819;TIT_PRIV;1460595.144699000000000;
202501;312;1978000138;COTAS;227679.364103000000000;
202501;312;1978000138;COTAS;1324825.022013000000000;
202501;312;1978000138;COTAS;8774262.461246000000000;
202501;655;9970000000;VL_PG_RC;-3281749.760000000000000;
202501;1239;1979002983;VL_PG_RC;-62760.430000000000000;
202501;1239;1979003092;TIT_PRIV;449340.968100000000000;
202501;1081;2002001456;IMOVEIS;15199192.360000000000000;
202501;312;1978000138;COTAS;118195656.908612000000000;
202501;312;1978000138;OPERACAO_PARTICIPANTE;99287305.123833600000000;
202501;1081;2003001311;COTAS;-9.625256000000000;
202501;686;2022000765;ACOES;38126763.610000000000000;
202501;1081;2003001311;COTAS;259700.129656000000000;
202501;1239;1979003165;VL_PG_RC;-690871.750000000000000;
202501;1081;2005000329;COTAS;14.689281000000000;
202501;1239;1979003238;ACOES;559702.540000000000000;
202501;686;2022001192;CAIXA;100.000000000000000;
202501;1434;1986000192;TIT_PUB;179634015.980000000000000;
202501;1081;2005000329;OPERACAO_PARTICIPANTE;0.000000000000000;
202501;1239;1982002018;COTAS;12256.413697000000000;
202501;686;2022001656;COTAS;67723.814319000000000;
202501;1434;1996002211;COTAS;8945405.251947000000000;41799499000126
202501;1081;2006000365;COTAS;4130547.355732000000000;
202501;686;2022001656;COTAS;11257821.770109000000000;
202501;1081;2005000329;COTAS;-0.709229000000000;
202501;1434;1997000474;COTAS;19435045.814603000000000;04495282000104
202501;1239;2022000511;VL_PG_RC;108.790000000000000;
202501;713;1983000183;VL_PG_RC;11106808.860000000000000;
202501;1081;2005000329;COTAS;47261.076687000000000;
202501;1081;2005000329;COTAS;2255459.003687000000000;
202501;1239;2022001011;OPERACAO_PARTICIPANTE;5442998.882102920000000;
202501;1239;1982002247;VL_PG_RC;-2017643.460000000000000;
202501;1434;1997000474;COTAS;3030137.999656000000000;41799499000126
202501;1081;2005000329;TIT_PUB;1782400.770000000000000;
202501;1239;1982002311;TIT_PRIV;1258226.356729000000000;
202501;1081;2010004256;COTAS;555714.000000000000000;
202501;1239;1995003311;COTAS;83150896.648394000000000;
202501;312;1978000219;VL_PG_RC;-28922.630000000000000;
202501;1239;1995003311;COTAS;25228534.878518000000000;
202501;1239;1995003311;COTAS;155766208.123727000000000;
202501;312;2006003429;COTAS;331206.251766000000000;
202501;1239;2018000829;VL_PG_RC;247.760000000000000;
202501;1434;2000000411;OPERACAO_PARTICIPANTE;165867.690000000000000;
202501;312;2006003429;OPERACAO_PARTICIPANTE;198663605.781287600000000;
202501;1081;2010004256;COTAS;11659174.327349000000000;
202501;1239;2019000229;CAIXA;20.190000000000000;
202501;1239;2020000083;TIT_PRIV;2033125.085405000000000;
202501;686;2022001729;COTAS;12418.439300000000000;
202501;326;1979002118;TIT_PRIV;14881863.440000000000000;
202501;1081;2010004256;COTAS;49.975563000000000;
202501;1239;2022000511;CAIXA;16.960000000000000;
202501;1242;1985001683;CAIXA;74081.510000000000000;
202501;1239;2022002547;COTAS;3431020.105140000000000;17518976000153
202501;1434;2000006965;COTAS;1000.000000000000000;
202501;1239;2022002547;VL_PG_RC;-27.910000000000000;
202501;1239;9970000000;COTAS;130734880.988251000000000;
202501;1081;2010004256;COTAS;-2.431644000000000;
202501;1081;2010004256;COTAS;441001.602042000000000;
202501;1081;2010004256;COTAS;11660155.754309000000000;
202501;1081;2010004256;OPERACAO_PARTICIPANTE;1940.840694000000000;
202501;713;2006001892;COTAS;2617059.108008000000000;
202501;1434;2000006965;COTAS;11088440.829700000000000;
202501;1081;2015000992;VL_PG_RC;-3920.110000000000000;
202501;1434;2000006965;COTAS;62172803.103028000000000;41799499000126
202501;1081;2016002247;COTAS;17971.036901000000000;
202501;1434;2008000974;OPERACAO_PARTICIPANTE;6832980.090000000000000;
202501;686;2022001818;COTAS;17645.738917000000000;
202501;1081;2016002247;COTAS;166831.820539000000000;
202501;1434;2015000747;VL_PG_RC;-115233.460000000000000;
202501;1081;2016002247;COTAS;1584999.079051000000000;
202501;1451;1979001618;ACOES;343068.510000000000000;
202501;1451;1979001618;COTAS;43171747.555813000000000;
202501;1242;1985001683;COTAS;167790.000000000000000;
202501;1242;1985001683;COTAS;499879.800000000000000;
202501;686;2022001818;COTAS;5360966.839862000000000;
202501;713;2006001892;COTAS;3842442.121993000000000;
202501;691;1981000429;COTAS;17855026.981511000000000;
202501;1081;2016002247;TIT_PUB;636615.450000000000000;
202501;1451;2006002929;CAIXA;8098.980000000000000;
202501;713;2006001892;VL_PG_RC;-3949.840000000000000;
202501;1242;1985001683;COTAS;352231.200000000000000;
202501;691;1981000429;COTAS;3622014.771266000000000;
202501;1242;1985001683;COTAS;125603.700000000000000;
202501;1451;9970000000;COTAS;1913904.654796000000000;
202501;1479;1997002711;COTAS;53305257.399946000000000;
202501;1081;2016002311;VL_PG_RC;-2034.290000000000000;
202501;1242;1985001683;COTAS;205219.460000000000000;
202501;1479;1997002711;COTAS;517487.950107000000000;
202501;1479;1997002711;COTAS;778737784.713698000000000;37037679000101
202501;727;1971000256;COTAS;10917027.221515000000000;04150705000146
202501;1242;1985001683;COTAS;4009889.161230000000000;
202501;1479;1997002711;COTAS;158720265.504612000000000;41610657000158
202501;1081;2021001547;VL_PG_RC;-255.610000000000000;
202501;1479;1997002711;COTAS;86742083.031604000000000;52152426000164
202501;1242;1985001683;COTAS;15363514.266655000000000;
202501;1479;1997002892;COTAS;9655616.808000000000000;52170037000161
202501;727;1971000256;VL_PG_RC;74305159.940000000000000;
202501;1242;1985001683;COTAS;5745810.732699000000000;
202501;1081;9970000000;COTAS;871950.321227000000000;
202501;1479;1997002892;COTAS;256437607.219613000000000;32320637000151
202501;1479;1997002892;COTAS;29285998.462296000000000;42449329000184
202501;731;2006005611;COTAS;714085645.731881000000000;30993999000188
202501;1479;2012000738;COTAS;89000.062571000000000;
202501;731;2006005611;VL_PG_RC;-817989.540000000000000;
202501;1479;2012000738;COTAS;9548058.962634000000000;17138135000110
202501;731;2018001647;COTAS;10899494.537863000000000;30993999000188
202501;1479;2012000738;COTAS;1049568.224721000000000;41570019000150
202501;731;9970000000;COTAS;27022354.590307000000000;
202501;1081;9970000000;COTAS;15694908.502807000000000;
202501;744;1986000729;COTAS;78964510.747129000000000;
202501;1081;9970000000;OP_COMP;97146165.560000000000000;
202501;744;9970000000;CAIXA;54245.390000000000000;
202501;1482;1979005411;VL_PG_RC;-154.830000000000000;
202501;1482;1982000465;VL_PG_RC;-133.100000000000000;
202501;1242;1985001683;COTAS;262535911.801535000000000;17435331000157
202501;1482;1987001011;CAIXA;4466941.640000000000000;
202501;1081;9970000000;TIT_PUB;80689572.910000000000000;
202501;1242;2021001792;COTAS;41615.210000000000000;
202501;1105;1974000419;COTAS;7651732.402891000000000;
202501;1242;2021001792;COTAS;105222.920000000000000;
202501;1482;1987001011;COTAS;5826322.908008000000000;
202501;1242;2021001792;COTAS;190905.000000000000000;
202501;1242;2021001792;COTAS;190625.820000000000000;
202501;1482;1987001192;COTAS;5529866.398946000000000;
202501;1242;2021001792;COTAS;375685.768986000000000;
202501;1482;1987001265;COTAS;16991844.473789000000000;
202501;1242;2021001792;COTAS;1120117.914947000000000;
202501;1482;1987001811;CAIXA;1900906.300000000000000;
202501;1242;2021001792;COTAS;16508792.031452000000000;11541979000121
202501;1105;1997003147;COTAS;36818980.034209000000000;
202501;1482;1989001483;COTAS;131711.032456000000000;
202501;1242;2021001792;COTAS;107273871.034621000000000;18731304000194
202501;1482;1989001483;VL_PG_RC;-63.020000000000000;
202501;1105;2010001265;COTAS;13128899.053862000000000;
202501;1482;1989001556;VL_PG_RC;-1.890000000000000;
202501;1273;1985000229;IMOVEIS;636000.000000000000000;
202501;1482;1989002129;COTAS;1168303.736599000000000;
202501;1482;1989002374;VL_PG_RC;-12.700000000000000;
202501;1136;1980001911;CAIXA;11056.880000000000000;
202501;691;2002004765;COTAS;8200527.646199000000000;
202501;1136;1980001911;COTAS;545542221.364446000000000;04573104000146
202501;1273;1985000229;TIT_PUB;77585466.630000000000000;
202501;1136;1998006018;VL_PG_RC;-242.000000000000000;
202501;1482;1990001947;TIT_PUB;30726887.170000000000000;
202501;1171;1981001492;CAIXA;78.970000000000000;
202501;1242;1985001683;COTAS;387338.490000000000000;
202501;326;1979002118;VL_PG_RC;24787770.850000000000000;
202501;326;2000005683;COTAS;15268582.700000000000000;
202501;1081;2015000992;CAIXA;10926.380000000000000;
202501;758;2002002411;COTAS;771778426.922497000000000;
202501;1242;1985001683;COTAS;2455159.238598000000000;
202501;1273;9970000000;VL_PG_RC;-6981.270000000000000;
202501;1482;1991001347;COTAS;5153350.526949000000000;
202501;326;2000005683;TIT_PUB;375951520.910000000000000;
202501;1242;1985001683;COTAS;63630343.557419000000000;43651064000165
202501;1081;2016002247;COTAS;6833.450047000000000;
202501;1242;2021001792;COTAS;173321.100000000000000;
202501;1314;9970000000;COTAS;3582382.493523000000000;
202501;1081;2016002311;COTAS;10139.730893000000000;
202501;1242;2021001792;COTAS;138644.500000000000000;
202501;1482;1991001347;COTAS;65286281.283867000000000;
202501;1242;2021001792;COTAS;1038544.632794000000000;
202501;1482;1992001911;CAIXA;0.000000000000000;
202501;326;2006001574;COTAS;570394776.092704000000000;49995995000167
202501;1171;1981001492;COTAS;103778.524193000000000;
202501;1359;1991002165;CAIXA;35762.820000000000000;
202501;1482;1993001956;TIT_PRIV;34.330000000000000;
202501;691;2002004765;COTAS;0.000000000000000;
202501;758;2002002411;COTAS;107656074.591839000000000;30453303000120
202501;1359;1991002165;COTAS;4805090.189897000000000;
202501;1482;1994000783;CAIXA;707067.580000000000000;
202501;691;2002004765;COTAS;110104426.902377000000000;
202501;1482;1994004274;TIT_PRIV;1613.650000000000000;
202501;1171;2000008429;CAIXA;134170.250000000000000;
202501;1482;1995000418;CAIXA;0.000000000000000;
202501;1242;2021001792;COTAS;2145283.892579000000000;
202501;326;2006001574;COTAS;87335855.908730000000000;49996708000133
202501;1242;2021001792;COTAS;31556909.045240000000000;17435331000157
202501;1482;1995000892;TIT_PRIV;44392.430000000000000;
202501;1359;1991002165;COTAS;27246.864023000000000;
202501;1261;2005006165;VL_PG_RC;-3070.610000000000000;
202501;1273;9970000000;TIT_PUB;431488.420000000000000;
202501;1359;1991002238;COTAS;232405.597888000000000;
202501;1081;2016002311;COTAS;223180.835623000000000;
202501;1359;1991002238;COTAS;35705202.056211000000000;
202501;1482;1996000756;COTAS;280.516346000000000;
202501;1171;2000008429;COTAS;6792.750008000000000;
202501;758;2002002411;VL_PG_RC;-34777.780000000000000;
202501;1171;2000008429;COTAS;1413327.774401000000000;
202501;1171;2000008429;COTAS;5483114.942579000000000;
202501;1482;1997000938;CAIXA;0.000000000000000;
202501;1171;9970000000;COTAS;28416.538484000000000;
202501;1482;1997001683;COTAS;1974878.189263000000000;
202501;1359;2014001774;COTAS;662037.027800000000000;
202501;326;2021002111;OPERACAO_PARTICIPANTE;15015760.593969090300000;
202501;1184;1984000292;CAIXA;13338.840000000000000;
202501;758;4007580065;COTAS;9312190.026741000000000;
202501;1184;1984000292;VL_PG_RC;0.000000000000000;
202501;758;9970000000;VL_PG_RC;-2746.470000000000000;
202501;1482;1997001683;TIT_PUB;2714304.330000000000000;
202501;1359;9970000000;VL_PG_RC;0.000000000000000;
202501;1184;9970000000;COTAS;2802200.180400000000000;
202501;1314;2005000965;COTAS;115178539.525574000000000;
202501;1381;1980002411;OPERACAO_PARTICIPANTE;11212496.190000000000000;
202501;1105;1974000419;TIT_PRIV;59381757.810000000000000;
202501;1198;1998003019;COTAS;22114837.015725000000000;
202501;775;9970000000;VL_PG_RC;-7.120000000000000;
202501;1381;2006005138;COTAS;15403236.772256000000000;
202501;1198;1998003019;COTAS;6618893.380823000000000;
202501;1482;1998003418;CAIXA;0.000000000000000;
202501;1403;1981000747;COTAS;1265519.916558000000000;
202501;1198;1998003019;OPERACAO_PARTICIPANTE;15534845.800481180000000;
202501;1482;1998003474;COTAS;82645.816639000000000;
202501;326;2023001838;COTAS;1320217.637729000000000;49995995000167
202501;792;1988000718;COTAS;936949.837755000000000;
202501;1482;1998003892;COTAS;9852121.376346000000000;31032327000179
202501;792;1988000718;COTAS;11345250.446905000000000;44432479000100
202501;1105;1997003147;TIT_PUB;1008023803.610000000000000;
202501;1105;2010001265;CAIXA;995.350000000000000;
202501;1482;1998004211;COTAS;231.357329000000000;
202501;1105;2010001265;COTAS;10730587.239397000000000;48966312000180
202501;357;2006006811;CAIXA;2706989.370000000000000;
202501;1482;1998004392;COTAS;137674836.649065000000000;
202501;1105;2010001265;TIT_PUB;40687150.600000000000000;
202501;1403;1981000747;TIT_PUB;4582850.390000000000000;
202501;1482;1998004392;COTAS;48264242.177038000000000;
202501;357;2006006811;COTAS;12937464.786026000000000;
202501;1403;2000008038;VL_PG_RC;-63638.880000000000000;
202501;1105;9970000000;COTAS;1855898.055340000000000;
202501;1403;2008004783;COTAS;3490579.345245000000000;
202501;357;2020000611;COTAS;2980221.708345000000000;
202501;1403;2016000619;COTAS;2833961.751159000000000;
202501;1198;1998003019;TIT_PUB;392022954.550000000000000;
202501;1198;9970000000;VL_PG_RC;0.000000000000000;
202501;1482;1998005747;CAIXA;0.000000000000000;
202501;1208;1979005265;OPERACAO_PARTICIPANTE;24642576.280454165900000;
202501;792;1988000718;IMOVEIS;19897002.300000000000000;
202501;1482;1999000218;COTAS;9437578.073375000000000;
202501;1208;1995003956;ACOES;241393094.090000000000000;
202501;1208;1995003956;VL_PG_RC;1874194.180000000000000;
202501;1208;2013001411;ACOES;25325731.600000000000000;
202501;1136;1980001911;OPERACAO_PARTICIPANTE;49352013.000000000000000;
202501;1482;2000003192;COTAS;15708905.812849000000000;32273477000137
202501;691;9970000000;CAIXA;70712.400000000000000;
202501;1359;1991002165;COTAS;8881328.765159000000000;
202501;1482;2000004083;COTAS;5708587.641034000000000;32273402000156
202501;1136;9970000000;CAIXA;16079.680000000000000;
202501;691;9970000000;COTAS;24084502.078073000000000;
202501;1482;2000007211;COTAS;9481510.708842000000000;
202501;1403;2016000619;COTAS;3226644.594331000000000;
202501;1403;2016000619;COTAS;14220325.929474000000000;41300431000150
202501;357;2020000611;VL_PG_RC;654547.880000000000000;
202501;361;1980002029;COTAS;3016633.369906000000000;
202501;361;1980002029;COTAS;5486461.552000000000000;
202501;1171;1981001492;VL_PG_RC;45089.790000000000000;
202501;1482;2000007211;COTAS;39566758.653015000000000;
202501;361;1980002029;COTAS;37832071.340000000000000;
202501;1403;2016000619;TIT_PUB;92631185.470000000000000;
202501;1482;2001000383;COTAS;3741342.820557000000000;
202501;1403;9970000000;TIT_PRIV;23588.310000000000000;
202501;1359;1991002165;COTAS;11904939.032806000000000;
202501;1171;2000008429;COTAS;0.007289000000000;
202501;1434;1985000474;OPERACAO_PARTICIPANTE;6569605.809968128400000;
202501;1482;2001000383;TIT_PRIV;44632.760000000000000;
202501;1482;2003000119;COTAS;26081076.467228000000000;
202501;1208;2013001411;VL_PG_RC;-64957.080000000000000;
202501;1482;2003000119;VL_PG_RC;-198378.940000000000000;
202501;1359;1991002165;COTAS;5671329.837690000000000;
202501;1482;2003001174;COTAS;1417195.855758000000000;
202501;1359;1991002165;COTAS;5974447.893734000000000;
202501;361;1980002029;COTAS;103862830.953041000000000;39725887000110
202501;1225;1979002347;TIT_PRIV;4262578.450000000000000;
202501;1482;2004000392;CAIXA;3034111.400000000000000;
202501;361;1980002029;COTAS;66157654.729999000000000;55167531000165
202501;1482;2004000392;COTAS;84664660.404159000000000;28428287000174
202501;361;1980002029;IMOVEIS;25756000.000000000000000;
202501;1239;1979002738;ACOES;511391.000000000000000;
202501;1359;1991002165;COTAS;24531191.766886000000000;
202501;1239;1979002738;TIT_PRIV;9333972.295197000000000;
202501;792;1988000718;OPERACAO_PARTICIPANTE;3567230.520825093200000;
202501;1434;1985000474;TIT_PUB;450774085.880000000000000;
202501;1359;1991002238;CAIXA;115378.950000000000000;
202501;1482;2004000538;CAIXA;11864714.340000000000000;
202501;1434;1986000192;OPERACAO_PARTICIPANTE;1456789.010000000000000;
202501;1482;2004001518;VL_PG_RC;-64453.740000000000000;
202501;1482;2004003138;VL_PG_RC;-13316.070000000000000;
202501;1171;2000008429;COTAS;597476.285968000000000;
202501;1359;1991002238;COTAS;6654.920253000000000;
202501;1434;1996002211;TIT_PUB;274557940.210000000000000;
202501;361;2001002165;CAIXA;58777.740000000000000;
202501;1482;2005001392;COTAS;8707521.853436000000000;
202501;1359;1991002238;COTAS;2226477.293008000000000;
202501;1434;1997000474;COTAS;3965469.991931000000000;
202501;691;9970000000;VL_PG_RC;-941.050000000000000;
202501;1239;1979002819;CAIXA;1895440.460000000000000;
202501;361;2001002165;COTAS;17429057.015803000000000;
202501;1434;1997000474;TIT_PRIV;1646805.180000000000000;
202501;713;2006001892;COTAS;4479923.400691000000000;
202501;1239;1979002983;ACOES;17306.080000000000000;
202501;713;2006001892;COTAS;34350444.000000000000000;57233773000135
202501;1171;2000008429;COTAS;6231481.425980000000000;
202501;1239;1979003092;OPERACAO_PARTICIPANTE;6048995.057495300000000;
202501;361;2001002165;VL_PG_RC;-257045.240000000000000;
202501;1482;2005004383;TIT_PRIV;122087.780000000000000;
202501;792;1998000818;COTAS;141093.456229000000000;
202501;1239;1979003165;CAIXA;2137879.080000000000000;
202501;1359;1991002238;COTAS;6582676.503060000000000;
202501;1171;9970000000;COTAS;7048901.532808000000000;
202501;1482;2005004456;CAIXA;0.000000000000000;
202501;713;2006001892;TIT_PUB;12153849.700000000000000;
202501;1171;9970000000;TIT_PRIV;189757.920000000000000;
202501;1239;1979003238;CAIXA;90602843.770000000000000;
202501;1359;2014001774;COTAS;5576287.341006000000000;
202501;1239;1995003311;VL_PG_RC;-2953221.550000000000000;
202501;792;1998000818;COTAS;66004.259424000000000;44432479000100
202501;361;2001002238;COTAS;35699562.489771000000000;39725887000110
202501;1184;1979005583;CAIXA;10862.660000000000000;
202501;1482;2005005665;VL_PG_RC;302071.890000000000000;
202501;1239;2020000083;ACOES;111133.450000000000000;
202501;1434;1997000474;TIT_PUB;288853745.770000000000000;
202501;1239;2020000083;VL_PG_RC;7902.840000000000000;
202501;1434;2000006965;COTAS;54126408.061427000000000;33624828000170
202501;1184;1984000111;OPERACAO_PARTICIPANTE;541811.289540000000000;
202501;1482;2005006092;VL_PG_RC;-51978.630000000000000;
202501;792;1998000818;TIT_PUB;12125215.110000000000000;
202501;1184;1984000111;TIT_PUB;223339758.880000000000000;
202501;1239;2020000792;COTAS;2344758900.728403000000000;36620612000124
202501;1434;2005005029;COTAS;18375577.534050000000000;
202501;1482;2006003038;CAIXA;0.000000000000000;
202501;1434;2008000974;COTAS;44108797.634733000000000;05508422000196
202501;792;1998000974;CAIXA;1883.860000000000000;
202501;1434;2009003292;VL_PG_RC;-37017.270000000000000;
202501;1482;2007002711;CAIXA;0.000000000000000;
202501;361;2019002647;CAIXA;4658.240000000000000;
202501;713;2011000556;IMOVEIS;79047974.770000000000000;
202501;792;1998000974;COTAS;35518.180414000000000;
202501;792;1998000974;COTAS;74051.574100000000000;
202501;1434;2015000747;COTAS;1.360000000000000;
202501;1434;2015000747;COTAS;1483508.297312000000000;
202501;361;2022002938;COTAS;307445.844400000000000;39725887000110
202501;713;2021003418;CAIXA;79978.490000000000000;
202501;1381;1980002411;COTAS;2344706.830792000000000;
202501;792;1998000974;COTAS;27053.105799000000000;
202501;1242;1985001683;COTAS;213885.200000000000000;
202501;361;9970000000;COTAS;3354972.138909000000000;04165971000142
202501;713;2021003418;COTAS;13501534.140109000000000;47328403000128
202501;792;1998000974;COTAS;69895.305657000000000;
202501;713;2021003418;VL_PG_RC;15367086.770000000000000;
202501;792;1998000974;COTAS;1104063.291449000000000;10740536000105
202501;713;9970000000;COTAS;2245274.218711000000000;
202501;1381;2006005138;COTAS;93788.272250000000000;
202501;1434;2015000747;COTAS;144156.584018000000000;04495282000104
202501;388;1985001438;COTAS;3595149.158990000000000;
202501;1198;1998003019;CAIXA;3031946.890000000000000;
202501;1381;2006005138;COTAS;7905932.595216000000000;
202501;388;1985001438;COTAS;3377467.204523000000000;03394711000186
202501;1434;9970000000;COTAS;19154029.087644000000000;
202501;1482;2007002711;COTAS;36273371.739475000000000;
202501;391;1979001529;COTAS;11882164.596900000000000;
202501;1403;2000008038;COTAS;2058863.102049000000000;
202501;1242;1985001683;COTAS;281833.500000000000000;
202501;1451;2006002929;COTAS;5570642.629894000000000;
202501;1403;2000008038;COTAS;2322608.912739000000000;
202501;1479;1997002711;COTAS;10809163.240000000000000;
202501;391;1979001529;COTAS;4492566.413614000000000;
202501;1403;2000008038;OPERACAO_PARTICIPANTE;2777814.180143948200000;
202501;792;1998000974;VL_PG_RC;-53637.640000000000000;
202501;1479;1997002892;CAIXA;264321.410000000000000;
202501;1242;1985001683;COTAS;345330.510000000000000;
202501;1479;1997002892;COTAS;62022394.556310000000000;
202501;1242;1985001683;COTAS;343650.230000000000000;
202501;727;1971000256;IMOVEIS;151785378.250000000000000;
202501;1482;2008000265;COTAS;21517526.346546000000000;
202501;1479;1997002892;COTAS;12087793.449078000000000;
202501;1403;2008004783;COTAS;3455246.072349000000000;
202501;1198;9970000000;CAIXA;6158.000000000000000;
202501;1242;1985001683;COTAS;245459.480000000000000;
202501;727;9970000000;COTAS;335736.420745000000000;
202501;1482;2008000265;COTAS;15587558.440046000000000;
202501;1482;2008002438;COTAS;13180769.521164000000000;
202501;1242;1985001683;COTAS;15624360.051636000000000;
202501;1482;2008003329;COTAS;30694124.705968000000000;
202501;1482;2010001729;COTAS;26888616.674008000000000;
202501;1482;2010003111;COTAS;5783755.336547000000000;
202501;1242;1985001683;COTAS;9506353.046074000000000;
202501;1482;2011002011;COTAS;4332613.676082000000000;
202501;1479;1997002892;COTAS;66835637.948945000000000;
202501;1242;1985001683;COTAS;62279330.444280000000000;18820186000190
202501;731;2018001647;COTAS;13985485.397545000000000;30994076000140
202501;1479;1997002892;OPERACAO_PARTICIPANTE;158411043.014849125300000;
202501;1482;2011002011;COTAS;5210.257931000000000;
202501;1482;2011002338;COTAS;29648023.003698000000000;
202501;1242;2021001792;COTAS;168636.860000000000000;
202501;1479;2012000738;COTAS;982856.889430000000000;52285421000100
202501;1242;2021001792;COTAS;168479.560000000000000;
202501;1242;2021001792;COTAS;80187.020000000000000;
202501;1482;2013001029;CAIXA;0.000000000000000;
202501;1242;2021001792;COTAS;190686.440000000000000;
202501;1479;2012000738;OPERACAO_PARTICIPANTE;6550004.922283827300000;
202501;1482;2018001965;COTAS;80496344.608409000000000;
202501;1242;2021001792;COTAS;1830152.336590000000000;
202501;731;2018001647;OPERACAO_PARTICIPANTE;178243.331363019400000;
202501;1482;2018001965;COTAS;20618350.308250000000000;31032327000179
202501;1479;2012000738;TIT_PUB;24402053.370000000000000;
202501;744;1986000729;COTAS;156519877.278444000000000;
202501;1482;1981000674;VL_PG_RC;-113.270000000000000;
202501;1242;2021001792;COTAS;137654343.530867000000000;09087799000170
202501;792;1999002865;CAIXA;111487.330000000000000;
202501;792;1999002865;COTAS;1922934.508861000000000;
202501;1242;4012420038;CAIXA;1392950.940000000000000;
202501;1242;9970000000;COTAS;8799204.160264000000000;
202501;1242;9970000000;VL_PG_RC;-7332.730000000000000;
202501;758;1981001719;VL_PG_RC;-5005.150000000000000;
202501;391;1979001529;COTAS;266071451.083940000000000;
202501;758;2002002411;COTAS;69128065.260499000000000;
202501;391;1979001529;COTAS;1287297124.822958000000000;17405933000161
202501;1482;2022000056;OPERACAO_PARTICIPANTE;21273.780000000000000;
202501;775;2007002965;COTAS;125820.683997000000000;
202501;1482;1982000211;COTAS;5407.465162000000000;
202501;775;2007002965;VL_PG_RC;-1356.120000000000000;
202501;792;1988000718;COTAS;876639.958624000000000;
202501;1506;1979001383;TIT_PRIV;5304563.190000000000000;
202501;792;1988000718;COTAS;187024.438041000000000;
202501;1482;1982003138;COTAS;6553367.122605000000000;
202501;792;1988000718;COTAS;14292060.983354000000000;10740536000105
202501;1256;9970000000;VL_PG_RC;-1517.500000000000000;
202501;1482;1983000329;TIT_PRIV;5527.600000000000000;
202501;1511;1988002419;IMOVEIS;951500.000000000000000;
202501;792;1988000718;VL_PG_RC;-470597.030000000000000;
202501;1208;1979005265;COTAS;1803859672.410008000000000;04682806000168
202501;1523;1977000274;CAIXA;1822382.450000000000000;
202501;1482;1985000547;VL_PG_RC;-89.760000000000000;
202501;1273;9970000000;CAIXA;115555.750000000000000;
202501;792;1998000818;COTAS;183755.602133000000000;
202501;1523;1977000274;COTAS;1600119.450839000000000;03191766000199
202501;1523;1977000274;COTAS;3260750.763574000000000;16877602000161
202501;1482;1985000865;CAIXA;3469.970000000000000;
202501;1314;9970000000;CAIXA;102947.910000000000000;
202501;391;1979001529;OPERACAO_PARTICIPANTE;503603704.679705884200000;
202501;1482;1987000692;CAIXA;0.000000000000000;
202501;1314;9970000000;VL_PG_RC;-84.620000000000000;
202501;1208;1995003956;CAIXA;287210.760000000000000;
202501;1523;1977000274;COTAS;321911436.158468000000000;16916048000184
202501;792;1998000818;IMOVEIS;133906.300000000000000;
202501;391;2019000156;CAIXA;2110.200000000000000;
202501;1403;2008004783;COTAS;2469407.755594000000000;
202501;1359;1991002165;COTAS;17633576.559420000000000;
202501;1523;1998004465;ACOES;59574373.040000000000000;
202501;1359;1991002238;COTAS;2931724.759877000000000;
202501;1523;1998004465;COTAS;4109746.508735000000000;
202501;1523;1998004465;COTAS;668133.310000000000000;
202501;391;2019000156;COTAS;1726607.286963000000000;05097813000165
202501;1523;1998004465;COTAS;671047.122372000000000;
202501;1482;1987001192;CAIXA;3897536.310000000000000;
202501;1482;1989000665;TIT_PUB;15666419.500000000000000;
202501;391;2019000156;VL_PG_RC;-2435.080000000000000;
202501;391;2020001519;CAIXA;6082.700000000000000;
202501;792;1999002865;COTAS;2210657.286889000000000;
202501;1359;1991002238;COTAS;31364671.549424000000000;
202501;391;2020001519;COTAS;3547650.222213000000000;05097813000165
202501;792;1999002865;COTAS;2307654.935355000000000;
202501;1482;1989002374;TIT_PRIV;34.330000000000000;
202501;1359;2014001774;COTAS;21915803.828370000000000;
202501;1523;1998004465;COTAS;25525950.764920000000000;09606345000168
202501;1523;1998004465;COTAS;73909863.141706000000000;52982641000192
202501;1482;1991001118;VL_PG_RC;-0.010000000000000;
202501;1523;2006003674;COTAS;6532.986004000000000;
202501;1523;2006003674;COTAS;69808.929695000000000;
202501;1359;2014001774;COTAS;500883.471598000000000;
202501;1523;2006003674;COTAS;9419390.858390000000000;
202501;1482;1991001347;CAIXA;0.000000000000000;
202501;1523;2006003674;COTAS;66681355.050000000000000;
202501;1359;2014001774;VL_PG_RC;-14539.590000000000000;
202501;1482;1992001847;COTAS;19940.096270000000000;
202501;1523;2006003674;COTAS;17228.703062000000000;
202501;1359;9970000000;COTAS;1111572.146261000000000;
202501;1523;2006003674;COTAS;738244.920481000000000;04194710000150
202501;1381;2006005138;COTAS;182464959.571917000000000;08759871000103
202501;1482;1993001565;VL_PG_RC;-6156.720000000000000;
202501;1523;2006003674;COTAS;265684147.217835000000000;15154395000154
202501;1482;1993001956;VL_PG_RC;-0.460000000000000;
202501;1482;1993003983;VL_PG_RC;-0.740000000000000;
202501;1381;9970000000;CAIXA;2719.300000000000000;
202501;1523;2006003674;COTAS;1163117928.672512000000000;27455174000103
202501;1482;1994000783;COTAS;1039.725214000000000;
202501;1523;2006003674;COTAS;129627581.837305000000000;50190791000138
202501;1208;1998001474;IMOVEIS;30882384.040000000000000;
202501;1482;1994004274;VL_PG_RC;-10683.510000000000000;
202501;792;1998000974;COTAS;56963.857135000000000;
202501;1403;1981000747;COTAS;637689.306406000000000;
202501;1482;1995000256;VL_PG_RC;-1472.970000000000000;
202501;1208;1998001474;OPERACAO_PARTICIPANTE;5625348.299897993800000;
202501;391;2022002865;CAIXA;15287.960000000000000;
202501;1239;1979002738;VL_PG_RC;-1291023.350000000000000;
202501;792;1998000974;COTAS;49861.702533000000000;
202501;1403;2008004783;COTAS;2723560.428922000000000;
202501;1403;1981000747;COTAS;673069.499945000000000;
202501;792;1999002865;COTAS;2119775.663332000000000;
202501;792;1998000974;COTAS;79490.876361000000000;
202501;1523;2006003674;VL_PG_RC;66311052.060000000000000;
202501;792;1999002865;COTAS;76948892.588139000000000;10740536000105
202501;792;1998000974;COTAS;214155.323682000000000;44432479000100
202501;792;1999002865;VL_PG_RC;-216518.450000000000000;
202501;792;1998000974;OPERACAO_PARTICIPANTE;1351739.660000000000000;
202501;1482;1995001856;VL_PG_RC;-21.910000000000000;
202501;792;1999002865;COTAS;1481257.406940000000000;
202501;792;1999002865;COTAS;5836947.955035000000000;
202501;1403;1981000747;COTAS;766105.248650000000000;
202501;1523;9970000000;COTAS;131879.376867000000000;50198930000170
202501;792;1999002865;COTAS;25717964.984897000000000;44432479000100
202501;1482;1996002538;VL_PG_RC;-1243.190000000000000;
202501;792;1999002938;CAIXA;48895.430000000000000;
202501;792;1999002938;COTAS;21123025.706521000000000;
202501;792;1999002938;COTAS;25269132.864620000000000;
202501;792;1999002938;COTAS;19165901.735449000000000;
202501;1482;1997000156;VL_PG_RC;875.280000000000000;
202501;1523;9970000000;COTAS;7821557.462228000000000;52982641000192
202501;792;1999002938;COTAS;21901199.192441000000000;
202501;1482;1997000938;COTAS;12440.683478000000000;
202501;1537;1980001774;COTAS;3584417.913015000000000;
202501;792;1999002938;COTAS;404150837.479884000000000;10740536000105
202501;1403;1981000747;TIT_PRIV;1129181.100000000000000;
202501;1537;1980001774;COTAS;15935845.383865000000000;
202501;1239;1979003092;IMOVEIS;2834640.380000000000000;
202501;792;1999002865;IMOVEIS;2187314.540000000000000;
202501;792;1999002938;COTAS;144061352.376383000000000;
202501;1537;1980001774;COTAS;17404660.977872000000000;
202501;1537;1988000165;TIT_PUB;215251712.010000000000000;
202501;792;1999002938;COTAS;13024849.612739000000000;
202501;1541;1986000656;COTAS;773086.193374000000000;
202501;1403;2000008038;COTAS;4136100.452666000000000;
202501;1403;2016000619;COTAS;3572086.324269000000000;
202501;391;2022002865;TIT_PUB;332919.790000000000000;
202501;1403;2016000619;COTAS;2045738.117453000000000;
202501;1239;1979003238;COTAS;4416738.907271000000000;
202501;1554;1978000456;IMOVEIS;20219211.200000000000000;
202501;1554;9970000000;COTAS;2756798.656076000000000;
202501;792;1999003047;COTAS;902450.981227000000000;
202501;1403;2008004783;OPERACAO_PARTICIPANTE;750876.130000000000000;
202501;1403;2016000619;COTAS;1159570.188866000000000;
202501;1571;1996000365;COTAS;114012427.049959000000000;
202501;792;1999002938;COTAS;32927390.218197000000000;
202501;792;1999002938;COTAS;35895446.010534000000000;
202501;1585;2006000911;COTAS;5141433.618280000000000;
202501;1434;1980002347;COTAS;4540.640000000000000;
202501;1482;1997001683;CAIXA;0.000000000000000;
202501;1585;2006000911;COTAS;11103461.765481000000000;
202501;1482;1997001683;COTAS;52920278.596980000000000;
202501;1585;2006000911;COTAS;12613563.716044000000000;
202501;1239;1979003238;OPERACAO_PARTICIPANTE;76026420.647624520000000;
202501;1482;1997005011;CAIXA;0.000000000000000;
202501;1585;2006000911;COTAS;39416245.141611000000000;
202501;792;1999003047;COTAS;350248.056814000000000;
202501;792;1999003047;COTAS;8455250.619565000000000;29983445000110
202501;1403;2008004783;TIT_PUB;161846257.910000000000000;
202501;1585;2006000911;COTAS;1078763536.255659000000000;32225875000188
202501;1585;2006000911;COTAS;78019544.317518000000000;41054683000147
202501;1403;2016000619;COTAS;9056020.894339000000000;
202501;792;1999002938;COTAS;206611041.078670000000000;44432479000100
202501;1403;2016000619;COTAS;2914886.186517000000000;
202501;1239;1982002174;COTAS;1504855570.918361000000000;05754026000149
202501;792;1999003047;COTAS;9153898.720631000000000;
202501;1434;1980002347;COTAS;8432167.939898000000000;
202501;1434;1980002347;COTAS;6971233.660540000000000;33624828000170
202501;792;1999003047;COTAS;745728.826547000000000;
202501;792;1999003047;COTAS;523805.987609000000000;
202501;792;1999003047;COTAS;758813.319940000000000;
202501;1239;1995003018;COTAS;388665291.181796000000000;
202501;792;1999003047;COTAS;610233.810321000000000;
202501;792;1999003047;COTAS;507056.264519000000000;
202501;1599;1979001219;CAIXA;47.260000000000000;
202501;1239;1995003018;VL_PG_RC;0.000000000000000;
202501;1434;1980002347;COTAS;1735390.024554000000000;41799499000126
202501;1239;1995003311;COTAS;705376931.563504000000000;
202501;1434;1980002347;VL_PG_RC;563029.570000000000000;
202501;1239;1995003311;COTAS;136927381.107132000000000;
202501;1434;2000006965;CAIXA;185406.670000000000000;
202501;1599;1979001219;COTAS;904884486.430051000000000;26179528000163
202501;1239;1998007383;COTAS;18052540.645029000000000;17518976000153
202501;792;1999003047;COTAS;641844.752681000000000;
202501;1403;2016000619;COTAS;5404581.600000000000000;
202501;1434;2000006965;COTAS;2644.605614000000000;
202501;1482;1998003418;COTAS;12708693.687874000000000;
202501;1482;1998004392;COTAS;4230792.093690000000000;31032327000179
202501;1239;1998007383;VL_PG_RC;-53686.880000000000000;
202501;1403;2016000619;TIT_PRIV;25705010.750000000000000;
202501;802;1977000118;VL_PG_RC;973306.750000000000000;
202501;792;1999003047;COTAS;12884007.400745000000000;10740536000105
202501;1482;1999000218;CAIXA;0.000000000000000;
202501;1482;1999001419;COTAS;30949729.964784000000000;
202501;1239;2018000829;CAIXA;124.880000000000000;
202501;802;2003001956;COTAS;14674231.550817000000000;
202501;1482;1999001419;TIT_PRIV;5458.930000000000000;
202501;1434;2000006965;COTAS;6151474.897969000000000;
202501;792;1999003047;VL_PG_RC;-46164.060000000000000;
202501;1482;2000003192;COTAS;12107704.250311000000000;32273485000183
202501;1434;2000006965;COTAS;28354979.726583000000000;
202501;1482;2000007211;COTAS;60378870.347760000000000;
202501;792;2023001056;CAIXA;1981.450000000000000;
202501;1434;2000006965;COTAS;1886527.923192000000000;
202501;802;2003001956;OPERACAO_PARTICIPANTE;1039326.920000000000000;
202501;1482;2000007211;COTAS;26056176.965341000000000;
202501;802;9970000000;TIT_PRIV;6467427.220000000000000;
202501;1239;2020000083;CAIXA;110.900000000000000;
202501;1434;1980002347;COTAS;10530139.759540000000000;
202501;1434;1986000192;CAIXA;28435.370000000000000;
202501;1434;1996002211;CAIXA;21917.350000000000000;
202501;1239;2020000156;COTAS;41102820.294611000000000;17518976000153
202501;1434;1997000474;CAIXA;38992.180000000000000;
202501;1482;2000007211;COTAS;22149029.511165000000000;
202501;1482;2001000383;COTAS;1054967.439085000000000;
202501;1434;2000006965;COTAS;1020147.963677000000000;
202501;821;1988000238;COTAS;5481720.722461000000000;
202501;1434;2005005029;COTAS;11675287.108592000000000;
202501;1434;2005005029;COTAS;58228388.313365000000000;05508422000196
202501;821;1988000238;COTAS;8882628.215668000000000;
202501;1434;2005005029;IMOVEIS;31491841.520000000000000;
202501;821;1988000238;COTAS;138105561.188599000000000;
202501;821;1988000238;COTAS;40251667.102765000000000;
202501;821;1988000238;VL_PG_RC;347810.240000000000000;
202501;1434;2005005029;OPERACAO_PARTICIPANTE;27246826.670000000000000;
202501;1434;2008000974;COTAS;5303859.219149000000000;
202501;1434;2008000974;COTAS;43524731.979958000000000;17285268000110
202501;864;2002000311;CAIXA;40392.680000000000000;
202501;1434;2009003292;COTAS;1314613.037467000000000;
202501;864;2023000483;COTAS;132148.684375000000000;52316309000199
202501;1434;2015000747;OPERACAO_PARTICIPANTE;85185.640000000000000;
202501;878;1999003918;CAIXA;8835.590000000000000;
202501;1434;2015000747;TIT_PUB;5442409.950000000000000;
202501;878;1999003918;COTAS;7290802.131561000000000;
202501;1434;9970000000;COTAS;41213159.024052000000000;
202501;878;1999003918;COTAS;480033.275540000000000;
202501;1451;2006002929;COTAS;2305889.527572000000000;
202501;1451;2006002929;OPERACAO_PARTICIPANTE;128845.390000000000000;
202501;1482;2001000383;VL_PG_RC;-23256.030000000000000;
202501;792;9970000000;COTAS;175870.088466000000000;10740536000105
202501;1434;2005005029;COTAS;52516396.710881000000000;
202501;1451;2006002929;TIT_PUB;29108725.410000000000000;
202501;1434;2005005029;COTAS;13067911.156660000000000;
202501;1482;2002001618;OPERACAO_PARTICIPANTE;614434.130000000000000;
202501;1434;2005005029;TIT_PUB;145981603.820000000000000;
202501;1451;2022001974;VL_PG_RC;-242.060000000000000;
202501;1434;2009003292;OPERACAO_PARTICIPANTE;285993.650012279100000;
202501;1451;9970000000;VL_PG_RC;7661.970000000000000;
202501;1482;2003001247;COTAS;1042828114.774747000000000;05701082000115
202501;1434;2009003292;TIT_PUB;41580576.170000000000000;
202501;1434;9970000000;VL_PG_RC;269812.800000000000000;
202501;1479;1997002711;COTAS;9280978270.199919000000000;08576322000195
202501;1479;1997002711;COTAS;618839349.231383000000000;17138135000110
202501;1451;1979001618;COTAS;899128.660737000000000;
202501;881;1979000247;ACOES;12560941.770000000000000;
202501;1479;1997002711;COTAS;42669539.277145000000000;52324000000140
202501;1451;1979001618;COTAS;79776.900105000000000;
202501;1479;1997002892;COTAS;267599873.615942000000000;17138135000110
202501;1451;1979001618;COTAS;15956236.434244000000000;
202501;1479;2012000738;CAIXA;13177.180000000000000;
202501;1451;2006002929;VL_PG_RC;-31626.240000000000000;
202501;1479;2012000738;COTAS;891078.686625000000000;
202501;792;9970000000;VL_PG_RC;-4239.730000000000000;
202501;881;1979000247;COTAS;38281474.633547000000000;
202501;1239;2022002547;CAIXA;0.000000000000000;
202501;1451;9970000000;CAIXA;20053.120000000000000;
202501;881;1979000247;VL_PG_RC;4537502.040000000000000;
202501;1451;9970000000;COTAS;4842314.636086000000000;
202501;1482;2004000465;CAIXA;29304606.190000000000000;
202501;1479;2012000738;COTAS;1110121.829602000000000;41610657000158
202501;881;1994000929;TIT_PRIV;3370117.070000000000000;
202501;1451;9970000000;COTAS;10604956.122439000000000;35491278000193
202501;1479;2012000738;COTAS;690187.925408000000000;42449329000184
202501;802;1977000118;COTAS;6398000.000000000000000;
202501;1451;9970000000;TIT_PUB;20668075.930000000000000;
202501;881;1999004256;TIT_PUB;2989268825.030000000000000;
202501;1239;9970000000;VL_PG_RC;-1901218.030000000000000;
202501;1479;1997002711;COTAS;96227038.620141000000000;
202501;802;1977000118;COTAS;4614930.949283000000000;
202501;1482;2004000465;OPERACAO_PARTICIPANTE;3913909.200000000000000;
202501;1482;2005004065;CAIXA;0.000000000000000;
202501;1482;2005004138;TIT_PRIV;1888.310000000000000;
202501;1482;2005004456;COTAS;33745386.962279000000000;
202501;1479;2012000738;COTAS;362474.141482000000000;51918188000192
202501;1482;2005005665;TIT_PRIV;20187.740000000000000;
202501;1482;1979005411;COTAS;323864.451312000000000;
202501;1482;2007002711;TIT_PUB;849129.190000000000000;
202501;1482;2008000265;COTAS;53538600.026641000000000;
202501;1482;2008000265;COTAS;35467200.011426000000000;
202501;1482;2008000265;COTAS;71306300.459967000000000;
202501;1482;2008002438;CAIXA;0.000000000000000;
202501;1482;1981000674;CAIXA;3751.240000000000000;
202501;1482;2009001011;COTAS;624512.650797000000000;31032327000179
202501;1482;2009001818;COTAS;10857711.838242000000000;
202501;1482;2010001729;CAIXA;0.000000000000000;
202501;1482;2010002938;COTAS;124599.674213000000000;
202501;1482;2010003111;COTAS;6334199.512000000000000;
202501;1482;1982000211;TIT_PRIV;171.660000000000000;
202501;1482;1982000465;TIT_PRIV;995.650000000000000;
202501;1482;1982000929;TIT_PRIV;34.330000000000000;
202501;1482;2010003829;COTAS;700399.228576000000000;
202501;1482;2010003829;COTAS;24656132.466827000000000;
202501;1482;1982003138;CAIXA;90909.020000000000000;
202501;1482;2010004965;CAIXA;0.000000000000000;
202501;1479;1997002892;COTAS;6485497.944000000000000;
202501;1482;2011000238;TIT_PRIV;8136.900000000000000;
202501;1482;1985000547;COTAS;186466.406087000000000;
202501;1482;1987000692;VL_PG_RC;-23.890000000000000;
202501;1482;2011001129;VL_PG_RC;738.690000000000000;
202501;1482;1987000838;COTAS;19878328.269784000000000;21287281000185
202501;1482;2011002011;CAIXA;0.000000000000000;
202501;1242;1985001683;COTAS;84748.300000000000000;
202501;1482;1987001011;COTAS;13443543.394747000000000;
202501;1479;1997002892;COTAS;690072075.437143000000000;37037679000101
202501;1482;2011002338;CAIXA;0.000000000000000;
202501;1482;2016002174;VL_PG_RC;1386.950000000000000;
202501;1482;1981000674;TIT_PRIV;309.000000000000000;
202501;1482;2018001965;COTAS;274862085.254209000000000;
202501;1482;1987001192;TIT_PUB;39344775.160000000000000;
202501;802;2003001956;COTAS;9304590.691166000000000;
202501;1242;1985001683;COTAS;342483.040000000000000;
202501;1482;1982000211;CAIXA;0.000000000000000;
202501;1482;1982000465;CAIXA;2688351.570000000000000;
202501;1242;1985001683;COTAS;413548.630000000000000;
202501;1482;2018001965;TIT_PUB;26707626.270000000000000;
202501;881;2000003656;COTAS;52991.780283000000000;
202501;1482;1982000929;CAIXA;1941190.680000000000000;
202501;1482;2020000938;VL_PG_RC;-5034.330000000000000;
202501;1242;1985001683;COTAS;255932.700000000000000;
202501;1482;1982000929;COTAS;112562.905539000000000;
202501;1482;1987001419;COTAS;64928117.505592000000000;
202501;1482;1987001811;COTAS;3293555.363980000000000;
202501;1482;1982003138;TIT_PRIV;4634.940000000000000;
202501;881;2000003656;COTAS;3122695.443447000000000;
202501;802;2003001956;VL_PG_RC;134906.200000000000000;
202501;1482;1987001811;VL_PG_RC;-7288.910000000000000;
202501;881;2000003656;COTAS;4033141.859494000000000;
202501;802;9970000000;COTAS;1669336.269472000000000;
202501;1242;1985001683;COTAS;7969845.757833000000000;
202501;1482;1988002656;VL_PG_RC;-21897.800000000000000;
202501;821;1988000238;COTAS;274501.592347000000000;
202501;1482;1989000592;CAIXA;361032.280000000000000;
202501;881;2000003656;OPERACAO_PARTICIPANTE;0.000000000000000;
202501;1482;1989000592;COTAS;5872424.282509000000000;
202501;1482;1989000665;VL_PG_RC;-9563.030000000000000;
202501;1242;1985001683;COTAS;42532013.320532000000000;11541979000121
202501;1482;1983000329;VL_PG_RC;-24121.040000000000000;
202501;1242;1985001683;COTAS;219415153.998987000000000;18731304000194
202501;1242;2021001792;COTAS;169009.610000000000000;
202501;1242;2021001792;COTAS;185082.400000000000000;
202501;1242;2021001792;COTAS;172865.990000000000000;
202501;1482;1985000865;TIT_PRIV;206.000000000000000;
202501;1242;4012420038;COTAS;36984627.514073000000000;
202501;821;1988000238;TIT_PUB;20794799.680000000000000;
202501;881;2000003729;ACOES;1464698.710000000000000;
202501;1242;4012420038;VL_PG_RC;-33931.640000000000000;
202501;881;2000003974;TIT_PRIV;104955.660000000000000;
202501;821;9970000000;CAIXA;0.000000000000000;
202501;1256;2009001265;CAIXA;35415.320000000000000;
202501;1482;1985000865;VL_PG_RC;-114.430000000000000;
202501;864;1971000183;CAIXA;1684210.490000000000000;
202501;1482;1989002211;CAIXA;12.470000000000000;
202501;1482;1989002447;TIT_PRIV;755.320000000000000;
202501;1482;1990001947;CAIXA;2807404.910000000000000;
202501;1482;1990001947;VL_PG_RC;-61418.360000000000000;
202501;1482;1991001347;TIT_PRIV;58777.920000000000000;
202501;1482;2022000129;COTAS;867213.931917000000000;
202501;1482;1992001911;COTAS;1560.725967000000000;
202501;1482;1993001492;VL_PG_RC;-0.680000000000000;
202501;1482;1993001565;COTAS;1241655.238234000000000;
202501;1482;1993002911;COTAS;39951199.614329000000000;
202501;1482;1993003983;CAIXA;0.000000000000000;
202501;1482;1995000418;COTAS;4995.999542000000000;
202501;1482;1995002429;COTAS;325.230527000000000;
202501;1482;1996002538;COTAS;4708464.159355000000000;
202501;1482;1996004956;COTAS;12948135.371445000000000;
202501;1482;1997005011;VL_PG_RC;0.000000000000000;
202501;1482;1998003418;COTAS;13289180.218769000000000;
202501;1261;9970000000;COTAS;2719715.526987000000000;
202501;1482;1998003892;COTAS;167327211.576874000000000;
202501;1482;1998004392;COTAS;726850.224643000000000;
202501;1261;9970000000;COTAS;3475511.355997000000000;
202501;1314;1985000156;COTAS;17639550.551904000000000;
202501;1482;1999001818;TIT_PRIV;74571.050000000000000;
202501;1482;2000003192;COTAS;18315463.431048000000000;
202501;1482;2000003192;VL_PG_RC;-13055.710000000000000;
202501;881;2002001065;TIT_PUB;78444834.250000000000000;
202501;1482;1987000838;CAIXA;0.000000000000000;
202501;1482;2000007211;COTAS;60900834.375791000000000;
202501;864;1971000183;VL_PG_RC;-5.160000000000000;
202501;881;2008001619;COTAS;2129.321006000000000;
202501;1482;1987001011;VL_PG_RC;-14494.120000000000000;
202501;1482;2000007211;COTAS;18700997.440384000000000;
202501;864;2022000692;COTAS;36304124.551402000000000;
202501;1482;1987001265;COTAS;7305743.833772000000000;
202501;1482;2000007211;TIT_PRIV;16067.800000000000000;
202501;864;2023000483;CAIXA;2414.140000000000000;
202501;1482;2001000138;VL_PG_RC;281.110000000000000;
202501;1482;1988001447;CAIXA;42278.690000000000000;
202501;1482;2001001665;VL_PG_RC;1018.950000000000000;
202501;1482;1988002656;COTAS;45782263.772489000000000;
202501;1482;2002001618;COTAS;73616407.100747000000000;
202501;1482;2003001174;COTAS;21247998.574644000000000;
202501;864;9970000000;CAIXA;26728.220000000000000;
202501;878;1999003918;COTAS;9870917.400531000000000;
202501;1482;1989000592;VL_PG_RC;-3772.550000000000000;
202501;881;2008001619;OPERACAO_PARTICIPANTE;0.000000000000000;
202501;1482;1989000665;COTAS;5045396.887273000000000;
202501;878;1999003918;COTAS;16068644.407891000000000;
202501;1482;2004000465;COTAS;45354067.370322000000000;21287493000162
202501;1482;1989001238;VL_PG_RC;-278.660000000000000;
202501;878;1999003918;COTAS;49273256.879917000000000;
202501;1482;2004000465;VL_PG_RC;-34631.780000000000000;
202501;1482;2004001518;COTAS;31093429.435849000000000;
202501;1482;2004001518;TIT_PUB;70783333.200000000000000;
202501;878;1999003918;TIT_PUB;16111881.220000000000000;
202501;1482;2004003138;CAIXA;0.000000000000000;
202501;878;9970000000;CAIXA;1004.000000000000000;
202501;1482;2005001392;CAIXA;0.000000000000000;
202501;1482;2005001392;COTAS;5806558.061884000000000;
202501;881;1979000247;COTAS;327602.305843000000000;
202501;881;2008001619;TIT_PUB;25434298.460000000000000;
202501;1314;1985000156;TIT_PUB;847977154.320000000000000;
202501;1482;2022000129;VL_PG_RC;1395.490000000000000;
202501;1482;2005004065;TIT_PRIV;15690.130000000000000;
202501;881;1979000247;OPERACAO_PARTICIPANTE;0.000000000000000;
202501;1482;1989001556;CAIXA;745863.530000000000000;
202501;1511;9970000000;VL_PG_RC;0.000000000000000;
202501;1523;1977000274;COTAS;3235926.360000000000000;
202501;1482;2005004383;TIT_PUB;5562141.480000000000000;
202501;1523;1977000274;COTAS;-415484.995900000000000;
202501;895;1985000792;COTAS;3782451.349618000000000;
202501;1482;1989002129;TIT_PRIV;1270.320000000000000;
202501;881;1979000247;TIT_PUB;552607078.540000000000000;
202501;1523;1977000274;COTAS;53937343.085236000000000;
202501;881;1994000929;COTAS;93871.982247000000000;
202501;1482;2005004456;COTAS;1774273.562604000000000;31032327000179
202501;1523;1977000274;COTAS;251380019.388508000000000;04684251000193
202501;881;1994000929;COTAS;7054014.435782000000000;
202501;1482;2005005983;VL_PG_RC;-1.430000000000000;
202501;1482;2005006092;COTAS;35409960.475334000000000;
202501;1482;2005006092;COTAS;93836008.963529000000000;
202501;1482;2008000265;COTAS;33928207.444262000000000;
202501;1482;2008000265;COTAS;7013631.160806000000000;
202501;1482;1990001947;COTAS;26952403.448786000000000;
202501;1482;1990001947;COTAS;72272892.991270000000000;
202501;1482;1991001118;CAIXA;341168.820000000000000;
202501;1482;1993003983;TIT_PRIV;68.670000000000000;
202501;1482;2008001318;CAIXA;0.000000000000000;
202501;881;1999004256;ACOES;53395828.470000000000000;
202501;1482;1994004274;COTAS;43327243.733245000000000;
202501;1482;2008001318;VL_PG_RC;-113650.800000000000000;
202501;881;2000003656;TIT_PRIV;4973016.990000000000000;
202501;1482;1995000256;CAIXA;0.000000000000000;
202501;1482;2008003329;VL_PG_RC;-6068.460000000000000;
202501;1523;1998004465;COTAS;21135601.600000000000000;
202501;1314;2005000965;VL_PG_RC;-221230.930000000000000;
202501;1359;1991002165;COTAS;943736.093236000000000;
202501;1482;2009001011;VL_PG_RC;-1525.670000000000000;
202501;1482;2010003829;TIT_PRIV;17063.450000000000000;
202501;1482;2010004965;TIT_PRIV;3330.290000000000000;
202501;1482;2011000483;COTAS;362.364637000000000;32273477000137
202501;1482;2020000938;CAIXA;0.000000000000000;
202501;895;1985000792;TIT_PUB;2605617682.790000000000000;
202501;1482;2021003256;CAIXA;0.000000000000000;
202501;895;2000002511;COTAS;152030.236734000000000;
202501;895;2014002118;COTAS;2454743.215759000000000;
202501;1482;2021003256;VL_PG_RC;49825.630000000000000;
202501;1482;2022000056;COTAS;2423049.392888000000000;
202501;1482;2022000129;COTAS;394394.910217000000000;
202501;1482;9970000000;VL_PG_RC;-11578.530000000000000;
202501;1511;1988002419;CAIXA;136365.810000000000000;
202501;1511;1988002419;COTAS;40768618.790972000000000;23872743000157
202501;1523;1977000274;COTAS;1160803.697339000000000;
202501;1523;1977000274;COTAS;562483101.400934000000000;
202501;1523;1977000274;COTAS;12780379.300000000000000;
202501;1523;1977000274;COTAS;-195846.471363000000000;
202501;1523;1977000274;COTAS;15866610.228748000000000;
202501;1523;1977000274;COTAS;6271461.740245000000000;
202501;1523;1977000274;COTAS;1345830.987800000000000;04714699000102
202501;1523;1977000274;COTAS;27755298.909835000000000;08070787000170
202501;1523;1977000274;COTAS;192124438.606507000000000;50190791000138
202501;1523;1998004465;COTAS;27721.614553000000000;
202501;1523;1998004465;COTAS;-180240.173901000000000;
202501;895;2014002118;TIT_PUB;117140367.580000000000000;
202501;1523;1998004465;COTAS;-2960.195094000000000;
202501;895;2017000183;COTAS;82846.274208000000000;
202501;1359;1991002165;COTAS;1722485.659423000000000;
202501;1482;1995000418;VL_PG_RC;998.070000000000000;
202501;1523;1998004465;COTAS;3683345.340286000000000;
202501;895;2020001829;COTAS;27283.148841000000000;
202501;895;2020001829;VL_PG_RC;-1658.840000000000000;
202501;881;2000003656;VL_PG_RC;837009.920000000000000;
202501;1359;1991002165;COTAS;11675033.936414000000000;
202501;895;2021003574;COTAS;13930.531881000000000;
202501;1523;1998004465;COTAS;2720312.608452000000000;
202501;895;2021003574;VL_PG_RC;-89.190000000000000;
202501;1359;1991002165;COTAS;52155782.107481000000000;
202501;1482;1995000892;VL_PG_RC;-12840.210000000000000;
202501;1523;1998004465;COTAS;1596740.768805000000000;03191766000199
202501;1359;1991002165;COTAS;9858851.267538000000000;
202501;1523;1998004465;COTAS;17996.804758000000000;04137375000159
202501;1482;1995001856;TIT_PRIV;103.000000000000000;
202501;1523;1998004465;COTAS;11373719.466994000000000;15154481000167
202501;881;2000003729;COTAS;8305.994900000000000;
202501;1523;1998004465;COTAS;26182255.589018000000000;16916048000184
202501;1523;1998004465;COTAS;52781.814688000000000;17098803000123
202501;1359;1991002165;COTAS;8868223.337566000000000;
202501;1482;1996003811;COTAS;14027892.749615000000000;
202501;881;2000003729;TIT_PUB;80623956.810000000000000;
202501;1359;1991002165;VL_PG_RC;-329741.600000000000000;
202501;1482;1996004956;VL_PG_RC;-3728.990000000000000;
202501;1523;1998004465;COTAS;17684.987483000000000;
202501;1523;1998004465;COTAS;98501941.482225000000000;27455174000103
202501;881;2000003974;COTAS;1118.554728000000000;
202501;1523;1998004465;COTAS;1569825.260190000000000;04194710000150
202501;1523;1998004465;COTAS;517581655.625249000000000;49382099000122
202501;1482;1997000156;CAIXA;0.000000000000000;
202501;1482;1997001683;VL_PG_RC;-17057.930000000000000;
202501;1359;1991002238;COTAS;1035464.054817000000000;
202501;1523;1998004465;COTAS;23960893.508918000000000;28586408000106
202501;1523;1998004465;COTAS;19490816.833919000000000;51891082000142
202501;895;9970000000;TIT_PUB;76954707.000000000000000;
202501;1523;1998004465;COTAS;7433705.340239000000000;50190791000138
202501;1523;1998004465;COTAS;11214063.713580000000000;50198930000170
202501;919;1980000719;COTAS;249002151.442647000000000;14172204000114
202501;1523;1998004465;VL_PG_RC;31230535.570000000000000;
202501;919;1980000719;COTAS;539619963.724741000000000;18686761000104
202501;1523;2006003674;COTAS;27562623.589425000000000;
202501;919;1980000719;VL_PG_RC;83285457.040000000000000;
202501;919;9970000000;VL_PG_RC;-3231.930000000000000;
202501;922;1981001018;COTAS;459.719586000000000;
202501;922;1981001018;COTAS;21376648.990460000000000;
202501;922;1981001018;OPERACAO_PARTICIPANTE;1395022.970000000000000;
202501;1523;2006003674;COTAS;3641947.140000000000000;
202501;922;2017001392;COTAS;311.877800000000000;
202501;1523;2006003674;COTAS;219146.658960000000000;
202501;922;2017001392;IMOVEIS;3168157.880000000000000;
202501;922;9970000000;COTAS;3522280.748096000000000;
202501;936;1990001483;COTAS;2956491.816852000000000;
202501;936;1990001483;COTAS;6375.126539000000000;
202501;936;1990001483;COTAS;13270911.799304000000000;
202501;936;1990001483;COTAS;123053065.382040000000000;
202501;936;1990001483;OPERACAO_PARTICIPANTE;14024820.969782284200000;
202501;1359;2014001774;COTAS;160801.137827000000000;
202501;1359;2014001774;COTAS;614340.967757000000000;
202501;1381;1980002411;COTAS;27492648.414023000000000;34626114000163
202501;936;1998003256;CAIXA;20056.660000000000000;
202501;1523;2006003674;COTAS;164829913.912296000000000;22791114000130
202501;936;1998003256;COTAS;126.520347000000000;
202501;936;1998003256;COTAS;1190979.268558000000000;
202501;1523;9970000000;COTAS;48335849.591870000000000;14120553000192
202501;936;1998003256;COTAS;1589845.614038000000000;
202501;1523;9970000000;VL_PG_RC;-1615116.090000000000000;
202501;936;1998003256;COTAS;864717.325825000000000;
202501;1537;1980001774;VL_PG_RC;-98591.290000000000000;
202501;936;1998003256;COTAS;10345381.986873000000000;
202501;1537;9970000000;COTAS;3300447.380385000000000;
202501;1537;9970000000;VL_PG_RC;0.000000000000000;
202501;936;2010002156;ACOES;8288.390000000000000;
202501;1554;1978000456;CAIXA;56167.250000000000000;
202501;391;9970000000;VL_PG_RC;-5457.600000000000000;
202501;1381;1980002411;IMOVEIS;95755000.000000000000000;
202501;881;2000003974;COTAS;11539940.933342000000000;
202501;936;2010002156;COTAS;3210250.169978000000000;
202501;1554;1978000456;COTAS;16625062.825988000000000;
202501;936;2010002156;COTAS;793294.653460000000000;
202501;1571;1980001383;CAIXA;2909.790000000000000;
202501;401;1997000611;COTAS;105885468.695285000000000;37242190000163
202501;936;2010002156;COTAS;1142494.500709000000000;
202501;1571;1980001383;COTAS;33178037.738356000000000;
202501;1381;2006005138;COTAS;7958441.166965000000000;
202501;1585;2006000911;CAIXA;933784.990000000000000;
202501;1585;2006000911;COTAS;23820657.405204000000000;
202501;1585;2006000911;COTAS;5901449.518593000000000;
202501;401;9970000000;COTAS;1357256.329707000000000;
202501;1585;2006000911;COTAS;5708530.118399000000000;
202501;936;2010002156;COTAS;19111002.638000000000000;
202501;477;1985000318;COTAS;162750.583171000000000;
202501;1403;1981000747;ACOES;14810.250000000000000;
202501;1403;1981000747;COTAS;1020508.258638000000000;
202501;1482;1998002683;VL_PG_RC;0.000000000000000;
202501;936;2010002156;COTAS;12148887.573400000000000;
202501;881;2002001065;ACOES;666736.220000000000000;
202501;1482;1998003892;COTAS;29138956.425199000000000;
202501;936;2010002156;COTAS;2481019.958275000000000;
202501;881;9970000000;TIT_PUB;243474189.010000000000000;
202501;936;2010002156;COTAS;4385140.994612000000000;
202501;1403;1981000747;COTAS;1426886.761098000000000;
202501;895;1985000792;ACOES;66370.620000000000000;
202501;936;2010002156;COTAS;136209778.348913000000000;
202501;1482;1998003892;VL_PG_RC;-11653.530000000000000;
202501;936;2010002156;VL_PG_RC;-44236.470000000000000;
202501;1482;1998004392;VL_PG_RC;-45448.950000000000000;
202501;895;1985000792;CAIXA;475930.780000000000000;
202501;1403;1981000747;VL_PG_RC;-419.190000000000000;
202501;1585;9970000000;VL_PG_RC;-292.730000000000000;
202501;941;1980001618;COTAS;13768808.011596000000000;
202501;895;2012001718;VL_PG_RC;-29028.890000000000000;
202501;1403;2000008038;COTAS;5605328.048817000000000;
202501;941;1998007774;COTAS;36448071.309887000000000;
202501;1599;1979001219;IMOVEIS;6476326.490000000000000;
202501;895;2014002118;COTAS;251169.571621000000000;
202501;1599;2001002483;IMOVEIS;241499.080000000000000;
202501;1482;1999000218;TIT_PRIV;7656.240000000000000;
202501;1599;9970000000;COTAS;866753.141332000000000;58037777000100
202501;1612;2022002229;COTAS;1561811572.426217000000000;18000683000142
202501;895;9970000000;COTAS;6285405.445387000000000;
202501;1482;1999001419;CAIXA;0.000000000000000;
202501;919;1980000719;COTAS;150572891.225721000000000;06095452000180
202501;1482;1999001818;CAIXA;0.000000000000000;
202501;919;1980000719;COTAS;513971945.898647000000000;14172627000134
202501;1612;9970000000;COTAS;585021.194315000000000;
202501;1403;2000008038;COTAS;3860224.506244000000000;
202501;1612;9970000000;VL_PG_RC;-1335.380000000000000;
202501;941;1998007774;COTAS;1976258.616865000000000;
202501;1403;2000008038;COTAS;4343525.284426000000000;
202501;1403;2000008038;COTAS;2531461.380555000000000;
202501;941;9970000000;COTAS;64475104.543727000000000;22150448000124
202501;1403;2000008038;COTAS;16486581.097409000000000;41300431000150
202501;1403;2000008038;TIT_PRIV;11445803.650000000000000;
202501;1403;2008004783;CAIXA;5135.550000000000000;
202501;1403;2008004783;COTAS;2224027.810713000000000;
202501;1403;2008004783;COTAS;2880801.201316000000000;
202501;953;1976000165;CAIXA;195018.150000000000000;
202501;1403;2008004783;COTAS;1742762.775801000000000;
202501;1403;2008004783;COTAS;1159570.188866000000000;
202501;953;9970000000;CAIXA;91726.940000000000000;
202501;1403;2008004783;IMOVEIS;4951351.250000000000000;
202501;1661;9970000000;COTAS;280115.780700000000000;
202501;967;1991001029;COTAS;2277692051.205317000000000;21082123000199
202501;1403;2016000619;ACOES;97897.380000000000000;
202501;967;2000000819;TIT_PRIV;212458.020000000000000;
202501;1674;1989002056;COTAS;49268.750000000000000;
202501;967;2000000983;TIT_PRIV;58502.930000000000000;
202501;967;2000004318;VL_PG_RC;28142.760000000000000;
202501;1403;2016000619;COTAS;9343014.355081000000000;
202501;967;2002003947;TIT_PRIV;3702619.920000000000000;
202501;1403;2016000619;COTAS;8526177.698130000000000;
202501;1403;2016000619;COTAS;6348656.777152000000000;
202501;1403;9970000000;COTAS;355001.441182000000000;
202501;1434;1985000474;COTAS;5059494.551907000000000;17285268000110
202501;1434;1985000474;VL_PG_RC;-287224.710000000000000;
202501;1434;1996002211;COTAS;10118989.103815000000000;17285268000110
202501;1434;1996002211;VL_PG_RC;-283285.390000000000000;
202501;1434;2000000411;COTAS;16.160000000000000;
202501;1434;2000000411;VL_PG_RC;-449999.840000000000000;
202501;1434;2000006965;COTAS;583161.537904000000000;
202501;967;2013001592;COTAS;968668.000000000000000;
202501;1674;1989002056;COTAS;945937.735520000000000;
202501;1674;1989002056;COTAS;250336.212002000000000;
202501;1434;2000006965;COTAS;0.034115000000000;
202501;1482;1999001818;COTAS;7039176.001974000000000;
202501;922;1981001018;CAIXA;6294.480000000000000;
202501;1482;2000004083;CAIXA;0.000000000000000;
202501;1482;2000004083;COTAS;15357924.737264000000000;
202501;1482;2000007211;COTAS;180745327.498724000000000;
202501;1482;2000007211;COTAS;57957477.234240000000000;
202501;967;2013001592;VL_PG_RC;255305.790000000000000;
202501;922;1981001018;COTAS;10312.962333000000000;
202501;1434;2000006965;COTAS;21787.153209000000000;
202501;1482;2000007211;COTAS;171305765.422503000000000;
202501;922;9970000000;CAIXA;158840.970000000000000;
202501;1434;2000006965;COTAS;7254490.322896000000000;
202501;1482;2001000138;COTAS;150692255.529180000000000;
202501;936;1990001483;COTAS;513865.647547000000000;
202501;1434;2005005029;COTAS;3405438.144342000000000;04495282000104
202501;1674;1989002056;COTAS;261883.052756000000000;
202501;1523;1998004465;IMOVEIS;69676763.090000000000000;
202501;1523;2006003674;COTAS;1597.206715000000000;
202501;1523;2006003674;COTAS;115564.292495000000000;
202501;1523;2006003674;COTAS;158987823.750000000000000;
202501;1523;2006003674;COTAS;1779522.470482000000000;
202501;1482;2001000383;COTAS;11792124.025399000000000;
202501;1523;2006003674;COTAS;421048.880030000000000;
202501;1523;2006003674;COTAS;21236055.019329000000000;
202501;1523;2006003674;COTAS;37513706.688987000000000;39753127000117
202501;1482;2001000383;COTAS;10377596.854296000000000;
202501;1482;2001001665;COTAS;11402.789008000000000;
202501;1523;2006003674;COTAS;2749366278.909771000000000;49382099000122
202501;1482;2002001618;VL_PG_RC;-1511.720000000000000;
202501;1523;2006003674;COTAS;240873510.785690000000000;53245893000100
202501;1523;9970000000;CAIXA;7585.990000000000000;
202501;1674;1989002056;COTAS;453284.842138000000000;
202501;1523;9970000000;COTAS;99709.831932000000000;50190791000138
202501;1537;1988000165;COTAS;6649396.369838000000000;
202501;1674;1989002056;COTAS;630570.328702000000000;
202501;1537;1988000165;COTAS;16502018.807639000000000;
202501;1674;2014000492;COTAS;355962.000000000000000;
202501;1482;2003000119;TIT_PUB;337977863.640000000000000;
202501;1537;1988000165;COTAS;42931309.764249000000000;
202501;1674;2014000492;COTAS;2271761.509527000000000;
202501;1537;1988000165;COTAS;23541375.710434000000000;
202501;1674;2014000492;COTAS;3353283.481806000000000;
202501;1482;2003001247;VL_PG_RC;-614.500000000000000;
202501;1482;2004000465;COTAS;1059397259.870243000000000;09523179000136
202501;1482;2004000538;COTAS;211116787.957266000000000;
202501;1482;2004003138;COTAS;4523660.649465000000000;
202501;1482;2004003138;TIT_PUB;20222585.190000000000000;
202501;1482;2005001074;TIT_PUB;51035902.050000000000000;
202501;936;1990001483;COTAS;38310952.211061000000000;
202501;1674;2014000492;VL_PG_RC;775364.250000000000000;
202501;967;9970000000;COTAS;2105110.914432000000000;
202501;1674;2015000356;COTAS;37076.195794000000000;
202501;1482;2005004138;CAIXA;0.000000000000000;
202501;1674;2015000356;COTAS;26683705.423540000000000;
202501;1482;2005005665;COTAS;7027853.163277000000000;
202501;1674;2015000356;COTAS;1716791.815351000000000;
202501;1674;2015000356;COTAS;1714164.183911000000000;
202501;1482;2005006092;COTAS;40160878.020059000000000;
202501;1434;2005005029;COTAS;50081634.138396000000000;33624828000170
202501;1674;2015000356;COTAS;497922.740769000000000;
202501;971;2000006711;COTAS;225277.360197000000000;
202501;936;1990001483;VL_PG_RC;2656914.670000000000000;
202501;1674;2015000356;COTAS;225635.490686000000000;
202501;971;2000006711;COTAS;13963602.994617000000000;
202501;936;1998003256;COTAS;388025.118135000000000;
202501;936;1998003256;COTAS;2995059.487885000000000;
202501;971;2000006711;COTAS;2798031.892986000000000;
202501;1434;2005005029;COTAS;38570716.385969000000000;41799499000126
202501;1674;2016000783;COTAS;648855.271441000000000;
202501;984;1981000992;COTAS;2387309.169378000000000;
202501;1434;2008000974;COTAS;14824120.689059000000000;33624828000170
202501;984;1981000992;OPERACAO_PARTICIPANTE;38541.470000000000000;
202501;984;1985001292;COTAS;1540393.318440000000000;
202501;1434;2008000974;VL_PG_RC;-46938.670000000000000;
202501;936;2010002156;COTAS;813756.628172000000000;
202501;936;2010002156;COTAS;32829992.828667000000000;
202501;1482;2006003038;VL_PG_RC;-8631.270000000000000;
202501;1482;2008000265;VL_PG_RC;-106854.770000000000000;
202501;1451;1979001618;COTAS;15431722.796238000000000;
202501;936;2010002156;COTAS;8022690.773161000000000;
202501;984;1990001629;COTAS;2676187.905192000000000;
202501;1482;2008001156;COTAS;43336747.615710000000000;
202501;1482;2009001011;COTAS;61675444.046772000000000;
202501;1674;2016000783;COTAS;866273.561081000000000;
202501;1482;2009001818;COTAS;582218.626432000000000;
202501;1482;2010001729;TIT_PRIV;23758.360000000000000;
202501;936;2010002156;COTAS;20440069.082347000000000;
202501;984;1990001629;COTAS;230447.401874000000000;
202501;1674;2016000783;COTAS;1884845.532148000000000;
202501;1482;2010002938;VL_PG_RC;-1479.940000000000000;
202501;1674;2016000783;COTAS;66045.779348000000000;
202501;984;1990001629;COTAS;81865.989771000000000;
202501;984;1990001629;COTAS;329459.174756000000000;
202501;1482;2010003829;CAIXA;0.000000000000000;
202501;984;1990001629;COTAS;54279.743602000000000;
202501;1482;2011001129;CAIXA;0.000000000000000;
202501;984;1994002883;COTAS;5672090.301549000000000;
202501;1482;2011001129;COTAS;48041386.823320000000000;
202501;984;2000007783;COTAS;6726438.596469000000000;
202501;1674;2016000783;COTAS;1174204.971354000000000;
202501;1482;2011002338;VL_PG_RC;-4786.960000000000000;
202501;984;2000007783;COTAS;1346591.971014000000000;
202501;1482;2016002174;COTAS;31109174.445099000000000;
202501;984;2000007783;COTAS;478374.169650000000000;
202501;984;2000007783;COTAS;1925155.484094000000000;
202501;984;2000007783;COTAS;317177.222787000000000;
202501;984;2000007783;VL_PG_RC;151203.620000000000000;
202501;1674;2019001918;CAIXA;743362.590000000000000;
202501;984;2005001538;COTAS;4865652.416555000000000;
202501;1482;2018001965;VL_PG_RC;-64896.770000000000000;
202501;984;2017001211;COTAS;3854805.876368000000000;
202501;1482;2022000129;CAIXA;0.000000000000000;
202501;1451;1979001618;TIT_PUB;1636860101.000000000000000;
202501;1674;2019001918;COTAS;14656672.481799000000000;
202501;1451;2006002929;COTAS;928152.871261000000000;
202501;984;2017001211;COTAS;38538670.220719000000000;
202501;1482;2023001374;CAIXA;0.000000000000000;
202501;984;2017001211;COTAS;1893461.358557000000000;
202501;1482;9970000000;COTAS;6716784.880714000000000;
202501;1451;2006002929;COTAS;8277.008908000000000;
202501;1451;9970000000;COTAS;4806432.002933000000000;
202501;1506;1979001383;ACOES;8754.860000000000000;
202501;1479;1997002711;COTAS;31583425.096374000000000;
202501;1511;9970000000;COTAS;1451763.454888000000000;
202501;1479;1997002711;COTAS;96179024.119519000000000;
202501;1479;1997002711;COTAS;19991556.272745000000000;
202501;1523;1977000274;ACOES;1812920364.130000000000000;
202501;1523;1977000274;COTAS;-425655.569404000000000;
202501;1674;2019001918;COTAS;3106366.572767000000000;
202501;1523;1977000274;COTAS;321026.983232000000000;
202501;1674;2019001918;COTAS;2395993.499456000000000;
202501;1674;2019001918;COTAS;1875236.444432000000000;
202501;1523;1977000274;COTAS;3458042.942468000000000;
202501;1674;2019001918;COTAS;2559583.349493000000000;
202501;1523;1977000274;COTAS;451834.048910000000000;
202501;1674;2019001918;COTAS;111767.107203000000000;
202501;1674;9970000000;COTAS;468218.898021000000000;
202501;984;9970000000;CAIXA;40150.820000000000000;
202501;936;2010002156;TIT_PUB;394744218.830000000000000;
202501;1674;9970000000;VL_PG_RC;-87.830000000000000;
202501;1479;1997002711;COTAS;430409570.762417000000000;32320637000151
202501;1688;1979002274;CAIXA;72541.270000000000000;
202501;936;2022002792;COTAS;840064.853250000000000;
202501;1688;1979002274;COTAS;1360099657.930415000000000;51531685000133
202501;1688;2021000419;COTAS;14103243.818841000000000;04786973000159
202501;936;9970000000;CAIXA;5040.470000000000000;
202501;936;9970000000;COTAS;62834070.231258000000000;
202501;1701;1999000838;COTAS;26193679.380954000000000;
202501;936;9970000000;VL_PG_RC;-6043.220000000000000;
202501;1715;1979000174;COTAS;9712837.706311000000000;
202501;941;1980001618;COTAS;31730388.754391000000000;
202501;1523;1977000274;COTAS;10678134.156943000000000;
202501;941;1980001618;COTAS;28773165.573723000000000;
202501;1715;1979000174;COTAS;3857327.367788000000000;
202501;1715;1979000174;COTAS;22865687.827690000000000;
202501;941;1980001618;COTAS;10988744.536956000000000;
202501;1715;1979000174;COTAS;7647573.995952000000000;
202501;941;1980001618;COTAS;28288267.337904000000000;
202501;1479;1997002711;TIT_PUB;977872162.620000000000000;
202501;1523;1977000274;COTAS;4920501888.786725000000000;14386893000160
202501;941;1980001618;COTAS;23486554.562261000000000;
202501;1479;1997002892;COTAS;70863128.710712000000000;
202501;1523;1977000274;COTAS;25486320.267084000000000;39753127000117
202501;1479;1997002892;COTAS;3921078193.568490000000000;05983533000154
202501;1523;1998004465;COTAS;59694.667218000000000;
202501;1479;2012000738;COTAS;176250.877033000000000;
202501;1715;1979000174;VL_PG_RC;291802.170000000000000;
202501;941;1980001618;IMOVEIS;36381838.400000000000000;
202501;1479;2012000738;COTAS;317622.676758000000000;
202501;1715;2008004619;COTAS;2344888.072035000000000;
202501;941;1998007774;COTAS;77003316.163950000000000;
202501;984;9970000000;COTAS;73935.189394000000000;
202501;1715;2008004619;COTAS;341500.036728000000000;
202501;998;1988001129;CAIXA;14589.080000000000000;
202501;998;1998006638;COTAS;1243520568.768289000000000;05024715000106
202501;998;1998006638;COTAS;128989011.799239000000000;41559542000186
202501;1523;1998004465;COTAS;1600624.550796000000000;
202501;1715;2008004619;COTAS;9114505.643722000000000;
202501;1479;2012000738;COTAS;925379.741631000000000;
202501;1523;1998004465;COTAS;13219539.800000000000000;
202501;1523;1998004465;COTAS;88250.907783000000000;04714699000102
202501;1523;1998004465;COTAS;108942334.162001000000000;14387403000140
202501;1715;2008004619;COTAS;13295752.590621000000000;
202501;1612;2022002229;CAIXA;179444.070000000000000;
202501;1523;1998004465;COTAS;2121685.224181000000000;16877602000161
202501;1523;1998004465;COTAS;16636083.185748000000000;22791114000130
202501;1657;1987001338;CAIXA;644.380000000000000;
202501;1523;1998004465;COTAS;889276640.631507000000000;24651157000145
202501;1657;9970000000;VL_PG_RC;0.000000000000000;
202501;1715;2008004619;COTAS;18636131.334756000000000;
202501;1661;9970000000;CAIXA;77101.290000000000000;
202501;1715;2008004619;COTAS;42730661.800719000000000;
202501;1479;2012000738;COTAS;1754169.873777000000000;41326144000110
202501;1479;2012000738;VL_PG_RC;-1524.460000000000000;
202501;1523;1998004465;COTAS;17537276.937317000000000;53275192000105
202501;1523;2006003674;CAIXA;992.340000000000000;
202501;1479;9970000000;COTAS;28602636.725165000000000;37037679000101
202501;1523;2006003674;COTAS;12860369.873487000000000;
202501;998;1998006638;OPERACAO_PARTICIPANTE;40463820.756000537100000;
202501;1523;2006003674;COTAS;5904297.200210000000000;
202501;1482;1979005411;CAIXA;4338.740000000000000;
202501;1523;2006003674;COTAS;44680844.670000000000000;
202501;1523;2006003674;COTAS;2738197193.537853000000000;03524814000113
202501;998;9970000000;COTAS;43862610.367344000000000;04701088000120
202501;1523;2006003674;COTAS;124140963.810777000000000;04684251000193
202501;1715;2008004619;COTAS;31477674.691592000000000;
202501;1482;1982003211;COTAS;65041.466862000000000;
202501;1523;2006003674;COTAS;377352.776045000000000;17098803000123
202501;1482;1985000547;TIT_PRIV;1201.650000000000000;
202501;1523;2006003674;COTAS;188779377.554713000000000;28581662000111
202501;1715;9970000000;CAIXA;109887.620000000000000;
202501;1523;2006003674;COTAS;267929039.510927000000000;53275192000105
202501;1715;9970000000;COTAS;1727234.712767000000000;
202501;1715;9970000000;COTAS;3591613.384113000000000;
202501;941;1998007774;COTAS;29440109.251527000000000;
202501;1729;1990001092;TIT_PUB;861178780.350000000000000;
202501;1732;1985001111;VL_PG_RC;1996.740000000000000;
202501;1746;1982003065;COTAS;193547.781000000000000;
202501;941;9970000000;IMOVEIS;15895000.000000000000000;
202501;1482;1987001265;CAIXA;6252817.370000000000000;
202501;953;1976000238;COTAS;3239840.610001000000000;
202501;1482;1987001419;CAIXA;0.000000000000000;
202501;1482;1988001447;COTAS;0.000000000000000;
202501;1482;1989001238;TIT_PRIV;103.000000000000000;
202501;1482;1989001483;TIT_PRIV;206.000000000000000;
202501;953;1976000238;VL_PG_RC;-10196.390000000000000;
202501;1482;1989002211;COTAS;70.841710000000000;
202501;967;1991001029;ACOES;1965639.560000000000000;
202501;1482;1989002447;COTAS;1078836.371607000000000;
202501;967;2000001947;CAIXA;685.200000000000000;
202501;1482;1991001118;COTAS;1141.033274000000000;
202501;967;2000001947;COTAS;54646546.109102000000000;10462501000143
202501;967;2000004318;COTAS;5116006.532214000000000;
202501;967;2002003947;COTAS;292388099.856317000000000;05091139000101
202501;1482;1991001347;TIT_PUB;29065612.740000000000000;
202501;1482;1992001847;CAIXA;158102.670000000000000;
202501;967;2013001592;COTAS;44922.714144000000000;
202501;1482;1993001565;CAIXA;553180.280000000000000;
202501;1746;1982003065;COTAS;15817473.274348000000000;
202501;1033;1975000218;TIT_PUB;829923401.110000000000000;
202501;1746;1982003065;VL_PG_RC;-60159.560000000000000;
202501;1746;9970000000;VL_PG_RC;0.000000000000000;
202501;1033;1979003556;COTAS;101959023.577533000000000;
202501;967;9970000000;COTAS;1021153715.002376000000000;20726687000154
202501;1763;1990000819;COTAS;6440807.958399000000000;
202501;1482;1993001565;TIT_PUB;8287029.290000000000000;
202501;971;2000006711;COTAS;1886856.385289000000000;
202501;1033;1979003556;COTAS;35956323.098523000000000;
202501;971;2000006711;COTAS;4300959.898575000000000;
202501;971;2000006711;COTAS;1716030.229071000000000;
202501;1763;1990000819;COTAS;7763554.279083000000000;
202501;971;2000006711;COTAS;2869990.444423000000000;
202501;1763;9970000000;CAIXA;7777.980000000000000;
202501;971;2000006711;COTAS;2883030.408226000000000;
202501;984;1981000992;COTAS;2983703.837520000000000;
202501;984;1981000992;COTAS;309222.512135000000000;
202501;1781;1904000118;COTAS;678699489.290194000000000;05832319000105
202501;984;1981000992;COTAS;536963.658117000000000;
202501;1781;1980000174;COTAS;1182163.110471000000000;
202501;1033;1979003556;IMOVEIS;2605087.260000000000000;
202501;984;1981000992;COTAS;929318.119299000000000;
202501;1781;1980000174;COTAS;42549963.939631000000000;
202501;1033;1996003674;COTAS;136505.482451000000000;
202501;984;1985001292;CAIXA;200858.980000000000000;
202501;1033;1996003674;COTAS;324906.131981000000000;
202501;984;1990001629;COTAS;586137.782236000000000;
202501;984;1990001629;COTAS;230714.635228000000000;
202501;984;1994002883;COTAS;1370420.966857000000000;
202501;1033;1996003674;COTAS;38952258.235967000000000;
202501;984;1994002883;COTAS;6070448.764335000000000;
202501;984;1994002883;COTAS;566387.870775000000000;
202501;1033;1996003674;COTAS;249634.529047000000000;
202501;1482;1993001956;COTAS;734.678630000000000;
202501;984;1994002883;COTAS;214915.693496000000000;
202501;1033;1996003674;OPERACAO_PARTICIPANTE;55212500.053983588000000;
202501;1482;1993002911;CAIXA;1394170.010000000000000;
202501;1781;1980000174;OPERACAO_PARTICIPANTE;6508406820.570000000000000;
202501;984;1994002883;COTAS;133133.510158000000000;
202501;984;2000007783;COTAS;3425026.383710000000000;
202501;984;2005001538;COTAS;6168494.288959000000000;
202501;1781;1998003574;COTAS;13157603.212357000000000;
202501;1482;1995000256;TIT_PUB;4239846.140000000000000;
202501;1781;1998003574;COTAS;719556591.442059000000000;49766087000100
202501;1781;1998003574;COTAS;5079287960.326288000000000;49766541000114
202501;984;2005001538;COTAS;20138643.927912000000000;
202501;1482;1996002538;CAIXA;0.000000000000000;
202501;1781;1998003574;OPERACAO_PARTICIPANTE;3823810233.140000000000000;
202501;984;2005001538;COTAS;2013280.836226000000000;
202501;1482;1996003811;CAIXA;0.000000000000000;
202501;984;2017001211;COTAS;5527453.799005000000000;
202501;1482;1996003811;COTAS;1130142.563596000000000;
202501;984;2017001211;VL_PG_RC;330319.820000000000000;
202501;1794;1981001956;COTAS;337441295.965403000000000;
202501;984;9970000000;COTAS;82742.663628000000000;
202501;1482;1996003811;TIT_PUB;8090643.320000000000000;
202501;1482;1997002574;VL_PG_RC;0.000000000000000;
202501;1482;1998003474;TIT_PRIV;68.670000000000000;
202501;1482;1998005747;COTAS;56771082.716051000000000;
202501;1482;1998005747;VL_PG_RC;-67546.440000000000000;
202501;1482;1999000218;VL_PG_RC;-3459.380000000000000;
202501;984;9970000000;COTAS;823990.675971000000000;
202501;984;9970000000;COTAS;74123.018482000000000;
202501;998;1998006638;COTAS;15223643.718231000000000;
202501;998;9970000000;CAIXA;38701.560000000000000;
202501;1482;1999001818;TIT_PUB;52892517.870000000000000;
202501;1033;1996003674;TIT_PUB;1363898089.780000000000000;
202501;1482;2000003192;CAIXA;0.000000000000000;
202501;998;9970000000;VL_PG_RC;0.000000000000000;
202501;1482;2000004083;COTAS;3291384.051353000000000;32273485000183
202501;1033;1975000218;COTAS;1318149.138898000000000;
202501;1482;2000004083;OPERACAO_PARTICIPANTE;254224.360000000000000;
202501;1033;2000007538;COTAS;20328.540000000000000;
202501;1033;1975000218;COTAS;67.716809000000000;
202501;1033;1975000218;COTAS;239701344.218587000000000;18000701000196
202501;1033;1975000218;VL_PG_RC;-2121085.860000000000000;
202501;1033;2000007538;COTAS;1095493.000000000000000;
202501;1804;1988001838;TIT_PUB;1025744437.750000000000000;
202501;1804;9970000000;VL_PG_RC;0.000000000000000;
202501;1033;2000007538;TIT_PUB;90304462.650000000000000;
202501;1818;2002000174;CAIXA;375355.370000000000000;
202501;1033;1979003556;COTAS;11914978.542341000000000;
202501;1033;1979003556;COTAS;28366015.281913000000000;
202501;1821;1980002274;CAIXA;5546709.260000000000000;
202501;1033;9970000000;CAIXA;31309.450000000000000;
202501;1033;1979003556;COTAS;9622388.806178000000000;
202501;1051;1991001411;ACOES;18032715.000000000000000;
202501;1051;1991001411;COTAS;129152123.325930000000000;
202501;1051;1991001411;COTAS;46638838.119010000000000;
202501;1033;1979003556;COTAS;21876453.371292000000000;
202501;1051;1991001411;COTAS;51231206.682765000000000;
202501;1033;1996003674;COTAS;81125873.089955000000000;
202501;1033;1996003674;COTAS;829322.823909000000000;
202501;1051;1991001411;VL_PG_RC;1853662.560000000000000;
202501;1033;1996003674;COTAS;551860769.835818000000000;18000701000196
202501;1078;1984000918;COTAS;22188819.996892000000000;
202501;1033;2000007538;COTAS;5.823680000000000;
202501;1482;2000007211;COTAS;2.779547000000000;
202501;1078;1984000918;COTAS;86015717.390054000000000;01424041000178
202501;1033;2000007538;COTAS;26737.628968000000000;
202501;1482;2001000138;CAIXA;0.000000000000000;
202501;1033;2000007538;COTAS;348157741.583299000000000;18000701000196
202501;1081;1979004374;COTAS;2900.915955000000000;
202501;1051;1991001411;COTAS;39915604.637361000000000;
202501;1482;2001000383;CAIXA;0.000000000000000;
202501;1482;2001000383;COTAS;4845286.727040000000000;
202501;1852;1985001047;CAIXA;928686.410000000000000;
202501;1852;1985001047;COTAS;205468383.677946000000000;
202501;1482;2003001174;COTAS;1582610.334764000000000;31032327000179
202501;1081;1979004374;COTAS;3636175.026802000000000;
202501;1081;1979004374;COTAS;2654743.320682000000000;
202501;1051;1991001411;OPCOES;5376391.350000000000000;
202501;1081;1979004374;COTAS;24576957.466337000000000;
202501;1081;1979004374;OPERACAO_PARTICIPANTE;11371862.254266000000000;
202501;1078;1984000918;COTAS;20375882.639026000000000;
202501;1078;1984000918;TIT_PRIV;899521.880000000000000;
202501;1852;1985001047;COTAS;428831803.013482000000000;11121992000121
202501;1482;2004000392;VL_PG_RC;-3532.950000000000000;
202501;1081;1979004374;TIT_PRIV;8666151.560000000000000;
202501;1081;1979004447;COTAS;86212890.566479000000000;
202501;1883;2006003356;COTAS;62866055.728959000000000;
202501;1081;1979004692;COTAS;3732824.480666000000000;
202501;1883;2006003356;TIT_PRIV;98638.410000000000000;
202501;1911;1992001618;COTAS;81294.197129000000000;21791224000139
202501;1911;1994001992;COTAS;685922.781835000000000;21791224000139
202501;1911;1997003211;COTAS;24781656.623232000000000;36521640000194
202501;1911;1998005518;COTAS;17634258.959883000000000;42479278000133
202501;1081;1979004374;TIT_PUB;367115218.630000000000000;
202501;1911;1998005518;COTAS;728501.498365000000000;54366569000102
202501;1081;1979004447;CAIXA;1433369.020000000000000;
202501;1081;1979004692;COTAS;-13420.137395000000000;
202501;1081;1979004692;COTAS;1372903.621841000000000;
202501;1081;2002001456;COTAS;17090808.575297000000000;
202501;1081;1979004692;TIT_PUB;365937818.450000000000000;
202501;1537;1988000165;VL_PG_RC;26931248.100000000000000;
202501;1541;1986000656;ACOES;34680819.390000000000000;
202501;1482;2005001074;COTAS;4578999.435138000000000;
202501;1482;2005001392;VL_PG_RC;-891.140000000000000;
202501;1911;1999002156;COTAS;2097274.297249000000000;
202501;1911;2000006183;COTAS;69193718.515490000000000;
202501;1541;1986000656;COTAS;1726798.115033000000000;
202501;1081;2002001456;COTAS;16731.310916000000000;
202501;1541;1986000656;COTAS;5921937.058593000000000;
202501;1541;1986000656;VL_PG_RC;940379.040000000000000;
202501;1541;9970000000;VL_PG_RC;0.010000000000000;
202501;1081;2002001456;COTAS;19088627.588590000000000;
202501;1554;1978000456;COTAS;41013470.618073000000000;
202501;1523;2006003674;IMOVEIS;100058846.100000000000000;
202501;1081;2002001456;COTAS;164545280.583239000000000;
202501;1911;2000006183;COTAS;160828110.822839000000000;50069086000187
202501;1571;1996000365;COTAS;2591082101.422815000000000;02294026000115
202501;1674;1989002056;CAIXA;14499.200000000000000;
202501;1674;1989002056;COTAS;2001726.722879000000000;
202501;1911;2000006183;TIT_PUB;193963598.570000000000000;
202501;1081;2003001311;COTAS;467390.278288000000000;
202501;1482;2005004138;COTAS;63006881.844797000000000;
202501;1537;1980001774;CAIXA;16306.740000000000000;
202501;1537;1980001774;COTAS;49503317.024505000000000;
202501;1585;2006000911;COTAS;1651991.732810000000000;
202501;1081;2003001311;COTAS;4163975.786705000000000;
202501;1482;2005004383;COTAS;127508969.552812000000000;
202501;1081;2003001311;OPERACAO_PARTICIPANTE;4275023.422203000000000;
202501;1585;2006000911;COTAS;5076499.623477000000000;
202501;1674;1989002056;COTAS;240527.479417000000000;
202501;1911;2005004847;COTAS;267499.772093000000000;
202501;1585;2006000911;COTAS;40391968.218521000000000;
202501;1482;2005004456;VL_PG_RC;-1190.850000000000000;
202501;1537;1980001774;COTAS;19825648.711530000000000;
202501;1674;1989002056;COTAS;97509.870184000000000;
202501;1585;2006000911;COTAS;57186567.204409000000000;09521007000123
202501;1482;2005005665;COTAS;3355266.781315000000000;31032327000179
202501;1674;1989002056;COTAS;842429.643408000000000;
202501;1081;2003001311;TIT_PUB;18316096.560000000000000;
202501;1674;1989002056;COTAS;24290.095827000000000;
202501;1081;2015000992;ACOES;74201.850000000000000;
202501;1585;2006000911;VL_PG_RC;-2685341.710000000000000;
202501;1674;2014000492;COTAS;12829181.816139000000000;
202501;1911;2005004847;OPERACAO_PARTICIPANTE;1390115.771358587200000;
202501;1599;1979001219;COTAS;31580345.346389000000000;36440234000105
202501;1482;2005006092;CAIXA;0.000000000000000;
202501;1599;1979001219;COTAS;55921938.589563000000000;58037777000100
202501;1537;1980001774;IMOVEIS;1309193.380000000000000;
202501;1081;2015000992;COTAS;34431.605705000000000;
202501;1482;2008001156;VL_PG_RC;-8228.940000000000000;
202501;1081;2002001456;VL_PG_RC;-19997389.160000000000000;
202501;1674;2014000492;COTAS;3349281.316263000000000;
202501;1081;2003001311;ACOES;1081676.250000000000000;
202501;1081;2003001311;COTAS;-1114.177389000000000;
202501;1599;2001002483;CAIXA;27.860000000000000;
202501;1081;2015000992;COTAS;12907.759198000000000;
202501;1599;2001002483;COTAS;8165501.216552000000000;36440234000105
202501;1482;2008001318;COTAS;356446487.507224000000000;39807355000122
202501;1537;1980001774;TIT_PUB;340257426.770000000000000;
202501;1674;2015000356;COTAS;1474107.582340000000000;
202501;1674;2015000356;COTAS;1529930.511482000000000;
202501;1081;2005000329;COTAS;-82.899475000000000;
202501;1537;1988000165;COTAS;121706720.860310000000000;
202501;1081;2016002247;COTAS;6728.225426000000000;
202501;1482;2010003111;TIT_PRIV;5802.260000000000000;
202501;1537;1988000165;IMOVEIS;1220301.650000000000000;
202501;1674;2015000356;COTAS;3015679.382626000000000;
202501;1081;2010004256;COTAS;-282.116689000000000;
202501;1674;2016000783;COTAS;8746206.271994000000000;
202501;1482;2010003111;VL_PG_RC;-20379.980000000000000;
202501;1911;2006001411;COTAS;5950508.766590000000000;26304143000180
202501;1657;1987001338;COTAS;4548116.049857000000000;
202501;1661;1990001718;COTAS;7255.899955000000000;
202501;1482;2010004965;VL_PG_RC;-9995.920000000000000;
202501;1661;1990001718;COTAS;5687715.960367000000000;
202501;1081;2016002247;COTAS;7717.823890000000000;
202501;1482;2011000238;COTAS;8036399.728083000000000;
202501;1081;2016002311;ACOES;50683.920000000000000;
202501;1674;2016000783;COTAS;1282009.209604000000000;
202501;1537;9970000000;CAIXA;539.260000000000000;
202501;1081;2016002311;COTAS;25181.585684000000000;
202501;1081;2016002311;COTAS;9235.377261000000000;
202501;1674;2016000783;COTAS;11485463.437484000000000;
202501;1081;2021001547;CAIXA;1992.240000000000000;
202501;1482;2011000483;COTAS;126292711.447644000000000;
202501;1541;1986000656;COTAS;7133549.486566000000000;
202501;1911;2006001411;VL_PG_RC;-38895.900000000000000;
202501;1911;2006005847;COTAS;105918.619645000000000;
202501;1482;2011000483;VL_PG_RC;314627.880000000000000;
202501;1482;2013001819;VL_PG_RC;888.190000000000000;
202501;1482;2016002174;CAIXA;0.000000000000000;
202501;1541;1986000656;COTAS;2969374.939531000000000;
202501;1911;2006005847;COTAS;2851441.910346000000000;21791224000139
202501;1482;2020000938;COTAS;22988176.557333000000000;
202501;1911;2007001292;CAIXA;743.750000000000000;
202501;1482;2021003256;COTAS;539317.149343000000000;
202501;1482;2022000056;COTAS;1490724.352116000000000;
202501;1081;9970000000;CAIXA;6152.970000000000000;
202501;1541;1986000656;IMOVEIS;23093000.000000000000000;
202501;1541;1986000656;OPERACAO_PARTICIPANTE;4568787.150000000000000;
202501;1482;2022000056;COTAS;2079970.504172000000000;
202501;1081;2010004256;COTAS;503527.362627000000000;
202501;1081;9970000000;COTAS;803137.628943000000000;
202501;1661;9970000000;VL_PG_RC;0.000000000000000;
202501;1081;2015000992;COTAS;34735.920589000000000;
202501;1482;2023001374;COTAS;11328826.284915000000000;
202501;1081;2015000992;COTAS;305176.858662000000000;
202501;1674;1989002056;COTAS;542593.666863000000000;
202501;1081;9970000000;COTAS;15693714.919264000000000;
202501;1674;1989002056;COTAS;3871.670376000000000;
202501;1674;1989002056;COTAS;289013.441486000000000;
202501;1674;1989002056;COTAS;2680653.541939000000000;
202501;1674;2016000783;COTAS;243197.710917000000000;
202501;1674;1989002056;COTAS;252278.272432000000000;
202501;1674;1989002056;COTAS;28873.708483000000000;
202501;1911;2007001292;OPERACAO_PARTICIPANTE;2371142.329360375000000;
202501;1674;2016000783;COTAS;3743181.490649000000000;
202501;1674;2014000492;COTAS;4862152.505828000000000;
202501;1674;2016000783;COTAS;1180654.031018000000000;
202501;1911;2009003365;COTAS;1101835.031640000000000;
202501;1674;2016000783;VL_PG_RC;735509.610000000000000;
202501;1674;2019001918;COTAS;1023641.707312000000000;
202501;1674;2014000492;COTAS;1823388.648775000000000;
202501;1911;2009003365;COTAS;3149955.462955000000000;36521640000194
202501;1674;2014000492;COTAS;134704.633434000000000;
202501;1911;2009003365;COTAS;7978730.380813000000000;50069086000187
202501;1674;2014000492;COTAS;967904.062102000000000;
202501;1911;2009003365;COTAS;4470729.725758000000000;52277799000161
202501;1674;2019001918;COTAS;1462542.567611000000000;
202501;1674;2014000492;COTAS;713760.056571000000000;
202501;1674;2014000492;COTAS;2368603.296584000000000;
202501;1541;9970000000;COTAS;435555.885084000000000;
202501;1688;2021000419;VL_PG_RC;-6165.170000000000000;
202501;1554;1978000456;COTAS;170236.321754000000000;
202501;1688;2021001865;VL_PG_RC;-1972.080000000000000;
202501;1715;1979000174;COTAS;11584630.168187000000000;
202501;1554;1978000456;TIT_PRIV;1577522.780000000000000;
202501;1715;1979000174;COTAS;9117478.109241000000000;
202501;1715;1979000174;COTAS;12249132.081685000000000;
202501;1715;1979000174;COTAS;921118.333004000000000;
202501;1911;2013001274;COTAS;354318.629866000000000;26304143000180
202501;1105;1974000419;CAIXA;955.820000000000000;
202501;1715;1979000174;COTAS;10498457.072194000000000;
202501;1715;1979000174;TIT_PRIV;205997.380000000000000;
202501;1554;9970000000;COTAS;497654.720922000000000;
202501;1506;9970000000;CAIXA;4391.690000000000000;
202501;1715;2008004619;COTAS;937893.019972000000000;
202501;1674;2014000492;COTAS;3347266.791812000000000;
202501;1571;1996000365;CAIXA;248289.890000000000000;
202501;1571;1996000365;COTAS;302888178.538877000000000;09323724000140
202501;1911;2013001274;VL_PG_RC;-1014.480000000000000;
202501;1105;1974000419;COTAS;8072116.851914000000000;
202501;1715;2008004619;COTAS;925688.465534000000000;
202501;1511;9970000000;CAIXA;318676.870000000000000;
202501;1523;1977000274;COTAS;149589293.429845000000000;
202501;1523;1977000274;COTAS;54827669.431965000000000;
202501;1081;2015000992;TIT_PUB;1392837.090000000000000;
202501;1105;1974000419;COTAS;1398818.793336000000000;
202501;1523;1977000274;COTAS;26308121.557585000000000;
202501;1105;1974000419;COTAS;6848849.849640000000000;48966312000180
202501;1523;1977000274;COTAS;1408989.298843000000000;04137375000159
202501;1523;1977000274;COTAS;5313695.876609000000000;12547115000180
202501;1911;2015000674;COTAS;549792.616450000000000;
202501;1523;1977000274;COTAS;1363909451.411979000000000;14120553000192
202501;1715;2008004619;COTAS;1020251.275453000000000;
202501;1911;2015000674;COTAS;1040405.834913000000000;
202501;1715;2008004619;COTAS;30965641.286316000000000;
202501;1523;1977000274;COTAS;681116.883850000000000;17098803000123
202501;1674;2015000356;CAIXA;3793.810000000000000;
202501;1674;2015000356;COTAS;1987694.097613000000000;
202501;1715;2008004619;COTAS;38215629.349404000000000;
202501;1523;1977000274;COTAS;226061146.690459000000000;50198930000170
202501;1674;2015000356;COTAS;1746309.458036000000000;
202501;1715;2008004619;COTAS;21313838.756820000000000;
202501;1674;2015000356;COTAS;113362.897868000000000;
202501;1715;2008004619;COTAS;2529966.255346000000000;
202501;1523;1977000274;COTAS;87497253.512896000000000;53275192000105
202501;1523;1998004465;CAIXA;4407.400000000000000;
202501;1674;2015000356;COTAS;182399.391783000000000;
202501;1523;1998004465;COTAS;5272569.750000000000000;
202501;1523;1998004465;COTAS;932.122049000000000;
202501;1523;1998004465;COTAS;8510633.670000000000000;
202501;1674;2015000356;VL_PG_RC;298761.210000000000000;
202501;1715;2008004619;OPERACAO_PARTICIPANTE;61962021.630806000000000;
202501;1523;1998004465;COTAS;14280002.683607000000000;04684251000193
202501;1715;9970000000;COTAS;1316467.836617000000000;
202501;1674;2016000783;COTAS;3437973.000000000000000;
202501;1523;1998004465;COTAS;270441014.139018000000000;16916054000131
202501;1715;9970000000;COTAS;3527288.789372000000000;
202501;1571;9970000000;COTAS;312430159.365352000000000;
202501;1715;9970000000;COTAS;1527139.816624000000000;
202501;1105;1997003147;CAIXA;1812.050000000000000;
202501;1105;1997003147;COTAS;63744670.238780000000000;48966312000180
202501;1729;1990001092;COTAS;34638679.672839000000000;
202501;1081;2016002247;COTAS;19112.250507000000000;
202501;1571;9970000000;VL_PG_RC;-69376.190000000000000;
202501;1729;1990001092;COTAS;212259625.460001000000000;15259169000138
202501;1729;9970000000;COTAS;319670.718857000000000;
202501;1911;2018001711;VL_PG_RC;-37787.850000000000000;
202501;1729;9970000000;VL_PG_RC;-20.180000000000000;
202501;1924;1989000274;COTAS;21368988.757140000000000;
202501;1674;2016000783;COTAS;12806.402482000000000;
202501;1746;1982003065;COTAS;5487069.987147000000000;
202501;1746;1982003065;COTAS;41568940.004820000000000;
202501;1924;1989000274;COTAS;7969415.151248000000000;
202501;1746;1982003065;COTAS;119102904.526934000000000;17041023000147
202501;1924;1989000347;COTAS;5213557.999999000000000;
202501;1763;1990000819;COTAS;9366416.006967000000000;
202501;1924;1989000347;COTAS;91354655.000001000000000;15044971000100
202501;1763;9970000000;COTAS;2097545.689401000000000;
202501;1924;1989000347;VL_PG_RC;-11897.460000000000000;
202501;1924;2008003711;COTAS;336749555.000000000000000;15044971000100
202501;1924;2008003711;COTAS;124638825.000001000000000;15060248000115
202501;1674;2016000783;COTAS;238786.545947000000000;
202501;1924;2008003711;VL_PG_RC;-48492.290000000000000;
202501;1924;9970000000;CAIXA;4934.220000000000000;
202501;1781;1904000118;TIT_PRIV;17140742.840000000000000;
202501;1674;2016000783;COTAS;234320.140691000000000;
202501;1969;1981000356;OPERACAO_PARTICIPANTE;6992594.500000000000000;
202501;1674;2016000783;COTAS;1624658.731830000000000;
202501;1781;1980000174;ALUGUEL;12242764.820000000000000;
202501;1969;1999004019;COTAS;10084753.144096000000000;
202501;1674;2016000783;COTAS;848070.940897000000000;
202501;1781;1980000174;COTAS;25221982.500000000000000;
202501;1523;1998004465;COTAS;13553023.963024000000000;49534273000105
202501;1781;1980000174;TIT_PRIV;1503337784.960000000000000;
202501;1523;1998004465;COTAS;14676784.747932000000000;49599183000100
202501;1781;1980000174;TIT_PUB;925053850.070000000000000;
202501;1523;2006003674;COTAS;90224.093476000000000;
202501;1781;1998003574;COTAS;1789447.388274000000000;
202501;1969;9970000000;COTAS;97465.552340000000000;17898668000109
202501;1523;2006003674;COTAS;-14395.592613000000000;
202501;1781;1998003574;COTAS;5369269953.736316000000000;49766905000166
202501;1523;2006003674;COTAS;5930.824721000000000;
202501;1081;2016002247;VL_PG_RC;-1587.520000000000000;
202501;1969;9970000000;VL_PG_RC;-10.580000000000000;
202501;1523;2006003674;COTAS;84470756.040000000000000;
202501;1972;2005001783;COTAS;16190650.345111000000000;
202501;1081;2016002311;COTAS;24432.453226000000000;
202501;1523;2006003674;COTAS;200443561.000000000000000;
202501;1972;2005001783;COTAS;11407246.017614000000000;
202501;1523;2006003674;COTAS;8129523656.563419000000000;14120568000150
202501;1674;2016000783;COTAS;1241405.750273000000000;
202501;1081;2016002311;TIT_PUB;988546.460000000000000;
202501;1972;2005001783;COTAS;134280412.903415000000000;
202501;1523;2006003674;COTAS;3721627591.520186000000000;16916054000131
202501;1081;9970000000;ACOES;3489543.390000000000000;
202501;1523;2006003674;COTAS;204183946.571440000000000;49599183000100
202501;1523;2006003674;COTAS;88237924.381441000000000;51891082000142
202501;1105;2010001265;COTAS;96124.473921000000000;
202501;1105;1974000419;OPERACAO_PARTICIPANTE;13415495.270043470500000;
202501;1972;2005001783;COTAS;18011426.098037000000000;
202501;1537;1980001774;COTAS;12157278.517742000000000;
202501;1105;1997003147;COTAS;4470751.297768000000000;
202501;1972;2005001783;COTAS;45330742.665099000000000;11090936000177
202501;1537;1988000165;CAIXA;37911.650000000000000;
202501;1105;1997003147;IMOVEIS;30108552.990000000000000;
202501;1585;2006000911;COTAS;30665817.623612000000000;19091575000195
202501;1105;2010001265;COTAS;3838187.104787000000000;
202501;1972;2005001783;COTAS;34922453.860981000000000;15166133000100
202501;1674;2016000783;COTAS;1179370.122392000000000;
202501;1105;9970000000;TIT_PRIV;11991077.850000000000000;
202501;1674;2016000783;COTAS;83832.564716000000000;
202501;1585;2006000911;TIT_PUB;236746173.520000000000000;
202501;1674;2019001918;COTAS;1174215.384881000000000;
202501;1674;2019001918;COTAS;1859994.940192000000000;
202501;1599;1979001219;COTAS;44060982.501898000000000;58037689000109
202501;1674;2019001918;COTAS;200979.512118000000000;
202501;1537;1988000165;COTAS;22833166.643042000000000;
202501;1972;2005001783;COTAS;83709262.312577000000000;36945569000177
202501;1781;2019002711;TIT_PUB;191152452.860000000000000;
202501;1674;2019001918;COTAS;1185777.094718000000000;
202501;1972;2005001783;VL_PG_RC;-22167.110000000000000;
202501;1537;1988000165;COTAS;11117416.488502000000000;
202501;1541;1986000656;COTAS;3645556.826746000000000;
202501;1105;1997003147;TIT_PRIV;271475957.620000000000000;
202501;1105;2010001265;OPERACAO_PARTICIPANTE;13259437.289732966600000;
202501;1599;9970000000;COTAS;544332.386933000000000;41272558000103
202501;1674;2019001918;COTAS;980565.952948000000000;
202501;1136;1980001911;COTAS;1670392828.345665000000000;13199182000113
202501;1612;2022002229;COTAS;10974140.194032000000000;
202501;1674;2019001918;COTAS;1484906.992937000000000;
202501;1136;1980001911;IMOVEIS;19727000.000000000000000;
202501;1972;2007000229;COTAS;11675033.950366000000000;
202501;1612;2022002229;COTAS;72189904.485575000000000;42119596000193
202501;1794;1981001956;COTAS;63477778.176963000000000;
202501;1972;2007000229;COTAS;50871.780808000000000;
202501;1661;1990001718;COTAS;8294017.069738000000000;
202501;1972;9970000000;CAIXA;53769.070000000000000;
202501;1136;9970000000;VL_PG_RC;-3015.060000000000000;
202501;1554;1978000456;COTAS;6371374.030408000000000;
202501;1972;9970000000;COTAS;298531.512483000000000;
202501;1554;1978000456;VL_PG_RC;-217452.910000000000000;
202501;1972;9970000000;COTAS;398088.528520000000000;
202501;1991;1980000565;COTAS;32231523.768464000000000;
202501;1804;4018040083;CAIXA;733030.150000000000000;
202501;1571;1980001383;COTAS;10356308.744623000000000;
202501;1674;2019001918;COTAS;5116038.824288000000000;
202501;1661;1990001718;COTAS;1431111.360533000000000;
202501;1136;1980001911;VL_PG_RC;17431.060000000000000;
202501;1661;2009003438;VL_PG_RC;155219.570000000000000;
202501;1674;1989002056;COTAS;181538.774172000000000;
202501;1136;1998006018;CAIXA;2764.980000000000000;
202501;1852;1985001047;COTAS;297943949.456056000000000;58331524000145
202501;1688;1979002274;COTAS;539974820.347004000000000;04786973000159
202501;1991;1980000565;VL_PG_RC;-91081.950000000000000;
202501;1883;2006003356;COTAS;159001160.034504000000000;
202501;1674;1989002056;COTAS;465942.912471000000000;
202501;1883;2006003356;COTAS;98564200.039206000000000;
202501;1991;1996003119;COTAS;57581356.768629000000000;
202501;1883;2006003356;COTAS;1320284.400550000000000;
202501;1991;1996003119;VL_PG_RC;-25271.580000000000000;
202501;1991;2017000892;CAIXA;7235.760000000000000;
202501;1171;2000008429;ACOES;432176.570000000000000;
202501;1991;2017000892;COTAS;1660918.137496000000000;
202501;1674;1989002056;COTAS;558503.247402000000000;
202501;1991;9970000000;COTAS;1139575.183185000000000;
202501;1688;1979002274;OPERACAO_PARTICIPANTE;21911607.469483094000000;
202501;1883;2006003356;VL_PG_RC;-24031.940000000000000;
202501;2004;1987001729;COTAS;593603566.390051000000000;42479235000158
202501;1701;1999000838;CAIXA;9127.370000000000000;
202501;1674;1989002056;COTAS;852684.275970000000000;
202501;1571;1980001383;COTAS;336173870.540043000000000;12610779000146
202501;1701;1999000838;COTAS;286494871.520281000000000;11960212000137
202501;1883;9970000000;CAIXA;2195.000000000000000;
202501;1571;1980001383;VL_PG_RC;39258.330000000000000;
202501;1911;1997003211;COTAS;7284424.348065000000000;
202501;1715;1979000174;COTAS;8563597.605319000000000;
202501;1571;1996000365;COTAS;301544740.367737000000000;
202501;1571;1996000365;COTAS;301480757.207421000000000;40921932000191
202501;1674;2014000492;COTAS;1734921.337390000000000;
202501;1585;2006000911;COTAS;30916064.429878000000000;17453712000169
202501;1911;1997003211;COTAS;15450339.091144000000000;26304143000180
202501;1715;2008004619;COTAS;19976436.762611000000000;
202501;1715;2008004619;COTAS;17426119.920100000000000;
202501;1585;2006000911;COTAS;43168405.637776000000000;20214858000166
202501;1715;2008004619;COTAS;30293991.006220000000000;
202501;1911;1997003211;COTAS;12078925.334364000000000;52277799000161
202501;1585;2006000911;COTAS;103833603.566209000000000;20889158000171
202501;1911;1997003211;COTAS;7695269.645000000000000;57235960000158
202501;1585;9970000000;CAIXA;56248.280000000000000;
202501;1911;1998004147;COTAS;2264614.931704000000000;21791224000139
202501;2018;1980001065;ACOES;11823458.820000000000000;
202501;1911;1998004147;COTAS;419785.096904000000000;25401546000185
202501;1911;1998005518;COTAS;23544319.496513000000000;25401546000185
202501;2018;2016001811;COTAS;16192565.140164000000000;
202501;1911;1999002156;COTAS;1016080.471234000000000;
202501;2018;2016001811;OPERACAO_PARTICIPANTE;282330.860000000000000;
202501;2021;1979001138;CAIXA;218.340000000000000;
202501;1715;2008004619;COTAS;25815799.765738000000000;
202501;2021;1979001138;OPERACAO_PARTICIPANTE;4788.810007974300000;
202501;1715;2008004619;COTAS;6910114.666678000000000;
202501;1911;1999002156;COTAS;708818.735358000000000;
202501;1171;1981001492;COTAS;1640458.085448000000000;
202501;1612;2022002229;VL_PG_RC;14753.530000000000000;
202501;1171;2000008429;COTAS;3223023.657825000000000;
202501;1911;1999002156;COTAS;2581348.490496000000000;
202501;1715;9970000000;COTAS;558981.852893000000000;
202501;1171;2000008429;VL_PG_RC;-80262.640000000000000;
202501;1674;2014000492;COTAS;10577203.343323000000000;
202501;1715;9970000000;COTAS;3243026.033079000000000;
202501;1911;2000006183;COTAS;3254569.466755000000000;
202501;1911;2005004847;COTAS;4040925.893463000000000;50069086000187
202501;1171;1981001492;IMOVEIS;4415976.150000000000000;
202501;1911;2006001411;COTAS;322286.972374000000000;
202501;1674;1989002056;COTAS;848700.000000000000000;
202501;2021;1991001274;TIT_PUB;51718837.110000000000000;
202501;1674;1989002056;COTAS;4287879.876540000000000;
202501;1911;2006001411;COTAS;17810588.220898000000000;50069086000187
202501;1911;2006001411;COTAS;887147.949486000000000;52277799000161
202501;1911;2006005847;COTAS;1360339.981802000000000;26304143000180
202501;1674;1989002056;COTAS;92144.822132000000000;
202501;1171;2000008429;COTAS;6501065.694129000000000;
202501;1911;2006005847;COTAS;613075.537058000000000;42479278000133
202501;1171;9970000000;COTAS;1944739.756539000000000;
202501;1171;9970000000;ACOES;729575.080000000000000;
202501;1674;1989002056;COTAS;341744.461406000000000;
202501;1674;1989002056;COTAS;362747.374141000000000;
202501;1171;9970000000;COTAS;2781857.649126000000000;
202501;1674;2014000492;COTAS;1828889.115737000000000;
202501;1674;2014000492;COTAS;716323.557808000000000;
202501;1715;9970000000;COTAS;509265.259195000000000;
202501;1911;2006005847;COTAS;50498.635697000000000;54366569000102
202501;2021;2013001118;TIT_PUB;3645172.860000000000000;
202501;2021;9970000000;VL_PG_RC;-362.040000000000000;
202501;1171;9970000000;COTAS;4469545.727862000000000;
202501;1674;2015000356;COTAS;46027487.891916000000000;
202501;1911;2006005847;VL_PG_RC;-31103.180000000000000;
202501;1911;2007001292;COTAS;1916459.651715000000000;
202501;1184;1979005583;TIT_PUB;16637508.410000000000000;
202501;1911;2007001292;COTAS;694949.709558000000000;
202501;1674;2015000356;COTAS;1529049.855282000000000;
202501;1911;2008003183;COTAS;4161684.898238000000000;25401546000185
202501;1674;2015000356;COTAS;1535531.362139000000000;
202501;1674;2016000783;COTAS;3137033.867029000000000;
202501;2052;1990000983;COTAS;407253.000000000000000;
202501;2052;1990000983;COTAS;1816023.260755000000000;
202501;1911;2009003365;COTAS;2871203.773970000000000;
202501;1674;2016000783;COTAS;218145.872140000000000;
202501;1171;9970000000;CAIXA;549.340000000000000;
202501;1184;1984000111;IMOVEIS;6886949.590000000000000;
202501;1911;2009003365;COTAS;693960.258999000000000;
202501;1674;1989002056;COTAS;1449775.328694000000000;
202501;1674;1989002056;COTAS;501014.868756000000000;
202501;1674;2016000783;COTAS;261555.283897000000000;
202501;1171;9970000000;COTAS;1782548.124422000000000;
202501;1674;2016000783;COTAS;166858.871812000000000;
202501;1171;9970000000;COTAS;350788.940755000000000;
202501;1674;2016000783;COTAS;99412.183437000000000;
202501;1674;1989002056;VL_PG_RC;89109.410000000000000;
202501;1674;2016000783;COTAS;478322.971574000000000;
202501;1674;2019001918;COTAS;306024.000000000000000;
202501;1674;2019001918;COTAS;1557035.746180000000000;
202501;1715;9970000000;COTAS;402992.793496000000000;
202501;1688;1979002274;VL_PG_RC;69328401.460000000000000;
202501;1171;9970000000;COTAS;6143816.622865000000000;
202501;1688;2021000419;CAIXA;33.050000000000000;
202501;1911;2009003365;COTAS;3733915.232378000000000;26304143000180
202501;1674;2014000492;CAIXA;36122.400000000000000;
202501;1701;1999000838;COTAS;16415445.420738000000000;
202501;1715;9970000000;COTAS;3239771.155416000000000;
202501;1911;2009003365;VL_PG_RC;-14314.890000000000000;
202501;1701;9970000000;COTAS;446808.132674000000000;11960212000137
202501;1171;9970000000;COTAS;309957.763574000000000;
202501;1701;9970000000;VL_PG_RC;-40.320000000000000;
202501;1715;9970000000;COTAS;684714.355167000000000;
202501;1674;2014000492;COTAS;2552734.865894000000000;
202501;1911;2013001274;COTAS;12838.054843000000000;
202501;1674;2014000492;COTAS;720013.676418000000000;
202501;1911;2013001274;COTAS;702330.982873000000000;21791224000139
202501;1715;1979000174;COTAS;1875787.713264000000000;
202501;1715;1979000174;COTAS;5095241.917710000000000;
202501;1674;2014000492;COTAS;278006.608633000000000;
202501;1184;2023001765;TIT_PUB;86426.200000000000000;
202501;1911;2018001711;COTAS;66439.484634000000000;
202501;1674;2014000492;COTAS;136151.392905000000000;
202501;1911;2018001711;COTAS;1720828.074416000000000;52277799000161
202501;1184;9970000000;VL_PG_RC;0.000000000000000;
202501;1184;1984000111;VL_PG_RC;-28607.890000000000000;
202501;1674;2014000492;COTAS;1935412.068617000000000;
202501;1715;1979000174;COTAS;10439415.766955000000000;
202501;1674;2015000356;COTAS;1829967.611247000000000;
202501;1924;1989000274;CAIXA;5664.920000000000000;
202501;1184;1984000292;OPERACAO_PARTICIPANTE;81318.350053283900000;
202501;1674;2015000356;COTAS;4352894.939050000000000;
202501;1924;1989000274;COTAS;4380199.091547000000000;
202501;1715;1979000174;COTAS;870880.375734000000000;
202501;1184;2022000218;VL_PG_RC;0.000000000000000;
202501;1674;2015000356;COTAS;5475473.688958000000000;
202501;1924;1989000274;COTAS;125738181.706266000000000;15060252000183
202501;1715;2008004619;COTAS;8109371.579389000000000;
202501;1674;2016000783;CAIXA;15833.180000000000000;
202501;1198;2019001111;COTAS;3276285.086873000000000;
202501;1924;2008003711;COTAS;5600876.999997000000000;
202501;1184;2023001765;CAIXA;316.380000000000000;
202501;1184;2023001765;VL_PG_RC;0.000000000000000;
202501;1198;1998003019;COTAS;2378385.608499000000000;
202501;2052;1990000983;COTAS;1951688.399157000000000;
202501;2052;1990000983;COTAS;12776173.366032000000000;
202501;1924;2008003711;COTAS;21171799.000000000000000;
202501;1924;9970000000;COTAS;30122.000120000000000;
202501;2052;1990000983;TIT_PRIV;1911457.080000000000000;
202501;1198;1998003019;COTAS;4064724.205391000000000;
202501;1198;1998003019;COTAS;16006868.658048000000000;
202501;2052;2006001011;CAIXA;14789.610000000000000;
202501;1198;1998003019;COTAS;2965298.490369000000000;
202501;1198;2019001111;COTAS;25513895.028615000000000;
202501;1208;1979005265;VL_PG_RC;7741809.430000000000000;
202501;1208;1995003956;COTAS;1177718133.120000000000000;21377854000161
202501;1924;9970000000;COTAS;51710.000000000000000;
202501;1208;9970000000;COTAS;171626818.560001000000000;11377292000100
202501;1972;2005001783;COTAS;11675005.793291000000000;
202501;1239;1979002738;COTAS;4609357285.454219000000000;04912456000189
202501;1972;2007000229;COTAS;5027722.281500000000000;
202501;1972;2007000229;COTAS;49451733.480714000000000;
202501;1239;1979003092;CAIXA;358.490000000000000;
202501;1972;2007000229;VL_PG_RC;-2649.680000000000000;
202501;1239;1979003092;COTAS;522101015.130081000000000;05754041000197
202501;2052;2006001011;COTAS;1824308.484336000000000;
202501;1972;9970000000;COTAS;5356039.144688000000000;
202501;1715;9970000000;COTAS;1042803.002030000000000;
202501;2052;2006001011;COTAS;1834489.538931000000000;
202501;1239;1979003092;VL_PG_RC;-85360.210000000000000;
202501;1715;9970000000;COTAS;1950510.569187000000000;
202501;1239;1979003165;IMOVEIS;19619160.260000000000000;
202501;1972;9970000000;COTAS;1198676.166624000000000;
202501;1715;2008004619;COTAS;6037558.417856000000000;
202501;1715;2008004619;COTAS;14042898.622433000000000;
202501;1674;2016000783;COTAS;8671.300000000000000;
202501;1715;2008004619;COTAS;27453885.549466000000000;
202501;1674;2016000783;COTAS;9064439.072027000000000;
202501;1715;9970000000;COTAS;1592657.420090000000000;
202501;1715;9970000000;COTAS;1411559.806548000000000;
202501;1715;2008004619;COTAS;29592782.016232000000000;
202501;2004;9970000000;CAIXA;648.300000000000000;
202501;1674;2016000783;COTAS;786279.261428000000000;
202501;1674;2016000783;COTAS;237910.136787000000000;
202501;2018;1980001065;COTAS;6310768.923719000000000;
202501;2018;2016001811;CAIXA;0.000000000000000;
202501;1198;9970000000;COTAS;10719975.885685000000000;
202501;1239;1979003165;TIT_PRIV;3121818.108177000000000;
202501;1208;1998001474;COTAS;345099881.549998000000000;10820311000150
202501;1208;9970000000;CAIXA;38744.180000000000000;
202501;2018;2016001811;COTAS;12196978.269640000000000;
202501;1208;9970000000;VL_PG_RC;-9163.420000000000000;
202501;1729;1990001092;COTAS;487581967.677429000000000;
202501;2021;1979001138;IMOVEIS;113605.560000000000000;
202501;1239;1979002819;ACOES;79747.480000000000000;
202501;2052;2006001011;COTAS;101339.561763000000000;
202501;1732;1985001111;COTAS;144279493.169999000000000;
202501;2021;1991001274;OPERACAO_PARTICIPANTE;53520.991678480900000;
202501;1239;1982002174;TIT_PRIV;660530.865373000000000;
202501;2021;9970000000;COTAS;180378.927621000000000;
202501;1732;1985001111;OPERACAO_PARTICIPANTE;355347.599132276800000;
202501;2052;1990000983;COTAS;8120502.685305000000000;
202501;2052;1990000983;COTAS;1350414.766501000000000;
202501;1746;1982003065;COTAS;18156510.479384000000000;
202501;2052;1990000983;COTAS;25613284.929942000000000;
202501;1763;1990000819;COTAS;8088043.665885000000000;
202501;2052;1990000983;COTAS;3320571.326260000000000;
202501;1763;1990000819;COTAS;78527419.091160000000000;
202501;1239;1982002247;TIT_PRIV;15792505.917985000000000;
202501;2052;1990000983;COTAS;1485958.209275000000000;
202501;2052;1990000983;VL_PG_RC;352307.250000000000000;
202501;1674;2019001918;COTAS;43218187.123650000000000;
202501;1239;1979002819;VL_PG_RC;-514864.470000000000000;
202501;1239;1982002311;VL_PG_RC;-284150.930000000000000;
202501;1239;1979002983;COTAS;411876739.768748000000000;05753821000112
202501;1239;1998007383;CAIXA;44.850000000000000;
202501;1239;1979003165;COTAS;4733139147.616660000000000;07325929000130
202501;1239;1979003319;CAIXA;18769.290000000000000;
202501;1239;1979003319;COTAS;261135282.546414000000000;46205698000182
202501;1763;1990000819;COTAS;8611258.783036000000000;
202501;1674;2019001918;COTAS;3631473.327504000000000;
202501;2052;2006001011;COTAS;80205.965578000000000;
202501;1239;1998007383;TIT_PUB;2737560.230000000000000;
202501;1674;2019001918;COTAS;1466941.002161000000000;
202501;1239;1982002174;CAIXA;1274204.040000000000000;
202501;1239;2020000083;COTAS;854555720.351947000000000;46205770000171
202501;1674;2019001918;COTAS;3479552.835872000000000;
202501;1239;1982002247;COTAS;1286775.755184000000000;
202501;1715;9970000000;COTAS;3570131.355440000000000;
202501;2052;9970000000;CAIXA;94170.570000000000000;
202501;2052;2006001011;COTAS;23254.850000000000000;
202501;2052;2006001011;COTAS;522367.656318000000000;
202501;1781;1980000174;CAIXA;61441168.530000000000000;
202501;2052;2006001011;COTAS;149808.363900000000000;
202501;2052;2006001011;COTAS;62586.588574000000000;
202501;1781;1980000174;COTAS;11254617.180265000000000;
202501;2052;2006001011;COTAS;6173615.916523000000000;
202501;1781;1980000174;COTAS;7157789.574239000000000;
202501;2066;1974000192;COTAS;10859944.192951000000000;
202501;1781;1980000174;COTAS;119173644287.013742000000000;00822055000187
202501;2066;1974000192;COTAS;152442855.630315000000000;
202501;2071;1986000583;CAIXA;43452.270000000000000;
202501;1239;2020000792;IMOVEIS;25293925.050000000000000;
202501;1781;1998003574;COTAS;3253609.669733000000000;
202501;1781;1998003574;COTAS;3760106.448998000000000;48400629000155
202501;1781;1998003574;COTAS;79470533.270976000000000;48400668000152
202501;1239;2022001011;COTAS;252816151.889375000000000;04087244000104
202501;1781;1998003574;COTAS;59870682.178806000000000;49767689000173
202501;1239;9970000000;COTAS;2470975.310829000000000;
202501;2083;1995002356;TIT_PUB;21397225.880000000000000;
202501;2083;1999005211;COTAS;489791599.652668000000000;03573959000104
202501;1242;1985001683;COTAS;342840.560000000000000;
202501;2083;1999005211;COTAS;5068399865.736878000000000;05170419000105
202501;2083;1999005211;COTAS;105590132.041975000000000;28849695000108
202501;2083;1999005211;VL_PG_RC;-1376124.300000000000000;
202501;2083;2000008283;CAIXA;145373.650000000000000;
202501;1242;1985001683;COTAS;387504.600000000000000;
202501;2083;2000008283;COTAS;90707063.553258000000000;09296055000165
202501;1242;1985001683;COTAS;518968.960000000000000;
202501;1242;1985001683;COTAS;227522449.462536000000000;09087799000170
202501;1715;9970000000;COTAS;2483727.971491000000000;
202501;2066;1974000192;CAIXA;480344.590000000000000;
202501;2083;2000008283;OPERACAO_PARTICIPANTE;57141078.152576543100000;
202501;2083;2011002192;COTAS;4467667.339658000000000;03573959000104
202501;2083;2011002192;VL_PG_RC;-357.140000000000000;
202501;1715;9970000000;COTAS;1495188.134767000000000;
202501;2066;1974000192;COTAS;5736678.634648000000000;
202501;2083;2011002265;CAIXA;42626.860000000000000;
202501;2083;2012000274;COTAS;2768300.503758000000000;16569908000150
202501;1239;1982002247;OPERACAO_PARTICIPANTE;61326132.970326330000000;
202501;2083;2019002329;CAIXA;5400.000000000000000;
202501;2083;2019002329;COTAS;20328894.658896000000000;32760026000124
202501;2083;2020000229;COTAS;1003332.100309000000000;34792991000104
202501;2066;1974000192;COTAS;2930081.148633000000000;
202501;1674;2019001918;VL_PG_RC;633151.720000000000000;
202501;2066;1974000192;COTAS;727797.428878000000000;
202501;1715;9970000000;TIT_PUB;25660472.980000000000000;
202501;1729;1990001092;COTAS;761438805.707975000000000;
202501;2066;1974000192;COTAS;747312.283582000000000;
202501;1729;1990001092;COTAS;56915235.986270000000000;
202501;1239;1982002311;COTAS;66745.769915000000000;
202501;1729;1990001092;COTAS;2351248.572602000000000;
202501;1239;1982002311;OPERACAO_PARTICIPANTE;25636694.909340360000000;
202501;1674;9970000000;CAIXA;115940.230000000000000;
202501;1781;2019002711;OP_COMP;30299892.560000000000000;
202501;1688;1979002274;COTAS;28222852.516115000000000;
202501;1239;2018000918;CAIXA;0.000000000000000;
202501;2066;1974000192;OPERACAO_PARTICIPANTE;2046888.610188862900000;
202501;1688;1979002274;COTAS;104747410.513365000000000;41881550000144
202501;1794;1981001956;CAIXA;62884.060000000000000;
202501;1688;2021000338;VL_PG_RC;-1432.790000000000000;
202501;1242;1985001683;TIT_PUB;703069469.070000000000000;
202501;1701;1999000838;COTAS;4357035.706665000000000;
202501;1239;2018000918;COTAS;15019599.350416000000000;17518976000153
202501;1242;2021001792;COTAS;82751.020000000000000;
202501;1794;1981001956;VL_PG_RC;8678252.050000000000000;
202501;1239;2018000918;VL_PG_RC;-114.060000000000000;
202501;1242;2021001792;COTAS;169958.040000000000000;
202501;1818;9970000000;COTAS;239162.139979000000000;02498096000195
202501;1239;2019000229;VL_PG_RC;-196501.420000000000000;
202501;2071;1986000583;COTAS;94295898.074595000000000;05164325000123
202501;1701;1999000838;VL_PG_RC;-70985.960000000000000;
202501;1242;2021001792;VL_PG_RC;-49120.430000000000000;
202501;1715;1979000174;COTAS;3859340.221659000000000;
202501;2083;9970000000;COTAS;60056725.419613000000000;00856171000117
202501;1256;2009001265;COTAS;66316450.952874000000000;
202501;1715;1979000174;COTAS;8926781.704196000000000;
202501;1746;1982003065;CAIXA;7398.870000000000000;
202501;2071;1986000583;TIT_PUB;12979974.320000000000000;
202501;1746;1982003065;COTAS;12113144.987887000000000;
202501;1821;1980002274;TIT_PUB;470901080.520000000000000;
202501;1746;1982003065;COTAS;28087018.518607000000000;
202501;2071;9970000000;CAIXA;16733.500000000000000;
202501;2083;1973000156;VL_PG_RC;-10883091.660000000000000;
202501;1852;1985001047;COTAS;1853325514.832651000000000;58332017000126
202501;2083;9970000000;COTAS;117300238.613378000000000;03256787000145
202501;1883;2006003356;COTAS;2854580.694505000000000;
202501;2107;9970000000;TIT_PUB;207585.040000000000000;
202501;2083;1999005211;TIT_PRIV;46827979.770000000000000;
202501;2083;2000008283;COTAS;158931322.557689000000000;32760026000124
202501;2138;9970000000;VL_PG_RC;0.000000000000000;
202501;2141;1980001219;COTAS;3198474.850059000000000;
202501;2169;1972000111;COTAS;7313.004457000000000;
202501;2169;1972000111;COTAS;55039306.128767000000000;
202501;2169;1999000374;COTAS;17204380.840967000000000;
202501;1239;2020000792;CAIXA;108.850000000000000;
202501;2169;1999000374;COTAS;9009789.105906000000000;
202501;2172;2005005592;COTAS;1987855.878046000000000;
202501;2083;2020000229;COTAS;16790808.195052000000000;03573959000104
202501;2172;2005005592;COTAS;206079493.052991000000000;31615254000148
202501;2083;2020000229;COTAS;9444419.783816000000000;35600762000103
202501;1883;2006003356;COTAS;3283282.666681000000000;
202501;1883;2006003356;COTAS;2693421.075990000000000;
202501;1911;1987000218;COTAS;181358.468602000000000;50069086000187
202501;1239;2020000792;VL_PG_RC;-2790277.810000000000000;
202501;1911;1987000218;VL_PG_RC;-75.560000000000000;
202501;1239;2021000656;CAIXA;0.000000000000000;
202501;1911;1992001618;COTAS;88781.054649000000000;26304143000180
202501;1239;2022001011;CAIXA;2402432.140000000000000;
202501;1911;1992001618;OPERACAO_PARTICIPANTE;78210.660000000000000;
202501;1242;1985001683;COTAS;168223.060000000000000;
202501;2172;2005005592;OPERACAO_PARTICIPANTE;286200.260000000000000;
202501;1242;1985001683;COTAS;388050.000000000000000;
202501;2172;2020000865;CAIXA;500.750000000000000;
202501;1242;1985001683;COTAS;296258.000000000000000;
202501;2213;1991002483;CAIXA;1680431.480000000000000;
202501;2083;2020001438;TIT_PUB;1524814686.220000000000000;
202501;2213;1991002483;COTAS;27603296.740036000000000;
202501;2083;9970000000;COTAS;183572741.565181000000000;05170419000105
202501;1242;1985001683;COTAS;93747151.710483000000000;
202501;2231;1979003483;VL_PG_RC;127345916.570000000000000;
202501;1911;1992001618;TIT_PUB;6062649.820000000000000;
202501;2231;1982002719;COTAS;14379289.244776000000000;
202501;1911;1994001992;COTAS;2621938.620619000000000;52277799000161
202501;1911;1994001992;COTAS;206584.420000000000000;57235960000158
202501;1242;1985001683;COTAS;8002761.278024000000000;
202501;1911;1994001992;VL_PG_RC;-16109.930000000000000;
202501;1261;2005006165;COTAS;149621690.865184000000000;
202501;1715;1979000174;COTAS;2474354.679816000000000;
202501;1911;1997003211;COTAS;308568.332764000000000;
202501;1242;1985001683;VL_PG_RC;1679450.010000000000000;
202501;1746;1982003065;COTAS;235597.922247000000000;
202501;1261;2005006165;COTAS;90991272.220862000000000;10787165000109
202501;1715;1979000174;COTAS;21124700.819039000000000;
202501;1242;2021001792;COTAS;255307.520000000000000;
202501;1715;2008004619;COTAS;7931044.430612000000000;
202501;2138;1981001311;IMOVEIS;17542226.880000000000000;
202501;1763;1990000819;COTAS;14352680.736668000000000;
202501;1715;2008004619;COTAS;2464700.823235000000000;
202501;2155;1985000938;CAIXA;9811.600000000000000;
202501;1781;1980000174;COTAS;0.000000000000000;
202501;1715;2008004619;VL_PG_RC;1102107.290000000000000;
202501;2155;9970000000;CAIXA;1325.240000000000000;
202501;1911;1998004147;TIT_PUB;9037997.960000000000000;
202501;1781;1980000174;COTAS;0.000000000000000;
202501;1715;9970000000;COTAS;1315786.854465000000000;
202501;1911;1998005518;COTAS;8809382.443018000000000;
202501;1781;1980000174;COTAS;27830759.000000000000000;
202501;1715;9970000000;COTAS;642009.695826000000000;
202501;1242;2021001792;COTAS;105117.400000000000000;
202501;1781;1980000174;COTAS;22541862.800000000000000;
202501;2231;1982002883;IMOVEIS;655705.920000000000000;
202501;2231;1992000956;COTAS;21783.057086000000000;
202501;1261;2005006165;COTAS;164072358.011415000000000;20468287000196
202501;1242;2021001792;COTAS;100977.180000000000000;
202501;1911;1998005518;COTAS;51730278.702794000000000;21791224000139
202501;1261;9970000000;VL_PG_RC;-20.140000000000000;
202501;1242;2021001792;COTAS;7732820.608500000000000;
202501;1273;1985000229;VL_PG_RC;-623715.720000000000000;
202501;2169;1972000111;IMOVEIS;123166000.000000000000000;
202501;1242;2021001792;COTAS;7973533.169511000000000;43651064000165
202501;1314;2005000965;COTAS;106957966.715703000000000;
202501;1911;1998005518;COTAS;53703615.229875000000000;26304143000180
202501;1242;9970000000;CAIXA;49806.090000000000000;
202501;1314;2005000965;COTAS;39194227.460859000000000;
202501;2169;9970000000;CAIXA;72859.580000000000000;
202501;2172;2020000865;COTAS;13126328.042272000000000;31615254000148
202501;1261;1980000311;COTAS;657328132.604888000000000;
202501;2213;1991002483;COTAS;5524419.281293000000000;
202501;1715;9970000000;COTAS;519013.311862000000000;
202501;2231;1992000956;COTAS;111986.497938000000000;
202501;1911;1998005518;OPERACAO_PARTICIPANTE;8328190.005781095100000;
202501;1781;1980000174;COTAS;24488696.763041000000000;
202501;1359;1991002165;COTAS;2724047.108252000000000;
202501;2231;1994001518;COTAS;38951.191231000000000;
202501;1911;1999002156;COTAS;12023595.650456000000000;50069086000187
202501;2231;2008003019;COTAS;4109.296289000000000;
202501;1911;1999002156;COTAS;89286.338140000000000;54366569000102
202501;1911;2000006183;COTAS;1804981.002426000000000;
202501;1781;1980000174;COTAS;73895062.241858000000000;
202501;477;9970000000;CAIXA;126526.850000000000000;
202501;2231;2008003019;COTAS;42275.338841000000000;
202501;2213;1991002483;COTAS;3545497.245775000000000;
202501;1781;1980000174;COTAS;18279640.300000000000000;
202501;2231;2008003019;COTAS;617859.394173000000000;44703483000166
202501;2213;1991002483;COTAS;88480214.053045000000000;
202501;477;9970000000;COTAS;12901304.687645000000000;
202501;2231;2010002229;CAIXA;1183158.280000000000000;
202501;1359;1991002165;COTAS;5707530.220677000000000;
202501;494;1981001174;CAIXA;207255.070000000000000;
202501;2213;1991002483;IMOVEIS;7690072.780000000000000;
202501;494;1981001174;VL_PG_RC;0.000000000000000;
202501;2231;2010002229;OPERACAO_PARTICIPANTE;37576027.450187237400000;
202501;504;1982001119;CAIXA;4755241.880000000000000;
202501;2231;2010002474;COTAS;2156927.488416000000000;
202501;2231;1982002719;COTAS;5240.515111000000000;
202501;2231;2010002474;COTAS;6904835.367211000000000;
202501;1359;1991002165;TIT_PRIV;0.000000000000000;
202501;504;1982001119;SWAP;541670641.970000000000000;
202501;1359;1991002165;OPERACAO_PARTICIPANTE;1001272.040000000000000;
202501;2231;2011001218;COTAS;199228.856074000000000;
202501;2231;1982002719;TIT_PUB;55657967.160000000000000;
202501;504;1998002918;CAIXA;12859.260000000000000;
202501;2231;1982002883;COTAS;78422.560727000000000;
202501;1781;1980000174;OPCOES;210664695.360000000000000;
202501;1359;1991002238;COTAS;424181.413637000000000;
202501;2231;1982002883;OPERACAO_PARTICIPANTE;422203.399989365000000;
202501;1911;2000006183;OPERACAO_PARTICIPANTE;10485275.919332197400000;
202501;2231;1987000511;CAIXA;86.970000000000000;
202501;1911;2005004847;COTAS;83943.038800000000000;
202501;1359;1991002238;COTAS;1156111.825526000000000;
202501;2231;1992000956;COTAS;18349.379097000000000;
202501;1359;1991002165;TIT_PUB;1315457003.230000000000000;
202501;2231;1992000956;IMOVEIS;691379.040000000000000;
202501;2231;1994001518;COTAS;475.114041000000000;
202501;1359;1991002238;OPERACAO_PARTICIPANTE;1885920.620000000000000;
202501;1729;1990001092;COTAS;992554.717283000000000;
202501;1729;9970000000;CAIXA;247084.770000000000000;
202501;1911;2005004847;COTAS;654862.158964000000000;
202501;1359;2014001774;COTAS;892820.696863000000000;
202501;2231;1994001518;VL_PG_RC;-3048.440000000000000;
202501;1381;1980002411;COTAS;1202154630.659669000000000;03185374000117
202501;1911;2005004847;COTAS;2403892.843157000000000;52277799000161
202501;2231;2008003019;COTAS;543.761059000000000;
202501;2231;2011001218;VL_PG_RC;-27275.840000000000000;
202501;1381;2006005138;CAIXA;15356.920000000000000;
202501;1911;2005004847;COTAS;743703.912000000000000;57235960000158
202501;1781;1998003574;COTAS;17500668.711351000000000;
202501;1359;1991002238;COTAS;2774074.562121000000000;
202501;1781;1998003574;COTAS;3751539.060088000000000;
202501;1403;2000008038;COTAS;8469835.519427000000000;
202501;1403;2000008038;COTAS;1956659.702332000000000;
202501;1403;2000008038;COTAS;5404581.600000000000000;
202501;1359;1991002238;COTAS;4988223.340181000000000;
202501;1403;2000008038;IMOVEIS;1586385.090000000000000;
202501;1911;2005004847;VL_PG_RC;-15938.960000000000000;
202501;1732;1985001111;CAIXA;21471.970000000000000;
202501;2231;2008003019;COTAS;10714079.863970000000000;44900441000115
202501;1911;2006005847;COTAS;1478038.731754000000000;
202501;1781;1998003574;COTAS;339999607.431971000000000;35302796000111
202501;1911;2009003365;COTAS;64172.016106000000000;
202501;1911;2009003365;COTAS;795350.017000000000000;57235960000158
202501;1911;2013001274;COTAS;1677534.941212000000000;50069086000187
202501;2231;2012001947;IMOVEIS;19909847.800000000000000;
202501;1403;2000008038;TIT_PUB;172288906.540000000000000;
202501;1781;1998003574;COTAS;790802950.501160000000000;49768506000134
202501;1781;2019002711;ACOES;9582648.000000000000000;
202501;1359;1991002238;COTAS;24939984.563083000000000;
202501;1911;2013001274;COTAS;11368.237136000000000;54366569000102
202501;1781;2019002711;COTAS;1855258.200000000000000;
202501;1781;2019002711;VL_PG_RC;99499.100000000000000;
202501;2231;2013001665;CAIXA;5585.080000000000000;
202501;1732;1985001111;IMOVEIS;1084396.080000000000000;
202501;1732;9970000000;COTAS;17999682.550000000000000;
202501;2231;2014001383;COTAS;9356.609371000000000;
202501;1746;1982003065;COTAS;2548122.525782000000000;
202501;2231;2014001383;COTAS;13074443.028795000000000;
202501;1403;2008004783;COTAS;4003142.851500000000000;41300431000150
202501;2231;2010002229;COTAS;62944729.720060000000000;44703493000100
202501;2231;2014001383;OPERACAO_PARTICIPANTE;895893.130000000000000;
202501;2231;2018002074;COTAS;35295916.965140000000000;
202501;2231;2019003074;COTAS;4527.215281000000000;
202501;1403;2016000619;VL_PG_RC;-49058.900000000000000;
202501;2231;2019003074;COTAS;34911060.980642000000000;44900441000115
202501;2231;9970000000;VL_PG_RC;0.000000000000000;
202501;1403;9970000000;CAIXA;33043.320000000000000;
202501;2258;1981001565;COTAS;381740.331058000000000;50620435000107
202501;1403;9970000000;VL_PG_RC;-61.790000000000000;
202501;2258;1989000118;COTAS;12467871.739115000000000;50641862000171
202501;1434;1980002347;COTAS;73794.692520000000000;
202501;2258;1990000118;COTAS;5068292.221292000000000;
202501;2258;1990000118;COTAS;1350539.978109000000000;
202501;1434;1980002347;OPERACAO_PARTICIPANTE;26841.940000000000000;
202501;2258;1990000118;COTAS;8887201.596298000000000;50620435000107
202501;1804;1988001838;CAIXA;261294.530000000000000;
202501;2258;1992000565;COTAS;8909589.351060000000000;50625158000125
202501;2258;1992000719;COTAS;111811496.449882000000000;
202501;2258;1992000719;VL_PG_RC;857300.270000000000000;
202501;2258;1993000992;COTAS;102331785.841553000000000;50620290000144
202501;1804;1988001838;COTAS;7003774.115696000000000;
202501;1804;1988001838;COTAS;20870670.670000000000000;19418922000141
202501;2258;1993002847;CAIXA;0.000000000000000;
202501;1821;1980002274;COTAS;35404824.737848000000000;
202501;1359;1991002238;VL_PG_RC;-103005.340000000000000;
202501;2231;2010002229;IMOVEIS;71566903.730000000000000;
202501;1821;1980002274;VL_PG_RC;195297.590000000000000;
202501;1821;9970000000;CAIXA;10152.400000000000000;
202501;2258;1993003029;CAIXA;0.000000000000000;
202501;1359;2014001774;CAIXA;2040.180000000000000;
202501;2258;1993003811;COTAS;5071654.174702000000000;50620435000107
202501;1852;1985001047;COTAS;99893312.666454000000000;42287499000100
202501;1746;9970000000;CAIXA;2239.060000000000000;
202501;2258;1995003174;COTAS;10635937.269191000000000;50625158000125
202501;1359;2014001774;COTAS;24455860.271458000000000;
202501;1359;2014001774;COTAS;6570527.469589000000000;
202501;2258;1995003174;VL_PG_RC;-43677.080000000000000;
202501;1852;9970000000;COTAS;18365371.963982000000000;58332017000126
202501;2258;1996000829;COTAS;440988.822735000000000;
202501;1359;9970000000;CAIXA;239561.870000000000000;
202501;2258;1996001329;COTAS;4244537.618398000000000;50625158000125
202501;1359;9970000000;COTAS;1203790.391003000000000;
202501;2231;2010002474;COTAS;12338858.813706000000000;
202501;1883;2006003356;COTAS;27759873.906342000000000;
202501;1434;1985000474;COTAS;6823090.931460000000000;
202501;1883;2006003356;COTAS;1676830.993500000000000;
202501;1883;9970000000;VL_PG_RC;0.000000000000000;
202501;1911;1992001618;COTAS;143501.445838000000000;
202501;1381;1980002411;COTAS;774895.095723000000000;
202501;1911;1992001618;COTAS;907680.592541000000000;50069086000187
202501;1434;1986000192;COTAS;16873515.815896000000000;04495282000104
202501;1911;1992001618;COTAS;629265.268946000000000;52277799000161
202501;1434;1996002211;COTAS;36394838.936714000000000;04495282000104
202501;2231;2010002474;COTAS;2277480.410589000000000;
202501;2231;2012001947;CAIXA;399764.420000000000000;
202501;1434;2000000411;CAIXA;26787.960000000000000;
202501;1434;2000000411;TIT_PUB;10079140.000000000000000;
202501;2258;1996002147;COTAS;8511715.469483000000000;50620435000107
202501;1381;2006005138;OPERACAO_PARTICIPANTE;3607259.190000000000000;
202501;1911;1994001992;COTAS;389483.384208000000000;
202501;1911;1994001992;COTAS;12903.772748000000000;36521640000194
202501;1381;9970000000;COTAS;18409753.604748000000000;
202501;1381;9970000000;VL_PG_RC;-2424.270000000000000;
202501;1911;1994001992;OPERACAO_PARTICIPANTE;77463.590000000000000;
202501;1911;1994001992;TIT_PUB;3694006.150000000000000;
202501;1403;1981000747;IMOVEIS;223768.900000000000000;
202501;1911;1997003211;CAIXA;1009585.010000000000000;
202501;1911;1997003211;COTAS;2933725.286174000000000;
202501;1911;1997003211;COTAS;1558253.257354000000000;
202501;2258;1997000547;VL_PG_RC;0.000000000000000;
202501;1911;1998004147;COTAS;3514208.111877000000000;50069086000187
202501;1911;1998005518;COTAS;38180421.880679000000000;
202501;1763;1990000819;COTAS;22272751.488018000000000;
202501;1403;2000008038;CAIXA;86329.420000000000000;
202501;1763;1990000819;VL_PG_RC;54341.140000000000000;
202501;2231;2012001947;COTAS;548595.612141000000000;
202501;1911;1999002156;COTAS;87945.662992000000000;
202501;2258;1997004356;COTAS;305692401.673876000000000;50620290000144
202501;1911;2000006183;COTAS;9117965.019277000000000;42479278000133
202501;1403;2000008038;COTAS;2344863.898779000000000;
202501;1403;2000008038;COTAS;1159570.188866000000000;
202501;2231;2012001947;COTAS;1871581.173529000000000;
202501;2231;2012001947;OPERACAO_PARTICIPANTE;5353079.999753142100000;
202501;1434;2000006965;COTAS;215642.777075000000000;
202501;2231;2013001665;COTAS;300996.172651000000000;
202501;2258;1999000765;VL_PG_RC;-19376.440000000000000;
202501;1434;2000006965;COTAS;135.135674000000000;
202501;2231;2013001665;COTAS;1799126.700663000000000;44703493000100
202501;1781;1980000174;ACOES;59209589006.690000000000000;
202501;2258;1999002229;VL_PG_RC;-132502.090000000000000;
202501;2231;2014001383;COTAS;657203.144334000000000;
202501;2258;2000004156;COTAS;4040464.238207000000000;50620290000144
202501;1434;2000006965;VL_PG_RC;8817029.010000000000000;
202501;1434;2005005029;CAIXA;3705790.800000000000000;
202501;1781;1980000174;COTAS;40834892.650120000000000;
202501;2258;2000004474;COTAS;154699169.690032000000000;50620290000144
202501;1781;1980000174;COTAS;22480974564.655837000000000;18015618000190
202501;1781;1980000174;VL_PG_RC;736884208.970000000000000;
202501;2258;2001000618;CAIXA;5000.000000000000000;
202501;1781;1998003574;COTAS;8210562.459530000000000;
202501;2258;2003002911;CAIXA;0.520000000000000;
202501;2231;2018002074;COTAS;241881.714684000000000;44703472000186
202501;1781;1998003574;COTAS;661765404.624328000000000;40021645000125
202501;2258;2005005411;COTAS;28039860.903247000000000;50620435000107
202501;2231;2019003074;COTAS;5367483.851159000000000;44703472000186
202501;1434;2005005029;VL_PG_RC;-678872.070000000000000;
202501;1781;1998003574;COTAS;2375734722.839817000000000;49766341000161
202501;2231;2019003074;COTAS;2158998.385483000000000;44703483000166
202501;1781;1998003574;COTAS;208789942.557574000000000;49767200000163
202501;2258;2006000683;COTAS;20137829.878773000000000;50634860000155
202501;2258;2006001647;COTAS;611807.005692000000000;
202501;1434;2008000974;CAIXA;288282.850000000000000;
202501;1911;2005004847;COTAS;3397190.631513000000000;21791224000139
202501;1434;2008000974;TIT_PUB;57511134.060000000000000;
202501;1434;2009003292;COTAS;6284070.010854000000000;33624828000170
202501;1781;1998003574;COTAS;393668033.005198000000000;49769782000117
202501;1434;2015000747;CAIXA;264759.300000000000000;
202501;1804;9970000000;CAIXA;1398040.510000000000000;
202501;1451;1979001618;COTAS;20365617.156161000000000;
202501;1818;2002000174;COTAS;205284099.639993000000000;01631246000124
202501;1818;9970000000;CAIXA;727328.150000000000000;
202501;1403;2008004783;COTAS;3188997.526465000000000;
202501;1852;1985001047;COTAS;374510053.827271000000000;00974902000129
202501;1852;1985001047;COTAS;178081159.590043000000000;49442251000115
202501;1852;1985001047;VL_PG_RC;1436078.170000000000000;
202501;1911;2005004847;COTAS;1277185.512896000000000;25401546000185
202501;1883;2006003356;COTAS;242334.737752000000000;
202501;1403;2008004783;COTAS;1773398.908967000000000;
202501;1451;1979001618;IMOVEIS;3930300.360000000000000;
202501;2258;2007003211;COTAS;23159629.710056000000000;50625158000125
202501;1911;2006001411;COTAS;576442.013150000000000;
202501;1451;2006002929;COTAS;14062940.884654000000000;
202501;1883;2006003356;COTAS;828817.901398000000000;
202501;2258;2009001656;CAIXA;0.100000000000000;
202501;1451;2006002929;COTAS;13605951.502299000000000;35491278000193
202501;1451;9970000000;COTAS;4897478.615082000000000;
202501;1911;2006001411;COTAS;2683820.735693000000000;
202501;2258;1990000118;COTAS;1444814.970327000000000;
202501;2258;1990000118;COTAS;5786056.569929000000000;
202501;2258;2010001338;VL_PG_RC;-25872.340000000000000;
202501;2258;2012000983;COTAS;16569737.352083000000000;50625158000125
202501;2258;2012000983;VL_PG_RC;-20993.030000000000000;
202501;1479;1997002711;COTAS;14580114.014142000000000;
202501;2258;1990000118;COTAS;1375390.335904000000000;
202501;1479;1997002711;COTAS;53510029.915507000000000;
202501;2258;2012001165;CAIXA;272.260000000000000;
202501;2258;1990000118;COTAS;2402773.443953000000000;
202501;2258;2012001319;CAIXA;0.000000000000000;
202501;1911;2006001411;OPERACAO_PARTICIPANTE;1732666.993108042900000;
202501;2258;2014001618;CAIXA;0.000000000000000;
202501;1479;1997002711;COTAS;128649375.476183000000000;52285421000100
202501;2258;2014001618;COTAS;9067325.326945000000000;50620290000144
202501;2258;1990000118;COTAS;114201.863485000000000;
202501;1911;2006005847;COTAS;2694155.513401000000000;
202501;2258;2015000518;COTAS;9610233.924653000000000;50620290000144
202501;1479;1997002711;OPERACAO_PARTICIPANTE;385459532.399518910900000;
202501;2258;2016000929;CAIXA;0.000000000000000;
202501;1479;1997002892;COTAS;83919460.499156000000000;41326144000110
202501;2258;1990000118;COTAS;1588833.889252000000000;29983486000107
202501;1479;1997002892;COTAS;77326645.867828000000000;52285421000100
202501;2258;2016001038;CAIXA;0.000000000000000;
202501;1479;2012000738;COTAS;43236.652960000000000;
202501;2258;2016001119;COTAS;734859.304868000000000;04052631000105
202501;2258;2017001074;CAIXA;26818.710000000000000;
202501;2258;2017001147;CAIXA;113432.920000000000000;
202501;1911;1992001618;COTAS;92736.935671000000000;
202501;1479;9970000000;CAIXA;16335.670000000000000;
202501;1911;1992001618;COTAS;138356.579947000000000;36521640000194
202501;1911;1994001992;COTAS;5130318.069215000000000;50069086000187
202501;1911;1997003211;COTAS;20897190.430118000000000;25401546000185
202501;2258;1990000118;VL_PG_RC;29504.270000000000000;
202501;2258;2017001619;CAIXA;0.000000000000000;
202501;2258;1992000719;COTAS;276864994.150257000000000;
202501;2258;2019001292;CAIXA;13928.430000000000000;
202501;2258;1992000719;TIT_PRIV;581348.090000000000000;
202501;2258;2019001365;COTAS;43733176.771928000000000;50625158000125
202501;1911;2006005847;OPERACAO_PARTICIPANTE;2218166.809172993500000;
202501;1479;9970000000;VL_PG_RC;0.000000000000000;
202501;1911;2008003183;COTAS;5967957.925237000000000;
202501;1482;1982000211;VL_PG_RC;-1.900000000000000;
202501;2258;2019001365;VL_PG_RC;-60238.910000000000000;
202501;1911;2008003183;COTAS;3694344.826897000000000;36521640000194
202501;1482;1983000329;CAIXA;0.000000000000000;
202501;2258;2019003147;CAIXA;0.000000000000000;
202501;1482;1985000865;COTAS;239334.010251000000000;
202501;1482;1987000692;COTAS;45517.026721000000000;
202501;1403;2016000619;IMOVEIS;815404.240000000000000;
202501;1482;1987000838;VL_PG_RC;-5890.600000000000000;
202501;1911;2008003183;COTAS;16200380.695333000000000;50069086000187
202501;2258;2019003147;COTAS;6944619.211566000000000;50641862000171
202501;2258;1993000992;TIT_PUB;5571534.480000000000000;
202501;1403;2016000619;OPERACAO_PARTICIPANTE;4173096.150073037300000;
202501;1482;1987001192;COTAS;12762482.340843000000000;
202501;2258;2019003211;COTAS;50735.251860000000000;50620435000107
202501;1911;1997003211;OPERACAO_PARTICIPANTE;6093555.635857612900000;
202501;1911;2009003365;COTAS;203688.888846000000000;
202501;1403;9970000000;COTAS;1247141.371392000000000;
202501;1434;1980002347;COTAS;40056.484131000000000;
202501;2258;2019003392;COTAS;253280.243584000000000;50620290000144
202501;2258;1993003811;COTAS;12930540.619815000000000;50625158000125
202501;2258;2020001292;VL_PG_RC;-33543.400000000000000;
202501;1434;1980002347;COTAS;24069.930555000000000;
202501;1434;1985000474;COTAS;29511340.734134000000000;04495282000104
202501;2258;2020002019;COTAS;222143535.222089000000000;51079513000170
202501;1434;1985000474;COTAS;11696437.126898000000000;33624828000170
202501;2258;2022003047;CAIXA;25613.800000000000000;
202501;1911;2009003365;COTAS;2932629.877774000000000;21791224000139
202501;2258;2023000092;VL_PG_RC;-5653.190000000000000;
202501;1434;1985000474;IMOVEIS;10639640.190000000000000;
202501;1434;1986000192;COTAS;2492217.655639000000000;
202501;2258;1993003811;VL_PG_RC;-113464.140000000000000;
202501;2292;1990002129;COTAS;161559.581043000000000;
202501;1911;2009003365;COTAS;2033122.650057000000000;25401546000185
202501;1482;1987001265;VL_PG_RC;-9219.220000000000000;
202501;1434;1986000192;VL_PG_RC;-110370.960000000000000;
202501;2292;1998002756;COTAS;861637.495350000000000;
202501;2258;1994001356;COTAS;20290068.657874000000000;50634601000124
202501;1911;2015000674;COTAS;90328.650544000000000;
202501;2292;1998002756;OPERACAO_PARTICIPANTE;40605573.449462000000000;
202501;1911;2015000674;COTAS;1088444.296485000000000;36521640000194
202501;2258;1995000183;CAIXA;0.930000000000000;
202501;2292;1998002829;COTAS;2736965.723476000000000;
202501;1911;2015000674;COTAS;6322718.418045000000000;52277799000161
202501;2258;1995003174;COTAS;6323822.815531000000000;50620435000107
202501;1434;1996002211;COTAS;16092218.341690000000000;
202501;1482;1987001419;OPERACAO_PARTICIPANTE;318860.760000000000000;
202501;1911;2015000674;COTAS;6139513.147509000000000;57235960000158
202501;1911;1997003211;TIT_PUB;35948671.510000000000000;
202501;2292;1998002829;COTAS;7193884.457711000000000;
202501;1434;1997000474;COTAS;617783.152786000000000;
202501;1434;1997000474;COTAS;5059494.551907000000000;17285268000110
202501;1482;1988002338;COTAS;13038781.861905000000000;
202501;1911;1998004147;OPERACAO_PARTICIPANTE;90817.520227521600000;
202501;1434;1997000474;VL_PG_RC;9021866.830000000000000;
202501;2258;1995003719;COTAS;5631590.289069000000000;50620435000107
202501;2292;1998002829;COTAS;2566623.047987000000000;
202501;2292;1998002829;COTAS;4896341.493735000000000;
202501;1482;1989000592;TIT_PUB;5514713.170000000000000;
202501;2258;1996000829;COTAS;287982044.962027000000000;52985327000163
202501;2292;1998002829;COTAS;120168583.613208000000000;50799566000101
202501;1482;1989002129;CAIXA;16712.130000000000000;
202501;1911;1998005518;COTAS;20769373.379440000000000;
202501;2292;2016000392;CAIXA;149493.960000000000000;
202501;2258;1996000829;VL_PG_RC;-282440.840000000000000;
202501;2292;2016000392;OPERACAO_PARTICIPANTE;1660484.083635000000000;
202501;1434;2000000411;COTAS;279956.264626000000000;04495282000104
202501;1434;2000006965;COTAS;8815725.622717000000000;
202501;1482;1990001947;TIT_PRIV;52906.990000000000000;
202501;2292;2018002538;COTAS;95895407.931243000000000;
202501;1482;1990002056;CAIXA;35966.110000000000000;
202501;2292;2018002538;COTAS;10727837.076098000000000;
202501;2292;2018002538;COTAS;1813628.460565000000000;
202501;2258;1996002147;COTAS;18466973.151658000000000;50625158000125
202501;2292;2018002538;COTAS;19229467.225458000000000;
202501;1911;1998005518;COTAS;36390392.849952000000000;36521640000194
202501;2292;2018002538;COTAS;11812110.813026000000000;04764252000148
202501;2258;1996002147;COTAS;24182431.845317000000000;51059511000110
202501;1911;1998005518;COTAS;129768560.481336000000000;50069086000187
202501;2292;2018002538;COTAS;29885733.466896000000000;41562294000122
202501;1911;1999002156;COTAS;314036.121646000000000;
202501;1911;1999002156;COTAS;5289777.763816000000000;21791224000139
202501;2302;1988000319;COTAS;23271736.656484000000000;29092660000121
202501;1911;1999002156;COTAS;2008205.010247000000000;52277799000161
202501;2302;1988000483;COTAS;8045641.098109000000000;29106500000194
202501;1482;1990002056;VL_PG_RC;-1188.800000000000000;
202501;1482;1992001847;VL_PG_RC;-8.400000000000000;
202501;2302;9970000000;CAIXA;15014.700000000000000;
202501;2316;2015001311;COTAS;736120948.262767000000000;27292841000176
202501;2316;2023001447;COTAS;47481.901464000000000;
202501;1482;1993001492;COTAS;1215.280357000000000;
202501;2316;9970000000;COTAS;209341.351490000000000;
202501;2258;1996002147;VL_PG_RC;-58053.840000000000000;
202501;2316;9970000000;TIT_PUB;9302085.870000000000000;
202501;2258;1998005356;COTAS;238692838.067124000000000;50620290000144
202501;2333;2019000938;COTAS;8427204.032558000000000;
202501;1482;1993001565;COTAS;5579468.407526000000000;
202501;2333;9970000000;COTAS;20732198.655440000000000;
202501;1924;1989000274;COTAS;10143732.805409000000000;
202501;2258;1998006956;VL_PG_RC;-97337.480000000000000;
202501;2395;1994001811;CAIXA;92082.130000000000000;
202501;1911;1999002156;VL_PG_RC;-34863.080000000000000;
202501;1482;1993001565;TIT_PRIV;858.320000000000000;
202501;2395;1994001811;COTAS;30613410.047210000000000;
202501;1482;1993002911;TIT_PRIV;47482.400000000000000;
202501;2395;1994001811;COTAS;24767259.103055000000000;
202501;1482;1995000892;COTAS;28807817.088943000000000;
202501;1911;2000006183;COTAS;74196987.972950000000000;54366569000102
202501;1924;1989000347;COTAS;2664442.000066000000000;
202501;1911;2006001411;COTAS;7527035.367584000000000;25401546000185
202501;2395;1994001811;COTAS;6044192.856004000000000;
202501;1911;2006005847;COTAS;1178335.780494000000000;
202501;1482;1995001856;COTAS;45779.571748000000000;
202501;1911;2006005847;COTAS;10109938.396715000000000;50069086000187
202501;2395;1994001811;COTAS;16575567.784982000000000;
202501;1434;2000006965;OPERACAO_PARTICIPANTE;471695.380000000000000;
202501;1482;1996002538;TIT_PRIV;5012.600000000000000;
202501;2395;1994001811;COTAS;16585852.467997000000000;
202501;1924;1989000347;COTAS;63814738.000000000000000;15060253000128
202501;2258;1999003683;COTAS;3330480.695455000000000;50620435000107
202501;1482;1997001683;COTAS;184061.586920000000000;
202501;1482;1997002574;CAIXA;1000.000000000000000;
202501;2258;1999003829;COTAS;9898741.033331000000000;50625158000125
202501;1482;1998002683;COTAS;0.000000000000000;
202501;1434;2000006965;TIT_PUB;354196544.030000000000000;
202501;2395;1994001811;COTAS;16624233.017549000000000;
202501;1482;1998003418;COTAS;651723.848253000000000;
202501;2422;1982001747;CAIXA;295077.860000000000000;
202501;1482;1998003418;COTAS;2201703.619169000000000;31032327000179
202501;1434;2005005029;TIT_PRIV;1078711.280000000000000;
202501;2422;2002002738;CAIXA;195571.740000000000000;
202501;1434;2008000974;COTAS;43234053.551003000000000;04495282000104
202501;2422;2002003238;COTAS;5577589.932363000000000;14205056000197
202501;1482;1998003418;VL_PG_RC;-3004.980000000000000;
202501;1434;2008000974;COTAS;18325042.516054000000000;41799499000126
202501;1482;1998003474;CAIXA;974.460000000000000;
202501;1482;1998004211;CAIXA;0.000000000000000;
202501;1434;2009003292;CAIXA;83551.190000000000000;
202501;1482;1998004392;TIT_PRIV;686.660000000000000;
202501;2422;2002003483;VL_PG_RC;110526.590000000000000;
202501;1482;1998005747;COTAS;2995774.023731000000000;31032327000179
202501;2422;2002003718;IMOVEIS;957190.260000000000000;
202501;1434;9970000000;CAIXA;283841.400000000000000;
202501;2422;2002004374;CAIXA;11041.760000000000000;
202501;1451;1979001618;CAIXA;11303.820000000000000;
202501;2422;9970000000;ACOES;3711.770000000000000;
202501;1451;1979001618;COTAS;357836618.382974000000000;35491278000193
202501;2511;1992001529;COTAS;1712122089.274266000000000;06095361000145
202501;1451;1979001618;VL_PG_RC;936666.580000000000000;
202501;2525;1979004511;COTAS;556185.117855000000000;
202501;1451;2022001974;CAIXA;519.340000000000000;
202501;1451;2022001974;COTAS;866170.063919000000000;
202501;1911;2007001292;COTAS;88629.507617000000000;
202501;1482;1999001419;VL_PG_RC;-13735.700000000000000;
202501;2525;1979004511;COTAS;9115420.026054000000000;
202501;1911;2007001292;COTAS;271987.020694000000000;52277799000161
202501;1482;1999001818;COTAS;29730401.273896000000000;
202501;1911;2007001292;COTAS;613466.531637000000000;57235960000158
202501;2525;1979004511;OPERACAO_PARTICIPANTE;9295850.959640572000000;
202501;2525;2009003756;CAIXA;103850.530000000000000;
202501;1482;2000003192;COTAS;4823347.136123000000000;32273402000156
202501;2525;2009003756;COTAS;9050528.724005000000000;41763054000196
202501;1482;2000003192;OPERACAO_PARTICIPANTE;405017.700000000000000;
202501;1482;2000007211;CAIXA;0.000000000000000;
202501;1479;1997002711;CAIXA;251589.320000000000000;
202501;1482;2000007211;COTAS;46822848.399709000000000;
202501;2525;2020002256;CAIXA;2604.460000000000000;
202501;2525;2020002256;COTAS;307549.076139000000000;41763054000196
202501;1479;1997002711;COTAS;19311233.619298000000000;52170037000161
202501;2525;9970000000;COTAS;31139422.066423000000000;
202501;1924;1989000347;COTAS;25100959.000001000000000;15060258000150
202501;1911;2007001292;VL_PG_RC;-56749.460000000000000;
202501;1482;2000007211;COTAS;81869.156515000000000;
202501;2258;2000006019;COTAS;21192394.155669000000000;50620290000144
202501;2258;2001000618;COTAS;6495696.500893000000000;50620290000144
202501;2556;1993000119;CAIXA;510670.330000000000000;
202501;2556;1993000119;COTAS;-8441.144760000000000;
202501;1924;2008003711;COTAS;41461119.999957000000000;
202501;1924;2008003711;COTAS;10038494.000000000000000;
202501;1924;2008003711;COTAS;266667784.999999000000000;15060252000183
202501;1482;2000007211;VL_PG_RC;-79844.870000000000000;
202501;1482;2001000383;TIT_PUB;1210448.570000000000000;
202501;1924;2008003711;OPERACAO_PARTICIPANTE;7171573.619599830000000;
202501;1911;2013001274;COTAS;524152.369804000000000;
202501;2556;1993000119;COTAS;32945.034203000000000;
202501;1924;9970000000;COTAS;62434.000001000000000;
202501;1479;1997002711;COTAS;56860370.779430000000000;
202501;2556;1993000119;COTAS;174495.242506000000000;
202501;1479;1997002711;COTAS;5817276.361857000000000;11769259000118
202501;1911;2013001274;COTAS;151869.454083000000000;
202501;2556;1993000119;COTAS;7636929.938137000000000;
202501;2556;1993000119;COTAS;5095465.704985000000000;
202501;1969;1981000356;COTAS;481075254.056311000000000;04551365000165
202501;1479;1997002711;COTAS;74569244.414661000000000;51918188000192
202501;1969;1981000356;VL_PG_RC;-106307.030000000000000;
202501;1482;2002001618;COTAS;13357155.626357000000000;32273402000156
202501;1969;1999004019;COTAS;41147670.600000000000000;42870959000128
202501;1969;1999004019;VL_PG_RC;-20577.140000000000000;
202501;1482;2002001618;COTAS;17657265.852851000000000;32273485000183
202501;1482;2003001174;CAIXA;0.000000000000000;
202501;1972;2005001783;CAIXA;83744.220000000000000;
202501;2556;1993000119;OPERACAO_PARTICIPANTE;8720610.730223000000000;
202501;1972;2005001783;COTAS;5988397.668960000000000;
202501;2556;1998007618;COTAS;7404207.089832000000000;
202501;1479;1997002711;VL_PG_RC;50696516.790000000000000;
202501;2556;1998007618;COTAS;12389428.351735000000000;
202501;1482;2004000538;VL_PG_RC;-13744.300000000000000;
202501;2556;2018001574;CAIXA;3266.500000000000000;
202501;1911;2013001274;OPERACAO_PARTICIPANTE;637156.150129013500000;
202501;1482;2004001518;COTAS;16734936.566124000000000;
202501;1972;2005001783;COTAS;2493846.160000000000000;
202501;1911;2015000674;COTAS;2799763.914337000000000;
202501;1479;1997002892;COTAS;146743505.308139000000000;52322683000105
202501;1482;2005001074;VL_PG_RC;-31695.400000000000000;
202501;1972;2005001783;COTAS;5078002.053502000000000;
202501;2561;1999000447;COTAS;25687670.140762000000000;
202501;1479;1997002892;VL_PG_RC;12379660.950000000000000;
202501;1482;2005001392;COTAS;1012905.836694000000000;31032327000179
202501;1972;2005001783;COTAS;43489499.051052000000000;04822511000140
202501;1479;2012000738;COTAS;902121.853984000000000;
202501;2561;2014000174;COTAS;4528479.947479000000000;
202501;1911;2015000674;COTAS;1647999.712318000000000;
202501;1479;2012000738;COTAS;1635219.253669000000000;
202501;2587;9970000000;VL_PG_RC;3397.660000000000000;
202501;2258;2002001138;VL_PG_RC;-20379.270000000000000;
202501;1482;2005005665;CAIXA;0.000000000000000;
202501;1482;1981000674;COTAS;236762.954407000000000;
202501;1911;2018001711;COTAS;1494858.656877000000000;
202501;1482;2006003038;COTAS;19964706.330786000000000;
202501;2258;2005005411;COTAS;34743375.113532000000000;50625158000125
202501;1482;1982003138;VL_PG_RC;-3132.770000000000000;
202501;1482;2007002711;COTAS;1217797.946154000000000;
202501;2659;1995001783;COTAS;59921830.708248000000000;13130811000159
202501;1482;1983000329;COTAS;34355534.835269000000000;
202501;2659;2000002447;COTAS;20206458.620289000000000;
202501;2693;1993000811;COTAS;11357119.319968000000000;
202501;1482;1985000547;CAIXA;2002424.730000000000000;
202501;2693;2021001938;COTAS;340609.006888000000000;
202501;1972;2005001783;OPERACAO_PARTICIPANTE;16313541.180000000000000;
202501;2693;2021001938;COTAS;432163.081317000000000;
202501;2693;2021001938;COTAS;156930.283995000000000;
202501;2693;2021001938;COTAS;885140.083209000000000;41727284000108
202501;2721;2004002018;CAIXA;46520.690000000000000;
202501;2258;2006000683;COTAS;254177752.762119000000000;50620290000144
202501;2258;2006001647;COTAS;1543541.162686000000000;
202501;1482;1987000692;TIT_PRIV;3776.620000000000000;
202501;1482;1987001265;TIT_PUB;82643761.780000000000000;
202501;1482;2007002711;VL_PG_RC;-11177.470000000000000;
202501;1482;2008001156;CAIXA;0.000000000000000;
202501;1972;2007000229;COTAS;2994198.838424000000000;
202501;1972;2007000229;COTAS;7949228.274679000000000;
202501;2258;2006001647;COTAS;269565366.408677000000000;10412071000155
202501;1482;1987001419;VL_PG_RC;661.230000000000000;
202501;1482;1987001811;COTAS;1425940.709988000000000;
202501;1972;9970000000;COTAS;349872.284825000000000;
202501;1972;9970000000;COTAS;441998.945633000000000;15166133000100
202501;1911;2015000674;COTAS;110269.927174000000000;
202501;1972;9970000000;COTAS;877178.407375000000000;54759045000173
202501;1911;2018001711;COTAS;1970681.520017000000000;
202501;1482;2009001011;COTAS;3324623.008105000000000;
202501;1482;2009001818;CAIXA;0.000000000000000;
202501;1991;1996003119;COTAS;422358551.414097000000000;
202501;1911;2015000674;COTAS;544388.690901000000000;
202501;1911;2015000674;VL_PG_RC;-27294.640000000000000;
202501;1911;2018001711;COTAS;485772.538593000000000;
202501;1911;2018001711;COTAS;165982.514765000000000;
202501;1911;9970000000;COTAS;1495979.571634000000000;
202501;2258;2006006111;COTAS;234846218.932934000000000;50620572000141
202501;2721;2004002018;COTAS;4247549.945155000000000;
202501;2796;1993002529;COTAS;360463101.531533000000000;14298797000160
202501;1924;1989000274;COTAS;3653692.496383000000000;
202501;1924;1989000274;COTAS;5524363.127265000000000;
202501;1924;1989000347;COTAS;9354726.999914000000000;
202501;2258;2007000547;VL_PG_RC;-945.680000000000000;
202501;1924;1989000347;COTAS;2583415.000000000000000;
202501;2258;2007000611;COTAS;86071128.117888000000000;50620290000144
202501;1924;1989000347;OPERACAO_PARTICIPANTE;380996.030000000000000;
202501;1924;2008003711;COTAS;11246001.000026000000000;
202501;1924;2008003711;COTAS;104562914.000001000000000;15060258000150
202501;2258;2007002418;COTAS;12395407.901607000000000;50620290000144
202501;2258;2007002418;COTAS;7267752.985198000000000;50620819000120
202501;1924;9970000000;COTAS;1851149.000001000000000;15060253000128
202501;2796;1993002529;VL_PG_RC;-8015.120000000000000;
202501;2258;2007003211;COTAS;26969878.966367000000000;50620435000107
202501;2258;2008000338;COTAS;19113488.751534000000000;50620290000144
202501;2258;2008000729;CAIXA;563.310000000000000;
202501;2811;1993002774;COTAS;36370040.025002000000000;
202501;2258;2009001656;COTAS;87405434.214454000000000;50620290000144
202501;1969;1981000356;COTAS;193547.792300000000000;
202501;2258;2010001338;COTAS;3280756.377335000000000;50620435000107
202501;2811;1993002774;COTAS;8948881.016281000000000;
202501;2258;2010001656;VL_PG_RC;-62528.570000000000000;
202501;2258;2010005783;CAIXA;2015.140000000000000;
202501;1969;9970000000;CAIXA;292059.080000000000000;
202501;1482;1988001447;VL_PG_RC;0.000000000000000;
202501;2258;2012000983;COTAS;3062357.150035000000000;50620435000107
202501;1969;9970000000;COTAS;129319.649942000000000;13969771000133
202501;2258;2012001165;COTAS;11845436.205293000000000;50620290000144
202501;2811;1993002774;COTAS;5391151.376987000000000;
202501;1911;2018001711;COTAS;161037.117915000000000;
202501;504;9970000000;COTAS;4249686.817412000000000;
202501;535;1982000538;COTAS;130818307.750758000000000;55983603000142
202501;1972;2005001783;COTAS;10324496.735301000000000;
202501;2811;1993002774;COTAS;906345.500629000000000;
202501;535;2021002292;COTAS;1753271.336487000000000;02846259000183
202501;1972;2005001783;COTAS;12144672.801788000000000;
202501;2258;2012001319;COTAS;8539575.543962000000000;50620290000144
202501;1972;2005001783;COTAS;25514991.527557000000000;
202501;2811;1993002774;OPERACAO_PARTICIPANTE;1894679.320000000000000;
202501;1972;2005001783;COTAS;28803651.010980000000000;54759045000173
202501;2811;9970000000;CAIXA;19208.140000000000000;
202501;1972;2007000229;COTAS;17428652.305812000000000;
202501;535;2021002292;COTAS;1355612.334354000000000;05092810000139
202501;2811;9970000000;COTAS;187009.029071000000000;
202501;1972;2007000229;COTAS;30352917.370150000000000;
202501;1911;2018001711;COTAS;509360.833898000000000;
202501;2258;2014000247;COTAS;67830715.457041000000000;50625158000125
202501;2018;2016001811;VL_PG_RC;-1856.990000000000000;
202501;2258;2014001529;COTAS;6630019.291799000000000;50620290000144
202501;1482;2009001818;VL_PG_RC;-32712.390000000000000;
202501;2021;9970000000;TIT_PUB;8141862.330000000000000;
202501;1482;1988002338;TIT_PUB;18763329.070000000000000;
202501;1482;2010002938;CAIXA;0.000000000000000;
202501;1482;1988002656;CAIXA;806552.320000000000000;
202501;1911;9970000000;COTAS;6551670.219260000000000;50069086000187
202501;1924;1989000274;COTAS;22031098.825551000000000;15060248000115
202501;1972;9970000000;COTAS;4305010.151499000000000;04822511000140
202501;1482;1989000665;CAIXA;1981654.180000000000000;
202501;1991;1980000565;COTAS;180265192.776844000000000;
202501;1991;1980000565;IMOVEIS;2501874.560000000000000;
202501;2258;2015000518;CAIXA;6.230000000000000;
202501;535;9970000000;COTAS;2012931.811201000000000;17689994000106
202501;549;2005003883;COTAS;39643307.739967000000000;33913659000198
202501;1482;2010002938;COTAS;7607149.403859000000000;
202501;1991;2017000892;COTAS;8373661.671389000000000;
202501;549;2005003883;COTAS;43183918.533606000000000;33913669000123
202501;2258;2016000929;COTAS;2662540.407812000000000;50620290000144
202501;2811;9970000000;COTAS;47361.252192000000000;
202501;2052;1990000983;COTAS;2523410.609545000000000;
202501;2823;1994000392;CAIXA;36855.210000000000000;
202501;2823;1994000392;COTAS;1730374.650676000000000;
202501;2823;1994000392;COTAS;615789.949079000000000;
202501;2823;1994000392;COTAS;1131256.613583000000000;
202501;2052;1990000983;COTAS;148191.630025000000000;
202501;1482;1989001238;CAIXA;6263.830000000000000;
202501;2258;2016001038;COTAS;25721657.872779000000000;50620290000144
202501;2823;1994000465;COTAS;63354644.617221000000000;
202501;2823;1994000465;COTAS;32295472.995576000000000;
202501;2004;1987001729;VL_PG_RC;0.000000000000000;
202501;2258;2017001538;VL_PG_RC;-48371.190000000000000;
202501;1482;1989001238;COTAS;584171.449869000000000;
202501;2258;2018001256;VL_PG_RC;-77229.500000000000000;
202501;2052;2006001011;COTAS;2661776.085791000000000;
202501;2258;2019001365;COTAS;34928040.778861000000000;50620435000107
202501;1482;1989001483;CAIXA;517638.420000000000000;
202501;2258;2019003147;COTAS;179135.446843000000000;50634860000155
202501;1482;1989002211;VL_PG_RC;0.000000000000000;
202501;2018;9970000000;COTAS;15933184.702381000000000;
202501;1482;1989002374;CAIXA;822.890000000000000;
202501;2258;2019003211;VL_PG_RC;-2737.440000000000000;
202501;2052;2006001011;COTAS;430325.024262000000000;
202501;2021;1979001138;TIT_PUB;56621990.570000000000000;
202501;2052;2006001011;COTAS;2130509.956451000000000;
202501;2021;9970000000;IMOVEIS;16845.000000000000000;
202501;2052;9970000000;COTAS;436185.349970000000000;
202501;2066;1974000192;COTAS;40154682.271902000000000;
202501;2066;1974000192;COTAS;14453583.226378000000000;
202501;2066;1974000192;COTAS;32435.875037000000000;
202501;1482;2010003829;VL_PG_RC;-10980.300000000000000;
202501;2066;9970000000;VL_PG_RC;0.000000000000000;
202501;1482;2010004965;COTAS;23092756.510147000000000;
202501;2258;2020001111;COTAS;34995476.137330000000000;50625158000125
202501;2083;1973000156;CAIXA;265725.620000000000000;
202501;2052;1990000983;COTAS;49662.900000000000000;
202501;1482;2011000238;CAIXA;0.000000000000000;
202501;2083;1999005211;COTAS;624652897.456331000000000;09296055000165
202501;1482;2011000238;VL_PG_RC;-2902.290000000000000;
202501;2083;1999005211;COTAS;23812389.891165000000000;42102159000167
202501;2258;2020001111;COTAS;30115168.847009000000000;51059511000110
202501;1482;2011000483;COTAS;2254432.616749000000000;32273402000156
202501;1482;2011000483;COTAS;39104626.137737000000000;32273485000183
202501;2083;1999005211;IMOVEIS;205145230.170000000000000;
202501;2258;2020001111;VL_PG_RC;-69984.700000000000000;
202501;2052;1990000983;COTAS;94190.850316000000000;
202501;1482;1990002056;TIT_PRIV;2746.630000000000000;
202501;1924;1989000347;CAIXA;11631.880000000000000;
202501;2083;1999005211;OPERACAO_PARTICIPANTE;692539946.808146801200000;
202501;1482;1992001911;VL_PG_RC;-0.720000000000000;
202501;2052;1990000983;COTAS;3257846.880266000000000;
202501;1482;2011002011;COTAS;37278443.648652000000000;
202501;2823;1994000538;COTAS;13244056.907070000000000;
202501;2052;2006001011;COTAS;53909806.252761000000000;
202501;2052;2006001011;COTAS;8990588.879542000000000;
202501;1482;2011002338;COTAS;8790789.810073000000000;
202501;2052;2006001011;COTAS;1254258.901942000000000;
202501;549;2005003883;OPERACAO_PARTICIPANTE;16231177.880000000000000;
202501;1482;2013001029;COTAS;21825123.290937000000000;31032327000179
202501;2823;1994000538;COTAS;643835.579310000000000;
202501;1482;2013001029;VL_PG_RC;-31520.920000000000000;
202501;2052;2006001011;COTAS;625874.887885000000000;
202501;1482;1993001492;CAIXA;1351351.170000000000000;
202501;1482;2013001819;COTAS;21155479.036800000000000;
202501;2052;2006001011;COTAS;31307.311338000000000;
202501;2258;2021000974;CAIXA;1090.480000000000000;
202501;1924;1989000347;COTAS;2711780.000000000000000;
202501;2083;2000008283;COTAS;644503337.057229000000000;05170419000105
202501;2823;1994000538;VL_PG_RC;5170606.470000000000000;
202501;2083;2000008283;COTAS;15807810.859038000000000;28849695000108
202501;2083;2011002192;COTAS;12104313.452848000000000;09296055000165
202501;2083;2011002192;OPERACAO_PARTICIPANTE;494001.230000000000000;
202501;1482;2018001965;CAIXA;0.000000000000000;
202501;2258;2021000974;COTAS;32768404.800660000000000;50620819000120
202501;2258;2023001129;COTAS;2826974.303485000000000;50620290000144
202501;1482;2021003256;COTAS;124823.552217000000000;
202501;1482;2021003256;COTAS;1314795.053018000000000;
202501;2083;2011002265;COTAS;100093166.498025000000000;05170419000105
202501;2258;9970000000;CAIXA;444705.650000000000000;
202501;2066;1974000192;COTAS;230852258.246080000000000;
202501;2292;1990002129;COTAS;47803.577373000000000;
202501;1482;2022000056;CAIXA;0.000000000000000;
202501;2083;2012000274;COTAS;47398989.159513000000000;05170419000105
202501;2083;2012000274;COTAS;2819561.903398000000000;09296055000165
202501;1482;2022000056;VL_PG_RC;-1581.270000000000000;
202501;2292;1990002129;VL_PG_RC;-605.270000000000000;
202501;2083;2012000274;OPERACAO_PARTICIPANTE;22320.410000000000000;
202501;2066;1974000192;COTAS;11702915.600538000000000;
202501;552;1979002665;COTAS;913309.717057000000000;
202501;2066;1974000192;COTAS;263609713.616612000000000;
202501;1482;2022000129;COTAS;989937.960825000000000;
202501;2292;1998002756;CAIXA;2461367.100000000000000;
202501;1482;1993002911;VL_PG_RC;-19272.010000000000000;
202501;1924;1989000347;COTAS;13438541.000000000000000;41888673000107
202501;2292;1998002756;COTAS;3058678.841411000000000;
202501;1924;2008003711;COTAS;11209882.000000000000000;
202501;2066;1974000192;COTAS;81178013.321065000000000;
202501;2823;2009000218;COTAS;82584.340017000000000;
202501;2071;1986000583;VL_PG_RC;110240.630000000000000;
202501;2292;1998002756;COTAS;472344.423959000000000;
202501;2083;1973000156;COTAS;82845775.527863000000000;03519674000195
202501;2841;1993003592;VL_PG_RC;-8737.040000000000000;
202501;2083;1973000156;TIT_PRIV;226492114.970000000000000;
202501;2841;2005004611;COTAS;6988.764150000000000;
202501;2083;2012000274;TIT_PRIV;0.540000000000000;
202501;2083;2019002329;COTAS;5915394.343374000000000;35600762000103
202501;1506;9970000000;VL_PG_RC;0.000000000000000;
202501;1482;1993003983;COTAS;1789.097012000000000;
202501;1523;1977000274;COTAS;283815.875644000000000;
202501;1523;1977000274;COTAS;-1379498.779866000000000;
202501;2292;1998002756;COTAS;23820516.991909000000000;
202501;2083;1995002356;COTAS;12393326.058765000000000;05170419000105
202501;552;1979002665;OPERACAO_PARTICIPANTE;7029873.570000000000000;
202501;1523;1977000274;COTAS;2170359.009479000000000;
202501;2841;2005004611;COTAS;2672580.217727000000000;
202501;2841;2005004611;COTAS;113650089.583132000000000;51854557000120
202501;2292;1998002756;COTAS;206282251.802370000000000;
202501;552;2002000638;COTAS;2200509.650000000000000;
202501;1523;1977000274;COTAS;12368989.040510000000000;
202501;2909;1993003411;COTAS;215729757.323396000000000;34867818000128
202501;1924;2008003711;COTAS;245787760.000000000000000;15060253000128
202501;1523;1977000274;COTAS;23931508.466416000000000;
202501;2292;1998002756;COTAS;563755659.051544000000000;14549707000166
202501;2083;1999005211;COTAS;613225277.062087000000000;16569908000150
202501;2083;2020000229;COTAS;16908802.712213000000000;16569908000150
202501;2909;2016000465;COTAS;41303885.090778000000000;34867818000128
202501;2912;1993003738;COTAS;1797503.340606000000000;09544240000121
202501;2141;9970000000;COTAS;1014487.702499000000000;
202501;2912;1993003738;COTAS;1964991.131365000000000;14435448000142
202501;2292;1998002829;COTAS;1123422.434901000000000;
202501;2912;1993003738;COTAS;5151841.317817000000000;18138892000157
202501;2141;9970000000;VL_PG_RC;0.000000000000000;
202501;2292;1998002829;COTAS;7892577.255261000000000;
202501;2169;1972000111;OPERACAO_PARTICIPANTE;1728557.190000000000000;
202501;2292;1998002829;COTAS;69603.806328000000000;
202501;2912;2005006711;VL_PG_RC;3634.660000000000000;
202501;2292;1998002829;VL_PG_RC;314515.190000000000000;
202501;2292;2016000392;COTAS;10336.985268000000000;
202501;2931;1994000211;CAIXA;21204.220000000000000;
202501;2931;1994000211;COTAS;2835083.710632000000000;
202501;2083;1999005211;COTAS;130333951.324103000000000;34792991000104
202501;2169;1999000374;CAIXA;84248.130000000000000;
202501;552;2002000638;COTAS;1466830.757698000000000;
202501;2169;1999000374;COTAS;42954251.230672000000000;
202501;1482;1994000783;VL_PG_RC;-0.680000000000000;
202501;1523;1977000274;COTAS;1763172944.986177000000000;27455174000103
202501;2169;9970000000;COTAS;4846177.226218000000000;
202501;1924;9970000000;COTAS;69895.999999000000000;
202501;2172;2005005592;COTAS;208103698.872006000000000;31615270000130
202501;2931;1994000211;COTAS;956809.412108000000000;
202501;2931;1994000211;COTAS;4816554.917044000000000;
202501;2991;1985000547;COTAS;716421.232517000000000;
202501;1482;1994004274;CAIXA;0.000000000000000;
202501;2172;2005005592;VL_PG_RC;53375.910000000000000;
202501;1523;1977000274;COTAS;83903431.824250000000000;51891082000142
202501;2292;2016000392;COTAS;37484302.544959000000000;
202501;2292;2016000392;COTAS;307220.401431000000000;
202501;2991;1994002492;COTAS;90322.298063000000000;
202501;2991;1994002492;COTAS;5671329.837688000000000;
202501;2292;2016000392;COTAS;8478126.729140000000000;41562294000122
202501;2991;1994002492;COTAS;49359806.293194000000000;
202501;2292;2018002538;CAIXA;1025320.820000000000000;
202501;2083;2000008283;COTAS;89057944.648800000000000;16569908000150
202501;1924;9970000000;VL_PG_RC;-1272.440000000000000;
202501;2292;2018002538;COTAS;398170.593715000000000;
202501;2292;2018002538;COTAS;556043.398722000000000;
202501;2172;9970000000;VL_PG_RC;-5050.400000000000000;
202501;2083;2011002192;COTAS;130296004.867710000000000;05170419000105
202501;1969;1981000356;COTAS;16590894.539121000000000;
202501;2083;2011002265;COTAS;3593867.832889000000000;03573959000104
202501;1969;1981000356;COTAS;7543678.081617000000000;
202501;2213;1991002483;COTAS;201882580.590001000000000;28581086000102
202501;2083;2011002265;VL_PG_RC;-3408.240000000000000;
202501;2083;2012000274;COTAS;1644228.626051000000000;34792991000104
202501;2083;2019002329;COTAS;1582794.171656000000000;11308040000111
202501;2292;2018002538;COTAS;89187861.553376000000000;50765883000107
202501;2083;2020000229;COTAS;173261183.516017000000000;05170419000105
202501;1969;1999004019;COTAS;126729698.324563000000000;04519722000108
202501;2231;1982002638;CAIXA;9.060000000000000;
202501;2292;2018002538;OPERACAO_PARTICIPANTE;5908514.207472000000000;
202501;1969;1999004019;COTAS;220000474.304705000000000;13969771000133
202501;2231;1982002719;COTAS;409084.539396000000000;
202501;2302;1988000319;COTAS;23953363.921046000000000;03100395000192
202501;2083;2020000229;COTAS;17219776.732689000000000;09296055000165
202501;2083;2020000229;OPERACAO_PARTICIPANTE;9589508.960443091300000;
202501;2231;1982002883;VL_PG_RC;-36925.120000000000000;
202501;2231;1992000956;COTAS;125348.232592000000000;
202501;2302;1988000483;COTAS;24207399.977791000000000;
202501;2991;1994002492;TIT_PRIV;115388366.910000000000000;
202501;2231;1992000956;COTAS;986.721782000000000;
202501;2231;1992000956;COTAS;73615.122210000000000;
202501;2231;1992000956;COTAS;7753817.129100000000000;
202501;2302;1988000483;COTAS;49752264.011526000000000;41799343000145
202501;2231;1994001518;CAIXA;10658.880000000000000;
202501;2316;1979000719;COTAS;10428066.733209000000000;27292841000176
202501;2231;1994001518;COTAS;9155.069026000000000;
202501;2231;1994001518;COTAS;10738.734618000000000;
202501;2231;1994001518;COTAS;49949.801994000000000;
202501;2231;1998000583;TIT_PUB;243528.100000000000000;
202501;2231;2008003019;COTAS;564040.267379000000000;44703493000100
202501;1482;1995000256;COTAS;168995.073679000000000;
202501;2231;2010002229;COTAS;13406187.281654000000000;
202501;2231;2010002229;COTAS;8060503.094409000000000;
202501;2231;2011001218;COTAS;113693.687814000000000;
202501;2231;2011001218;COTAS;134385.294026000000000;
202501;2231;2011001218;COTAS;1899564.663787000000000;44703493000100
202501;2231;2012001947;COTAS;679457.491430000000000;
202501;2231;2012001947;COTAS;1559385.887082000000000;
202501;1482;1996003811;VL_PG_RC;-11272.670000000000000;
202501;2231;2012001947;COTAS;2281606.513824000000000;
202501;2316;2015001311;VL_PG_RC;-578228.030000000000000;
202501;2231;2013001665;COTAS;5494.715172000000000;
202501;2316;2015001492;COTAS;402671896.570926000000000;27292841000176
202501;2316;2023001447;COTAS;26111.475277000000000;
202501;2316;2023001447;COTAS;99163.789647000000000;
202501;1482;1996004956;CAIXA;0.000000000000000;
202501;2231;2013001665;COTAS;152220.062622000000000;
202501;2316;2023001447;COTAS;1613.389467000000000;27292841000176
202501;1482;1997000156;COTAS;212903.354420000000000;
202501;2316;9970000000;CAIXA;99635.300000000000000;
202501;1482;1997000938;VL_PG_RC;-4.360000000000000;
202501;2316;9970000000;COTAS;3830139.495798000000000;
202501;1482;1997005011;COTAS;64.507773000000000;
202501;2333;1992001065;COTAS;613643097.701002000000000;04682817000148
202501;2231;2013001665;COTAS;30387968.428206000000000;44900441000115
202501;2333;1992001065;OPERACAO_PARTICIPANTE;48862783.660000000000000;
202501;2333;2019000938;CAIXA;1922.200000000000000;
202501;2333;2019000938;COTAS;6364633.390090000000000;
202501;2395;1994001811;COTAS;654234.211660000000000;
202501;2231;2014001383;COTAS;211482.055872000000000;
202501;1482;1998003418;TIT_PUB;2163935.080000000000000;
202501;2231;2014001383;COTAS;223302.002395000000000;
202501;2231;2014001383;COTAS;673712.508327000000000;
202501;1482;1998003892;CAIXA;0.000000000000000;
202501;2231;2018002074;COTAS;21284.152437000000000;
202501;2395;1994001811;COTAS;15566679.238817000000000;
202501;2395;1994001811;COTAS;972979.346697000000000;
202501;2422;1982001356;IMOVEIS;13219.720000000000000;
202501;2991;1994002492;TIT_PUB;1221549519.330000000000000;
202501;2422;1982001747;ACOES;4708.910000000000000;
202501;1482;1998004392;CAIXA;6654061.210000000000000;
202501;2422;1982001747;IMOVEIS;1682983.610000000000000;
202501;2991;9970000000;COTAS;3032664.931646000000000;
202501;2422;1994003847;COTAS;645252.667123000000000;14205056000197
202501;2422;1994003911;OPERACAO_PARTICIPANTE;14697.823551850900000;
202501;2231;2018002074;VL_PG_RC;-20552.380000000000000;
202501;552;2002000638;IMOVEIS;83620490.730000000000000;
202501;1482;1998004392;COTAS;80871823.567079000000000;
202501;2422;2002002665;CAIXA;19273.060000000000000;
202501;1969;1999004019;COTAS;165809818.802756000000000;17898668000109
202501;2422;2002002819;CAIXA;68653.060000000000000;
202501;3006;1994002174;CAIXA;2125.440000000000000;
202501;552;2002000638;TIT_PUB;976160558.210000000000000;
202501;1482;1998005747;COTAS;1239424.645226000000000;
202501;2422;2002003483;ACOES;5884.410000000000000;
202501;1482;1998005747;COTAS;183643314.857139000000000;
202501;2422;2002003556;COTAS;5165366.029740000000000;14205056000197
202501;3006;9970000000;VL_PG_RC;0.000000000000000;
202501;3023;1979003718;COTAS;17420777.266065000000000;
202501;552;2002004692;TIT_PUB;217124370.640000000000000;
202501;2422;2002004374;ACOES;218.030000000000000;
202501;2422;2002004374;IMOVEIS;57801.030000000000000;
202501;1482;2000007211;OPERACAO_PARTICIPANTE;204095.540000000000000;
202501;571;1988001218;CAIXA;151895133.390000000000000;
202501;1482;2001000383;COTAS;3423096.605092000000000;
202501;2422;2002004447;ACOES;100611.040000000000000;
202501;571;1988001218;COTAS;19726300.397199000000000;
202501;1482;2001000383;COTAS;5984565.547905000000000;
202501;3023;1979003718;TIT_PUB;204840561.430000000000000;
202501;571;1988001218;COTAS;50623860.703450000000000;
202501;1482;2001000383;COTAS;41390258.167280000000000;
202501;571;1988001218;COTAS;32920223.188970000000000;
202501;2484;2004001992;CAIXA;8086.440000000000000;
202501;571;1988001218;VL_PG_RC;-9096599.170000000000000;
202501;2484;2004001992;COTAS;338823152.326223000000000;18138920000136
202501;1482;2001001665;CAIXA;0.000000000000000;
202501;3023;2001001738;CAIXA;205476.580000000000000;
202501;1482;2003000119;CAIXA;0.000000000000000;
202501;3037;1994001119;COTAS;946448.122073000000000;
202501;3037;1994001119;COTAS;2594922.243563000000000;
202501;2083;2020000229;TIT_PUB;122450426.510000000000000;
202501;3099;1994003065;CAIXA;1722.910000000000000;
202501;3099;1994003065;COTAS;1405659.400000000000000;
202501;2484;2004001992;COTAS;53223457.997335000000000;49361982000136
202501;2083;2020001438;COTAS;249961343.251424000000000;05170419000105
202501;571;2023001511;COTAS;474766.268342000000000;
202501;2107;9970000000;VL_PG_RC;0.000000000000000;
202501;2484;2004001992;COTAS;18844960.918725000000000;49498790000176
202501;2138;1981001311;COTAS;72933729.686597000000000;
202501;2231;2019003074;COTAS;84189.660835000000000;
202501;1482;2003001247;CAIXA;0.000000000000000;
202501;2141;9970000000;CAIXA;3256.350000000000000;
202501;1523;1977000274;IMOVEIS;5183301495.730000000000000;
202501;3099;1994003065;OPERACAO_PARTICIPANTE;197750.690000124500000;
202501;1969;9970000000;COTAS;124147.187827000000000;21596653000155
202501;2484;2005000183;CAIXA;16753.370000000000000;
202501;3099;1997000318;VL_PG_RC;-26962.280000000000000;
202501;1972;2005001783;COTAS;7949228.210103000000000;
202501;571;2023001511;COTAS;7800912.732079000000000;
202501;3099;1999004647;COTAS;111314.924854000000000;
202501;571;2023001511;COTAS;6497554.700131000000000;
202501;1972;2005001783;COTAS;128483589.571353000000000;
202501;1482;2004000392;OPERACAO_PARTICIPANTE;151276.360000000000000;
202501;571;2023001511;COTAS;639054.245297000000000;
202501;3099;1999004892;COTAS;211157986.407991000000000;04701028000107
202501;3099;2020003074;COTAS;49639.654081000000000;
202501;1482;2004000465;COTAS;380839790.924970000000000;
202501;1482;2004000538;COTAS;344445159.051361000000000;28428255000179
202501;2484;2005000183;COTAS;23855011.801040000000000;49962448000185
202501;1972;2005001783;COTAS;115618379.737441000000000;
202501;1482;2004000538;OPERACAO_PARTICIPANTE;1832084.610000000000000;
202501;1972;2005001783;COTAS;134530620.420413000000000;46449503000140
202501;2155;1985000938;COTAS;375650491.395005000000000;55947120000192
202501;2525;1974000265;COTAS;2648620.667898000000000;
202501;1972;2007000229;COTAS;8232699.260121000000000;
202501;2231;2019003074;COTAS;430832.928115000000000;
202501;1972;9970000000;COTAS;2260022.449724000000000;
202501;1482;2004001518;CAIXA;0.000000000000000;
202501;2155;9970000000;COTAS;721947.886180000000000;55947120000192
202501;571;2023001511;TIT_PUB;1689941.370000000000000;
202501;1482;2005004138;VL_PG_RC;-15932.320000000000000;
202501;2169;1972000111;VL_PG_RC;-491355.640000000000000;
202501;1972;9970000000;COTAS;543109.938937000000000;
202501;2525;1979004511;CAIXA;25862.270000000000000;
202501;1972;9970000000;COTAS;1499203.648799000000000;11090936000177
202501;2169;1999000374;COTAS;24697025.602637000000000;
202501;3126;1993001492;CAIXA;688496.220000000000000;
202501;2172;1988003229;VL_PG_RC;-4410.880000000000000;
202501;1972;9970000000;COTAS;1805793.862713000000000;36945569000177
202501;3126;1993001492;COTAS;1919361.238338000000000;
202501;3126;1993002219;COTAS;7328860.839296000000000;
202501;2231;1982002719;CAIXA;54391.080000000000000;
202501;2231;1982002719;COTAS;690546.819606000000000;
202501;1991;1980000565;COTAS;355531566.066348000000000;
202501;2231;1982002719;COTAS;121665.592183000000000;
202501;1991;1980000565;COTAS;448567609.560484000000000;35153518000140
202501;2231;1982002719;COTAS;319478.488179000000000;
202501;1991;9970000000;CAIXA;5000.000000000000000;
202501;3126;1993002219;COTAS;7407882.069662000000000;
202501;2525;1979004511;COTAS;1425041.700986000000000;41763054000196
202501;2004;1987001729;COTAS;537680219.279954000000000;42479262000120
202501;3126;1993002219;COTAS;9637181.567349000000000;
202501;2004;9970000000;COTAS;1590194.987198000000000;
202501;2018;1980001065;CAIXA;0.000000000000000;
202501;2018;1980001065;COTAS;6159488.214494000000000;
202501;2018;1980001065;COTAS;23002264.992481000000000;
202501;2018;1980001065;OPERACAO_PARTICIPANTE;10269272.140000000000000;
202501;1482;2005005983;CAIXA;89124.290000000000000;
202501;3126;1993002219;COTAS;5067967.287734000000000;
202501;2231;1982002883;TIT_PUB;101620788.430000000000000;
202501;1482;2005005983;COTAS;57210.610198000000000;
202501;2231;1987000511;COTAS;3569856.759425000000000;
202501;3126;1994001674;TIT_PUB;114274651.970000000000000;
202501;1482;2006003038;TIT_PRIV;23518.030000000000000;
202501;2525;1979004511;COTAS;3489465.704594000000000;45521758000103
202501;3126;1994002956;CAIXA;12000.000000000000000;
202501;1482;2008003329;CAIXA;0.000000000000000;
202501;3126;1994002956;COTAS;44360506.095905000000000;
202501;2231;1994001518;COTAS;61727.985605000000000;
202501;3126;1994002956;COTAS;4029790.776260000000000;
202501;1482;2009001011;CAIXA;757408.460000000000000;
202501;2231;1994001518;COTAS;25981789.976282000000000;
202501;3126;1994002956;COTAS;15424679.645300000000000;
202501;2231;1998000583;VL_PG_RC;-15.000000000000000;
202501;2525;2009003756;COTAS;446347209.469981000000000;
202501;2525;2009003756;COTAS;20878881.894661000000000;
202501;2525;2009003756;IMOVEIS;1646433.640000000000000;
202501;1482;2010003111;CAIXA;0.000000000000000;
202501;2525;2020002256;COTAS;423960.675005000000000;54874511000161
202501;1482;2010003111;COTAS;8507466.989529000000000;31032327000179
202501;1482;2011000483;COTAS;400.102284000000000;
202501;1482;2013001029;COTAS;90825230.021554000000000;
202501;1482;2023001374;VL_PG_RC;-2619.510000000000000;
202501;1482;9970000000;CAIXA;0.000000000000000;
202501;2525;2023000556;COTAS;4071615.882642000000000;05194813000183
202501;1506;9970000000;TIT_PRIV;14252.560000000000000;
202501;2525;2023000556;COTAS;615047.477750000000000;45494526000103
202501;1511;1988002419;COTAS;31056190.209993000000000;03168115000188
202501;2556;1993000119;COTAS;61298834.925207000000000;
202501;1511;1988002419;VL_PG_RC;-68139.440000000000000;
202501;2556;1993000119;COTAS;129055229.380033000000000;27880083000107
202501;1523;1977000274;COTAS;3073292.381197000000000;
202501;1523;1977000274;COTAS;-7791449.729020000000000;
202501;1523;1977000274;COTAS;2488511.568675000000000;
202501;1523;1977000274;COTAS;39976717.033667000000000;
202501;1523;1977000274;COTAS;1105372.261125000000000;
202501;1523;1977000274;COTAS;821700569.281096000000000;04194710000150
202501;1523;1977000274;COTAS;78656457.083220000000000;53245893000100
202501;2556;1993000119;IMOVEIS;63526177.950000000000000;
202501;2556;1998007618;COTAS;28825.573217000000000;
202501;2018;1980001065;TIT_PUB;702318472.070000000000000;
202501;2556;1998007618;COTAS;22588251.232321000000000;
202501;2231;2008003019;COTAS;10923.573662000000000;
202501;2556;1998007618;COTAS;12420711.252311000000000;
202501;2021;1979001138;COTAS;40153695.532593000000000;
202501;2556;2018001574;COTAS;4299915.342790000000000;
202501;2021;1991001274;COTAS;813224.914655000000000;
202501;2556;9970000000;CAIXA;557937.910000000000000;
202501;2021;2013001118;COTAS;94311.366063000000000;
202501;2556;9970000000;COTAS;5189.297445000000000;
202501;2021;2013001118;VL_PG_RC;0.000000000000000;
202501;2231;2008003019;VL_PG_RC;-9909.910000000000000;
202501;2561;1999000447;CAIXA;73969.470000000000000;
202501;2052;1990000983;COTAS;1423730.105461000000000;
202501;2231;2010002229;COTAS;1821982.269344000000000;
202501;2561;2014000174;CAIXA;93418.130000000000000;
202501;2052;1990000983;COTAS;1999649.708931000000000;
202501;2231;2010002229;COTAS;6310781.993758000000000;
202501;1523;1977000274;VL_PG_RC;1334238000.040000000000000;
202501;2052;1990000983;COTAS;6311923.485488000000000;
202501;2561;2014001219;CAIXA;33737.990000000000000;
202501;3126;1995000711;CAIXA;4000.000000000000000;
202501;2052;1990000983;COTAS;1554012.543059000000000;
202501;1523;1998004465;COTAS;3387.781250000000000;
202501;2231;2019003074;COTAS;2132430.523732000000000;44703493000100
202501;2231;9970000000;COTAS;20935497.222884000000000;
202501;1523;1998004465;COTAS;-25870.364371000000000;
202501;2231;2010002229;COTAS;11399558.586320000000000;
202501;1523;1998004465;COTAS;37834.530459000000000;
202501;2231;2010002229;COTAS;1084667282.373900000000000;44900441000115
202501;2258;1981001565;COTAS;2364345.137001000000000;50634860000155
202501;1523;1998004465;COTAS;1628503.117051000000000;
202501;2052;1990000983;COTAS;275663.395566000000000;
202501;1523;1998004465;COTAS;524725005.202103000000000;14120553000192
202501;2258;1989000118;VL_PG_RC;-84340.470000000000000;
202501;1523;1998004465;COTAS;18809665.755201000000000;15154395000154
202501;2258;1990000118;COTAS;2326030.102225000000000;
202501;2052;1990000983;COTAS;80418.110560000000000;
202501;1523;1998004465;COTAS;443339.689031000000000;39753127000117
202501;2258;1990000118;COTAS;210014.506456000000000;
202501;2258;1990000118;COTAS;1767720.480573000000000;
202501;1523;2006003674;COTAS;12214.830643000000000;
202501;3126;1995000711;COTAS;7708683.075121000000000;
202501;1523;1998004465;COTAS;38624.160000000000000;
202501;1523;2006003674;COTAS;-1117454.268580000000000;
202501;2258;1990000118;COTAS;57738166.832529000000000;07892341000168
202501;1523;2006003674;COTAS;1982171.089932000000000;
202501;1523;2006003674;COTAS;-10594.506570000000000;
202501;2258;1992000565;CAIXA;1139.870000000000000;
202501;1523;2006003674;COTAS;7929.828413000000000;04137375000159
202501;2052;2006001011;COTAS;78920.462505000000000;
202501;1523;2006003674;COTAS;772196.301511000000000;04714699000102
202501;3126;1995000711;COTAS;2499771.956471000000000;
202501;3126;1995000711;COTAS;9899405.180781000000000;
202501;1523;1998004465;COTAS;-5862.510761000000000;
202501;2258;1992000565;TIT_PUB;36959414.890000000000000;
202501;3126;1995001147;CAIXA;2518471.040000000000000;
202501;1523;1998004465;COTAS;170274.107195000000000;
202501;2052;2006001011;COTAS;44856.521924000000000;
202501;1523;2006003674;COTAS;820819243.400125000000000;14387403000140
202501;2258;1993000992;COTAS;31857697.313101000000000;50625158000125
202501;2052;2006001011;VL_PG_RC;-13306.480000000000000;
202501;1523;1998004465;COTAS;461472.341747000000000;
202501;2561;9970000000;COTAS;849633.106837000000000;
202501;2052;9970000000;VL_PG_RC;0.000000000000000;
202501;3126;1995001147;COTAS;15744645.418419000000000;
202501;2231;2010002474;IMOVEIS;60355521.600000000000000;
202501;2066;1974000192;COTAS;117523564.192912000000000;
202501;2659;2000002447;COTAS;9190763.771353000000000;
202501;3126;1995001147;COTAS;5386006.561386000000000;
202501;2659;2000002447;COTAS;7432273.583300000000000;
202501;1523;1998004465;COTAS;-3710.407675000000000;
202501;2659;2000002447;COTAS;22407345.330549000000000;
202501;2258;1993000992;VL_PG_RC;-83417.770000000000000;
202501;2659;2000002447;COTAS;314561099.791144000000000;23964361000153
202501;1523;1998004465;COTAS;1259125.546428000000000;
202501;3126;1995002674;COTAS;2120315.580415000000000;
202501;1523;1998004465;COTAS;4561257.480000000000000;
202501;2693;1993000811;CAIXA;3433.840000000000000;
202501;2258;1993002847;VL_PG_RC;-64179.610000000000000;
202501;1523;1998004465;COTAS;713346.028456000000000;08070787000170
202501;2258;1993003029;COTAS;1726439.508949000000000;50620435000107
202501;2066;1974000192;TIT_PRIV;72504118.890000000000000;
202501;2258;1993003811;COTAS;108487999.251079000000000;50620290000144
202501;2258;1994001747;CAIXA;248488.080000000000000;
202501;2693;1993000811;COTAS;24643583.329194000000000;
202501;2258;1994003138;COTAS;19800082.135769000000000;50634860000155
202501;2693;1993000811;COTAS;16358033.606543000000000;
202501;1523;1998004465;COTAS;598147927.563901000000000;14387389000184
202501;2693;1993000811;COTAS;61161647.397111000000000;41727284000108
202501;3126;1997000938;COTAS;85190849.536154000000000;
202501;1523;1998004465;COTAS;14831556.284890000000000;15154356000157
202501;2231;2010002474;TIT_PUB;888192470.250000000000000;
202501;3126;2000007074;COTAS;8519387.824894000000000;
202501;2693;2021001938;CAIXA;1705.130000000000000;
202501;2231;2012001947;COTAS;18086527.433225000000000;44703483000166
202501;3126;2000007074;VL_PG_RC;-7876.310000000000000;
202501;2258;1995000183;COTAS;1682592.180741000000000;50620435000107
202501;2231;2012001947;VL_PG_RC;-263496.390000000000000;
202501;2231;2013001665;COTAS;228481.559344000000000;
202501;2693;2021001938;COTAS;251031.872998000000000;
202501;2231;2013001665;COTAS;218173.741115000000000;
202501;2258;1995003719;COTAS;43832310.513812000000000;50620290000144
202501;3126;2001000774;COTAS;1830945.697382000000000;
202501;2231;2013001665;COTAS;18584184.931808000000000;
202501;2258;1995003719;COTAS;7600463.854743000000000;50620819000120
202501;2693;9970000000;CAIXA;1230.780000000000000;
202501;1523;2006003674;COTAS;429169521.486115000000000;16916048000184
202501;1523;2006003674;COTAS;3715886661.834441000000000;24651208000139
202501;2721;2004002018;COTAS;16659107.561410000000000;
202501;3126;2001000774;COTAS;628994.440158000000000;
202501;2796;1993002529;COTAS;51253201.188013000000000;14298820000116
202501;2811;1993002774;COTAS;4341848.540320000000000;
202501;3126;2001001983;COTAS;6641776.356900000000000;
202501;1523;2006003674;COTAS;179492198.541421000000000;49534273000105
202501;3126;2005005811;COTAS;9601402.599366000000000;
202501;2811;1993002774;COTAS;17540298.339566000000000;
202501;1523;2006003674;COTAS;313053036.940490000000000;52982641000192
202501;2811;1993002774;COTAS;5422754.101367000000000;
202501;1523;1998004465;COTAS;12986254.663182000000000;15154385000119
202501;2811;1993002774;COTAS;27859713.567966000000000;
202501;1523;9970000000;COTAS;595342.350000000000000;
202501;2231;2013001665;COTAS;4499260.615818000000000;44703472000186
202501;2823;1994000392;COTAS;541298.995688000000000;
202501;1523;9970000000;COTAS;15234514.065948000000000;16916054000131
202501;2823;1994000392;COTAS;354396.854323000000000;
202501;1523;9970000000;COTAS;226274886.197563000000000;27455174000103
202501;1537;1980001774;COTAS;88702672.367865000000000;
202501;1523;1998004465;COTAS;131875803.534738000000000;50866507000109
202501;2231;2014001383;VL_PG_RC;-43985.540000000000000;
202501;2823;1994000392;COTAS;694079.885559000000000;
202501;2231;2018002074;COTAS;375014.780376000000000;44703483000166
202501;1537;1988000165;COTAS;21134231.187417000000000;
202501;1523;1998004465;TIT_PRIV;3340082.140000000000000;
202501;2231;2018002074;COTAS;674606.366511000000000;44703493000100
202501;3126;2005005811;COTAS;1796295.715308000000000;
202501;1523;2006003674;COTAS;3165442.847070000000000;
202501;2823;1994000465;COTAS;16760.388952000000000;
202501;2066;1974000192;VL_PG_RC;-176707.820000000000000;
202501;1523;2006003674;COTAS;-8935.597608000000000;
202501;3126;2005005811;COTAS;4347671.237186000000000;
202501;1523;2006003674;COTAS;20402489.664781000000000;
202501;2066;9970000000;COTAS;3715587.160813000000000;
202501;1523;2006003674;COTAS;34437203.200000000000000;
202501;2823;1994000465;COTAS;6075096.179141000000000;
202501;2231;2019003074;OPERACAO_PARTICIPANTE;6657873.089856342300000;
202501;2071;1986000583;COTAS;140273249.795455000000000;05164317000187
202501;1523;2006003674;COTAS;1915188.703597000000000;12547115000180
202501;2823;1994000465;COTAS;37014778.761793000000000;
202501;1523;2006003674;COTAS;5573754229.737017000000000;14120553000192
202501;2231;9970000000;CAIXA;33740.300000000000000;
202501;2823;1994000538;COTAS;52876002.434111000000000;
202501;1523;2006003674;COTAS;9064689.794132000000000;16877602000161
202501;2083;1973000156;COTAS;242309660.053412000000000;41881531000118
202501;1523;2006003674;COTAS;56114383.232946000000000;50198930000170
202501;2823;1994000538;COTAS;14302307.173292000000000;
202501;2258;1996000829;COTAS;83855697.876214000000000;51059844000149
202501;2083;1973000156;IMOVEIS;896474622.320000000000000;
202501;2258;1996002147;CAIXA;25.650000000000000;
202501;2258;1996002147;COTAS;12310757.429750000000000;50634860000155
202501;1523;2006003674;COTAS;175615332.481384000000000;57752951000134
202501;2258;1981001565;CAIXA;1000.000000000000000;
202501;2258;1996002147;COTAS;18264349.081579000000000;51059844000149
202501;2258;1989000118;COTAS;29375303.865100000000000;50620290000144
202501;2823;1994000538;COTAS;9651305.805083000000000;
202501;2258;1997004356;VL_PG_RC;-203401.790000000000000;
202501;2258;1998002365;COTAS;106277903.937490000000000;50620435000107
202501;2823;2009000218;VL_PG_RC;0.000000000000000;
202501;2823;9970000000;VL_PG_RC;-650.790000000000000;
202501;2258;1989000738;CAIXA;4199.270000000000000;
202501;2841;2005004529;COTAS;-4878.032523000000000;
202501;2258;1990000118;COTAS;2561659.953898000000000;22282955000111
202501;2258;1998005356;VL_PG_RC;-220018.190000000000000;
202501;2258;1992000492;COTAS;57567352.814109000000000;50620290000144
202501;2258;1999003683;COTAS;8187446.493476000000000;50620819000120
202501;2258;1999003829;COTAS;53754683.837879000000000;50620290000144
202501;2258;1999003829;COTAS;8389817.376050000000000;50620819000120
202501;2258;2000006019;VL_PG_RC;-12057.030000000000000;
202501;2841;2005004529;COTAS;17471.910375000000000;
202501;2083;1973000156;TIT_PUB;8575155340.440000000000000;
202501;2258;2006001647;COTAS;24189330.676519000000000;50620435000107
202501;2083;1999005211;CAIXA;19010.910000000000000;
202501;2258;2006006111;CAIXA;1583959.870000000000000;
202501;2083;1999005211;COTAS;1141266162.874793000000000;32760026000124
202501;2841;2005004529;COTAS;22682703.994014000000000;51911677000112
202501;3126;2005005811;COTAS;369302.633606000000000;
202501;2083;2000008283;COTAS;67892246.355262000000000;03573959000104
202501;2258;2007000611;COTAS;2440397.590778000000000;50625158000125
202501;2841;2005004611;COTAS;267879.655420000000000;
202501;1523;2006003674;OPERACAO_PARTICIPANTE;1664215134.770000000000000;
202501;3126;2005005811;COTAS;23293472.024194000000000;
202501;2083;2000008283;COTAS;9989340.077212000000000;11308040000111
202501;1537;1980001774;COTAS;8781987.170402000000000;
202501;1537;1988000165;COTAS;24878135.835203000000000;
202501;2258;1993002847;COTAS;90038524.392237000000000;50620290000144
202501;3126;2006001183;COTAS;4516201.725870000000000;
202501;3126;2006001183;COTAS;294883.019676000000000;
202501;2258;1993002847;COTAS;4779909.089025000000000;50620572000141
202501;3126;2006003811;COTAS;757044.129293000000000;
202501;2083;2000008283;TIT_PRIV;204913.910000000000000;
202501;2083;2000008283;VL_PG_RC;-85928.010000000000000;
202501;1541;1986000656;CAIXA;323385.800000000000000;
202501;2258;1993003029;VL_PG_RC;-42004.420000000000000;
202501;3126;2006003811;COTAS;1974838.999246000000000;
202501;2083;2012000274;COTAS;881412.109076000000000;11308040000111
202501;2258;1994001356;CAIXA;0.000000000000000;
202501;2083;2019002329;COTAS;9782481.471703000000000;03573959000104
202501;2258;1994001429;CAIXA;0.000000000000000;
202501;1541;1986000656;COTAS;3773200.319492000000000;
202501;3126;2006003992;COTAS;22360184.114353000000000;
202501;2258;1994003138;COTAS;67110962.305362000000000;50620290000144
202501;2258;1994003138;COTAS;12268075.817814000000000;50620819000120
202501;1541;1986000656;COTAS;4673519.957921000000000;
202501;3126;2006003992;COTAS;425587.560550000000000;
202501;3126;2006004011;COTAS;1297452.388543000000000;
202501;3126;2006004711;COTAS;22553179.826436000000000;
202501;3126;2007002019;COTAS;483055.887063000000000;
202501;1541;9970000000;CAIXA;133223.710000000000000;
202501;2083;2019002329;VL_PG_RC;-59723.370000000000000;
202501;1541;9970000000;COTAS;15533825.931304000000000;
202501;2083;2020000229;CAIXA;177823.850000000000000;
202501;1554;1978000456;OPERACAO_PARTICIPANTE;474533.750000000000000;
202501;3126;2007002019;COTAS;176166.567557000000000;
202501;3126;2007002019;COTAS;7017546.585514000000000;
202501;3126;2008000192;COTAS;240056.873411000000000;
202501;3126;2008000192;COTAS;524334.259177000000000;
202501;3126;2008000192;COTAS;19633505.222069000000000;
202501;3126;2008000192;COTAS;38497161.773595000000000;
202501;2258;1995000183;COTAS;78468590.343857000000000;50620290000144
202501;2258;1995003174;CAIXA;623840.140000000000000;
202501;3126;2008000192;COTAS;160918.629931000000000;
202501;2258;1995003719;COTAS;3653099.655713000000000;50641862000171
202501;2258;1996000829;COTAS;404228.014282000000000;
202501;2258;2007000611;VL_PG_RC;-57509.330000000000000;
202501;2258;1996000829;COTAS;1338409.049315000000000;
202501;3126;2008001229;COTAS;23802660.454610000000000;
202501;2258;1996002147;COTAS;203738.352418000000000;
202501;3126;2008001229;COTAS;4260689.645595000000000;
202501;3126;2008001229;VL_PG_RC;9571512.320000000000000;
202501;2258;2007002256;CAIXA;0.000000000000000;
202501;3126;2009000447;COTAS;1096080.797335000000000;
202501;3126;2012001483;COTAS;57363.331842000000000;
202501;2258;2007002418;COTAS;8392369.615618000000000;50620572000141
202501;3126;2012001483;COTAS;1816522.888980000000000;
202501;2258;2007002418;COTAS;555334.324244000000000;50641862000171
202501;2258;1996002465;VL_PG_RC;-149736.540000000000000;
202501;3126;2012001483;COTAS;8420570.444554000000000;
202501;2258;1997000547;CAIXA;399699.580000000000000;
202501;3126;2012001483;COTAS;623812.304544000000000;
202501;2258;1997004356;CAIXA;130.940000000000000;
202501;3126;2012001483;COTAS;283284.963351000000000;
202501;2258;2007002418;VL_PG_RC;-67024.920000000000000;
202501;3126;2013000529;COTAS;2541675.019566000000000;
202501;2258;2007002892;COTAS;82549203.571452000000000;50641862000171
202501;3126;2013000529;COTAS;2933242.428551000000000;
202501;3126;2018000756;CAIXA;61499.500000000000000;
202501;3126;2018000756;COTAS;5046622.647716000000000;
202501;3126;2021001156;COTAS;113740.295147000000000;
202501;2258;1998002365;CAIXA;0.000000000000000;
202501;3126;2021001229;COTAS;1173540.607213000000000;
202501;3126;2021001229;COTAS;1229322.119279000000000;
202501;2258;1999003683;VL_PG_RC;-40924.530000000000000;
202501;3126;2021001318;COTAS;133342.482569000000000;
202501;3126;2021001318;COTAS;454834.089829000000000;
202501;2258;1999003829;COTAS;23116516.904132000000000;50620572000141
202501;3126;2021001318;COTAS;439335.819170000000000;
202501;3126;2023000874;VL_PG_RC;0.000000000000000;
202501;3126;2024000665;COTAS;8161270.960390000000000;
202501;2258;1999003829;VL_PG_RC;-36203.720000000000000;
202501;3126;2024000665;COTAS;7738840.987198000000000;
202501;2258;2000004156;CAIXA;0.000000000000000;
202501;3126;2024000665;VL_PG_RC;734824.370000000000000;
202501;2258;2000004156;COTAS;44009334.208531000000000;50625158000125
202501;3126;9970000000;VL_PG_RC;-1412.160000000000000;
202501;2258;2002001138;COTAS;23930976.463657000000000;50620290000144
202501;3161;1994004118;CAIXA;18328.930000000000000;
202501;2258;2007003211;CAIXA;64.790000000000000;
202501;1554;1978000456;TIT_PUB;64140986.510000000000000;
202501;2258;2003002911;VL_PG_RC;-109929.100000000000000;
202501;2141;1980001219;CAIXA;12000.000000000000000;
202501;2155;1985000938;COTAS;49436854.430125000000000;38090040000144
202501;2841;2005004611;COTAS;56450847.537839000000000;
202501;2258;2003003029;CAIXA;4861.970000000000000;
202501;2155;1985000938;COTAS;365719245.845394000000000;45599011000178
202501;2258;2003003029;COTAS;93701768.645180000000000;50625158000125
202501;2169;1972000111;COTAS;33260394.020280000000000;
202501;1585;2006000911;COTAS;22830121.022094000000000;
202501;2169;1972000111;COTAS;542231968.193980000000000;03149243000184
202501;2258;2003003029;VL_PG_RC;-64998.510000000000000;
202501;2841;2005004611;VL_PG_RC;-6244906.450000000000000;
202501;2172;2005005592;COTAS;46364556.842272000000000;31615302000106
202501;2258;2005005347;CAIXA;0.000000000000000;
202501;2172;2020000865;VL_PG_RC;0.000000000000000;
202501;2258;2005005347;COTAS;6624582.895017000000000;50620435000107
202501;2213;9970000000;VL_PG_RC;0.000000000000000;
202501;2841;4028410029;CAIXA;10057.660000000000000;
202501;2258;2005005411;CAIXA;4.980000000000000;
202501;1599;1979001219;ACOES;244248.650000000000000;
202501;2258;2006000683;CAIXA;0.000000000000000;
202501;3161;1994004118;COTAS;3507391.830548000000000;
202501;2841;9970000000;COTAS;2013975.017259000000000;51983612000182
202501;2258;2006000683;COTAS;14881512.116075000000000;50625158000125
202501;3161;1994004118;COTAS;3586378.210973000000000;
202501;2854;1995002518;TIT_PUB;4645082.380000000000000;
202501;3161;2005005111;COTAS;3657506.501782000000000;
202501;2854;2011000319;VL_PG_RC;-116043.350000000000000;
202501;2258;2006001647;CAIXA;25927.690000000000000;
202501;2258;2006001647;COTAS;552883.001397000000000;
202501;3161;2005005111;COTAS;2335006.790073000000000;
202501;2258;2006001647;COTAS;11658506.669036000000000;29983486000107
202501;1599;1979001219;COTAS;98175220.669064000000000;35726949000158
202501;3161;2005005111;COTAS;9124202.808826000000000;
202501;3161;2005005111;COTAS;618942.804354000000000;
202501;2258;2006006111;VL_PG_RC;-129540.480000000000000;
202501;3161;2005005111;COTAS;334394.048509000000000;
202501;1599;1979001219;COTAS;68033669.602240000000000;41272558000103
202501;3161;9970000000;COTAS;5387040.094110000000000;
202501;3174;1994004029;COTAS;3471331.784471000000000;
202501;2854;2022000447;CAIXA;1851.500000000000000;
202501;2854;9970000000;VL_PG_RC;0.000000000000000;
202501;1599;1979001219;VL_PG_RC;-599764.550000000000000;
202501;3174;1994004029;COTAS;17013989.573916000000000;
202501;3174;1994004029;COTAS;16210584.711725000000000;
202501;3174;1994004029;COTAS;224606473.160034000000000;13021486000196
202501;2258;2006006411;COTAS;52137953.333297000000000;20163867000175
202501;1599;2001002483;ACOES;17901.850000000000000;
202501;2258;2007002892;VL_PG_RC;-43128.520000000000000;
202501;1599;2001002483;COTAS;28544269.079459000000000;35726949000158
202501;1599;2001002483;VL_PG_RC;-118993.250000000000000;
202501;2258;2008000338;VL_PG_RC;-21131.920000000000000;
202501;1599;9970000000;COTAS;682950.045300000000000;58037689000109
202501;1657;9970000000;CAIXA;574.620000000000000;
202501;2258;2008001792;CAIXA;28383.700000000000000;
202501;2258;2008001792;COTAS;128386877.014912000000000;50625158000125
202501;2258;2009001656;COTAS;4618952.389787000000000;50620435000107
202501;2258;2012001092;COTAS;42333780.573784000000000;50620435000107
202501;2258;2012001092;VL_PG_RC;-90615.350000000000000;
202501;1661;1990001718;IMOVEIS;14388706.710000000000000;
202501;2258;2014000247;COTAS;551210.836150000000000;50620290000144
202501;1674;1989002056;COTAS;714196.998910000000000;
202501;2258;2015000811;VL_PG_RC;-47261.860000000000000;
202501;1674;1989002056;COTAS;3298674.699457000000000;
202501;2258;2016000929;COTAS;19630997.546118000000000;50620572000141
202501;1674;1989002056;COTAS;626201.902916000000000;
202501;2258;2016001119;COTAS;211677.277382000000000;50620435000107
202501;1674;1989002056;COTAS;500491.673334000000000;
202501;1674;1989002056;COTAS;14506.513228000000000;
202501;2231;1979003483;CAIXA;220.450000000000000;
202501;1674;2014000492;COTAS;690025.946731000000000;
202501;2909;1993003411;CAIXA;146996.660000000000000;
202501;1674;2014000492;COTAS;3096097.377613000000000;
202501;2231;1979003483;OPERACAO_PARTICIPANTE;0.000000000000000;
202501;2909;2016000465;CAIXA;23071.300000000000000;
202501;1674;2014000492;COTAS;22225154.098603000000000;
202501;3174;1994004029;OPERACAO_PARTICIPANTE;60262941.070307162200000;
202501;1674;2014000492;COTAS;270993.362325000000000;
202501;2909;2016000465;COTAS;42170719.396749000000000;34867829000108
202501;2909;9970000000;VL_PG_RC;-2722.640000000000000;
202501;1674;2015000356;COTAS;2913138.012587000000000;
202501;1674;2016000783;COTAS;1035587.269234000000000;
202501;2231;1982002719;COTAS;128465.573148000000000;
202501;3174;9970000000;CAIXA;30419.760000000000000;
202501;1674;2016000783;COTAS;10971124.887457000000000;
202501;1674;2016000783;COTAS;785358.002746000000000;
202501;1674;2016000783;COTAS;227757.564563000000000;
202501;2912;1993003738;OPERACAO_PARTICIPANTE;323821.080000000000000;
202501;1674;2016000783;COTAS;940461.654612000000000;
202501;3188;1989000983;COTAS;5467586.691373000000000;27565843000191
202501;3188;1989000983;VL_PG_RC;-158181.970000000000000;
202501;3188;1994002565;COTAS;4277920.803393000000000;
202501;2258;2017001147;COTAS;1164956.945774000000000;50620290000144
202501;1674;2016000783;COTAS;4479165.552090000000000;
202501;2258;2017001147;COTAS;2115972.891076000000000;50620819000120
202501;1674;2019001918;COTAS;1027009.114360000000000;
202501;2258;2017001538;CAIXA;29.180000000000000;
202501;2258;2017001619;VL_PG_RC;-3289.760000000000000;
202501;1674;2019001918;COTAS;988172.995969000000000;
202501;3188;1994002565;COTAS;9206969.708660000000000;18270776000197
202501;1674;2019001918;COTAS;14399600.582738000000000;
202501;3188;1996004883;COTAS;7093153.094117000000000;
202501;1674;2019001918;COTAS;4691979.308734000000000;
202501;1674;2019001918;COTAS;222459.190251000000000;
202501;2258;2019000318;CAIXA;366749.160000000000000;
202501;3188;1996004883;COTAS;54057226.068329000000000;10214125000178
202501;1688;1979002274;COTAS;638506147.868772000000000;00856751000104
202501;3188;1996004883;COTAS;11162734.634957000000000;29298975000120
202501;2258;2019000318;VL_PG_RC;-17114.260000000000000;
202501;3188;1996004883;COTAS;6151116.692173000000000;36178602000180
202501;3188;1997001047;COTAS;1535624.178116000000000;
202501;1688;1979002274;COTAS;87924064.294996000000000;07733030000156
202501;3188;1997001047;COTAS;2158290.745710000000000;36178602000180
202501;1688;2021000338;COTAS;3279404.234763000000000;04786973000159
202501;2258;2019001292;COTAS;2100874.035099000000000;50620572000141
202501;3188;1998004856;COTAS;283899.047824000000000;
202501;1688;2021001865;CAIXA;13.690000000000000;
202501;2258;2019001756;COTAS;263717.688658000000000;50620435000107
202501;2912;2005006711;COTAS;160411618.098635000000000;14435448000142
202501;1688;9970000000;COTAS;23858595.361271000000000;04786973000159
202501;2912;2005006711;COTAS;78924889.727247000000000;27619757000114
202501;3188;1999002792;COTAS;1043703.080531000000000;
202501;1701;1999000838;COTAS;2155811.940431000000000;
202501;1701;1999000838;COTAS;1903712.683397000000000;
202501;2258;2019002256;COTAS;26258486.601873000000000;50620819000120
202501;3188;1999002792;COTAS;2266148.503136000000000;27565843000191
202501;3188;1999003756;OPERACAO_PARTICIPANTE;1416366.820000000000000;
202501;3188;2000007856;COTAS;3161909.671364000000000;10220241000108
202501;1701;1999000838;COTAS;10103691.455173000000000;
202501;2931;1994000211;COTAS;36606958.648225000000000;
202501;3188;2000007856;COTAS;4238053.373622000000000;10220247000177
202501;2931;1994000211;COTAS;12527739.265488000000000;
202501;2258;2019003392;COTAS;419665.403682000000000;50620435000107
202501;3188;2000007856;COTAS;3019443.261450000000000;18270776000197
202501;2931;1994000211;COTAS;2470535.956931000000000;
202501;3188;2000007856;COTAS;490600.050942000000000;34613727000166
202501;2931;1994000211;COTAS;32229642.602606000000000;
202501;3188;2001000847;COTAS;372618.964679000000000;
202501;2931;1994000211;COTAS;3517499.088778000000000;
202501;3188;2002000565;COTAS;4863121.600874000000000;10214125000178
202501;2231;1982002719;IMOVEIS;3305199.470000000000000;
202501;2258;2007003465;COTAS;1733319.888719000000000;50620435000107
202501;2258;2010001338;COTAS;22489980.401278000000000;50620290000144
202501;1701;1999000838;TIT_PUB;3159442.640000000000000;
202501;1701;9970000000;CAIXA;0.000000000000000;
202501;2258;2020001111;CAIXA;0.930000000000000;
202501;1715;1979000174;COTAS;1984675.188364000000000;
202501;2258;2021000974;COTAS;215616826.992133000000000;50620290000144
202501;1715;1979000174;COTAS;4907119.555389000000000;
202501;2258;2023001129;COTAS;1618483.634556000000000;50634860000155
202501;1715;1979000174;COTAS;19326512.941593000000000;
202501;2292;1990002129;CAIXA;10144.410000000000000;
202501;1715;1979000174;COTAS;919919.778226000000000;
202501;2258;2010001656;CAIXA;0.000000000000000;
202501;2231;1982002883;COTAS;294937.589290000000000;
202501;1715;1979000174;IMOVEIS;3261894.960000000000000;
202501;2292;1990002129;COTAS;9779733.727625000000000;
202501;2991;1994002492;COTAS;6296.400000000000000;
202501;2292;1998002756;COTAS;85788279.543573000000000;04764252000148
202501;2292;1998002756;COTAS;34589224.119329000000000;50765883000107
202501;2258;2010005783;COTAS;2473545.373885000000000;04052631000105
202501;2991;1994002492;COTAS;10608656.858786000000000;
202501;2231;1992000956;VL_PG_RC;-9426.210000000000000;
202501;1715;1979000174;OPERACAO_PARTICIPANTE;28476885.830000000000000;
202501;2258;2010005783;VL_PG_RC;-22379.460000000000000;
202501;2991;1994002492;COTAS;11407246.017607000000000;
202501;2991;1994002492;COTAS;4540078.459909000000000;
202501;2991;1994002492;COTAS;9994986.712669000000000;
202501;2991;9970000000;CAIXA;18734.270000000000000;
202501;2258;2012001092;COTAS;91711198.355378000000000;50620290000144
202501;3023;2001001738;COTAS;546131096.235574000000000;
202501;2258;2014000719;COTAS;25196257.559623000000000;50620435000107
202501;3023;2001001738;COTAS;88025680.044234000000000;32265496000111
202501;2292;1998002756;TIT_PUB;29829263.450000000000000;
202501;1715;1979000174;TIT_PUB;897150512.100000000000000;
202501;2258;2014001529;COTAS;5461224.394908000000000;50625158000125
202501;2231;1994001518;IMOVEIS;492968.570000000000000;
202501;3037;1994001119;COTAS;12403961.919247000000000;
202501;2258;2014001529;VL_PG_RC;-14800.460000000000000;
202501;1715;2008004619;COTAS;19140026.085752000000000;
202501;3188;2002000565;COTAS;10017519.312216000000000;25244544000120
202501;1715;2008004619;COTAS;25633518.122588000000000;
202501;3037;1994001119;COTAS;177813.221931000000000;
202501;2258;2015000518;VL_PG_RC;-54320.640000000000000;
202501;2258;2015000811;COTAS;85581705.409365000000000;50620572000141
202501;3037;1994001119;COTAS;61917408.094728000000000;
202501;1715;2008004619;COTAS;21949046.201487000000000;
202501;3037;9970000000;COTAS;2281084.510008000000000;
202501;3188;2002000719;COTAS;1632322.892777000000000;
202501;2258;2016000929;VL_PG_RC;-17313.100000000000000;
202501;3099;1994003065;COTAS;163578694.570007000000000;13411833000197
202501;2292;1998002829;COTAS;3377922.799405000000000;
202501;1715;2008004619;TIT_PUB;260964957.210000000000000;
202501;2292;2016000392;COTAS;15768.756494000000000;
202501;2292;2016000392;COTAS;49722.165604000000000;
202501;2231;1998000583;COTAS;1797129.500887000000000;
202501;2231;2008003019;CAIXA;6644.700000000000000;
202501;3099;1999004647;VL_PG_RC;-3375.360000000000000;
202501;2258;2016001038;COTAS;16409217.741882000000000;04052631000105
202501;571;9970000000;COTAS;642919.498485000000000;
202501;2292;2016000392;COTAS;742316.578419000000000;50799566000101
202501;3099;1999005465;COTAS;6082443.040000000000000;
202501;2292;2018002538;COTAS;954.120185000000000;
202501;2258;2016001038;VL_PG_RC;-17879.570000000000000;
202501;2292;2018002538;COTAS;980563.484822000000000;
202501;2258;2018001256;CAIXA;613.150000000000000;
202501;2292;2018002538;COTAS;1195055.956607000000000;
202501;3099;1999005465;OPERACAO_PARTICIPANTE;6927188.290016895400000;
202501;2258;2019000318;COTAS;4285188.300304000000000;50620572000141
202501;3099;2020003074;COTAS;15816.992595000000000;
202501;2258;2019001292;COTAS;76117.986524000000000;50625158000125
202501;3099;9970000000;COTAS;4526.994207000000000;
202501;571;9970000000;COTAS;5293923.922370000000000;
202501;2292;2018002538;COTAS;31394258.530779000000000;50799566000101
202501;607;1986000338;IMOVEIS;5845000.000000000000000;
202501;2258;2019001292;VL_PG_RC;-4806.590000000000000;
202501;2292;2018002538;VL_PG_RC;106679.360000000000000;
202501;2231;2008003019;COTAS;10345.530561000000000;
202501;1715;9970000000;COTAS;3451175.814428000000000;
202501;2231;2008003019;COTAS;115306.953245000000000;
202501;2231;2010002229;COTAS;2340484.831195000000000;
202501;2302;1988000319;CAIXA;51637091.240000000000000;
202501;2258;2019001756;CAIXA;0.000000000000000;
202501;3188;2002000719;COTAS;21193147.902723000000000;10214125000178
202501;1715;9970000000;COTAS;972032.551380000000000;
202501;2258;2019001756;COTAS;5039245.661219000000000;50634860000155
202501;2258;2019002256;COTAS;48792936.493415000000000;50634860000155
202501;2258;2019003147;COTAS;15085.300486000000000;50625158000125
202501;2258;2019003392;COTAS;260561.704997000000000;50641862000171
202501;1729;1990001092;COTAS;27958.552879000000000;
202501;3188;2002000719;COTAS;20241695.911222000000000;25244544000120
202501;2231;2010002229;COTAS;5101458.232345000000000;
202501;1729;1990001092;COTAS;9606388.030887000000000;
202501;3188;2003000283;COTAS;3732450.873333000000000;10220241000108
202501;1746;1982003065;COTAS;31001970.313783000000000;
202501;2302;1988000483;COTAS;655410813.975205000000000;14399722000175
202501;3188;2003000283;COTAS;3355685.802495000000000;25244544000120
202501;3126;1993001492;COTAS;1536676.998801000000000;
202501;3188;2003000283;COTAS;998073.332264000000000;27565843000191
202501;2316;1979000719;IMOVEIS;510886.450000000000000;
202501;2258;2019003392;VL_PG_RC;-666.290000000000000;
202501;2316;2015001492;CAIXA;9588.270000000000000;
202501;2231;2010002229;VL_PG_RC;-951754.820000000000000;
202501;2231;2010002474;COTAS;94320.329313000000000;
202501;611;1979000956;CAIXA;11999.850000000000000;
202501;2258;2020001111;COTAS;39405056.805854000000000;51059844000149
202501;2316;2023001447;VL_PG_RC;530.420000000000000;
202501;2231;2010002474;COTAS;5876607.396847000000000;
202501;611;1979000956;COTAS;59556186.759625000000000;
202501;2258;2020001292;CAIXA;218.260000000000000;
202501;2258;2020002892;COTAS;26442.203926000000000;50620572000141
202501;1537;1988000165;OPERACAO_PARTICIPANTE;0.000000000000000;
202501;3126;1993002219;COTAS;38565423.233639000000000;
202501;2333;2019000938;OPERACAO_PARTICIPANTE;4805873.570000000000000;
202501;3126;1993002219;COTAS;52583695.125159000000000;
202501;3126;1994001674;CAIXA;53977.460000000000000;
202501;2333;9970000000;COTAS;18077473.812668000000000;
202501;3126;1995000711;COTAS;12323835.830102000000000;
202501;3126;1995000711;COTAS;2711144.338618000000000;
202501;2395;1994001811;COTAS;9977507.151912000000000;
202501;3126;1995001147;COTAS;2934933.075164000000000;
202501;2395;1994001811;COTAS;9351104.205000000000000;
202501;3126;1995001147;COTAS;108943156.262719000000000;
202501;3126;1995002674;VL_PG_RC;78951.720000000000000;
202501;3126;1997000938;VL_PG_RC;-32819.780000000000000;
202501;2422;1982001747;COTAS;32640727.740740000000000;14205056000197
202501;3126;1997001918;COTAS;61385777.080915000000000;
202501;2422;1982001747;OPERACAO_PARTICIPANTE;3356.280136954700000;
202501;3126;2000007074;COTAS;3657506.501782000000000;
202501;2422;1994003847;VL_PG_RC;3434.720000000000000;
202501;3126;2000007074;COTAS;4593244.001911000000000;
202501;2422;1994003911;COTAS;36473927.671274000000000;14205056000197
202501;3126;2000007074;COTAS;8485815.025008000000000;
202501;2422;2002002665;IMOVEIS;117301.130000000000000;
202501;3126;2001000774;COTAS;1520665.637693000000000;
202501;2422;2002002819;VL_PG_RC;46936.150000000000000;
202501;3126;2001000774;COTAS;1598247.921330000000000;
202501;3126;2001001983;COTAS;13255129.269324000000000;
202501;3126;2005005811;COTAS;96998.517242000000000;
202501;3126;2005005811;COTAS;44546.944717000000000;
202501;3126;2006001183;CAIXA;8000.010000000000000;
202501;2422;2002003238;ACOES;3052.310000000000000;
202501;3126;2006001183;COTAS;3660369.629536000000000;
202501;3126;2006001183;COTAS;1210489.670476000000000;
202501;3126;2006001183;COTAS;307265.744156000000000;
202501;2422;2002003238;VL_PG_RC;62157.240000000000000;
202501;2422;2002003483;CAIXA;157584.480000000000000;
202501;3126;2006003747;COTAS;536354.803054000000000;
202501;611;1979004056;COTAS;70133194.810736000000000;
202501;2258;2020003465;CAIXA;0.000000000000000;
202501;1537;1988000165;TIT_PRIV;65007262.260000000000000;
202501;2231;2010002474;COTAS;109126752.018887000000000;
202501;1763;1990000819;COTAS;129031.861358000000000;
202501;3126;2006003992;COTAS;10519926.500060000000000;
202501;2422;2002003718;ACOES;3557.200000000000000;
202501;3126;2006003992;COTAS;29442899.305892000000000;
202501;611;1979004056;COTAS;6148921577.622977000000000;13411036000100
202501;2422;2002003718;VL_PG_RC;120812.640000000000000;
202501;1541;1986000656;COTAS;5760416.838946000000000;
202501;1763;1990000819;COTAS;4050990.700620000000000;
202501;2231;2010002474;OPERACAO_PARTICIPANTE;5261826.469844172500000;
202501;1541;1986000656;COTAS;5277545.769560000000000;
202501;1763;1990000819;COTAS;3280247.907270000000000;
202501;2258;2021000974;COTAS;33109204.327703000000000;50634860000155
202501;1571;4015710029;COTAS;63397653.600001000000000;
202501;2422;2002004218;CAIXA;641444.200000000000000;
202501;2258;2023000092;CAIXA;0.000000000000000;
202501;2258;2023001129;COTAS;1770897.923730000000000;50620435000107
202501;2231;2011001218;CAIXA;58164.300000000000000;
202501;2422;2002004218;VL_PG_RC;534280.360000000000000;
202501;3126;2006004711;COTAS;1798141.820885000000000;
202501;3126;2006004711;COTAS;14001803.824955000000000;
202501;2292;1998002756;COTAS;1431111.382040000000000;
202501;611;1979004056;VL_PG_RC;21637600.110000000000000;
202501;3188;2003000283;VL_PG_RC;-22617.150000000000000;
202501;3126;2007002019;COTAS;4413476.848026000000000;
202501;1571;4015710029;VL_PG_RC;0.000000000000000;
202501;1763;1990000819;COTAS;7986296.829725000000000;
202501;2422;2002004374;VL_PG_RC;415.070000000000000;
202501;2292;1998002756;COTAS;3151221.804274000000000;
202501;2422;2002004447;COTAS;470362368.530884000000000;14205056000197
202501;2292;1998002756;COTAS;1308254.539633000000000;
202501;2231;2011001218;IMOVEIS;3422750.970000000000000;
202501;2292;1998002756;COTAS;2549788.012795000000000;
202501;2292;1998002756;COTAS;3410501.996569000000000;50799566000101
202501;3126;2007002019;COTAS;1718427.056848000000000;
202501;2231;2011001218;OPERACAO_PARTICIPANTE;1542581.339928830500000;
202501;2422;9970000000;VL_PG_RC;759320.470000000000000;
202501;2292;1998002756;VL_PG_RC;1491448.310000000000000;
202501;2231;2013001665;COTAS;1814892.378140000000000;44703483000166
202501;2231;2014001383;COTAS;1215633.281790000000000;
202501;3126;2008000192;COTAS;25254261.040107000000000;
202501;2292;1998002829;CAIXA;3086772.990000000000000;
202501;2292;1998002829;COTAS;70199956.501325000000000;
202501;2231;2019003074;CAIXA;65773.280000000000000;
202501;1585;2006000911;COTAS;30301734.159381000000000;57961397000103
202501;1585;9970000000;COTAS;1651146.591311000000000;32225875000188
202501;2484;2005000183;VL_PG_RC;-4927.810000000000000;
202501;1599;1979001219;OPERACAO_PARTICIPANTE;5621333.510000000000000;
202501;2292;1998002829;IMOVEIS;23332585.610000000000000;
202501;1599;2001002483;COTAS;185736029.542671000000000;26179544000156
202501;2231;2019003074;COTAS;105529.395088000000000;
202501;2292;1998002829;OPERACAO_PARTICIPANTE;4746596.386176000000000;
202501;2511;1992001529;CAIXA;258336.670000000000000;
202501;1599;2001002483;COTAS;15920700.184267000000000;41272558000103
202501;611;1980001529;CAIXA;11999.920000000000000;
202501;1763;1990000819;IMOVEIS;5518000.000000000000000;
202501;1599;2001002483;OPERACAO_PARTICIPANTE;6058736.090000000000000;
202501;3188;2003000747;COTAS;1092086.321455000000000;10220241000108
202501;2231;2019003074;IMOVEIS;3172359.660000000000000;
202501;1599;9970000000;COTAS;2010194.798735000000000;35726949000158
202501;611;1983000418;COTAS;1464846.597680000000000;
202501;2525;1974000265;COTAS;4455132.000000000000000;
202501;1781;1980000174;COTAS;52385047.680000000000000;
202501;3188;2003000747;COTAS;317065.918923000000000;34613727000166
202501;3126;2008000192;COTAS;346171.282480000000000;
202501;611;1984001019;COTAS;4915286.880924000000000;40188751000106
202501;1781;1980000174;COTAS;929606.519430000000000;
202501;1781;1998003574;COTAS;803086.601127000000000;
202501;2292;1998002829;TIT_PUB;1326856367.440000000000000;
202501;3188;2003000747;VL_PG_RC;-2990.130000000000000;
202501;3126;2008001229;COTAS;16103300.467592000000000;
202501;1781;1998003574;COTAS;6059626872.745549000000000;01873685000143
202501;2258;1981001565;COTAS;3719658.649822000000000;50620572000141
202501;1612;2022002229;COTAS;209026815.116005000000000;04588085000121
202501;1781;1998003574;COTAS;6815348531.323019000000000;19294570000160
202501;2292;2016000392;COTAS;45913.489381000000000;
202501;611;1990000592;VL_PG_RC;-4174.010000000000000;
202501;2258;1990000118;CAIXA;837792.540000000000000;
202501;2258;1990000118;COTAS;4058832.124657000000000;
202501;2292;2016000392;COTAS;101463.468355000000000;
202501;2258;1990000118;COTAS;5279386.727104000000000;
202501;2525;1974000265;COTAS;1674418.442436000000000;
202501;2258;1990000118;COTAS;3940127.216258000000000;
202501;1657;1987001338;VL_PG_RC;-14102.280000000000000;
202501;3126;2009000447;COTAS;1124236.847151000000000;
202501;2525;1974000265;COTAS;36664237.610823000000000;04573108000124
202501;3188;2003001638;CAIXA;582.180000000000000;
202501;2525;1974000265;COTAS;48250398.504716000000000;45494526000103
202501;1661;1990001718;COTAS;925688.469243000000000;
202501;1674;1989002056;COTAS;466661.847368000000000;
202501;3126;2009000447;COTAS;12091567.667056000000000;
202501;3126;2010000129;CAIXA;4000.000000000000000;
202501;3126;2010000129;COTAS;588315.534719000000000;
202501;2292;2016000392;COTAS;14305.731900000000000;
202501;3126;2010000129;COTAS;281805.953961000000000;
202501;3126;2010002792;COTAS;466033.359136000000000;
202501;2525;1974000265;COTAS;28951074.961334000000000;45521758000103
202501;3126;2012001483;COTAS;8332176.222742000000000;
202501;3126;2012001483;COTAS;1663853.993875000000000;
202501;2292;2016000392;COTAS;3093.499263000000000;
202501;2525;1974000265;IMOVEIS;3597369.690000000000000;
202501;3126;2012001483;COTAS;121952.256047000000000;
202501;2525;2009003756;COTAS;6584484.007843000000000;
202501;3126;2012001483;COTAS;199679.615674000000000;
202501;3126;2018000756;COTAS;1807252.320915000000000;
202501;3126;2018000756;COTAS;486373.005275000000000;
202501;2292;2018002538;COTAS;307688.947139000000000;
202501;2292;2018002538;COTAS;496019.569024000000000;
202501;2292;2018002538;COTAS;2194953.405601000000000;
202501;2292;2018002538;COTAS;123990.414406000000000;
202501;2525;2009003756;COTAS;275123328.618828000000000;05194813000183
202501;2292;2018002538;COTAS;23201.266907000000000;
202501;3126;2018000756;TIT_PUB;16984642.050000000000000;
202501;2525;2023000556;CAIXA;6623.070000000000000;
202501;2302;1988000483;COTAS;23508132.023122000000000;
202501;3126;2021001156;COTAS;540048.763096000000000;
202501;2525;9970000000;CAIXA;58756.890000000000000;
202501;2556;1993000119;COTAS;28199.718255000000000;
202501;2302;1988000483;COTAS;131472741.724124000000000;
202501;2302;1988002011;CAIXA;22463.620000000000000;
202501;2302;9970000000;VL_PG_RC;0.000000000000000;
202501;3126;2021001318;COTAS;1330790.316955000000000;
202501;2556;1993000119;COTAS;25426356.142987000000000;
202501;3126;2021001318;COTAS;549036.862473000000000;
202501;2316;1979000719;COTAS;237883.410670000000000;56479808000158
202501;2556;1998007618;COTAS;348947.993905000000000;
202501;3188;2003001638;COTAS;1024777.062611000000000;
202501;2316;2015001311;CAIXA;20263.300000000000000;
202501;1674;1989002056;COTAS;92039.771056000000000;
202501;2556;1998007618;COTAS;2462835.000000000000000;
202501;3126;2024000665;COTAS;9787398.414212000000000;
202501;2556;1998007618;COTAS;2548901.872363000000000;
202501;2316;2015001311;COTAS;6745374.766077000000000;
202501;2556;9970000000;VL_PG_RC;-391.180000000000000;
202501;3161;1994004118;COTAS;12113144.987887000000000;
202501;1781;1998003574;COTAS;263482906.211494000000000;49767385000106
202501;2316;2015001492;COTAS;1979873.527005000000000;
202501;3188;2003001638;COTAS;3620925.599723000000000;10220241000108
202501;3161;1994004118;COTAS;24509387.786378000000000;
202501;2258;1990000118;COTAS;61765076.903159000000000;51059844000149
202501;1674;2014000492;COTAS;5493268.228135000000000;
202501;1674;2014000492;COTAS;1868746.591372000000000;
202501;1674;2015000356;COTAS;5442381.000000000000000;
202501;1674;2015000356;COTAS;258168.250000000000000;
202501;2561;1999000447;COTAS;43138510.434731000000000;
202501;2316;9970000000;COTAS;5649967.989879000000000;
202501;1674;2015000356;COTAS;20129590.985817000000000;
202501;1781;1998003574;IMOVEIS;749820715.020000000000000;
202501;3188;2003001638;COTAS;14592.494553000000000;10220247000177
202501;2561;1999000447;COTAS;25897536.755799000000000;40226038000100
202501;2333;2019000938;COTAS;43003556.846453000000000;
202501;1781;2019002711;CAIXA;390762.240000000000000;
202501;3161;1994004118;COTAS;3613459.806347000000000;
202501;1674;2015000356;COTAS;1717800.136750000000000;
202501;1781;2019002711;COTAS;18273662.160909000000000;40021645000125
202501;3188;2003001638;COTAS;50115.140441000000000;18270776000197
202501;2561;2014000174;COTAS;164606681.399355000000000;
202501;2395;1994001811;COTAS;1457840.899803000000000;
202501;2395;1994001811;COTAS;11149907.347327000000000;
202501;1781;2019002711;COTAS;5361742.719234000000000;49766712000105
202501;3161;2005005111;COTAS;1630761.073979000000000;
202501;1781;9970000000;COTAS;1377286776.032619000000000;11328936000162
202501;3161;2005005111;COTAS;495428.857829000000000;
202501;3161;2005005111;COTAS;622385.828839000000000;
202501;2561;2014001219;COTAS;28312561.994727000000000;
202501;3161;2005005111;COTAS;1112512.151085000000000;
202501;3161;2005005111;COTAS;905243.895972000000000;
202501;1781;9970000000;TIT_PRIV;65268150.030000000000000;
202501;2561;9970000000;VL_PG_RC;-130.070000000000000;
202501;2659;2000002447;COTAS;9906051.848807000000000;
202501;2659;2000002447;COTAS;20787317.763668000000000;
202501;2659;2000002447;COTAS;17188235.642467000000000;
202501;2659;2000002447;COTAS;271259367.988152000000000;04982274000184
202501;1804;4018040083;VL_PG_RC;0.000000000000000;
202501;3161;2005005111;VL_PG_RC;-100573.890000000000000;
202501;1818;2002000174;COTAS;149743211.169999000000000;19941813000104
202501;3174;1994004029;COTAS;206076492.486834000000000;26811773000141
202501;2659;2000002447;IMOVEIS;1849988.070000000000000;
202501;1852;1985001047;COTAS;173831271.253499000000000;
202501;1852;1985001047;COTAS;195255307.027976000000000;17329754000192
202501;3174;1994004029;COTAS;243352857.485299000000000;37405212000169
202501;1852;1985001047;COTAS;100734281.100934000000000;42287704000137
202501;3174;1994004029;TIT_PRIV;2621101.130000000000000;
202501;3188;1989000983;COTAS;1580833.226190000000000;
202501;3188;1989000983;COTAS;4720314.629910000000000;
202501;3188;1989000983;COTAS;22957383.213129000000000;29298975000120
202501;2659;9970000000;VL_PG_RC;0.000000000000000;
202501;2693;1993000811;COTAS;10929048.030776000000000;
202501;2693;1993000811;COTAS;27947153.318480000000000;
202501;2693;1993000811;COTAS;55161669.851769000000000;40921948000102
202501;3188;1989000983;COTAS;5803856.908591000000000;36178602000180
202501;2693;1993000811;COTAS;41598683.547599000000000;48330517000175
202501;2721;2004002018;COTAS;32787111.763366000000000;13911092000103
202501;2721;2004002018;OPERACAO_PARTICIPANTE;2152924.650657689400000;
202501;2721;9970000000;COTAS;1249651.743684000000000;13914334000112
202501;2796;2015001174;COTAS;16625817.346659000000000;21624743000102
202501;2796;9970000000;CAIXA;55395.110000000000000;
202501;2796;9970000000;COTAS;5359127.761490000000000;
202501;2811;1993002774;COTAS;1607.605730000000000;
202501;3188;1994002565;IMOVEIS;1894030.620000000000000;
202501;2811;1993002774;COTAS;45428407.137631000000000;
202501;2811;1993002774;COTAS;4638965.209913000000000;
202501;3188;2004002174;COTAS;40485168.650154000000000;10220241000108
202501;2258;1992000565;COTAS;3917109.572243000000000;50634601000124
202501;2395;1994001811;COTAS;62549564.984246000000000;
202501;1883;1988001056;TIT_PUB;280045419.230000000000000;
202501;2811;1993002774;COTAS;919716.822757000000000;
202501;2811;1993002774;COTAS;3437797.225317000000000;
202501;2811;1993002774;VL_PG_RC;40392134.540000000000000;
202501;2811;9970000000;COTAS;201379.416512000000000;
202501;2823;1994000392;COTAS;948761.534246000000000;
202501;1883;2006003356;COTAS;14666579.427270000000000;
202501;2395;1994001811;COTAS;36039956.383711000000000;
202501;2258;1992000719;CAIXA;4463997.260000000000000;
202501;3188;2004002174;COTAS;13781335.439992000000000;10220247000177
202501;1883;2006003356;COTAS;121234366.346951000000000;
202501;2395;1994001811;COTAS;86592492.984663000000000;
202501;2258;1992000719;COTAS;1293200.362557000000000;
202501;1911;1993001311;COTAS;2498962.120642000000000;50069086000187
202501;1674;2015000356;COTAS;4395673.126864000000000;
202501;3188;1994002565;TIT_PUB;167091129.790000000000000;
202501;2823;1994000392;COTAS;10738394.625455000000000;
202501;1674;2015000356;COTAS;1533601.890886000000000;
202501;3188;1996001647;OPERACAO_PARTICIPANTE;3131966.489977672000000;
202501;2258;1993000992;COTAS;11138021.049700000000000;50620435000107
202501;3188;2004002174;COTAS;30194652.772279000000000;34613727000166
202501;3188;1996004883;COTAS;88958376.364653000000000;10220241000108
202501;3188;2004002174;VL_PG_RC;-153936.090000000000000;
202501;2258;1993000992;COTAS;5435809.030489000000000;50634860000155
202501;3188;2005001211;COTAS;1586718.885711000000000;
202501;2258;1993003029;COTAS;5350441.153765000000000;50625158000125
202501;2258;1994003138;COTAS;108726.203667000000000;50620572000141
202501;3188;1996004883;COTAS;624280.274400000000000;10220247000177
202501;1674;2016000783;COTAS;1599426.383332000000000;
202501;2258;1995000183;COTAS;6711448.214468000000000;50625158000125
202501;2823;1994000392;COTAS;273004.422868000000000;
202501;1674;2016000783;COTAS;17252.821749000000000;
202501;2258;1995003174;COTAS;115627883.402550000000000;50620290000144
202501;1674;2016000783;COTAS;3849.980862000000000;
202501;2258;1995003719;CAIXA;0.000000000000000;
202501;2258;1996000829;CAIXA;1526.800000000000000;
202501;2258;1996000829;COTAS;38482249.666763000000000;52980608000123
202501;3188;1996004883;COTAS;59253436.817785000000000;25244544000120
202501;2258;1996001329;CAIXA;4.360000000000000;
202501;2823;1994000392;COTAS;496200.438671000000000;
202501;2258;1996001329;COTAS;62994703.995891000000000;50620290000144
202501;3188;1996004883;COTAS;29991.034614000000000;34613727000166
202501;3188;2005006483;TIT_PUB;95347270.450000000000000;
202501;3188;2007003074;COTAS;276068.237109000000000;27565843000191
202501;2823;1994000392;COTAS;674494.723731000000000;
202501;1674;2019001918;COTAS;698090.914933000000000;
202501;2395;9970000000;COTAS;8118312.394664000000000;
202501;2823;1994000465;COTAS;39924828.954170000000000;
202501;2823;1994000465;COTAS;42841771.693920000000000;
202501;3188;1996004883;VL_PG_RC;-336969.840000000000000;
202501;1688;1979002274;COTAS;26831808.690000000000000;
202501;3188;1997001047;COTAS;7541885.321073000000000;
202501;2823;1994000465;COTAS;48413841.723154000000000;
202501;2422;1994003383;ACOES;890.850000000000000;
202501;1688;1979002274;COTAS;27552173.820768000000000;
202501;2823;1994000465;COTAS;19844463.513674000000000;
202501;1688;1979002274;COTAS;341226351.619888000000000;06041391000179
202501;1911;1993001311;VL_PG_RC;-1082.270000000000000;
202501;1688;1979002274;COTAS;670652028.582675000000000;17545746000183
202501;3188;1997001047;COTAS;15715643.582194000000000;27565843000191
202501;1688;1979002274;TIT_PRIV;7395305.800000000000000;
202501;2422;1994003383;CAIXA;28859.050000000000000;
202501;1688;2021000338;CAIXA;21.630000000000000;
202501;1688;2021001865;COTAS;4494877.921473000000000;04786973000159
202501;1911;1994001992;COTAS;3086934.463384000000000;
202501;2422;1994003847;IMOVEIS;27304.230000000000000;
202501;1911;1994001992;COTAS;120091.473295000000000;25401546000185
202501;1911;1997003211;COTAS;965094.667141000000000;
202501;2422;1994003911;ACOES;10185.060000000000000;
202501;1911;1997003211;COTAS;1412526.725894000000000;
202501;1911;1997003211;COTAS;8064888.123864000000000;
202501;2422;2002002665;VL_PG_RC;14792.280000000000000;
202501;2422;2002002738;COTAS;9408620.742422000000000;14205056000197
202501;2823;1994000465;TIT_PUB;133095628.420000000000000;
202501;1688;9970000000;CAIXA;14961.860000000000000;
202501;2422;2002002738;VL_PG_RC;161212.960000000000000;
202501;2841;1993003592;OPERACAO_PARTICIPANTE;355223.070000000000000;
202501;1688;9970000000;VL_PG_RC;-570.370000000000000;
202501;2422;2002003238;IMOVEIS;499717.990000000000000;
202501;1715;1979000174;COTAS;2777062.707841000000000;
202501;2841;2005004529;COTAS;37989.000050000000000;
202501;2422;2002003556;CAIXA;148228.900000000000000;
202501;1715;1979000174;COTAS;8672387.578195000000000;
202501;2841;2005004611;CAIXA;390425.470000000000000;
202501;1715;1979000174;COTAS;10194529.421730000000000;
202501;3188;1997001047;TIT_PUB;470020416.890000000000000;
202501;2841;2005004611;COTAS;1220518.540711000000000;
202501;1715;2008004619;COTAS;41379490.723852000000000;
202501;3188;1997002183;COTAS;21486276.563157000000000;25244544000120
202501;1715;9970000000;COTAS;1295807.022463000000000;
202501;3188;1998004856;COTAS;1382751.527052000000000;27565843000191
202501;1715;9970000000;COTAS;1755362.327791000000000;
202501;1715;9970000000;COTAS;2445800.113798000000000;
202501;2841;9970000000;COTAS;2015284.295299000000000;51983827000101
202501;2854;2022000447;VL_PG_RC;-759.280000000000000;
202501;2258;1996001329;COTAS;428917.428779000000000;50620819000120
202501;2854;9970000000;CAIXA;1128.950000000000000;
202501;2422;2002003556;IMOVEIS;819302.330000000000000;
202501;2909;2010004711;COTAS;614996.726953000000000;34867797000140
202501;2422;2002003718;COTAS;3122630.950318000000000;14205056000197
202501;2258;1996002147;COTAS;24237746.256717000000000;50620290000144
202501;2909;2010004711;VL_PG_RC;-2124.450000000000000;
202501;2258;1998002365;COTAS;157816514.292803000000000;50625158000125
202501;2258;1998002365;VL_PG_RC;-125288.500000000000000;
202501;2909;2016000465;COTAS;119457704.080213000000000;34867805000159
202501;3188;2007003074;VL_PG_RC;-4374.850000000000000;
202501;2912;1993003738;COTAS;4522942.279095000000000;08830058000174
202501;2422;2002004447;OPERACAO_PARTICIPANTE;1279485.371923308300000;
202501;1911;1997003211;VL_PG_RC;-149995.320000000000000;
202501;3188;2009002229;CAIXA;512680.620000000000000;
202501;2912;1993003738;COTAS;5033366.505265000000000;09564278000166
202501;2422;9970000000;CAIXA;1164695.100000000000000;
202501;2912;2005006711;COTAS;159930167.060215000000000;36180787000168
202501;1911;1998004147;COTAS;2848140.198892000000000;
202501;3188;1998004856;TIT_PUB;115884236.450000000000000;
202501;3188;1998005674;COTAS;567956.961356000000000;
202501;3188;1998005674;COTAS;875669.815332000000000;10220247000177
202501;2912;2005006711;OPERACAO_PARTICIPANTE;12518541.635542000000000;
202501;3188;1998005674;COTAS;1925379.769261000000000;18270776000197
202501;3188;1998006247;COTAS;869551.900976000000000;
202501;3188;1998006247;COTAS;2323127.659713000000000;
202501;2926;1998002519;CAIXA;0.000000000000000;
202501;1729;1990001092;CAIXA;358273.490000000000000;
202501;2931;1994000211;COTAS;11616820.800000000000000;
202501;2931;1994000211;COTAS;108222683.903630000000000;
202501;3188;1999002792;COTAS;246422.241729000000000;
202501;2931;1994000211;COTAS;52013633.279026000000000;
202501;2931;1994000211;COTAS;18548091.298237000000000;
202501;3188;1999002792;COTAS;10576382.187043000000000;29298975000120
202501;2931;1994000211;COTAS;3236688.499000000000000;
202501;3188;1999002792;COTAS;1079145.372855000000000;36178602000180
202501;2931;1994000211;COTAS;2188471.368724000000000;
202501;3188;1999003756;COTAS;1824721.502389000000000;
202501;2931;1994000211;COTAS;4568682.476604000000000;
202501;2931;9970000000;COTAS;1328557.439957000000000;
202501;1729;1990001092;COTAS;46787347.106260000000000;
202501;2991;1985000547;COTAS;576159.435409000000000;
202501;1729;1990001092;COTAS;89943.154154000000000;
202501;1729;1990001092;COTAS;1085726.836752000000000;
202501;2991;1985000547;VL_PG_RC;-28776.280000000000000;
202501;1729;1990001092;COTAS;114137074.289929000000000;19821512000147
202501;1729;1990001092;VL_PG_RC;-64909.030000000000000;
202501;1732;9970000000;CAIXA;337.460000000000000;
202501;2991;1994002492;COTAS;9896846.162575000000000;
202501;2991;1994002492;COTAS;5707530.197446000000000;
202501;2991;1994002492;COTAS;7315013.003564000000000;
202501;2991;1994002492;COTAS;5566979.473342000000000;
202501;2991;1994002492;COTAS;962121.778726000000000;
202501;2991;1994002492;COTAS;77337.560094000000000;
202501;2991;1994002492;COTAS;9939279.350291000000000;
202501;2991;9970000000;VL_PG_RC;-610.470000000000000;
202501;3023;2001001738;COTAS;545308535.641846000000000;38049520000161
202501;2258;1998006956;CAIXA;0.000000000000000;
202501;1746;1982003065;TIT_PUB;425256589.110000000000000;
202501;1763;1990000819;CAIXA;103512.410000000000000;
202501;3037;1994001119;COTAS;11763346.007920000000000;
202501;3037;1994001119;COTAS;7249118.011403000000000;
202501;1911;1998004147;COTAS;1436989.418489000000000;
202501;2258;1998006956;COTAS;97069281.603630000000000;50620290000144
202501;3037;1994001119;VL_PG_RC;437384.170000000000000;
202501;2258;1999000765;CAIXA;0.000000000000000;
202501;2422;9970000000;IMOVEIS;6022512.200000000000000;
202501;2258;1999000765;COTAS;19304275.028233000000000;50620290000144
202501;1911;1998004147;COTAS;394615.501333000000000;
202501;3099;1996002392;VL_PG_RC;-2801.890000000000000;
202501;1911;1998004147;COTAS;779206.249660000000000;26304143000180
202501;3099;1997000318;CAIXA;2011.890000000000000;
202501;3099;1997000318;COTAS;4876675.340018000000000;
202501;3188;1999003756;TIT_PUB;102983563.800000000000000;
202501;2484;2004001992;COTAS;183399714.521429000000000;14985743000172
202501;3188;2000007856;COTAS;631217.060550000000000;
202501;3188;2010003047;TIT_PUB;992879.300000000000000;
202501;1763;1990000819;TIT_PUB;65616356.730000000000000;
202501;2484;2005000183;COTAS;6757481.804001000000000;42865356000138
202501;3099;1997000318;COTAS;5182896.672340000000000;
202501;3099;1999004892;COTAS;3944835.726744000000000;
202501;3099;1999004892;COTAS;8981033.519846000000000;
202501;3099;2020003074;COTAS;1434197.792738000000000;04701028000107
202501;3188;2002000565;COTAS;1660572.425974000000000;34613727000166
202501;3099;9970000000;COTAS;18388331.505692000000000;
202501;3188;2002000565;VL_PG_RC;-57908.380000000000000;
202501;3099;9970000000;VL_PG_RC;-1877.650000000000000;
202501;3188;2002000719;COTAS;20097714.753848000000000;10220241000108
202501;3126;1993001492;COTAS;564747.111489000000000;
202501;3188;2002000719;COTAS;7490018.567944000000000;34613727000166
202501;3188;2002000719;VL_PG_RC;-172647.810000000000000;
202501;3126;1993001492;COTAS;25334000.115612000000000;
202501;3188;2003000283;COTAS;1226296.159589000000000;
202501;3188;2003000283;COTAS;3286950.421048000000000;10214125000178
202501;3126;1993002219;COTAS;7053829.231713000000000;
202501;3188;2003000283;COTAS;5523400.628110000000000;29298975000120
202501;3126;1993002219;COTAS;11464211.820404000000000;
202501;3188;2003000283;COTAS;1294974.447426000000000;36178602000180
202501;3126;1994002956;VL_PG_RC;2484722.090000000000000;
202501;3188;2003000747;COTAS;214574.422292000000000;
202501;3126;1995000711;COTAS;9962880.611625000000000;
202501;3188;2003000747;COTAS;393994.571613000000000;10214125000178
202501;3188;2003001638;COTAS;452623.794623000000000;
202501;1781;1980000174;COTAS;1657721.590020000000000;
202501;2258;1999002229;CAIXA;10281.820000000000000;
202501;2258;1999003683;CAIXA;0.000000000000000;
202501;2258;1999003683;COTAS;59307249.457981000000000;50634860000155
202501;2484;9970000000;CAIXA;62952.130000000000000;
202501;3126;1995000711;COTAS;19845978.015809000000000;
202501;3188;2010003292;IMOVEIS;34238423.960000000000000;
202501;3126;1995000711;COTAS;22203592.383228000000000;
202501;3126;1995000711;COTAS;965755.903255000000000;
202501;2525;1974000265;COTAS;930700.530138000000000;
202501;3126;1995001147;COTAS;9871818.264867000000000;
202501;3126;1995002674;COTAS;7469732.336301000000000;
202501;3126;1995002674;COTAS;829596.848330000000000;
202501;1781;1980000174;COTAS;29282487.046721000000000;
202501;3126;1995002674;COTAS;2724835.953393000000000;
202501;2525;1979004511;COTAS;1923.693935000000000;
202501;1781;1980000174;COTAS;54045816.190000000000000;
202501;3126;1995002674;COTAS;1543035.300262000000000;
202501;2525;1979004511;COTAS;1140.071160000000000;04573108000124
202501;3126;1997000938;CAIXA;68675.470000000000000;
202501;2525;1979004511;TIT_PRIV;2707039.840000000000000;
202501;3126;1997001918;COTAS;26393144.473197000000000;
202501;2525;2009003756;COTAS;82437064.897706000000000;58436786000174
202501;1781;1980000174;COTAS;1530419953.018862000000000;35302796000111
202501;3188;2010003292;TIT_PUB;356845118.080000000000000;
202501;2258;1999003829;CAIXA;15.060000000000000;
202501;3188;2010003365;COTAS;1584573.986059000000000;
202501;2258;2000004156;VL_PG_RC;-17697.840000000000000;
202501;2525;2020002256;VL_PG_RC;-194.330000000000000;
202501;2258;2000004474;COTAS;141341007.025925000000000;04052631000105
202501;2525;9970000000;COTAS;5397277.830465000000000;54874511000161
202501;2258;2000004474;COTAS;142246992.390773000000000;50625158000125
202501;3188;2004002174;COTAS;9770270.776519000000000;
202501;2525;9970000000;TIT_PRIV;85571.250000000000000;
202501;2258;2000004474;VL_PG_RC;-186650.990000000000000;
202501;3188;2004002174;COTAS;17250673.035914000000000;10214125000178
202501;2258;2001000618;COTAS;1074411.460685000000000;
202501;3126;1997001918;COTAS;5004350.318278000000000;
202501;3188;2005001211;COTAS;1944218.197619000000000;
202501;2258;2001000618;COTAS;15809813.081992000000000;50625158000125
202501;3126;2000007074;OPERACAO_PARTICIPANTE;1277940.830000000000000;
202501;3126;2001000774;COTAS;469609.293721000000000;
202501;2556;1993000119;TIT_PRIV;131321657.030000000000000;
202501;3126;2001000774;COTAS;121665.440888000000000;
202501;2556;1993000119;VL_PG_RC;72639758.830000000000000;
202501;3126;2001001983;COTAS;1507897.555898000000000;
202501;2258;2001000618;VL_PG_RC;-17773.240000000000000;
202501;3126;2001001983;COTAS;11727815.569670000000000;
202501;1911;1998005518;TIT_PUB;219923302.440000000000000;
202501;3126;2005005811;CAIXA;8000.340000000000000;
202501;3126;2005005811;COTAS;2724087.779228000000000;
202501;1911;1999002156;COTAS;3294843.703643000000000;25401546000185
202501;3188;2005001211;COTAS;6605811.772145000000000;18270776000197
202501;2258;2005005347;COTAS;8070107.865431000000000;50625158000125
202501;1911;1999002156;COTAS;1230667.996850000000000;42479278000133
202501;1911;1999002156;COTAS;2788889.670000000000000;57235960000158
202501;3126;2005005811;COTAS;3655795.318701000000000;
202501;2258;2006000683;COTAS;22732621.643157000000000;50620435000107
202501;3126;2005005811;COTAS;6831248.401439000000000;
202501;3126;2005005811;COTAS;7902.813262000000000;
202501;2258;2006001647;COTAS;17662156.500686000000000;
202501;3188;2005006483;COTAS;698802.312072000000000;
202501;3126;2006001183;COTAS;16786584.085496000000000;
202501;1911;2006001411;COTAS;4175583.953427000000000;
202501;3188;2007003074;COTAS;63878.842682000000000;
202501;3126;2006001183;COTAS;22215905.625238000000000;
202501;1911;2006001411;COTAS;11585800.215307000000000;21791224000139
202501;3126;2006001183;COTAS;3747734.956686000000000;
202501;2258;2006001647;COTAS;315968.839256000000000;
202501;3188;2007003074;COTAS;290721.087621000000000;36178602000180
202501;3188;2009002156;COTAS;13193903.310173000000000;
202501;3126;2006001183;COTAS;29624515.049949000000000;
202501;3188;2009002156;COTAS;45505189.345124000000000;10220241000108
202501;2258;2006001647;VL_PG_RC;1524307.620000000000000;
202501;3126;2006003747;COTAS;96766.356505000000000;
202501;3126;2006003811;COTAS;375777.156700000000000;
202501;3188;2009002156;COTAS;50916740.835094000000000;18270776000197
202501;2258;2007000547;CAIXA;0.000000000000000;
202501;3126;2006003811;COTAS;126901.779713000000000;
202501;3126;2006003811;VL_PG_RC;16255.160000000000000;
202501;2258;2007000611;COTAS;27287.643265000000000;50620435000107
202501;3126;2006003992;COTAS;7165474.394146000000000;
202501;1911;2006005847;COTAS;1933912.723767000000000;36521640000194
202501;1911;2007001292;COTAS;763552.562833000000000;
202501;1911;2007001292;COTAS;1205132.417598000000000;26304143000180
202501;1911;2007001292;COTAS;711314.539282000000000;36521640000194
202501;2258;2007002892;CAIXA;0.000000000000000;
202501;3188;2010003365;TIT_PUB;516762486.550000000000000;
202501;2258;2007003211;COTAS;34454167.535746000000000;50620290000144
202501;3126;2006003992;COTAS;2549956.419912000000000;
202501;2258;2007003465;COTAS;506385.684972000000000;50625158000125
202501;3126;2006003992;VL_PG_RC;262636.360000000000000;
202501;3126;2006004011;COTAS;31426812.071348000000000;
202501;1911;2008003183;COTAS;2349523.137187000000000;
202501;1911;2008003183;COTAS;402700.871029000000000;
202501;2258;2007003465;VL_PG_RC;-34910.780000000000000;
202501;1911;2008003183;COTAS;7554738.762499000000000;21791224000139
202501;2258;2008000338;COTAS;613145.888044000000000;50620435000107
202501;1911;2008003183;COTAS;4083513.049348000000000;26304143000180
202501;3126;2006004011;TIT_PRIV;15177548.690000000000000;
202501;1911;2013001274;COTAS;280075.257159000000000;25401546000185
202501;3126;2006004711;CAIXA;7000.000000000000000;
202501;1911;2013001274;COTAS;92962.989000000000000;57235960000158
202501;1911;2018001711;COTAS;5904986.357822000000000;
202501;3126;2007002019;VL_PG_RC;253705.070000000000000;
202501;3126;2008000192;CAIXA;67013.220000000000000;
202501;3126;2008000192;COTAS;6413893.386885000000000;
202501;3126;2008000192;COTAS;3897730.937130000000000;
202501;3188;2010003438;COTAS;18865752.813839000000000;29298975000120
202501;2556;1998007618;CAIXA;307928.780000000000000;
202501;3188;2010003438;COTAS;6690701.311700000000000;36178602000180
202501;3188;2010000374;TIT_PUB;20396165.770000000000000;
202501;3126;2008000192;COTAS;4073532.780276000000000;
202501;3188;2010003047;COTAS;129628.499802000000000;
202501;3126;2008000192;COTAS;648700.474093000000000;
202501;3188;2012000665;COTAS;7743.670121000000000;
202501;2556;1998007618;COTAS;85501073.700000000000000;35939526000116
202501;2556;1998007618;IMOVEIS;28897473.080000000000000;
202501;3126;2008000192;COTAS;80848.104732000000000;
202501;3126;2008001229;COTAS;58577035.098160000000000;
202501;2258;2008000338;COTAS;6315661.576469000000000;50634860000155
202501;3126;2009000447;COTAS;2145419.268996000000000;
202501;3126;2009000447;COTAS;2150374.672287000000000;
202501;3188;2012000665;COTAS;1402316.479084000000000;
202501;3126;2010002547;COTAS;3258942.890128000000000;
202501;2258;2008001792;VL_PG_RC;-110026.960000000000000;
202501;3126;2010002547;COTAS;12672936.068194000000000;
202501;3126;2010002792;COTAS;1423545.973188000000000;
202501;3188;2012000665;COTAS;1475150.188183000000000;27565843000191
202501;2258;2009001656;VL_PG_RC;-93471.660000000000000;
202501;1911;2018001711;OPERACAO_PARTICIPANTE;3215610.384892503500000;
202501;2258;2010001656;COTAS;77090336.076094000000000;50620290000144
202501;2556;2018001574;TIT_PRIV;1437582.320000000000000;
202501;1924;1989000274;COTAS;6323725.321669000000000;
202501;2258;2010005783;COTAS;4983929.341568000000000;50620435000107
202501;1924;2008003711;COTAS;19341048.000001000000000;
202501;3188;2010003047;COTAS;829370.060142000000000;18270776000197
202501;1924;9970000000;COTAS;179866.000031000000000;
202501;1924;9970000000;COTAS;43652.999999000000000;
202501;3188;2010003292;OPERACAO_PARTICIPANTE;0.000000000000000;
202501;2556;9970000000;COTAS;1.960168000000000;
202501;2258;2012000983;COTAS;12733156.197674000000000;50620290000144
202501;1924;9970000000;COTAS;1682461.999998000000000;15044971000100
202501;3188;2010003365;OPERACAO_PARTICIPANTE;0.000000000000000;
202501;3188;2013000456;TIT_PUB;48061415.060000000000000;
202501;2556;9970000000;COTAS;426872.137148000000000;
202501;3126;2012001483;CAIXA;11181.570000000000000;
202501;3188;2016000538;COTAS;9151879.507936000000000;10220241000108
202501;3188;2016000538;COTAS;7495170.859802000000000;34613727000166
202501;1969;1999004019;COTAS;37618805.970548000000000;18391324000163
202501;3188;2016000538;VL_PG_RC;-8912.600000000000000;
202501;3126;2012001483;COTAS;142326.919276000000000;
202501;1969;1999004019;COTAS;222546418.966891000000000;46205976000100
202501;1972;2005001783;COTAS;4925670.002574000000000;
202501;3126;2012001483;VL_PG_RC;385553.560000000000000;
202501;2561;1999000447;COTAS;145596.393232000000000;
202501;2561;2014000174;COTAS;164229964.256399000000000;
202501;1781;1980000174;IMOVEIS;12685010014.830000000000000;
202501;2561;2014000174;COTAS;61245650.945282000000000;
202501;1972;2005001783;COTAS;2484140.326584000000000;
202501;2561;2014000174;COTAS;92800095.181407000000000;41545586000157
202501;1972;2007000229;CAIXA;43998.520000000000000;
202501;1972;2007000229;COTAS;63413.208171000000000;
202501;3126;2013000529;COTAS;860802.917810000000000;
202501;3188;2017000574;CAIXA;337.640000000000000;
202501;2561;2014001219;COTAS;28660864.768127000000000;
202501;3126;2013000529;VL_PG_RC;163450.570000000000000;
202501;1972;9970000000;COTAS;10645.540292000000000;
202501;2561;2014001219;COTAS;63930119.503502000000000;41545586000157
202501;3126;2018000756;COTAS;6166335.920623000000000;
202501;2258;2012000983;COTAS;1034890.551951000000000;50620819000120
202501;2258;2012001165;VL_PG_RC;-45562.500000000000000;
202501;2561;2014001219;VL_PG_RC;-6497.940000000000000;
202501;2258;2012001319;VL_PG_RC;-6544.050000000000000;
202501;3188;2017000711;COTAS;1029899.002055000000000;
202501;1991;1996003119;COTAS;145741354.653903000000000;
202501;3126;2018000756;COTAS;393180.183986000000000;
202501;1781;2019002711;COTAS;34043325.000000000000000;
202501;3126;2018000756;COTAS;3529798.626541000000000;
202501;3188;2017000711;TIT_PUB;40162238.360000000000000;
202501;2258;2014000247;CAIXA;0.000000000000000;
202501;1991;2017000892;VL_PG_RC;-2277.530000000000000;
202501;3126;2021001156;COTAS;3139106.517838000000000;
202501;1781;2019002711;TIT_PRIV;5413824.060000000000000;
202501;2004;1987001729;CAIXA;849.960000000000000;
202501;3188;2019001047;COTAS;8313.225383000000000;
202501;2018;1980001065;COTAS;23656699.812168000000000;05508427000119
202501;2018;1980001065;VL_PG_RC;-29032.020000000000000;
202501;3188;2019001047;COTAS;34902.509387000000000;29298975000120
202501;1781;9970000000;CAIXA;346969.040000000000000;
202501;3188;2019001047;COTAS;8919.874282000000000;36178602000180
202501;2659;1995001783;VL_PG_RC;-74164.420000000000000;
202501;2018;9970000000;COTAS;13463178.788947000000000;
202501;3188;2021003019;CAIXA;57600.580000000000000;
202501;3188;2010003438;COTAS;14200418.264074000000000;10214125000178
202501;2659;2000002447;COTAS;7512821.366484000000000;
202501;3126;2021001229;CAIXA;4000.000000000000000;
202501;3188;9970000000;TIT_PUB;12326368.520000000000000;
202501;2693;1993000811;VL_PG_RC;36267.820000000000000;
202501;2021;1991001274;IMOVEIS;86879.730000000000000;
202501;3201;1994004274;VL_PG_RC;0.000000000000000;
202501;2258;2014001529;COTAS;4220448.678262000000000;50620435000107
202501;2258;2015000811;COTAS;1125125.390640000000000;50634860000155
202501;3251;1995001465;COTAS;7642054.467052000000000;
202501;2258;2016001038;COTAS;7327950.772040000000000;50620435000107
202501;3126;2021001229;COTAS;2044417.836139000000000;
202501;2021;2013001118;IMOVEIS;12669.710000000000000;
202501;3188;2010003438;COTAS;8590456.297181000000000;10220247000177
202501;3126;2021001229;COTAS;140296.915708000000000;
202501;3251;1995001465;COTAS;8835536.472340000000000;
202501;3126;2021001229;COTAS;522253.502451000000000;
202501;2052;1990000983;COTAS;10227996.620838000000000;
202501;2258;2017001538;COTAS;229260875.102214000000000;50620290000144
202501;3251;1995001465;COTAS;1019523.156573000000000;
202501;3126;2021001318;COTAS;1449811.395402000000000;
202501;2052;1990000983;COTAS;8644972.332628000000000;
202501;1804;1988001838;COTAS;75596551.803953000000000;
202501;3188;2010003438;COTAS;52451857.184193000000000;25244544000120
202501;2258;2019000318;COTAS;13975116.339954000000000;50634860000155
202501;1804;1988001838;COTAS;548994.597439000000000;
202501;3251;1995001465;COTAS;2685249.303794000000000;
202501;3126;2024000118;VL_PG_RC;0.000000000000000;
202501;2258;2019002256;COTAS;91508628.600350000000000;50620572000141
202501;3126;2024000665;COTAS;528961.461358000000000;
202501;2258;2019003147;COTAS;931122.004719000000000;50620435000107
202501;3126;2024000665;COTAS;5539999.999693000000000;
202501;2258;2019003211;COTAS;1857058.015973000000000;50620290000144
202501;3161;1994004118;COTAS;154464.702729000000000;
202501;2258;2019003211;COTAS;1913036.686871000000000;50641862000171
202501;3161;1994004118;COTAS;133693.879470000000000;
202501;2258;2019003392;COTAS;90210.499514000000000;50634860000155
202501;3161;1994004118;COTAS;3352855.919997000000000;
202501;2258;2020001111;COTAS;29448082.695818000000000;50620290000144
202501;3161;1994004118;COTAS;3860688.397924000000000;
202501;2258;2020001111;COTAS;7967686.356615000000000;50620819000120
202501;1804;1988001838;VL_PG_RC;-55114.880000000000000;
202501;3161;1994004118;COTAS;3782695.474928000000000;
202501;3251;1995001465;COTAS;903313.687589000000000;
202501;1818;2002000174;COTAS;792093935.440082000000000;02498096000195
202501;2693;2021001938;COTAS;2010434.377298000000000;06877846000190
202501;2258;2020001292;COTAS;17115251.370733000000000;50620290000144
202501;3188;2010003438;VL_PG_RC;-176313.710000000000000;
202501;3304;1995002747;COTAS;495137.518850000000000;
202501;3161;1994004118;IMOVEIS;821600.000000000000000;
202501;1818;2002000174;COTAS;199633517.450001000000000;19941775000190
202501;611;1997004038;COTAS;639755037.249965000000000;
202501;2693;2021001938;COTAS;1765245.251964000000000;39818045000103
202501;2693;2021001938;VL_PG_RC;-887.110000000000000;
202501;611;1997004674;COTAS;80890280.855242000000000;
202501;2052;2006001011;COTAS;30576.043240000000000;
202501;2258;2020001292;COTAS;12129964.720165000000000;50641862000171
202501;1818;9970000000;VL_PG_RC;0.000000000000000;
202501;3161;2005005111;CAIXA;33925.620000000000000;
202501;611;2009002547;COTAS;2939753.001048000000000;
202501;2693;9970000000;COTAS;4654380.867737000000000;
202501;1821;9970000000;COTAS;5593089.679008000000000;
202501;3304;1995002747;COTAS;13054082.470421000000000;
202501;3161;2005005111;COTAS;630977.346566000000000;
202501;3304;1995002747;COTAS;1914288.775808000000000;
202501;3304;1995002747;COTAS;2938530.843700000000000;
202501;3304;1995002747;COTAS;3518431.643956000000000;
202501;3304;1995002747;COTAS;792354.159240000000000;
202501;3161;2005005111;COTAS;1240153.673526000000000;
202501;3304;1995002811;CAIXA;7054.580000000000000;
202501;3304;1995002811;COTAS;1557961.268332000000000;
202501;3304;1995002811;COTAS;3419034.016100000000000;
202501;1821;9970000000;VL_PG_RC;0.000000000000000;
202501;1852;1985001047;COTAS;513213154.277580000000000;01622154000188
202501;1852;1985001047;COTAS;486879092.261627000000000;11419800000168
202501;3161;9970000000;VL_PG_RC;-31.030000000000000;
202501;1852;1985001047;COTAS;272811681.070000000000000;58899415000129
202501;3304;1995002811;COTAS;880465.761308000000000;
202501;3188;1989000983;COTAS;6667466.043271000000000;
202501;3188;1989000983;COTAS;4915668.344295000000000;
202501;2258;2020002019;VL_PG_RC;-57319.390000000000000;
202501;2066;1974000192;COTAS;140314.877687000000000;
202501;3188;1989000983;COTAS;27155845.616839000000000;10220241000108
202501;3304;1995002811;COTAS;1756224.870361000000000;
202501;2721;2004002018;COTAS;1341225.379571000000000;
202501;3188;1989000983;COTAS;18695457.683967000000000;34613727000166
202501;3188;1994002565;COTAS;3311716.551580000000000;
202501;3304;1995002811;COTAS;63526.822930000000000;
202501;3188;2010005074;COTAS;337830.850649000000000;
202501;3304;1995002811;COTAS;59583.024416000000000;
202501;2066;1974000192;COTAS;63724276.835047000000000;
202501;3304;1995002811;COTAS;670732.397400000000000;
202501;2721;2004002018;COTAS;158462262.303362000000000;28021980000128
202501;2258;2020002892;COTAS;483667.662854000000000;50634860000155
202501;3188;1994002565;COTAS;24261695.933747000000000;25244544000120
202501;3304;2011001838;COTAS;928240.090000000000000;
202501;2066;1974000192;COTAS;23285957.354283000000000;
202501;2721;2004002018;COTAS;51798706.500000000000000;55768938000148
202501;3304;2011001838;COTAS;2971587.459178000000000;
202501;2066;1974000192;COTAS;6439230.192666000000000;
202501;2066;1974000192;COTAS;1487437.004632000000000;
202501;2066;9970000000;CAIXA;42047.360000000000000;
202501;3304;2011001838;COTAS;705870.425467000000000;
202501;3188;1994002565;TIT_PRIV;78153232.830000000000000;
202501;2721;2004002018;VL_PG_RC;116720.000000000000000;
202501;2071;1986000583;COTAS;158883453.715829000000000;04885601000180
202501;2083;1995002356;VL_PG_RC;-15546.260000000000000;
202501;2083;2011002192;CAIXA;44.990000000000000;
202501;3304;2011001838;COTAS;326705.167801000000000;
202501;2083;2011002192;COTAS;106380359.987969000000000;14437383000174
202501;3304;2011001838;COTAS;841110.359134000000000;
202501;2083;2019002329;COTAS;109244228.581686000000000;05170419000105
202501;2796;1993002529;COTAS;19017791.383418000000000;26218376000160
202501;3304;2011001838;VL_PG_RC;56466.080000000000000;
202501;2083;2019002329;COTAS;11080318.959155000000000;09296055000165
202501;2811;1993002774;COTAS;22862917.041569000000000;
202501;3188;1996001647;COTAS;11216.044074000000000;18270776000197
202501;3188;2010005074;TIT_PUB;6537455.970000000000000;
202501;3321;1995002992;COTAS;6963527.489947000000000;
202501;2083;2020000229;COTAS;2477507.871857000000000;11308040000111
202501;2811;1993002774;COTAS;76506.795469000000000;
202501;3321;1995002992;COTAS;19354500.471908000000000;
202501;3321;1995002992;COTAS;206772.324972000000000;
202501;2083;2020001438;VL_PG_RC;0.000000000000000;
202501;1852;9970000000;CAIXA;90368.240000000000000;
202501;3188;1996001647;COTAS;1154236.884345000000000;25244544000120
202501;2083;9970000000;COTAS;60871253.545682000000000;03519674000195
202501;3321;1995002992;COTAS;29318749.364731000000000;
202501;2107;9970000000;CAIXA;173704.250000000000000;
202501;2811;1993002774;COTAS;14700815.620530000000000;
202501;3321;1995002992;COTAS;3327960.000174000000000;
202501;2138;9970000000;CAIXA;532.810000000000000;
202501;2258;2023001129;COTAS;1527327.499220000000000;50625158000125
202501;3188;2010005211;CAIXA;145860.220000000000000;
202501;1883;1988001056;CAIXA;25134.880000000000000;
202501;3321;1995002992;COTAS;1980131.581161000000000;
202501;3188;1996001647;COTAS;180257.385979000000000;27565843000191
202501;2258;2023001129;VL_PG_RC;-9495.280000000000000;
202501;2292;1990002129;COTAS;6349.938349000000000;
202501;1883;1988001056;COTAS;14077875.864191000000000;
202501;3321;1995002992;VL_PG_RC;386890.440000000000000;
202501;1883;1988001056;VL_PG_RC;-5419.780000000000000;
202501;2292;1998002756;COTAS;678633.648260000000000;
202501;1883;2006003356;CAIXA;364449.600000000000000;
202501;2292;1998002756;COTAS;217157.328590000000000;
202501;2292;1998002756;COTAS;46402.533813000000000;
202501;3321;9970000000;COTAS;1003464.140011000000000;
202501;2292;1998002829;COTAS;1259586.700000000000000;
202501;3349;1995003638;COTAS;3289400.781303000000000;
202501;3349;1995003638;COTAS;2446051.631496000000000;
202501;3188;1997001047;COTAS;61321421.372241000000000;29298975000120
202501;3349;1995003638;COTAS;2806598.000000000000000;
202501;2292;1998002829;COTAS;1997991.732566000000000;
202501;3349;1995003638;COTAS;7798394.547294000000000;
202501;2155;1985000938;VL_PG_RC;-17032.230000000000000;
202501;2292;1998002829;COTAS;13561634.362498000000000;
202501;2811;1993002774;COTAS;14805532.150108000000000;
202501;3188;1997001047;COTAS;8804894.667918000000000;34613727000166
202501;3349;1995003638;VL_PG_RC;-2273711.240000000000000;
202501;2292;1998002829;COTAS;60146221.467309000000000;41562294000122
202501;3349;9970000000;COTAS;8443583.001014000000000;
202501;2292;2016000392;COTAS;48386.340667000000000;
202501;2292;2016000392;COTAS;177372.565339000000000;
202501;3407;9970000000;COTAS;182.823958000000000;
202501;2811;9970000000;COTAS;467560.966178000000000;
202501;3188;2010005211;COTAS;9349374.850167000000000;
202501;2292;2016000392;VL_PG_RC;97038.220000000000000;
202501;2292;2018002538;COTAS;1902942.348875000000000;
202501;2155;9970000000;VL_PG_RC;-2412.380000000000000;
202501;2292;2018002538;COTAS;941392.716838000000000;
202501;2292;9970000000;CAIXA;106837.000000000000000;
202501;3188;2010005211;COTAS;18378172.738921000000000;10220247000177
202501;1883;2006003356;COTAS;9394390.137831000000000;
202501;3188;1997001047;OPERACAO_PARTICIPANTE;6473314.129932662100000;
202501;2811;9970000000;COTAS;86797.841837000000000;
202501;1883;2006003356;COTAS;7001620.303922000000000;
202501;3188;1997002183;VL_PG_RC;-7777.910000000000000;
202501;1883;2006003356;COTAS;12966747.287460000000000;
202501;2823;1994000392;COTAS;2591304.518292000000000;
202501;3188;2010005211;COTAS;71720958.931762000000000;18270776000197
202501;1883;2006003356;COTAS;7579216.582947000000000;
202501;3188;1998004074;VL_PG_RC;0.000000000000000;
202501;3188;2013000456;COTAS;4010274.190127000000000;
202501;1911;1992001618;COTAS;418701.965764000000000;
202501;3188;2013000456;OPERACAO_PARTICIPANTE;2454820.570098513200000;
202501;1911;1992001618;COTAS;372739.199987000000000;25401546000185
202501;2823;1994000392;COTAS;1550934.227816000000000;
202501;3188;2016000538;COTAS;2357189.291783000000000;
202501;3188;1998004856;COTAS;9120540.742006000000000;10214125000178
202501;3188;1998004856;VL_PG_RC;-103344.930000000000000;
202501;2823;1994000392;COTAS;692076.094488000000000;
202501;3188;1998005674;COTAS;2116778.911857000000000;10220241000108
202501;3188;1998005674;COTAS;288276.958565000000000;34613727000166
202501;1911;1992001618;COTAS;41316.884000000000000;57235960000158
202501;2823;1994000392;COTAS;524716.456539000000000;
202501;2823;1994000392;COTAS;215086.658285000000000;
202501;3188;2016000538;COTAS;3787814.233669000000000;10214125000178
202501;2823;1994000392;COTAS;29367.337265000000000;
202501;1911;1992001618;VL_PG_RC;-10024.490000000000000;
202501;3188;1998006247;COTAS;15191778.233039000000000;29298975000120
202501;3188;2016000538;COTAS;16242437.927444000000000;25244544000120
202501;2823;1994000392;VL_PG_RC;158063.170000000000000;
202501;2823;1994000465;COTAS;207503441.150814000000000;
202501;1911;1994001992;COTAS;673105.961006000000000;
202501;3188;2017000574;TIT_PUB;26182788.790000000000000;
202501;2823;1994000465;COTAS;48999678.142748000000000;
202501;3188;2017000711;OPERACAO_PARTICIPANTE;2260158.250056810400000;
202501;3188;1998006247;TIT_PUB;38603244.870000000000000;
202501;1911;1997003211;COTAS;4297925.558168000000000;42479278000133
202501;2823;1994000465;COTAS;10962786.764585000000000;
202501;1911;1997003211;COTAS;61896736.235244000000000;50069086000187
202501;1911;1997003211;COTAS;221900.329459000000000;54366569000102
202501;3407;9970000000;COTAS;5.693592000000000;
202501;2823;1994000465;COTAS;19512230.461004000000000;
202501;1911;1998004147;COTAS;1041373.488164000000000;
202501;1911;1998004147;VL_PG_RC;-17962.600000000000000;
202501;2302;1988000319;COTAS;19501482.935044000000000;29106500000194
202501;3407;9970000000;COTAS;2891.806057000000000;
202501;2302;1988000319;VL_PG_RC;0.000000000000000;
202501;3411;2014001065;VL_PG_RC;-1169.740000000000000;
202501;1911;1998005518;COTAS;5452658.375264000000000;
202501;1911;1998005518;COTAS;23123326.389222000000000;
202501;3188;1999003756;CAIXA;500.000000000000000;
202501;3188;2019000865;CAIXA;182011.830000000000000;
202501;3411;2016001429;VL_PG_RC;-193.650000000000000;
202501;3188;1999003756;COTAS;452617.937582000000000;
202501;3188;1999003756;COTAS;7640580.578520000000000;10220241000108
202501;3438;1988000556;COTAS;1767601.704539000000000;
202501;3188;2000007856;COTAS;1983536.612771000000000;
202501;3188;2000007856;COTAS;909318.616136000000000;
202501;3438;1988003083;VL_PG_RC;-218374.080000000000000;
202501;2302;1988000483;COTAS;22254023.661516000000000;
202501;3188;2000007856;COTAS;4949934.183465000000000;25244544000120
202501;3188;2019000865;COTAS;5849925.345355000000000;
202501;3188;2000007856;COTAS;161869.817079000000000;36178602000180
202501;3188;2019000865;COTAS;25555108.673421000000000;10220247000177
202501;3188;2001000847;COTAS;2540777.452844000000000;10214125000178
202501;3188;2001000847;COTAS;161869.817079000000000;36178602000180
202501;2302;1988000483;COTAS;677409141.489286000000000;20887247000189
202501;3188;2001000847;VL_PG_RC;-14886.260000000000000;
202501;3188;2019000865;COTAS;28840784.444221000000000;18270776000197
202501;2302;1988000483;COTAS;40090344.135317000000000;23931715000163
202501;3438;1989001238;CAIXA;55768.310000000000000;
202501;3438;1999001656;VL_PG_RC;0.000000000000000;
202501;2302;1988000483;OPERACAO_PARTICIPANTE;174826188.610000000000000;
202501;3438;2000000118;COTAS;192034.458227000000000;17706099000144
202501;2169;1972000111;CAIXA;86097.610000000000000;
202501;1911;1998005518;VL_PG_RC;-393802.460000000000000;
202501;3438;2000001092;VL_PG_RC;379121.130000000000000;
202501;3188;2002000565;COTAS;782707.158011000000000;
202501;2823;1994000465;COTAS;4025592.287148000000000;
202501;2823;1994000538;COTAS;25337344.264254000000000;
202501;2169;1972000111;COTAS;62570783.884992000000000;
202501;2302;1988002011;COTAS;233163729.130400000000000;03100395000192
202501;3438;2000005111;CAIXA;506371.990000000000000;
202501;2169;1999000374;OPERACAO_PARTICIPANTE;3375616.240219906100000;
202501;2169;9970000000;COTAS;5536901.392065000000000;
202501;2823;1994000538;COTAS;16394399.691749000000000;
202501;2823;1994000538;COTAS;4646570.370525000000000;
202501;1911;1999002156;COTAS;742255.409599000000000;
202501;3438;2000005111;COTAS;246820.616903000000000;
202501;3188;2002000565;COTAS;753112.342604000000000;
202501;2172;1988003229;CAIXA;12050.190000000000000;
202501;2172;1988003229;COTAS;497128340.997982000000000;97519502000165
202501;2823;1994000538;COTAS;12271831.399930000000000;
202501;2172;9970000000;CAIXA;11641.810000000000000;
202501;2213;1991002483;COTAS;2963.378240000000000;
202501;1911;1999002156;COTAS;4098685.079981000000000;36521640000194
202501;2841;1993003592;COTAS;21775655.823082000000000;50825985000162
202501;3438;2002002029;CAIXA;551158.490000000000000;
202501;2213;1991002483;VL_PG_RC;-32259.660000000000000;
202501;3438;2002002029;COTAS;53630045.406357000000000;17695440000103
202501;3188;2002000565;COTAS;6484093.089652000000000;29298975000120
202501;3188;2019001047;COTAS;7311.163164000000000;27565843000191
202501;3188;2002000565;COTAS;374681.336684000000000;36178602000180
202501;3438;2005002992;CAIXA;1064726.400000000000000;
202501;3438;2005002992;COTAS;12490256.612181000000000;
202501;3438;2005002992;OPERACAO_PARTICIPANTE;6323205.430000000000000;
202501;2841;2005004529;OPERACAO_PARTICIPANTE;6053088.889840636500000;
202501;2841;4028410029;VL_PG_RC;-949.690000000000000;
202501;2841;9970000000;COTAS;582993.529221000000000;
202501;3438;2005006556;COTAS;41197830.527776000000000;
202501;3188;2019001047;VL_PG_RC;-328.570000000000000;
202501;2231;1982002638;TIT_PUB;653692.180000000000000;
202501;2231;1982002719;VL_PG_RC;-29318.230000000000000;
202501;1911;1999002156;OPERACAO_PARTICIPANTE;1801695.640213708300000;
202501;3188;2002000565;TIT_PUB;63971591.970000000000000;
202501;2854;1995002518;CAIXA;306.450000000000000;
202501;2854;1995002518;COTAS;2988853.120065000000000;
202501;2231;1987000511;VL_PG_RC;-15.000000000000000;
202501;2909;1993003411;COTAS;1058783439.972305000000000;34867797000140
202501;2302;9970000000;COTAS;1191362.924062000000000;
202501;2231;1992000956;OPERACAO_PARTICIPANTE;84680.089976964700000;
202501;2909;2010004711;CAIXA;39018.160000000000000;
202501;1911;2000006183;CAIXA;12961.290000000000000;
202501;1911;2000006183;COTAS;4872303.531422000000000;
202501;2316;1979000719;COTAS;438032.010801000000000;
202501;2316;1979000719;COTAS;571926.294308000000000;27292836000163
202501;3188;2002000719;COTAS;4690886.263806000000000;10220247000177
202501;2231;1992000956;TIT_PUB;17246243.310000000000000;
202501;2316;1979000719;OPERACAO_PARTICIPANTE;36410.880000000000000;
202501;2909;2010004711;TIT_PUB;5179879.470000000000000;
202501;2909;2016000465;COTAS;116133990.286511000000000;34867797000140
202501;2316;2015001311;COTAS;7133286.274938000000000;
202501;1911;2000006183;VL_PG_RC;-370160.190000000000000;
202501;3188;2002000719;COTAS;32054620.164760000000000;29298975000120
202501;2231;1994001518;COTAS;11338.927487000000000;
202501;1911;2005004847;COTAS;1386033.049892000000000;
202501;1911;2005004847;COTAS;530853.683210000000000;
202501;2316;2015001311;COTAS;4408416.453588000000000;
202501;3438;2006000438;COTAS;4146592.417274000000000;
202501;3188;2003000283;COTAS;146372.356861000000000;
202501;1911;2006001411;COTAS;564731.652569000000000;
202501;2912;1993003738;COTAS;1959093.509783000000000;36180787000168
202501;2231;1998000583;CAIXA;9.000000000000000;
202501;2316;2015001311;COTAS;76286662.613987000000000;27292836000163
202501;2912;2005006711;COTAS;368857848.610370000000000;08830058000174
202501;2912;2005006711;COTAS;410484287.845278000000000;09564278000166
202501;3438;2006000438;VL_PG_RC;23230879.840000000000000;
202501;1911;2006001411;COTAS;9783736.181633000000000;36521640000194
202501;3188;2003000283;COTAS;1437465.294461000000000;
202501;3188;2021003019;TIT_PUB;5844361.320000000000000;
202501;1911;2006001411;COTAS;2840535.775000000000000;57235960000158
202501;1911;2006005847;COTAS;4594624.617089000000000;25401546000185
202501;1911;2006005847;COTAS;1022863.334619000000000;57235960000158
202501;1911;2007001292;COTAS;2588132.729969000000000;21791224000139
202501;1911;2007001292;COTAS;1432978.208138000000000;25401546000185
202501;3438;2006002211;CAIXA;0.000000000000000;
202501;1911;2007001292;COTAS;7642062.638622000000000;50069086000187
202501;3438;2006002783;COTAS;135110302.797885000000000;08661367000168
202501;1911;2008003183;COTAS;303435.062285000000000;
202501;1911;2008003183;VL_PG_RC;-25031.400000000000000;
202501;2231;2008003019;COTAS;65290.637454000000000;
202501;3188;2003000283;COTAS;825259.747501000000000;
202501;3188;2003000283;COTAS;8102.232849000000000;34613727000166
202501;3188;2003000747;CAIXA;724.710000000000000;
202501;3188;2003000747;COTAS;675060.696822000000000;10220247000177
202501;3188;2023000947;COTAS;120608.238513000000000;
202501;3188;2003001638;COTAS;4921474.033228000000000;10214125000178
202501;2231;2008003019;COTAS;63499.744458000000000;
202501;3188;2003001638;VL_PG_RC;-30192.350000000000000;
202501;3188;2004002174;COTAS;72461595.076270000000000;18270776000197
202501;2231;2008003019;COTAS;77052.879715000000000;
202501;3251;1995001465;COTAS;8759977.041683000000000;
202501;2912;9970000000;CAIXA;73442.640000000000000;
202501;3188;2004002174;COTAS;8270926.472651000000000;27565843000191
202501;3251;1995001465;COTAS;2838129.413972000000000;
202501;3251;1995001465;COTAS;12264192.863136000000000;
202501;3188;2005000256;CAIXA;473.530000000000000;
202501;3251;1995001465;COTAS;60685285.996536000000000;
202501;3251;1995001465;COTAS;9721070.319745000000000;
202501;3188;2005000256;COTAS;399328.945979000000000;
202501;2912;9970000000;COTAS;1843281.746183000000000;09636594000104
202501;3251;1995001465;COTAS;8965678.307541000000000;
202501;2231;2008003019;COTAS;6799497.175902000000000;
202501;3188;2005001211;COTAS;6471232.973077000000000;25244544000120
202501;3188;2005006483;COTAS;2126784.320356000000000;
202501;3188;2005006483;COTAS;845067.914364000000000;
202501;3251;1995001465;COTAS;15067861.282292000000000;
202501;1911;2013001274;COTAS;173724.808770000000000;36521640000194
202501;2231;2008003019;COTAS;1598485.787881000000000;44703472000186
202501;3188;2005006483;COTAS;9102656.475336000000000;25244544000120
202501;3188;2005006483;COTAS;481731.490529000000000;36178602000180
202501;2231;2010002229;COTAS;107902.266685000000000;
202501;3188;2007003074;COTAS;293434.618128000000000;
202501;1911;2015000674;COTAS;15181722.612806000000000;50069086000187
202501;2231;2010002229;COTAS;7656098.420678000000000;
202501;3188;2007003074;COTAS;551215.879939000000000;10214125000178
202501;2231;2010002229;COTAS;569350652.633351000000000;
202501;1911;2018001711;COTAS;5133636.302335000000000;
202501;3188;2007003074;COTAS;759451.467993000000000;10220247000177
202501;3188;2010000374;COTAS;149697.422586000000000;
202501;1911;2018001711;COTAS;772008.703827000000000;42479278000133
202501;1911;2018001711;COTAS;6139264.470701000000000;50069086000187
202501;2231;2010002229;COTAS;157624651.348714000000000;44703472000186
202501;1911;2018001711;COTAS;3322023.709610000000000;54366569000102
202501;3438;2008003256;COTAS;3572969.825956000000000;
202501;2231;2010002474;COTAS;1703605.277162000000000;
202501;1911;9970000000;VL_PG_RC;0.000000000000000;
202501;3188;2010000374;COTAS;1389255.921198000000000;10220247000177
202501;3188;2010003292;COTAS;6487881.164331000000000;
202501;2316;2015001311;IMOVEIS;25422822.550000000000000;
202501;2931;1994000211;COTAS;11407246.017614000000000;
202501;2231;2010002474;COTAS;53622805.807029000000000;44900441000115
202501;2931;1994000211;COTAS;22549506.405920000000000;
202501;3188;2010003292;COTAS;4742467.985607000000000;
202501;2231;2011001218;COTAS;1871666.860281000000000;44703483000166
202501;3188;2010003292;COTAS;78897.053414000000000;36178602000180
202501;2316;2015001311;OPERACAO_PARTICIPANTE;23692621.870277754000000;
202501;3188;2010003365;COTAS;4403961.118961000000000;18270776000197
202501;3438;2009002083;CAIXA;7625.520000000000000;
202501;2231;2011001218;TIT_PUB;837391.060000000000000;
202501;3251;1995001465;COTAS;1087901.399600000000000;
202501;3251;1995001465;COTAS;1789674.925378000000000;
202501;3188;2010003438;COTAS;1785806.024892000000000;
202501;2316;2015001492;COTAS;54523619.353532000000000;27292836000163
202501;3251;1995001465;COTAS;374026.587988000000000;
202501;2231;2012001947;COTAS;643492.118390000000000;
202501;3438;2009002083;COTAS;9162587.534852000000000;
202501;2931;1994000211;COTAS;2243198.502408000000000;
202501;2931;1994000211;COTAS;12576981.938103000000000;
202501;2231;2012001947;COTAS;17860370.906622000000000;44703493000100
202501;1924;1989000274;VL_PG_RC;-24711.030000000000000;
202501;3438;2009002083;OPERACAO_PARTICIPANTE;1173873.290000000000000;
202501;3438;2012000347;COTAS;28924455.625160000000000;
202501;1924;1989000347;COTAS;27938889.999999000000000;15060248000115
202501;1924;1989000347;COTAS;76619505.000001000000000;15060252000183
202501;3438;2016002018;VL_PG_RC;-252188.870000000000000;
202501;2316;2015001492;OPERACAO_PARTICIPANTE;8440438.899957839600000;
202501;1924;9970000000;COTAS;21138.999997000000000;
202501;3188;2010003438;COTAS;1275986.482191000000000;10220241000108
202501;1924;9970000000;COTAS;2223402.000001000000000;15060252000183
202501;3188;2010003438;COTAS;1843562.753166000000000;34613727000166
202501;1969;1981000356;COTAS;7171702.535701000000000;
202501;3188;2010005074;COTAS;734768.061630000000000;
202501;1969;1999004019;CAIXA;150128.390000000000000;
202501;1969;1999004019;COTAS;70074171.102420000000000;03369970000157
202501;1969;1999004019;COTAS;211201006.152645000000000;21596653000155
202501;3251;1995001465;COTAS;22794.138655000000000;
202501;2931;1994000211;COTAS;8647962.866050000000000;
202501;1972;2005001783;COTAS;10626654.644828000000000;
202501;1972;2007000229;COTAS;828109.058411000000000;
202501;3251;1995001465;COTAS;27275.065214000000000;
202501;2316;2015001492;TIT_PUB;490354215.580000000000000;
202501;3188;2010005211;COTAS;8195423.814203000000000;
202501;1972;2007000229;OPERACAO_PARTICIPANTE;857319.760000000000000;
202501;3251;1995001465;COTAS;16400303.921241000000000;
202501;3188;2010005211;COTAS;22684114.653466000000000;25244544000120
202501;1972;9970000000;COTAS;19461.528952000000000;
202501;3251;1995001465;VL_PG_RC;352651.080000000000000;
202501;1991;9970000000;VL_PG_RC;-2715.470000000000000;
202501;2931;1994000211;COTAS;14432368.343150000000000;
202501;3188;2012000665;COTAS;1289928.099052000000000;
202501;3188;2012000665;COTAS;8684923.013526000000000;10220247000177
202501;2004;9970000000;VL_PG_RC;-7134.430000000000000;
202501;2931;1994000211;COTAS;1846620.303215000000000;
202501;3438;2020002183;VL_PG_RC;-1116.630000000000000;
202501;3188;2013000456;COTAS;17814849.212437000000000;18270776000197
202501;2018;1980001065;COTAS;2033263.173169000000000;
202501;3188;2013000456;COTAS;2966752.039596000000000;27565843000191
202501;3188;2016000538;COTAS;8001127.500995000000000;10220247000177
202501;2316;2023001447;COTAS;109786.310814000000000;
202501;3438;2021002047;COTAS;627229.755292000000000;
202501;2021;1979001138;COTAS;443849.504317000000000;
202501;3188;2016000538;COTAS;9658428.058482000000000;29298975000120
202501;2021;1991001274;CAIXA;71521.660000000000000;
202501;3472;1984001183;COTAS;202372855.075346000000000;
202501;2021;1991001274;VL_PG_RC;1628522.440000000000000;
202501;3472;1984001183;COTAS;336287069.363872000000000;12081486000119
202501;2316;9970000000;COTAS;181564.645506000000000;
202501;3304;1995002747;COTAS;9079024.650000000000000;
202501;2316;9970000000;COTAS;3796543.370735000000000;
202501;2931;1994000211;COTAS;108748.263303000000000;
202501;3472;1988001374;COTAS;511107402.090679000000000;02498188000175
202501;2021;2013001118;COTAS;7238891.379975000000000;
202501;3188;2017000574;COTAS;14855852.857650000000000;18270776000197
202501;2333;1992001065;VL_PG_RC;-5825.190000000000000;
202501;2991;1985000547;OPERACAO_PARTICIPANTE;1373409.740000000000000;
202501;2395;1994001811;COTAS;53286028.809462000000000;
202501;2395;1994001811;COTAS;9301350.520070000000000;
202501;3472;2023000718;COTAS;11802876.055148000000000;
202501;3188;2017000574;COTAS;2168183.388444000000000;27565843000191
202501;2991;1994002492;CAIXA;27555.770000000000000;
202501;2991;1994002492;COTAS;10572539.832662000000000;
202501;2231;2013001665;VL_PG_RC;-28587.680000000000000;
202501;3188;2017000711;COTAS;22696028.652240000000000;18270776000197
202501;2052;1990000983;CAIXA;12493.200000000000000;
202501;3006;1994002174;ACOES;1.880000000000000;
202501;611;2009002547;COTAS;2576414.283933000000000;40188751000106
202501;3006;1994002174;COTAS;50780.215893000000000;
202501;611;2009002547;VL_PG_RC;-83652.280000000000000;
202501;611;2009002611;COTAS;12916357.387972000000000;
202501;2052;1990000983;COTAS;1988414.220049000000000;
202501;611;2009002611;COTAS;2009866.894722000000000;
202501;2052;1990000983;COTAS;55235.288204000000000;
202501;2395;1994001811;COTAS;17794446.038737000000000;
202501;2395;1994001811;COTAS;47836028.074641000000000;
202501;2052;1990000983;COTAS;1651710.329433000000000;
202501;2395;1994001811;COTAS;2442337.540914000000000;
202501;3006;1994002174;VL_PG_RC;0.000000000000000;
202501;3188;2017000711;COTAS;2821682.347534000000000;27565843000191
202501;2395;1994001811;COTAS;5389006.233741000000000;
202501;3304;1995002747;COTAS;350879.005426000000000;
202501;3023;1979003718;VL_PG_RC;-5267.090000000000000;
202501;3304;1995002747;COTAS;249305.142655000000000;
202501;3023;2001001738;COTAS;50544946.259107000000000;
202501;3304;1995002747;COTAS;2544196.072376000000000;
202501;3188;2019000865;COTAS;9203002.676729000000000;10220241000108
202501;3023;2001001738;COTAS;18007547.949922000000000;
202501;3304;1995002747;COTAS;12975207.268923000000000;
202501;3188;2019000865;COTAS;9137719.598498000000000;34613727000166
202501;3037;1994001119;COTAS;699723.028839000000000;
202501;3304;1995002747;COTAS;7585860.509836000000000;
202501;3188;2019001047;COTAS;16906.681523000000000;
202501;3304;1995002747;COTAS;3110235.173771000000000;
202501;3037;1994001119;COTAS;5102723.685132000000000;
202501;3188;2019001047;COTAS;8683.012176000000000;
202501;2052;1990000983;COTAS;2675381.714478000000000;
202501;2052;1990000983;COTAS;6918880.639530000000000;
202501;3188;2019001047;COTAS;33762.274780000000000;10220241000108
202501;3188;2019001047;COTAS;25444.762063000000000;34613727000166
202501;3188;2021003019;COTAS;872592.721854000000000;
202501;3188;2021003019;COTAS;480650.566302000000000;
202501;3188;2021003019;VL_PG_RC;-13973.660000000000000;
202501;3188;2023000947;COTAS;18797.344867000000000;
202501;3037;1994001119;COTAS;92712761.529851000000000;
202501;3472;2023000718;COTAS;5689298.579902000000000;
202501;2052;1990000983;COTAS;2820804.868669000000000;
202501;2052;1990000983;COTAS;74453.935601000000000;
202501;3099;1994003065;VL_PG_RC;-77962.220000000000000;
202501;3472;2023000718;COTAS;9448146.030554000000000;12081486000119
202501;3486;1996002074;COTAS;6432743.920394000000000;
202501;3188;2023000947;COTAS;512978.214406000000000;10220247000177
202501;3527;1996002619;COTAS;6447388.299810000000000;
202501;3527;2020001365;COTAS;74774307.539309000000000;
202501;2052;2006001011;COTAS;195447.000000000000000;
202501;2231;2014001383;CAIXA;93948.750000000000000;
202501;3201;9970000000;CAIXA;0.140000000000000;
202501;3527;2020001365;COTAS;3577480.726871000000000;
202501;2052;2006001011;COTAS;426804.967720000000000;
202501;3304;1995002747;VL_PG_RC;219121.420000000000000;
202501;2052;2006001011;COTAS;781252.954369000000000;
202501;2066;1974000192;COTAS;50520662.605536000000000;
202501;2231;2014001383;COTAS;437175.897103000000000;
202501;2395;1994001811;TIT_PUB;297481795.310000000000000;
202501;3304;1995002811;COTAS;1670493.675738000000000;
202501;3531;1996003038;COTAS;23902126.899037000000000;
202501;2231;2014001383;COTAS;556390.084214000000000;
202501;3531;1996003038;COTAS;61017495.011982000000000;05584616000170
202501;3251;1995001465;COTAS;49348577.167196000000000;
202501;3099;1994004411;COTAS;4864888.719992000000000;13411833000197
202501;3531;1996003038;COTAS;53962110.366329000000000;41252666000114
202501;3251;1995001465;COTAS;29245243.135323000000000;
202501;2422;1982001356;COTAS;473201.974765000000000;14205056000197
202501;3099;1994004411;OPERACAO_PARTICIPANTE;16994.890000364100000;
202501;3251;1995001465;COTAS;2855306.874350000000000;
202501;2422;1994003383;IMOVEIS;145732.500000000000000;
202501;3251;1995001465;COTAS;1007536.764751000000000;
202501;2231;2018002074;CAIXA;9073.300000000000000;
202501;2422;1994003847;CAIXA;4908.150000000000000;
202501;3251;1995001465;COTAS;2673829.556241000000000;
202501;2422;1994003911;IMOVEIS;1667461.680000000000000;
202501;3304;1995002811;COTAS;1236391.085691000000000;
202501;3251;1995001465;COTAS;305552.272404000000000;
202501;3304;1995002811;COTAS;2296914.245486000000000;
202501;3304;1995002811;COTAS;2241084.336674000000000;
202501;3251;1995001465;COTAS;388131.796658000000000;
202501;3304;1995002811;COTAS;471271.547219000000000;
202501;3251;1995001465;COTAS;1390016.352460000000000;
202501;3251;9970000000;VL_PG_RC;0.000000000000000;
202501;2422;2002002665;COTAS;1009869.684316000000000;14205056000197
202501;3304;1995002747;COTAS;3184606.001733000000000;
202501;3304;1995002747;COTAS;4153382.351478000000000;
202501;3304;1995002811;COTAS;2149411.071164000000000;
202501;3304;1995002811;COTAS;1423860.423383000000000;
202501;3304;1995002747;COTAS;15133.163488000000000;
202501;3304;1995002747;COTAS;1958061.983620000000000;
202501;2258;1981001565;COTAS;3257022.906298000000000;
202501;3304;2011001838;COTAS;1235851.301740000000000;
202501;3321;1995002992;COTAS;4000795.372103000000000;
202501;3321;1995002992;COTAS;3994380.511669000000000;
202501;2258;1981001565;VL_PG_RC;-25037.940000000000000;
202501;3321;9970000000;VL_PG_RC;-1843.490000000000000;
202501;3304;1995002747;COTAS;1018231.683335000000000;
202501;2258;1989000738;VL_PG_RC;-49866.360000000000000;
202501;2258;1990000118;COTAS;6755546.450000000000000;
202501;3349;1995003638;COTAS;8364000.000000000000000;
202501;3349;1995003638;COTAS;2360.000000000000000;
202501;3304;1995002747;COTAS;12643267.267254000000000;
202501;3304;1995002747;COTAS;2559464.660068000000000;
202501;3099;1999004647;OPERACAO_PARTICIPANTE;136001.720000000000000;
202501;3304;1995002811;COTAS;3340743.390000000000000;
202501;3349;1995003638;COTAS;8172523.786185000000000;
202501;3304;1995002811;COTAS;91732.705031000000000;
202501;3349;1995003638;COTAS;5566979.464253000000000;
202501;3304;1995002811;COTAS;765639.111403000000000;
202501;2258;1990000118;COTAS;13748563.274339000000000;
202501;3349;1995003638;COTAS;4594723.344494000000000;
202501;3304;1995002811;COTAS;4554297.646147000000000;
202501;3349;1995003638;COTAS;9965676.807472000000000;
202501;2258;1990000118;COTAS;1353965.710183000000000;
202501;3304;1995002811;COTAS;27664.083538000000000;
202501;3304;1995002811;COTAS;1180069.310009000000000;
202501;2066;1974000192;COTAS;6803515.867491000000000;
202501;2258;1990000118;COTAS;136651.952669000000000;
202501;3349;1995003638;COTAS;10718284.306468000000000;
202501;3558;1996003992;COTAS;1398824.050068000000000;
202501;2258;1990000118;COTAS;38064842.894423000000000;04052631000105
202501;2258;1990000118;COTAS;60965630.102844000000000;50625158000125
202501;2258;1992000565;COTAS;22165656.122275000000000;50620290000144
202501;2066;1974000192;COTAS;235122.181819000000000;
202501;3558;9970000000;VL_PG_RC;-26.760000000000000;
202501;3304;1995002811;COTAS;4231703.769826000000000;
202501;3304;1995002811;COTAS;2067904.435853000000000;
202501;3099;1999004892;COTAS;28033393.152661000000000;
202501;3349;1995003638;COTAS;21528983.724650000000000;
202501;3304;1995002811;COTAS;77716.551179000000000;
202501;2422;2002002819;ACOES;2276.540000000000000;
202501;3304;1995002811;COTAS;1427349.299531000000000;
202501;2422;2002003238;CAIXA;85087.640000000000000;
202501;3304;1995002811;COTAS;1829394.604383000000000;
202501;3304;2011001838;CAIXA;4152.020000000000000;
202501;2422;2002003483;OPERACAO_PARTICIPANTE;14534.951620167500000;
202501;3349;1995003638;COTAS;6971358.236580000000000;
202501;3304;2011001838;COTAS;770642.520155000000000;
202501;2484;2004001992;COTAS;42852124.573554000000000;42865470000168
202501;2484;2005000183;COTAS;11007406.607850000000000;42865470000168
202501;3349;1995003638;COTAS;13436015.940074000000000;
202501;2484;9970000000;COTAS;5482398.676506000000000;18138920000136
202501;3304;2011001838;COTAS;393518.619794000000000;
202501;2511;1992001529;COTAS;1843588713.906610000000000;05211523000109
202501;3304;2011001838;COTAS;511553.612878000000000;
202501;2511;9970000000;COTAS;10774942.813934000000000;06095361000145
202501;2511;9970000000;VL_PG_RC;-2766.040000000000000;
202501;2525;1974000265;COTAS;36500755.770285000000000;05194813000183
202501;2525;1974000265;OPERACAO_PARTICIPANTE;31661269.418956456700000;
202501;3321;1995002992;CAIXA;3006.000000000000000;
202501;3321;1995002992;COTAS;406286.278749000000000;
202501;2525;1979004511;VL_PG_RC;-1972592.310000000000000;
202501;3321;1995002992;COTAS;11176840.657254000000000;
202501;3592;4018490038;VL_PG_RC;-64.450000000000000;
202501;2525;2009003756;COTAS;2970088.000000000000000;
202501;3321;1995002992;COTAS;935707.499770000000000;
202501;2525;2009003756;COTAS;20055366.583717000000000;45494526000103
202501;2066;1974000192;COTAS;433066.214353000000000;
202501;2525;2009003756;TIT_PUB;251332660.960000000000000;
202501;3321;1995002992;COTAS;4016538.362038000000000;
202501;2525;2020002256;COTAS;74244.430282000000000;
202501;3321;1995002992;COTAS;11674363.882427000000000;
202501;2556;1993000119;COTAS;4487842.530783000000000;
202501;3349;1995003638;TIT_PRIV;9455895.930000000000000;
202501;3407;1995003247;COTAS;281296.439571000000000;
202501;3602;1979000638;COTAS;32923232.453018000000000;
202501;3407;1995003247;COTAS;4449396.884790000000000;
202501;3321;1995002992;COTAS;3434920.944745000000000;
202501;2556;1993000119;COTAS;72329.176764000000000;
202501;2556;1993000119;COTAS;2146667.075922000000000;
202501;2066;1974000192;COTAS;37147548.206094000000000;
202501;3099;1999005392;COTAS;2729894.610000000000000;
202501;2066;1974000192;COTAS;11561378.800720000000000;
202501;3099;1999005392;OPERACAO_PARTICIPANTE;1698514.700065917000000;
202501;3349;1995003638;COTAS;8855362.046450000000000;
202501;3126;1993001492;COTAS;125323.885495000000000;
202501;3407;1995003247;VL_PG_RC;-4057570.820000000000000;
202501;3438;2000003011;VL_PG_RC;-274732.070000000000000;
202501;3602;1979000638;IMOVEIS;328823000.000000000000000;
202501;3438;2000005111;COTAS;32742507.978565000000000;20030716000149
202501;3438;2002002118;COTAS;7504547.554769000000000;20030716000149
202501;3602;2009000511;OPERACAO_PARTICIPANTE;5202627.639769917500000;
202501;3602;2011001692;COTAS;8021067.591130000000000;
202501;3602;2011001692;COTAS;12085750.827731000000000;
202501;3349;1995003638;COTAS;9975490.593342000000000;
202501;3602;2011001692;COTAS;24127752.169896000000000;50927335000128
202501;3438;2002002118;VL_PG_RC;-1526343.140000000000000;
202501;3349;9970000000;CAIXA;4500.000000000000000;
202501;3602;2011001692;TIT_PRIV;5456704.370000000000000;
202501;3407;1995003247;COTAS;3987893.176050000000000;
202501;3438;2005002992;COTAS;49646844.538192000000000;
202501;3438;2005006556;OPERACAO_PARTICIPANTE;2516452.490000000000000;
202501;3438;2006000438;COTAS;12037624.640000000000000;51779306000129
202501;3407;1995003247;COTAS;5962792.345382000000000;
202501;3438;2006002147;COTAS;51058770.655314000000000;08661367000168
202501;3438;2006002465;OPERACAO_PARTICIPANTE;1886765.520000000000000;
202501;3407;1995003247;COTAS;8760.287848000000000;
202501;3438;2007001111;COTAS;86751550.420000000000000;58617334000199
202501;3438;2007001438;CAIXA;255052.100000000000000;
202501;3438;2007003856;CAIXA;104367.570000000000000;
202501;3407;1995003247;COTAS;25485596.813706000000000;
202501;3438;2007003856;COTAS;585150.904908000000000;
202501;3407;1995003247;COTAS;138657.895388000000000;
202501;3438;2008003256;COTAS;12237856.951785000000000;
202501;3438;2016002018;COTAS;19656496.053003000000000;
202501;3407;9970000000;COTAS;7949.553218000000000;
202501;3407;9970000000;COTAS;13128.298662000000000;
202501;3407;9970000000;VL_PG_RC;-2637.150000000000000;
202501;3438;2016002018;COTAS;15995435.309192000000000;
202501;3438;1988000556;VL_PG_RC;-188794.030000000000000;
202501;3438;2021002438;COTAS;10569888.992062000000000;
202501;3438;2021002438;COTAS;5925631.968212000000000;
202501;2258;1992000719;COTAS;2573963.064680000000000;
202501;2066;1974000192;COTAS;915927.895797000000000;
202501;3602;2011001692;TIT_PUB;177998060.990000000000000;
202501;3438;2021002438;OPERACAO_PARTICIPANTE;15095009.210000000000000;
202501;3602;2020002965;COTAS;114787.712550000000000;50927335000128
202501;3602;9970000000;COTAS;986087.343848000000000;21321600000121
202501;3647;1997001829;COTAS;837734.435060000000000;
202501;3438;2021002918;VL_PG_RC;-277513.100000000000000;
202501;2258;1992000719;COTAS;320591.332946000000000;
202501;3647;1997001829;COTAS;2033314.911725000000000;
202501;3438;9970000000;VL_PG_RC;-3353838.140000000000000;
202501;3438;2000005111;COTAS;2096913.347991000000000;17706099000144
202501;3472;1984001183;COTAS;273249126.378471000000000;20519416000128
202501;3438;2002000956;COTAS;213490343.680000000000000;04803035000110
202501;2071;1986000583;OPERACAO_PARTICIPANTE;1227246.440000000000000;
202501;3438;2002000956;VL_PG_RC;-170885.880000000000000;
202501;2556;1998007618;COTAS;283270.716584000000000;
202501;2258;1993000992;CAIXA;14315.820000000000000;
202501;2258;1993002847;COTAS;15799183.855432000000000;50634860000155
202501;3438;2002002029;COTAS;65152.010364000000000;
202501;2258;1993003811;CAIXA;5738.170000000000000;
202501;3472;2023000718;COTAS;42861025.639948000000000;07420547000195
202501;3438;2002002029;COTAS;2506722.406666000000000;20030716000149
202501;3472;2023000718;COTAS;11717357.893755000000000;07504907000137
202501;3438;2002002118;COTAS;28074.697619000000000;
202501;3678;1999002083;CAIXA;971.020000000000000;
202501;2556;1998007618;COTAS;22793.400030000000000;
202501;3472;2023000718;COTAS;16442757.605830000000000;20519416000128
202501;3438;2005002992;COTAS;1806515.105553000000000;
202501;3678;2010001818;COTAS;1768203.301880000000000;03322908000100
202501;2556;1998007618;COTAS;3934176.037557000000000;
202501;3438;2006000438;COTAS;112789433.886670000000000;04587998000123
202501;3811;1998004783;COTAS;87630828.042442000000000;
202501;2556;1998007618;COTAS;914765.628661000000000;
202501;3438;2006000438;OPERACAO_PARTICIPANTE;471720.050000000000000;
202501;3811;1998004783;COTAS;2137524.819430000000000;
202501;2556;1998007618;COTAS;10637490.983583000000000;
202501;3438;2006002147;VL_PG_RC;-210.680000000000000;
202501;2556;2018001574;VL_PG_RC;-165.520000000000000;
202501;3438;2006002465;CAIXA;409468.840000000000000;
202501;3438;2006002856;OPERACAO_PARTICIPANTE;294645.590000000000000;
202501;2071;9970000000;COTAS;318324.457368000000000;
202501;3811;9970000000;CAIXA;5157.680000000000000;
202501;3126;1993002219;COTAS;2409874.698369000000000;
202501;3126;1993002219;COTAS;4363650.700101000000000;
202501;2258;1994001356;VL_PG_RC;-31831.670000000000000;
202501;3825;1981000674;CAIXA;1000.000000000000000;
202501;3472;9970000000;VL_PG_RC;2.260000000000000;
202501;2258;1994001429;VL_PG_RC;-30731.240000000000000;
202501;2258;1994001747;COTAS;50949683.619993000000000;50620290000144
202501;3126;1993002219;VL_PG_RC;398027.900000000000000;
202501;2258;1995000183;COTAS;82105153.552926000000000;51059511000110
202501;3486;1996002074;COTAS;18415402.688904000000000;
202501;2258;1995000183;COTAS;6936453.005204000000000;51059844000149
202501;3126;1994002956;COTAS;14720481.536132000000000;
202501;3825;1981000674;OPERACAO_PARTICIPANTE;144418.620000000000000;
202501;3126;1995000711;COTAS;10406670.935875000000000;
202501;3486;9970000000;VL_PG_RC;-3874.940000000000000;
202501;3126;1995001147;COTAS;2364673.643353000000000;
202501;2258;1995003719;COTAS;10148146.042405000000000;50634860000155
202501;3527;1996002619;COTAS;123304272.785257000000000;
202501;2083;1973000156;COTAS;0.000000000000000;
202501;3126;1995001147;COTAS;6442058.305139000000000;
202501;3126;1995002674;CAIXA;6000.010000000000000;
202501;2258;1996000829;COTAS;83742643.687210000000000;04052631000105
202501;3825;1988002192;CAIXA;170492.790000000000000;
202501;3438;2007003856;COTAS;6529102.795883000000000;
202501;3438;2008003256;COTAS;11730783.914667000000000;
202501;2561;1999000447;COTAS;163227.438649000000000;
202501;2083;1973000156;COTAS;81708382.006020000000000;00856171000117
202501;3825;1988002265;COTAS;57571245.001373000000000;
202501;3438;2009003519;COTAS;57514680.528282000000000;
202501;2561;1999000447;COTAS;44965712.355041000000000;
202501;2083;1973000156;COTAS;150948346.926955000000000;03256787000145
202501;2561;2014000174;VL_PG_RC;-12297.100000000000000;
202501;2083;1995002356;TIT_PRIV;482221.600000000000000;
202501;3126;1995002674;COTAS;2471891.370479000000000;
202501;3825;1988002265;TIT_PUB;5099570.550000000000000;
202501;3438;2012000347;VL_PG_RC;0.000000000000000;
202501;2561;2014001219;COTAS;99480609.457189000000000;
202501;2561;9970000000;CAIXA;21727.700000000000000;
202501;3825;1988003318;CAIXA;1000.000000000000000;
202501;2083;1999005211;COTAS;70698824.571528000000000;11308040000111
202501;2083;2000008283;COTAS;47641668.384209000000000;35600762000103
202501;3527;1996002619;COTAS;220269014.094861000000000;
202501;3825;1989001092;COTAS;67773805.213026000000000;
202501;3825;1989001874;CAIXA;15182.760000000000000;
202501;3438;2016002018;CAIXA;0.000000000000000;
202501;3438;2021002047;VL_PG_RC;0.000000000000000;
202501;3825;1995001929;CAIXA;3000.000000000000000;
202501;3438;2021002438;CAIXA;11921396.740000000000000;
202501;3438;2021002918;COTAS;6957630.900925000000000;
202501;3825;1996001574;OPERACAO_PARTICIPANTE;550642.790000000000000;
202501;3527;1996002619;COTAS;45054599.116861000000000;
202501;3438;2021002918;COTAS;67755.469433000000000;
202501;2659;2000002447;COTAS;21841682.806494000000000;
202501;3472;1984001183;COTAS;103322332.725369000000000;17133677000109
202501;3527;1996002619;COTAS;11650839.512227000000000;
202501;3126;1997000938;COTAS;21101150.060276000000000;
202501;3527;2020001756;COTAS;69779148.841195000000000;
202501;3825;1997000229;COTAS;28315259.786362000000000;
202501;3825;1997002574;COTAS;23273725.528168000000000;
202501;3126;1997000938;COTAS;16695108.292203000000000;
202501;2258;1996000829;COTAS;288551182.637041000000000;51059511000110
202501;3472;1984001183;VL_PG_RC;-199999.680000000000000;
202501;2659;2000002447;COTAS;20470249.156107000000000;
202501;3527;2020001756;COTAS;3889408.193167000000000;
202501;3472;2023000718;COTAS;6700198.318217000000000;17133677000109
202501;3126;1997001918;COTAS;77377782.705027000000000;
202501;3527;9970000000;COTAS;2376060.889407000000000;
202501;3472;2023000718;VL_PG_RC;0.000000000000000;
202501;2659;2000002447;OPERACAO_PARTICIPANTE;34388222.478360634900000;
202501;2693;1993000811;COTAS;191949728.188419000000000;
202501;3527;9970000000;COTAS;2357999.672523000000000;
202501;2258;1996002147;COTAS;8429799.449361000000000;51059284000122
202501;2258;1996002465;CAIXA;0.000000000000000;
202501;3486;1996002074;COTAS;23715301.754761000000000;
202501;2258;2000006019;CAIXA;0.000000000000000;
202501;3592;2006005911;VL_PG_RC;-423417.070000000000000;
202501;2258;2001000618;TIT_PUB;5170301.720000000000000;
202501;3602;1979000638;CAIXA;12396.820000000000000;
202501;3602;1979000638;COTAS;1875928.149522000000000;
202501;3126;1997001918;COTAS;6793205.918839000000000;
202501;2258;2005005347;VL_PG_RC;-6251.260000000000000;
202501;3126;2001000774;COTAS;2240592.769981000000000;
202501;2258;2005005411;VL_PG_RC;-26678.210000000000000;
202501;3126;2001000774;COTAS;21729109.618456000000000;
202501;3126;2001000774;VL_PG_RC;6740.030000000000000;
202501;3126;2001001983;CAIXA;4000.000000000000000;
202501;2258;2006000683;VL_PG_RC;-116359.920000000000000;
202501;3486;1996002074;TIT_PUB;363827285.350000000000000;
202501;3126;2001001983;COTAS;2704028.697924000000000;
202501;2258;2006001647;COTAS;20635163.709507000000000;22282955000111
202501;3527;2020001365;COTAS;2002584.085859000000000;
202501;3602;1979000638;COTAS;5830104.282379000000000;
202501;611;2009002865;COTAS;1220641.366301000000000;
202501;2083;2000008283;TIT_PUB;308772597.230000000000000;
202501;611;2009002865;COTAS;6648056973.376306000000000;
202501;3602;1979000638;COTAS;29820008.291383000000000;
202501;2083;2011002265;COTAS;10752346.654044000000000;09296055000165
202501;3527;2020001365;COTAS;81228363.887020000000000;
202501;3602;1979000638;COTAS;30433047.932644000000000;03162048000194
202501;3602;1979000638;COTAS;28684542.770810000000000;03833841000178
202501;2083;2011002265;OPERACAO_PARTICIPANTE;1857978.850062089400000;
202501;3825;1997002574;VL_PG_RC;0.000000000000000;
202501;611;2009002865;COTAS;532171654.720185000000000;
202501;3527;2020001756;COTAS;1799544.771096000000000;
202501;611;9970000000;COTAS;33431495.807337000000000;
202501;655;1970000147;COTAS;63025.385534000000000;
202501;3531;1996003038;COTAS;17923209.383279000000000;
202501;655;1970000147;COTAS;151105.093331000000000;
202501;3558;9970000000;COTAS;1592777.490104000000000;
202501;2083;2011002265;TIT_PUB;1504564.860000000000000;
202501;655;1970000147;COTAS;28881797.302079000000000;18330535000196
202501;3575;1996004247;COTAS;90319915.298423000000000;19599719000119
202501;3825;1998001083;COTAS;508345.748387000000000;
202501;3602;1979000638;OPERACAO_PARTICIPANTE;20314189.949747733000000;
202501;3602;2009000511;COTAS;2283012.016132000000000;
202501;2083;2012000274;COTAS;5447700.087278000000000;03573959000104
202501;2083;2012000274;COTAS;1533401.911301000000000;35600762000103
202501;2083;2012000274;VL_PG_RC;-16402.050000000000000;
202501;3602;2009000511;TIT_PRIV;4313681.350000000000000;
202501;2083;2020000229;COTAS;37607891.029125000000000;32760026000124
202501;3575;9970000000;VL_PG_RC;0.000000000000000;
202501;3592;2006005911;CAIXA;14089.990000000000000;
202501;3825;1998001156;TIT_PUB;16273025.070000000000000;
202501;3592;4018490038;CAIXA;593721.290000000000000;
202501;3602;1979000638;ACOES;156650312.500000000000000;
202501;3825;1998004619;CAIXA;1000.000000000000000;
202501;3825;2005003011;VL_PG_RC;0.000000000000000;
202501;2083;2020000229;TIT_PRIV;370992.140000000000000;
202501;3602;1979000638;COTAS;32560481.500430000000000;22014343000148
202501;2083;2020000229;VL_PG_RC;-51263.220000000000000;
202501;3825;2007003619;COTAS;388870419.951561000000000;
202501;3602;1979000638;COTAS;68605777.284928000000000;50927335000128
202501;3126;2001001983;COTAS;3600315.608226000000000;
202501;2138;1981001311;VL_PG_RC;-78439.240000000000000;
202501;3825;2007003619;VL_PG_RC;0.000000000000000;
202501;3825;2017000418;COTAS;27127000.972703000000000;
202501;2693;2021001938;COTAS;5034398.902616000000000;
202501;3825;2017000418;COTAS;33763423.634797000000000;
202501;3126;2005005811;COTAS;6381713.682399000000000;
202501;3126;2005005811;COTAS;53255.890228000000000;
202501;2141;1980001219;VL_PG_RC;314072.400000000000000;
202501;3602;2009000511;TIT_PUB;153357852.270000000000000;
202501;3602;1979000638;VL_PG_RC;2406917.760000000000000;
202501;3126;2005005811;COTAS;24203475.883754000000000;
202501;3602;2011001692;COTAS;1140724.601761000000000;
202501;3602;2009000511;CAIXA;7867.580000000000000;
202501;3602;2020002965;COTAS;95549.575419000000000;
202501;3602;2009000511;COTAS;1140724.601761000000000;
202501;3602;2020002965;COTAS;2205.115287000000000;49590183000131
202501;3602;2009000511;COTAS;3146632.957892000000000;
202501;2169;1972000111;COTAS;24651588.424448000000000;
202501;2693;2021001938;COTAS;1769979.854341000000000;40921948000102
202501;3126;2005005811;COTAS;88665.683676000000000;
202501;3825;2017000418;COTAS;17420585.585982000000000;
202501;3602;9970000000;COTAS;168872.535520000000000;
202501;3602;9970000000;COTAS;473584.003119000000000;22014343000148
202501;3602;2011001692;COTAS;29781367.127918000000000;21321600000121
202501;3602;9970000000;VL_PG_RC;0.010000000000000;
202501;3602;2020002965;COTAS;14812.950031000000000;
202501;3647;1997001829;VL_PG_RC;0.000000000000000;
202501;3647;9970000000;VL_PG_RC;0.000000000000000;
202501;3602;9970000000;CAIXA;238496.100000000000000;
202501;3678;1989000819;VL_PG_RC;-2888.380000000000000;
202501;3678;9970000000;CAIXA;5858.500000000000000;
202501;3825;2020003211;CAIXA;19130.070000000000000;
202501;2721;2004002018;COTAS;3657506.501782000000000;
202501;3811;1998004783;COTAS;11584958.737644000000000;
202501;2258;2006001647;TIT_PUB;43629051.440000000000000;
202501;3811;1998004783;COTAS;202591723.770614000000000;31943998000191
202501;3839;1998004929;CAIXA;5112.730000000000000;
202501;3126;2006001183;COTAS;4877476.547262000000000;
202501;3825;1981000674;COTAS;1181266.445650000000000;
202501;3839;2009001583;CAIXA;3036.170000000000000;
202501;3825;1988002265;CAIXA;2000.000000000000000;
202501;2721;2004002018;COTAS;3975942.738597000000000;
202501;3839;2009001583;COTAS;59253.412956000000000;
202501;3126;2006001183;VL_PG_RC;1394098.370000000000000;
202501;2258;2006003283;COTAS;27128660.190426000000000;50620290000144
202501;2721;2004002018;COTAS;282110303.863823000000000;13914334000112
202501;3839;2009001583;COTAS;11260.566469000000000;
202501;3602;9970000000;COTAS;254423.575571000000000;
202501;3647;1997001829;COTAS;2068255.030955000000000;
202501;3126;2006003747;COTAS;149589.676580000000000;
202501;3839;9970000000;CAIXA;18128.420000000000000;
202501;2258;2006006111;COTAS;2891479.314262000000000;50620435000107
202501;2258;2007002256;COTAS;9477728.539865000000000;50620290000144
202501;3887;1999004965;COTAS;635557.500000000000000;
202501;2169;1999000374;COTAS;61745741.694391000000000;
202501;2169;1999000374;VL_PG_RC;135191.990000000000000;
202501;2172;1988003229;OPERACAO_PARTICIPANTE;207833.640000000000000;
202501;2258;2007002256;COTAS;3098975.654981000000000;50620819000120
202501;655;1970000147;COTAS;84013805.122561000000000;36615983000118
202501;2258;2007002418;COTAS;2296628.151742000000000;50634601000124
202501;3825;1988002265;COTAS;2856799.677620000000000;
202501;3678;1990001319;VL_PG_RC;-3388.270000000000000;
202501;3811;1998004783;COTAS;16518454.829811000000000;
202501;655;1970000147;OPERACAO_PARTICIPANTE;175178825.341886882100000;
202501;3887;1999004965;COTAS;715555.698176000000000;
202501;2172;2005005592;CAIXA;16228.930000000000000;
202501;3825;1988002265;OPERACAO_PARTICIPANTE;22352.120000000000000;
202501;3887;1999004965;COTAS;10392235.020784000000000;
202501;3811;1998004783;COTAS;171004610.117738000000000;
202501;3825;1988003318;TIT_PUB;14522615.970000000000000;
202501;3126;2006003992;COTAS;6293940.463189000000000;
202501;2213;1991002483;COTAS;94036161.780420000000000;
202501;655;1999003111;COTAS;1563381.343581000000000;34081202000127
202501;2213;1991002483;OPERACAO_PARTICIPANTE;4127036.489943887600000;
202501;3126;2006004011;CAIXA;69565.410000000000000;
202501;3887;1999004965;COTAS;1341225.379571000000000;
202501;2258;2007002418;COTAS;69585386.324948000000000;50634860000155
202501;3126;2006004011;COTAS;7953360.859048000000000;
202501;3126;2006004711;COTAS;331251.577019000000000;
202501;3887;1999004965;COTAS;77337.560094000000000;
202501;3811;1998004783;VL_PG_RC;-140770.890000000000000;
202501;3126;2007002019;COTAS;1452636.845721000000000;
202501;655;1999003111;COTAS;2219595.453061000000000;36615983000118
202501;2231;1979003483;COTAS;63455859.256063000000000;
202501;2796;1993002529;CAIXA;5579.130000000000000;
202501;3887;1999004965;COTAS;1518123.867757000000000;
202501;2231;1982002638;COTAS;3061603.781796000000000;
202501;3825;1989001092;COTAS;369555.791906000000000;
202501;3825;1989001874;COTAS;228709299.726025000000000;
202501;3126;2007002019;COTAS;1823171.354749000000000;
202501;3825;1988002192;COTAS;1967762.118456000000000;
202501;2796;1993002529;COTAS;36748588.778168000000000;21624743000102
202501;3126;2007002019;COTAS;1172314.385308000000000;
202501;3825;1989001874;COTAS;29630841.353595000000000;
202501;3825;1989001092;COTAS;11089383.628376000000000;
202501;3126;2007002019;COTAS;373074.407510000000000;
202501;2796;2015001174;COTAS;42521654.091472000000000;14298820000116
202501;3126;2008000192;COTAS;1550468.669869000000000;
202501;3825;1989001092;VL_PG_RC;0.000000000000000;
202501;2811;1993002774;ACOES;8475697.080000000000000;
202501;3126;2008000192;COTAS;19926557.339694000000000;
202501;3825;1989001874;COTAS;23200649.289533000000000;
202501;3825;1989001874;COTAS;5058519.966728000000000;
202501;655;2000005918;COTAS;38701.253445000000000;41756323000197
202501;3126;2008000192;COTAS;14364571.416055000000000;
202501;655;2002001911;COTAS;30510.411562000000000;41128068000138
202501;3825;1989001874;TIT_PUB;90363446.450000000000000;
202501;655;2003002383;COTAS;28734855.088589000000000;
202501;3825;1993001956;CAIXA;5630.010000000000000;
202501;655;2003002383;COTAS;17258.029949000000000;11097650000113
202501;3825;1993001956;COTAS;20795525.817016000000000;
202501;655;2003002383;COTAS;205927.849717000000000;20815620000196
202501;3825;1997000229;CAIXA;1888.580000000000000;
202501;655;2003002456;COTAS;-218004.263061000000000;
202501;3825;1997000229;COTAS;14995810.547926000000000;
202501;655;2003002456;OPERACAO_PARTICIPANTE;24165229.771752569100000;
202501;3126;2008000192;COTAS;25680774.874976000000000;
202501;655;2003002618;COTAS;0.000009000000000;
202501;3825;1997000229;COTAS;27209545.419459000000000;
202501;655;2003002618;IMOVEIS;8640387.380000000000000;
202501;3825;1999005074;COTAS;30138326.969635000000000;
202501;655;2003002618;TIT_PRIV;808093.370000000000000;
202501;655;2004002638;COTAS;30365458.675872000000000;
202501;655;2004002638;COTAS;20995461.732392000000000;19587206000198
202501;655;2004002638;COTAS;986031.270700000000000;36617506000191
202501;3126;2008000192;COTAS;2214455.069729000000000;
202501;2258;2007003211;VL_PG_RC;-56141.440000000000000;
202501;3825;1993001638;CAIXA;2000.000000000000000;
202501;3825;1993001638;COTAS;42834846.748585000000000;
202501;3825;2001001118;VL_PG_RC;0.000000000000000;
202501;2258;2007003465;CAIXA;0.210000000000000;
202501;2258;2007003465;COTAS;50677839.822047000000000;50620572000141
202501;2811;1993002774;COTAS;14671497.769854000000000;
202501;3887;1999004965;COTAS;6837896.183340000000000;
202501;3825;1993001956;COTAS;1108396.891733000000000;
202501;3887;1999004965;COTAS;5636850.503874000000000;
202501;3887;1999004965;COTAS;1856249.640081000000000;
202501;3825;2005004774;VL_PG_RC;0.000000000000000;
202501;3126;2008000192;VL_PG_RC;694765.950000000000000;
202501;3825;1993001956;VL_PG_RC;0.000000000000000;
202501;3887;1999004965;COTAS;2277795.000000000000000;
202501;3928;1999001265;CAIXA;11000.010000000000000;
202501;3825;2007003619;COTAS;8940507.436693000000000;
202501;3126;2008001229;COTAS;46140246.034394000000000;
202501;3945;1999002318;COTAS;1372808.560392000000000;
202501;3825;2010005856;COTAS;28490040.268409000000000;
202501;3126;2008001229;COTAS;4266152.828900000000000;
202501;3825;1994000783;TIT_PUB;20710106.460000000000000;
202501;3825;2012000592;COTAS;46603616.773667000000000;
202501;3825;2012002056;VL_PG_RC;0.000000000000000;
202501;3825;1995001929;TIT_PUB;26546938.600000000000000;
202501;3825;1997000229;COTAS;124237070.196110000000000;
202501;3945;1999002318;COTAS;21873065.902257000000000;
202501;3825;1997000229;COTAS;55323020.702385000000000;
202501;3825;2017000418;CAIXA;4000.000000000000000;
202501;3825;1997003783;CAIXA;2000.000000000000000;
202501;3825;2020003211;COTAS;7432189.891095000000000;31032406000180
202501;3945;1999002318;COTAS;3842183.055966000000000;
202501;3825;1998001156;COTAS;103674169.338624000000000;
202501;3839;1998004929;COTAS;5067675.809978000000000;
202501;4011;2000002056;COTAS;682395.000000000000000;
202501;2258;2008000338;CAIXA;49.630000000000000;
202501;3825;1999005074;VL_PG_RC;0.000000000000000;
202501;2258;2008000729;VL_PG_RC;0.000000000000000;
202501;4011;2000002129;COTAS;1347362.327162000000000;
202501;2231;1982002719;COTAS;108729.314703000000000;
202501;3825;2005004774;CAIXA;1000.000000000000000;
202501;2811;1993002774;COTAS;22585351.767148000000000;
202501;3825;2007003619;COTAS;20548933.744504000000000;
202501;3839;9970000000;COTAS;3012683.319578000000000;
202501;655;2004002638;TIT_PRIV;168851.770000000000000;
202501;2231;1982002883;CAIXA;13214.800000000000000;
202501;655;2007001519;COTAS;186934.176758000000000;
202501;3861;1993001719;COTAS;19158444.863564000000000;
202501;4011;2000002129;TIT_PUB;18051441.700000000000000;
202501;4011;2014001456;TIT_PRIV;2352050.430000000000000;
202501;3825;2009002318;COTAS;40360449.224474000000000;
202501;3861;1993001719;COTAS;29538366.768287000000000;
202501;4039;9970000000;COTAS;2869642.020053000000000;
202501;3887;1999004965;CAIXA;0.320000000000000;
202501;3825;2009003829;CAIXA;1000.000000000000000;
202501;3887;1999004965;COTAS;4610979.000015000000000;
202501;4042;2000004792;COTAS;6383389.909913000000000;
202501;3887;1999004965;COTAS;7193258.160173000000000;
202501;3825;2012002056;CAIXA;520732.070000000000000;
202501;4042;2000004792;COTAS;21935035.760020000000000;
202501;3887;1999004965;COTAS;801768.137746000000000;
202501;4042;2000004792;COTAS;4743887.961375000000000;
202501;4042;2000004792;COTAS;47724354.784815000000000;
202501;3126;2009000447;COTAS;550297.804115000000000;
202501;4042;2000004792;VL_PG_RC;-24368.200000000000000;
202501;3825;2015000119;CAIXA;2000.000000000000000;
202501;4091;1974000338;COTAS;931258.952311000000000;
202501;3825;2017000418;COTAS;8761858.028274000000000;31032406000180
202501;3126;2010000129;COTAS;1193222.798914000000000;
202501;3126;2010002792;COTAS;1411224.623900000000000;
202501;3887;1999004965;COTAS;3030593.406758000000000;
202501;3887;1999004965;COTAS;1569154.979236000000000;
202501;3887;1999004965;COTAS;3534818.349343000000000;
202501;3887;1999004965;COTAS;5795067.179744000000000;
202501;3825;9970000000;CAIXA;0.000000000000000;
202501;3887;1999004965;COTAS;1587529.035257000000000;
202501;3825;9970000000;COTAS;4552303.486575000000000;
202501;4091;1974000338;TIT_PUB;875716387.400000000000000;
202501;3887;1999004965;COTAS;565958.373101000000000;
202501;3839;1998004929;COTAS;60237146.941221000000000;
202501;4091;2002001529;COTAS;27609.355506000000000;
202501;3887;9970000000;COTAS;18324.539987000000000;
202501;3839;1998004929;COTAS;928272.198511000000000;
202501;3126;2010002792;COTAS;313896.009552000000000;
202501;3861;1993001719;VL_PG_RC;-981.070000000000000;
202501;4091;2002001529;VL_PG_RC;-578.380000000000000;
202501;4091;2004002492;COTAS;1015242.000000000000000;
202501;2258;2008001792;COTAS;95978255.570968000000000;50620435000107
202501;3126;2012001483;COTAS;1665898.581390000000000;
202501;655;2007001519;COTAS;980064.054129000000000;11965107000190
202501;3887;1999004965;COTAS;599677.252800000000000;
202501;4101;2002001847;CAIXA;60597.100000000000000;
202501;2231;1982002883;COTAS;431257.899476000000000;
202501;3126;2012001483;COTAS;4053160.920656000000000;
202501;3126;2012001483;COTAS;2549084.433354000000000;
202501;3887;1999004965;COTAS;4522175.180000000000000;
202501;3126;2012001483;COTAS;4908524.594785000000000;
202501;655;2007001519;COTAS;56879587.823574000000000;41128068000138
202501;2811;1993002774;COTAS;204750328.796806000000000;54864529000182
202501;2811;9970000000;COTAS;233793.939049000000000;
202501;3887;1999004965;COTAS;5404581.621189000000000;
202501;3887;1999004965;COTAS;2214788.993775000000000;
202501;2258;2009001656;COTAS;1462728.204100000000000;50625158000125
202501;3928;1999001265;COTAS;1895392.364239000000000;
202501;2258;2010001338;CAIXA;21.080000000000000;
202501;3887;9970000000;VL_PG_RC;-336.520000000000000;
202501;2258;2010005783;COTAS;1260390.208960000000000;50634601000124
202501;3126;2012001483;COTAS;400784.832956000000000;
202501;2258;2012001092;CAIXA;40656.390000000000000;
202501;2258;2012001092;COTAS;54869057.993196000000000;50625158000125
202501;3928;1999001265;COTAS;279618047.703263000000000;
202501;3126;2021001156;COTAS;4016375.632616000000000;
202501;3928;1999001265;COTAS;21239669.058582000000000;
202501;3928;1999001265;COTAS;18085909.802562000000000;
202501;4101;9970000000;CAIXA;184564.450000000000000;
202501;3945;1999002318;COTAS;39275723.939810000000000;
202501;3928;1999001265;VL_PG_RC;-66741.350000000000000;
202501;3126;2021001156;COTAS;395378.619898000000000;
202501;3945;1999002318;COTAS;14594232.090408000000000;
202501;3126;2021001156;COTAS;401700.927832000000000;
202501;3945;1999002318;COTAS;83960402.674073000000000;
202501;3945;1999002318;COTAS;1391354.625429000000000;
202501;3126;2021001156;COTAS;344351.953228000000000;
202501;4128;1995003565;CAIXA;653623.260000000000000;
202501;4131;1981000811;CAIXA;718575.810000000000000;
202501;4131;1981000811;COTAS;3453276.344382000000000;
202501;3945;1999002318;COTAS;22333723.907998000000000;
202501;3945;9970000000;CAIXA;6440.680000000000000;
202501;655;2007001519;COTAS;31630483.200000000000000;49397796000157
202501;4011;2000002056;CAIXA;51217.220000000000000;
202501;2231;1987000511;TIT_PUB;726373.090000000000000;
202501;4011;2014001456;VL_PG_RC;-187.290000000000000;
202501;4042;2000004792;COTAS;10811532.582820000000000;
202501;4042;2000004792;COTAS;794170.980361000000000;
202501;4042;2000004792;COTAS;19386214.500000000000000;51050566000169
202501;655;2008002756;COTAS;7949676.052806000000000;32862087000100
202501;655;2008002756;COTAS;135407.036598000000000;41756323000197
202501;4087;2007000156;CAIXA;2978596.460000000000000;
202501;2811;9970000000;COTAS;87035.074884000000000;
202501;655;2009000692;CAIXA;0.000000000000000;
202501;4091;1974000338;COTAS;26821763.313849000000000;05426951000140
202501;4091;1974000338;OPERACAO_PARTICIPANTE;16583315.890629295300000;
202501;3945;1999002318;COTAS;41422.236253000000000;
202501;4091;2004002492;COTAS;1151840.060000000000000;
202501;655;2010000447;CAIXA;616800.650000000000000;
202501;4091;2004002492;COTAS;3463588.969683000000000;
202501;655;2010000447;COTAS;43158056.594465000000000;
202501;2811;9970000000;VL_PG_RC;-1646.080000000000000;
202501;4131;1981000811;OPERACAO_PARTICIPANTE;5982111.649952905000000;
202501;2823;1994000392;COTAS;543480.541647000000000;
202501;4091;2004002492;COTAS;7799167.233545000000000;
202501;655;2010000447;COTAS;13726385.613125000000000;19587206000198
202501;655;2010000447;COTAS;12961125.420320000000000;32862118000115
202501;655;2010000447;COTAS;18187935.504945000000000;33255042000122
202501;4091;2004002492;TIT_PRIV;6158444.180000000000000;
202501;2823;1994000465;COTAS;410843696.239068000000000;
202501;3945;1999002318;COTAS;127738440.892769000000000;
202501;2823;1994000538;CAIXA;2516928.210000000000000;
202501;655;2010000447;COTAS;8530734.002604000000000;36617506000191
202501;2231;1994001518;TIT_PUB;12394966.440000000000000;
202501;4101;2002001847;COTAS;0.000000000000000;
202501;4131;1987000374;CAIXA;862130.340000000000000;
202501;655;2010000447;VL_PG_RC;0.000000000000000;
202501;2823;1994000538;COTAS;53446020.663048000000000;
202501;4131;1989001165;COTAS;3610738.115284000000000;
202501;655;2010004019;COTAS;2875048.382487000000000;
202501;655;2010004019;COTAS;4496684.614127000000000;19587206000198
202501;2823;1994000538;COTAS;33755362.218803000000000;
202501;4101;2002001847;COTAS;20070060.257578000000000;
202501;2231;2010002474;VL_PG_RC;-474035.940000000000000;
202501;3945;1999002318;COTAS;479937.832037000000000;
202501;4101;2002001847;COTAS;259965621.066541000000000;05615511000131
202501;2231;2011001218;COTAS;811413.130287000000000;
202501;4101;2002001847;COTAS;31202884.614594000000000;31570069000184
202501;655;2010004019;COTAS;4213100.299162000000000;32862118000115
202501;2823;1994000538;COTAS;54239902.175678000000000;
202501;2258;2012001165;COTAS;23451160.973052000000000;50620572000141
202501;2258;2014000719;COTAS;17310294.289433000000000;50620819000120
202501;4101;9970000000;COTAS;3760364.287155000000000;05615511000131
202501;4131;1981000811;COTAS;933051.683912000000000;42495052000126
202501;4131;1989001165;VL_PG_RC;-40642.100000000000000;
202501;4131;1993001018;OPERACAO_PARTICIPANTE;38651.300000000000000;
202501;3945;9970000000;COTAS;182839.291120000000000;
202501;4131;1998006311;COTAS;291309.956388000000000;
202501;4131;2006006665;COTAS;482716.314692000000000;
202501;4011;2000002218;COTAS;1272698.500000000000000;
202501;4131;2006006665;VL_PG_RC;-12561.980000000000000;
202501;655;2010004019;VL_PG_RC;0.000000000000000;
202501;655;2018000292;COTAS;5068936830.909896000000000;
202501;655;2018000292;COTAS;58726297.568584000000000;19587206000198
202501;2231;2011001218;COTAS;303132.743673000000000;
202501;2231;2011001218;COTAS;299017.562146000000000;
202501;4011;2000002218;COTAS;35575.269791000000000;
202501;2231;2011001218;COTAS;4750108.648425000000000;44703472000186
202501;2258;2014001618;VL_PG_RC;-4710.130000000000000;
202501;2258;2015000518;COTAS;19194732.790126000000000;04052631000105
202501;4131;2008004211;CAIXA;213799.690000000000000;
202501;4039;2000004229;COTAS;114545668.971032000000000;
202501;4131;2008004538;COTAS;325763.081150000000000;
202501;3126;2021001229;COTAS;516932.207433000000000;
202501;2258;2015000811;CAIXA;0.000000000000000;
202501;2258;2015000811;COTAS;1437010.930475000000000;50620435000107
202501;4131;1989001165;TIT_PUB;45195371.820000000000000;
202501;655;2018000292;COTAS;18219214.822404000000000;20815620000196
202501;2258;2016001119;CAIXA;0.000000000000000;
202501;2258;2016001119;VL_PG_RC;-756.820000000000000;
202501;2823;1994000538;COTAS;29016689.136180000000000;
202501;4131;1993001018;CAIXA;16105.110000000000000;
202501;2231;2012001947;COTAS;2341682.167861000000000;
202501;2258;2017001074;COTAS;29578543.202330000000000;50625158000125
202501;4131;1998006311;VL_PG_RC;-17516.010000000000000;
202501;4039;2000004229;COTAS;88409414.643151000000000;
202501;2231;2012001947;COTAS;3020647.773442000000000;
202501;655;2018000292;COTAS;190444006.931051000000000;32862118000115
202501;3126;2024000665;COTAS;15423750.074574000000000;
202501;2231;2012001947;COTAS;44670289.477273000000000;44703472000186
202501;2823;1994000538;TIT_PUB;173772972.480000000000000;
202501;4039;2000004229;COTAS;546994910.891269000000000;10347270000127
202501;2231;2013001665;OPERACAO_PARTICIPANTE;838491.990000000000000;
202501;2823;9970000000;COTAS;468984.502718000000000;
202501;4039;9970000000;VL_PG_RC;0.000000000000000;
202501;4131;2002000247;OPERACAO_PARTICIPANTE;24297.670000000000000;
202501;2231;2014001383;COTAS;180294.598148000000000;
202501;2841;1993003592;CAIXA;243.910000000000000;
202501;4042;2000004792;COTAS;4572826.062227000000000;
202501;4131;2006006665;TIT_PRIV;74924.810000000000000;
202501;2231;2014001383;COTAS;5355112.231677000000000;44900441000115
202501;4131;2017000647;COTAS;2235375.551287000000000;
202501;2258;2017001074;VL_PG_RC;-8956.870000000000000;
202501;2841;2005004611;COTAS;-2368.830353000000000;
202501;2231;2018002074;COTAS;3086882.936699000000000;44900441000115
202501;2231;2019003074;COTAS;99943.652921000000000;
202501;2258;2017001619;COTAS;3235818.756473000000000;50634860000155
202501;2258;2018001256;COTAS;148317391.471652000000000;50620290000144
202501;4131;2008004392;COTAS;299306.900921000000000;
202501;2258;2019000318;COTAS;2811940.020315000000000;50620435000107
202501;4042;2000004792;COTAS;2728952.319039000000000;
202501;2258;2019001365;TIT_PUB;4957617.700000000000000;
202501;2258;2019001756;VL_PG_RC;-8565.290000000000000;
202501;2258;2019003147;COTAS;6753520.257999000000000;50620290000144
202501;4131;2017000647;IMOVEIS;21339000.000000000000000;
202501;2258;2019003392;CAIXA;0.730000000000000;
202501;2231;2019003074;COTAS;337756.627713000000000;
202501;3161;1994004118;COTAS;103225.495272000000000;
202501;2231;2019003074;COTAS;16330519.766058000000000;
202501;4131;4003310047;CAIXA;5871.420000000000000;
202501;2258;2019003392;COTAS;208064.320510000000000;50625158000125
202501;4042;9970000000;COTAS;1532958.199999000000000;
202501;4131;9970000000;COTAS;12323243.238011000000000;
202501;4131;9970000000;VL_PG_RC;-16303.460000000000000;
202501;2258;1981001565;TIT_PUB;31372645.430000000000000;
202501;4176;2004002883;COTAS;348776682.042907000000000;14096253000115
202501;2258;1989000118;COTAS;1584312.906901000000000;50620435000107
202501;3161;1994004118;COTAS;11675033.950366000000000;
202501;4176;2018002392;CAIXA;9293.380000000000000;
202501;3161;1994004118;COTAS;3453039.350634000000000;
202501;4176;2018002392;COTAS;8067538.760069000000000;17759357000150
202501;4176;2023000319;CAIXA;158640.000000000000000;
202501;2258;1990000118;COTAS;42055100.681733000000000;
202501;3161;1994004118;VL_PG_RC;-527371.960000000000000;
202501;4176;2023000319;COTAS;15562568.911980000000000;17759357000150
202501;2258;1990000118;COTAS;2273407.829091000000000;
202501;4181;2004000147;CAIXA;0.000000000000000;
202501;2258;1990000118;COTAS;2484596.809696000000000;49927877000111
202501;4087;9970000000;COTAS;1612579.579997000000000;
202501;4181;9970000000;COTAS;3012288.192412000000000;
202501;2258;1990000118;COTAS;24963850.130190000000000;50634860000155
202501;4091;2002001529;COTAS;4242113.161796000000000;31569976000103
202501;2258;1992000565;COTAS;98183.738795000000000;
202501;4203;2000001319;CAIXA;30305.670000000000000;
202501;2258;1992000565;COTAS;10544990.016056000000000;50634860000155
202501;4203;2000001556;COTAS;292556559.656139000000000;20077265000103
202501;4203;2000001556;COTAS;94191420.525147000000000;46171916000105
202501;4091;2004002492;COTAS;55218.711013000000000;
202501;3161;2005005111;COTAS;16894171.756998000000000;
202501;4203;2000002838;COTAS;1028698506.952277000000000;40189280000142
202501;4091;9970000000;COTAS;3900393.048916000000000;05426951000140
202501;3161;2005005111;COTAS;1139980.232455000000000;
202501;655;2018000292;COTAS;171411822.718239000000000;36617506000191
202501;2258;2020001292;COTAS;7753360.259906000000000;50620819000120
202501;4203;2000006574;ACOES;373935.010000000000000;
202501;3161;9970000000;COTAS;855144.801098000000000;
202501;2258;1992000565;VL_PG_RC;-38431.210000000000000;
202501;3174;1994004029;ACOES;106878.320000000000000;
202501;4203;2000006574;COTAS;1910198.608213000000000;
202501;4131;2008004392;TIT_PUB;80926.440000000000000;
202501;4131;2008004538;COTAS;3010596.453053000000000;
202501;2258;1992000719;COTAS;22847337.168087000000000;
202501;2258;1993002847;COTAS;6653945.744042000000000;50625158000125
202501;4203;2000006574;COTAS;93344998.027063000000000;40189032000100
202501;655;2018000292;VL_PG_RC;663332756.570000000000000;
202501;2258;1993003029;COTAS;47652620.853747000000000;50620290000144
202501;3174;1994004029;COTAS;465443288.000370000000000;58370379000101
202501;4101;2002001847;COTAS;7598000.000001000000000;
202501;4203;2000006574;COTAS;32442315.907147000000000;40190375000186
202501;2258;1994001356;COTAS;91694511.268857000000000;50620290000144
202501;2258;1994001429;COTAS;88745894.708337000000000;50620290000144
202501;4101;2002001847;COTAS;262442790.085122000000000;30330483000153
202501;4203;2000006574;COTAS;485496793.100533000000000;46171916000105
202501;4101;9970000000;COTAS;3913534.692399000000000;30330483000153
202501;4203;2000006574;VL_PG_RC;15351826.070000000000000;
202501;2258;1994001747;COTAS;1221840.653655000000000;50620435000107
202501;4114;2002004129;VL_PG_RC;-379962.960000000000000;
202501;4203;2004000929;CAIXA;686.960000000000000;
202501;4131;2017000647;COTAS;17713413.256963000000000;
202501;3174;1994004029;VL_PG_RC;-200361.460000000000000;
202501;2258;1994003138;CAIXA;288.250000000000000;
202501;2258;2020002892;COTAS;5002408.724646000000000;50620290000144
202501;3174;9970000000;COTAS;16017026.900112000000000;
202501;2258;1994003138;COTAS;39807668.686039000000000;50625158000125
202501;2258;2020002892;COTAS;2540584.346566000000000;50620819000120
202501;4131;1981000811;COTAS;50791045.802987000000000;
202501;4203;2020002711;COTAS;164501.410105000000000;40189032000100
202501;2258;2020003465;COTAS;84425136.971962000000000;50620290000144
202501;2258;2022003047;COTAS;3858583.703991000000000;51059511000110
202501;4131;1981000811;COTAS;8832297.544485000000000;39337958000108
202501;4203;2020002711;COTAS;270598.522427000000000;40190375000186
202501;4203;9970000000;CAIXA;15933258.080000000000000;
202501;2841;2005004611;OPERACAO_PARTICIPANTE;34638352.327235200200000;
202501;2258;2023000092;COTAS;3185251.021811000000000;50620290000144
202501;4131;1981000811;TIT_PUB;63032241.180000000000000;
202501;655;2021000011;COTAS;-7526.335180000000000;
202501;4203;9970000000;COTAS;92208062.209257000000000;03102070000149
202501;2258;1994003138;VL_PG_RC;-92194.750000000000000;
202501;4131;1986000419;VL_PG_RC;-19717.160000000000000;
202501;2258;9970000000;COTAS;21983586.940449000000000;
202501;4131;1987000374;COTAS;4062162.580579000000000;
202501;655;2021000011;COTAS;181902558.059288000000000;
202501;4131;1987000374;IMOVEIS;3876000.000000000000000;
202501;4217;2010004183;COTAS;229399.636880000000000;14115118000170
202501;2258;1995000183;COTAS;2001444.145743000000000;50620572000141
202501;655;2021000011;COTAS;46560.823506000000000;11097650000113
202501;4217;2021003329;VL_PG_RC;-16849.850000000000000;
202501;4131;1989001165;CAIXA;281832.630000000000000;
202501;655;2021000011;COTAS;478085.798365000000000;11965107000190
202501;2292;1990002129;COTAS;12374.008269000000000;
202501;655;2021000011;COTAS;9825468.222394000000000;36617506000191
202501;2258;1996001329;VL_PG_RC;-45104.920000000000000;
202501;2292;1998002756;COTAS;1607444.268920000000000;
202501;655;2021000011;COTAS;134584475.259768000000000;49397796000157
202501;655;2021000011;TIT_PRIV;5478762.730000000000000;
202501;2292;1998002756;COTAS;2310419.207043000000000;
202501;2841;4028410029;COTAS;6018231.801752000000000;51911677000112
202501;4131;1989001165;OPERACAO_PARTICIPANTE;72516.090000000000000;
202501;4221;2005000892;CAIXA;280422.360000000000000;
202501;2258;1996002147;COTAS;37462.603992000000000;
202501;4131;1998006719;TIT_PRIV;198088.880000000000000;
202501;4221;2005000892;COTAS;13106398.053284000000000;
202501;3174;9970000000;COTAS;610993.749992000000000;
202501;2258;1996002465;COTAS;288365216.036036000000000;50620290000144
202501;2841;9970000000;COTAS;12457086.176346000000000;51911677000112
202501;4221;2005000892;COTAS;337186.170067000000000;
202501;4131;2002000247;CAIXA;181027.500000000000000;
202501;3174;9970000000;COTAS;21421347.309890000000000;
202501;4131;2008004392;CAIXA;12265.240000000000000;
202501;4131;2008004392;COTAS;37613.702234000000000;
202501;655;2021003183;COTAS;1111888.470000000000000;
202501;4131;2008004465;VL_PG_RC;-13594.810000000000000;
202501;4221;2005000892;COTAS;651631.816982000000000;
202501;655;2021003183;COTAS;17308379.766784000000000;34081202000127
202501;4131;2008004538;OPERACAO_PARTICIPANTE;91398.680000000000000;
202501;655;2021003183;COTAS;40324162.817783000000000;39997959000189
202501;4221;2006004247;CAIXA;-204225.890000000000000;
202501;655;2021003183;COTAS;3787640.700000000000000;50006439000108
202501;4131;2017000647;COTAS;45268256.450918000000000;39665916000104
202501;2841;9970000000;VL_PG_RC;-2440.060000000000000;
202501;2292;1998002829;COTAS;1477757.555718000000000;
202501;3188;1989000983;COTAS;30735509.386052000000000;18270776000197
202501;2292;1998002829;COTAS;3060000.000000000000000;
202501;2292;1998002829;COTAS;398511.887091000000000;
202501;4131;2017000647;COTAS;77337.565480000000000;
202501;2292;1998002829;COTAS;74621452.448122000000000;04764252000148
202501;3188;1994002565;COTAS;1623708.476091000000000;27565843000191
202501;4221;2006004247;COTAS;9838132.574977000000000;
202501;4131;2017000647;COTAS;47509169.686959000000000;
202501;4221;2006004247;COTAS;402870.705055000000000;
202501;4221;2006004247;COTAS;711488.899582000000000;
202501;3188;1996001647;COTAS;155521.189698000000000;
202501;4221;2006004247;VL_PG_RC;26563.150000000000000;
202501;3188;1996001647;COTAS;132561.532238000000000;34613727000166
202501;4131;2017000647;COTAS;30130430.760000000000000;
202501;4221;2011002419;COTAS;1202636.118104000000000;
202501;4221;2011002419;COTAS;1690.601841000000000;
202501;4176;2004002883;COTAS;381691152.699191000000000;17759357000150
202501;4221;2011002419;COTAS;3887515.767032000000000;
202501;4176;2018002392;COTAS;12964495.842049000000000;14096253000115
202501;4221;2012001629;COTAS;561856.343308000000000;
202501;4181;2004000147;COTAS;179612857.535162000000000;
202501;4221;2012001874;COTAS;2809146.006099000000000;
202501;2292;1998002829;COTAS;126127391.329440000000000;50765883000107
202501;4181;2004000147;COTAS;5404581.620000000000000;
202501;4221;2015001883;COTAS;572959.286651000000000;
202501;2292;2016000392;COTAS;10889.144298000000000;
202501;2292;2016000392;COTAS;16146.085147000000000;
202501;2292;2018002538;COTAS;3539158.702826000000000;
202501;2258;1998005356;CAIXA;1492558.520000000000000;
202501;4221;2015001883;COTAS;134245.466816000000000;
202501;2258;1998005356;COTAS;263121171.568117000000000;50625158000125
202501;4181;2004000147;IMOVEIS;472723.000000000000000;
202501;2258;2000004474;CAIXA;0.000000000000000;
202501;4203;2000001319;TIT_PRIV;2307225.120000000000000;
202501;4221;2015001883;COTAS;156353.720238000000000;
202501;4221;2015001883;VL_PG_RC;120277.900000000000000;
202501;2292;2018002538;COTAS;27745.159814000000000;
202501;2854;2011000319;COTAS;75547689.253380000000000;
202501;2258;2002001138;COTAS;777558.280169000000000;50620435000107
202501;3188;1996004883;TIT_PUB;965366067.550000000000000;
202501;3188;1997001047;COTAS;8915230.418707000000000;
202501;2854;2011000319;TIT_PUB;200738926.810000000000000;
202501;3188;1997001047;COTAS;49360161.481611000000000;18270776000197
202501;2909;1993003411;VL_PG_RC;122629.470000000000000;
202501;2258;2003003029;TIT_PUB;8035878.440000000000000;
202501;3188;1998004074;CAIXA;82212.330000000000000;
202501;2258;2006000683;COTAS;1393564.961591000000000;50620819000120
202501;2909;2016000465;VL_PG_RC;-7883.970000000000000;
202501;2258;2006001647;COTAS;462051.741566000000000;
202501;4221;9970000000;CAIXA;768535.450000000000000;
202501;2912;2005006711;CAIXA;294792.710000000000000;
202501;3188;1998004856;COTAS;792257.739438000000000;
202501;2912;2005006711;COTAS;410709906.853779000000000;09636594000104
202501;3188;1998004856;COTAS;39663.381625000000000;10220247000177
202501;4234;9970000000;CAIXA;146609.500000000000000;
202501;3188;1998005674;COTAS;468337.005857000000000;
202501;4203;2000001556;COTAS;159191.463039000000000;
202501;4234;9970000000;COTAS;435400.580006000000000;
202501;3188;1998005674;COTAS;232103.637141000000000;27565843000191
202501;2912;9970000000;COTAS;1655448.110539000000000;08830058000174
202501;3188;1998005674;COTAS;323747.589556000000000;36178602000180
202501;2912;9970000000;COTAS;1842269.159456000000000;09564278000166
202501;4248;2000001718;CAIXA;200.000000000000000;
202501;2258;2006001647;COTAS;206755440.097821000000000;07892341000168
202501;2258;2006001647;COTAS;16397351.248927000000000;49927877000111
202501;2926;1998002519;VL_PG_RC;0.000000000000000;
202501;2292;2018002538;COTAS;1771896.941648000000000;
202501;4248;2009000838;COTAS;16192225.536604000000000;
202501;4248;2009000838;COTAS;10867215.313324000000000;
202501;2258;2006003283;VL_PG_RC;-18971.110000000000000;
202501;4248;2009000838;COTAS;24279122.640807000000000;03497804000136
202501;4203;2000001556;IMOVEIS;3346798.000000000000000;
202501;4248;2011001919;COTAS;78727454.121728000000000;
202501;4248;2011001919;COTAS;102290438.183376000000000;03079923000179
202501;4248;2011001919;COTAS;164981671.704755000000000;03497804000136
202501;2258;2006006111;COTAS;34471047.445210000000000;50634860000155
202501;4248;2011001919;COTAS;402691638.969931000000000;08035716000136
202501;2292;2018002538;COTAS;376409.170683000000000;
202501;4248;2011001919;COTAS;340952925.614412000000000;36518029000107
202501;2258;2007002256;COTAS;52707656.569367000000000;50625158000125
202501;2292;9970000000;VL_PG_RC;0.000000000000000;
202501;2302;1988000483;COTAS;19367984.945614000000000;
202501;4203;2000002838;IMOVEIS;41056345.170000000000000;
202501;2258;2007002256;VL_PG_RC;-31157.510000000000000;
202501;2931;1994000211;COTAS;6769388.444393000000000;
202501;2258;2007002418;COTAS;5753122.223795000000000;50625158000125
202501;4248;2011001919;VL_PG_RC;17252608.250000000000000;
202501;2302;1988000483;COTAS;666379589.907401000000000;14399804000110
202501;4248;2020001683;CAIXA;1992.990000000000000;
202501;2302;1988000483;COTAS;9325188.034435000000000;29092660000121
202501;4248;2020001683;COTAS;40854359.719464000000000;18936235000155
202501;2302;1988002011;COTAS;226997445.921243000000000;29092660000121
202501;4248;2020001683;COTAS;1778759.537215000000000;36518029000107
202501;2258;2008001792;TIT_PUB;32122221.740000000000000;
202501;2302;1988002011;OPERACAO_PARTICIPANTE;2294016.600000000000000;
202501;4203;2000006574;IMOVEIS;41173006.830000000000000;
202501;4248;2020001683;COTAS;159103.356134000000000;52350495000182
202501;2258;2010005783;COTAS;16800060.719308000000000;50620572000141
202501;2931;1994000211;COTAS;6597469.010535000000000;
202501;655;2021003183;TIT_PUB;314857277.900000000000000;
202501;2258;2012000983;CAIXA;0.000000000000000;
202501;4203;2004000929;VL_PG_RC;5854.810000000000000;
202501;4279;2004002711;COTAS;377060827.736966000000000;24249941000121
202501;655;9970000000;ACOES;15432152.830000000000000;
202501;655;9970000000;COTAS;540750.000000000000000;
202501;2931;1994000211;COTAS;19990331.515651000000000;
202501;4203;2020002711;COTAS;175892.705935000000000;40189629000146
202501;2316;1979000719;COTAS;1880536.352680000000000;
202501;655;9970000000;COTAS;1643555.408333000000000;05117292000160
202501;4279;2016001992;COTAS;39720012.213325000000000;51033131000106
202501;2258;2012001165;COTAS;51840060.742418000000000;50625158000125
202501;2316;2015001311;COTAS;73999764.809051000000000;30509257000134
202501;4279;9970000000;COTAS;14756970.105384000000000;
202501;4203;2020002711;VL_PG_RC;-1247.690000000000000;
202501;2316;2015001311;COTAS;33031613.604981000000000;56479808000158
202501;4282;2004003065;COTAS;1589312.381798000000000;
202501;4282;2004003065;COTAS;2658981.605038000000000;
202501;2258;2014000719;VL_PG_RC;-54943.990000000000000;
202501;4217;1997000792;VL_PG_RC;3504664.770000000000000;
202501;2316;2015001492;VL_PG_RC;-569790.930000000000000;
202501;2258;2014001529;CAIXA;0.000000000000000;
202501;4217;2021003329;CAIXA;98721.920000000000000;
202501;4282;2004003065;COTAS;3206810.320711000000000;
202501;3188;1998005674;TIT_PUB;30206788.670000000000000;
202501;2316;2023001447;CAIXA;1506.630000000000000;
202501;4217;2022002474;COTAS;1134881.508959000000000;11435287000107
202501;2316;9970000000;COTAS;1532114.883604000000000;
202501;4282;2004003065;COTAS;72461071.738585000000000;36326996000177
202501;655;9970000000;COTAS;19326.630285000000000;10430028000112
202501;3188;1998006247;OPERACAO_PARTICIPANTE;1031743.420000000000000;
202501;686;2022001192;COTAS;4939872.159996000000000;
202501;2333;1992001065;COTAS;9067258.573644000000000;
202501;686;2022001729;TIT_PUB;23403526.940000000000000;
202501;4217;2022002474;VL_PG_RC;-445.250000000000000;
202501;2258;2015000518;COTAS;9991893.429362000000000;50620572000141
202501;2258;2016000929;COTAS;6919257.777186000000000;50625158000125
202501;4282;2004003065;TIT_PUB;48594040.370000000000000;
202501;2395;1994001811;COTAS;3121066.768910000000000;
202501;2395;1994001811;COTAS;758317.362590000000000;
202501;3188;1999002792;CAIXA;370.580000000000000;
202501;2395;1994001811;COTAS;9899429.768548000000000;
202501;2395;1994001811;COTAS;1849252.479181000000000;
202501;2395;1994001811;COTAS;107566122.350283000000000;
202501;2931;1994000211;COTAS;4798647.006927000000000;
202501;2395;1994001811;OPERACAO_PARTICIPANTE;9768624.210000000000000;
202501;4221;2005000892;COTAS;6291451.579814000000000;
202501;4221;2006004247;COTAS;1202246.344839000000000;
202501;2991;1985000547;TIT_PRIV;5237279.040000000000000;
202501;4311;1997002256;CAIXA;197.000000000000000;
202501;2258;2017001147;COTAS;47702212.044351000000000;50625158000125
202501;2258;2017001147;VL_PG_RC;-16392.750000000000000;
202501;4221;2006004247;COTAS;1178413.022000000000000;
202501;4368;2005004211;CAIXA;869562.030000000000000;
202501;2258;2019000318;COTAS;10427514.891773000000000;50620819000120
202501;2422;1994003383;VL_PG_RC;18367.260000000000000;
202501;4368;9970000000;CAIXA;567205.060000000000000;
202501;4221;2011002419;COTAS;53137.536132000000000;
202501;2422;2002002665;ACOES;716.500000000000000;
202501;2258;2019001365;CAIXA;54024.910000000000000;
202501;3188;1999002792;TIT_PUB;68798587.960000000000000;
202501;3188;1999003756;COTAS;15847715.961582000000000;25244544000120
202501;2422;2002003556;OPERACAO_PARTICIPANTE;302383.961613463400000;
202501;4385;2005006311;CAIXA;73587.950000000000000;
202501;2991;1994002492;COTAS;612175.000000000000000;
202501;2258;2019001756;COTAS;1840295.174003000000000;50634601000124
202501;2422;2002003718;CAIXA;181339.490000000000000;
202501;2422;2002004218;ACOES;11825.820000000000000;
202501;4221;2011002419;COTAS;809735.928338000000000;
202501;4409;2006000829;COTAS;75557.130000000000000;
202501;2422;2002004447;IMOVEIS;16470698.790000000000000;
202501;691;1981000429;COTAS;560158.531890000000000;
202501;4221;2011002419;COTAS;621841.860617000000000;
202501;691;1981000429;COTAS;8497445.683591000000000;
202501;4412;2006001329;COTAS;12798043.889921000000000;
202501;4221;2012001629;CAIXA;73113.860000000000000;
202501;2991;1994002492;COTAS;44707506.983744000000000;
202501;4221;2012001629;COTAS;45291.897200000000000;
202501;2991;1994002492;IMOVEIS;3611000.000000000000000;
202501;2991;9970000000;COTAS;2176175.477289000000000;
202501;2511;1992001529;VL_PG_RC;-69844.610000000000000;
202501;4412;2006001329;COTAS;5276864.850001000000000;
202501;2258;2019002256;CAIXA;5033.960000000000000;
202501;2258;2019002256;VL_PG_RC;-82994.030000000000000;
202501;3188;2000007856;COTAS;871170.509518000000000;27565843000191
202501;2525;1974000265;COTAS;61463170.636880000000000;41763054000196
202501;4412;2006001329;COTAS;41285075.120000000000000;46246589000103
202501;4221;2012001629;COTAS;144276.350652000000000;
202501;2525;2009003756;COTAS;5318745.429147000000000;
202501;4412;2006001329;VL_PG_RC;85107.210000000000000;
202501;2525;2009003756;VL_PG_RC;-2652.030000000000000;
202501;2525;2023000556;VL_PG_RC;58.430000000000000;
202501;4221;2012001629;COTAS;256055.379688000000000;
202501;4426;2006003111;COTAS;1152264.000000000000000;
202501;2525;9970000000;VL_PG_RC;-71186.720000000000000;
202501;4426;2006003111;COTAS;1097164.000000000000000;
202501;4426;2006003111;COTAS;146172.318000000000000;
202501;4426;9970000000;VL_PG_RC;-1026.220000000000000;
202501;4221;2012001874;CAIXA;191166.700000000000000;
202501;2556;1993000119;COTAS;660999.108496000000000;
202501;4221;2012001874;COTAS;1809862.748412000000000;
202501;2556;1993000119;COTAS;5318745.492424000000000;
202501;4221;2012001874;COTAS;632838.422388000000000;
202501;4443;1982002018;COTAS;96926194.089929000000000;12581016000114
202501;2556;1993000119;COTAS;10809157.447478000000000;
202501;4443;1988000947;CAIXA;1799.290000000000000;
202501;4221;2012001874;COTAS;1181955.846261000000000;
202501;4443;1998002292;COTAS;4959272.162592000000000;
202501;4443;1998002292;COTAS;233135.783920000000000;
202501;4221;2015001883;CAIXA;41697.460000000000000;
202501;4443;1998002292;COTAS;446406435.782139000000000;21624950000167
202501;4221;2015001883;COTAS;75916.124532000000000;
202501;4443;2006007165;CAIXA;15204.950000000000000;
202501;4221;2015001883;COTAS;26544.908182000000000;
202501;2556;1998007618;COTAS;-285961.584713000000000;
202501;4461;2006005065;COTAS;860096335.130012000000000;08648690000100
202501;2556;1998007618;COTAS;17297.191271000000000;
202501;2556;1998007618;COTAS;1431111.386333000000000;
202501;4221;2015001883;COTAS;61207.380494000000000;
202501;4515;2007003538;CAIXA;95834.750000000000000;
202501;4221;9970000000;COTAS;430885.039993000000000;
202501;4515;2007003538;COTAS;101127652.279997000000000;23216805000172
202501;3188;2001000847;COTAS;591388.873889000000000;
202501;4529;2008002365;COTAS;110244.481580000000000;
202501;3006;1994002174;COTAS;9971305.911341000000000;
202501;691;1981000429;COTAS;171151721.264505000000000;
202501;2556;1998007618;COTAS;21161798.275443000000000;
202501;3006;9970000000;COTAS;700829.669661000000000;
202501;4529;9970000000;COTAS;241127.707476000000000;
202501;4532;2008004856;COTAS;12114578.780913000000000;
202501;4248;2000001718;COTAS;597311524.413025000000000;12636386000101
202501;691;2002004765;COTAS;10209380.000000000000000;
202501;3188;2001000847;COTAS;6640.227379000000000;10220247000177
202501;4532;2008004856;COTAS;6750922.130839000000000;
202501;4248;2009000838;COTAS;110953198.373782000000000;18936232000111
202501;3023;2001001738;COTAS;29431981.567086000000000;
202501;3023;2001001738;COTAS;27797107.057926000000000;
202501;4546;2009000919;ACOES;126.410000000000000;
202501;4248;2009000838;COTAS;121477393.114795000000000;18936235000155
202501;2556;1998007618;COTAS;17036450.557324000000000;
202501;2556;1998007618;COTAS;8566078.107638000000000;
202501;2556;1998007618;OPERACAO_PARTICIPANTE;45251673.071482000000000;
202501;3023;2001001738;VL_PG_RC;3000804.840000000000000;
202501;2258;2019003147;VL_PG_RC;-8142.440000000000000;
202501;4248;2009000838;COTAS;55644167.994264000000000;20726061000148
202501;3023;9970000000;CAIXA;8146.080000000000000;
202501;3037;1994001119;COTAS;40061514.790730000000000;
202501;2258;2019003211;COTAS;1155032.416843000000000;50634860000155
202501;3037;1994001119;COTAS;147667.063959000000000;
202501;3037;1994001119;COTAS;936289.518765000000000;
202501;3037;1994001119;COTAS;28619882.310362000000000;
202501;4546;2009000919;COTAS;5188906.547184000000000;
202501;3037;1994001119;COTAS;5596089.557251000000000;
202501;3037;1994001119;COTAS;3667982.647181000000000;
202501;2258;2020001111;COTAS;14702869.181882000000000;50634860000155
202501;4546;2009000919;COTAS;4696542.429594000000000;
202501;4248;2009000838;COTAS;21699728.852448000000000;26978182000163
202501;4546;9970000000;VL_PG_RC;0.000000000000000;
202501;3037;1994001119;COTAS;25098069.430641000000000;
202501;4248;2009000838;COTAS;31595976.764143000000000;36518029000107
202501;2258;2020002019;CAIXA;0.000000000000000;
202501;4577;2008003892;COTAS;6073794.032108000000000;
202501;4248;2009000838;COTAS;31872194.097690000000000;36617679000100
202501;4577;2008003892;COTAS;16795272.262385000000000;
202501;4577;2008003892;COTAS;12200852.312470000000000;
202501;3037;1994001119;COTAS;498262.887543000000000;
202501;4577;2008003892;COTAS;3678208.975219000000000;
202501;3037;1994001119;COTAS;5345321.165318000000000;
202501;3037;1994001119;COTAS;1261786.486528000000000;
202501;3099;1996002392;CAIXA;1259.640000000000000;
202501;3099;1999004647;COTAS;283716.400000000000000;
202501;4577;2008003892;COTAS;993500.555956000000000;
202501;3099;1999004647;COTAS;885592.200000000000000;
202501;4248;2009000838;VL_PG_RC;3665380.850000000000000;
202501;3099;1999004892;CAIXA;2827.400000000000000;
202501;2258;2020002892;COTAS;3509252.065974000000000;50625158000125
202501;4577;9970000000;VL_PG_RC;-1669.800000000000000;
202501;4581;1999000919;COTAS;124748854.671623000000000;41687175000104
202501;4581;1999000919;VL_PG_RC;-31253.140000000000000;
202501;4248;2020001683;COTAS;4326162.214934000000000;20726130000113
202501;2258;2020002892;VL_PG_RC;-7598.050000000000000;
202501;3099;1999004892;OPERACAO_PARTICIPANTE;15764009.249519258400000;
202501;2258;2020003465;COTAS;1884734.471644000000000;50625158000125
202501;4248;9970000000;COTAS;201153464.304529000000000;23732198000101
202501;3099;2020003074;VL_PG_RC;-22353.580000000000000;
202501;4279;2018000111;COTAS;453440.918607000000000;52320036000156
202501;2258;2020003465;VL_PG_RC;-41999.460000000000000;
202501;3099;9970000000;CAIXA;14483.440000000000000;
202501;4279;2018000111;VL_PG_RC;155569.100000000000000;
202501;2258;2021000974;COTAS;82595344.867332000000000;50620435000107
202501;3126;1993001492;COTAS;549980.034812000000000;
202501;4282;2004003065;COTAS;95193403.690000000000000;35956792000157
202501;3126;1993001492;COTAS;2640405.842263000000000;
202501;3188;2001000847;COTAS;1207237.370283000000000;34613727000166
202501;4581;9970000000;CAIXA;4236.480000000000000;
202501;2258;2022003047;VL_PG_RC;-5222.530000000000000;
202501;4581;9970000000;COTAS;465617.629738000000000;20726178000121
202501;2258;2023000092;COTAS;1583628.969967000000000;50625158000125
202501;3126;1993001492;COTAS;2277522.943217000000000;
202501;4604;2010002083;COTAS;3251856.047449000000000;
202501;2292;1990002129;COTAS;1784305.270949000000000;
202501;3126;1993001492;COTAS;7730715.551179000000000;
202501;691;2002004765;COTAS;10432312.605232000000000;
202501;713;2011000556;COTAS;365695493.826432000000000;13058869000139
202501;4604;2010002083;COTAS;84817.783783000000000;
202501;713;9970000000;COTAS;2580952.843355000000000;
202501;2556;1998007618;TIT_PUB;1137218286.020000000000000;
202501;4371;2005004911;COTAS;130.667435000000000;
202501;4604;2010002083;COTAS;232614074.973353000000000;
202501;713;9970000000;VL_PG_RC;-2861.090000000000000;
202501;4604;9970000000;COTAS;217070.181010000000000;
202501;727;1971000256;COTAS;1681551.655869000000000;
202501;4409;9970000000;CAIXA;9307.790000000000000;
202501;727;1971000256;OPERACAO_PARTICIPANTE;10640504.650000000000000;
202501;4604;9970000000;VL_PG_RC;-12.760000000000000;
202501;2556;2018001574;TIT_PUB;751104.420000000000000;
202501;3188;2003000283;COTAS;10562433.618611000000000;18270776000197
202501;4412;2006001329;CAIXA;2853.830000000000000;
202501;4618;2009002474;CAIXA;377534.690000000000000;
202501;727;1971000256;TIT_PRIV;23345821.460000000000000;
202501;2292;1990002129;COTAS;7725477.489150000000000;41562294000122
202501;3188;2003001638;COTAS;1238369.245699000000000;
202501;4649;2010003756;COTAS;39688747.636127000000000;44917099000166
202501;2556;9970000000;COTAS;14920191.173297000000000;
202501;3188;2003001638;COTAS;269788.332063000000000;36178602000180
202501;2561;1999000447;VL_PG_RC;-8547.650000000000000;
202501;731;1982002956;OPERACAO_PARTICIPANTE;538695.999989497500000;
202501;4412;9970000000;COTAS;6304640.901391000000000;
202501;2561;2014000174;COTAS;95484620.572958000000000;
202501;4426;2006003111;VL_PG_RC;-299655.350000000000000;
202501;4426;2007002329;COTAS;18379890.000000000000000;
202501;4426;2007002329;COTAS;889031.260500000000000;
202501;2292;1990002129;TIT_PUB;64784378.750000000000000;
202501;3126;1993001492;COTAS;16703430.455694000000000;
202501;2292;1998002756;COTAS;64515.923152000000000;
202501;2292;1998002756;COTAS;9345675.015608000000000;
202501;4649;2010003756;OPERACAO_PARTICIPANTE;4770698.510000000000000;
202501;2292;1998002756;COTAS;11966883.676991000000000;
202501;731;2006005611;OPERACAO_PARTICIPANTE;22849675.680534335300000;
202501;2292;1998002829;COTAS;12928920.624487000000000;
202501;4426;2007002329;TIT_PRIV;1303118536.900000000000000;
202501;2561;2014000174;COTAS;648932883.558203000000000;
202501;2292;1998002829;COTAS;6570701.162066000000000;
202501;4443;1988000947;COTAS;195031765.223167000000000;13520736000132
202501;2292;1998002829;COTAS;35052474.383583000000000;
202501;4443;1998002292;VL_PG_RC;843126.860000000000000;
202501;4652;2010004574;VL_PG_RC;-72698.100000000000000;
202501;2292;1998002829;COTAS;8755423.041032000000000;
202501;744;1986000729;COTAS;161447733.467942000000000;09613212000119
202501;3126;1993001492;COTAS;562770.253109000000000;
202501;2561;2014000174;COTAS;28954408.918727000000000;40226038000100
202501;2659;1995001783;CAIXA;70102.940000000000000;
202501;3126;1994001674;VL_PG_RC;-38393.240000000000000;
202501;4666;2011000629;COTAS;45792670.510135000000000;
202501;4443;2006007165;VL_PG_RC;-5084.430000000000000;
202501;4461;2006005065;CAIXA;743845.680000000000000;
202501;3126;1995000711;COTAS;966281.125368000000000;
202501;2292;2016000392;COTAS;24105690.623520000000000;50765883000107
202501;2292;2016000392;TIT_PUB;1409293.440000000000000;
202501;2659;2000002447;COTAS;12165604.871267000000000;
202501;4529;2008002365;CAIXA;116830.380000000000000;
202501;3126;1995001147;COTAS;2053033.409993000000000;
202501;2659;2000002447;COTAS;250932547.560845000000000;04899165000106
202501;3126;1995001147;COTAS;3534089.089073000000000;
202501;2659;9970000000;CAIXA;36097.720000000000000;
202501;2693;1993000811;COTAS;68290569.282738000000000;06877846000190
202501;2292;2018002538;COTAS;505323.045579000000000;
202501;3188;2003001638;TIT_PUB;57961163.710000000000000;
202501;4666;2011000629;COTAS;4116579.455294000000000;
202501;2693;1993000811;COTAS;55097702.942088000000000;39818045000103
202501;3188;2004002174;COTAS;370165.004770000000000;
202501;4666;2011000629;COTAS;4187574.402936000000000;
202501;4666;2011000629;VL_PG_RC;-46487.300000000000000;
202501;2693;1993000811;TIT_PRIV;87937683.540000000000000;
202501;4666;2011000947;CAIXA;179454.690000000000000;
202501;2302;1988000483;COTAS;678227677.281636000000000;00977449000104
202501;3188;2005000256;COTAS;11239719.311899000000000;25244544000120
202501;4529;2008002365;COTAS;5809947.224069000000000;
202501;2302;1988000483;COTAS;72610424.540126000000000;17786475000158
202501;2302;1988000483;COTAS;70755686.038753000000000;17786540000145
202501;4666;2011000947;COTAS;2889278.658970000000000;
202501;2693;2021001938;COTAS;208638.995281000000000;
202501;3188;2005000256;COTAS;12384308.112639000000000;29298975000120
202501;4529;2008002365;COTAS;5741835.628763000000000;
202501;4666;2011000947;COTAS;2429243.742316000000000;
202501;4529;2008002365;COTAS;2928441.768795000000000;
202501;2721;2004002018;COTAS;6954478.634390000000000;
202501;758;1981001719;CAIXA;37183.250000000000000;
202501;2721;9970000000;VL_PG_RC;-4130.660000000000000;
202501;2796;2015001174;CAIXA;43146.520000000000000;
202501;4666;2011000947;COTAS;2225333.523180000000000;
202501;2796;2015001174;VL_PG_RC;-5707.840000000000000;
202501;4666;2021002756;COTAS;1226158.677242000000000;
202501;4666;2021002756;COTAS;1626123.187828000000000;
202501;3126;1995002674;COTAS;1661990.211382000000000;
202501;4666;9970000000;CAIXA;458703.470000000000000;
202501;2796;9970000000;VL_PG_RC;5507.270000000000000;
202501;2302;1988000483;VL_PG_RC;-63025.270000000000000;
202501;4683;2004002311;CAIXA;1373.410000000000000;
202501;758;2002002411;COTAS;107528567.334690000000000;30453307000109
202501;2302;1988002011;COTAS;190191896.802853000000000;29106500000194
202501;2811;1993002774;CAIXA;1573255.900000000000000;
202501;3126;1995002674;COTAS;2342517.108427000000000;
202501;3188;2005001211;COTAS;223413.785898000000000;
202501;4529;2008002365;OPERACAO_PARTICIPANTE;25688304.369460000000000;
202501;3188;2005001211;COTAS;1550040.483130000000000;27565843000191
202501;3126;1995002674;COTAS;1249972.701847000000000;
202501;3188;2005006483;COTAS;1893447.493320000000000;10214125000178
202501;4546;2009000919;COTAS;4720525.834503000000000;
202501;2316;1979000719;CAIXA;1168.320000000000000;
202501;3188;2005006483;COTAS;2858409.289907000000000;10220241000108
202501;4546;2009000919;COTAS;4771179.808111000000000;
202501;2316;2015001492;COTAS;2910462.206107000000000;30509257000134
202501;758;4007580065;COTAS;443878.971075000000000;
202501;2316;2015001492;COTAS;22383181.835369000000000;56479808000158
202501;3188;2005006483;COTAS;1588987.110602000000000;34613727000166
202501;2811;1993002774;COTAS;1122475.396150000000000;
202501;4683;2004002311;COTAS;3880810.755585000000000;
202501;789;2006001965;CAIXA;3422311.790000000000000;
202501;2811;1993002774;COTAS;1895882.583693000000000;
202501;792;1988000718;CAIXA;2210.720000000000000;
202501;2823;1994000392;COTAS;3438246.821324000000000;
202501;2823;1994000392;COTAS;3802135.767640000000000;
202501;2823;1994000392;COTAS;3919349.840567000000000;
202501;4683;2005000647;VL_PG_RC;-79165.060000000000000;
202501;792;1988000718;COTAS;927954.461432000000000;
202501;792;1988000718;COTAS;823847.946993000000000;
202501;2823;1994000465;COTAS;8885218.616784000000000;
202501;792;1988000718;COTAS;347193.637679000000000;
202501;4707;2013000138;COTAS;4490852.425438000000000;
202501;792;1988000718;COTAS;996730.836237000000000;
202501;792;1998000974;COTAS;767450.082009000000000;
202501;4707;2013000138;COTAS;38435545.065885000000000;
202501;2823;1994000538;COTAS;66622045.679413000000000;
202501;4707;2013000219;COTAS;8307381.933919000000000;
202501;2823;1994000538;COTAS;46282817.359196000000000;
202501;4707;2013000219;COTAS;658565.279999000000000;
202501;3126;1995002674;COTAS;2481360.870180000000000;
202501;2823;1994000538;COTAS;15763853.851828000000000;
202501;4546;2009000919;COTAS;3340475.098970000000000;
202501;792;1998000974;IMOVEIS;507185.210000000000000;
202501;3126;1997001918;COTAS;4666576.215715000000000;
202501;4546;2009000919;COTAS;3133717.127217000000000;
202501;4707;2013000219;COTAS;19129761.961317000000000;
202501;792;1998000974;TIT_PUB;49002675.360000000000000;
202501;792;1999002865;COTAS;3035457.959829000000000;
202501;4707;2013000219;COTAS;18817570.837025000000000;
202501;792;1999002865;COTAS;2410788.873222000000000;
202501;4707;2013000219;COTAS;34870649.711537000000000;
202501;3126;1997001918;COTAS;9153295.494170000000000;
202501;2316;2023001447;COTAS;74019.812549000000000;
202501;3188;2005006483;VL_PG_RC;-90669.850000000000000;
202501;2316;2023001447;COTAS;83911.925799000000000;
202501;3126;1997001918;COTAS;57854777.442940000000000;
202501;792;1999002865;OPERACAO_PARTICIPANTE;23366108.865853472000000;
202501;4707;2013000219;COTAS;24399484.494737000000000;
202501;3188;2007003074;COTAS;347957.472304000000000;
202501;792;1999002938;COTAS;212522836.547237000000000;29983445000110
202501;3126;1997001918;COTAS;5573249.736274000000000;
202501;4707;2013002092;COTAS;51156816.019729000000000;
202501;4707;2013002092;COTAS;5436584.628800000000000;
202501;4707;2013002092;COTAS;7186500.562410000000000;
202501;3126;2000007074;CAIXA;402188.090000000000000;
202501;4707;2013002092;COTAS;13070099.139460000000000;
202501;3126;2000007074;IMOVEIS;880000.000000000000000;
202501;4707;2013002092;COTAS;507444742.335588000000000;
202501;3188;2009002156;COTAS;2277336.700687000000000;
202501;2333;2019000938;COTAS;2567648.016622000000000;
202501;3188;2010000374;COTAS;1672219.876557000000000;10214125000178
202501;4707;2013002092;OPERACAO_PARTICIPANTE;2119002.883450760000000;
202501;792;1999002938;IMOVEIS;36420446.600000000000000;
202501;792;1999002938;TIT_PUB;709935487.830000000000000;
202501;4707;2018001329;COTAS;64141.445070000000000;
202501;3126;2001000774;COTAS;5388826.801068000000000;
202501;4707;2018001329;COTAS;47646.981891000000000;
202501;792;1999003047;CAIXA;1952.360000000000000;
202501;4707;2018001329;COTAS;131745.249015000000000;
202501;792;1999003047;COTAS;2481557.454185000000000;
202501;4707;2018001892;COTAS;320218.726044000000000;
202501;3126;2001001983;COTAS;1327672.293878000000000;
202501;4707;2018001892;COTAS;485632.105964000000000;
202501;792;1999003047;COTAS;581054.749131000000000;
202501;3126;2005005811;COTAS;12732750.048930000000000;
202501;4546;2009000919;TIT_PRIV;19075066.270000000000000;
202501;792;1999003047;COTAS;554467.199996000000000;
202501;3126;2005005811;COTAS;1075538.169994000000000;
202501;2823;1994000538;COTAS;9429901.044844000000000;
202501;4707;2018001892;COTAS;492021.844699000000000;
202501;4577;2008003892;COTAS;1989416.145066000000000;
202501;792;2023001056;COTAS;756259.947322000000000;10740536000105
202501;4707;2019003856;COTAS;116230.797373000000000;
202501;4707;2020000474;COTAS;735173.730791000000000;
202501;4577;2010001974;COTAS;118337.778201000000000;
202501;4707;2020000474;COTAS;1163782.296093000000000;
202501;3126;2005005811;COTAS;5910860.850130000000000;
202501;2333;2019000938;COTAS;8403665.958327000000000;
202501;4577;9970000000;COTAS;373204.955591000000000;
202501;3188;2010000374;VL_PG_RC;-11769.600000000000000;
202501;4707;2020000474;COTAS;223597.240001000000000;
202501;4594;1989001629;CAIXA;97851.200000000000000;
202501;4707;2020002647;COTAS;324111.492352000000000;
202501;4594;2009003683;VL_PG_RC;0.000000000000000;
202501;4594;9970000000;VL_PG_RC;0.000000000000000;
202501;4604;2010002083;COTAS;7908736.632581000000000;
202501;3188;2010003047;COTAS;3205.463507000000000;
202501;4604;2010002083;VL_PG_RC;-123221.870000000000000;
202501;792;9970000000;CAIXA;34832.810000000000000;
202501;3188;2010003047;COTAS;414355.491670000000000;29298975000120
202501;2333;9970000000;COTAS;2392581.986929000000000;
202501;802;1977000118;COTAS;64496122.322310000000000;
202501;3188;2010003292;COTAS;15600650.990720000000000;10214125000178
202501;3188;2010003292;COTAS;3309609.818467000000000;29298975000120
202501;4618;2009002474;VL_PG_RC;-5182.740000000000000;
202501;3188;2010003292;COTAS;4499421.541239000000000;34613727000166
202501;802;1977000118;OPERACAO_PARTICIPANTE;7310504.610000000000000;
202501;3188;2010003292;VL_PG_RC;-147569.000000000000000;
202501;3188;2010003365;COTAS;65105308.830473000000000;25244544000120
202501;2395;1994001811;COTAS;212922.632509000000000;
202501;4618;9970000000;COTAS;2490423.730844000000000;19366021000153
202501;3188;2010003365;COTAS;12741614.297469000000000;29298975000120
202501;4621;2010002318;OPERACAO_PARTICIPANTE;47369.850000000000000;
202501;3188;2010003438;COTAS;3491341.084761000000000;
202501;4621;2010005392;VL_PG_RC;-134830.480000000000000;
202501;4711;2008002047;COTAS;21014956.444349000000000;46975866000119
202501;3188;2010005074;COTAS;891345.847609000000000;10214125000178
202501;2395;1994001811;COTAS;97982084.324500000000000;
202501;802;2003001956;ACOES;11042068.000000000000000;
202501;4649;2010003756;CAIXA;358642.110000000000000;
202501;3188;2010005074;COTAS;2250583.015824000000000;10220247000177
202501;2395;1994001811;COTAS;5964891.688007000000000;
202501;802;2003001956;COTAS;1120243.771735000000000;
202501;2395;1994001811;COTAS;46424043.643761000000000;
202501;4652;2010004329;COTAS;4323543.749996000000000;49465951000125
202501;3188;2010005211;COTAS;1900830.633692000000000;
202501;2823;1994000538;COTAS;4163692.689791000000000;
202501;2823;2009000218;CAIXA;410.730000000000000;
202501;4652;2019001438;COTAS;929349.950001000000000;08998851000187
202501;2841;1993003592;COTAS;2208437.961153000000000;51911677000112
202501;2841;2005004529;COTAS;6733295.517195000000000;
202501;4666;2011000629;COTAS;102440590.889313000000000;
202501;4711;2014000638;COTAS;21173594.432930000000000;46975834000113
202501;4666;2011000629;COTAS;6043381.133832000000000;
202501;4666;2011000629;COTAS;2365968.574032000000000;
202501;4666;2011000629;COTAS;4095713.685579000000000;
202501;4666;2011000947;COTAS;5977941.434227000000000;
202501;4666;2011000947;COTAS;2047520.625267000000000;
202501;2841;2005004529;COTAS;1659302.827690000000000;
202501;4666;2021002756;CAIXA;325303.860000000000000;
202501;2841;2005004529;COTAS;274948446.377301000000000;50819097000137
202501;4666;2021002756;COTAS;1290102.062259000000000;
202501;4666;2021002756;COTAS;7856381.085112000000000;
202501;4711;9970000000;COTAS;2934747.778948000000000;26324274000120
202501;4666;2021002756;COTAS;581301.411080000000000;
202501;4683;1990001165;COTAS;392487534.628679000000000;41287925000142
202501;4683;2004002311;COTAS;1234947.432944000000000;27696713000198
202501;3126;2005005811;COTAS;4457677.900435000000000;
202501;4724;2013000383;COTAS;206865691.358301000000000;20155943000109
202501;4683;2005000647;COTAS;24613315.594309000000000;27696713000198
202501;3188;2010005211;COTAS;8808233.339261000000000;27565843000191
202501;4724;2013000383;COTAS;336885965.445506000000000;41722175000190
202501;4724;2013000618;COTAS;4785769.300000000000000;
202501;4683;2008000818;VL_PG_RC;-330773.600000000000000;
202501;2841;2005004529;IMOVEIS;13816000.000000000000000;
202501;3126;2005005811;VL_PG_RC;766226.990000000000000;
202501;4683;2019000792;CAIXA;3653.300000000000000;
202501;2841;2005004611;COTAS;5120686.218135000000000;
202501;3188;2012000665;CAIXA;1000.000000000000000;
202501;4724;9970000000;COTAS;116721029.943939000000000;
202501;3188;2012000665;COTAS;10267285.456732000000000;18270776000197
202501;2841;2005004611;COTAS;58473377.615636000000000;
202501;3126;2006001183;COTAS;21113660.689753000000000;
202501;2841;2005004611;COTAS;384815574.088787000000000;51911677000112
202501;3126;2006001183;COTAS;8876240.257194000000000;
202501;2395;1994001811;COTAS;29589504.311722000000000;
202501;4738;2013001347;COTAS;42953808.486788000000000;
202501;3126;2006001183;COTAS;2829594.196180000000000;
202501;2395;1994001811;COTAS;7998081.504706000000000;
202501;2841;2005004611;COTAS;113218668.362662000000000;51983612000182
202501;4738;2013001347;VL_PG_RC;0.000000000000000;
202501;4707;2013000138;COTAS;5088147.340000000000000;
202501;4707;2013000138;COTAS;4389169.227471000000000;
202501;2909;1993003411;OPERACAO_PARTICIPANTE;12691409.030346256700000;
202501;4707;2013000138;COTAS;223310754.473581000000000;
202501;4707;2013000219;COTAS;5088147.340000000000000;
202501;4738;9970000000;COTAS;3771190.398615000000000;
202501;4707;2013000219;COTAS;4499997.750000000000000;
202501;3126;2006001183;COTAS;901479.955692000000000;
202501;4738;9970000000;VL_PG_RC;0.000000000000000;
202501;4707;2013000219;COTAS;21069978.407916000000000;
202501;4741;2013001738;COTAS;91341897.600000000000000;
202501;3126;2006001183;COTAS;32986848.902693000000000;
202501;4755;2014000311;CAIXA;5569.960000000000000;
202501;3126;2006003747;COTAS;263007.519917000000000;
202501;2909;1993003411;TIT_PUB;7902427.170000000000000;
202501;4755;2014000311;COTAS;10067148.547685000000000;
202501;3126;2006003747;COTAS;135440.821679000000000;
202501;3126;2006003747;COTAS;132297.449441000000000;
202501;2912;1993003738;COTAS;147098.434630000000000;
202501;3126;2006003747;COTAS;629030.465965000000000;
202501;2912;1993003738;COTAS;5036133.050034000000000;09636594000104
202501;3126;2006003747;COTAS;92600.821281000000000;
202501;3126;2006003811;COTAS;538755.299995000000000;
202501;2912;1993003738;TIT_PUB;36168960.770000000000000;
202501;2926;1998002519;COTAS;0.011182000000000;
202501;2931;1994000211;COTAS;3388935.000000000000000;
202501;4755;2014000311;COTAS;1337270.020811000000000;
202501;2931;1994000211;COTAS;4470751.268489000000000;
202501;4707;2013002092;COTAS;11241329.009075000000000;
202501;4755;2014000311;COTAS;5707603.485054000000000;
202501;2931;1994000211;COTAS;674398.969763000000000;
202501;4755;2020002574;COTAS;69085.023060000000000;
202501;2931;1994000211;COTAS;4799171.065118000000000;
202501;4755;9970000000;COTAS;2130626.512563000000000;
202501;3126;2006003811;COTAS;1498558.922503000000000;
202501;4707;2013002092;COTAS;20249165.170210000000000;
202501;4755;9970000000;COTAS;20679.734821000000000;
202501;3126;2006003811;COTAS;24789.909842000000000;
202501;4755;9970000000;VL_PG_RC;2.020000000000000;
202501;4707;2013002092;COTAS;27934680.654724000000000;
202501;2931;1994000211;COTAS;42945279.826642000000000;
202501;2991;1985000547;CAIXA;49935.560000000000000;
202501;4707;2013002092;TIT_PUB;17339585.480000000000000;
202501;4769;2015000429;COTAS;135848025.792030000000000;55536644000190
202501;2991;1994002492;COTAS;232850.200000000000000;
202501;2991;1994002492;COTAS;8172523.786185000000000;
202501;2991;1994002492;COTAS;7438982.974883000000000;
202501;2991;1994002492;VL_PG_RC;-4887000.820000000000000;
202501;3006;1994002174;COTAS;9542901.758819000000000;
202501;4769;9970000000;CAIXA;3074.850000000000000;
202501;3023;1979003718;CAIXA;3945610.000000000000000;
202501;3023;2001001738;COTAS;21082502.450614000000000;03618274000137
202501;4786;2016000856;CAIXA;432.230000000000000;
202501;4707;2018001329;COTAS;74824.092000000000000;
202501;3126;2006003992;COTAS;7313505.417683000000000;
202501;4707;2018001329;COTAS;39973.366387000000000;
202501;4786;2016000856;COTAS;1232423.999239000000000;
202501;3023;2001001738;OPERACAO_PARTICIPANTE;4716007.665236000000000;
202501;4707;2018001329;COTAS;2185895.597045000000000;
202501;4786;2016000856;COTAS;3812961.003817000000000;
202501;4707;2018001329;COTAS;264906.960260000000000;
202501;4786;2018001019;COTAS;818403.000119000000000;
202501;3023;2001001738;TIT_PUB;798691920.850000000000000;
202501;4707;2018001329;COTAS;2221830.170411000000000;
202501;4131;2017000647;VL_PG_RC;1169246.130000000000000;
202501;2395;1994001811;COTAS;488840.474221000000000;
202501;4786;2018001019;COTAS;92473.000000000000000;
202501;3126;2006003992;COTAS;34482330.240492000000000;
202501;3126;2006003992;COTAS;5035566.959633000000000;
202501;3037;1994001119;CAIXA;17955.830000000000000;
202501;4786;2019000611;COTAS;4356772.265273000000000;
202501;4707;2018001892;COTAS;3526807.965176000000000;
202501;3126;2006004011;COTAS;23502935.695854000000000;
202501;3188;2013000456;COTAS;10500493.429677000000000;25244544000120
202501;4786;2019000611;COTAS;206056.715515000000000;
202501;4176;2018002392;COTAS;5861137.751635000000000;31934038000165
202501;802;2003001956;COTAS;11435662.973680000000000;
202501;3037;1994001119;COTAS;350887.792925000000000;
202501;4707;2018001892;COTAS;525153.443330000000000;
202501;3037;1994001119;COTAS;2833429.838834000000000;
202501;4707;2018001892;COTAS;752857.485203000000000;
202501;4786;2019000611;VL_PG_RC;-402.040000000000000;
202501;4707;2018001892;COTAS;569305.685907000000000;
202501;3037;1994001119;COTAS;7370514.450142000000000;
202501;4707;2019003856;COTAS;373445.889505000000000;
202501;4707;2019003856;COTAS;411536.505482000000000;
202501;2395;1994001811;COTAS;5069920.207419000000000;
202501;4707;2019003856;COTAS;1820960.790607000000000;
202501;3126;2006004011;COTAS;193218264.736296000000000;49508512000152
202501;4791;2016001283;COTAS;1139330.200001000000000;
202501;4791;2016001283;COTAS;1579287.170005000000000;
202501;4791;2016001283;VL_PG_RC;793095.420000000000000;
202501;3037;1994001119;COTAS;16576438.194388000000000;
202501;821;1988000238;COTAS;9877598.792083000000000;
202501;4707;2019003856;COTAS;48295.941106000000000;
202501;3037;1994001119;COTAS;7544301.306654000000000;
202501;4707;2020000474;COTAS;95019.802198000000000;
202501;821;1988000238;COTAS;7773585.827916000000000;
202501;4707;2020000474;COTAS;627117.370593000000000;
202501;3037;1994001119;COTAS;633941.766232000000000;
202501;4801;2016001518;COTAS;36789810.949988000000000;
202501;4801;2016001518;COTAS;20249167.469999000000000;
202501;3099;1996002392;COTAS;52175.940000000000000;
202501;4707;2020002647;COTAS;1686786.583782000000000;
202501;4801;2016001518;COTAS;7658062.820002000000000;
202501;4707;2020002647;COTAS;247595.155206000000000;
202501;821;9970000000;VL_PG_RC;-106011.710000000000000;
202501;864;2023000483;COTAS;1777791.526618000000000;52315713000148
202501;4176;9970000000;COTAS;1156857.248640000000000;13401162000183
202501;3126;2006004011;TIT_PUB;22969262.730000000000000;
202501;3099;1996002392;COTAS;6688403.170007000000000;13411833000197
202501;3126;2006004711;COTAS;1126520.465280000000000;
202501;3099;1997000318;COTAS;9943174.843744000000000;
202501;3099;1997000318;COTAS;41661096.381703000000000;13411833000197
202501;4801;9970000000;COTAS;16425.420011000000000;
202501;3099;1999004647;CAIXA;860.280000000000000;
202501;878;1999003918;COTAS;1038097.943524000000000;
202501;881;1979000247;COTAS;2867520.254455000000000;
202501;3188;2013000456;COTAS;13722709.614194000000000;29298975000120
202501;2395;1994001811;VL_PG_RC;2939026.890000000000000;
202501;2395;9970000000;COTAS;8667264.025232000000000;
202501;4707;2022001265;COTAS;697768.437878000000000;
202501;2395;9970000000;VL_PG_RC;0.000000000000000;
202501;4801;9970000000;COTAS;69827.879918000000000;
202501;2422;1982001356;VL_PG_RC;1659.630000000000000;
202501;881;1979000247;COTAS;2470739.151063000000000;
202501;881;1994000929;COTAS;35911.685095000000000;
202501;3099;1999004892;VL_PG_RC;-282742.320000000000000;
202501;881;1999004256;COTAS;494461532.633228000000000;
202501;4707;9970000000;COTAS;8341.510178000000000;
202501;4176;9970000000;COTAS;13554700.391678000000000;17759357000150
202501;3126;1993001492;COTAS;565852.061662000000000;
202501;2422;1982001747;VL_PG_RC;211857.380000000000000;
202501;3126;1993001492;VL_PG_RC;441901.510000000000000;
202501;2422;1994003383;COTAS;1755303.863246000000000;14205056000197
202501;4181;2004000147;COTAS;4521954.565544000000000;
202501;4711;2008002047;COTAS;59566775.778284000000000;46975834000113
202501;3126;1993002219;COTAS;55492497.554904000000000;
202501;3126;1993002219;COTAS;4776058.636576000000000;
202501;4711;2008002047;VL_PG_RC;368.240000000000000;
202501;4181;2004000147;OPERACAO_PARTICIPANTE;24983130.920880000000000;
202501;4711;2014000638;CAIXA;36874.880000000000000;
202501;3126;1994002956;COTAS;73834060.271094000000000;
202501;3126;1994002956;COTAS;26161580.780144000000000;
202501;4711;2018000519;COTAS;7745195.279973000000000;46975834000113
202501;4181;9970000000;CAIXA;0.000000000000000;
202501;4711;2019003538;COTAS;17396512.812857000000000;26324274000120
202501;4203;2000001556;CAIXA;10133.260000000000000;
202501;3126;1994002956;COTAS;26288059.533893000000000;
202501;4711;2019003538;COTAS;1824846.876045000000000;46975866000119
202501;881;1999004256;VL_PG_RC;4415380.180000000000000;
202501;4203;2000001556;OPERACAO_PARTICIPANTE;1763805.750080033800000;
202501;3126;1995000711;COTAS;29547856.397798000000000;
202501;3188;2013000456;COTAS;3087465.182153000000000;36178602000180
202501;4203;2000002838;CAIXA;73953.540000000000000;
202501;3126;1995001147;COTAS;26176503.950918000000000;
202501;2422;1994003383;OPERACAO_PARTICIPANTE;645.610098970000000;
202501;4203;2004000929;COTAS;212854.429729000000000;40170889000170
202501;4724;2013000383;VL_PG_RC;7022152.310000000000000;
202501;3126;1995001147;COTAS;11363450.219418000000000;
202501;4203;9970000000;TIT_PRIV;70413946.590000000000000;
202501;881;2000003656;COTAS;-11692.455904000000000;
202501;3188;2016000538;TIT_PUB;26334341.560000000000000;
202501;881;2000003729;COTAS;489455.011636000000000;
202501;4813;2017000965;VL_PG_RC;0.000000000000000;
202501;4827;2018002465;COTAS;1755858.370530000000000;
202501;4827;2018002465;COTAS;715678.699781000000000;
202501;3126;1995001147;COTAS;1882925.896683000000000;
202501;4827;2020000547;VL_PG_RC;0.000000000000000;
202501;4827;9970000000;COTAS;52379.275728000000000;
202501;3126;1995001147;COTAS;2045105.133477000000000;
202501;4831;1981000283;VL_PG_RC;17926486.420000000000000;
202501;3126;1995001147;COTAS;3689424.106211000000000;
202501;3126;1995001147;VL_PG_RC;5731216.490000000000000;
202501;3126;1995002674;COTAS;2554179.590003000000000;
202501;3126;1997000938;COTAS;5519038.758728000000000;
202501;3126;1997001918;COTAS;13156568.814122000000000;
202501;3126;1997001918;COTAS;3386051.165308000000000;
202501;3126;2000007074;COTAS;255602349.152409000000000;
202501;3126;2000007074;COTAS;7284682.077410000000000;
202501;3126;2001000774;COTAS;177651.285856000000000;
202501;3126;2001001983;COTAS;17430177.595331000000000;
202501;4724;2013000618;COTAS;12622997.996024000000000;
202501;3126;2005005811;COTAS;6919670.293250000000000;
202501;3126;2005005811;COTAS;112890.368224000000000;
202501;3126;2006001183;COTAS;55615.975432000000000;
202501;3126;2006001183;COTAS;8868034.856748000000000;
202501;4724;2013000618;OPERACAO_PARTICIPANTE;15990210.259853875800000;
202501;3126;2006001183;COTAS;8681816.021166000000000;
202501;4831;1988002729;COTAS;194535.458564000000000;
202501;4831;1988002729;OPERACAO_PARTICIPANTE;521528.900000000000000;
202501;3126;2006001183;COTAS;611576.341516000000000;
202501;3126;2006003747;CAIXA;3994.820000000000000;
202501;3126;2006003747;COTAS;192631.879999000000000;
202501;4831;1993000429;COTAS;933380.932829000000000;
202501;4217;2021003329;COTAS;9393925.683652000000000;11435287000107
202501;4831;1993000429;COTAS;708819.351305000000000;
202501;3126;2006003747;COTAS;47265.262481000000000;
202501;3126;2006003747;VL_PG_RC;8145.860000000000000;
202501;4831;1993000429;IMOVEIS;859488.290000000000000;
202501;3126;2006003811;CAIXA;3995.460000000000000;
202501;3126;2006003811;COTAS;632505.951433000000000;
202501;3126;2006003992;CAIXA;64443.340000000000000;
202501;4831;1998003647;VL_PG_RC;45308.550000000000000;
202501;4217;9970000000;COTAS;148780.127487000000000;11435287000107
202501;3126;2006003992;COTAS;12203675.702829000000000;
202501;4831;2006006811;COTAS;9697681.935668000000000;
202501;3126;2006004011;COTAS;75081248.401237000000000;
202501;3126;2006004011;COTAS;2831360.520931000000000;
202501;3126;2006004711;COTAS;8255397.248018000000000;
202501;3126;2007001918;COTAS;26764718.460000000000000;
202501;3126;2007002019;COTAS;16087688.497561000000000;
202501;4831;2006006811;COTAS;28024118.050089000000000;
202501;3126;2007002019;COTAS;2094016.820113000000000;
202501;3126;2008000192;COTAS;2184019.269639000000000;
202501;4831;2006006811;IMOVEIS;7142893.430000000000000;
202501;3126;2008000192;COTAS;19530853.739401000000000;
202501;3126;2008001229;CAIXA;60230.640000000000000;
202501;4831;2006006811;TIT_PRIV;8611074.820000000000000;
202501;3126;2009000447;COTAS;4228061.422028000000000;
202501;4831;2019001829;COTAS;37240164.161179000000000;
202501;3126;2009000447;COTAS;718951.831809000000000;
202501;4831;2020000611;COTAS;3719049.506218000000000;
202501;3126;2010000129;COTAS;554651.150160000000000;
202501;3126;2010000129;COTAS;7347419.731482000000000;
202501;3126;2010002547;COTAS;9467107.928946000000000;
202501;3126;2010002547;COTAS;94356729.978742000000000;
202501;3126;2010002792;COTAS;959931.231371000000000;
202501;881;2000003729;COTAS;422046.508257000000000;
202501;3126;2010002792;COTAS;3967864.838023000000000;
202501;3126;2012001483;COTAS;685655.072843000000000;
202501;3126;2012001483;COTAS;3969440.851584000000000;
202501;3126;2013000529;CAIXA;155786.180000000000000;
202501;3126;2013000529;COTAS;1538038.971971000000000;
202501;881;2000003974;COTAS;4076521.144083000000000;
202501;3126;2021001318;COTAS;526050.010468000000000;
202501;881;2000003974;COTAS;49240680.439667000000000;
202501;3126;2021001318;COTAS;1112011.476535000000000;
202501;3126;2021001318;VL_PG_RC;225435.030000000000000;
202501;881;2000003974;VL_PG_RC;714809.780000000000000;
202501;3126;2024000118;CAIXA;500.490000000000000;
202501;881;2002001065;VL_PG_RC;103171.180000000000000;
202501;3126;9970000000;CAIXA;24336.560000000000000;
202501;4831;2020000611;TIT_PUB;269232879.080000000000000;
202501;4724;2013000618;TIT_PUB;730893668.920000000000000;
202501;3188;2017000574;COTAS;11696248.196698000000000;25244544000120
202501;4221;2005000892;COTAS;1855537.199215000000000;
202501;4831;9970000000;COTAS;52929340.307704000000000;20468585000186
202501;4738;2013001347;COTAS;9606233.654986000000000;
202501;4221;2005000892;COTAS;1001315.760599000000000;
202501;3161;1994004118;COTAS;11189603.394740000000000;
202501;4221;2005000892;COTAS;1567989.382690000000000;
202501;4844;2019000547;COTAS;9529743.495089000000000;
202501;4844;2019000547;COTAS;5218883.018533000000000;
202501;4738;2021002519;COTAS;23225.661785000000000;
202501;4844;9970000000;COTAS;2261461.140156000000000;
202501;4738;9970000000;COTAS;25219.855751000000000;
202501;3161;1994004118;COTAS;4849090.117238000000000;
202501;3161;2005005111;COTAS;5166291.184372000000000;
202501;4858;2018002211;COTAS;58364.110384000000000;
202501;3161;2005005111;COTAS;19356830.347732000000000;
202501;4738;9970000000;COTAS;3711924.099785000000000;
202501;3188;2017000574;COTAS;8728137.552477000000000;29298975000120
202501;4861;2019000474;COTAS;24003648.070001000000000;
202501;4221;2006004247;COTAS;6712932.999691000000000;
202501;3174;1994004029;CAIXA;230086.680000000000000;
202501;4875;2020002329;TIT_PRIV;1390181.170000000000000;
202501;4741;2013001738;COTAS;16419779.160000000000000;
202501;4741;2013001738;COTAS;136575992.589307000000000;37467376000110
202501;4741;9970000000;COTAS;4649518.742666000000000;
202501;4741;9970000000;VL_PG_RC;-48.510000000000000;
202501;3174;1994004029;COTAS;70572801.901161000000000;
202501;4755;2014000311;COTAS;1937940.707685000000000;
202501;4755;2015001247;COTAS;160221.570163000000000;
202501;4755;2015001247;COTAS;280008.253043000000000;
202501;4221;2012001629;COTAS;1093893.938669000000000;
202501;4875;9970000000;COTAS;1161147.965955000000000;
202501;3188;1994002565;COTAS;2672859.870085000000000;10214125000178
202501;4755;2015001247;COTAS;252779.920572000000000;
202501;3188;1994002565;COTAS;6255764.189648000000000;10220247000177
202501;4755;9970000000;COTAS;1878856.917547000000000;
202501;3188;1994002565;VL_PG_RC;142940.870000000000000;
202501;4755;9970000000;COTAS;520260.854198000000000;
202501;3188;1996001647;COTAS;251571.435700000000000;
202501;4221;2012001629;COTAS;5664320.607196000000000;
202501;3188;1996001647;COTAS;24123.305663000000000;10220247000177
202501;4755;9970000000;COTAS;220307.133306000000000;
202501;4769;2015000429;COTAS;477697.480442000000000;
202501;3188;2017000574;COTAS;6798552.247358000000000;34613727000166
202501;4221;2012001629;COTAS;422350.543202000000000;
202501;3126;2006004711;VL_PG_RC;115985.570000000000000;
202501;4769;2015000429;COTAS;10709750.868463000000000;
202501;4875;9970000000;TIT_PRIV;7610919.110000000000000;
202501;4221;2012001874;COTAS;20086167.278562000000000;
202501;4221;2015001883;COTAS;1878764.473844000000000;
202501;4892;2021000583;COTAS;4182872.732933000000000;
202501;4234;2004002956;COTAS;107484314.920009000000000;
202501;3188;1996004883;COTAS;5058991.191834000000000;
202501;3126;2007002019;CAIXA;786343.500000000000000;
202501;2422;2002002738;ACOES;7807.390000000000000;
202501;4234;2004002956;VL_PG_RC;-174799.600000000000000;
202501;3188;1996004883;COTAS;9225358.869053000000000;
202501;4769;2015000429;TIT_PUB;60514350.300000000000000;
202501;3188;1996004883;COTAS;3170553.626625000000000;
202501;4786;2016000856;COTAS;53882950.000000000000000;
202501;3188;1998004856;COTAS;2116623.785715000000000;
202501;3188;1998004856;COTAS;1818684.030133000000000;
202501;3126;2007002019;COTAS;922468.897828000000000;
202501;4786;2016000856;VL_PG_RC;-4819.650000000000000;
202501;4892;2021000583;VL_PG_RC;-0.020000000000000;
202501;3126;2008000192;COTAS;12237627.396533000000000;
202501;3126;2008000192;COTAS;3501575.188150000000000;
202501;3188;1998004856;COTAS;17905411.688846000000000;25244544000120
202501;2422;2002002738;IMOVEIS;1278139.230000000000000;
202501;2422;2002002819;COTAS;6194143.467024000000000;14205056000197
202501;4786;2018001019;COTAS;2084204.999999000000000;
202501;3188;2017000711;COTAS;4530192.842859000000000;
202501;4786;2018001019;VL_PG_RC;-207.700000000000000;
202501;881;2008001619;COTAS;-304.550948000000000;
202501;4786;2019000611;COTAS;2620693.590733000000000;
202501;3188;2017000711;COTAS;12342018.083286000000000;25244544000120
202501;3188;2017000711;COTAS;12331931.958898000000000;29298975000120
202501;4786;2019000611;COTAS;36900.461449000000000;
202501;4786;9970000000;COTAS;1823631.183650000000000;
202501;3126;2008000192;COTAS;50179576.343367000000000;
202501;3188;1998004856;COTAS;2374119.820281000000000;36178602000180
202501;3188;1998006247;COTAS;30310764.969593000000000;18270776000197
202501;4786;9970000000;COTAS;382228.340606000000000;
202501;3188;1998006247;COTAS;4471855.290788000000000;27565843000191
202501;3188;1999002792;COTAS;6733912.682363000000000;10220241000108
202501;4786;9970000000;VL_PG_RC;-2501.170000000000000;
202501;3126;2008000192;COTAS;17124.525116000000000;
202501;4791;2016001283;COTAS;7658888.009999000000000;
202501;3188;1999002792;COTAS;3725073.903971000000000;34613727000166
202501;4791;9970000000;COTAS;2051088.199998000000000;
202501;3188;1999003756;COTAS;2051161.341175000000000;
202501;4791;9970000000;VL_PG_RC;1978508.710000000000000;
202501;3188;1999003756;COTAS;1834551.111554000000000;36178602000180
202501;3126;2009000447;COTAS;400817.486502000000000;
202501;4801;2016001518;CAIXA;340644.160000000000000;
202501;3188;1999003756;VL_PG_RC;-38171.010000000000000;
202501;3188;2000007856;COTAS;7180969.963768000000000;10214125000178
202501;3188;2000007856;VL_PG_RC;-70192.360000000000000;
202501;2422;2002003238;OPERACAO_PARTICIPANTE;11137.370246639900000;
202501;4248;2000001718;OPERACAO_PARTICIPANTE;812129.550648351900000;
202501;4801;2016001518;COTAS;7153382.090000000000000;
202501;3126;2010002792;COTAS;15068930.475741000000000;
202501;4801;2021000818;COTAS;447203.339999000000000;
202501;4801;2021000818;VL_PG_RC;0.000000000000000;
202501;3126;2012001483;COTAS;2498980.815090000000000;
202501;3188;2001000847;COTAS;93046.905911000000000;
202501;4248;2009000838;COTAS;2103112.722666000000000;52350495000182
202501;3126;2012001483;COTAS;14565363.908936000000000;
202501;4248;2011001919;COTAS;145290405.892212000000000;
202501;3188;2001000847;COTAS;203792.307050000000000;
202501;4801;9970000000;COTAS;1897986.350006000000000;
202501;3188;2002000565;CAIXA;84.420000000000000;
202501;4827;2018002465;COTAS;11402229.071578000000000;
202501;3188;2002000565;COTAS;312993.366752000000000;
202501;3188;2002000565;COTAS;5172777.219766000000000;10220241000108
202501;3188;2002000719;COTAS;8644287.877295000000000;18270776000197
202501;4827;2018002465;COTAS;930830.622088000000000;
202501;3188;2002000719;COTAS;3264694.241256000000000;27565843000191
202501;3188;2003000747;COTAS;253356.103880000000000;
202501;3188;2003000747;COTAS;143604.138873000000000;
202501;4827;2019003465;CAIXA;1509.530000000000000;
202501;3188;2003000747;COTAS;265560.706978000000000;25244544000120
202501;3188;2003001638;COTAS;4075897.176557000000000;25244544000120
202501;4831;1974000583;IMOVEIS;12213170.420000000000000;
202501;3188;2004002174;COTAS;39559306.834145000000000;29298975000120
202501;4831;1988002729;CAIXA;28825.400000000000000;
202501;4831;1993000429;COTAS;2325221.125706000000000;
202501;4831;1993000429;TIT_PRIV;701.460000000000000;
202501;3188;2004002174;TIT_PUB;98412266.800000000000000;
202501;3188;2005000256;COTAS;1354206.959266000000000;
202501;3188;2005000256;COTAS;1331458.800919000000000;
202501;3188;2005000256;COTAS;1510803.521997000000000;36178602000180
202501;4831;1998003647;CAIXA;79935.360000000000000;
202501;4831;1998003647;COTAS;12284749.219579000000000;
202501;4831;1998003647;COTAS;33152992.288956000000000;
202501;4831;1998003647;COTAS;10597645.586820000000000;
202501;2422;2002003556;VL_PG_RC;93850.120000000000000;
202501;3188;2017000711;COTAS;9979464.568837000000000;34613727000166
202501;4831;1998003647;COTAS;77817666.126720000000000;42774842000140
202501;4831;1998003647;OPERACAO_PARTICIPANTE;28239065.220361381800000;
202501;4831;2006006811;ACOES;1402.620000000000000;
202501;4831;2006006811;COTAS;42385075.492710000000000;
202501;4831;2006006811;VL_PG_RC;2953546.510000000000000;
202501;4248;2014001847;OPERACAO_PARTICIPANTE;481604.100000000000000;
202501;3188;2019000865;COTAS;4429239.940774000000000;
202501;881;2008001619;COTAS;-9816.167228000000000;
202501;3126;2012001483;COTAS;11544.390801000000000;
202501;2422;2002004218;IMOVEIS;4405177.750000000000000;
202501;4248;2020001683;COTAS;889319.284779000000000;03079923000179
202501;4831;2019001829;COTAS;33115099.219395000000000;37452344000141
202501;4248;2020001683;COTAS;4091868.649197000000000;08035716000136
202501;4831;2019001829;VL_PG_RC;-765305.990000000000000;
202501;4248;2020001683;COTAS;2388827.753543000000000;19602288000100
202501;2422;2002004374;OPERACAO_PARTICIPANTE;44676.431412471300000;
202501;4831;2020000611;COTAS;0.050120000000000;
202501;881;2008001619;TIT_PRIV;199817.450000000000000;
202501;2422;2002004447;VL_PG_RC;2021861.670000000000000;
202501;3188;2005000256;TIT_PUB;70815434.660000000000000;
202501;3126;2013000529;COTAS;191496.229640000000000;
202501;4831;2020000611;COTAS;7291.716855000000000;
202501;3188;2005001211;COTAS;2956188.440770000000000;10214125000178
202501;4831;2020000611;COTAS;302231.535575000000000;
202501;881;9970000000;COTAS;21563.143524000000000;
202501;4831;2020000611;OPERACAO_PARTICIPANTE;2392686.610000000000000;
202501;3126;2018000756;COTAS;1646338.175018000000000;
202501;3188;2005001211;COTAS;47742.915980000000000;10220247000177
202501;3188;2005001211;VL_PG_RC;-24347.390000000000000;
202501;3126;2018000756;VL_PG_RC;62083.570000000000000;
202501;3188;2007003074;COTAS;906707.022845000000000;25244544000120
202501;3126;2021001229;COTAS;1398899.106605000000000;
202501;881;9970000000;COTAS;160902.077119000000000;
202501;3126;2021001229;COTAS;575237.411747000000000;
202501;895;1985000792;COTAS;6273952.624615000000000;
202501;3126;2021001229;VL_PG_RC;175618.650000000000000;
202501;895;1985000792;COTAS;3726707.455800000000000;58528785000150
202501;3126;2021001318;CAIXA;4000.200000000000000;
202501;3126;2021001318;COTAS;1417918.019867000000000;
202501;895;1985000792;VL_PG_RC;2156886.440000000000000;
202501;3126;2021001318;COTAS;1168883.465048000000000;
202501;895;2000002511;COTAS;564916.950000000000000;
202501;3188;2009002156;COTAS;11386759.706553000000000;
202501;3126;2023000874;CAIXA;2000.000000000000000;
202501;3188;2009002156;COTAS;94386485.377446000000000;29298975000120
202501;3126;2024000665;CAIXA;2909077.250000000000000;
202501;4248;2020001683;COTAS;1720654.355778000000000;28206291000198
202501;4248;2020001683;COTAS;290494.190281000000000;32240211000198
202501;2422;9970000000;COTAS;59121115.405940000000000;14205056000197
202501;3188;2009002156;COTAS;26418680.097619000000000;34613727000166
202501;2511;1992001529;COTAS;1150678135.162098000000000;06095367000112
202501;2511;1992001529;COTAS;510077697.915853000000000;06095369000101
202501;3126;2024000665;TIT_PUB;25921146.580000000000000;
202501;3188;2009002156;TIT_PUB;697331988.440000000000000;
202501;2511;9970000000;CAIXA;7275.630000000000000;
202501;4248;9970000000;VL_PG_RC;-4136.440000000000000;
202501;4279;2004002711;COTAS;4881891748.209453000000000;24249979000102
202501;4831;9970000000;CAIXA;60678.080000000000000;
202501;3188;2019000865;COTAS;3033529.090657000000000;27565843000191
202501;3161;1994004118;COTAS;11545593.749722000000000;
202501;4844;2019000547;COTAS;6529719.657017000000000;
202501;3188;2009002229;VL_PG_RC;0.000000000000000;
202501;3161;1994004118;COTAS;16627576.000000000000000;
202501;4844;2019000547;COTAS;10836207.852450000000000;
202501;3161;1994004118;COTAS;3216171.491342000000000;
202501;3188;2019001047;COTAS;42297.474153000000000;18270776000197
202501;3161;1994004118;COTAS;16894890.569297000000000;
202501;3188;2021003019;COTAS;730089.617864000000000;10214125000178
202501;3161;2005005111;COTAS;2422628.987887000000000;
202501;3188;2010000374;COTAS;1375490.260202000000000;18270776000197
202501;3188;2021003019;COTAS;2838711.399643000000000;10220247000177
202501;3188;2010000374;COTAS;321151.474124000000000;27565843000191
202501;4844;2019000547;COTAS;16982542.377008000000000;
202501;3188;2021003019;COTAS;492046.123127000000000;29298975000120
202501;3188;2021003019;COTAS;572105.172645000000000;34613727000166
202501;3161;2005005111;COTAS;677585.796639000000000;
202501;3188;2010003047;COTAS;365054.866191000000000;10220241000108
202501;3188;2023000947;COTAS;586455.764803000000000;18270776000197
202501;3188;2010003047;COTAS;304764.227561000000000;34613727000166
202501;4279;2004002711;COTAS;23793179.946643000000000;53507965000131
202501;3188;2010003292;COTAS;2037542.640580000000000;10220241000108
202501;3201;1994004274;COTAS;227886.884722000000000;
202501;4279;2016001992;COTAS;3331681.880076000000000;
202501;3201;9970000000;VL_PG_RC;0.000000000000000;
202501;3188;2010003365;COTAS;4442715.658997000000000;
202501;3188;2010005074;COTAS;430764.107295000000000;18270776000197
202501;3251;1995001465;CAIXA;778335.690000000000000;
202501;3188;2010005074;COTAS;416976.558510000000000;27565843000191
202501;3251;1995001465;COTAS;1761137.420000000000000;
202501;3188;2010005211;COTAS;14194446.675257000000000;10214125000178
202501;3251;1995001465;COTAS;3284662.472327000000000;
202501;3188;2010005211;VL_PG_RC;-81587.480000000000000;
202501;3251;1995001465;COTAS;6874706.492661000000000;
202501;3161;2005005111;COTAS;1393670.702439000000000;
202501;3161;2005005111;COTAS;1269265.299132000000000;
202501;895;2000002511;COTAS;258432.409148000000000;
202501;895;2000002511;COTAS;1009947.820000000000000;58528785000150
202501;3188;2012000665;COTAS;1465757.904075000000000;10214125000178
202501;4844;2019000547;COTAS;4695087.892075000000000;
202501;3188;2012000665;COTAS;34317218.977004000000000;25244544000120
202501;3251;1995001465;COTAS;136567.437329000000000;
202501;4279;2018000111;COTAS;1222889.435769000000000;
202501;3251;1995001465;COTAS;3046395.009644000000000;
202501;3251;1995001465;COTAS;165455.941049000000000;
202501;4844;2019000547;COTAS;3477539.488166000000000;
202501;4279;2018000111;COTAS;1343957.875618000000000;24215247000193
202501;4282;2004003065;COTAS;3331630.788099000000000;
202501;3251;1995001465;COTAS;299978.042482000000000;
202501;3188;2012000665;COTAS;481731.490529000000000;36178602000180
202501;4311;2005002747;CAIXA;197.000000000000000;
202501;3251;1995001465;TIT_PUB;108393919.480000000000000;
202501;4311;2005002747;COTAS;7808078.479999000000000;
202501;3304;1995002747;COTAS;974558.738295000000000;
202501;3188;2012000665;VL_PG_RC;-65293.340000000000000;
202501;3304;1995002747;COTAS;5258756.167547000000000;
202501;4311;9970000000;CAIXA;11726.340000000000000;
202501;4368;9970000000;COTAS;33415553.780001000000000;
202501;4844;2019000547;COTAS;5081804.502891000000000;
202501;3188;2016000538;COTAS;21643115.085036000000000;18270776000197
202501;4844;2019000547;COTAS;4003215.080927000000000;
202501;3188;2016000538;COTAS;2019170.693719000000000;27565843000191
202501;4368;9970000000;VL_PG_RC;-5002.670000000000000;
202501;3188;2017000574;COTAS;2123239.532102000000000;
202501;4371;2005004911;CAIXA;165.320000000000000;
202501;3188;2019000865;COTAS;13707377.035733000000000;29298975000120
202501;4385;9970000000;COTAS;7036895.930000000000000;
202501;3304;1995002747;COTAS;4071741.045411000000000;
202501;4858;9970000000;VL_PG_RC;-200.910000000000000;
202501;3188;2019000865;TIT_PUB;15594951.000000000000000;
202501;4409;2006000829;COTAS;35234.500000000000000;
202501;4861;2019000474;COTAS;3265047.809984000000000;
202501;3188;2021003019;COTAS;1198435.418531000000000;10220241000108
202501;4412;2006001329;COTAS;43922866.650906000000000;
202501;3188;2023000947;COTAS;56851.240736000000000;10214125000178
202501;4875;2020002329;CAIXA;69960.610000000000000;
202501;3304;1995002747;COTAS;208259.541032000000000;
202501;4875;9970000000;VL_PG_RC;-2520.170000000000000;
202501;4947;1996003747;COTAS;102016940.489932000000000;
202501;2525;1974000265;COTAS;5318745.429147000000000;
202501;3188;2023000947;COTAS;6437731.201446000000000;25244544000120
202501;2525;1974000265;VL_PG_RC;52835.780000000000000;
202501;3188;2023000947;VL_PG_RC;-184.330000000000000;
202501;3251;1995001465;COTAS;791343.629715000000000;
202501;3251;1995001465;COTAS;5939205.582748000000000;
202501;3161;9970000000;CAIXA;13900.000000000000000;
202501;3251;1995001465;COTAS;464884.911891000000000;
202501;3251;1995001465;OPERACAO_PARTICIPANTE;24744040.090000000000000;
202501;3304;1995002747;COTAS;2463578.617423000000000;
202501;3304;1995002747;COTAS;63028.272943000000000;
202501;3304;1995002747;COTAS;9981982.700243000000000;
202501;3304;1995002747;COTAS;8217508.533331000000000;
202501;4426;2006003111;ACOES;3482079.800000000000000;
202501;3174;1994004029;COTAS;24885370.685984000000000;
202501;4426;2007002329;COTAS;827394.224500000000000;
202501;3174;1994004029;COTAS;18287532.457208000000000;
202501;4426;2007002329;VL_PG_RC;-2194186.800000000000000;
202501;2525;1979004511;COTAS;302473604.331063000000000;58430028000149
202501;3304;1995002747;COTAS;1676830.993500000000000;
202501;3174;1994004029;COTAS;177364950.039215000000000;19602004000178
202501;2525;2009003756;COTAS;51473663.083498000000000;54874511000161
202501;3304;1995002811;COTAS;63124.703825000000000;
202501;3188;1989000983;CAIXA;212532.360000000000000;
202501;2525;2009003756;OPERACAO_PARTICIPANTE;26725337.659881720600000;
202501;4947;1996003747;COTAS;48456246.813541000000000;46685235000165
202501;3304;1995002811;COTAS;774655.269566000000000;
202501;3304;1995002747;COTAS;3892199.826599000000000;
202501;2525;2020002256;COTAS;2511536.480220000000000;05194813000183
202501;4426;9970000000;TIT_PUB;4639950.540000000000000;
202501;3304;1995002811;COTAS;3896808.153452000000000;
202501;3304;1995002811;COTAS;2675169.273352000000000;
202501;895;2012001718;COTAS;11365587.507871000000000;
202501;2525;2020002256;COTAS;516212.922662000000000;45494526000103
202501;3304;1995002811;COTAS;2089566.706066000000000;
202501;895;2014002118;COTAS;780366.312754000000000;
202501;3304;1995002747;COTAS;271884.065005000000000;
202501;3304;1995002811;COTAS;5906.118140000000000;
202501;3304;2011001838;COTAS;1186946.508329000000000;
202501;3304;1995002747;COTAS;507558.170084000000000;
202501;3304;1995002811;COTAS;681131.484952000000000;
202501;3304;1995002811;COTAS;413171.259402000000000;
202501;3304;1995002811;COTAS;2891559.689014000000000;
202501;3304;2011001838;COTAS;580012.494785000000000;
202501;2525;2020002256;COTAS;951372.051550000000000;45521758000103
202501;3304;1995002811;COTAS;675262.990506000000000;
202501;3304;2011001838;COTAS;329907.846233000000000;
202501;3304;1995002811;COTAS;373271.171609000000000;
202501;3304;2011001838;COTAS;2205653.643990000000000;
202501;895;2014002118;COTAS;1093796.548141000000000;
202501;3304;1995002811;COTAS;7067.156802000000000;
202501;2525;2023000556;COTAS;44113.983204000000000;
202501;2525;2023000556;COTAS;9096332.389628000000000;
202501;2525;2023000556;COTAS;3709118.042354000000000;04573108000124
202501;895;2014002118;COTAS;151492.173000000000000;58528785000150
202501;4443;1982002018;CAIXA;8927.190000000000000;
202501;3304;2011001838;COTAS;622614.079210000000000;
202501;3321;1995002992;COTAS;4878561.342263000000000;
202501;895;2014002118;VL_PG_RC;-52465.870000000000000;
202501;3321;1995002992;COTAS;14847017.571969000000000;
202501;4443;1982002018;COTAS;5686145.309126000000000;
202501;3321;1995002992;COTAS;4795727.277780000000000;
202501;895;2017000183;CAIXA;635.500000000000000;
202501;4443;1982002018;COTAS;6285482.967815000000000;
202501;3321;1995002992;COTAS;2573220.562970000000000;
202501;895;2020001829;COTAS;135369.038192000000000;
202501;4443;1982002018;OPERACAO_PARTICIPANTE;4111218.029976220300000;
202501;2525;2023000556;COTAS;647385.021611000000000;54874511000161
202501;919;1980000719;COTAS;72403538.262278000000000;39240301000128
202501;2525;2023000556;OPERACAO_PARTICIPANTE;44371.900000000000000;
202501;922;1981001018;VL_PG_RC;-400766.790000000000000;
202501;3321;1995002992;COTAS;19506057.288680000000000;
202501;922;2013000847;COTAS;542648.868790000000000;
202501;3304;2011001838;COTAS;339773.214383000000000;
202501;3304;2011001838;COTAS;71546.257974000000000;
202501;2556;1993000119;COTAS;142764.170880000000000;
202501;3321;1995002992;COTAS;2914341.715618000000000;
202501;2556;1993000119;COTAS;2462835.000000000000000;
202501;922;2017001392;CAIXA;4425.810000000000000;
202501;922;9970000000;VL_PG_RC;2068.960000000000000;
202501;936;1990001483;COTAS;19356740.265538000000000;
202501;3321;1995002992;COTAS;1117887.329000000000000;
202501;936;1990001483;COTAS;17235086.138023000000000;
202501;936;1998003256;COTAS;2434420.396681000000000;
202501;3321;1995002992;COTAS;5123792.271609000000000;
202501;936;1998003256;COTAS;723215.386400000000000;
202501;936;2010002156;COTAS;9252169.253600000000000;
202501;3321;1995002992;COTAS;9628133.189624000000000;
202501;3321;1995002992;COTAS;9730960.249362000000000;
202501;3188;1989000983;TIT_PUB;182328445.290000000000000;
202501;936;2010002156;COTAS;83401044.808101000000000;
202501;3321;1995002992;TIT_PUB;65684869.010000000000000;
202501;3321;9970000000;CAIXA;1254.030000000000000;
202501;3349;1995003638;COTAS;2835974.879998000000000;
202501;3349;1995003638;COTAS;3941500.000000000000000;
202501;3349;1995003638;COTAS;2739162.000000000000000;
202501;3188;1994002565;COTAS;4138503.680506000000000;
202501;936;2010002156;COTAS;6370119.621551000000000;
202501;3321;1995002992;COTAS;13478112.786912000000000;
202501;2556;1993000119;TIT_PUB;1112742006.840000000000000;
202501;3349;1995003638;COTAS;11672157.712233000000000;
202501;3349;1995003638;COTAS;2214147.908183000000000;
202501;4443;9970000000;CAIXA;8435.520000000000000;
202501;936;2010002156;OPERACAO_PARTICIPANTE;41458326.220661696200000;
202501;3188;1994002565;COTAS;10143622.414802000000000;29298975000120
202501;4461;9970000000;COTAS;563309.583098000000000;
202501;3321;1995002992;COTAS;271836.050510000000000;
202501;4501;2007002183;VL_PG_RC;0.000000000000000;
202501;4515;9970000000;CAIXA;161296.720000000000000;
202501;3349;1995003638;CAIXA;8025.200000000000000;
202501;4529;2008002365;COTAS;4958137.810790000000000;
202501;2556;1998007618;COTAS;1387104.493070000000000;
202501;2556;1998007618;COTAS;334234.700000000000000;
202501;3349;1995003638;COTAS;412240.217008000000000;
202501;3349;1995003638;COTAS;5759688.752542000000000;
202501;3349;1995003638;COTAS;58344540.934027000000000;
202501;4529;2008002365;COTAS;2322430.079992000000000;
202501;3349;1995003638;COTAS;19001451.782987000000000;
202501;2556;1998007618;COTAS;12916949.452788000000000;
202501;3349;9970000000;VL_PG_RC;-875.260000000000000;
202501;4529;2008002365;COTAS;3538639.234759000000000;
202501;3407;1995003247;COTAS;442508893.898291000000000;
202501;2556;9970000000;COTAS;3459.438254000000000;
202501;3407;1995003247;COTAS;10538535.811247000000000;
202501;2556;9970000000;COTAS;34894.797603000000000;
202501;2561;1999000447;COTAS;1252015552.223691000000000;21082397000188
202501;3407;9970000000;CAIXA;9.520000000000000;
202501;3407;9970000000;COTAS;8842.536537000000000;
202501;2561;1999000447;COTAS;24491706.821696000000000;41545586000157
202501;2561;2014001219;COTAS;66521110.717021000000000;
202501;3438;1999001656;COTAS;85101378.470000000000000;36180815000147
202501;3188;1994002565;COTAS;289038.314494000000000;36178602000180
202501;2561;2014001219;COTAS;99060814.560462000000000;
202501;2561;2014001219;COTAS;530679614.285701000000000;
202501;3438;1999001729;COTAS;134873869.740000000000000;13500098000198
202501;3438;2000000118;CAIXA;0.000000000000000;
202501;3188;1996001647;COTAS;1978566.610972000000000;10214125000178
202501;3438;2000000118;VL_PG_RC;-2633.550000000000000;
202501;3349;1995003638;COTAS;7261309.495119000000000;
202501;3188;1996001647;COTAS;323747.589556000000000;36178602000180
202501;3438;2000001238;VL_PG_RC;482052.560000000000000;
202501;3188;1996001647;VL_PG_RC;-13973.460000000000000;
202501;3438;2000005111;COTAS;2768148.319912000000000;
202501;3188;1997001047;CAIXA;1873.490000000000000;
202501;3438;2002000956;CAIXA;0.000000000000000;
202501;2561;2014001219;COTAS;35450726.386811000000000;40226038000100
202501;4529;2008002365;IMOVEIS;20103175.700000000000000;
202501;3188;1997001047;COTAS;3396768.383361000000000;
202501;2561;9970000000;COTAS;2298223.302204000000000;
202501;3438;2002002029;COTAS;8582.692550000000000;
202501;3349;1995003638;COTAS;4899151.979067000000000;
202501;4532;2008004856;CAIXA;47072.920000000000000;
202501;3349;1995003638;COTAS;3311000.796258000000000;
202501;3188;1997001047;COTAS;28156709.192100000000000;10220241000108
202501;2587;9970000000;CAIXA;119275.530000000000000;
202501;3188;1997001047;COTAS;11291904.624726000000000;10220247000177
202501;2659;1995001783;OPERACAO_PARTICIPANTE;228803.090012100000000;
202501;2659;2000002447;CAIXA;2825982.510000000000000;
202501;2659;2000002447;COTAS;10368331.901550000000000;
202501;3188;1997002183;COTAS;111975.967199000000000;
202501;941;1980001618;COTAS;8777509.981362000000000;
202501;2659;2000002447;COTAS;12309877.149835000000000;
202501;3188;1998004856;COTAS;7305235.816624000000000;10220241000108
202501;2659;9970000000;COTAS;22996866.626873000000000;
202501;3438;2002002029;OPERACAO_PARTICIPANTE;363646.620000000000000;
202501;2693;1993000811;COTAS;30871604.305786000000000;
202501;941;1980001618;COTAS;28390516.536226000000000;
202501;3188;1998004856;COTAS;44433.345791000000000;18270776000197
202501;941;1998007774;COTAS;-17452388.269460000000000;
202501;3188;1998004856;COTAS;2631568.523006000000000;34613727000166
202501;3438;2002002118;OPERACAO_PARTICIPANTE;186511.310000000000000;
202501;941;1998007774;COTAS;44711002.336312000000000;
202501;3438;2005002992;COTAS;75794332.584214000000000;
202501;3188;1998005674;COTAS;94761.699368000000000;
202501;3188;1998005674;COTAS;3952500.355027000000000;29298975000120
202501;4532;2008004856;COTAS;21734447.370782000000000;
202501;2693;1993000811;TIT_PUB;258499668.720000000000000;
202501;3407;1995003247;COTAS;583234.576854000000000;
202501;2693;2021001938;COTAS;149032.473146000000000;
202501;3407;1995003247;COTAS;20199491.261293000000000;
202501;2721;2004002018;COTAS;26369799.023851000000000;13425746000199
202501;3407;9970000000;COTAS;3875.410414000000000;
202501;2796;1993002529;COTAS;108248376.178203000000000;14298810000180
202501;3407;9970000000;COTAS;90.118224000000000;
202501;2796;2015001174;COTAS;213272291.682720000000000;14298810000180
202501;2811;1993002774;COTAS;43189767.143845000000000;
202501;3411;2014001065;CAIXA;1684.110000000000000;
202501;2811;1993002774;COTAS;9074470.172986000000000;
202501;2811;1993002774;COTAS;57314989.963393000000000;
202501;2811;1993002774;COTAS;33888915.420489000000000;
202501;2811;1993002774;COTAS;4364457.352316000000000;
202501;3411;2014001065;COTAS;85553842.402913000000000;13425757000179
202501;2811;1993002774;COTAS;1803974.214127000000000;
202501;3438;2005006556;CAIXA;261227.700000000000000;
202501;3411;2014001065;COTAS;27906282.116695000000000;45017499000188
202501;2823;1994000392;COTAS;870297.030008000000000;
202501;3411;2016001356;COTAS;18270284.218309000000000;13970020000137
202501;3411;2016001356;VL_PG_RC;-257.010000000000000;
202501;3438;1988003083;COTAS;1759159.225001000000000;
202501;2823;1994000392;COTAS;275043.222761000000000;
202501;3438;1989001238;COTAS;952670.944022000000000;06170648000192
202501;2823;1994000465;CAIXA;1966165.400000000000000;
202501;3438;1999001011;COTAS;167355051.535384000000000;46206481000197
202501;2823;1994000465;COTAS;27630966.682317000000000;
202501;2823;1994000465;COTAS;73080366.430955000000000;
202501;3438;1999001729;CAIXA;811500.120000000000000;
202501;3438;2000001238;CAIXA;90002.590000000000000;
202501;3438;2005006556;COTAS;3421298.235212000000000;
202501;2823;1994000465;COTAS;12516537.772581000000000;
202501;2823;1994000465;COTAS;36181680.779569000000000;
202501;3438;2006002074;CAIXA;469801.730000000000000;
202501;3438;2000005111;COTAS;11371674.942019000000000;17695440000103
202501;2823;1994000465;COTAS;10616989.093738000000000;
202501;3438;2001002092;COTAS;28283995.906517000000000;
202501;3438;2005002992;COTAS;37745574.590551000000000;
202501;2823;1994000465;COTAS;826435.030653000000000;
202501;3438;2006002074;VL_PG_RC;0.000000000000000;
202501;3438;2005002992;COTAS;32956367.360213000000000;
202501;2823;1994000465;VL_PG_RC;6418496.380000000000000;
202501;3438;2005006556;VL_PG_RC;-4635.050000000000000;
202501;2823;1994000538;COTAS;265496848.993502000000000;
202501;941;1998007774;COTAS;46112217.104563000000000;
202501;2823;1994000538;COTAS;76584180.641263000000000;
202501;3438;2006002147;CAIXA;511178.220000000000000;
202501;2823;1994000538;COTAS;25428308.793473000000000;
202501;3438;2006002611;CAIXA;0.000000000000000;
202501;3438;2006002211;VL_PG_RC;-43716.950000000000000;
202501;3438;2006002611;COTAS;135098792.560743000000000;08661367000168
202501;2823;1994000538;COTAS;14145799.476217000000000;
202501;3438;2006002465;VL_PG_RC;-4255.820000000000000;
202501;3188;1998006247;COTAS;4750960.838647000000000;
202501;3438;2006002611;VL_PG_RC;-2407065.900000000000000;
202501;3188;1998006247;COTAS;18270276.171591000000000;10220241000108
202501;3188;1998006247;COTAS;10183912.847052000000000;34613727000166
202501;3188;1999002792;COTAS;1563949.383775000000000;
202501;3438;2006002856;COTAS;39452915.840885000000000;08661367000168
202501;3188;1999002792;COTAS;1416786.006797000000000;18270776000197
202501;3438;2009002083;COTAS;2431755.427235000000000;
202501;3188;1999003756;COTAS;791850.243553000000000;
202501;3188;1999003756;COTAS;8143127.324452000000000;10214125000178
202501;3188;1999003756;COTAS;1835977.228601000000000;10220247000177
202501;3438;2009002083;COTAS;8929473.457438000000000;
202501;3188;1999003756;COTAS;15759395.731208000000000;29298975000120
202501;3438;2009003519;COTAS;23017503.340003000000000;05482325000171
202501;3188;1999003756;COTAS;1235220.825474000000000;34613727000166
202501;2823;1994000538;COTAS;16415993.356237000000000;
202501;3438;2009003519;COTAS;203889910.079998000000000;11110873000173
202501;3438;2012000347;CAIXA;97681.810000000000000;
202501;3438;2013001983;OPERACAO_PARTICIPANTE;457451.220000000000000;
202501;3438;2020002183;COTAS;2850870.969035000000000;
202501;2841;2005004529;ACOES;24275059.220000000000000;
202501;3438;2021002047;CAIXA;10981.820000000000000;
202501;2841;2005004529;CAIXA;200608.120000000000000;
202501;941;1998007774;COTAS;20407668.438194000000000;
202501;3438;2021002438;COTAS;9938406.321807000000000;
202501;2841;2005004529;COTAS;3969827.219378000000000;
202501;2841;2005004611;ACOES;9194735.480000000000000;
202501;4546;2009000919;COTAS;2109158.075508000000000;
202501;2841;9970000000;COTAS;581914.115842000000000;
202501;3438;2021002438;VL_PG_RC;-4188336.810000000000000;
202501;2854;1995002518;VL_PG_RC;-1572.340000000000000;
202501;3438;2021002918;COTAS;548879.335770000000000;
202501;3472;1984001183;CAIXA;30838.920000000000000;
202501;3472;1984001183;COTAS;103219019.651410000000000;
202501;3472;1984001183;COTAS;203026240.178569000000000;07504907000137
202501;3472;1984001183;COTAS;119216982.647080000000000;40209607000109
202501;4546;2009000919;COTAS;2576402.835699000000000;
202501;3472;1988001374;CAIXA;26710.790000000000000;
202501;3472;2023000718;CAIXA;18597.790000000000000;
202501;3486;1996002074;COTAS;11670599.662272000000000;
202501;3486;9970000000;CAIXA;339546.220000000000000;
202501;4546;2009000919;COTAS;4773093.711238000000000;
202501;4546;2009000919;OPERACAO_PARTICIPANTE;831739.640000000000000;
202501;4577;2008003892;COTAS;4168113.972666000000000;
202501;3527;1996002619;COTAS;236988821.782942000000000;
202501;4577;2008003892;COTAS;2023140.126834000000000;
202501;3527;1996002619;COTAS;17270270.795443000000000;
202501;4577;2008003892;COTAS;1922109.005154000000000;
202501;3527;1996002619;COTAS;231314152.929921000000000;
202501;4577;2008003892;COTAS;1255104.763280000000000;
202501;3527;2020001756;COTAS;26872546.863808000000000;
202501;4577;2010001974;COTAS;191122.297469000000000;
202501;3527;2020001756;COTAS;594311.289680000000000;
202501;4577;2010001974;COTAS;23426.342164000000000;
202501;4581;1999000919;COTAS;3761692637.956809000000000;11005764000196
202501;3527;2020001756;COTAS;719560.988291000000000;
202501;2854;2022000447;COTAS;3776811.345180000000000;
202501;4581;1999000919;COTAS;93832645.562046000000000;13294268000125
202501;3527;2020001756;COTAS;100599.635856000000000;
202501;2854;9970000000;COTAS;2631021.690543000000000;
202501;4581;1999000919;COTAS;64625949.712052000000000;32711990000162
202501;4581;1999000919;COTAS;101748996.623108000000000;38452593000108
202501;2909;1993003411;COTAS;664426611.318632000000000;34867805000159
202501;3188;2000007856;TIT_PUB;91158378.380000000000000;
202501;4604;2010002083;COTAS;20784470.000000000000000;
202501;2912;1993003738;COTAS;966804.712753000000000;27619757000114
202501;3527;2020001756;VL_PG_RC;-174319.760000000000000;
202501;4604;2010002083;COTAS;12113144.987887000000000;
202501;3527;9970000000;CAIXA;122803.360000000000000;
202501;2912;9970000000;COTAS;1885632.282930000000000;18138892000157
202501;4604;2010002083;COTAS;83966866.435080000000000;
202501;3531;1996003038;COTAS;44903507.757873000000000;41252712000185
202501;4621;2010005392;COTAS;178897392.905393000000000;37821719000101
202501;3558;1996003992;COTAS;524522.840120000000000;
202501;4621;2011001765;COTAS;27331438.384799000000000;37821719000101
202501;3575;9970000000;CAIXA;71443.070000000000000;
202501;2912;9970000000;VL_PG_RC;1212.730000000000000;
202501;3575;9970000000;COTAS;100188.652675000000000;21219083000184
202501;3438;2007001111;CAIXA;156108.320000000000000;
202501;3438;2007003856;VL_PG_RC;0.000000000000000;
202501;2931;1994000211;COTAS;40238056.892599000000000;
202501;3438;2009003519;COTAS;4241444.333277000000000;
202501;4621;2022002083;OPERACAO_PARTICIPANTE;584278.330000000000000;
202501;3592;9970000000;COTAS;4485800.718928000000000;
202501;3602;1979000638;COTAS;129031.861358000000000;
202501;4621;2022002318;CAIXA;0.000000000000000;
202501;3602;1979000638;COTAS;5707530.208450000000000;
202501;3438;2010005465;COTAS;22756110.530000000000000;25423301000159
202501;4652;2010004574;COTAS;90691687.140004000000000;49465951000125
202501;3438;2013001983;COTAS;696466.952726000000000;
202501;3602;1979000638;COTAS;13654690.928784000000000;
202501;3438;2013001983;COTAS;28239027.093371000000000;04587998000123
202501;2931;1994000211;COTAS;4241215.947554000000000;
202501;2931;1994000211;COTAS;2040866.123178000000000;
202501;3602;1979000638;COTAS;318587926.963801000000000;
202501;3188;2001000847;COTAS;4187641.478544000000000;25244544000120
202501;4652;2024000029;COTAS;125633.660014000000000;
202501;3438;2016002018;COTAS;22119612.244591000000000;
202501;4652;9970000000;CAIXA;1449.220000000000000;
202501;4666;2011000629;COTAS;11446556.963371000000000;
202501;4666;2011000629;COTAS;34701684.104818000000000;
202501;3438;2020002183;CAIXA;151382.650000000000000;
202501;3472;2023000718;COTAS;6903827.489593000000000;40209607000109
202501;4666;2011000947;COTAS;168625487.065457000000000;
202501;3602;2009000511;ACOES;15621864.170000000000000;
202501;3486;1996002074;COTAS;42174094.874102000000000;
202501;3527;1996002619;COTAS;14172623.660998000000000;
202501;3602;2009000511;COTAS;6015800.693347000000000;
202501;3527;1996002619;COTAS;6462994.862944000000000;
202501;3527;2020001365;COTAS;75156016.063931000000000;
202501;3527;2020001756;COTAS;26018776.054700000000000;
202501;3527;2020001756;COTAS;24078835.796123000000000;
202501;3602;2009000511;COTAS;8333552.200315000000000;
202501;4666;2011000947;COTAS;2653535.983137000000000;
202501;3527;9970000000;VL_PG_RC;-4109.730000000000000;
202501;3602;2009000511;COTAS;6892938.712835000000000;
202501;4666;2011000947;COTAS;1213918.013830000000000;
202501;3531;1996003038;TIT_PUB;7748395.450000000000000;
202501;4666;2011000947;VL_PG_RC;-21977.110000000000000;
202501;3602;2009000511;COTAS;2853986.860922000000000;03833841000178
202501;4666;2021002756;COTAS;58857.402412000000000;
202501;4683;1990001165;COTAS;242662802.812888000000000;27696713000198
202501;2931;1994000211;COTAS;4942202.235594000000000;
202501;3531;9970000000;VL_PG_RC;-70.660000000000000;
202501;4683;1990001165;TIT_PUB;141901870.320000000000000;
202501;3558;1996003992;CAIXA;1814063.140000000000000;
202501;3602;2011001692;COTAS;10419046.921509000000000;
202501;4683;2008000818;COTAS;11593722.610358000000000;
202501;3558;9970000000;COTAS;1590115.850000000000000;
202501;4683;2008000818;COTAS;42002115.036199000000000;
202501;3602;2011001692;OPERACAO_PARTICIPANTE;15128872.779392159400000;
202501;4683;2008000818;COTAS;31866628.280308000000000;
202501;3602;2020002965;ACOES;118206.000000000000000;
202501;3575;1996004247;VL_PG_RC;-54318.460000000000000;
202501;3602;2020002965;COTAS;60447.297298000000000;
202501;4683;9970000000;CAIXA;19662.130000000000000;
202501;3592;2006005911;COTAS;418849407.275496000000000;
202501;2931;1994000211;COTAS;8439188.550363000000000;
202501;2931;1994000211;COTAS;2794718.322500000000000;
202501;4707;2013000138;COTAS;7906249.729387000000000;
202501;4707;2013000138;COTAS;71528744.980605000000000;
202501;4707;2013000138;COTAS;20371734.371203000000000;
202501;3602;2020002965;VL_PG_RC;0.010000000000000;
202501;2931;1994000211;VL_PG_RC;1153381.480000000000000;
202501;4707;2013000138;COTAS;24252818.790069000000000;
202501;3602;9970000000;COTAS;265029.125693000000000;
202501;941;1998007774;COTAS;35229831.843485000000000;
202501;3592;2006005911;TIT_PUB;49267214.760000000000000;
202501;3602;9970000000;COTAS;1814432.641255000000000;
202501;3602;1979000638;COTAS;11921954.743448000000000;
202501;4707;2013000138;COTAS;18104682.673092000000000;
202501;4707;2013000138;COTAS;31684502.061046000000000;
202501;4707;2013000138;COTAS;4239329.449690000000000;
202501;4707;2013000138;COTAS;33296751.765729000000000;
202501;2931;9970000000;VL_PG_RC;0.000000000000000;
202501;941;9970000000;COTAS;4639260.057190000000000;
202501;4707;2013000138;COTAS;131217154.233967000000000;
202501;3647;1997001829;COTAS;5150431.109348000000000;
202501;2991;1985000547;COTAS;505286.084263000000000;
202501;4707;2013000138;COTAS;8678623.181938000000000;
202501;4707;2013000219;COTAS;13772645.865000000000000;
202501;3647;1997001829;COTAS;473822.431720000000000;
202501;4707;2013000219;COTAS;2354219.580606000000000;
202501;3602;2009000511;COTAS;2682171.436364000000000;
202501;3811;1998004783;COTAS;375783.507445000000000;
202501;2991;1985000547;COTAS;3430547.221062000000000;
202501;3811;1998004783;COTAS;162179088.000000000000000;
202501;4707;2013000219;COTAS;16756219.554905000000000;
202501;953;1976000165;IMOVEIS;2147651.250000000000000;
202501;3602;2009000511;COTAS;20922702.965528000000000;21321600000121
202501;3602;2011001692;CAIXA;507.020000000000000;
202501;3188;2002000719;TIT_PUB;348573952.090000000000000;
202501;3825;1981000674;COTAS;11553811.377086000000000;
202501;2991;1985000547;COTAS;3739287.593892000000000;
202501;3188;2003000283;CAIXA;120.320000000000000;
202501;2991;1985000547;COTAS;1405372.391010000000000;41978492000171
202501;2991;1985000547;COTAS;2262148.151851000000000;47716645000199
202501;967;1991001029;VL_PG_RC;1900928.830000000000000;
202501;3825;1988002192;TIT_PUB;70450893.660000000000000;
202501;3825;1988003318;VL_PG_RC;0.000000000000000;
202501;967;2000000819;CAIXA;0.000000000000000;
202501;3825;1989001092;CAIXA;2000.000000000000000;
202501;967;2000000819;COTAS;44486610.163696000000000;05113533000101
202501;3825;1989001092;COTAS;1126429.528719000000000;
202501;967;2000000983;CAIXA;229.190000000000000;
202501;3825;1993001638;VL_PG_RC;0.000000000000000;
202501;967;2000001947;VL_PG_RC;18406.880000000000000;
202501;2991;1985000547;TIT_PUB;69184860.230000000000000;
202501;3825;1994000783;COTAS;13605555.243050000000000;
202501;967;2000004318;COTAS;814450336.049616000000000;05113533000101
202501;2991;1994002492;COTAS;5008889.837140000000000;
202501;3825;1995001929;COTAS;20490197.203942000000000;
202501;2991;1994002492;COTAS;3057746.997273000000000;
202501;3188;2003000283;TIT_PUB;30719509.510000000000000;
202501;2991;1994002492;COTAS;14549129.000000000000000;
202501;3602;2011001692;COTAS;178403363.005769000000000;
202501;967;2000004318;OPERACAO_PARTICIPANTE;3984972.780000000000000;
202501;3825;1995001929;COTAS;143963261.611861000000000;
202501;967;2013001592;COTAS;1339961.983948000000000;
202501;3188;2003000747;COTAS;37375.657874000000000;
202501;967;2013001592;TIT_PRIV;893452.710000000000000;
202501;3602;9970000000;TIT_PUB;9675917.240000000000000;
202501;3825;1995001929;VL_PG_RC;-495.270000000000000;
202501;3188;2003001638;COTAS;484728.993601000000000;
202501;3825;1996001574;TIT_PUB;8519322.030000000000000;
202501;4707;2013000219;COTAS;19594476.302751000000000;
202501;971;2000006711;ACOES;303.140000000000000;
202501;971;2000006711;COTAS;20788043.018433000000000;
202501;971;2000006711;COTAS;5221428.888201000000000;
202501;2991;1994002492;COTAS;2235375.639124000000000;
202501;971;2000006711;COTAS;1685437.613536000000000;
202501;4707;2013000219;COTAS;1146718.910036000000000;
202501;971;2000006711;COTAS;2701656.954310000000000;
202501;971;9970000000;VL_PG_RC;0.000000000000000;
202501;2991;1994002492;COTAS;26142287.286527000000000;41978492000171
202501;4707;2013000219;COTAS;5421375.069140000000000;
202501;2991;1994002492;OPERACAO_PARTICIPANTE;8681617.120000000000000;
202501;3188;2003001638;COTAS;982426.379012000000000;27565843000191
202501;3647;1997001829;CAIXA;2008.400000000000000;
202501;3006;1994002174;COTAS;9737782.178520000000000;
202501;984;1981000992;CAIXA;291600.490000000000000;
202501;3825;1997000229;COTAS;5115339.620647000000000;
202501;3006;1994002174;IMOVEIS;605000.000000000000000;
202501;4707;2013000219;COTAS;49307720.520071000000000;
202501;3006;9970000000;CAIXA;12119.510000000000000;
202501;3023;1979003718;COTAS;2026386.587998000000000;
202501;984;1981000992;COTAS;538327.790638000000000;
202501;3023;2001001738;COTAS;11379933.561600000000000;
202501;4707;2013000219;COTAS;9853553.515790000000000;
202501;984;1981000992;VL_PG_RC;137841.640000000000000;
202501;3023;2001001738;COTAS;821594444.300146000000000;32265488000175
202501;4707;2013002092;COTAS;27486720.684117000000000;
202501;984;1985001292;COTAS;1247760.827160000000000;
202501;3023;2001001738;COTAS;57274445.677614000000000;38050501000155
202501;4707;2013002092;COTAS;440882.430001000000000;
202501;3647;1997001829;COTAS;2046876.076863000000000;
202501;3825;1997000229;VL_PG_RC;0.000000000000000;
202501;4707;2013002092;COTAS;12638793.543224000000000;
202501;3188;2005000256;COTAS;4753394.023271000000000;10214125000178
202501;3188;2005000256;COTAS;8201827.702680000000000;10220241000108
202501;3023;9970000000;VL_PG_RC;-4757.780000000000000;
202501;984;1985001292;VL_PG_RC;278427.730000000000000;
202501;3037;1994001119;COTAS;4075709.661205000000000;
202501;3037;1994001119;COTAS;688369.065550000000000;
202501;3647;1997001829;COTAS;6901430.068174000000000;
202501;3647;1997001829;TIT_PUB;19194715.270000000000000;
202501;984;1990001629;COTAS;761891.149547000000000;
202501;3825;1997002574;COTAS;15897761.637694000000000;
202501;3188;2005000256;COTAS;1084856.882819000000000;34613727000166
202501;3825;1997003783;TIT_PUB;64926682.270000000000000;
202501;984;1990001629;COTAS;2297064.606743000000000;
202501;3037;1994001119;COTAS;2911970.398382000000000;
202501;984;2000007783;COTAS;4452020.272088000000000;
202501;3188;2005000256;VL_PG_RC;-40950.420000000000000;
202501;984;2000007783;COTAS;13422623.693113000000000;
202501;3037;1994001119;COTAS;4268331.622076000000000;
202501;984;2000007783;COTAS;659473.177144000000000;
202501;3188;2005001211;COTAS;972438.851601000000000;
202501;984;2005001538;COTAS;7446747.144277000000000;
202501;4707;2018001329;COTAS;805198.185700000000000;
202501;3188;2005001211;COTAS;1512162.757977000000000;36178602000180
202501;984;2005001538;COTAS;2793341.200974000000000;
202501;984;2017001211;COTAS;7983951.957434000000000;
202501;3188;2005006483;COTAS;646903.763128000000000;
202501;984;2017001211;COTAS;44899356.693979000000000;
202501;4707;2018001329;COTAS;928082.296399000000000;
202501;984;2017001211;COTAS;19312766.621200000000000;
202501;4707;2018001329;COTAS;539432.868374000000000;
202501;984;2017001211;COTAS;3866298.056124000000000;
202501;984;2017001211;COTAS;1373494.838857000000000;
202501;3188;2005006483;COTAS;30852.322933000000000;10220247000177
202501;4707;2018001329;VL_PG_RC;-36087.940000000000000;
202501;3188;2007003074;CAIXA;286.480000000000000;
202501;4707;2018001892;COTAS;977985.113908000000000;
202501;3188;2007003074;COTAS;1411427.935702000000000;10220241000108
202501;4707;2018001892;COTAS;1249863.376931000000000;
202501;984;2017001211;COTAS;910670.571565000000000;
202501;3825;1998001083;TIT_PUB;78427549.530000000000000;
202501;3188;2007003074;COTAS;1238742.431240000000000;18270776000197
202501;4707;2018001892;COTAS;572295.854005000000000;
202501;3188;2009002156;COTAS;22990886.071066000000000;27565843000191
202501;3188;2009002156;COTAS;9712308.355693000000000;36178602000180
202501;3188;2009002156;VL_PG_RC;-683729.490000000000000;
202501;4707;2019003856;COTAS;5866198.275463000000000;
202501;4707;2019003856;COTAS;1546990.765208000000000;
202501;4707;2019003856;COTAS;367271.730287000000000;
202501;3188;2010000374;COTAS;1889869.375580000000000;25244544000120
202501;4707;2019003856;COTAS;25949.916489000000000;
202501;4707;2020000474;COTAS;1184174.113607000000000;
202501;3188;2010000374;COTAS;2722431.326989000000000;29298975000120
202501;4707;2020000474;COTAS;457501.666580000000000;
202501;3188;2010000374;COTAS;238848.204253000000000;34613727000166
202501;4707;2020000474;COTAS;255439.415501000000000;
202501;3678;1989000819;CAIXA;3589.070000000000000;
202501;3825;1998001156;COTAS;22734709.690063000000000;
202501;3188;2010003047;COTAS;59569.255838000000000;
202501;4707;2020000474;COTAS;308220.270818000000000;
202501;3188;2010003047;COTAS;92277.166197000000000;27565843000191
202501;3037;1994001119;TIT_PUB;51650858.280000000000000;
202501;3825;2001001118;CAIXA;2000.000000000000000;
202501;3825;2001001118;COTAS;1736626.704489000000000;
202501;4707;2020002647;COTAS;3544526.785622000000000;
202501;3188;2010003047;COTAS;95675.277972000000000;36178602000180
202501;3825;2001001118;COTAS;33098638.460950000000000;
202501;4707;2020002647;COTAS;2448006.706809000000000;
202501;3825;2001001118;COTAS;14720050.907417000000000;
202501;3099;1994004411;VL_PG_RC;-2126.830000000000000;
202501;4707;2020002647;COTAS;114579.933967000000000;
202501;3099;1997000318;OPERACAO_PARTICIPANTE;104748.419999590700000;
202501;3188;2010003047;VL_PG_RC;-1366.240000000000000;
202501;3825;2004000211;COTAS;59806199.368546000000000;
202501;3099;1999004647;COTAS;5765069.420032000000000;04701028000107
202501;3825;2009003829;COTAS;307875.802370000000000;
202501;4707;2020002647;COTAS;6914.798327000000000;
202501;4707;2022001265;COTAS;3313927.045838000000000;
202501;4707;2022001265;COTAS;847894.970899000000000;
202501;3188;2010003292;COTAS;13469486.496361000000000;25244544000120
202501;4707;9970000000;COTAS;4077.060003000000000;
202501;4707;9970000000;VL_PG_RC;-8115.400000000000000;
202501;3188;2010003365;COTAS;6155420.248071000000000;10214125000178
202501;4711;2008001938;VL_PG_RC;464.750000000000000;
202501;3188;2010003365;COTAS;3630553.823913000000000;10220247000177
202501;4711;9970000000;VL_PG_RC;-614.660000000000000;
202501;4724;2013000383;COTAS;467106645.000000000000000;
202501;4724;9970000000;CAIXA;4236247.610000000000000;
202501;4738;2013001347;COTAS;14278056.480041000000000;
202501;3678;1990001319;CAIXA;3905.770000000000000;
202501;3188;2010003438;TIT_PUB;180032213.560000000000000;
202501;3188;2010005074;COTAS;1555424.431804000000000;25244544000120
202501;3188;2010005074;COTAS;1977388.047177000000000;29298975000120
202501;3188;2010005074;COTAS;1397550.674697000000000;34613727000166
202501;3188;2010005211;COTAS;5859352.604966000000000;
202501;4738;2021002519;CAIXA;500.000000000000000;
202501;4738;9970000000;COTAS;3004218.453232000000000;
202501;3678;2010001818;CAIXA;982.050000000000000;
202501;4741;2013001738;ACOES;95988802.770000000000000;
202501;4755;2014000311;COTAS;1141117.720248000000000;
202501;3678;2020001918;COTAS;2790936.908509000000000;03322908000100
202501;3188;2010005211;TIT_PUB;71020611.930000000000000;
202501;3188;2012000665;COTAS;2883738.346133000000000;
202501;3678;9970000000;COTAS;3497819.347926000000000;03322908000100
202501;3188;2013000456;COTAS;3211053.805641000000000;
202501;3811;1998004783;COTAS;18475551.989345000000000;
202501;4755;2014000311;COTAS;915511.998483000000000;
202501;3188;2013000456;COTAS;5927243.938305000000000;10214125000178
202501;3811;1998004783;COTAS;1432424.628906000000000;
202501;3188;2013000456;COTAS;14482902.858053000000000;10220247000177
202501;4755;2014000311;COTAS;806070.006586000000000;
202501;3811;9970000000;VL_PG_RC;0.000000000000000;
202501;3188;2016000538;OPERACAO_PARTICIPANTE;1230125.520036759200000;
202501;3188;2017000574;COTAS;2998982.223701000000000;10214125000178
202501;3099;1999005392;CAIXA;2275.910000000000000;
202501;3188;2017000574;COTAS;13801016.376219000000000;10220247000177
202501;3188;2017000574;VL_PG_RC;-46773.120000000000000;
202501;3825;1988003318;COTAS;5221627.059988000000000;
202501;3188;2017000711;COTAS;3119279.227798000000000;
202501;3188;2017000711;COTAS;4525172.093107000000000;10214125000178
202501;3188;2017000711;COTAS;17871738.863877000000000;10220247000177
202501;3099;1999005392;COTAS;436336.844269000000000;
202501;3188;2019001047;TIT_PUB;62759.600000000000000;
202501;3099;1999005392;COTAS;874573.940000000000000;
202501;3188;2021003019;COTAS;14567409.297273000000000;25244544000120
202501;3099;1999005392;COTAS;21731404.950038000000000;04701028000107
202501;3825;1989001092;TIT_PUB;4244908.230000000000000;
202501;3825;1989001874;COTAS;158931474.041943000000000;
202501;3825;1989001874;COTAS;36119548.764803000000000;
202501;3188;2023000947;COTAS;146912.839859000000000;
202501;4755;2014000311;COTAS;3209519.054412000000000;
202501;3825;2012002056;COTAS;1696841.199842000000000;
202501;3825;2012002056;COTAS;5517245.691137000000000;
202501;3825;2017000418;VL_PG_RC;329292.350000000000000;
202501;3825;1993001956;TIT_PUB;10739331.920000000000000;
202501;3825;2020003211;COTAS;85699715.205481000000000;
202501;984;9970000000;COTAS;418389.955730000000000;
202501;3825;2020003211;COTAS;36349954.566129000000000;
202501;3825;2021001611;COTAS;26283020.293315000000000;
202501;3099;1999005465;COTAS;994582.489892000000000;
202501;3825;1997000229;COTAS;3428570.249969000000000;
202501;3839;2009001583;COTAS;50768.043100000000000;
202501;984;9970000000;COTAS;127958.959814000000000;
202501;3825;1997000229;COTAS;12432348.176395000000000;
202501;3839;2009001583;COTAS;4232.908367000000000;
202501;998;1998006638;COTAS;459033866.651015000000000;18138767000147
202501;3839;2009001583;VL_PG_RC;16313.500000000000000;
202501;3099;1999005465;COTAS;53505791.959946000000000;04701028000107
202501;3825;1997002574;CAIXA;5440.530000000000000;
202501;1033;1996003674;COTAS;7550601.000000000000000;
202501;3887;1999004965;COTAS;1167503.374108000000000;
202501;3825;1997002574;COTAS;16400500.289026000000000;
202501;3825;1997002574;COTAS;75694428.460591000000000;
202501;1033;1996003674;COTAS;13451957.341999000000000;
202501;3887;1999004965;COTAS;794915.040159000000000;
202501;1033;1996003674;COTAS;20672161.875205000000000;
202501;3887;1999004965;COTAS;19751.709988000000000;
202501;3825;1997003783;COTAS;603848.208560000000000;
202501;3887;1999004965;COTAS;2001099.600036000000000;
202501;3825;1998004619;VL_PG_RC;0.000000000000000;
202501;3887;1999004965;COTAS;3114997.768319000000000;
202501;1033;1996003674;COTAS;40378942.890213000000000;
202501;3825;1999005074;CAIXA;1000.000000000000000;
202501;3825;2005003011;COTAS;129959546.692892000000000;
202501;3887;1999004965;VL_PG_RC;135781.650000000000000;
202501;3825;2005003011;COTAS;33665310.375394000000000;
202501;3099;2020003074;CAIXA;1015.900000000000000;
202501;4755;2015001247;VL_PG_RC;-0.020000000000000;
202501;3126;1993001492;COTAS;791632.620005000000000;
202501;4755;2020002574;COTAS;73191.097425000000000;
202501;4755;9970000000;COTAS;54130.754986000000000;
202501;3188;9970000000;COTAS;752936.718865000000000;18270776000197
202501;3126;1993001492;COTAS;3721472.280485000000000;
202501;4755;9970000000;TIT_PUB;2301273.400000000000000;
202501;3126;1993002219;CAIXA;12000.000000000000000;
202501;3126;1993002219;COTAS;6578131.785260000000000;
202501;3188;9970000000;COTAS;53432954.831201000000000;25244544000120
202501;3126;1993002219;COTAS;1727897.279290000000000;
202501;4769;2015000429;COTAS;8377316.372292000000000;
202501;3201;1994004274;CAIXA;762.460000000000000;
202501;4769;9970000000;COTAS;5667539.546437000000000;
202501;3251;1995001465;COTAS;73986536.750692000000000;
202501;4786;2016000856;COTAS;2556231.000002000000000;
202501;4786;2016000856;COTAS;1584651.999398000000000;
202501;3126;1994002956;COTAS;59572138.081415000000000;
202501;3126;1994002956;COTAS;14504583.401256000000000;
202501;3126;1994002956;COTAS;40313782.469942000000000;
202501;1033;1996003674;TIT_PRIV;575212580.080000000000000;
202501;3251;1995001465;COTAS;370277.509293000000000;
202501;3251;1995001465;COTAS;12196987.944851000000000;
202501;3126;1995000711;COTAS;49496064.280253000000000;
202501;3928;1999001265;COTAS;323607.853038000000000;
202501;1033;2000007538;CAIXA;22889.940000000000000;
202501;1033;2000007538;COTAS;12915990.215820000000000;
202501;3945;1999002318;COTAS;67198813.719000000000000;
202501;3945;1999002318;COTAS;67966866.247233000000000;
202501;1033;2000007538;COTAS;56876371.965944000000000;
202501;3825;2007003619;COTAS;16567330.000554000000000;
202501;3945;1999002318;COTAS;4842202.844187000000000;
202501;1033;2000007538;COTAS;25771775.295328000000000;
202501;3126;1995000711;COTAS;4472091.232934000000000;
202501;1033;2000007538;VL_PG_RC;-149901.270000000000000;
202501;3126;1995000711;COTAS;804270.188413000000000;
202501;3825;2012000592;CAIXA;-90058.590000000000000;
202501;4786;2016000856;COTAS;2275881.000002000000000;
202501;3825;2012000592;COTAS;13339314.002790000000000;
202501;3945;1999002318;TIT_PUB;80181762.100000000000000;
202501;1033;9970000000;TIT_PRIV;4509323.710000000000000;
202501;3825;2012002056;COTAS;865937.415332000000000;
202501;3945;9970000000;COTAS;365694.196304000000000;
202501;3825;2012002056;COTAS;29045492.479530000000000;
202501;3945;9970000000;VL_PG_RC;-1067.850000000000000;
202501;4786;2016000856;COTAS;1305950.000001000000000;
202501;3126;1995000711;COTAS;2854131.146978000000000;
202501;4011;2000002056;COTAS;15467.507533000000000;
202501;1051;1991001411;COTAS;46621570.967270000000000;
202501;3126;1995000711;VL_PG_RC;984918.210000000000000;
202501;1051;1991001411;COTAS;28551920.379621000000000;
202501;3126;1995001147;COTAS;16416430.523262000000000;
202501;3825;2015000119;VL_PG_RC;0.000000000000000;
202501;3825;2016000147;COTAS;29136623.512725000000000;31032406000180
202501;3126;1995001147;COTAS;5692807.262435000000000;
202501;3825;2020003211;VL_PG_RC;0.000000000000000;
202501;4011;2000002056;VL_PG_RC;-128.420000000000000;
202501;4786;2016000856;COTAS;2088124.000000000000000;
202501;3126;1995001147;COTAS;2757139.109902000000000;
202501;4011;2014001456;COTAS;103632.326487000000000;
202501;4786;2018001019;COTAS;57698.999979000000000;
202501;3126;1995002674;COTAS;616073.179377000000000;
202501;4039;9970000000;CAIXA;42483.070000000000000;
202501;4786;2018001019;COTAS;31987.000030000000000;
202501;3126;1995002674;COTAS;4811832.533800000000000;
202501;4042;2000004792;COTAS;1680365.690040000000000;
202501;3839;2009001583;ACOES;463451.750000000000000;
202501;3839;2009001583;COTAS;150980.388447000000000;
202501;1051;1991001411;COTAS;58726515.815156000000000;
202501;3839;2009001583;COTAS;1778544.727706000000000;
202501;3861;1993001719;COTAS;236249282.150002000000000;05615541000148
202501;3887;1999004965;COTAS;3483605.605275000000000;
202501;3887;1999004965;COTAS;2283012.024691000000000;
202501;3887;1999004965;COTAS;7329359.957463000000000;
202501;3887;1999004965;COTAS;2505867.160998000000000;
202501;3887;1999004965;COTAS;2158441.282827000000000;
202501;3887;1999004965;TIT_PRIV;59264020.390000000000000;
202501;3126;1995002674;COTAS;5521056.077968000000000;
202501;3887;9970000000;CAIXA;0.940000000000000;
202501;3126;1997001918;COTAS;1209490.381162000000000;
202501;3126;1997001918;VL_PG_RC;635694.820000000000000;
202501;3887;9970000000;TIT_PUB;4296929.130000000000000;
202501;1051;1991001411;TIT_PUB;1531708445.000000000000000;
202501;3126;2000007074;COTAS;37713585.447950000000000;
202501;4786;2018001019;COTAS;107563.000003000000000;
202501;3126;2001000774;CAIXA;4000.000000000000000;
202501;4042;2000004792;COTAS;47958.535272000000000;
202501;3126;2001001983;COTAS;14533195.513594000000000;
202501;3126;2001001983;VL_PG_RC;122210.170000000000000;
202501;3945;1999002318;COTAS;132753.180896000000000;
202501;3945;1999002318;COTAS;144946.511583000000000;
202501;3251;1995001465;COTAS;19540851.482960000000000;
202501;4786;2019000611;COTAS;1534315.798285000000000;
202501;1051;9970000000;COTAS;3854807.549245000000000;
202501;3126;2005005811;COTAS;3410790.556475000000000;
202501;3945;1999002318;COTAS;375397.813025000000000;
202501;4786;2019000611;COTAS;87243.666335000000000;
202501;3126;2005005811;COTAS;2774398.300734000000000;
202501;4042;2000004792;COTAS;4332161.324169000000000;
202501;4791;2016001283;COTAS;2032206.000000000000000;
202501;4791;2016001283;COTAS;2058590.520000000000000;
202501;4791;2016001283;COTAS;1505848.649999000000000;
202501;3945;1999002318;COTAS;980216.349024000000000;
202501;4791;2016001283;COTAS;7012438.610001000000000;
202501;3945;9970000000;COTAS;1237664.639439000000000;
202501;4042;2000004792;COTAS;3590589.299976000000000;
202501;4042;2000004792;COTAS;2338607.826035000000000;
202501;4042;2000004792;COTAS;603404.780342000000000;
202501;4042;9970000000;CAIXA;12379.650000000000000;
202501;4087;2007000156;COTAS;507237656.455123000000000;04118024000109
202501;4087;2007000156;COTAS;457385392.463585000000000;10638696000130
202501;4091;2004002492;CAIXA;7918.120000000000000;
202501;4091;2004002492;COTAS;9762406.744856000000000;
202501;4101;2002001847;COTAS;8118755.734428000000000;
202501;3126;2005005811;COTAS;8024005.088879000000000;
202501;4042;2000004792;COTAS;45402254.381946000000000;
202501;4101;2002001847;COTAS;5130000.000000000000000;
202501;4101;2002001847;COTAS;334690480.385413000000000;05615522000111
202501;4042;2000004792;COTAS;1580703.893466000000000;
202501;4101;9970000000;VL_PG_RC;-770.800000000000000;
202501;4114;2002004129;COTAS;404924570.889866000000000;05093031000158
202501;4131;1986000419;COTAS;887905.043616000000000;
202501;1081;1979004374;COTAS;-16370.543778000000000;
202501;3251;1995001465;COTAS;4274040.884117000000000;
202501;1081;1979004374;COTAS;1435246.109236000000000;
202501;4131;1986000419;TIT_PUB;16660804.440000000000000;
202501;3251;1995001465;COTAS;14915074.678868000000000;
202501;4131;1987000374;VL_PG_RC;-105432.710000000000000;
202501;1081;1979004447;COTAS;9477044.383696000000000;
202501;4131;1993001018;COTAS;138510.195795000000000;
202501;1081;1979004447;COTAS;-633.848451000000000;
202501;1081;1979004447;COTAS;16621843.796231000000000;
202501;3251;1995001465;COTAS;53135.798126000000000;
202501;4042;2000004792;TIT_PRIV;49444728.050000000000000;
202501;3251;9970000000;CAIXA;453045.700000000000000;
202501;1081;1979004447;COTAS;86205984.363836000000000;
202501;4131;1993001018;TIT_PUB;3216245.940000000000000;
202501;4131;1998006311;COTAS;3453384.111483000000000;
202501;3304;1995002747;COTAS;17877938.801480000000000;
202501;4087;2007000156;VL_PG_RC;-52880.050000000000000;
202501;3304;1995002747;COTAS;132481.723693000000000;
202501;3304;1995002747;COTAS;1635488.587969000000000;
202501;3304;1995002747;COTAS;3948061.201201000000000;
202501;3304;1995002747;COTAS;2547879.202075000000000;
202501;1081;1979004447;COTAS;328744314.874512000000000;
202501;3304;1995002747;COTAS;255005.279673000000000;
202501;3304;1995002747;COTAS;3078722.666834000000000;
202501;3304;1995002747;COTAS;4294643.968741000000000;
202501;4091;2002001529;TIT_PUB;359579472.440000000000000;
202501;4131;1998006311;OPERACAO_PARTICIPANTE;86854.359942388900000;
202501;3304;1995002811;COTAS;626722.289006000000000;
202501;4091;2004002492;COTAS;263612506.193167000000000;05426951000140
202501;4131;1998006311;TIT_PUB;10941942.510000000000000;
202501;1081;1979004447;TIT_PUB;1132848035.610000000000000;
202501;1081;1979004692;COTAS;24122718.967643000000000;
202501;1081;1979004692;OPERACAO_PARTICIPANTE;8214895.138104000000000;
202501;4131;1998006719;CAIXA;216135.730000000000000;
202501;3126;2005005811;COTAS;3357621.830366000000000;
202501;4131;2002000247;VL_PG_RC;-35097.090000000000000;
202501;3126;2006001183;COTAS;1005661.959100000000000;
202501;3126;2006001183;COTAS;21503516.639969000000000;
202501;4791;2016001283;TIT_PUB;108587447.290000000000000;
202501;3126;2006001183;COTAS;29691818.898910000000000;
202501;3126;2006003811;COTAS;863278.515566000000000;
202501;3304;1995002811;COTAS;1345241.542494000000000;
202501;3126;2006003811;COTAS;369431.517869000000000;
202501;3126;2006003992;COTAS;7243347.076723000000000;
202501;4131;2006006665;COTAS;3785193.122734000000000;
202501;4791;2020001047;COTAS;245879.700000000000000;
202501;4131;2017000647;COTAS;1936069.980522000000000;
202501;3304;1995002811;COTAS;4416155.924679000000000;
202501;4131;2017000647;COTAS;24649616.624924000000000;
202501;3304;1995002811;COTAS;2446745.531997000000000;
202501;4131;2017000647;COTAS;12778854.631867000000000;
202501;3304;1995002811;COTAS;2207465.097075000000000;
202501;4791;9970000000;COTAS;2215838.099999000000000;
202501;4131;2017000647;COTAS;3915949.512329000000000;42495052000126
202501;3126;2006003992;TIT_PUB;117197981.330000000000000;
202501;3304;1995002811;VL_PG_RC;105059.230000000000000;
202501;3126;2006004011;COTAS;16927484.801003000000000;
202501;3126;2006004011;COTAS;15756027.603006000000000;
202501;3126;2006004711;COTAS;3327262.998720000000000;
202501;3321;1995002992;COTAS;0.080336000000000;
202501;3126;2006004711;COTAS;1658798.005673000000000;
202501;3321;1995002992;COTAS;10529191.090305000000000;
202501;3321;1995002992;COTAS;2440093.909583000000000;
202501;3321;1995002992;COTAS;3462576.064569000000000;
202501;3126;2006004711;COTAS;16541054.306171000000000;
202501;3126;2007001918;CAIXA;48270.600000000000000;
202501;3126;2007001918;VL_PG_RC;0.000000000000000;
202501;3321;1995002992;COTAS;77358.643348000000000;
202501;3349;1995003638;COTAS;7913475.150000000000000;
202501;3126;2007002019;COTAS;2086317.311199000000000;
202501;3349;1995003638;COTAS;4548258.000000000000000;
202501;3126;2007002019;COTAS;2618073.862278000000000;
202501;3349;1995003638;COTAS;2727375.876319000000000;
202501;3126;2007002019;COTAS;509167.627185000000000;
202501;3349;1995003638;COTAS;13451524.397253000000000;
202501;3126;2008000192;COTAS;22071155.318085000000000;
202501;3126;2008000192;COTAS;7890930.247147000000000;
202501;4791;9970000000;COTAS;995566.200002000000000;
202501;3126;2008000192;OPERACAO_PARTICIPANTE;839.379986827200000;
202501;3126;2008001229;COTAS;15538840.156822000000000;
202501;4791;9970000000;COTAS;1916683.560001000000000;
202501;3349;1995003638;COTAS;6950957.732487000000000;
202501;3407;1995003247;CAIXA;14653.800000000000000;
202501;3407;1995003247;COTAS;13605322.678797000000000;
202501;3126;2009000447;CAIXA;6000.000000000000000;
202501;3407;9970000000;COTAS;287600.754131000000000;
202501;4801;2016001518;COTAS;8956958.160855000000000;
202501;3407;9970000000;COTAS;26.517894000000000;
202501;4801;2016001518;COTAS;7179447.250926000000000;
202501;3411;9970000000;COTAS;1196945.833486000000000;
202501;4114;2002004129;CAIXA;518338.620000000000000;
202501;4801;2016001518;COTAS;34435680.519993000000000;
202501;3438;1988000556;CAIXA;0.000000000000000;
202501;3126;2009000447;VL_PG_RC;40216.790000000000000;
202501;4801;9970000000;COTAS;3820710.079993000000000;
202501;3126;2010000129;COTAS;6182623.941303000000000;
202501;1081;2002001456;CAIXA;1431376.690000000000000;
202501;1081;2002001456;COTAS;-812.979535000000000;
202501;1081;2003001311;COTAS;256209.000000000000000;
202501;1081;2005000329;COTAS;22263.000000000000000;
202501;1081;2005000329;TIT_PRIV;911285.020000000000000;
202501;1081;2006000365;CAIXA;5579.500000000000000;
202501;1081;2006000365;VL_PG_RC;-5008.000000000000000;
202501;4131;1981000811;COTAS;27296020.478158000000000;
202501;1081;2010004256;TIT_PRIV;5881486.860000000000000;
202501;1081;2016002247;ACOES;38380.740000000000000;
202501;3126;2010002547;VL_PG_RC;-16044.720000000000000;
202501;1081;2016002311;COTAS;11631.099193000000000;
202501;3438;1989001238;VL_PG_RC;0.000000000000000;
202501;1081;2016002311;COTAS;223197.609435000000000;
202501;4131;1981000811;COTAS;20086953.840000000000000;
202501;1081;2021001547;COTAS;594530.276961000000000;
202501;4131;1981000811;COTAS;5679593.928117000000000;39665916000104
202501;4131;1986000419;TIT_PRIV;145744.150000000000000;
202501;4131;1987000374;TIT_PRIV;1510647.420000000000000;
202501;4801;9970000000;COTAS;636724.289999000000000;
202501;3438;1999001656;COTAS;9874952.450006000000000;42814967000157
202501;4801;9970000000;VL_PG_RC;0.000000000000000;
202501;3438;2000001092;CAIXA;200008.750000000000000;
202501;4813;2017000965;COTAS;1834789.593847000000000;
202501;4813;2017000965;COTAS;19353854.681717000000000;
202501;3438;2000001238;COTAS;27130016.224470000000000;17706099000144
202501;1105;1974000419;COTAS;3235.477581000000000;
202501;3438;2001002092;COTAS;2443499.916183000000000;
202501;3438;2002002118;COTAS;1369072.874153000000000;
202501;3126;2012001483;COTAS;5251270.268772000000000;
202501;3438;2005003638;CAIXA;176031.330000000000000;
202501;3438;2005003638;COTAS;1189685.248336000000000;
202501;1105;1974000419;COTAS;8664.140046000000000;
202501;1105;1974000419;IMOVEIS;18041198.200000000000000;
202501;4827;2018002465;COTAS;8621526.725502000000000;
202501;3438;2006000438;CAIXA;15170.490000000000000;
202501;3126;2012001483;COTAS;1759249.861268000000000;
202501;3126;2012001483;OPERACAO_PARTICIPANTE;845275.476966609600000;
202501;3126;2013000529;COTAS;21773036.315445000000000;
202501;4131;1993001018;TIT_PRIV;33356.940000000000000;
202501;3126;2021001156;CAIXA;3644.640000000000000;
202501;3126;2021001156;COTAS;1105189.444439000000000;
202501;3438;2006002211;COTAS;80399527.830000000000000;13863699000165
202501;3126;2021001156;COTAS;1161020.244464000000000;
202501;3438;2006002783;OPERACAO_PARTICIPANTE;2385253.830000000000000;
202501;1105;1974000419;TIT_PUB;1108549900.330000000000000;
202501;4131;1998006311;TIT_PRIV;89293.950000000000000;
202501;3126;2021001156;COTAS;468984.381997000000000;
202501;4131;1998006719;COTAS;569327.427314000000000;
202501;3126;2021001156;VL_PG_RC;65811.520000000000000;
202501;3438;2008003256;CAIXA;798665.620000000000000;
202501;4827;2018002465;VL_PG_RC;681962.380000000000000;
202501;3126;2023000874;COTAS;8791359.371475000000000;
202501;3126;2024000665;COTAS;8150899.804102000000000;
202501;1105;1997003147;OPERACAO_PARTICIPANTE;39261142.609942908100000;
202501;1105;2010001265;COTAS;1341225.350292000000000;
202501;3126;2024000665;COTAS;58194262.335521000000000;
202501;3126;2024000665;COTAS;4828231.802288000000000;
202501;1105;2010001265;TIT_PRIV;13081549.900000000000000;
202501;1136;1998005992;VL_PG_RC;-110.880000000000000;
202501;1171;1981001492;COTAS;13542.963107000000000;
202501;1171;2000008429;COTAS;6716692.740404000000000;
202501;1171;2000008429;COTAS;3826585.842152000000000;
202501;1171;2000008429;IMOVEIS;6985385.480000000000000;
202501;1171;9970000000;COTAS;5759887.022209000000000;
202501;1171;9970000000;VL_PG_RC;-11812.520000000000000;
202501;3126;9970000000;COTAS;14116145.594280000000000;
202501;3161;1994004118;COTAS;3356079.946896000000000;
202501;3161;1994004118;COTAS;3625694.647406000000000;
202501;3438;2008003256;COTAS;320504.443561000000000;
202501;3161;1994004118;OPERACAO_PARTICIPANTE;3246371.810000000000000;
202501;3161;2005005111;COTAS;1289597.551572000000000;
202501;3161;2005005111;COTAS;851716.471544000000000;
202501;3161;2005005111;COTAS;5150557.393071000000000;
202501;3161;2005005111;TIT_PUB;15736298.160000000000000;
202501;3438;2008003256;COTAS;51770509.849577000000000;
202501;3174;1994004029;COTAS;13620235.418247000000000;
202501;3438;2009002083;VL_PG_RC;-508886.390000000000000;
202501;4831;1974000583;CAIXA;27947.700000000000000;
202501;4131;1998006719;VL_PG_RC;-18867.610000000000000;
202501;3438;2010005465;VL_PG_RC;-50227.090000000000000;
202501;4131;2017000647;TIT_PUB;598282778.240000000000000;
202501;3438;2013001983;COTAS;25273659.674050000000000;15730745000183
202501;4831;1981000283;COTAS;967970.155960000000000;
202501;4131;2002000247;COTAS;361700.876628000000000;
202501;3438;2013001983;VL_PG_RC;1966731.360000000000000;
202501;4831;1981000283;COTAS;879306760.976335000000000;05134438000186
202501;4131;2002000247;COTAS;4000576.791197000000000;
202501;3438;2016002018;COTAS;1169938.886504000000000;
202501;3438;2020002183;COTAS;15277641.863282000000000;
202501;4131;2002000247;TIT_PRIV;1492428.620000000000000;
202501;4131;2008004211;COTAS;2674508.968581000000000;
202501;4831;1988002729;COTAS;117519989.694440000000000;05058237000147
202501;4176;2004002883;CAIXA;4048954.960000000000000;
202501;4831;1988002729;IMOVEIS;920000.000000000000000;
202501;4176;2004002883;COTAS;6328857.436545000000000;
202501;3438;2021002918;CAIXA;1290028.240000000000000;
202501;3174;1994004029;COTAS;306338833.390245000000000;20142612000126
202501;4131;2008004211;COTAS;3725439.935878000000000;
202501;4831;1993000429;COTAS;1907835.789533000000000;
202501;4131;2008004211;VL_PG_RC;-30123.010000000000000;
202501;4176;2004002883;COTAS;7905825.162210000000000;
202501;4131;2008004392;OPERACAO_PARTICIPANTE;1133.110000000000000;
202501;3174;9970000000;VL_PG_RC;97642.200000000000000;
202501;4176;2004002883;COTAS;332905194.099060000000000;13401162000183
202501;4831;1993000429;VL_PG_RC;306739.290000000000000;
202501;4176;2018002392;COTAS;671184.420898000000000;
202501;3188;1989000983;COTAS;13583481.835318000000000;10214125000178
202501;4176;2018002392;COTAS;21233227.809515000000000;13401162000183
202501;4831;1998003647;IMOVEIS;13709789.160000000000000;
202501;4176;2018002392;COTAS;2391637.826859000000000;18000027000140
202501;4131;2017000647;TIT_PRIV;6211574.720000000000000;
202501;1184;1984000292;IMOVEIS;40805550.410000000000000;
202501;4831;2006006811;COTAS;24691.267664000000000;
202501;4176;2023000319;COTAS;216700.890799000000000;
202501;4181;2004000147;COTAS;3916544.588606000000000;
202501;4831;2006006811;COTAS;24097596.537121000000000;
202501;4131;4003310047;VL_PG_RC;-7080.060000000000000;
202501;4131;9970000000;CAIXA;34604.090000000000000;
202501;4831;2019001829;COTAS;203275844.033392000000000;15435379000130
202501;4176;2004002883;COTAS;7816735.244217000000000;
202501;4831;2019001829;COTAS;585020182.327352000000000;20468585000186
202501;4831;2020000611;COTAS;12569684.802497000000000;
202501;4831;2020000611;IMOVEIS;2108450.330000000000000;
202501;4844;2019000547;CAIXA;270.290000000000000;
202501;4844;2019000547;COTAS;2139528.316473000000000;
202501;4844;2019000547;COTAS;863453.378689000000000;
202501;4858;2018002211;CAIXA;1370.490000000000000;
202501;4861;2019000474;COTAS;250180.059951000000000;
202501;4861;9970000000;CAIXA;23174.300000000000000;
202501;4176;2004002883;OPERACAO_PARTICIPANTE;116341791.559190776100000;
202501;4892;2021000583;COTAS;8385108.817159000000000;
202501;4176;2018002392;COTAS;655254.829722000000000;
202501;4892;2021002829;COTAS;3177980.629644000000000;
202501;4176;2018002392;VL_PG_RC;-33274.110000000000000;
202501;4892;2021002829;VL_PG_RC;-0.030000000000000;
202501;4176;2023000319;COTAS;131050.965904000000000;
202501;4176;2023000319;VL_PG_RC;-10402.000000000000000;
202501;3188;1989000983;COTAS;65354798.437149000000000;10220247000177
202501;4181;2004000147;VL_PG_RC;-30088.230000000000000;
202501;3438;9970000000;COTAS;17592662.154764000000000;
202501;4892;9970000000;COTAS;5870224.414432000000000;
202501;4203;2000001319;ACOES;6628.150000000000000;
202501;4203;2000001319;COTAS;25503.904687000000000;
202501;4181;9970000000;COTAS;1035593.607053000000000;
202501;1184;1984000292;TIT_PUB;253687866.290000000000000;
202501;4203;2000001319;COTAS;56264006.681694000000000;24069639000191
202501;4947;1996003747;COTAS;25482224.452414000000000;
202501;4947;1996003747;COTAS;1686960131.918677000000000;51760661000156
202501;3188;1989000983;COTAS;39854840.150920000000000;25244544000120
202501;3472;1984001183;COTAS;2096856.691160000000000;17703476000191
202501;3188;1994002565;COTAS;24806206.488983000000000;34613727000166
202501;3472;1984001183;COTAS;348501424.470540000000000;42831476000114
202501;3472;1988001374;VL_PG_RC;0.000000000000000;
202501;3472;2023000718;COTAS;260704.512941000000000;17703476000191
202501;3472;2023000718;COTAS;18499434.469199000000000;42831476000114
202501;3486;1996002074;COTAS;55686622.109225000000000;
202501;3486;1996002074;COTAS;12610179.032755000000000;
202501;3527;1996002619;VL_PG_RC;-558319.080000000000000;
202501;3527;2020001365;COTAS;39123003.872799000000000;
202501;3527;2020001365;COTAS;14605999.258577000000000;
202501;3527;2020001365;COTAS;5401403.947931000000000;
202501;3527;2020001365;COTAS;6643220.644101000000000;
202501;3527;2020001756;CAIXA;2643.490000000000000;
202501;3527;2020001756;COTAS;3560347.308689000000000;
202501;3527;2020001756;COTAS;3302171.379926000000000;
202501;4181;9970000000;VL_PG_RC;-4071.750000000000000;
202501;3527;2020001756;COTAS;879219.398286000000000;
202501;3531;1996003038;CAIXA;21829.420000000000000;
202501;3531;1996003038;COTAS;1491109.576617000000000;
202501;3531;1996003038;COTAS;2019104.078149000000000;
202501;3531;9970000000;COTAS;813757.188860000000000;
202501;4203;2000001556;ACOES;35696.830000000000000;
202501;4203;2000001556;COTAS;108192.181640000000000;
202501;4203;2000002838;COTAS;809205.978259000000000;
202501;3558;1996003992;COTAS;2823903.229977000000000;
202501;3558;1996003992;COTAS;3513676.469872000000000;
202501;4203;2000002838;COTAS;21013539.184808000000000;40170889000170
202501;3558;1996003992;OPERACAO_PARTICIPANTE;5550119.880000000000000;
202501;3558;9970000000;CAIXA;256867.050000000000000;
202501;3558;9970000000;COTAS;1705048.429817000000000;
202501;3188;1994002565;OPERACAO_PARTICIPANTE;426072.190019192200000;
202501;4203;2000001319;VL_PG_RC;833898.130000000000000;
202501;3575;9970000000;COTAS;801484.392953000000000;23731312000170
202501;3602;1979000638;COTAS;7053411.283947000000000;
202501;3602;1979000638;COTAS;9125795.550495000000000;
202501;3188;1996001647;COTAS;3653385.788081000000000;29298975000120
202501;3602;1979000638;COTAS;213446018.890382000000000;21321600000121
202501;3602;1979000638;COTAS;7087853.301344000000000;49590183000131
202501;3188;1996004883;COTAS;25876048.613096000000000;27565843000191
202501;3602;1979000638;TIT_PRIV;65097621.710000000000000;
202501;4203;2000001556;TIT_PRIV;23406702.040000000000000;
202501;4203;2000006574;COTAS;1300541.544205000000000;
202501;3602;2009000511;COTAS;8708774.063030000000000;
202501;4203;2000006574;COTAS;19198663.339583000000000;40170889000170
202501;3602;2009000511;COTAS;3842676.456297000000000;22014343000148
202501;3602;2009000511;COTAS;469464.163920000000000;49590183000131
202501;4203;2020002711;COTAS;29702.005808000000000;40170889000170
202501;3602;2009000511;VL_PG_RC;-8951.160000000000000;
202501;3188;1997001047;VL_PG_RC;-130140.950000000000000;
202501;4203;2000002838;COTAS;109110648.928407000000000;40189629000146
202501;4947;1996003747;COTAS;250231225.356278000000000;51761747000101
202501;4947;1996003747;COTAS;234192728.451433000000000;51763468000179
202501;4203;9970000000;COTAS;1096564.059348000000000;
202501;3188;1998004856;COTAS;15732886.583618000000000;29298975000120
202501;4203;2000002838;OPERACAO_PARTICIPANTE;20076074.711878304300000;
202501;1198;1998003019;COTAS;1426050.896939000000000;
202501;3188;1998005674;COTAS;212884.467101000000000;
202501;4203;2000006574;CAIXA;235867.640000000000000;
202501;1198;1998003019;COTAS;570022.374481000000000;
202501;3188;1998005674;COTAS;2617733.482773000000000;10214125000178
202501;4203;2004000929;COTAS;1039379.208112000000000;40189032000100
202501;4217;1997000792;CAIXA;241.700000000000000;
202501;4203;2004000929;COTAS;319657.775513000000000;40190375000186
202501;4217;1997000792;COTAS;1208196.031520000000000;14115118000170
202501;1198;1998003019;COTAS;1004832.967241000000000;
202501;4203;2020002711;CAIXA;4474.960000000000000;
202501;1198;1998003019;COTAS;5081811.008662000000000;
202501;3188;1998005674;COTAS;2776899.715200000000000;25244544000120
202501;4217;2006004638;VL_PG_RC;10355.620000000000000;
202501;4217;2022000374;CAIXA;3816.560000000000000;
202501;4217;2022000374;COTAS;1770776.748325000000000;11435287000107
202501;4217;2006004638;CAIXA;6216.650000000000000;
202501;3602;2011001692;ACOES;19107408.870000000000000;
202501;4217;2022000374;VL_PG_RC;-443.720000000000000;
202501;4217;9970000000;COTAS;3498826.614580000000000;
202501;4221;2011002419;COTAS;27428.043627000000000;
202501;4221;2011002419;COTAS;608272.731678000000000;
202501;4217;2006004638;COTAS;1352164.813237000000000;14115118000170
202501;3188;1998006247;CAIXA;43070.890000000000000;
202501;3602;2011001692;COTAS;2931665.354519000000000;03833841000178
202501;4217;2012001238;VL_PG_RC;-107.460000000000000;
202501;3602;2011001692;COTAS;5991682.497649000000000;22014343000148
202501;4217;2022000919;VL_PG_RC;-1198.030000000000000;
202501;4221;2012001629;COTAS;1033835.123715000000000;
202501;3602;2020002965;COTAS;58344.740681000000000;
202501;4217;2022002156;COTAS;3938459.919178000000000;11435287000107
202501;4947;9970000000;CAIXA;1823.880000000000000;
202501;3188;1998006247;COTAS;18397901.104704000000000;10220247000177
202501;4221;2012001629;COTAS;105958.524976000000000;
202501;3647;1997001829;OPERACAO_PARTICIPANTE;174236.710000000000000;
202501;4221;2005000892;COTAS;196442.945731000000000;
202501;4221;2012001629;COTAS;4295553.510180000000000;
202501;3647;9970000000;COTAS;502207.869997000000000;
202501;3678;2020001918;VL_PG_RC;-26.660000000000000;
202501;4221;2005000892;COTAS;964323.067141000000000;
202501;3678;9970000000;VL_PG_RC;-30.500000000000000;
202501;4221;2006004247;COTAS;120497.564923000000000;
202501;3811;1998004783;CAIXA;128558.210000000000000;
202501;3188;1998006247;COTAS;14832551.651431000000000;25244544000120
202501;3811;1998004783;COTAS;153105681.520828000000000;
202501;3188;1998006247;VL_PG_RC;-69677.080000000000000;
202501;3825;1981000674;VL_PG_RC;0.000000000000000;
202501;4221;2006004247;COTAS;1152175.114072000000000;
202501;3825;1988002192;VL_PG_RC;0.000000000000000;
202501;4221;2012001629;OPERACAO_PARTICIPANTE;497548.160226000000000;
202501;4221;2012001629;COTAS;2586244.340468000000000;
202501;3825;1989001874;COTAS;14854186.621444000000000;
202501;3188;1999002792;COTAS;551391.167992000000000;
202501;4221;2012001629;COTAS;594356.203337000000000;
202501;3825;1989001874;COTAS;9685918.049198000000000;
202501;4221;2012001874;COTAS;11237785.945302000000000;
202501;3188;1999002792;COTAS;4994799.474206000000000;10214125000178
202501;4221;2012001874;COTAS;17711272.603455000000000;
202501;1198;1998003019;IMOVEIS;9700453.900000000000000;
202501;4221;2012001874;COTAS;2361918.676893000000000;
202501;3188;1999002792;COTAS;40390.605356000000000;10220247000177
202501;4221;2015001883;COTAS;613000.982277000000000;
202501;4221;2012001874;COTAS;4243964.699908000000000;
202501;3825;1995001929;COTAS;9811238.241996000000000;
202501;4221;2015001883;COTAS;1106662.526816000000000;
202501;3188;1999002792;COTAS;7148530.689349000000000;25244544000120
202501;3188;1999003756;COTAS;189179.411811000000000;18270776000197
202501;4221;2012001874;COTAS;1868302.817305000000000;
202501;3825;1995001929;COTAS;12911192.735255000000000;
202501;4221;2015001883;COTAS;240416.626950000000000;
202501;4221;2012001874;COTAS;321136.584478000000000;
202501;3825;1996001574;COTAS;9941272.697896000000000;
202501;3825;1996001574;COTAS;75378523.525897000000000;
202501;4221;2012001874;OPERACAO_PARTICIPANTE;1174512.923670000000000;
202501;4234;2004002956;COTAS;151234705.440000000000000;19718324000198
202501;3825;1997000229;COTAS;4323763.865373000000000;
202501;4221;2015001883;COTAS;32333.796855000000000;
202501;4234;2004002956;COTAS;59165755.110072000000000;32812263000191
202501;3188;1999003756;COTAS;2265541.252865000000000;27565843000191
202501;3825;1998001083;CAIXA;2000.000000000000000;
202501;4221;9970000000;VL_PG_RC;0.000000000000000;
202501;4248;2000001718;COTAS;2042970.151779000000000;18936235000155
202501;3188;2000007856;COTAS;10745456.143534000000000;29298975000120
202501;4248;2009000838;CAIXA;129658.820000000000000;
202501;1198;1998003019;TIT_PRIV;685009.940000000000000;
202501;1198;2019001111;VL_PG_RC;4967.460000000000000;
202501;3188;2001000847;COTAS;3649094.646851000000000;29298975000120
202501;3825;1998001083;COTAS;97226975.839566000000000;
202501;1208;1979005265;ACOES;171760252.830000000000000;
202501;3188;2001000847;OPERACAO_PARTICIPANTE;8664.790000000000000;
202501;4248;2009000838;COTAS;55610091.070011000000000;08035716000136
202501;1208;1995003956;COTAS;17386604.540000000000000;19673072000128
202501;4234;9970000000;VL_PG_RC;-3119.000000000000000;
202501;4248;2009000838;COTAS;16515421.511123000000000;19602288000100
202501;1208;1995003956;OPERACAO_PARTICIPANTE;87690758.967122716500000;
202501;4248;2009000838;COTAS;70544952.730713000000000;20726076000106
202501;1208;2013001411;OPERACAO_PARTICIPANTE;25141789.428888701300000;
202501;4248;2009000838;COTAS;94128718.350478000000000;20726130000113
202501;1225;1979002347;CAIXA;151689.390000000000000;
202501;3825;1998001083;COTAS;12695.619273000000000;
202501;3188;2001000847;TIT_PUB;27605123.750000000000000;
202501;3188;2002000565;COTAS;705840.983969000000000;
202501;3188;2002000565;COTAS;776314.328181000000000;27565843000191
202501;3188;2002000719;COTAS;3200920.962393000000000;
202501;3188;2003000283;COTAS;5234.190360000000000;10220247000177
202501;3188;2003000747;COTAS;1573041.417662000000000;18270776000197
202501;3188;2003000747;COTAS;800607.884195000000000;29298975000120
202501;3188;2003001638;COTAS;8520406.387800000000000;29298975000120
202501;3188;2003001638;COTAS;7385.886737000000000;34613727000166
202501;3188;2004002174;CAIXA;287522.040000000000000;
202501;3188;2004002174;COTAS;12940751.336526000000000;
202501;3188;2004002174;COTAS;7921818.651712000000000;36178602000180
202501;3188;2005000256;COTAS;537348.492586000000000;
202501;3188;2005001211;TIT_PUB;28014948.060000000000000;
202501;3188;2005006483;COTAS;195319.142126000000000;18270776000197
202501;3188;2005006483;COTAS;1652961.386222000000000;27565843000191
202501;3188;2009002156;COTAS;48131141.896808000000000;10214125000178
202501;3188;2009002156;COTAS;46753034.625855000000000;10220247000177
202501;4248;2009000838;COTAS;27078097.899598000000000;28206291000198
202501;3188;2009002156;COTAS;94254556.244452000000000;25244544000120
202501;3188;2010000374;COTAS;394879.228652000000000;
202501;4248;2009000838;OPERACAO_PARTICIPANTE;16330729.221006186300000;
202501;3188;2010000374;COTAS;340552.779903000000000;
202501;4248;2011001919;CAIXA;39279.470000000000000;
202501;3188;2010000374;COTAS;1305480.867575000000000;10220241000108
202501;4248;2011001919;COTAS;75163270.430006000000000;19602288000100
202501;4248;2011001919;COTAS;1067876654.512310000000000;18936235000155
202501;4248;2011001919;COTAS;779975563.688693000000000;20726076000106
202501;4248;2011001919;COTAS;15305642.296290000000000;52350495000182
202501;3825;1998001156;COTAS;5229077.006114000000000;
202501;3188;2010003047;COTAS;103082.105613000000000;
202501;3188;2010003047;COTAS;176346.000560000000000;10214125000178
202501;4248;2011001919;COTAS;296438607.656910000000000;28206291000198
202501;3188;2010003047;COTAS;227691.891314000000000;10220247000177
202501;4248;2020001683;VL_PG_RC;152597.280000000000000;
202501;3188;2010003047;COTAS;435088.316584000000000;25244544000120
202501;3188;2010003292;COTAS;0.029495000000000;
202501;3825;1998001156;COTAS;101225913.410512000000000;
202501;4248;9970000000;COTAS;3068311.636775000000000;18936235000155
202501;3188;2010003292;COTAS;2284992.818223000000000;
202501;4248;2014001847;VL_PG_RC;-3450.670000000000000;
202501;3188;2010003292;TIT_PRIV;981646.160000000000000;
202501;3825;1998001156;VL_PG_RC;0.000000000000000;
202501;4279;2004002711;CAIXA;322556.090000000000000;
202501;1225;9970000000;CAIXA;0.000000000000000;
202501;1225;9970000000;VL_PG_RC;0.000000000000000;
202501;4248;2020001683;COTAS;2959116.046555000000000;
202501;4248;2020001683;COTAS;799955.167409000000000;
202501;4248;2020001683;COTAS;1034765.154167000000000;03497804000136
202501;4248;2020001683;COTAS;9380975.838751000000000;18936232000111
202501;4279;2004002711;COTAS;55519474.273213000000000;
202501;4248;2020001683;COTAS;2998826.370418000000000;20726061000148
202501;4248;9970000000;CAIXA;10200.000000000000000;
202501;4279;2016001992;COTAS;253724222.567204000000000;24248178000114
202501;4279;2004002711;COTAS;1135231996.255164000000000;24249995000197
202501;4279;2016001992;VL_PG_RC;-114231.450000000000000;
202501;4279;2018000111;COTAS;3430764.920495000000000;24215307000178
202501;4282;2004003065;COTAS;1405701.795087000000000;
202501;4279;2018000111;CAIXA;2951.980000000000000;
202501;3825;2004000211;VL_PG_RC;0.000000000000000;
202501;1239;1979002738;COTAS;1677799.648021000000000;
202501;3825;2005003011;CAIXA;758264.420000000000000;
202501;3825;2007003619;COTAS;13494942.112853000000000;
202501;1239;1979002738;OPERACAO_PARTICIPANTE;36827425.787346670000000;
202501;3825;2007003619;TIT_PUB;23369080.800000000000000;
202501;3825;2009003829;VL_PG_RC;0.000000000000000;
202501;3825;2010005856;CAIXA;1000.000000000000000;
202501;3825;2012002056;COTAS;8769274.599903000000000;
202501;3825;2012002056;COTAS;269183.702854000000000;
202501;1239;1979002819;COTAS;1908369828.128524000000000;04912431000185
202501;3825;2015000119;COTAS;14049175.544739000000000;
202501;1239;1979002819;IMOVEIS;57200000.000000000000000;
202501;3825;2016000147;COTAS;8373297.123469000000000;
202501;3825;2016000147;COTAS;98412471.457817000000000;
202501;3825;2016000147;COTAS;42809909.584808000000000;
202501;3825;2021001611;VL_PG_RC;0.000000000000000;
202501;3188;2010003365;COTAS;2564060.652075000000000;36178602000180
202501;3825;9970000000;VL_PG_RC;0.000000000000000;
202501;1239;1979002983;CAIXA;337.960000000000000;
202501;3839;1998004929;COTAS;31680444.335282000000000;
202501;3839;2009001583;COTAS;220328.298929000000000;
202501;1239;1979003092;ACOES;24546.160000000000000;
202501;3839;2009001583;COTAS;11493.823246000000000;
202501;3188;2010003438;COTAS;9904967.683121000000000;18270776000197
202501;1239;1979003165;COTAS;6912174.239633000000000;
202501;3861;1993001719;CAIXA;16083.130000000000000;
202501;3188;2010005074;COTAS;412731.549244000000000;
202501;1239;1979003165;OPERACAO_PARTICIPANTE;35768926.752895410000000;
202501;1239;1979003238;IMOVEIS;68561797.750000000000000;
202501;1239;1979003238;TIT_PRIV;10861790.513376000000000;
202501;3188;2010005074;COTAS;1568682.516147000000000;10220241000108
202501;1239;1979003319;COTAS;178382.500986000000000;
202501;3188;2010005074;VL_PG_RC;-6281.470000000000000;
202501;1239;1982002018;CAIXA;2326715.530000000000000;
202501;3188;2010005211;COTAS;29645991.904266000000000;29298975000120
202501;3188;2012000665;COTAS;5333708.897003000000000;29298975000120
202501;1239;1982002018;COTAS;1602982.112309000000000;17518976000153
202501;3861;1993001719;COTAS;20343096.120118000000000;
202501;3861;1993001719;COTAS;32187928.707872000000000;
202501;1239;1982002174;IMOVEIS;4164825.230000000000000;
202501;3861;9970000000;CAIXA;347.070000000000000;
202501;3887;1999004965;COTAS;33423.469809000000000;
202501;3887;1999004965;COTAS;4326776.768554000000000;
202501;1239;1982002247;COTAS;10398652302.634352000000000;05754101000171
202501;1239;1982002311;ACOES;100994.970000000000000;
202501;4279;2018000111;COTAS;4081976.420776000000000;24215239000147
202501;1239;1995003018;CAIXA;1287447.730000000000000;
202501;4282;2004003065;COTAS;1191178.191176000000000;
202501;4282;9970000000;TIT_PUB;3986486.940000000000000;
202501;3188;2012000665;OPERACAO_PARTICIPANTE;723793.620000000000000;
202501;4279;2018000111;COTAS;167029.369842000000000;51834466000123
202501;4311;1997002256;VL_PG_RC;0.000000000000000;
202501;4279;9970000000;VL_PG_RC;-3890.650000000000000;
202501;4368;2005004211;COTAS;395214387.080000000000000;47541085000189
202501;4282;2004003065;COTAS;1656748.938868000000000;
202501;4368;2005004211;VL_PG_RC;-51087.390000000000000;
202501;4282;2004003065;COTAS;4050019.287518000000000;
202501;4368;9970000000;COTAS;29564247.770002000000000;
202501;4282;2004003065;COTAS;153875725.400005000000000;08983443000151
202501;4371;2005004911;VL_PG_RC;29.410000000000000;
202501;4311;1997002256;COTAS;87494716.890003000000000;
202501;4371;9970000000;CAIXA;390961.120000000000000;
202501;3188;2012000665;TIT_PUB;12327344.190000000000000;
202501;4368;9970000000;COTAS;29319082.750851000000000;
202501;4385;2005006311;COTAS;63610437.389997000000000;
202501;4385;2005006311;COTAS;63397738.480000000000000;
202501;3188;2013000456;COTAS;1870539.710279000000000;
202501;4409;9970000000;VL_PG_RC;0.000000000000000;
202501;3887;1999004965;COTAS;2585958.762873000000000;
202501;3188;2016000538;CAIXA;200.000000000000000;
202501;4412;2006001329;COTAS;3690377.686344000000000;
202501;4412;2006001329;COTAS;13451672.752033000000000;
202501;4412;2006001329;COTAS;10430834.950007000000000;
202501;3188;2016000538;COTAS;3296545.285220000000000;
202501;3887;1999004965;COTAS;3176482.529102000000000;
202501;4426;2006003111;ALUGUEL;2826580.000000000000000;
202501;3188;2016000538;COTAS;2160408.775070000000000;36178602000180
202501;4443;1982002018;COTAS;519289222.654703000000000;12558695000100
202501;4443;1982002018;TIT_PRIV;0.000000000000000;
202501;3887;1999004965;COTAS;2063270.474343000000000;
202501;4443;1982002018;VL_PG_RC;-1343.070000000000000;
202501;1239;1995003311;COTAS;54601981.680307000000000;
202501;3887;1999004965;OPERACAO_PARTICIPANTE;32754357.990000000000000;
202501;3188;2017000574;COTAS;3003603.777473000000000;
202501;4443;1998002292;OPERACAO_PARTICIPANTE;1863492.220000000000000;
202501;3188;2017000574;COTAS;805169.160191000000000;
202501;3188;2017000574;COTAS;8415001.573900000000000;10220241000108
202501;3188;2017000711;COTAS;2833127.507391000000000;36178602000180
202501;3188;2019000865;COTAS;3542746.644189000000000;
202501;3188;2019000865;COTAS;6177947.813850000000000;10214125000178
202501;3188;2019000865;COTAS;3188754.335237000000000;36178602000180
202501;3188;2021003019;COTAS;3672526.412618000000000;18270776000197
202501;3188;2023000947;COTAS;171453.944658000000000;10220241000108
202501;3251;1995001465;COTAS;153382.457276000000000;
202501;3251;1995001465;COTAS;11050188.410843000000000;
202501;3251;1995001465;COTAS;10604498.268380000000000;
202501;3251;1995001465;COTAS;597071.346699000000000;
202501;3304;1995002747;COTAS;5191735.668230000000000;
202501;3304;1995002747;COTAS;2589412.582795000000000;
202501;3304;1995002747;COTAS;982834.619285000000000;
202501;3304;1995002747;COTAS;7798530.122084000000000;
202501;3304;1995002747;COTAS;332613.706837000000000;
202501;3304;1995002747;COTAS;2432290.679419000000000;
202501;3304;1995002747;COTAS;30246.235798000000000;
202501;4461;9970000000;COTAS;2260956.998866000000000;
202501;4385;2005006311;VL_PG_RC;-1690.000000000000000;
202501;3887;1999004965;TIT_PUB;412191429.950000000000000;
202501;1239;1995003311;COTAS;72625174.488904000000000;
202501;3887;9970000000;COTAS;3420382.597253000000000;
202501;3928;1999001265;COTAS;1017616.229651000000000;
202501;4409;2006000829;COTAS;2756080.529991000000000;
202501;3928;1999001265;COTAS;6055069.205248000000000;
202501;4409;2006000829;COTAS;5586082.130000000000000;
202501;3304;1995002747;TIT_PUB;196413466.710000000000000;
202501;4474;2006005774;VL_PG_RC;-24740345.660000000000000;
202501;4409;2006000829;COTAS;81882244.600000000000000;20833940000179
202501;3304;1995002811;COTAS;15491.299299000000000;
202501;4426;2006003111;COTAS;74468774.358037000000000;
202501;3304;1995002811;COTAS;126222.896281000000000;
202501;3945;1999002318;COTAS;24938441.942866000000000;
202501;1239;1998007383;COTAS;52649.735786000000000;
202501;3304;1995002811;COTAS;31984.354311000000000;
202501;4501;2007002183;CAIXA;58702.170000000000000;
202501;3304;1995002811;COTAS;11302826.183633000000000;
202501;3304;1995002811;COTAS;2269714.604061000000000;
202501;4501;9970000000;COTAS;101118.799999000000000;19366069000161
202501;3304;1995002811;COTAS;8849995.335948000000000;
202501;4515;2007003538;COTAS;51632975.000000000000000;55222854000104
202501;4529;2008002365;COTAS;3799.554366000000000;
202501;4529;2008002365;COTAS;2002992.316364000000000;
202501;4426;2006003111;COTAS;156887.869500000000000;
202501;3945;1999002318;COTAS;4918034.212438000000000;
202501;4529;2008002365;TIT_PRIV;38480398.030000000000000;
202501;3945;1999002318;COTAS;23632499.590373000000000;
202501;3945;1999002318;COTAS;15645754.899652000000000;
202501;4529;9970000000;CAIXA;4623.330000000000000;
202501;3945;1999002318;COTAS;7916695.058726000000000;
202501;3304;1995002811;COTAS;3975644.093269000000000;
202501;1239;2018001418;CAIXA;0.000000000000000;
202501;4532;2008004856;COTAS;6041802.752019000000000;
202501;4426;2006003111;TIT_PRIV;155379571.710000000000000;
202501;1239;2018001418;COTAS;7151225.979537000000000;17518976000153
202501;3945;1999002318;COTAS;3952623.456808000000000;
202501;1239;2018001418;VL_PG_RC;-55.280000000000000;
202501;3945;1999002318;COTAS;4009502.126409000000000;
202501;1239;2020000083;OPERACAO_PARTICIPANTE;9088773.179433470000000;
202501;1239;2020000156;CAIXA;83.720000000000000;
202501;4532;2008004856;COTAS;3689676.133018000000000;
202501;3304;1995002811;COTAS;2039194.764926000000000;
202501;1239;2020000156;VL_PG_RC;2801.770000000000000;
202501;3945;1999002318;VL_PG_RC;1139259.010000000000000;
202501;4532;9970000000;VL_PG_RC;-0.160000000000000;
202501;3304;1995002811;COTAS;118593.039251000000000;
202501;4546;2009000919;VL_PG_RC;-127410.090000000000000;
202501;4426;2007002329;TIT_PUB;703195947.770000000000000;
202501;3945;9970000000;COTAS;589710.535474000000000;
202501;4426;9970000000;CAIXA;0.000000000000000;
202501;4011;2000002129;COTAS;482433.500000000000000;
202501;3304;2011001838;COTAS;988031.153914000000000;
202501;4011;2000002129;VL_PG_RC;-104.750000000000000;
202501;4443;1982002018;COTAS;114590.798246000000000;
202501;4443;1988000947;VL_PG_RC;312623.390000000000000;
202501;3304;2011001838;COTAS;246242.597560000000000;
202501;3304;9970000000;VL_PG_RC;-22316.810000000000000;
202501;4443;1998002292;CAIXA;10789.930000000000000;
202501;3321;1995002992;COTAS;814512.435422000000000;
202501;4443;1998002292;COTAS;33983225.438332000000000;21624975000160
202501;3321;1995002992;COTAS;7762969.260926000000000;
202501;4461;9970000000;COTAS;1968801.452167000000000;
202501;3321;1995002992;COTAS;3447117.310367000000000;
202501;3321;1995002992;COTAS;1944037.901752000000000;
202501;4461;9970000000;COTAS;189078.344280000000000;
202501;3321;1995002992;COTAS;6698415.970903000000000;
202501;4011;2000002218;TIT_PUB;50316123.600000000000000;
202501;3349;1995003638;COTAS;2279.340003000000000;
202501;3349;1995003638;COTAS;3249516.000000000000000;
202501;3349;1995003638;COTAS;4388736.403450000000000;
202501;3349;1995003638;OPERACAO_PARTICIPANTE;16975015.140131554600000;
202501;4011;2014001456;CAIXA;41121.760000000000000;
202501;3407;1995003247;COTAS;40801.020074000000000;
202501;3407;1995003247;COTAS;12231358.723419000000000;
202501;3407;9970000000;COTAS;2591.859962000000000;
202501;4011;9970000000;VL_PG_RC;-587.180000000000000;
202501;4039;2000004229;CAIXA;374020.420000000000000;
202501;3411;2006000292;CAIXA;4032.240000000000000;
202501;4039;2000004229;COTAS;20680635.994417000000000;
202501;3411;2006000292;VL_PG_RC;-6615.670000000000000;
202501;3411;2016001356;CAIXA;263.150000000000000;
202501;3411;2016001429;CAIXA;355.520000000000000;
202501;3411;2016001429;COTAS;16015969.998619000000000;13970020000137
202501;3411;9970000000;CAIXA;14650.660000000000000;
202501;3438;1988003083;CAIXA;95453.230000000000000;
202501;1239;2020000792;OPERACAO_PARTICIPANTE;64352575.538861740000000;
202501;4039;2000004229;OPERACAO_PARTICIPANTE;17194012.870000000000000;
202501;3438;1989001238;COTAS;5028998.018913000000000;
202501;4042;2000004792;CAIXA;71317.800000000000000;
202501;4042;2000004792;COTAS;17200189.489999000000000;
202501;3438;1999001011;VL_PG_RC;0.000000000000000;
202501;3438;1999001656;CAIXA;662292.360000000000000;
202501;4461;9970000000;COTAS;281015.219223000000000;
202501;3438;1999001729;VL_PG_RC;0.000000000000000;
202501;1239;2020000792;TIT_PRIV;4100617.419347000000000;
202501;1239;2022001011;ACOES;16071.690000000000000;
202501;3438;2000005111;VL_PG_RC;-357425.580000000000000;
202501;1239;2022001011;IMOVEIS;1916977.350000000000000;
202501;3438;2001002092;CAIXA;0.000000000000000;
202501;1239;2022001011;TIT_PRIV;296227.100132000000000;
202501;3438;2002000956;OPERACAO_PARTICIPANTE;916.750000000000000;
202501;1239;9970000000;CAIXA;5906827.150000000000000;
202501;4474;2006005774;CAIXA;406190.850000000000000;
202501;1242;1985001519;CAIXA;19959.530000000000000;
202501;4087;2007000156;TIT_PUB;25007148.900000000000000;
202501;4515;2007003538;VL_PG_RC;0.000000000000000;
202501;1242;1985001519;VL_PG_RC;-377620.090000000000000;
202501;4091;1974000338;IMOVEIS;26630700.000000000000000;
202501;4515;9970000000;COTAS;752371.440000000000000;09188149000110
202501;1242;1985001683;COTAS;213647.600000000000000;
202501;4529;2008002365;COTAS;4645524.393852000000000;
202501;1242;1985001683;COTAS;950502.657265000000000;
202501;4546;9970000000;COTAS;364142.973566000000000;
202501;4091;2002001529;COTAS;18089975.821421000000000;05426951000140
202501;4091;2002001529;OPERACAO_PARTICIPANTE;5540273.850143949800000;
202501;1242;1985001683;COTAS;29958956.407803000000000;
202501;4091;2004002492;OPERACAO_PARTICIPANTE;38628543.440868264400000;
202501;1242;2021001792;COTAS;61811.500000000000000;
202501;4529;2008002365;TIT_PUB;221219864.520000000000000;
202501;4091;2004002492;TIT_PUB;735347970.350000000000000;
202501;3438;2002002029;VL_PG_RC;-622276.570000000000000;
202501;4529;9970000000;VL_PG_RC;0.000000000000000;
202501;4546;9970000000;TIT_PUB;261011.890000000000000;
202501;4091;9970000000;COTAS;2572937.094729000000000;31569976000103
202501;1242;2021001792;COTAS;145791.000000000000000;
202501;1242;2021001792;COTAS;120724.100000000000000;
202501;3438;2005002992;COTAS;8518213.315980000000000;06170648000192
202501;4101;2002001847;COTAS;332322179.651933000000000;07377701000193
202501;1242;2021001792;COTAS;9229041.094184000000000;
202501;4577;2008003892;COTAS;7095040.192887000000000;
202501;4577;2008003892;COTAS;2157062.648558000000000;
202501;4532;9970000000;CAIXA;96854.640000000000000;
202501;4577;9970000000;COTAS;107661.267382000000000;
202501;3438;2005002992;VL_PG_RC;-13167.760000000000000;
202501;3438;2005003638;COTAS;17903225.412615000000000;
202501;4581;1999000919;COTAS;91453939.269269000000000;38452613000132
202501;4546;2009000919;CAIXA;162387.900000000000000;
202501;1242;2021001792;COTAS;2249594.765181000000000;
202501;3438;2006000438;COTAS;6940704.160000000000000;
202501;4546;9970000000;CAIXA;146654.390000000000000;
202501;1242;2021001792;COTAS;3315591.451730000000000;
202501;4577;2008003892;COTAS;510881.978299000000000;
202501;4577;2010001974;COTAS;1084212.485351000000000;
202501;4581;1999000919;OPERACAO_PARTICIPANTE;29783811.480000000000000;
202501;1242;2021001792;COTAS;36130444.182128000000000;18820186000190
202501;4577;2010001974;COTAS;765892.132541000000000;
202501;4594;1989001629;COTAS;9902779.772179000000000;
202501;1256;9970000000;COTAS;418412.343390000000000;
202501;4577;2010001974;COTAS;216661.026579000000000;
202501;4594;2009003683;CAIXA;3191743.300000000000000;
202501;1261;1980000311;VL_PG_RC;-1985.050000000000000;
202501;4577;2010001974;COTAS;2009675.987165000000000;
202501;3438;2006002074;COTAS;61208732.365168000000000;08661367000168
202501;3438;2006002074;OPERACAO_PARTICIPANTE;1508030.520000000000000;
202501;3438;2006002147;OPERACAO_PARTICIPANTE;963815.780000000000000;
202501;3438;2006002211;OPERACAO_PARTICIPANTE;146079.380000000000000;
202501;3438;2006002611;OPERACAO_PARTICIPANTE;3115095.500000000000000;
202501;3438;2006002783;VL_PG_RC;-3181.330000000000000;
202501;3438;2007003856;OPERACAO_PARTICIPANTE;356946.770000000000000;
202501;3438;2008003256;VL_PG_RC;-13757.670000000000000;
202501;3438;2009002083;COTAS;5208443.028240000000000;
202501;3438;2009003519;CAIXA;2522596.580000000000000;
202501;4577;2010001974;COTAS;1473451.564016000000000;
202501;4604;2010002083;CAIXA;2366.940000000000000;
202501;3438;2013001983;CAIXA;609370.190000000000000;
202501;3438;2013001983;COTAS;3145163.565435000000000;
202501;4577;2010001974;COTAS;160965.210608000000000;
202501;3438;2016002018;COTAS;3539723.413266000000000;
202501;3438;2020002183;COTAS;2844408.948625000000000;
202501;4577;9970000000;CAIXA;112257.690000000000000;
202501;3438;2020002183;OPERACAO_PARTICIPANTE;589564.340000000000000;
202501;4604;2010002083;COTAS;21182115.527123000000000;
202501;4577;9970000000;COTAS;179452.922687000000000;
202501;4581;1999000919;CAIXA;126248.400000000000000;
202501;4114;2002004129;COTAS;231152285.299656000000000;08744969000189
202501;4581;1999000919;COTAS;106419425.083627000000000;20726178000121
202501;1261;2005006165;COTAS;100662562.440356000000000;
202501;4604;2010002083;OPERACAO_PARTICIPANTE;6346776.018589816100000;
202501;4581;9970000000;COTAS;7991439.647733000000000;11005764000196
202501;4604;9970000000;CAIXA;2357.410000000000000;
202501;4581;9970000000;VL_PG_RC;-2598.640000000000000;
202501;4128;1995003565;COTAS;77360439.000213000000000;08931953000185
202501;4621;2010002318;VL_PG_RC;-2789.290000000000000;
202501;4594;9970000000;CAIXA;186808.470000000000000;
202501;4621;2022002083;VL_PG_RC;-2006.050000000000000;
202501;4128;1995003565;VL_PG_RC;0.000000000000000;
202501;4604;2010002083;COTAS;90384804.290209000000000;
202501;1273;1985000229;COTAS;140593241.628585000000000;
202501;4618;2009002474;COTAS;94672139.809152000000000;19366021000153
202501;4131;1986000419;OPERACAO_PARTICIPANTE;4841.290000000000000;
202501;4618;9970000000;VL_PG_RC;0.000000000000000;
202501;3438;2020003392;COTAS;48362220.457460000000000;46206481000197
202501;3438;2020003392;VL_PG_RC;0.000000000000000;
202501;3438;2021002438;COTAS;109970374.896844000000000;
202501;3438;2021002438;COTAS;27144590.339448000000000;
202501;3438;2021002438;COTAS;3650831.834448000000000;
202501;3438;2021002918;COTAS;281405.929814000000000;
202501;3472;1984001183;COTAS;259739199.254450000000000;04906948000161
202501;3472;1984001183;IMOVEIS;55092883.500000000000000;
202501;3472;2023000718;COTAS;15053834.779478000000000;04906948000161
202501;3486;1996002074;COTAS;338309566.374038000000000;
202501;3486;1996002074;VL_PG_RC;-27622.710000000000000;
202501;4649;9970000000;VL_PG_RC;0.000000000000000;
202501;4649;2010003756;VL_PG_RC;-101429.200000000000000;
202501;4652;9970000000;COTAS;37732.420000000000000;
202501;4649;9970000000;CAIXA;130886.620000000000000;
202501;3486;9970000000;TIT_PRIV;3659927.500000000000000;
202501;4652;2010004574;CAIXA;5693.060000000000000;
202501;3527;1996002619;CAIXA;40658.340000000000000;
202501;4652;2010004574;COTAS;88933956.359998000000000;08998851000187
202501;3527;1996002619;COTAS;14961937.010425000000000;
202501;4666;2011000629;COTAS;7971996.980694000000000;
202501;3527;1996002619;COTAS;2611873.816664000000000;
202501;4666;2011000629;COTAS;11017103.019446000000000;
202501;4666;2011000629;COTAS;18711545.975713000000000;
202501;4666;2011000629;CAIXA;6451.080000000000000;
202501;4666;2011000629;COTAS;4155359.019026000000000;
202501;4131;1987000374;COTAS;1147274.092144000000000;
202501;4666;2011000629;COTAS;41154146.033555000000000;
202501;4666;2011000629;COTAS;2615856.349860000000000;
202501;4666;2011000947;COTAS;336052.053643000000000;
202501;3527;1996002619;TIT_PUB;27253964.920000000000000;
202501;4666;2011000947;COTAS;21432827.474496000000000;
202501;3527;2020001365;CAIXA;11413.260000000000000;
202501;4666;2021002756;COTAS;58572042.248403000000000;
202501;3527;2020001365;COTAS;4114908.873764000000000;
202501;4683;1990001165;COTAS;13612392.483072000000000;
202501;4131;1998006311;CAIXA;63095.210000000000000;
202501;3527;2020001365;COTAS;31939531.853041000000000;
202501;4683;2004002311;VL_PG_RC;-12554.200000000000000;
202501;3527;2020001365;COTAS;1110530.567942000000000;
202501;4683;2005000647;CAIXA;1906.560000000000000;
202501;4683;2005000647;COTAS;93786.040171000000000;
202501;4131;1998006719;COTAS;2915667.436123000000000;
202501;4666;2011000629;COTAS;7113112.354190000000000;
202501;4131;1998006719;OPERACAO_PARTICIPANTE;47067.310000000000000;
202501;4666;2011000629;COTAS;6877441.440611000000000;
202501;4131;2006006665;CAIXA;115784.560000000000000;
202501;4666;2011000947;COTAS;6396419.010261000000000;
202501;4131;2008004465;OPERACAO_PARTICIPANTE;5363.340000000000000;
202501;4131;2008004538;VL_PG_RC;-51471.110000000000000;
202501;4131;2017000647;COTAS;4987692.320000000000000;
202501;4666;2011000947;COTAS;3622918.019183000000000;
202501;4666;2011000947;COTAS;1330285.921510000000000;
202501;4666;2021002756;COTAS;581390.936260000000000;
202501;4666;2021002756;COTAS;1616595.597833000000000;
202501;4666;9970000000;COTAS;6871223.439141000000000;
202501;4683;1990001165;COTAS;395727756.055301000000000;
202501;4683;1990001165;COTAS;139102824.139891000000000;
202501;4683;2005000647;COTAS;24983115.239223000000000;
202501;4683;2005000647;COTAS;18979824.685896000000000;
202501;4683;2019000792;COTAS;53693740.346021000000000;
202501;4683;2019000792;COTAS;3497948.622605000000000;
202501;4683;2019000792;COTAS;1617456.057557000000000;29055966000108
202501;4683;2022001338;VL_PG_RC;-68.060000000000000;
202501;4683;9970000000;VL_PG_RC;0.000000000000000;
202501;4707;2013000138;COTAS;4489901.617655000000000;
202501;4707;2013000138;COTAS;167049.134066000000000;
202501;4707;2013000138;COTAS;45049893.440711000000000;
202501;4707;2013000138;COTAS;719358.660001000000000;
202501;4707;2013000138;COTAS;19215372.681220000000000;
202501;4707;2013000138;COTAS;44038940.793158000000000;
202501;4707;2013000219;COTAS;5612377.022068000000000;
202501;4707;2013000219;COTAS;24665214.218918000000000;
202501;4683;2005000647;COTAS;9535546.699688000000000;
202501;4707;2013000219;COTAS;18677450.786281000000000;
202501;4707;2013002092;COTAS;14457038.557500000000000;
202501;4707;2013002092;COTAS;2556009.830228000000000;
202501;4683;2005000647;COTAS;27785580.903143000000000;29055966000108
202501;4707;2013002092;COTAS;21610782.585519000000000;
202501;4707;2013002092;COTAS;6030127.748728000000000;
202501;4683;2005000647;COTAS;15956780.840310000000000;41287925000142
202501;4707;2013002092;COTAS;23243595.708794000000000;
202501;4707;2013000138;COTAS;8888049.209920000000000;
202501;4707;2013002092;COTAS;8091613.059874000000000;
202501;4707;2013002092;COTAS;9659168.969450000000000;
202501;4707;2013000138;COTAS;11957199.810053000000000;
202501;4707;2018001329;COTAS;1499003.647494000000000;
202501;4707;2013000138;OPERACAO_PARTICIPANTE;2678959.338041160000000;
202501;4707;2018001329;COTAS;826565.537501000000000;
202501;4707;2018001329;COTAS;635921.228188000000000;
202501;4707;2013000138;TIT_PUB;16812206.390000000000000;
202501;4707;2013000219;COTAS;47999655.018000000000000;
202501;4707;2013000219;COTAS;5137323.075471000000000;
202501;4707;2013000219;COTAS;6619145.263453000000000;
202501;4707;2013000219;COTAS;476397196.202908000000000;
202501;4707;2013000219;COTAS;12638793.543224000000000;
202501;4707;2018001892;COTAS;396983.377000000000000;
202501;4707;2013000219;OPERACAO_PARTICIPANTE;2476140.743736480000000;
202501;4707;2018001892;COTAS;625903.005143000000000;
202501;4707;2018001892;COTAS;529397.821877000000000;
202501;4707;2013002092;COTAS;76993820.516277000000000;
202501;4707;2013002092;COTAS;22639426.270172000000000;
202501;4707;2013002092;COTAS;45208262.748501000000000;
202501;4707;2018001892;VL_PG_RC;-41377.390000000000000;
202501;4707;2018001329;COTAS;99863.772726000000000;
202501;4707;2019003856;COTAS;459773.690001000000000;
202501;4707;2018001329;COTAS;222340.221530000000000;
202501;4707;2019003856;COTAS;3564060.168687000000000;
202501;4707;2018001329;COTAS;833910.022337000000000;
202501;4707;2019003856;COTAS;611421.252380000000000;
202501;4707;2018001892;COTAS;519650.493135000000000;
202501;4707;2018001892;COTAS;1215141.673344000000000;
202501;4707;2019003856;COTAS;835698.293695000000000;
202501;4707;2019003856;COTAS;1341453.088044000000000;
202501;4707;2020000474;COTAS;2421254.620737000000000;
202501;4707;2020000474;COTAS;1024436.844931000000000;
202501;4707;2020000474;COTAS;219053.871284000000000;
202501;4707;2020002647;COTAS;1110859.427845000000000;
202501;4707;2020002647;COTAS;754655.660001000000000;
202501;4707;2020002647;COTAS;631140.113240000000000;
202501;4707;2020002647;COTAS;696029.384428000000000;
202501;4707;2020002647;COTAS;2017278.706445000000000;
202501;4707;2022001265;COTAS;1755239.739756000000000;
202501;4707;2022001265;COTAS;1381066.806413000000000;
202501;4707;9970000000;COTAS;4886025.050000000000000;
202501;4711;2008002047;CAIXA;42551.010000000000000;
202501;4724;2013000383;ACOES;122459351.490000000000000;
202501;4724;2013000383;COTAS;85569176.700000000000000;
202501;4724;2013000618;COTAS;45460677.000000000000000;
202501;4724;2013000618;COTAS;2150148.000000000000000;
202501;4724;2013000618;COTAS;31638225.263666000000000;41722175000190
202501;4724;9970000000;VL_PG_RC;0.000000000000000;
202501;4738;2013001347;CAIXA;71436.760000000000000;
202501;4738;2013001347;COTAS;38702037.248298000000000;
202501;4738;2013001347;COTAS;38151019.994141000000000;
202501;4741;2013001738;COTAS;173550663.000000000000000;
202501;4741;2013001738;COTAS;56601305.640762000000000;
202501;4741;9970000000;COTAS;16657025.308164000000000;
202501;4755;2014000311;COTAS;20092222.110046000000000;
202501;4755;2014000311;COTAS;7106.920998000000000;
202501;4707;2019003856;COTAS;787450.181410000000000;
202501;4755;2014000311;TIT_PUB;14732706.370000000000000;
202501;4755;2015001247;COTAS;57590.309655000000000;
202501;4755;9970000000;CAIXA;500.250000000000000;
202501;4755;9970000000;COTAS;4618625.889247000000000;
202501;4769;2015000429;COTAS;7392697.375781000000000;
202501;4769;9970000000;COTAS;5656294.794404000000000;
202501;4786;2016000856;COTAS;2759278.000000000000000;
202501;4707;2020000474;COTAS;997680.371341000000000;
202501;4707;2020000474;COTAS;146803.083366000000000;
202501;4707;2020000474;COTAS;1039149.318908000000000;
202501;4786;2016000856;COTAS;1988710.000002000000000;
202501;4707;2020000474;COTAS;222335.000865000000000;
202501;4786;2018001019;COTAS;70280.000002000000000;
202501;4707;2020002647;COTAS;1316420.452794000000000;
202501;4786;2018001019;COTAS;50404.000001000000000;
202501;4707;2020002647;COTAS;222335.000865000000000;
202501;4786;2018001019;COTAS;102195.000006000000000;
202501;4707;2022001265;COTAS;658381.527109000000000;
202501;4786;2018001019;COTAS;30224.000001000000000;
202501;4786;2019000611;COTAS;140560.418553000000000;
202501;4707;2022001265;VL_PG_RC;-35846.430000000000000;
202501;4786;2019000611;COTAS;25210.569040000000000;
202501;4786;9970000000;COTAS;1958.652230000000000;
202501;4707;9970000000;COTAS;80795444.605179000000000;
202501;4711;2008001938;CAIXA;5945.700000000000000;
202501;4711;2014000638;COTAS;9627779.313405000000000;46975866000119
202501;4711;2018000519;COTAS;8618481.020727000000000;26324274000120
202501;4711;9970000000;CAIXA;8433.850000000000000;
202501;4724;2013000383;CAIXA;216013.540000000000000;
202501;4724;2013000383;COTAS;209010492.921867000000000;37467600000174
202501;4724;2013000618;COTAS;20790930.424038000000000;08070830000105
202501;4738;2013001347;COTAS;38682213.695239000000000;
202501;4738;2013001347;COTAS;9717657.686095000000000;
202501;4738;2013001347;COTAS;14325836.504117000000000;
202501;4738;2013001347;COTAS;46266819.059996000000000;
202501;4738;2021002519;COTAS;24031.948252000000000;
202501;4738;2021002519;COTAS;33500.082910000000000;
202501;4741;2013001738;TIT_PRIV;611195947.360000000000000;
202501;4791;2016001283;COTAS;1713119.280000000000000;
202501;3527;2020001756;COTAS;69868029.971926000000000;
202501;3527;2020001756;COTAS;2962840.876229000000000;
202501;4791;2016001283;COTAS;6347846.759990000000000;
202501;4791;2016001283;COTAS;4034848.020002000000000;
202501;4791;2016001283;COTAS;2421825.320000000000000;
202501;3531;1996003038;VL_PG_RC;-238726.510000000000000;
202501;4791;2016001283;COTAS;3621714.439997000000000;
202501;3531;9970000000;CAIXA;365.930000000000000;
202501;4791;2020001047;VL_PG_RC;-0.820000000000000;
202501;3558;1996003992;COTAS;5397175.360135000000000;
202501;4801;2016001518;COTAS;10763310.180002000000000;
202501;3558;1996003992;COTAS;480219541.982891000000000;05114396000111
202501;4801;2016001518;COTAS;15802317.100001000000000;
202501;3575;1996004247;COTAS;113492352.025490000000000;23731312000170
202501;4801;2016001518;COTAS;3268437.130032000000000;
202501;3592;2006005911;COTAS;52855515.000000000000000;
202501;4741;2013001738;TIT_PUB;714589200.470000000000000;
202501;3592;2006005911;COTAS;118976893.172882000000000;
202501;4741;9970000000;CAIXA;10462.930000000000000;
202501;4741;9970000000;COTAS;6413267.169767000000000;
202501;3592;9970000000;CAIXA;53057.030000000000000;
202501;3592;9970000000;VL_PG_RC;-1.550000000000000;
202501;4755;2014000311;COTAS;5893369.721998000000000;
202501;3602;2009000511;COTAS;19207838.022098000000000;50927335000128
202501;4755;2014000311;COTAS;18862.869607000000000;
202501;3602;2011001692;COTAS;1950670.143763000000000;
202501;4755;2014000311;COTAS;952020.010079000000000;
202501;3602;2011001692;COTAS;4756429.607410000000000;
202501;4755;2015001247;COTAS;524541.295344000000000;
202501;3602;2011001692;COTAS;661273.338584000000000;49590183000131
202501;4755;2015001247;COTAS;42578.101108000000000;
202501;3602;9970000000;COTAS;6152669.287688000000000;
202501;4755;2015001247;COTAS;51118.094802000000000;
202501;3678;1999002083;COTAS;39779255.618815000000000;03322908000100
202501;4755;2015001247;COTAS;46246.201563000000000;
202501;3678;1999002083;VL_PG_RC;-876.350000000000000;
202501;3678;2008001474;CAIXA;2052.400000000000000;
202501;4801;2016001518;COTAS;7476519.070000000000000;
202501;4755;2015001247;COTAS;37523.605571000000000;
202501;3825;1981000674;TIT_PUB;43507548.980000000000000;
202501;4755;2020002574;COTAS;88880.141762000000000;
202501;4801;2016001518;VL_PG_RC;0.000000000000000;
202501;3825;1989001874;COTAS;28819578.868271000000000;
202501;4755;2020002574;COTAS;5364.980893000000000;
202501;4813;2017000965;CAIXA;0.000000000000000;
202501;4755;2020002574;VL_PG_RC;0.000000000000000;
202501;4813;2017000965;COTAS;15868320.989846000000000;
202501;3825;1989001874;VL_PG_RC;0.000000000000000;
202501;4755;9970000000;COTAS;1171418.348741000000000;
202501;4831;1993000429;ACOES;166.290000000000000;
202501;4755;9970000000;COTAS;77066.286210000000000;
202501;4831;1993000429;COTAS;5738260.607815000000000;
202501;4755;9970000000;COTAS;661326.754633000000000;
202501;4831;1993000429;COTAS;721317.130158000000000;
202501;3825;1993001638;TIT_PUB;16415306.310000000000000;
202501;3825;1994000783;VL_PG_RC;0.000000000000000;
202501;3825;1996001574;CAIXA;2000.000000000000000;
202501;3825;1996001574;VL_PG_RC;0.000000000000000;
202501;3825;1998004619;COTAS;33232020.700696000000000;
202501;4769;2015000429;COTAS;1049943.061794000000000;
202501;3825;2001001118;TIT_PUB;27258008.210000000000000;
202501;3825;2007003619;CAIXA;3000.000000000000000;
202501;3825;2009002318;VL_PG_RC;0.000000000000000;
202501;3825;2010005856;VL_PG_RC;0.000000000000000;
202501;3825;2020003211;COTAS;46534155.214602000000000;
202501;4769;2015000429;COTAS;892990.184988000000000;
202501;3825;2021001611;CAIXA;21733.140000000000000;
202501;4769;9970000000;COTAS;3795898.789922000000000;
202501;3825;2021001611;COTAS;3692136.046383000000000;31032406000180
202501;4786;2016000856;COTAS;7737627.998627000000000;
202501;4786;2016000856;COTAS;40005790.000000000000000;
202501;4786;2018001019;COTAS;816993.998861000000000;
202501;4831;1998003647;COTAS;10028791.419528000000000;
202501;4786;2019000611;COTAS;1531863.033654000000000;
202501;4831;2006006811;COTAS;0.172283000000000;
202501;3839;1998004929;COTAS;18717169.640592000000000;
202501;4831;2006006811;COTAS;56846365.497053000000000;
202501;3839;1998004929;COTAS;12851991.739111000000000;
202501;4831;2006006811;COTAS;689688.470391000000000;
202501;3839;1998004929;COTAS;144999326.801481000000000;
202501;4831;2019001829;COTAS;1236201.201883000000000;
202501;4786;2019000611;COTAS;174714.550363000000000;
202501;4831;2020000611;COTAS;10561979.840750000000000;
202501;4786;9970000000;COTAS;414214.477901000000000;
202501;4831;2020000611;COTAS;5327388.938912000000000;
202501;4786;9970000000;COTAS;52601.848520000000000;
202501;4831;2020000611;COTAS;2677389.789563000000000;
202501;3839;1998004929;COTAS;1810120.575605000000000;
202501;4791;2016001283;COTAS;2794792.840000000000000;
202501;4844;2019000547;COTAS;779775.777228000000000;
202501;3839;1998004929;COTAS;909433.578594000000000;
202501;4844;2019000547;COTAS;5032284.831526000000000;
202501;4791;2016001283;COTAS;2685945.600000000000000;
202501;3839;1998004929;VL_PG_RC;1006401.680000000000000;
202501;4844;2019000547;COTAS;1707462.960979000000000;
202501;3839;2009001583;COTAS;801066.703326000000000;
202501;4844;9970000000;COTAS;1905259.840433000000000;
202501;3839;2009001583;COTAS;22412.840168000000000;
202501;4858;2018002211;TIT_PUB;223733.670000000000000;
202501;4791;2016001283;COTAS;4213561.110000000000000;
202501;3839;9970000000;VL_PG_RC;0.000000000000000;
202501;4801;2016001518;COTAS;5036818.230001000000000;
202501;3861;9970000000;COTAS;546258.859999000000000;
202501;4861;2019000474;CAIXA;89386.760000000000000;
202501;3887;1999004965;COTAS;38709.562507000000000;
202501;4875;2020002329;COTAS;6238835.365341000000000;
202501;3887;1999004965;COTAS;6056572.487887000000000;
202501;4875;9970000000;COTAS;1076186.411905000000000;
202501;4801;2016001518;COTAS;3977134.260000000000000;
202501;3887;1999004965;COTAS;8539831.164431000000000;
202501;4892;2021000583;COTAS;14335215.236010000000000;
202501;4801;9970000000;CAIXA;235.420000000000000;
202501;4892;2021000583;COTAS;6358817.378733000000000;
202501;3887;1999004965;COTAS;8393083.798544000000000;
202501;3887;1999004965;COTAS;1509017.879900000000000;
202501;3887;1999004965;COTAS;3608743.439238000000000;
202501;3887;1999004965;COTAS;1853163.354404000000000;
202501;3887;1999004965;COTAS;759896.414214000000000;
202501;3887;1999004965;COTAS;2617880.595999000000000;
202501;4892;2021000583;COTAS;17778760.262837000000000;
202501;3887;9970000000;COTAS;3430087.465707000000000;
202501;4892;9970000000;COTAS;8499046.290219000000000;
202501;3928;1999001265;COTAS;471113.558173000000000;
202501;4947;1996003747;COTAS;123575982.563460000000000;46685249000189
202501;3928;1999001265;COTAS;37436926.095228000000000;
202501;4947;1996003747;COTAS;188047918.832096000000000;51527264000139
202501;4947;1996003747;COTAS;260879484.414207000000000;51869529000187
202501;4947;1996003747;COTAS;37680387.906554000000000;55575357000190
202501;3928;1999001265;COTAS;54936774.207584000000000;
202501;4947;1996003747;OPERACAO_PARTICIPANTE;80332358.566591602900000;
202501;3945;1999002318;CAIXA;19636.400000000000000;
202501;4947;9970000000;COTAS;1702260.424023000000000;51527264000139
202501;4947;9970000000;COTAS;4612179.518583000000000;51763468000179
202501;3945;1999002318;COTAS;492476.461393000000000;
202501;3945;9970000000;COTAS;548467.799876000000000;
202501;4011;2000002056;COTAS;1761966.884084000000000;
202501;4011;2000002056;TIT_PUB;24103368.570000000000000;
202501;4011;2000002129;CAIXA;43164.890000000000000;
202501;4011;2000002218;CAIXA;80232.900000000000000;
202501;4011;2014001456;COTAS;3851760.114701000000000;
202501;4801;9970000000;COTAS;559093.699985000000000;
202501;4011;2014001456;TIT_PUB;50467348.880000000000000;
202501;4039;2000004229;VL_PG_RC;4347547.450000000000000;
202501;4042;2000004792;COTAS;3526798.750016000000000;
202501;4042;2000004792;COTAS;1341225.379527000000000;
202501;4801;9970000000;COTAS;378259.170000000000000;
202501;4042;2000004792;COTAS;9616444.160001000000000;
202501;4087;2007000156;COTAS;221787611.245521000000000;10635063000178
202501;4813;2017000965;COTAS;6359720.194445000000000;
202501;4087;2007000156;IMOVEIS;4563471.360000000000000;
202501;4813;2017000965;COTAS;8185169.209249000000000;
202501;4087;9970000000;CAIXA;118054.170000000000000;
202501;4087;9970000000;VL_PG_RC;0.000000000000000;
202501;4813;9970000000;VL_PG_RC;0.000000000000000;
202501;4827;2018002465;CAIXA;70237.650000000000000;
202501;4827;2018002465;COTAS;1879002.356003000000000;
202501;4091;1974000338;COTAS;5318745.429147000000000;
202501;4091;1974000338;COTAS;4604557.139152000000000;31569976000103
202501;4947;9970000000;COTAS;2592403.633199000000000;51869529000187
202501;4827;2018002465;TIT_PUB;6475680.870000000000000;
202501;4091;2002001529;CAIXA;10573.290000000000000;
202501;1273;9970000000;COTAS;26955974.133098000000000;
202501;4091;2004002492;COTAS;27442327.791595000000000;39723146000109
202501;4831;1974000583;VL_PG_RC;52019.150000000000000;
202501;4091;2004002492;VL_PG_RC;-18054.510000000000000;
202501;4831;1981000283;IMOVEIS;11440000.000000000000000;
202501;4091;9970000000;CAIXA;20397.580000000000000;
202501;4831;1993000429;COTAS;118170.163173000000000;
202501;1314;1985000156;CAIXA;66727.680000000000000;
202501;1314;1985000156;VL_PG_RC;-46373.410000000000000;
202501;4091;9970000000;VL_PG_RC;0.000000000000000;
202501;4101;2002001847;COTAS;38345360.113327000000000;
202501;4101;2002001847;VL_PG_RC;4602559.260000000000000;
202501;4128;1995003565;COTAS;77806813.989961000000000;04700879000135
202501;4128;9970000000;CAIXA;600781.110000000000000;
202501;1314;2005000965;COTAS;508871754.172443000000000;20077406000180
202501;4128;9970000000;VL_PG_RC;0.000000000000000;
202501;1359;1991002165;COTAS;11264764.320861000000000;
202501;4131;1981000811;COTAS;3327734.890296000000000;
202501;1359;1991002165;COTAS;4204738.725691000000000;
202501;4831;1993000429;COTAS;4720791.448384000000000;
202501;4831;2006006811;COTAS;1016850.684649000000000;
202501;4831;2006006811;COTAS;77728004.195688000000000;
202501;4831;2019001829;CAIXA;765522.500000000000000;
202501;4831;2019001829;COTAS;10480338.048248000000000;
202501;4831;2019001829;IMOVEIS;4972040.420000000000000;
202501;4131;1981000811;VL_PG_RC;-63399.760000000000000;
202501;4831;2019001829;OPERACAO_PARTICIPANTE;65205046.582373647200000;
202501;4131;1986000419;COTAS;3897992.093414000000000;
202501;4831;2020000611;COTAS;1867274.300561000000000;
202501;4844;2019000547;COTAS;916941.194175000000000;
202501;4844;2019000547;COTAS;14314976.409535000000000;
202501;4844;2019000547;COTAS;6309929.850340000000000;
202501;4131;1987000374;OPERACAO_PARTICIPANTE;104877.470000000000000;
202501;4844;2019000547;COTAS;2579852.847433000000000;
202501;4131;1993001018;VL_PG_RC;-6974.240000000000000;
202501;4844;2019000547;COTAS;7957543.588060000000000;
202501;4844;9970000000;COTAS;1205601.044356000000000;
202501;4131;2002000247;TIT_PUB;36464788.780000000000000;
202501;4131;2006006665;OPERACAO_PARTICIPANTE;111335.950000000000000;
202501;4858;2018002211;COTAS;182366.040042000000000;
202501;4861;2019000474;COTAS;40618100.499999000000000;
202501;4861;2019000474;VL_PG_RC;-144.970000000000000;
202501;4861;9970000000;VL_PG_RC;-1840.690000000000000;
202501;4131;2006006665;TIT_PUB;12860323.440000000000000;
202501;4875;9970000000;CAIXA;68787.840000000000000;
202501;4131;2008004211;OPERACAO_PARTICIPANTE;35118.120000000000000;
202501;4947;1996003747;COTAS;9494626.680000000000000;
202501;4131;2008004392;COTAS;353616.878570000000000;
202501;4947;1996003747;COTAS;112953275.247835000000000;
202501;4131;2008004465;COTAS;5811883.504847000000000;
202501;4131;2008004465;COTAS;44315.960086000000000;39337958000108
202501;4131;2008004465;TIT_PUB;429088.280000000000000;
202501;4131;2017000647;CAIXA;7171659.240000000000000;
202501;4131;2017000647;COTAS;945947.208631000000000;
202501;4131;2017000647;COTAS;12667054.513620000000000;
202501;4176;2004002883;COTAS;8957069.390274000000000;
202501;4176;2004002883;VL_PG_RC;758075.870000000000000;
202501;4176;2018002392;COTAS;320181.345088000000000;
202501;4176;2023000319;COTAS;133624.389245000000000;
202501;4176;9970000000;VL_PG_RC;0.000000000000000;
202501;4203;2000001319;COTAS;17435.925260000000000;
202501;4203;2000001319;OPERACAO_PARTICIPANTE;182819.040000000000000;
202501;4203;2000001556;VL_PG_RC;2161346.670000000000000;
202501;4203;2000002838;COTAS;434058769.327961000000000;55894074000100
202501;4203;2000002838;VL_PG_RC;35640071.410000000000000;
202501;4203;2000006574;COTAS;2785470746.328526000000000;05362670000171
202501;4203;2000006574;COTAS;1492384180.796069000000000;21596146000111
202501;4203;2000006574;COTAS;98544335.676195000000000;40189629000146
202501;4217;1997000792;TIT_PUB;12511281.870000000000000;
202501;4217;2010004183;VL_PG_RC;-253.660000000000000;
202501;4217;2022000919;CAIXA;450.570000000000000;
202501;4217;2022002156;CAIXA;420.650000000000000;
202501;4217;9970000000;CAIXA;114067.230000000000000;
202501;4221;2005000892;COTAS;214811.609922000000000;
202501;4221;2005000892;COTAS;10256158.636175000000000;
202501;4221;2005000892;COTAS;1494037.501042000000000;
202501;4221;2005000892;OPERACAO_PARTICIPANTE;3454068.385265000000000;
202501;4221;2006004247;COTAS;2609233.139570000000000;
202501;4221;2006004247;COTAS;1073084.383325000000000;
202501;4947;9970000000;COTAS;1221125.392719000000000;
202501;4221;2011002419;CAIXA;162428.960000000000000;
202501;4221;2011002419;COTAS;2990907.597281000000000;
202501;4221;2011002419;COTAS;211165.454262000000000;
202501;4221;2011002419;COTAS;337840.245915000000000;
202501;4221;2012001629;COTAS;412617.791976000000000;
202501;4221;2012001629;COTAS;441601.115302000000000;
202501;4221;2012001629;COTAS;606560.299100000000000;
202501;4221;2012001874;COTAS;5453453.473467000000000;
202501;4221;2012001874;COTAS;2615366.251916000000000;
202501;4221;2015001883;COTAS;213652.621454000000000;
202501;4221;2015001883;COTAS;31074.990993000000000;
202501;4248;2009000838;COTAS;24668345.988680000000000;03079923000179
202501;4248;2009000838;COTAS;7074779.835352000000000;32240211000198
202501;4248;2011001919;COTAS;1028756767.098353000000000;18936232000111
202501;4248;2011001919;COTAS;529339934.388565000000000;20726061000148
202501;4248;2011001919;COTAS;844873414.969593000000000;20726130000113
202501;4248;2011001919;OPERACAO_PARTICIPANTE;54492907.473442610800000;
202501;4248;2014001847;CAIXA;200.000000000000000;
202501;4248;2014001847;COTAS;6838969.146989000000000;18936235000155
202501;4248;2014001847;COTAS;237955484.870002000000000;21595984000170
202501;4279;2004002711;COTAS;28178188.466936000000000;51834466000123
202501;4279;2016001992;COTAS;3316995.705118000000000;51834466000123
202501;4279;2018000111;COTAS;2298291.293096000000000;14879592000178
202501;4279;2018000111;COTAS;832273.406602000000000;29762376000115
202501;4279;2018000111;COTAS;765105.925164000000000;51503186000132
202501;4279;2018000111;COTAS;2765943.015009000000000;57600511000161
202501;4282;2004003065;COTAS;2076428.146240000000000;
202501;4282;2004003065;COTAS;1252761.356455000000000;
202501;4282;2004003065;COTAS;7776840.762694000000000;
202501;4282;2004003065;COTAS;3414360.919040000000000;
202501;4282;2004003065;VL_PG_RC;-1029969.900000000000000;
202501;4368;2005004211;COTAS;272286735.410000000000000;11392037000129
202501;4368;2005004211;COTAS;394617895.299999000000000;47541133000139
202501;4409;2006000829;CAIXA;177315.490000000000000;
202501;4409;2006000829;COTAS;4779346.760004000000000;
202501;4409;2006000829;COTAS;73296164.720000000000000;19729240000150
202501;4409;9970000000;COTAS;118034.769999000000000;
202501;4412;2006001329;COTAS;40638089.938935000000000;
202501;4412;2006001329;COTAS;19590340.589999000000000;
202501;4412;2006001329;COTAS;10722743.200000000000000;
202501;4412;9970000000;CAIXA;60225.090000000000000;
202501;4426;2006003111;TIT_PUB;66491557.500000000000000;
202501;4426;9970000000;TIT_PRIV;6517570.460000000000000;
202501;4443;1982002018;COTAS;371339.247864000000000;
202501;4443;1982002018;COTAS;467276048.626041000000000;12580631000106
202501;4443;1982002018;COTAS;91507859.190804000000000;21624950000167
202501;4443;1988000947;IMOVEIS;9573.200000000000000;
202501;4443;1998002292;IMOVEIS;27246.800000000000000;
202501;4443;2006007165;COTAS;382785270.494632000000000;21624950000167
202501;4443;9970000000;COTAS;8546476.516057000000000;21624950000167
202501;4461;9970000000;VL_PG_RC;4057.920000000000000;
202501;4501;9970000000;CAIXA;46606.440000000000000;
202501;4501;9970000000;VL_PG_RC;0.000000000000000;
202501;4515;2007003538;COTAS;247111132.330001000000000;09188149000110
202501;4515;2007003538;COTAS;238590837.360001000000000;16557853000169
202501;4529;2008002365;COTAS;578005.232553000000000;
202501;4532;2008004856;VL_PG_RC;-0.890000000000000;
202501;4532;9970000000;COTAS;2797605.743014000000000;
202501;1359;1991002165;COTAS;12145805.786866000000000;
202501;4546;2009000919;COTAS;2025668.123738000000000;
202501;1359;1991002238;COTAS;2186913.225495000000000;
202501;4546;2009000919;COTAS;4764997.275474000000000;
202501;4546;2009000919;COTAS;2730949.834839000000000;
202501;1359;1991002238;COTAS;1183307.354706000000000;
202501;4577;2008003892;COTAS;1778198.631965000000000;
202501;1359;1991002238;COTAS;4867805.243862000000000;
202501;4577;2008003892;COTAS;4110947.784011000000000;
202501;1359;1991002238;COTAS;4837511.864469000000000;
202501;4577;2008003892;VL_PG_RC;-59395.000000000000000;
202501;1359;1991002238;COTAS;4175448.169713000000000;
202501;1359;2014001774;COTAS;631251.912512000000000;
202501;1359;2014001774;TIT_PUB;3170100.400000000000000;
202501;1381;1980002411;CAIXA;677742.790000000000000;
202501;4577;2010001974;CAIXA;126011.000000000000000;
202501;4577;2010001974;COTAS;234767.265495000000000;
202501;1381;1980002411;VL_PG_RC;5354854.770000000000000;
202501;4577;2010001974;COTAS;220494.324406000000000;
202501;4581;1999000919;COTAS;135940012.690636000000000;20725946000122
202501;4581;1999000919;COTAS;236002669.803818000000000;20725957000102
202501;1381;2006005138;COTAS;5299009.338153000000000;
202501;1381;2006005138;VL_PG_RC;85174.980000000000000;
202501;1403;1981000747;CAIXA;3155.830000000000000;
202501;4581;1999000919;COTAS;86949136.191575000000000;45622039000189
202501;4581;1999000919;COTAS;64896490.101880000000000;55899189000198
202501;4604;2010002083;COTAS;2257918.282152000000000;
202501;1403;1981000747;COTAS;958576.489496000000000;
202501;4604;2010002083;COTAS;5795384.637062000000000;
202501;4621;2011001765;VL_PG_RC;-20449.260000000000000;
202501;4621;9970000000;COTAS;1448658.464583000000000;37821719000101
202501;4649;2010003756;COTAS;210263959.501796000000000;12440761000143
202501;4652;2010004329;COTAS;3668973.820002000000000;08998851000187
202501;4652;2010004329;VL_PG_RC;-2673.870000000000000;
202501;4652;2019001438;CAIXA;1776.700000000000000;
202501;4652;2019001438;COTAS;944783.209998000000000;49465951000125
202501;4652;2019001438;VL_PG_RC;-1838.220000000000000;
202501;4652;9970000000;COTAS;55134.890000000000000;
202501;4666;2011000629;COTAS;232253754.555927000000000;
202501;4666;2011000629;COTAS;32825533.931246000000000;
202501;4666;2011000629;COTAS;4416301.598689000000000;
202501;4666;2011000629;COTAS;6192890.335363000000000;
202501;1403;2000008038;COTAS;2875951.680508000000000;
202501;4666;2011000629;COTAS;150608793.490286000000000;
202501;4666;2011000947;COTAS;2238451.123435000000000;
202501;1403;2000008038;COTAS;1663295.571515000000000;
202501;1403;2008004783;COTAS;8967012.549960000000000;
202501;4666;2011000947;COTAS;4956121.353119000000000;
202501;4666;2011000947;COTAS;2597493.902090000000000;
202501;1403;2008004783;TIT_PRIV;13005254.990000000000000;
202501;1403;2016000619;CAIXA;6296.210000000000000;
202501;1403;2016000619;COTAS;5316956.107824000000000;
202501;1403;2016000619;COTAS;5281871.204724000000000;
202501;4666;2011000947;COTAS;3500911.452643000000000;
202501;4666;2021002756;COTAS;3011322.511877000000000;
202501;1403;9970000000;ACOES;7206.570000000000000;
202501;1403;9970000000;COTAS;96943.390775000000000;
202501;4666;2021002756;COTAS;1755654.342439000000000;
202501;1403;9970000000;COTAS;742842.240155000000000;
202501;4683;1990001165;COTAS;4689302.012770000000000;
202501;1434;1980002347;COTAS;549331.236204000000000;
202501;4683;1990001165;COTAS;420157807.033145000000000;29055966000108
202501;4683;2004002311;COTAS;3403133.367590000000000;
202501;4683;2004002311;COTAS;101352.602547000000000;41287925000142
202501;1434;1980002347;TIT_PUB;49660274.140000000000000;
202501;4683;2005000647;COTAS;348415.048932000000000;
202501;4683;2008000818;COTAS;41636208.452043000000000;27696713000198
202501;1434;1985000474;CAIXA;186784.400000000000000;
202501;4683;2008000818;COTAS;28273271.702623000000000;29055966000108
202501;1434;1996002211;OPERACAO_PARTICIPANTE;2039115.920000000000000;
202501;4683;2019000792;COTAS;449921.268945000000000;27696713000198
202501;4707;2013000138;COTAS;4894185.450000000000000;
202501;4707;2013000138;COTAS;3857138.190000000000000;
202501;4707;2013000138;COTAS;57450196.673451000000000;
202501;4707;2013000138;COTAS;46712440.854681000000000;
202501;4707;2013000219;COTAS;4894185.450000000000000;
202501;4707;2013000219;COTAS;216545.167365000000000;
202501;1434;1997000474;COTAS;26.750000000000000;
202501;4707;2013000219;COTAS;34186976.457847000000000;
202501;1434;1997000474;OPERACAO_PARTICIPANTE;1956416.730000000000000;
202501;1434;2000000411;COTAS;956173.297113000000000;
202501;1434;2000006965;COTAS;19059.360000000000000;
202501;4707;2013000219;COTAS;80735470.935577000000000;
202501;1434;2000006965;COTAS;1705935.810000000000000;
202501;4707;2013002092;COTAS;5088147.340000000000000;
202501;1434;2000006965;COTAS;134739480.801492000000000;
202501;4707;2013002092;COTAS;1553310.967766000000000;
202501;4707;2013002092;COTAS;5724624.575732000000000;
202501;1434;2005005029;COTAS;1886527.923192000000000;
202501;1434;2008000974;COTAS;8512338.528072000000000;
202501;4707;2013002092;COTAS;4821427.530000000000000;
202501;1434;2009003292;COTAS;1336987.742057000000000;04495282000104
202501;4707;2013002092;COTAS;40600774.497497000000000;
202501;1434;2009003292;COTAS;12915703.209215000000000;05508422000196
202501;4707;2013002092;COTAS;4868764.569562000000000;
202501;1434;2009003292;COTAS;6604035.162727000000000;41799499000126
202501;4707;2013002092;COTAS;19294511.465429000000000;
202501;4707;2013002092;COTAS;14411772.952526000000000;
202501;4707;2013002092;VL_PG_RC;-1848239.980000000000000;
202501;4707;2018001329;COTAS;2894982.909333000000000;
202501;4707;2018001329;COTAS;560532.028893000000000;
202501;4707;2018001329;COTAS;1201302.300000000000000;
202501;4707;2018001329;COTAS;570305.707338000000000;
202501;4707;2018001892;COTAS;208340.700000000000000;
202501;4707;2018001892;COTAS;416125.909387000000000;
202501;4707;2018001892;COTAS;577028.976585000000000;
202501;4707;2019003856;COTAS;339642.399278000000000;
202501;4707;2019003856;COTAS;3667871.934638000000000;
202501;4707;2019003856;COTAS;8988.485350000000000;
202501;4707;2020002647;COTAS;695289.845715000000000;
202501;4707;2022001265;COTAS;2930032.268423000000000;
202501;4707;2022001265;COTAS;6020827.951663000000000;
202501;4711;2014000638;COTAS;118900869.235459000000000;26324274000120
202501;4711;2018000519;VL_PG_RC;192.100000000000000;
202501;4711;2019003538;CAIXA;17763.420000000000000;
202501;4724;2013000383;COTAS;120560562.897880000000000;
202501;1451;1979001618;COTAS;6497067.128739000000000;
202501;4724;2013000383;COTAS;213605512.903241000000000;38098941000182
202501;1451;1979001618;COTAS;441501.104327000000000;
202501;1451;1979001618;OPERACAO_PARTICIPANTE;27366336.450286299400000;
202501;1451;9970000000;COTAS;20504.324783000000000;
202501;1479;1997002711;COTAS;149953910.485043000000000;
202501;1479;1997002711;COTAS;132123900.208650000000000;41326144000110
202501;1479;1997002711;COTAS;119887925.967406000000000;41570019000150
202501;1479;1997002711;COTAS;148305513.720371000000000;42449329000184
202501;1479;1997002711;IMOVEIS;179269684.770000000000000;
202501;1479;1997002892;COTAS;53705331.654606000000000;
202501;1479;1997002892;IMOVEIS;559490315.180000000000000;
202501;1479;2012000738;COTAS;354750.530489000000000;
202501;1479;2012000738;COTAS;12050387.078005000000000;
202501;1479;2012000738;COTAS;643950.246270000000000;
202501;1479;2012000738;COTAS;4353559.754517000000000;
202501;1479;2012000738;COTAS;2937806.471716000000000;32320637000151
202501;1479;2012000738;COTAS;21922346.236178000000000;37037679000101
202501;1479;2012000738;TIT_PRIV;234816.370000000000000;
202501;1482;1979005411;TIT_PRIV;240.330000000000000;
202501;1482;1982000465;COTAS;406971.813720000000000;
202501;1482;1982000929;VL_PG_RC;-53.680000000000000;
202501;1482;1982003211;CAIXA;0.000000000000000;
202501;1482;1982003211;VL_PG_RC;-0.480000000000000;
202501;1482;1987001011;TIT_PUB;102179665.540000000000000;
202501;1482;1987001192;VL_PG_RC;-2485.820000000000000;
202501;4724;2013000383;TIT_PUB;7143234147.750000000000000;
202501;4724;2013000618;COTAS;113904188.149280000000000;
202501;4724;2013000618;COTAS;17873545.525889000000000;20155943000109
202501;4724;2013000618;COTAS;14538012.504916000000000;42922268000120
202501;1482;1987001811;TIT_PUB;44382802.070000000000000;
202501;4738;2013001347;COTAS;172631.993682000000000;
202501;1482;1988002338;CAIXA;1295656.760000000000000;
202501;1482;1988002338;VL_PG_RC;-14778.910000000000000;
202501;1482;1988002656;TIT_PRIV;34470.230000000000000;
202501;1482;1989001556;COTAS;5189.762881000000000;
202501;4738;2013001347;COTAS;9780117.509889000000000;
202501;1482;1989002129;VL_PG_RC;-558.740000000000000;
202501;1482;1989002374;COTAS;26534.762838000000000;
202501;4738;2021002519;COTAS;38491.939941000000000;
202501;1482;1989002447;CAIXA;14960.470000000000000;
202501;1482;1989002447;VL_PG_RC;-515.700000000000000;
202501;4738;2021002519;VL_PG_RC;0.000000000000000;
202501;1482;1990002056;COTAS;2485656.305641000000000;
202501;4741;2013001738;CAIXA;3587936.240000000000000;
202501;1482;1991001347;VL_PG_RC;-46101.820000000000000;
202501;4741;2013001738;COTAS;39852207.327296000000000;
202501;1482;1992001911;TIT_PRIV;34.330000000000000;
202501;4741;2013001738;COTAS;177734438.989313000000000;
202501;1482;1993001565;COTAS;3602713.513144000000000;
202501;4741;2013001738;COTAS;1124818761.067424000000000;30322316000160
202501;1482;1993001956;CAIXA;790321.670000000000000;
202501;4741;2013001738;COTAS;153091180.624492000000000;39316965000123
202501;1482;1995000892;CAIXA;0.000000000000000;
202501;4741;2013001738;COTAS;111957515.527272000000000;58399655000164
202501;1482;1995001856;CAIXA;0.000000000000000;
202501;4755;2014000311;COTAS;492778.683781000000000;
202501;1482;1995002429;CAIXA;0.000000000000000;
202501;4755;2015001247;CAIXA;571.800000000000000;
202501;1482;1995002429;VL_PG_RC;-0.450000000000000;
202501;1482;1996000756;CAIXA;0.000000000000000;
202501;1482;1996000756;VL_PG_RC;-0.220000000000000;
202501;1482;1996003811;TIT_PRIV;4188.610000000000000;
202501;1482;1996004956;TIT_PRIV;13183.830000000000000;
202501;4755;2015001247;COTAS;270219.117705000000000;
202501;4755;2020002574;COTAS;37758.318556000000000;
202501;4769;2015000429;CAIXA;58.190000000000000;
202501;4769;2015000429;VL_PG_RC;-6026.000000000000000;
202501;4769;9970000000;COTAS;5787022.649011000000000;
202501;4786;2016000856;COTAS;5106209.001052000000000;
202501;4786;2016000856;COTAS;2315403.002482000000000;
202501;4786;2018001019;COTAS;230608.999964000000000;
202501;4786;2019000611;COTAS;446174.088774000000000;
202501;4786;2024000347;CAIXA;1183.620000000000000;
202501;4791;2016001283;COTAS;1208595.870063000000000;
202501;4791;2016001283;COTAS;2649215.930000000000000;
202501;4801;2016001518;COTAS;48679246.771450000000000;
202501;4801;2016001518;COTAS;4122190.550107000000000;
202501;4801;2016001518;COTAS;44369593.290000000000000;
202501;4801;2016001518;COTAS;4203813.809995000000000;
202501;4801;9970000000;COTAS;334876.289999000000000;
202501;4827;2018002465;COTAS;2625147.183429000000000;
202501;4827;2018002465;COTAS;3401527.878952000000000;
202501;4827;2019003465;COTAS;6055960.483051000000000;
202501;1482;1997002574;COTAS;9.535481000000000;
202501;4827;2022002611;VL_PG_RC;-1501.350000000000000;
202501;4827;9970000000;CAIXA;40307.280000000000000;
202501;4827;9970000000;VL_PG_RC;-1818.250000000000000;
202501;1482;1998002683;CAIXA;0.460000000000000;
202501;1482;1998003474;VL_PG_RC;-39.490000000000000;
202501;4831;1974000583;OPERACAO_PARTICIPANTE;2197405.279984262300000;
202501;1482;1998004211;VL_PG_RC;0.000000000000000;
202501;1482;1999001818;VL_PG_RC;-40825.540000000000000;
202501;4831;1981000283;COTAS;37241001.084176000000000;15435379000130
202501;4831;1981000283;OPERACAO_PARTICIPANTE;10486682.740204614900000;
202501;1482;2000004083;VL_PG_RC;-5086.370000000000000;
202501;1482;2000007211;COTAS;9116474.502107000000000;
202501;4831;1993000429;CAIXA;247402.720000000000000;
202501;1482;2002001618;CAIXA;0.000000000000000;
202501;4831;1993000429;COTAS;2960.835967000000000;
202501;4831;1998003647;COTAS;16020913.052020000000000;
202501;1482;2003001174;VL_PG_RC;-4627.490000000000000;
202501;4831;2006006811;COTAS;14679830.337976000000000;
202501;4831;2019001829;COTAS;10809163.240000000000000;
202501;4831;2019001829;COTAS;118224737.647189000000000;20468746000131
202501;4831;2019001829;COTAS;95131315.387595000000000;42774871000102
202501;4831;2020000611;ACOES;414.520000000000000;
202501;4831;2020000611;CAIXA;652720.470000000000000;
202501;4831;2020000611;COTAS;1704408.956898000000000;
202501;4831;2020000611;COTAS;2339549.331514000000000;
202501;4831;9970000000;COTAS;14570297.293902000000000;15435379000130
202501;1482;2004000392;COTAS;55053030.193193000000000;
202501;4844;9970000000;CAIXA;48233.380000000000000;
202501;1482;2004000392;COTAS;1051563.087574000000000;21287493000162
202501;4844;9970000000;VL_PG_RC;-2566.120000000000000;
202501;1482;2004000538;COTAS;1043754.204130000000000;21287493000162
202501;1482;2004001518;TIT_PRIV;75532.370000000000000;
202501;1482;2004003138;TIT_PRIV;24445.020000000000000;
202501;1482;2005001074;CAIXA;0.000000000000000;
202501;1482;2005004065;COTAS;18088458.207828000000000;
202501;1482;2005004065;VL_PG_RC;71069.120000000000000;
202501;1482;2005004383;CAIXA;0.000000000000000;
202501;1482;2005004383;COTAS;2718866.395984000000000;
202501;1482;2005004383;VL_PG_RC;-64837.620000000000000;
202501;1482;2005004456;COTAS;6972728.921899000000000;
202501;1482;2005005665;COTAS;7558153.026565000000000;
202501;1482;2005005665;COTAS;26202963.061809000000000;
202501;1482;2005006092;TIT_PRIV;83154.270000000000000;
202501;4875;2020002329;TIT_PUB;60180705.630000000000000;
202501;4892;9970000000;COTAS;5334307.704898000000000;
202501;4947;1996003747;COTAS;2396400.000000000000000;
202501;1482;2007002711;COTAS;726106.386778000000000;
202501;1482;2008000265;CAIXA;0.000000000000000;
202501;1482;2008000265;COTAS;218261804.549548000000000;
202501;4947;1996003747;COTAS;73504889.620505000000000;57888197000164
202501;1482;2008002438;VL_PG_RC;5254.770000000000000;
202501;1482;2009001818;COTAS;48269873.992850000000000;
202501;1482;2010001729;VL_PG_RC;-11994.660000000000000;
202501;1482;2010002938;COTAS;353429.686262000000000;
202501;1482;2010003111;COTAS;32592909.100968000000000;
202501;1482;2010003829;COTAS;14793532.973043000000000;
202501;1482;2011000483;CAIXA;0.000000000000000;
202501;1482;2011002011;COTAS;218644.807224000000000;31032327000179
202501;1482;2011002011;VL_PG_RC;-1064.960000000000000;
202501;1482;2013001029;COTAS;70278009.675655000000000;
202501;1482;2013001819;CAIXA;0.000000000000000;
202501;1482;2018001965;COTAS;84674103.555611000000000;
202501;1506;1979001383;CAIXA;0.000000000000000;
202501;1506;1979001383;VL_PG_RC;0.000000000000000;
202501;1511;1988002419;COTAS;64359.638281000000000;
202501;1523;1977000274;COTAS;-118016.173022000000000;
202501;1523;1977000274;COTAS;25518.540617000000000;
202501;1523;1977000274;COTAS;28246624.378185000000000;
202501;1523;1977000274;COTAS;42120210482.709110000000000;14120561000139
202501;1523;1977000274;COTAS;4661254300.410339000000000;16916054000131
202501;4947;9970000000;COTAS;3448826.165986000000000;51761747000101
202501;1523;1977000274;OPERACAO_PARTICIPANTE;1994570749.470000000000000;
202501;1523;1977000274;TIT_PRIV;110719677.890000000000000;
202501;1523;1998004465;COTAS;14826.828654000000000;
202501;1523;1998004465;COTAS;6714148.711018000000000;
202501;1523;1998004465;COTAS;187614.080316000000000;
202501;1523;1998004465;COTAS;93948.729696000000000;
202501;1523;1998004465;COTAS;985555.947759000000000;
202501;1523;1998004465;COTAS;2550589.522008000000000;
202501;4131;2017000647;OPERACAO_PARTICIPANTE;104566126.790566521500000;
202501;1523;1998004465;COTAS;738115.451944000000000;
202501;1523;1998004465;COTAS;8341902.080000000000000;
202501;1523;1998004465;COTAS;288707683.560962000000000;03524814000113
202501;1523;1998004465;COTAS;805000.537296000000000;12547115000180
202501;4176;2004002883;COTAS;125611968.774465000000000;18000027000140
202501;4176;2018002392;COTAS;620620.514676000000000;
202501;4176;2023000319;COTAS;158680.822779000000000;
202501;1523;1998004465;COTAS;20444536.014056000000000;28581662000111
202501;4203;2000001319;COTAS;8541447.593836000000000;46171916000105
202501;1523;1998004465;COTAS;15749047.831090000000000;53245893000100
202501;4203;2000002838;COTAS;102761231.396386000000000;40189032000100
202501;1523;1998004465;COTAS;13857355.518616000000000;57752951000134
202501;4203;2000006574;TIT_PRIV;342067692.170000000000000;
202501;4203;2020002711;COTAS;1456169.570893000000000;40189280000142
202501;4203;9970000000;ACOES;37331.250000000000000;
202501;4203;9970000000;COTAS;7471853.155412000000000;
202501;4203;9970000000;COTAS;447574087.152825000000000;37332601000101
202501;4203;9970000000;VL_PG_RC;70242.970000000000000;
202501;4217;2006004638;COTAS;109563510.800140000000000;18683208000118
202501;4221;2005000892;COTAS;3602395.986997000000000;
202501;4221;2005000892;COTAS;1076290.289730000000000;
202501;4221;2005000892;VL_PG_RC;640157.920000000000000;
202501;4221;2006004247;COTAS;2335553.768314000000000;
202501;4221;2006004247;COTAS;946590.473757000000000;
202501;4221;2011002419;COTAS;18838.625861000000000;
202501;4221;2012001629;VL_PG_RC;412486.060000000000000;
202501;4221;2012001874;VL_PG_RC;1274021.270000000000000;
202501;4221;2015001883;COTAS;295243.006926000000000;
202501;1523;1998004465;OPERACAO_PARTICIPANTE;149508890.380000000000000;
202501;4234;2004002956;CAIXA;254797.870000000000000;
202501;4234;9970000000;COTAS;2593434.780429000000000;
202501;1523;2006003674;ACOES;277380567.080000000000000;
202501;1523;2006003674;COTAS;18195.150000000000000;
202501;1523;2006003674;COTAS;-2403.468289000000000;
202501;1523;2006003674;COTAS;-98443.534102000000000;
202501;1523;2006003674;COTAS;17543563.083752000000000;
202501;4248;2000001718;VL_PG_RC;-6035.700000000000000;
202501;1523;2006003674;COTAS;8726589.799202000000000;
202501;4248;2014001847;COTAS;4399361.753073000000000;
202501;4248;2014001847;COTAS;220207917.458255000000000;21596641000120
202501;4248;2020001683;COTAS;10774558.201302000000000;20726076000106
202501;4279;2004002711;TIT_PRIV;121528930.770000000000000;
202501;4279;2004002711;VL_PG_RC;-1605642.850000000000000;
202501;1523;2006003674;COTAS;6433407.737951000000000;
202501;1523;2006003674;COTAS;1591256.114467000000000;03191766000199
202501;1523;2006003674;COTAS;10084866.904460000000000;08070787000170
202501;4279;2016001992;CAIXA;195841.760000000000000;
202501;1523;2006003674;COTAS;237137967.704915000000000;09606345000168
202501;4279;2018000111;COTAS;190780.921773000000000;24215260000142
202501;1523;2006003674;COTAS;170024335.547822000000000;15154356000157
202501;4282;2004003065;COTAS;79609.618892000000000;
202501;1523;2006003674;COTAS;131235614.414738000000000;15154385000119
202501;1523;2006003674;COTAS;105837232.035667000000000;15154481000167
202501;1523;2006003674;COTAS;207803879.800334000000000;28586408000106
202501;1523;2006003674;COTAS;1802718883.005532000000000;50866507000109
202501;1523;2006003674;TIT_PRIV;11326230.100000000000000;
202501;1523;9970000000;COTAS;14103213.703002000000000;14387403000140
202501;1523;9970000000;COTAS;53661486.563694000000000;16916048000184
202501;1523;9970000000;COTAS;225385.714557000000000;49534273000105
202501;1523;9970000000;COTAS;243689.097416000000000;51891082000142
202501;1537;1980001774;COTAS;8804983.197289000000000;
202501;1537;1980001774;TIT_PRIV;43006626.540000000000000;
202501;4282;2004003065;COTAS;3357189.075856000000000;
202501;4311;2005002747;VL_PG_RC;0.000000000000000;
202501;4311;9970000000;VL_PG_RC;0.000000000000000;
202501;4368;2005004211;OPERACAO_PARTICIPANTE;2261229.430000000000000;
202501;4371;9970000000;VL_PG_RC;0.000000000000000;
202501;4385;2005006311;OPERACAO_PARTICIPANTE;3075477.850000000000000;
202501;4385;9970000000;CAIXA;356.720000000000000;
202501;1541;1986000656;TIT_PUB;324560372.760000000000000;
202501;4409;9970000000;COTAS;1491249.430021000000000;
202501;4412;2006001329;COTAS;3532331.353418000000000;
202501;4412;2006001329;COTAS;22367491.219988000000000;
202501;1554;1978000456;ACOES;17096471.000000000000000;
202501;4426;2006003111;CAIXA;1315747.540000000000000;
202501;1554;9970000000;CAIXA;29836.780000000000000;
202501;1554;9970000000;VL_PG_RC;-8983.330000000000000;
202501;4426;2007002329;ALUGUEL;5614671.200000000000000;
202501;1571;1980001383;IMOVEIS;18192000.000000000000000;
202501;1571;1996000365;COTAS;2124472350.372530000000000;
202501;1571;1996000365;VL_PG_RC;0.000000000000000;
202501;4426;2007002329;CAIXA;56819.290000000000000;
202501;1571;9970000000;CAIXA;145694.960000000000000;
202501;4426;2007002329;COTAS;6601580.000000000000000;
202501;1585;2006000911;COTAS;31434260.020588000000000;
202501;4443;1988000947;COTAS;8528979.077913000000000;21624950000167
202501;1585;2006000911;COTAS;11309552.786152000000000;
202501;4443;1988000947;OPERACAO_PARTICIPANTE;126224.500000000000000;
202501;1585;2006000911;COTAS;41499517.553046000000000;51564188000131
202501;4443;1998002292;COTAS;5435880.651453000000000;
202501;1585;2006000911;OPERACAO_PARTICIPANTE;10252402.460251684400000;
202501;1599;2001002483;COTAS;26410684.796114000000000;58037777000100
202501;4443;1998002292;TIT_PRIV;112268.560000000000000;
202501;1599;9970000000;CAIXA;89.370000000000000;
202501;1599;9970000000;COTAS;12489453.653080000000000;
202501;1599;9970000000;VL_PG_RC;-2567.540000000000000;
202501;1612;2022002229;COTAS;505258232.646391000000000;51992822000137
202501;1612;9970000000;CAIXA;226410.380000000000000;
202501;1661;1990001718;CAIXA;11923255.700000000000000;
202501;1661;1990001718;VL_PG_RC;-8954.320000000000000;
202501;1674;1989002056;COTAS;162129.163954000000000;
202501;1674;1989002056;COTAS;261414.085864000000000;
202501;1674;1989002056;COTAS;355160.592989000000000;
202501;1674;1989002056;COTAS;124734.514709000000000;
202501;1674;1989002056;COTAS;496759.797017000000000;
202501;1674;2014000492;COTAS;42276870.879101000000000;
202501;1674;2014000492;COTAS;437029.175715000000000;
202501;1674;2014000492;COTAS;3349417.577003000000000;
202501;1674;2014000492;COTAS;4573519.912665000000000;
202501;1674;2014000492;COTAS;1874354.386448000000000;
202501;1674;2014000492;COTAS;77302.430963000000000;
202501;1674;2015000356;COTAS;4372152.735689000000000;
202501;1674;2016000783;COTAS;4606.818094000000000;
202501;1674;2016000783;COTAS;1214651.878964000000000;
202501;1688;1979002274;COTAS;52466005.326105000000000;
202501;4443;2006007165;COTAS;39740890.811279000000000;21624975000160
202501;1688;1979002274;IMOVEIS;51610000.000000000000000;
202501;1701;1999000838;COTAS;9643891.424404000000000;
202501;1701;1999000838;COTAS;2725951.357055000000000;
202501;1701;1999000838;COTAS;193356065.993205000000000;31389791000117
202501;1715;1979000174;CAIXA;67330.470000000000000;
202501;1715;1979000174;COTAS;18383228.035531000000000;
202501;1715;1979000174;COTAS;14448530.614747000000000;
202501;4443;9970000000;VL_PG_RC;0.010000000000000;
202501;4461;2006005065;VL_PG_RC;0.000000000000000;
202501;1715;2008004619;CAIXA;169507.420000000000000;
202501;1715;2008004619;COTAS;21301462.263931000000000;
202501;1715;2008004619;COTAS;28857348.611488000000000;
202501;1715;2008004619;COTAS;19781241.529417000000000;
202501;1715;2008004619;COTAS;32774291.009881000000000;
202501;4461;9970000000;COTAS;560607.551021000000000;
202501;1715;9970000000;COTAS;2283821.353812000000000;
202501;4474;9970000000;CAIXA;9938.150000000000000;
202501;1715;9970000000;COTAS;2095545.745070000000000;
202501;4501;2007002183;COTAS;12534747.360001000000000;19366069000161
202501;1715;9970000000;COTAS;1803359.434571000000000;
202501;1715;9970000000;VL_PG_RC;-25044.350000000000000;
202501;1729;1990001092;COTAS;15509123.114775000000000;
202501;1729;1990001092;COTAS;90919301.869994000000000;29092126000115
202501;1732;9970000000;VL_PG_RC;-304.010000000000000;
202501;4515;9970000000;VL_PG_RC;0.000000000000000;
202501;1746;1982003065;COTAS;769065.186708000000000;
202501;4529;2008002365;COTAS;2162481.337400000000000;
202501;1746;1982003065;COTAS;4555412.555639000000000;
202501;1746;1982003065;COTAS;9193631.026469000000000;
202501;1763;1990000819;COTAS;13124524.730414000000000;
202501;1763;1990000819;COTAS;99157377.937516000000000;17339084000195
202501;1763;9970000000;VL_PG_RC;-100.510000000000000;
202501;1781;1904000118;CAIXA;354201.250000000000000;
202501;1781;1904000118;VL_PG_RC;-96918.800000000000000;
202501;4529;2008002365;COTAS;4530373.455026000000000;
202501;4529;2008002365;COTAS;2745440.708089000000000;
202501;1781;1980000174;COTAS;45822158.060000000000000;
202501;4529;2008002365;COTAS;4916515.475199000000000;
202501;1781;1980000174;COTAS;7227779.460141000000000;
202501;4529;9970000000;COTAS;278398.757094000000000;
202501;1781;1980000174;COTAS;52630412.899425000000000;
202501;4532;2008004856;COTAS;6122946.536243000000000;
202501;1781;1980000174;COTAS;59885823.450000000000000;
202501;4532;2008004856;COTAS;3691280.764881000000000;
202501;1781;1980000174;COTAS;42331757.370000000000000;
202501;4577;2008003892;COTAS;787066.564451000000000;
202501;1781;1980000174;COTAS;174665546.616701000000000;29306138000103
202501;4577;2010001974;ACOES;1333972.770000000000000;
202501;1781;1998003574;CAIXA;1720716.340000000000000;
202501;4577;2010001974;COTAS;254837.980971000000000;
202501;4577;2010001974;COTAS;470888.173478000000000;
202501;4577;2010001974;COTAS;215918.629921000000000;
202501;4577;2010001974;COTAS;232406.788853000000000;
202501;4577;2010001974;COTAS;531073.783887000000000;
202501;1781;1998003574;COTAS;8162898.921014000000000;
202501;1781;1998003574;COTAS;868882724.496759000000000;49766712000105
202501;1781;1998003574;VL_PG_RC;-14445268.250000000000000;
202501;1781;2019002711;COTAS;11687836.860000000000000;
202501;1781;9970000000;COTAS;6235899.614251000000000;
202501;1781;9970000000;VL_PG_RC;1315406.590000000000000;
202501;1804;1988001838;COTAS;10119622.781812000000000;
202501;1804;1988001838;COTAS;275823.926770000000000;
202501;1818;2002000174;COTAS;73374588.959999000000000;19941829000117
202501;1818;2002000174;VL_PG_RC;0.000000000000000;
202501;1821;1980002274;COTAS;18024937.921196000000000;
202501;1852;1985001047;COTAS;284801156.224318000000000;58396943000165
202501;1852;9970000000;VL_PG_RC;-999.390000000000000;
202501;1883;2006003356;COTAS;4452077.230726000000000;
202501;1911;1992001618;COTAS;23499.232344000000000;
202501;1911;1994001992;COTAS;1660066.798100000000000;26304143000180
202501;1911;1997003211;COTAS;13675168.905866000000000;
202501;1911;1997003211;COTAS;20649177.308310000000000;21791224000139
202501;1911;1998004147;COTAS;44031.210413000000000;
202501;1911;1998004147;COTAS;126119.056479000000000;
202501;1911;1998004147;COTAS;1343257.145651000000000;52277799000161
202501;1911;1998004147;COTAS;1032922.100000000000000;57235960000158
202501;1911;1998005518;CAIXA;4000000.000000000000000;
202501;1911;1998005518;COTAS;2897936.124600000000000;
202501;1911;1998005518;COTAS;4350257.984392000000000;
202501;1911;1998005518;COTAS;9602977.925897000000000;
202501;1911;1998005518;COTAS;29344674.397248000000000;52277799000161
202501;4577;2010001974;COTAS;523457.366477000000000;
202501;1911;1998005518;COTAS;11362143.100000000000000;57235960000158
202501;1911;1999002156;COTAS;2920076.856071000000000;26304143000180
202501;1911;1999002156;TIT_PUB;20012806.020000000000000;
202501;1911;2000006183;COTAS;3429172.722304000000000;
202501;1911;2000006183;COTAS;3885176.477560000000000;
202501;1911;2000006183;COTAS;874325.566782000000000;
202501;1911;2000006183;COTAS;1801064.301302000000000;
202501;1911;2000006183;COTAS;47349774.900858000000000;52277799000161
202501;1911;2000006183;COTAS;23563842.366033000000000;57235960000158
202501;1911;2005004847;COTAS;1201566.557791000000000;26304143000180
202501;4577;2010001974;VL_PG_RC;-8786.430000000000000;
202501;1911;2006001411;COTAS;2782468.115800000000000;
202501;4577;9970000000;COTAS;89006.864576000000000;
202501;1911;2007001292;COTAS;36447.874036000000000;54366569000102
202501;1911;2008003183;CAIXA;105804.240000000000000;
202501;4581;9970000000;COTAS;868024.357010000000000;41687175000104
202501;1911;2008003183;COTAS;198680.778818000000000;
202501;1911;2008003183;COTAS;4711283.469975000000000;52277799000161
202501;4581;9970000000;COTAS;733546.602592000000000;41837660000109
202501;1911;2008003183;COTAS;503887.593274000000000;57235960000158
202501;4594;1989001629;VL_PG_RC;0.000000000000000;
202501;1911;2013001274;COTAS;215936.119328000000000;
202501;1911;2015000674;COTAS;5156978.320832000000000;42479278000133
202501;4594;2009003683;COTAS;540698033.932833000000000;29045652000124
202501;1911;2015000674;COTAS;5824917.604146000000000;54366569000102
202501;1911;2018001711;CAIXA;500000.000000000000000;
202501;1911;2018001711;COTAS;869840.463256000000000;
202501;1911;2018001711;COTAS;3872329.544365000000000;57235960000158
202501;4604;2010002083;TIT_PUB;25074374.610000000000000;
202501;4604;9970000000;COTAS;43494.871739000000000;
202501;4618;9970000000;CAIXA;366631.710000000000000;
202501;1911;9970000000;CAIXA;6703.370000000000000;
202501;1911;9970000000;COTAS;1601697.094996000000000;52277799000161
202501;1924;1989000274;COTAS;485171864.696717000000000;15102065000115
202501;1924;1989000347;COTAS;1356170.000002000000000;
202501;1924;1989000347;COTAS;4639583.000001000000000;
202501;1924;2008003711;CAIXA;10585.250000000000000;
202501;1924;2008003711;COTAS;51611134.000000000000000;41888673000107
202501;4621;2010002318;COTAS;2062221.478340000000000;37821719000101
202501;1924;9970000000;COTAS;260162.000000000000000;15060248000115
202501;1969;1981000356;CAIXA;85557.350000000000000;
202501;1969;9970000000;COTAS;130816.195341000000000;46205976000100
202501;4621;2010005392;CAIXA;65.050000000000000;
202501;4621;2011001765;OPERACAO_PARTICIPANTE;121579.180000000000000;
202501;4621;2022002083;COTAS;5461785.055271000000000;37821719000101
202501;4621;2022002318;VL_PG_RC;0.000000000000000;
202501;4649;2010003756;COTAS;9344337.105798000000000;50423703000109
202501;4649;2010003756;COTAS;158242819.871810000000000;50424405000125
202501;4652;9970000000;VL_PG_RC;0.000000000000000;
202501;4666;2011000629;COTAS;4592008.234483000000000;
202501;4666;2011000947;COTAS;2274872.372985000000000;
202501;4666;2021002756;COTAS;1833969.848188000000000;
202501;4666;9970000000;VL_PG_RC;-505.420000000000000;
202501;4683;1990001165;COTAS;486100709.140761000000000;
202501;4683;2004002311;COTAS;13617211.457559000000000;
202501;4683;2004002311;COTAS;40444.475978000000000;29055966000108
202501;4683;2008000818;COTAS;390597070.331069000000000;52226189000139
202501;1972;2007000229;TIT_PUB;876638309.850000000000000;
202501;4683;2019000792;COTAS;10051295.441605000000000;
202501;4683;2019000792;VL_PG_RC;-42219.770000000000000;
202501;4683;2022001338;COTAS;6390485.225254000000000;
202501;1972;9970000000;VL_PG_RC;299962.950000000000000;
202501;1991;1980000565;CAIXA;11963.090000000000000;
202501;4707;2013000138;COTAS;25078541.502000000000000;
202501;4707;2013000138;COTAS;5106197.761970000000000;
202501;1991;1996003119;CAIXA;17258.550000000000000;
202501;1991;2017000892;COTAS;4900307.441633000000000;
202501;4707;2013000138;COTAS;21041274.125810000000000;
202501;4707;2013000138;COTAS;3145970.958949000000000;
202501;4707;2013000138;COTAS;14688308.799694000000000;
202501;4707;2013000138;COTAS;16203391.715172000000000;
202501;2018;1980001065;IMOVEIS;39434614.180000000000000;
202501;4707;2013000138;VL_PG_RC;-1467336.120000000000000;
202501;4707;2013000219;COTAS;12937253.841424000000000;
202501;4707;2013000219;COTAS;4494244.218147000000000;
202501;4707;2013000219;TIT_PUB;17147811.260000000000000;
202501;4707;2013002092;CAIXA;48550.620000000000000;
202501;4707;2013002092;COTAS;4894185.450000000000000;
202501;4707;2013002092;COTAS;21038208.996140000000000;
202501;2018;1980001065;TIT_PRIV;225598712.050000000000000;
202501;4707;2013002092;COTAS;5920628.036257000000000;
202501;4707;2013002092;COTAS;11885745.923980000000000;
202501;4707;2013002092;COTAS;49972078.319675000000000;
202501;2018;2016001811;TIT_PUB;12883289.240000000000000;
202501;4707;2013002092;COTAS;66062683.862019000000000;
202501;2018;9970000000;CAIXA;0.000000000000000;
202501;4707;2013002092;COTAS;23971371.664217000000000;
202501;4707;2018001329;COTAS;708221.162544000000000;
202501;4707;2018001329;COTAS;47189.568443000000000;
202501;4707;2018001329;COTAS;345771.045477000000000;
202501;4707;2018001329;COTAS;444670.001730000000000;
202501;2018;9970000000;VL_PG_RC;-1361.890000000000000;
202501;2021;1979001138;VL_PG_RC;800624.720000000000000;
202501;2021;1991001274;COTAS;19779287.616097000000000;
202501;4707;2018001892;COTAS;144318.259670000000000;
202501;4707;2018001892;COTAS;1240685.767177000000000;
202501;4707;2018001892;COTAS;3798670.835186000000000;
202501;2021;2013001118;CAIXA;76142.000000000000000;
202501;2021;9970000000;CAIXA;3266.980000000000000;
202501;2021;9970000000;COTAS;6271834.798095000000000;
202501;4707;2018001892;COTAS;172066.002200000000000;
202501;2052;1990000983;COTAS;1533787.284714000000000;
202501;4707;2019003856;COTAS;3618139.945858000000000;
202501;4707;2019003856;COTAS;539432.868374000000000;
202501;4707;2020000474;COTAS;5243.286453000000000;
202501;2052;1990000983;COTAS;269466.427532000000000;
202501;2052;1990000983;COTAS;276430.505875000000000;
202501;2052;1990000983;COTAS;6313409.339514000000000;
202501;2052;1990000983;COTAS;3349771.897073000000000;
202501;4707;2020000474;COTAS;315570.056620000000000;
202501;2052;2006001011;COTAS;102749.068818000000000;
202501;4707;2020000474;COTAS;16954.613663000000000;
202501;2052;2006001011;COTAS;108784.594816000000000;
202501;4707;2020002647;COTAS;2029500.135847000000000;
202501;2052;2006001011;COTAS;149337.018594000000000;
202501;4707;2022001265;COTAS;4249732.900000000000000;
202501;2052;2006001011;COTAS;210125.695374000000000;
202501;4707;9970000000;CAIXA;2612.700000000000000;
202501;4711;2008002047;COTAS;282399506.759116000000000;26324274000120
202501;4711;2019003538;COTAS;5716717.954286000000000;46975834000113
202501;4724;2013000383;COTAS;23777788.320000000000000;
202501;4724;2013000383;COTAS;638460787.252865000000000;
202501;4724;2013000383;COTAS;147726546.056562000000000;42922268000120
202501;4724;2013000383;OPERACAO_PARTICIPANTE;213290300.510039395700000;
202501;4724;2013000618;ACOES;11019355.390000000000000;
202501;4724;2013000618;VL_PG_RC;-52787.220000000000000;
202501;2066;1974000192;COTAS;32286028.246773000000000;
202501;4724;9970000000;TIT_PUB;31674752.830000000000000;
202501;2066;1974000192;COTAS;38812.215122000000000;
202501;4738;2013001347;COTAS;40245299.681600000000000;
202501;4738;9970000000;CAIXA;16482.620000000000000;
202501;4741;2013001738;COTAS;50356124.553989000000000;
202501;4741;9970000000;COTAS;15823620.124645000000000;
202501;4755;2014000311;COTAS;2315341.647959000000000;
202501;4755;2014000311;COTAS;7689745.292879000000000;
202501;4755;2014000311;COTAS;563463.431449000000000;
202501;4755;2014000311;COTAS;22000078.576379000000000;
202501;4755;2014000311;VL_PG_RC;-1.930000000000000;
202501;4755;2015001247;COTAS;39831.669652000000000;
202501;4755;2015001247;COTAS;68885.847184000000000;
202501;2066;1974000192;TIT_PUB;63376950.630000000000000;
202501;4755;2015001247;TIT_PUB;486891.300000000000000;
202501;2071;9970000000;VL_PG_RC;-3114.660000000000000;
202501;4755;2020002574;COTAS;148601.729509000000000;
202501;2083;1973000156;COTAS;349459934.975832000000000;05170419000105
202501;4755;9970000000;COTAS;544998.562307000000000;
202501;4755;9970000000;COTAS;61882.001641000000000;
202501;4769;2015000429;COTAS;1184556.293826000000000;
202501;4769;2015000429;COTAS;3338894.100419000000000;
202501;2083;1973000156;OPERACAO_PARTICIPANTE;178776678.942108673400000;
202501;2083;1999005211;COTAS;0.000000000000000;
202501;2083;1999005211;COTAS;328169461.546099000000000;35600762000103
202501;4769;2015000429;COTAS;4128115.119300000000000;
202501;4769;2021001083;COTAS;11243.242502000000000;
202501;4769;2021001083;VL_PG_RC;-0.270000000000000;
202501;4769;9970000000;COTAS;5654319.942502000000000;
202501;4769;9970000000;VL_PG_RC;-1639.450000000000000;
202501;4786;2018001019;CAIXA;650.330000000000000;
202501;4786;2018001019;COTAS;1491283.999999000000000;
202501;4786;2018001019;COTAS;102249.000026000000000;
202501;4786;2018001019;COTAS;35913.999978000000000;
202501;4786;2018001019;COTAS;49718.000000000000000;
202501;4786;2019000611;CAIXA;346.570000000000000;
202501;4786;2019000611;COTAS;204498.125726000000000;
202501;4786;2019000611;COTAS;86578.506722000000000;
202501;4786;2019000611;COTAS;56058.493748000000000;
202501;4786;2019000611;COTAS;204389.938531000000000;
202501;4786;2019000611;COTAS;97451.190268000000000;
202501;4786;2024000347;COTAS;283790.999999000000000;
202501;4786;9970000000;COTAS;873930.774319000000000;
202501;4791;2016001283;CAIXA;2742071.260000000000000;
202501;4791;2016001283;COTAS;2277730.280071000000000;
202501;4791;2016001283;COTAS;2829547.550002000000000;
202501;4791;2016001283;COTAS;1759846.059999000000000;
202501;4791;2020001047;CAIXA;9744.820000000000000;
202501;4791;9970000000;CAIXA;4715.130000000000000;
202501;4791;9970000000;COTAS;315472.690001000000000;
202501;4801;2016001518;COTAS;93680443.570005000000000;
202501;4801;2016001518;COTAS;43442892.800456000000000;
202501;4801;2016001518;COTAS;907813.389994000000000;
202501;4801;2016001518;COTAS;4623643.310000000000000;
202501;4801;9970000000;COTAS;381530.879944000000000;
202501;4801;9970000000;COTAS;18722.259996000000000;
202501;4801;9970000000;COTAS;13910.069980000000000;
202501;4801;9970000000;COTAS;62550.769999000000000;
202501;4813;9970000000;COTAS;2262164.876392000000000;
202501;4813;9970000000;COTAS;2343416.613449000000000;
202501;4827;2018002465;COTAS;629063.400000000000000;
202501;4831;1974000583;COTAS;565563920.378055000000000;09606154000104
202501;4831;1981000283;CAIXA;95512.940000000000000;
202501;4831;1981000283;COTAS;-402433.568998000000000;
202501;4831;1981000283;COTAS;10809163.240000000000000;
202501;4831;1993000429;COTAS;0.021439000000000;
202501;4831;1993000429;COTAS;319323.018316000000000;
202501;4831;1993000429;OPERACAO_PARTICIPANTE;1578153.120000000000000;
202501;4831;1998003647;COTAS;2953844.620622000000000;
202501;4831;1998003647;COTAS;166871950.862114000000000;15435379000130
202501;4831;1998003647;COTAS;389883181.661536000000000;20468585000186
202501;4831;1998003647;COTAS;19861672.428414000000000;37452344000141
202501;4831;1998003647;COTAS;70506274.521891000000000;42774871000102
202501;4831;2006006811;COTAS;1619951.846808000000000;
202501;4831;2006006811;COTAS;10057440.399405000000000;
202501;4831;2006006811;OPERACAO_PARTICIPANTE;20112902.220000000000000;
202501;2083;1999005211;TIT_PUB;6036643626.160000000000000;
202501;2083;2012000274;COTAS;9976814.917324000000000;32760026000124
202501;2083;2019002329;COTAS;10879709.473203000000000;16569908000150
202501;2083;2020000229;COTAS;3612456.051218000000000;28849695000108
202501;2083;2020001438;TIT_PRIV;25528026.900000000000000;
202501;4831;2006006811;TIT_PUB;542314131.380000000000000;
202501;4831;2020000611;TIT_PRIV;3115740.130000000000000;
202501;2083;9970000000;CAIXA;19550.280000000000000;
202501;2083;9970000000;VL_PG_RC;0.000000000000000;
202501;2138;1981001311;CAIXA;39751.030000000000000;
202501;4831;9970000000;VL_PG_RC;6108503.400000000000000;
202501;2155;1985000938;COTAS;63504019.297018000000000;38066095000119
202501;4844;2019000547;COTAS;1557759.733450000000000;
202501;2155;1985000938;OPERACAO_PARTICIPANTE;8661501.780000000000000;
202501;4844;2019000547;COTAS;4510823.700935000000000;
202501;2169;1972000111;COTAS;13877510.314524000000000;
202501;4844;2019000547;VL_PG_RC;-4037.140000000000000;
202501;2169;1999000374;COTAS;2360.000000000000000;
202501;4844;9970000000;COTAS;387852.311735000000000;
202501;2169;1999000374;COTAS;51000805.709243000000000;
202501;4844;9970000000;COTAS;932136.402702000000000;
202501;2169;1999000374;COTAS;315252775.575316000000000;02143194000100
202501;4858;2018002211;COTAS;255406.003588000000000;
202501;2169;9970000000;VL_PG_RC;-49.620000000000000;
202501;2172;9970000000;COTAS;5414756.762441000000000;
202501;4858;2018002211;VL_PG_RC;-1943.260000000000000;
202501;4858;9970000000;CAIXA;14476.290000000000000;
202501;4858;9970000000;TIT_PUB;63924.730000000000000;
202501;4861;2019000474;COTAS;7472627.560001000000000;
202501;2213;1991002483;TIT_PUB;63411145.580000000000000;
202501;4875;2020002329;COTAS;6744976.912120000000000;
202501;2231;1982002638;VL_PG_RC;-15.000000000000000;
202501;2231;1982002719;OPERACAO_PARTICIPANTE;365694.110000000000000;
202501;2231;1982002883;COTAS;135046229.841765000000000;
202501;4875;2020002329;VL_PG_RC;-6391.450000000000000;
202501;4875;9970000000;TIT_PUB;15992634.510000000000000;
202501;4892;9970000000;VL_PG_RC;-0.010000000000000;
202501;2231;1987000511;OPERACAO_PARTICIPANTE;0.000000000000000;
202501;4947;1996003747;COTAS;64800.000000000000000;
202501;2231;1992000956;CAIXA;11762.330000000000000;
202501;4947;1996003747;COTAS;98256985.227308000000000;
202501;2231;1992000956;COTAS;23000.486966000000000;
202501;4947;9970000000;COTAS;3625325.416465000000000;
202501;2231;1994001518;OPERACAO_PARTICIPANTE;0.000000000000000;
202501;2231;2008003019;OPERACAO_PARTICIPANTE;171157.020000000000000;
202501;2231;2010002229;COTAS;2216597.941767000000000;
202501;2231;2010002229;COTAS;63570017.175181000000000;44703483000166
202501;2231;2010002474;CAIXA;894511.740000000000000;
202501;2231;2010002474;COTAS;3915501.806340000000000;
202501;2231;2010002474;COTAS;5378580.051191000000000;
202501;2231;2011001218;COTAS;6241.118086000000000;
202501;2231;2011001218;COTAS;141896.080851000000000;
202501;2231;2011001218;COTAS;284736.460131000000000;
202501;2231;2011001218;COTAS;356836.730915000000000;
202501;2231;2011001218;COTAS;17562369.091010000000000;
202501;2231;2011001218;COTAS;33649630.027478000000000;44900441000115
202501;2231;2012001947;COTAS;3698897.415943000000000;
202501;2231;2012001947;COTAS;28470.047604000000000;
202501;2231;2012001947;COTAS;159760158.950249000000000;
202501;2231;2012001947;COTAS;312747280.327523000000000;44900441000115
202501;2231;2014001383;IMOVEIS;6299363.340000000000000;
202501;4947;9970000000;VL_PG_RC;-8014.460000000000000;
202501;2231;2014001383;TIT_PUB;79075875.290000000000000;
202501;2231;2019003074;COTAS;575114.900319000000000;
202501;2231;2019003074;VL_PG_RC;-51751.130000000000000;
202501;2258;1989000118;CAIXA;0.000000000000000;
202501;2258;1989000118;COTAS;33703744.996250000000000;50625158000125
202501;2258;1989000118;COTAS;93067523.787428000000000;50634860000155
202501;2258;1989000738;TIT_PUB;104228322.040000000000000;
202501;2258;1990000118;COTAS;5477688.108628000000000;
202501;2258;1990000118;COTAS;18533601.561563000000000;
202501;2258;1990000118;COTAS;1012269.066379000000000;
202501;2258;1990000118;COTAS;10154833.132895000000000;
202501;2258;1990000118;COTAS;1353030.751933000000000;
202501;2258;1990000118;COTAS;255646.937811000000000;
202501;2258;1990000118;COTAS;121443.579986000000000;
202501;2258;1992000492;CAIXA;0.000000000000000;
202501;2258;1992000492;VL_PG_RC;-46814.950000000000000;
202501;2258;1992000565;COTAS;2391897.402302000000000;50620435000107
202501;2258;1992000719;COTAS;1102484.780825000000000;
202501;2258;1992000719;TIT_PUB;372808528.330000000000000;
202501;2258;1993002847;COTAS;6113903.354287000000000;50620435000107
202501;2258;1994001429;COTAS;19679998.135227000000000;50634601000124
202501;2258;1994001747;COTAS;6311933.420683000000000;50625158000125
202501;2258;1994001747;COTAS;13490939.677908000000000;50634860000155
202501;2258;1994001747;VL_PG_RC;-57573.560000000000000;
202501;2258;1994003138;COTAS;4295084.194246000000000;50620435000107
202501;2258;1995000183;COTAS;1071298.958371000000000;51059284000122
202501;2258;1995000183;VL_PG_RC;-86292.060000000000000;
202501;2258;1995003719;VL_PG_RC;-56544.550000000000000;
202501;2258;1996000829;COTAS;38708834.763935000000000;51059284000122
202501;2258;1996002147;COTAS;31308.009107000000000;
202501;2258;1998005356;COTAS;7716405.509134000000000;50620435000107
202501;2258;1999002229;COTAS;510390389.759402000000000;51079513000170
202501;2258;1999003683;COTAS;78201803.472391000000000;50620290000144
202501;2258;2002001138;CAIXA;557.490000000000000;
202501;2258;2002001138;COTAS;2094090.778431000000000;50625158000125
202501;2258;2003002911;COTAS;154767446.311456000000000;50620290000144
202501;2258;2003003029;COTAS;44360597.257666000000000;50620290000144
202501;2258;2003003029;COTAS;6912980.145925000000000;50620819000120
202501;2258;2006001647;COTAS;68274945.702053000000000;50634860000155
202501;2258;2006003283;CAIXA;67.700000000000000;
202501;2258;2006006411;CAIXA;1001.110000000000000;
202501;2258;2006006411;VL_PG_RC;-20479.200000000000000;
202501;2258;2007000547;COTAS;1803485.856859000000000;50620290000144
202501;2258;2007000611;CAIXA;0.000000000000000;
202501;2258;2007002418;CAIXA;0.000000000000000;
202501;2258;2007002418;COTAS;41501247.158728000000000;50620435000107
202501;2258;2010005783;COTAS;13404426.490224000000000;50625158000125
202501;2258;2012001165;COTAS;29325373.080679000000000;04052631000105
202501;2258;2014000247;VL_PG_RC;-27270.300000000000000;
202501;2258;2014000719;CAIXA;0.000000000000000;
202501;2258;2014000719;COTAS;69451812.017334000000000;50625158000125
202501;2258;2015000518;COTAS;43891023.005386000000000;50634860000155
202501;2258;2016000929;COTAS;3125216.052169000000000;50620435000107
202501;2258;2016001119;COTAS;1131913.208919000000000;50620290000144
202501;2258;2017001074;COTAS;1579490.625210000000000;50620290000144
202501;2258;2017001147;COTAS;198256.011573000000000;50620435000107
202501;2258;2017001619;COTAS;2478274.816617000000000;04052631000105
202501;2258;2019002256;COTAS;94173717.723314000000000;50620435000107
202501;2258;2019003211;CAIXA;0.000000000000000;
202501;2258;2020001292;COTAS;19148757.634429000000000;50634860000155
202501;2258;2020002892;CAIXA;0.000000000000000;
202501;2258;2020002892;COTAS;188093.871770000000000;50620435000107
202501;2258;2020003465;COTAS;410763.158815000000000;50620435000107
202501;2258;2021000974;COTAS;121178232.592115000000000;50625158000125
202501;2258;2021000974;VL_PG_RC;-156411.270000000000000;
202501;2258;2023000092;COTAS;1521725.598800000000000;50620435000107
202501;2258;2023001129;CAIXA;60305.650000000000000;
202501;2258;9970000000;VL_PG_RC;0.000000000000000;
202501;2292;1990002129;COTAS;294822.914296000000000;
202501;2292;1990002129;COTAS;3618938.531945000000000;50765883000107
202501;2292;1998002756;COTAS;999462.088050000000000;
202501;2292;1998002756;COTAS;502810.101768000000000;
202501;2292;1998002756;COTAS;1293090.584158000000000;
202501;2292;1998002756;COTAS;834616.782818000000000;
202501;2292;1998002756;COTAS;127073484.470430000000000;41562294000122
202501;2292;1998002756;IMOVEIS;4840558.090000000000000;
202501;2292;1998002829;COTAS;3363.400146000000000;
202501;2292;1998002829;COTAS;101286.709334000000000;
202501;2292;1998002829;COTAS;2028869.089051000000000;
202501;2292;1998002829;COTAS;3767149.647878000000000;
202501;2292;2016000392;COTAS;1968172.383987000000000;04764252000148
202501;2292;2018002538;COTAS;347911.560000000000000;
202501;2292;2018002538;TIT_PUB;222801189.670000000000000;
202501;2292;9970000000;COTAS;8605031.363053000000000;
202501;2302;1988000483;CAIXA;318818.070000000000000;
202501;2302;1988000483;COTAS;7602580.350533000000000;
202501;2302;1988000483;COTAS;9390503.266894000000000;03100395000192
202501;2302;1988000483;COTAS;667696531.164219000000000;14399693000141
202501;2302;1988002011;VL_PG_RC;-6188.010000000000000;
202501;2316;1979000719;VL_PG_RC;-9308.090000000000000;
202501;2316;2015001492;IMOVEIS;40023285.640000000000000;
202501;2316;2023001447;COTAS;45384.921884000000000;
202501;2316;9970000000;VL_PG_RC;-5287.790000000000000;
202501;2333;1992001065;CAIXA;7728.380000000000000;
202501;2333;1992001065;COTAS;705765758.436295000000000;04288830000117
202501;2333;2019000938;VL_PG_RC;-2173.250000000000000;
202501;2333;9970000000;CAIXA;36159.440000000000000;
202501;2333;9970000000;VL_PG_RC;-2673.650000000000000;
202501;2395;1994001811;COTAS;41317362.388818000000000;
202501;2395;1994001811;COTAS;30986753.912428000000000;
202501;2395;1994001811;COTAS;16551174.710450000000000;
202501;2395;1994001811;COTAS;16506582.715916000000000;
202501;2395;1994001811;COTAS;433454.539446000000000;
202501;2395;9970000000;CAIXA;89681.480000000000000;
202501;2422;1982001356;ACOES;80.740000000000000;
202501;2422;1982001356;CAIXA;2538.870000000000000;
202501;2422;1994003847;OPERACAO_PARTICIPANTE;64.910046581300000;
202501;2422;1994003911;CAIXA;308913.810000000000000;
202501;2422;1994003911;VL_PG_RC;206328.120000000000000;
202501;2422;2002002665;OPERACAO_PARTICIPANTE;848.030007007600000;
202501;2422;2002002819;IMOVEIS;372688.630000000000000;
202501;2422;2002003483;COTAS;7870828.089494000000000;14205056000197
202501;2422;2002003483;IMOVEIS;963379.790000000000000;
202501;2422;2002003556;ACOES;5004.270000000000000;
202501;2422;2002003718;OPERACAO_PARTICIPANTE;8992.780146548600000;
202501;2422;2002004218;COTAS;118483041.106479000000000;14205056000197
202501;2422;2002004218;OPERACAO_PARTICIPANTE;2402558.791181968900000;
202501;2422;2002004374;COTAS;129692.168364000000000;14205056000197
202501;2422;2002004447;CAIXA;3066364.100000000000000;
202501;2484;2004001992;COTAS;38386360.074064000000000;42865356000138
202501;2484;2004001992;COTAS;34450524.175926000000000;42865537000164
202501;2484;2004001992;COTAS;92316325.437247000000000;49962448000185
202501;2484;2004001992;VL_PG_RC;-16704.500000000000000;
202501;2484;2005000183;COTAS;47455748.280036000000000;14985743000172
202501;2484;2005000183;COTAS;58607875.687290000000000;18138920000136
202501;2484;2005000183;COTAS;20245923.777109000000000;42865537000164
202501;2484;2005000183;COTAS;30906761.851380000000000;49361982000136
202501;2484;2005000183;COTAS;11058852.112279000000000;49498790000176
202501;2484;9970000000;COTAS;259529.301934000000000;42865356000138
202501;2484;9970000000;VL_PG_RC;-734.860000000000000;
202501;2525;1974000265;CAIXA;66462.180000000000000;
202501;2525;1974000265;COTAS;6584484.020769000000000;
202501;2525;1974000265;COTAS;1246620004.321163000000000;58437280000180
202501;2525;1979004511;COTAS;41.153099000000000;
202501;2525;1979004511;COTAS;347532.536051000000000;
202501;2525;1979004511;COTAS;1879227.079129000000000;05194813000183
202501;2525;1979004511;COTAS;9049387.335007000000000;45494526000103
202501;2525;1979004511;IMOVEIS;1879400.000000000000000;
202501;2525;2009003756;COTAS;3177504.538081000000000;
202501;2525;2009003756;COTAS;930700.530138000000000;
202501;2525;2009003756;COTAS;263396768.300519000000000;04573108000124
202501;2525;2009003756;COTAS;72138319.249828000000000;45521758000103
202501;2525;2020002256;COTAS;22056.991602000000000;
202501;2525;2020002256;COTAS;5407745.165290000000000;
202501;2525;2020002256;COTAS;2306022.744379000000000;04573108000124
202501;2525;2020002256;OPERACAO_PARTICIPANTE;313819.210000000000000;
202501;2525;2023000556;COTAS;397037.996214000000000;41763054000196
202501;2525;2023000556;COTAS;1146100.164356000000000;45521758000103
202501;2556;1993000119;COTAS;53184.600070000000000;
202501;2556;1993000119;COTAS;1372148.145539000000000;
202501;2556;1998007618;COTAS;21618332.272522000000000;
202501;2556;1998007618;COTAS;116306479.980417000000000;
202501;2556;1998007618;COTAS;78358316.027788000000000;41672376000120
202501;2556;1998007618;TIT_PRIV;326195726.570000000000000;
202501;2556;1998007618;VL_PG_RC;78158819.550000000000000;
202501;2556;2018001574;COTAS;116395.385255000000000;
202501;2561;1999000447;COTAS;68371692.127184000000000;
202501;2561;1999000447;IMOVEIS;49382522.240000000000000;
202501;2561;2014000174;COTAS;71819869.952194000000000;
202501;2561;2014001219;COTAS;48972859.169907000000000;55174203000196
202501;2659;2000002447;COTAS;17184510.651785000000000;
202501;2659;2000002447;COTAS;12706763.933388000000000;
202501;2659;2000002447;VL_PG_RC;-1045591.980000000000000;
202501;2693;1993000811;COTAS;15153779.657340000000000;
202501;2693;2021001938;COTAS;840152.033143000000000;
202501;2693;2021001938;COTAS;618763.095447000000000;48330517000175
202501;2693;9970000000;VL_PG_RC;-61716.620000000000000;
202501;2796;2015001174;COTAS;195032832.003976000000000;14298797000160
202501;2811;1993002774;COTAS;7267886.975774000000000;
202501;2811;1993002774;COTAS;4534240.067994000000000;
202501;2811;9970000000;COTAS;968188.074124000000000;
202501;2811;9970000000;COTAS;86871.512166000000000;
202501;2823;1994000392;COTAS;5372829.078116000000000;
202501;2823;1994000392;COTAS;214638.779320000000000;
202501;2823;1994000392;COTAS;473172.156573000000000;
202501;2823;1994000392;COTAS;209863.421348000000000;
202501;2823;1994000465;COTAS;19823667.475530000000000;
202501;2823;1994000465;COTAS;42386518.011585000000000;
202501;2823;1994000465;COTAS;10962853.603965000000000;
202501;2823;1994000465;COTAS;12326694.404261000000000;
202501;2823;1994000538;COTAS;411062155.282502000000000;
202501;2823;1994000538;COTAS;38074120.377686000000000;
202501;2823;9970000000;CAIXA;1128.940000000000000;
202501;2841;2005004529;VL_PG_RC;-12040250.550000000000000;
202501;2841;2005004611;COTAS;1347913.351880000000000;
202501;2841;2005004611;COTAS;112444931.153028000000000;51983827000101
202501;2841;9970000000;CAIXA;1013275.020000000000000;
202501;2841;9970000000;COTAS;2013794.950008000000000;51854557000120
202501;2854;2011000319;CAIXA;1628.080000000000000;
202501;2909;1993003411;COTAS;214567829.059844000000000;34867829000108
202501;2909;2016000465;OPERACAO_PARTICIPANTE;3088563.400090202700000;
202501;2909;9970000000;CAIXA;78014.010000000000000;
202501;2909;9970000000;COTAS;3716246.885874000000000;34867797000140
202501;2912;1993003738;CAIXA;37662.160000000000000;
202501;2912;1993003738;COTAS;18743695.520245000000000;
202501;2912;1993003738;VL_PG_RC;-13190.770000000000000;
202501;2912;2005006711;COTAS;146738789.199393000000000;09544240000121
202501;2912;2005006711;COTAS;420146220.669244000000000;18138892000157
202501;2931;1994000211;COTAS;5487069.987147000000000;
202501;2931;1994000211;COTAS;5566979.497884000000000;
202501;2931;1994000211;COTAS;5601214.242467000000000;
202501;2931;1994000211;COTAS;1409320.010853000000000;
202501;2931;1994000211;COTAS;2438676.975295000000000;
202501;2931;1994000211;COTAS;12901205.942710000000000;
202501;2931;1994000211;COTAS;27433231.039923000000000;
202501;2931;9970000000;CAIXA;636.570000000000000;
202501;2991;1985000547;COTAS;1166888.296152000000000;
202501;2991;1994002492;COTAS;6279908.885978000000000;
202501;2991;1994002492;COTAS;4360087.976514000000000;
202501;2991;1994002492;COTAS;3491384.624000000000000;
202501;2991;1994002492;COTAS;355012.632627000000000;
202501;2991;1994002492;COTAS;61632095.215248000000000;47716645000199
202501;3023;2001001738;COTAS;510210384.689453000000000;
202501;3023;9970000000;COTAS;3019293.375625000000000;
202501;3037;1994001119;COTAS;11012312.774655000000000;
202501;3037;1994001119;OPERACAO_PARTICIPANTE;748595.730000000000000;
202501;3037;9970000000;CAIXA;44315.570000000000000;
202501;3037;9970000000;VL_PG_RC;0.000000000000000;
202501;3099;1994004411;CAIXA;1138.590000000000000;
202501;3099;1994004411;COTAS;40460.620001000000000;
202501;3099;1996002392;OPERACAO_PARTICIPANTE;3916.969999845200000;
202501;3099;1999005392;VL_PG_RC;-16868.990000000000000;
202501;3099;1999005465;CAIXA;936492.430000000000000;
202501;3099;1999005465;COTAS;1948626.930000000000000;
202501;3099;1999005465;VL_PG_RC;-81106.000000000000000;
202501;3126;1993001492;COTAS;21012465.922513000000000;
202501;3126;1993001492;COTAS;1010565.092311000000000;
202501;3126;1993001492;COTAS;33474180.053086000000000;
202501;3126;1993002219;COTAS;6942038.670035000000000;
202501;3126;1994002956;COTAS;43099978.545385000000000;
202501;3126;1994002956;COTAS;57482239.257328000000000;
202501;3126;1995000711;COTAS;6110015.598316000000000;
202501;3126;1995000711;COTAS;5128582.328635000000000;
202501;3126;1995001147;COTAS;292732578.901295000000000;
202501;3126;1995001147;COTAS;36027511.236681000000000;
202501;3126;1995001147;COTAS;5661789.783938000000000;
202501;3126;1997000938;COTAS;8230955.511236000000000;
202501;3126;1997000938;COTAS;2687991.448588000000000;
202501;3126;1997001918;CAIXA;26999.870000000000000;
202501;3126;1997001918;COTAS;1744578.660207000000000;
202501;3126;1997001918;COTAS;14157314.939462000000000;
202501;3126;2000007074;TIT_PRIV;97162.100000000000000;
202501;3126;2001000774;COTAS;95488.243945000000000;
202501;3126;2001000774;COTAS;323665.697290000000000;
202501;3126;2005005811;COTAS;3615507.529911000000000;
202501;3126;2005005811;COTAS;6604.488308000000000;
202501;3126;2006003747;COTAS;18691.815275000000000;
202501;3126;2006003747;COTAS;365584.917100000000000;
202501;3126;2006003747;COTAS;8527.323829000000000;
202501;3126;2006003811;COTAS;44874.237323000000000;
202501;3126;2006003811;COTAS;257489.862591000000000;
202501;3126;2006003992;COTAS;1002978.747203000000000;
202501;3126;2006004011;COTAS;813358.684242000000000;
202501;3126;2006004011;VL_PG_RC;-24561.670000000000000;
202501;3126;2007002019;COTAS;1879887.650014000000000;
202501;3126;2007002019;COTAS;9163127.621713000000000;
202501;3126;2007002019;COTAS;8373661.160298000000000;
202501;3126;2007002019;COTAS;1988371.740320000000000;
202501;3126;2008000192;COTAS;10794302.599630000000000;
202501;3126;2008000192;COTAS;20348851.268160000000000;
202501;3126;2008000192;COTAS;44973268.346593000000000;
202501;3126;2008000192;COTAS;14311.192218000000000;
202501;3126;2008000192;TIT_PUB;31827296.180000000000000;
202501;3126;2008001229;COTAS;80940357.202325000000000;
202501;3126;2008001229;COTAS;3899128.040631000000000;
202501;3126;2008001229;COTAS;93462511.873218000000000;
202501;3126;2008001229;TIT_PUB;29942586.140000000000000;
202501;3126;2009000447;COTAS;1173.427653000000000;
202501;3126;2009000447;COTAS;2199261.978756000000000;
202501;3126;2010000129;COTAS;1655192.405093000000000;
202501;3126;2010000129;COTAS;6858763.968323000000000;
202501;3126;2010000129;COTAS;2741373.144441000000000;
202501;3126;2010000129;VL_PG_RC;29194.610000000000000;
202501;3126;2010002547;CAIXA;7134.300000000000000;
202501;3126;2010002547;COTAS;6348953.031416000000000;
202501;3126;2010002792;CAIXA;6633.610000000000000;
202501;3126;2010002792;COTAS;1596982.219151000000000;
202501;3126;2010002792;COTAS;330398.541684000000000;
202501;3126;2010002792;VL_PG_RC;162302.100000000000000;
202501;3126;2012001483;COTAS;3343527.919436000000000;
202501;3126;2012001483;COTAS;2970769.164117000000000;
202501;3126;2012001483;COTAS;9647.804160000000000;
202501;3126;2013000529;COTAS;433504.234779000000000;
202501;3126;2013000529;COTAS;1876814.642919000000000;
202501;3126;2018000756;COTAS;5565615.551167000000000;
202501;3126;2021001156;COTAS;448732.302020000000000;
202501;3126;2021001156;COTAS;379594.903857000000000;
202501;3126;2021001229;COTAS;7669481.342728000000000;
202501;3126;2021001229;COTAS;1647010.290101000000000;
202501;3126;2021001229;COTAS;388185.991617000000000;
202501;3126;2021001318;COTAS;6149516.452399000000000;
202501;3126;2024000118;COTAS;176528.862153000000000;
202501;3126;2024000665;COTAS;107832963.661006000000000;
202501;3161;1994004118;COTAS;3419049.599708000000000;
202501;3161;1994004118;COTAS;6197500.239333000000000;
202501;3161;1994004118;TIT_PUB;240678017.640000000000000;
202501;3161;2005005111;COTAS;2078447.000000000000000;
202501;3161;2005005111;COTAS;15043988.463152000000000;
202501;3161;2005005111;COTAS;1551069.461194000000000;
202501;3161;2005005111;OPERACAO_PARTICIPANTE;2657819.590000000000000;
202501;3174;1994004029;COTAS;27022908.027687000000000;
202501;3174;1994004029;COTAS;2912839644.881239000000000;37405187000113
202501;3188;1996001647;CAIXA;889.800000000000000;
202501;3188;1996001647;COTAS;821713.473417000000000;
202501;3188;1996001647;COTAS;341536.449940000000000;
202501;3188;1996001647;COTAS;473367.638242000000000;10220241000108
202501;3188;1996001647;TIT_PUB;29188771.440000000000000;
202501;3188;1996004883;COTAS;358284.594269000000000;18270776000197
202501;3188;1997001047;COTAS;31289911.280567000000000;10214125000178
202501;3188;1997001047;COTAS;85769214.450519000000000;25244544000120
202501;3188;1998005674;VL_PG_RC;-15129.940000000000000;
202501;3188;1998006247;COTAS;3858614.348661000000000;
202501;3188;1998006247;COTAS;6154730.337149000000000;10214125000178
202501;3188;1999002792;VL_PG_RC;-39551.500000000000000;
202501;3188;2001000847;COTAS;2116647.945532000000000;10220241000108
202501;3188;2001000847;COTAS;8132.282561000000000;18270776000197
202501;3188;2001000847;COTAS;127714.980324000000000;27565843000191
202501;3188;2002000565;COTAS;211062.914405000000000;10220247000177
202501;3188;2002000565;COTAS;2946783.269589000000000;18270776000197
202501;3188;2002000719;COTAS;1036834.293275000000000;
202501;3188;2002000719;COTAS;4637031.729763000000000;
202501;3188;2002000719;COTAS;3453265.193136000000000;36178602000180
202501;3188;2003000747;COTAS;218159.896828000000000;27565843000191
202501;3188;2003000747;TIT_PUB;2359671.640000000000000;
202501;3188;2004002174;COTAS;4778825.030489000000000;
202501;3188;2004002174;COTAS;71692782.112714000000000;25244544000120
202501;3188;2005000256;COTAS;10152.498616000000000;10220247000177
202501;3188;2005000256;COTAS;12559.267387000000000;18270776000197
202501;3188;2005000256;COTAS;369038.322356000000000;27565843000191
202501;3188;2005001211;COTAS;5896375.800102000000000;10220241000108
202501;3188;2005001211;COTAS;6017747.606869000000000;29298975000120
202501;3188;2005001211;COTAS;4345210.108647000000000;34613727000166
202501;3188;2005006483;COTAS;9153618.950613000000000;29298975000120
202501;3188;2007003074;COTAS;195942.004017000000000;
202501;3188;2007003074;COTAS;1147583.205074000000000;29298975000120
202501;3188;2007003074;COTAS;906874.928707000000000;34613727000166
202501;3188;2007003074;TIT_PUB;3759226.360000000000000;
202501;3188;2009002156;CAIXA;1567.520000000000000;
202501;3188;2009002156;COTAS;5015301.366524000000000;
202501;3188;2010000374;COTAS;40281.244585000000000;
202501;3188;2010000374;COTAS;539576.664127000000000;36178602000180
202501;3188;2010003292;COTAS;4137128.684122000000000;10220247000177
202501;3188;2010003292;COTAS;5538713.324567000000000;18270776000197
202501;3188;2010003365;COTAS;1645344.945357000000000;
202501;3188;2010003365;COTAS;1870041.432909000000000;10220241000108
202501;3188;2010003365;VL_PG_RC;-361130.290000000000000;
202501;3188;2010003438;COTAS;1133798.957047000000000;
202501;3188;2010003438;COTAS;3016336.153180000000000;27565843000191
202501;3188;2010005074;COTAS;133926.344949000000000;
202501;3188;2010005074;COTAS;438182.428975000000000;36178602000180
202501;3188;2010005211;COTAS;32275779.291954000000000;10220241000108
202501;3188;2010005211;COTAS;25406705.328755000000000;34613727000166
202501;3188;2010005211;OPERACAO_PARTICIPANTE;972013.710000000000000;
202501;3188;2012000665;COTAS;5268787.189494000000000;10220241000108
202501;3188;2012000665;COTAS;4307917.223327000000000;34613727000166
202501;3188;2013000456;COTAS;12632102.893134000000000;10220241000108
202501;3188;2013000456;COTAS;10837830.607941000000000;34613727000166
202501;3188;2013000456;VL_PG_RC;-3465.210000000000000;
202501;3188;2016000538;COTAS;939074.125287000000000;
202501;3188;2017000574;COTAS;1994367.083001000000000;36178602000180
202501;3188;2017000711;COTAS;12146155.911478000000000;10220241000108
202501;3188;2017000711;VL_PG_RC;-45948.790000000000000;
202501;3188;2019000865;COTAS;6985890.826165000000000;25244544000120
202501;3188;2019000865;VL_PG_RC;-119286.410000000000000;
202501;3188;2019001047;COTAS;14559.726295000000000;10214125000178
202501;3188;2019001047;COTAS;76084.739146000000000;10220247000177
202501;3188;2019001047;COTAS;31147.402679000000000;25244544000120
202501;3188;2021003019;COTAS;242154.030924000000000;
202501;3188;2023000947;COTAS;41059.261817000000000;29298975000120
202501;3188;2023000947;TIT_PUB;1196113.580000000000000;
202501;3188;9970000000;CAIXA;57037.000000000000000;
202501;3188;9970000000;VL_PG_RC;-1412.040000000000000;
202501;3201;9970000000;COTAS;40.603007000000000;
202501;3251;1995001465;COTAS;10177916.468639000000000;
202501;3251;1995001465;COTAS;2291188.916750000000000;
202501;3251;1995001465;COTAS;1981284.891780000000000;
202501;3251;1995001465;COTAS;2661178.222717000000000;
202501;3304;1995002747;CAIXA;23232.650000000000000;
202501;3304;1995002747;COTAS;2602219.981672000000000;
202501;3304;1995002747;COTAS;2582689.770473000000000;
202501;3304;1995002747;COTAS;16714983.555057000000000;
202501;3304;1995002747;COTAS;1969695.327975000000000;
202501;3304;1995002747;COTAS;25277.186147000000000;
202501;3304;1995002811;COTAS;1034592.407802000000000;
202501;3304;2011001838;COTAS;759940.339372000000000;
202501;3304;2011001838;COTAS;356548.304841000000000;
202501;3304;9970000000;CAIXA;870.760000000000000;
202501;3304;9970000000;COTAS;669969.526584000000000;
202501;3321;1995002992;COTAS;7302756.906304000000000;
202501;3321;1995002992;COTAS;5552846.962412000000000;
202501;3321;1995002992;COTAS;777151.501407000000000;
202501;3321;1995002992;COTAS;3002472.175335000000000;
202501;3321;1995002992;COTAS;2055367.766227000000000;
202501;3321;1995002992;TIT_PRIV;4895540.590000000000000;
202501;3349;1995003638;COTAS;6384587.450000000000000;
202501;3349;1995003638;COTAS;9664219.724677000000000;
202501;3349;1995003638;COTAS;8750698.889294000000000;
202501;3349;1995003638;COTAS;4792561.005521000000000;
202501;3349;1995003638;TIT_PUB;316167988.500000000000000;
202501;3407;9970000000;COTAS;379.062895000000000;
202501;3407;9970000000;COTAS;6849.333176000000000;
202501;3407;9970000000;COTAS;16563.908579000000000;
202501;3411;2006000292;COTAS;335605079.862906000000000;13425757000179
202501;3411;2006000292;COTAS;320099080.311087000000000;13970020000137
202501;3411;2006000292;COTAS;105349538.018773000000000;45017499000188
202501;3411;2014001065;COTAS;87587689.357372000000000;13970020000137
202501;3411;2016001356;COTAS;17886056.536200000000000;13425757000179
202501;3411;2016001356;COTAS;5382822.351350000000000;45017499000188
202501;3411;2016001429;COTAS;12215865.222946000000000;13425757000179
202501;3411;2016001429;COTAS;1732225.803183000000000;45017499000188
202501;3411;9970000000;VL_PG_RC;-7.390000000000000;
202501;3438;1989001238;COTAS;59227740.253948000000000;
202501;3438;1999001011;CAIXA;813272.250000000000000;
202501;3438;2000001092;COTAS;29455345.999312000000000;17706099000144
202501;3438;2000001238;OPERACAO_PARTICIPANTE;200926.740000000000000;
202501;3438;2000003011;CAIXA;24111.670000000000000;
202501;3438;2000003011;COTAS;103923284.770000000000000;45046280000107
202501;3438;2000003011;COTAS;103152843.307163000000000;46206481000197
202501;3438;2001002092;VL_PG_RC;-415405.850000000000000;
202501;3438;2002002118;CAIXA;594146.000000000000000;
202501;3438;2002002118;COTAS;71451916.511623000000000;17695440000103
202501;3438;2005003638;VL_PG_RC;0.000000000000000;
202501;3438;2006000438;COTAS;6149556.824564000000000;
202501;3438;2006000438;COTAS;101768259.415928000000000;15730745000183
202501;3438;2006002465;COTAS;94363480.866608000000000;54041112000110
202501;3438;2006002783;CAIXA;107777.570000000000000;
202501;3438;2006002856;CAIXA;0.000000000000000;
202501;3438;2006002856;VL_PG_RC;-85916.980000000000000;
202501;3438;2007001111;VL_PG_RC;0.000000000000000;
202501;3438;2007001438;COTAS;29287941.940000000000000;
202501;3438;2007001438;VL_PG_RC;-133721.200000000000000;
202501;3438;2008003256;COTAS;5039146.660001000000000;
202501;3438;2009002083;COTAS;1920770.551439000000000;
202501;3438;2009003519;VL_PG_RC;-3658550.560000000000000;
202501;3438;2010005465;CAIXA;54989.650000000000000;
202501;3438;2012000347;COTAS;2377954.895157000000000;
202501;3438;2020002183;COTAS;21266447.842377000000000;
202501;3438;2020003392;CAIXA;571081.500000000000000;
202501;3438;2021002438;COTAS;6906501.160855000000000;
202501;3438;2021002918;COTAS;36183.791574000000000;
202501;3438;9970000000;CAIXA;879619.630000000000000;
202501;3472;1984001183;COTAS;989415729.483709000000000;07420547000195
202501;3472;9970000000;CAIXA;49112.480000000000000;
202501;3472;9970000000;COTAS;47236434.140373000000000;11702118000188
202501;3486;1996002074;CAIXA;2825728.190000000000000;
202501;3486;1996002074;COTAS;16549928.811507000000000;
202501;3486;1996002074;COTAS;60193348.813861000000000;
202501;3527;1996002619;COTAS;227256960.103660000000000;
202501;3527;1996002619;COTAS;13467887.551449000000000;
202501;3527;1996002619;COTAS;3230722.252760000000000;
202501;3527;1996002619;COTAS;2205266.468558000000000;
202501;3527;2020001365;COTAS;8991332.519852000000000;
202501;3527;2020001365;COTAS;4608122.173741000000000;
202501;3527;2020001365;COTAS;1274290.605311000000000;
202501;3527;2020001365;COTAS;1809609.696470000000000;
202501;3527;2020001365;VL_PG_RC;-201503.670000000000000;
202501;3527;2020001756;COTAS;72012792.831340000000000;
202501;3531;1996003038;COTAS;78494480.138388000000000;05093013000176
202501;3558;1996003992;VL_PG_RC;-43610.250000000000000;
202501;3575;1996004247;CAIXA;815541.840000000000000;
202501;3575;1996004247;COTAS;88283106.311482000000000;21219083000184
202501;3592;2006005911;COTAS;3929010.367258000000000;
202501;3592;4018490038;COTAS;831276.349215000000000;
202501;3602;1979000638;COTAS;46345292.350560000000000;
202501;3602;1979000638;COTAS;10737015.120472000000000;
202501;3602;1979000638;TIT_PUB;2409552805.970000000000000;
202501;3602;2009000511;COTAS;112971049.731069000000000;
202501;3602;2011001692;COTAS;1141505.963438000000000;
202501;3602;2011001692;COTAS;6694718.083537000000000;
202501;3602;2011001692;VL_PG_RC;-31117.260000000000000;
202501;3602;2020002965;COTAS;3139810.111658000000000;
202501;3602;2020002965;COTAS;134851.177840000000000;21321600000121
202501;3602;9970000000;COTAS;549313.606068000000000;50927335000128
202501;3647;1997001829;COTAS;5188292.886706000000000;
202501;3647;1997001829;COTAS;269709.076226000000000;
202501;3647;1997001829;COTAS;313362.375204000000000;
202501;3678;1989000819;COTAS;241162606.470001000000000;21053457000134
202501;3678;1990001319;COTAS;292067157.460001000000000;21053494000142
202501;3678;2008001474;COTAS;108577712.720624000000000;03322908000100
202501;3678;2008001474;VL_PG_RC;-1496.220000000000000;
202501;3678;2010001818;VL_PG_RC;-16.290000000000000;
202501;3678;2020001918;CAIXA;1232.490000000000000;
202501;3811;1998004783;COTAS;1786358.102209000000000;
202501;3825;1988002265;VL_PG_RC;0.000000000000000;
202501;3825;1989001874;COTAS;27483482.088347000000000;
202501;3825;1993001638;COTAS;15681117.040409000000000;
202501;3825;1994000783;CAIXA;2000.000000000000000;
202501;3825;1997003783;COTAS;86599405.072415000000000;
202501;3825;1997003783;VL_PG_RC;-232.010000000000000;
202501;3825;1998001083;COTAS;602703.711277000000000;
202501;3825;1998001083;VL_PG_RC;0.000000000000000;
202501;3825;1998001156;CAIXA;2000.000000000000000;
202501;3825;2004000211;CAIXA;1000.000000000000000;
202501;3825;2005004774;COTAS;517356744.064683000000000;
202501;3825;2009002318;CAIXA;1000.000000000000000;
202501;3825;2012000592;VL_PG_RC;0.000000000000000;
202501;3825;2012002056;COTAS;81228452.363353000000000;
202501;3825;2015000119;COTAS;4953344.074535000000000;
202501;3825;2016000147;CAIXA;4000.000000000000000;
202501;3825;2016000147;VL_PG_RC;0.000000000000000;
202501;3825;2021001611;COTAS;3887442.271579000000000;
202501;3839;1998004929;ACOES;36550165.520000000000000;
202501;3839;1998004929;COTAS;4533077.319935000000000;
202501;3839;1998004929;COTAS;296711.611466000000000;
202501;3839;2009001583;COTAS;469280.571677000000000;
202501;3861;1993001719;COTAS;377308082.289989000000000;05112343000161
202501;3861;9970000000;VL_PG_RC;0.000000000000000;
202501;3887;1999004965;COTAS;498769.232000000000000;
202501;3887;1999004965;COTAS;1721898.921983000000000;
202501;3887;1999004965;COTAS;35217.309160000000000;
202501;3887;1999004965;COTAS;2474685.030299000000000;
202501;3887;1999004965;COTAS;5910877.538926000000000;
202501;3928;1999001265;COTAS;17156452.702010000000000;
202501;3928;9970000000;CAIXA;5200.000000000000000;
202501;3928;9970000000;COTAS;4902426.975469000000000;
202501;3928;9970000000;VL_PG_RC;-881.240000000000000;
202501;3945;1999002318;COTAS;4748354.494546000000000;
202501;3945;1999002318;COTAS;582846.740440000000000;
202501;3945;1999002318;COTAS;6199949.728943000000000;
202501;3945;1999002318;COTAS;9895272.867148000000000;
202501;3945;1999002318;COTAS;44778012.995491000000000;
202501;3945;1999002318;COTAS;493205.624491000000000;
202501;3945;1999002318;COTAS;1882875.343304000000000;
202501;3945;9970000000;COTAS;731348.165096000000000;
202501;4011;2000002218;VL_PG_RC;-801.160000000000000;
202501;4039;2000004229;COTAS;16189811.874070000000000;
202501;4042;2000004792;COTAS;330016.831171000000000;
202501;4042;2000004792;TIT_PUB;197082545.460000000000000;
202501;4042;9970000000;VL_PG_RC;0.000000000000000;
202501;4091;1974000338;CAIXA;13196.190000000000000;
202501;4091;1974000338;VL_PG_RC;224811.870000000000000;
202501;4091;2004002492;COTAS;26652170.200709000000000;
202501;4091;2004002492;COTAS;532084153.705229000000000;31569976000103
202501;4101;2002001847;COTAS;44731980.375614000000000;
202501;4131;1986000419;CAIXA;134595.070000000000000;
202501;4131;1987000374;TIT_PUB;55437616.250000000000000;
202501;4131;1993001018;COTAS;791202.783099000000000;
202501;4131;1998006719;TIT_PUB;30214992.200000000000000;
202501;4131;2008004211;TIT_PUB;43488092.070000000000000;
202501;4131;2008004392;VL_PG_RC;-1302.020000000000000;
202501;4131;2008004465;CAIXA;1252.340000000000000;
202501;4131;2008004538;CAIXA;2056.690000000000000;
202501;4131;2008004538;TIT_PUB;42834797.740000000000000;
202501;4131;2017000647;COTAS;146937609.082711000000000;
202501;4131;2017000647;COTAS;48242209.124001000000000;39337958000108
202501;4176;2004002883;COTAS;170138072.163809000000000;31934038000165
202501;4176;9970000000;CAIXA;28695.720000000000000;
202501;4181;2004000147;COTAS;152566421.639105000000000;05508550000130
202501;4203;2000002838;ACOES;456578.440000000000000;
202501;4203;2000002838;COTAS;1188589.154740000000000;
202501;4203;2000002838;COTAS;2364107259.474688000000000;05316787000119
202501;4203;2000002838;COTAS;31600907.033667000000000;40190375000186
202501;4203;2000002838;COTAS;500480407.013472000000000;46171916000105
202501;4203;2000002838;TIT_PRIV;171329242.730000000000000;
202501;4203;2000006574;COTAS;4441871.974305000000000;03102070000149
202501;4203;2000006574;COTAS;926389520.251841000000000;40189280000142
202501;4203;2000006574;OPERACAO_PARTICIPANTE;35024947.252646267700000;
202501;4203;2004000929;COTAS;10325731.182401000000000;40189280000142
202501;4203;2004000929;COTAS;1103667.860333000000000;40189629000146
202501;4203;2004000929;OPERACAO_PARTICIPANTE;82169.510007791500000;
202501;4217;1997000792;COTAS;22662.439537000000000;18683208000118
202501;4217;2006004638;OPERACAO_PARTICIPANTE;9102674.830000000000000;
202501;4217;2010004183;CAIXA;467.250000000000000;
202501;4217;2010004183;COTAS;1953078.142131000000000;18683208000118
202501;4217;2012001238;CAIXA;476.660000000000000;
202501;4217;2012001238;COTAS;1257746.419464000000000;18683208000118
202501;4217;2022000919;COTAS;5256203.106922000000000;11435287000107
202501;4217;2022002156;VL_PG_RC;-6471.760000000000000;
202501;4217;2022002474;CAIXA;519.900000000000000;
202501;4217;9970000000;VL_PG_RC;-1792.030000000000000;
202501;4221;2005000892;COTAS;2349720.240315000000000;
202501;4221;2006004247;COTAS;158735.798488000000000;
202501;4221;2006004247;COTAS;10202160.546860000000000;
202501;4221;2006004247;COTAS;1520368.576748000000000;
202501;4221;2006004247;OPERACAO_PARTICIPANTE;714799.733610000000000;
202501;4221;2011002419;COTAS;3418.732648000000000;
202501;4221;2011002419;COTAS;603914.800215000000000;
202501;4221;2011002419;COTAS;256978.945869000000000;
202501;4221;2011002419;VL_PG_RC;509426.230000000000000;
202501;4221;2012001874;COTAS;298812.569498000000000;
202501;4221;2012001874;COTAS;1767352.766868000000000;
202501;4221;2015001883;COTAS;81481.152939000000000;
202501;4221;2015001883;OPERACAO_PARTICIPANTE;63698.280000000000000;
202501;4248;2011001919;COTAS;156070694.702599000000000;26978182000163
202501;4248;2011001919;COTAS;45559014.686784000000000;32240211000198
202501;4248;2011001919;COTAS;310158865.937146000000000;36617679000100
202501;4248;2020001683;COTAS;1578978.585340000000000;26978182000163
202501;4248;2020001683;COTAS;3736304.766698000000000;36617679000100
202501;4279;2016001992;COTAS;166712317.876603000000000;51032832000120
202501;4279;2016001992;COTAS;1427810.731909000000000;53507965000131
202501;4279;2018000111;COTAS;455980.421696000000000;53507965000131
202501;4279;2018000111;COTAS;1266946.811230000000000;58107448000199
202501;4279;9970000000;CAIXA;1032241.790000000000000;
202501;4282;2004003065;CAIXA;2406889.220000000000000;
202501;4282;2004003065;COTAS;928960.286710000000000;
202501;4282;2004003065;COTAS;3802160.972921000000000;
202501;4282;2004003065;COTAS;1233258.676056000000000;
202501;4282;2004003065;COTAS;1664486.161909000000000;
202501;4282;9970000000;CAIXA;175183.540000000000000;
202501;4282;9970000000;VL_PG_RC;-2000.060000000000000;
202501;4311;9970000000;COTAS;8541921.534091000000000;
202501;4368;2005004211;COTAS;372601577.209999000000000;46373036000111
202501;4385;9970000000;VL_PG_RC;0.000000000000000;
202501;4409;2006000829;COTAS;4392423.289999000000000;
202501;4409;2006000829;COTAS;4294671.040000000000000;
202501;4409;2006000829;VL_PG_RC;-44307.700000000000000;
202501;4412;9970000000;VL_PG_RC;-96457.850000000000000;
202501;4426;2006003111;COTAS;146010.745500000000000;
202501;4426;2007002329;ACOES;20410426.500000000000000;
202501;4426;2007002329;COTAS;599829838.269196000000000;
202501;4426;2007002329;COTAS;828309.802000000000000;
202501;4426;9970000000;COTAS;5517269.015378000000000;
202501;4443;1998002292;COTAS;72035.592764000000000;
202501;4443;1998002292;COTAS;131203858.050241000000000;13520470000128
202501;4443;2006007165;OPERACAO_PARTICIPANTE;7526693.880319866800000;
202501;4461;9970000000;CAIXA;53724.170000000000000;
202501;4461;9970000000;COTAS;284782.858165000000000;
202501;4474;2006005774;COTAS;47080828.360000000000000;17913394000171
202501;4474;2006005774;COTAS;29132029.480000000000000;25316471000134
202501;4474;9970000000;VL_PG_RC;0.000000000000000;
202501;4529;2008002365;COTAS;5077496.414050000000000;
202501;4529;2008002365;COTAS;12734109.295063000000000;
202501;4529;2008002365;COTAS;143294.260247000000000;
202501;4529;2008002365;COTAS;3646452.173315000000000;
202501;4529;2008002365;VL_PG_RC;-0.860000000000000;
202501;4546;2009000919;COTAS;1762598.633103000000000;
202501;4546;2009000919;COTAS;4316157.036080000000000;
202501;4546;2009000919;COTAS;4763500.205578000000000;
202501;4546;2009000919;TIT_PUB;118993912.370000000000000;
202501;4577;2008003892;ACOES;12084361.330000000000000;
202501;4577;2008003892;CAIXA;2167028.430000000000000;
202501;4577;2008003892;COTAS;2022014.408934000000000;
202501;4577;9970000000;COTAS;224470.521579000000000;
202501;4581;1999000919;COTAS;192258536.462029000000000;41837660000109
202501;4581;1999000919;COTAS;116197078.011337000000000;41901871000163
202501;4581;1999000919;IMOVEIS;987775.000000000000000;
202501;4594;9970000000;COTAS;519902.312037000000000;
202501;4604;2010002083;COTAS;384532.593354000000000;
202501;4604;2010002083;COTAS;12969730.451146000000000;
202501;4604;2010002083;COTAS;9444499.275817000000000;
202501;4621;2010002318;CAIXA;100.000000000000000;
202501;4621;2010005392;OPERACAO_PARTICIPANTE;2152037.170000000000000;
202501;4621;2011001765;CAIXA;3153.580000000000000;
202501;4621;9970000000;VL_PG_RC;0.000000000000000;
202501;4652;2010004329;CAIXA;6000.910000000000000;
202501;4652;2024000029;CAIXA;20.000000000000000;
202501;4652;2024000029;VL_PG_RC;0.000000000000000;
202501;4652;9970000000;COTAS;1844073.420083000000000;
202501;4666;2011000629;COTAS;525949.518570000000000;
202501;4666;2011000629;COTAS;2403528.842455000000000;
202501;4666;2011000629;COTAS;12801855.574365000000000;
202501;4666;2011000629;COTAS;2511355.638948000000000;
202501;4666;2011000629;COTAS;7096813.633009000000000;
202501;4666;2011000629;COTAS;3443137.631287000000000;
202501;4666;2021002756;COTAS;1222941.539458000000000;
202501;4666;2021002756;COTAS;627802.787050000000000;
202501;4666;2021002756;COTAS;2490376.479669000000000;
202501;4666;2021002756;COTAS;1851172.369463000000000;
202501;4666;2021002756;COTAS;1474760.853659000000000;
202501;4666;2021002756;VL_PG_RC;-8501.580000000000000;
202501;4683;1990001165;CAIXA;31497552.540000000000000;
202501;4683;1990001165;COTAS;22488061.462892000000000;10377941000100
202501;4683;1990001165;VL_PG_RC;-1570038.760000000000000;
202501;4683;2008000818;CAIXA;2600.920000000000000;
202501;4683;2008000818;COTAS;28345566.995036000000000;41287925000142
202501;4683;2019000792;COTAS;52073.533044000000000;41287925000142
202501;4683;2022001338;CAIXA;2494.250000000000000;
202501;4683;9970000000;COTAS;9202621.492216000000000;
202501;4707;2013000138;CAIXA;771.930000000000000;
202501;4707;2013000138;COTAS;1254049.225820000000000;
202501;4707;2013000138;COTAS;1816112.247817000000000;
202501;4707;2013000138;COTAS;16260250.615742000000000;
202501;4707;2013000138;COTAS;12691853.366087000000000;
202501;4707;2013000138;COTAS;65462613.708332000000000;
202501;4707;2013000138;COTAS;30416163.775396000000000;
202501;4707;2013000138;COTAS;15818936.892848000000000;
202501;4707;2013000219;CAIXA;20777.170000000000000;
202501;4707;2013000219;COTAS;1467807.610123000000000;
202501;4707;2013000219;COTAS;26029880.489150000000000;
202501;4707;2013000219;COTAS;24406830.178096000000000;
202501;4707;2013000219;COTAS;20354130.406689000000000;
202501;4707;2013000219;COTAS;9230352.085384000000000;
202501;4707;2013000219;COTAS;13945759.335053000000000;
202501;4707;2013000219;COTAS;88467530.768836000000000;
202501;4707;2013000219;COTAS;57585312.746932000000000;
202501;4707;2013000219;COTAS;8996235.414242000000000;
202501;4707;2013000219;VL_PG_RC;-1674488.770000000000000;
202501;4707;2013002092;COTAS;235106.190763000000000;
202501;4707;2013002092;COTAS;30936079.864407000000000;
202501;4707;2013002092;COTAS;91363827.982025000000000;
202501;4707;2013002092;COTAS;61630921.305086000000000;
202501;4707;2018001329;COTAS;3674769.957601000000000;
202501;4707;2018001329;COTAS;330618.918264000000000;
202501;4707;2018001329;COTAS;3543076.023946000000000;
202501;4707;2018001329;COTAS;331606.885598000000000;
202501;4707;2018001329;COTAS;2856780.777018000000000;
202501;4707;2018001892;COTAS;163527.445387000000000;
202501;4707;2018001892;COTAS;2876128.530259000000000;
202501;4707;2018001892;COTAS;4258194.909076000000000;
202501;4707;2018001892;COTAS;93630.093253000000000;
202501;4707;2018001892;COTAS;3339026.122228000000000;
202501;4707;2018001892;COTAS;1245105.868183000000000;
202501;4707;2018001892;COTAS;1033016.072929000000000;
202501;4707;2019003856;COTAS;1136348.338494000000000;
202501;4707;2019003856;COTAS;1571825.418756000000000;
202501;4707;2019003856;COTAS;756684.167876000000000;
202501;4707;2019003856;COTAS;700975.705873000000000;
202501;4707;2019003856;VL_PG_RC;-37206.920000000000000;
202501;4707;2020000474;COTAS;378907.114941000000000;
202501;4707;2020000474;COTAS;4711.826398000000000;
202501;4707;2020000474;VL_PG_RC;-13792.300000000000000;
202501;4707;2020002647;COTAS;439781.320320000000000;
202501;4707;2020002647;COTAS;323659.721025000000000;
202501;4707;2020002647;COTAS;30391.126221000000000;
202501;4707;2020002647;COTAS;604363.366075000000000;
202501;4707;2020002647;VL_PG_RC;-23414.860000000000000;
202501;4707;2022001265;COTAS;6129939.005182000000000;
202501;4707;2022001265;COTAS;3998268.496283000000000;
202501;4707;2022001265;COTAS;687937.010853000000000;
202501;4711;2008001938;COTAS;2068172428.348225000000000;26324274000120
202501;4711;2014000638;VL_PG_RC;194.370000000000000;
202501;4711;2018000519;CAIXA;114852.930000000000000;
202501;4711;2018000519;COTAS;2473829.276148000000000;46975866000119
202501;4711;2019003538;VL_PG_RC;196.300000000000000;
202501;4724;2013000383;COTAS;210642318.901231000000000;08070830000105
202501;4724;2013000618;CAIXA;174.430000000000000;
202501;4724;2013000618;COTAS;18000945.095669000000000;37467600000174
202501;4724;2013000618;COTAS;21051194.823671000000000;38098941000182
202501;4738;2013001347;TIT_PUB;34994785.510000000000000;
202501;4741;2013001738;COTAS;105062205.794176000000000;
202501;4741;2013001738;COTAS;467595257.252602000000000;
202501;4741;2013001738;COTAS;39069340.323953000000000;
202501;4741;2013001738;COTAS;148036593.006677000000000;37467427000104
202501;4741;2013001738;VL_PG_RC;-4643.060000000000000;
202501;4755;2014000311;COTAS;16768812.060926000000000;
202501;4755;2014000311;COTAS;975958.671726000000000;
202501;4755;2015001247;COTAS;531339.937960000000000;
202501;4755;2015001247;COTAS;235218.661534000000000;
202501;4755;2015001247;COTAS;60007.345912000000000;
202501;4755;2015001247;COTAS;39254.895992000000000;
202501;4755;2020002574;CAIXA;665.690000000000000;
202501;4755;2020002574;COTAS;26476.714889000000000;
202501;4755;9970000000;COTAS;1080502.173197000000000;
202501;4769;2015000429;COTAS;4123552.189243000000000;
202501;4769;2015000429;COTAS;2346658.962835000000000;
202501;4769;2021001083;COTAS;8160.434676000000000;
202501;4786;2016000856;COTAS;5113879.000040000000000;
202501;4786;2016000856;COTAS;1498296.000001000000000;
202501;4786;2016000856;COTAS;2554877.000001000000000;
202501;4786;2016000856;COTAS;2059251.999999000000000;
202501;4786;2019000611;COTAS;99903.254663000000000;
202501;4786;2024000347;COTAS;1167773.000000000000000;
202501;4786;2024000347;VL_PG_RC;-72.070000000000000;
202501;4786;9970000000;CAIXA;29374.080000000000000;
202501;4786;9970000000;COTAS;363091.368290000000000;
202501;4791;2016001283;COTAS;1891705.800000000000000;
202501;4791;2016001283;COTAS;229389.480000000000000;
202501;4791;2016001283;COTAS;8032388.650486000000000;
202501;4791;9970000000;COTAS;613524.629998000000000;
202501;4801;2016001518;COTAS;7302408.196253000000000;
202501;4801;2016001518;COTAS;3526816.320000000000000;
202501;4813;2017000965;COTAS;5356557.680063000000000;
202501;4813;9970000000;CAIXA;100.000000000000000;
202501;4827;2018002465;COTAS;944233.036688000000000;
202501;4827;2018002465;COTAS;3909240.169578000000000;
202501;4827;2019003465;VL_PG_RC;-6049.030000000000000;
202501;4827;2022002611;CAIXA;218.170000000000000;
202501;4827;2022002611;COTAS;625153.992625000000000;
202501;4827;9970000000;COTAS;705533.688429000000000;
202501;4831;1981000283;COTAS;288799.982800000000000;
202501;4831;1988002729;VL_PG_RC;4044407.980000000000000;
202501;4831;1993000429;TIT_PUB;103806629.300000000000000;
202501;4831;1998003647;COTAS;72746643.430561000000000;20468746000131
202501;4831;2006006811;CAIXA;2706989.370000000000000;
202501;4831;2006006811;COTAS;12937464.786026000000000;
202501;4831;2019001829;COTAS;364106.309917000000000;
202501;4831;2019001829;COTAS;1514209.905937000000000;
202501;4831;2019001829;COTAS;15984520.413153000000000;
202501;4831;2019001829;COTAS;55288573.305780000000000;42774842000140
202501;4831;2020000611;COTAS;2980221.708345000000000;
202501;4831;2020000611;VL_PG_RC;654547.880000000000000;
202501;4844;2019000547;COTAS;2225871.854903000000000;
202501;4844;2019000547;COTAS;1143322.087608000000000;
202501;4844;2019000547;COTAS;3367624.607421000000000;
202501;4844;9970000000;COTAS;1151079.274635000000000;
202501;4858;2018002211;COTAS;52805.552338000000000;
202501;4861;9970000000;COTAS;1979394.809996000000000;
202501;4892;9970000000;COTAS;8674534.170408000000000;
202501;4947;1996003747;CAIXA;2129.120000000000000;
202501;4947;1996003747;COTAS;30895159.409518000000000;
202501;4947;1996003747;VL_PG_RC;-772431.300000000000000;
