202512;14;2023001692;COTAS;7007692.759553000000000;
202512;14;2008001083;COTAS;25122444.345808000000000;
202512;14;2023001692;COTAS;102676983.290457000000000;04875086000157
202512;14;9970000000;COTAS;1012735.408811000000000;
202512;31;1988003156;COTAS;139121462.949866000000000;
202512;31;1988003156;COTAS;80166569.644474000000000;
202512;14;2023001692;IMOVEIS;71110213.190000000000000;
202512;14;2008001083;COTAS;2082121.968370000000000;
202512;14;1980000883;COTAS;6339347.463309000000000;
202512;59;1982000783;TIT_PRIV;931567.810000000000000;
202512;14;9970000000;COTAS;3669919.930295000000000;00836258000122
202512;14;1980000883;COTAS;3372696.429726000000000;
202512;59;1982001811;COTAS;23132.352561000000000;05362674000150
202512;31;1988003156;COTAS;5970007.882744000000000;
202512;59;2000008119;COTAS;64369885.481612000000000;
202512;14;1980000883;COTAS;3654292.553368000000000;
202512;59;2000008119;COTAS;95941052.946053000000000;
202512;14;2023001692;COTAS;12301514.839786000000000;
202512;59;2000008119;OPCOES;7772238.460000000000000;
202512;14;2023001692;COTAS;82310.269599000000000;
202512;14;1980000883;COTAS;4629191.692864000000000;
202512;14;2008001083;COTAS;4162124.715012000000000;
202512;14;1980000883;COTAS;1886073.443014000000000;05290139000130
202512;14;2008001083;VL_PG_RC;-180424.680000000000000;
202512;31;1988003156;COTAS;4211711.874287000000000;
202512;14;1980000883;COTAS;27568.863003000000000;
202512;14;1980000883;COTAS;14978919.126726000000000;
202512;14;1980000883;COTAS;3600526.183585000000000;
202512;14;9970000000;CAIXA;243802.270000000000000;
202512;14;1980000883;COTAS;4779710.914720000000000;
202512;14;1980000883;COTAS;9598434.605952000000000;
202512;14;1980000883;COTAS;4338696.993245000000000;
202512;14;1980000883;COTAS;5926916.491639000000000;
202512;14;2023001692;COTAS;112467547.968827000000000;00836258000122
202512;14;1980000883;COTAS;3171763.862348000000000;
202512;14;1980000883;IMOVEIS;16973786.810000000000000;
202512;31;1988003156;COTAS;11818258.886124000000000;
202512;14;2023001692;COTAS;13185958.487872000000000;
202512;31;1988003156;COTAS;7551883.232853000000000;
202512;14;1980000883;COTAS;3199534.468424000000000;
202512;14;1980000883;COTAS;18442072.767788000000000;37037999000153
202512;14;1980000883;COTAS;2862689.899861000000000;
202512;14;2023001692;COTAS;4912007.193337000000000;
202512;59;1982000783;TIT_PUB;92443056.940000000000000;
202512;14;1980000883;COTAS;4683278.186826000000000;
202512;14;1980000883;COTAS;4051275.845317000000000;
202512;14;2023001692;COTAS;67178182.790433000000000;
202512;14;1980000883;COTAS;5748583.378601000000000;
202512;45;1999002474;VL_PG_RC;36469.980000000000000;
202512;14;9970000000;COTAS;981208.902627000000000;
202512;14;2023001692;COTAS;4721971.789999000000000;
202512;14;9970000000;COTAS;862901.421723000000000;
202512;14;2023001692;COTAS;85905192.055636000000000;03100345000105
202512;59;1982001811;TIT_PUB;15098171.190000000000000;
202512;14;2023001692;COTAS;1194391.683976000000000;
202512;14;1980000883;COTAS;1207595.332412000000000;
202512;14;1980000883;CAIXA;118164.950000000000000;
202512;14;1980000883;COTAS;6167036.106402000000000;
202512;31;1988003156;COTAS;158995398.376321000000000;
202512;14;1980000883;COTAS;4267762.907573000000000;
202512;14;1980000883;COTAS;2553230.844135000000000;
202512;14;9970000000;COTAS;1040914.955469000000000;
202512;31;1988003156;VL_PG_RC;-80503.030000000000000;
202512;31;1988003156;CAIXA;4382316.910000000000000;
202512;81;1998001229;COTAS;131676298.651640000000000;19531929000175
202512;14;2008001083;COTAS;2269533.225055000000000;
202512;14;9970000000;COTAS;1362330.849798000000000;
202512;93;1987000129;CAIXA;5393.080000000000000;
202512;14;2008001083;COTAS;1080338.588743000000000;
202512;14;1980000883;VL_PG_RC;41277.890000000000000;
202512;31;9970000000;CAIXA;283623.760000000000000;
202512;14;2023001692;COTAS;23777536.932869000000000;
202512;59;1982001811;COTAS;1091278.156505000000000;
202512;14;2008001083;COTAS;1235628.164246000000000;
202512;14;1980000883;COTAS;3303681.708493000000000;
202512;14;2023001692;COTAS;3414149.155013000000000;
202512;14;1980000883;COTAS;12772634.207840000000000;00836258000122
202512;14;2008001083;COTAS;1319647.869561000000000;
202512;93;2000002692;COTAS;7830811.078162000000000;39503903000120
202512;59;2000008119;CAIXA;18404.130000000000000;
202512;59;1982000783;COTAS;17029.155457000000000;
202512;14;2008001083;COTAS;781857.678399000000000;
202512;14;1980000883;COTAS;7257149.763543000000000;
202512;59;2000008119;COTAS;87786.473329000000000;
202512;93;2015001565;COTAS;2403950.029668000000000;39503903000120
202512;59;1982001811;COTAS;-358.396995000000000;
202512;31;1988003156;COTAS;829610.189270000000000;
202512;59;1982000783;COTAS;-2389.313302000000000;
202512;93;2021002365;COTAS;11183131.392236000000000;23029058000163
202512;59;2012000819;COTAS;2986787.115221000000000;
202512;14;2008001083;COTAS;3870250.792343000000000;37037999000153
202512;59;1982001811;COTAS;1077.393506000000000;
202512;14;2023001692;COTAS;105389920.669278000000000;37037999000153
202512;59;2012000819;COTAS;2400350.412434000000000;
202512;14;2008001083;COTAS;2109265.869477000000000;
202512;14;2023001692;CAIXA;80374.310000000000000;
202512;59;2000008119;COTAS;-150769.710105000000000;
202512;14;1980000883;COTAS;22446147.598203000000000;04875086000157
202512;31;1988003156;COTAS;5447878.507165000000000;
202512;14;2023001692;COTAS;9791014.888895000000000;
202512;117;1979004765;VL_PG_RC;1416896.940000000000000;
202512;81;1998001229;COTAS;18217099.553905000000000;
202512;59;2012000819;VL_PG_RC;-21606.300000000000000;
202512;31;1988003156;COTAS;60135316.787470000000000;
202512;59;2012000819;COTAS;2998157.904564000000000;
202512;14;2023001692;COTAS;8280759.084652000000000;
202512;14;1980000883;OPERACAO_PARTICIPANTE;4259851.960000000000000;
202512;14;2023001692;VL_PG_RC;-119769.640000000000000;
202512;14;2023001692;COTAS;20820992.935718000000000;
202512;81;1998001229;OPERACAO_PARTICIPANTE;28990181.730923434700000;
202512;14;2008001083;COTAS;21923939.654926000000000;
202512;14;2008001083;COTAS;90621.824674000000000;
202512;81;1998001229;COTAS;6564702.692938000000000;
202512;81;2017000256;COTAS;681991.428836000000000;
202512;14;2008001083;COTAS;1402157.364325000000000;
202512;14;9970000000;COTAS;146577.950224000000000;03100345000105
202512;14;2023001692;COTAS;14446873.759822000000000;05290139000130
202512;81;1998001229;COTAS;12429308.154852000000000;
202512;117;2009001338;COTAS;15003181.163591000000000;
202512;14;9970000000;COTAS;1895679.997215000000000;05290139000130
202512;81;1998001229;COTAS;12900280.436721000000000;
202512;81;2017000256;COTAS;387037.568804000000000;
202512;31;1988003156;COTAS;5939278.047348000000000;
202512;81;1998001229;CAIXA;18443.710000000000000;
202512;31;1988003156;COTAS;46567452.988055000000000;
202512;81;9970000000;COTAS;25093719.558878000000000;49051587000157
202512;14;2023001692;COTAS;4498864.359681000000000;
202512;31;1988003156;TIT_PUB;110577700.210000000000000;
202512;117;2013002165;COTAS;3704497.803731000000000;
202512;14;9970000000;COTAS;667324.165535000000000;
202512;93;1979002592;COTAS;2980952.492055000000000;12124223000140
202512;59;1982000783;COTAS;-54709.958823000000000;
202512;31;1988003156;COTAS;63180598.611396000000000;
202512;14;9970000000;COTAS;1070793.857673000000000;
202512;81;1998001229;TIT_PUB;1621567494.080000000000000;
202512;14;2008001083;COTAS;848478.160564000000000;
202512;81;1998001229;COTAS;9313489.192749000000000;
202512;31;9970000000;VL_PG_RC;0.000000000000000;
202512;59;1982001811;COTAS;-8141.309776000000000;
202512;93;1987000129;COTAS;9125973.796381000000000;27347280000165
202512;45;9970000000;COTAS;3775181.979078000000000;
202512;45;1999002474;COTAS;57206719.376342000000000;03567283000146
202512;14;2008001083;COTAS;10992018.577180000000000;
202512;117;2013002238;TIT_PRIV;238213177.530000000000000;
202512;14;2023001692;COTAS;3249961.478520000000000;
202512;93;1987000129;COTAS;10485297.823260000000000;39379846000110
202512;31;1988003156;COTAS;1069246.100331000000000;
202512;93;1987000129;COTAS;10064685.981368000000000;39488674000112
202512;117;2018002147;COTAS;8287669.933275000000000;
202512;45;1999002474;IMOVEIS;2894500.000000000000000;
202512;14;2008001083;COTAS;2353088.450319000000000;
202512;14;9970000000;COTAS;983010.750246000000000;
202512;59;2000008119;ACOES;119938848.850000000000000;
202512;14;2008001083;COTAS;2278986.679563000000000;
202512;31;1988003156;COTAS;18161829.246734000000000;
202512;93;1994000619;COTAS;19201148.711291000000000;
202512;59;2000008119;COTAS;611556.720000000000000;
202512;14;9970000000;COTAS;817341.900034000000000;
202512;45;9970000000;VL_PG_RC;0.000000000000000;
202512;14;2008001083;COTAS;1859145.759541000000000;
202512;59;2000008119;COTAS;2055862.076324000000000;
202512;59;2000008119;COTAS;42401025.105489000000000;
202512;31;1988003156;COTAS;11801507.228393000000000;
202512;14;2023001692;COTAS;12503640.995193000000000;
202512;14;2023001692;COTAS;3140823.493444000000000;
202512;93;1979002592;COTAS;302384.593350000000000;39488674000112
202512;93;1994000619;CAIXA;107271.730000000000000;
202512;14;9970000000;COTAS;965327.675140000000000;
202512;93;1987000129;COTAS;525550482.744996000000000;04682496000181
202512;31;1988003156;COTAS;7498617.698438000000000;
202512;31;1988003156;COTAS;3794153.270370000000000;
202512;59;2000008119;COTAS;6225095.607166000000000;
202512;59;1982000783;COTAS;167209.598901000000000;05362674000150
202512;59;2012000819;COTAS;65494662.747161000000000;
202512;59;1982001811;TIT_PRIV;465783.910000000000000;
202512;93;2000002692;OPERACAO_PARTICIPANTE;4966654.110000000000000;
202512;59;2000008119;COTAS;50095361.668816000000000;
202512;59;1982000783;CAIXA;549.090000000000000;
202512;31;1988003156;COTAS;53379041.776914000000000;
202512;117;2018002147;COTAS;12190392.566046000000000;
202512;93;1979002592;COTAS;304687.099372000000000;39503903000120
202512;81;1998001229;COTAS;18404774.411273000000000;
202512;59;2000008119;COTAS;187084.105960000000000;
202512;93;1987000129;OPERACAO_PARTICIPANTE;2242371.180000000000000;
202512;59;2000008119;COTAS;22517792.817834000000000;
202512;117;2023000238;TIT_PRIV;802090.680000000000000;
202512;93;1994000619;IMOVEIS;30667167.260000000000000;
202512;59;2000008119;COTAS;3277132.293322000000000;
202512;59;1982000783;OPERACAO_PARTICIPANTE;387711.840000000000000;
202512;81;1998001229;COTAS;11731629.110000000000000;
202512;59;1982000783;COTAS;7990.681471000000000;
202512;59;1982000783;COTAS;1011966.617075000000000;
202512;93;1996002929;CAIXA;105075.130000000000000;
202512;93;1996002856;OPERACAO_PARTICIPANTE;274203.790000000000000;
202512;59;2000008119;COTAS;1942307.892805000000000;
202512;59;2000008119;IMOVEIS;112094900.000000000000000;
202512;81;2017000256;COTAS;647848.274626000000000;
202512;59;2000008119;TIT_PUB;2914225162.420000000000000;
202512;93;1996002856;COTAS;21813569.744675000000000;12124223000140
202512;59;1982000783;COTAS;15811389.233786000000000;
202512;121;1998003711;OPERACAO_PARTICIPANTE;4584100.319998837800000;
202512;59;2000008119;COTAS;1100974.266134000000000;
202512;14;2023001692;COTAS;7525646.418210000000000;
202512;134;1986000818;COTAS;17828388.659028000000000;
202512;93;2006007556;CAIXA;39358.260000000000000;
202512;31;1988003156;COTAS;4590966.515747000000000;
202512;31;1988003156;COTAS;3763140.368613000000000;
202512;59;1982001811;OPERACAO_PARTICIPANTE;52326.100000000000000;
202512;59;1982001811;VL_PG_RC;-17513.860000000000000;
202512;59;9970000000;COTAS;6062.979317000000000;
202512;59;2000008119;COTAS;37288948.000000000000000;
202512;31;1988003156;COTAS;28003350.872816000000000;42888224000121
202512;45;1999002474;CAIXA;11074.200000000000000;
202512;81;1998001229;COTAS;6499095.475496000000000;
202512;45;1999002474;COTAS;152171590.770008000000000;04644580000100
202512;165;1979001911;CAIXA;55667.650000000000000;
202512;14;9970000000;COTAS;5412638.630300000000000;37037999000153
202512;81;2017000256;TIT_PUB;32083829.450000000000000;
202512;93;1987000129;COTAS;41091919.040484000000000;12124223000140
202512;182;1967000174;COTAS;15869024.182269000000000;
202512;59;2000008119;VL_PG_RC;1249661.670000000000000;
202512;93;1996002929;COTAS;257904063.817509000000000;12124223000140
202512;93;1996002929;IMOVEIS;2890851.280000000000000;
202512;14;9970000000;VL_PG_RC;0.860000000000000;
202512;59;2000008119;COTAS;9819576.460464000000000;
202512;93;2000002374;COTAS;99522895.754266000000000;17490583000189
202512;93;2015001638;VL_PG_RC;-63410.650000000000000;
202512;59;2012000819;COTAS;7515688.398500000000000;
202512;59;2000008119;COTAS;44580984.598901000000000;
202512;59;1982001811;CAIXA;866.180000000000000;
202512;81;1998001229;COTAS;10380552.941030000000000;
202512;93;1994000619;COTAS;3525458.900000000000000;
202512;93;2000002374;VL_PG_RC;-134007.250000000000000;
202512;59;9970000000;COTAS;2844.964173000000000;
202512;59;2012000819;CAIXA;647.150000000000000;
202512;182;1967000174;SWAP;1131950.540000000000000;
202512;59;1982001811;COTAS;505.551197000000000;
202512;81;1998001229;COTAS;1609677.005267000000000;
202512;59;9970000000;CAIXA;2574.800000000000000;
202512;31;1988003156;COTAS;9825248.804187000000000;
202512;196;1999004183;COTAS;8782379.425822000000000;
202512;59;9970000000;COTAS;1890518.101666000000000;
202512;81;1998001229;COTAS;6351882.797242000000000;
202512;93;1994000619;COTAS;4205443.690000000000000;
202512;59;1982000783;COTAS;185493.924534000000000;
202512;93;1996002929;COTAS;33677080.953514000000000;39488674000112
202512;93;2005003956;COTAS;3247408.768559000000000;12124223000140
202512;93;1996002929;COTAS;35084474.977538000000000;39379846000110
202512;81;2017000256;COTAS;673163.427740000000000;
202512;81;1998001229;COTAS;9156005.714018000000000;
202512;93;2015001565;OPERACAO_PARTICIPANTE;4003.600000000000000;
202512;59;2012000819;COTAS;2838848.752611000000000;
202512;59;1982000783;COTAS;232845.823262000000000;
202512;206;1988000874;COTAS;96976096.910180000000000;
202512;93;2005003956;COTAS;403043.776375000000000;27347280000165
202512;59;2000008119;COTAS;98292107.010271000000000;
202512;93;2005003956;COTAS;522054.081274000000000;39503903000120
202512;93;2015001638;COTAS;1966520.722779000000000;39503903000120
202512;81;1998001229;COTAS;13164547.986528000000000;
202512;31;1988003156;COTAS;11760025.457778000000000;
202512;81;9970000000;VL_PG_RC;-6045.760000000000000;
202512;59;2000008119;COTAS;44022785.297624000000000;
202512;81;1998001229;ACOES;105597304.500000000000000;
202512;117;1979004765;COTAS;35494.590940000000000;
202512;81;1998001229;COTAS;16930902.198838000000000;
202512;81;2017000256;VL_PG_RC;-13481.150000000000000;
202512;93;2015001719;COTAS;10102897.828531000000000;12124223000140
202512;81;1998001229;COTAS;186755960.962612000000000;49051587000157
202512;93;1979002592;CAIXA;101.160000000000000;
202512;59;1982000783;VL_PG_RC;-72316.060000000000000;
202512;81;1998001229;VL_PG_RC;1364238.630000000000000;
202512;93;2006007556;OPERACAO_PARTICIPANTE;68167085.910000000000000;
202512;93;1987000129;VL_PG_RC;-28200.900000000000000;
202512;117;1979004765;COTAS;17440506.741120000000000;
202512;93;1979002592;VL_PG_RC;-76035.860000000000000;
202512;93;1996002929;OPERACAO_PARTICIPANTE;18694696.960000000000000;
202512;117;2009001338;COTAS;2738208.772094000000000;
202512;93;1994000619;COTAS;34249621.896509000000000;39488674000112
202512;93;1996002856;IMOVEIS;163816.470000000000000;
202512;93;1996002856;COTAS;92997951.106013000000000;19549886000155
202512;59;1982001811;COTAS;26335.117446000000000;
202512;93;2000002692;COTAS;8096417.305000000000000;39379846000110
202512;206;1988000874;VL_PG_RC;-666273.040000000000000;
202512;59;1982001811;COTAS;1229719.032554000000000;
202512;93;1994000619;COTAS;402989044.876711000000000;12124223000140
202512;93;2015001565;COTAS;2385783.514113000000000;39488674000112
202512;93;2000002374;OPERACAO_PARTICIPANTE;9366367.440000000000000;
202512;93;2000002692;CAIXA;81377.240000000000000;
202512;93;2005003956;VL_PG_RC;-75548.070000000000000;
202512;31;1988003156;COTAS;2431732.436201000000000;
202512;59;9970000000;COTAS;79156908.788082000000000;
202512;93;2006007556;COTAS;11364714287.745143000000000;08399811000119
202512;93;1994000619;COTAS;34510415.185003000000000;39503903000120
202512;93;2015001719;COTAS;1489055.394024000000000;39503903000120
202512;93;2015001565;COTAS;150314.983376000000000;12124223000140
202512;59;9970000000;VL_PG_RC;49298.160000000000000;
202512;206;2010005538;COTAS;123049513.024976000000000;
202512;117;1979004765;COTAS;7684228.288349000000000;
202512;93;2015001719;VL_PG_RC;-93470.100000000000000;
202512;93;2015001565;COTAS;89795950.300817000000000;23029058000163
202512;206;2010005538;COTAS;38103400.615191000000000;
202512;117;2013002165;IMOVEIS;47266203.500000000000000;
202512;59;9970000000;COTAS;17544891.772826000000000;
202512;93;1994000619;COTAS;6834335719.398369000000000;10786628000118
202512;93;2015001638;COTAS;1951659.836288000000000;39488674000112
202512;31;9970000000;COTAS;1649784.181740000000000;
202512;117;1979004765;OPERACAO_PARTICIPANTE;3047745.689966572300000;
202512;93;1996002856;COTAS;1044108.131226000000000;39503903000120
202512;206;4002060047;COTAS;8165359.973376000000000;
202512;81;1998001229;COTAS;109879.134708000000000;
202512;93;1994000619;OPERACAO_PARTICIPANTE;148336322.190000000000000;
202512;93;2015001565;VL_PG_RC;-82995.460000000000000;
202512;45;1999002474;COTAS;81666319.170922000000000;
202512;93;9970000000;CAIXA;7825.880000000000000;
202512;117;2009001338;CAIXA;49616.630000000000000;
202512;93;1996002856;CAIXA;101.450000000000000;
202512;117;1979004765;CAIXA;10052.120000000000000;
202512;59;2000008119;COTAS;3152229.688984000000000;
202512;117;2009001338;COTAS;14934771.081401000000000;
202512;117;1979004765;COTAS;9949399.771559000000000;
202512;81;1998001229;IMOVEIS;47598257.780000000000000;
202512;93;2021002365;COTAS;52250936.523602000000000;19550171000112
202512;117;1979004765;COTAS;11629576.078646000000000;
202512;93;2015001638;CAIXA;104.070000000000000;
202512;117;2013002238;ACOES;116717706.270000000000000;
202512;211;1996005219;COTAS;6030420.734226000000000;
202512;93;2015001565;CAIXA;101.390000000000000;
202512;59;2000008119;OPERACAO_PARTICIPANTE;63815862.480000000000000;
202512;211;1997002329;COTAS;706933.573007000000000;
202512;59;2000008119;COTAS;96942389.108763000000000;
202512;93;2021002365;COTAS;5214911.051730000000000;39379846000110
202512;93;1996002856;COTAS;1036217.880514000000000;39488674000112
202512;117;2013002238;COTAS;2703233.965553000000000;
202512;93;2000002374;COTAS;2854135150.642242000000000;05971921000115
202512;117;2013002165;ACOES;45221908.290000000000000;
202512;117;2009001338;COTAS;3281381.175506000000000;
202512;93;2021002365;VL_PG_RC;-26730.260000000000000;
202512;117;2013002165;COTAS;1511246.987313000000000;
202512;59;2000008119;TIT_PRIV;91184302.050000000000000;
202512;81;1998001229;COTAS;23453559.720000000000000;
202512;81;1998001229;COTAS;6603106.964583000000000;
202512;117;2009001338;COTAS;6455445.074063000000000;
202512;93;2015001719;COTAS;36641779.569821000000000;23029058000163
202512;117;1979004765;COTAS;11464902.515564000000000;
202512;211;1997002329;TIT_PUB;4119367.710000000000000;
202512;81;1998001229;COTAS;10487948.477632000000000;
202512;93;9970000000;COTAS;92841800.473532000000000;27347280000165
202512;117;2013002238;COTAS;29625983.385663000000000;
202512;93;2005003956;TIT_PUB;12435827.650000000000000;
202512;93;2015001719;COTAS;1477802.686091000000000;39488674000112
202512;81;2017000256;COTAS;684928.432819000000000;
202512;93;2015001565;COTAS;2485487.435216000000000;39379846000110
202512;81;1998001229;COTAS;17436795.150350000000000;
202512;93;2021002365;COTAS;5043833.774770000000000;39503903000120
202512;117;1979004765;ACOES;51239623.920000000000000;
202512;117;2013002165;COTAS;6829586.057996000000000;
202512;81;2017000256;OPERACAO_PARTICIPANTE;1772993.649932208500000;
202512;117;2013002238;COTAS;15366568.630488000000000;
202512;93;9970000000;COTAS;10362178.758514000000000;39488674000112
202512;81;2017000256;COTAS;12810905.203101000000000;19531929000175
202512;117;2013002165;CAIXA;11614.010000000000000;
202512;81;9970000000;CAIXA;3146.520000000000000;
202512;93;1996002929;COTAS;1105154718.377461000000000;19549859000182
202512;117;1979004765;COTAS;3128260.410473000000000;
202512;93;1979002592;COTAS;315021.502498000000000;39379846000110
202512;93;2021002365;OPERACAO_PARTICIPANTE;6184338.610000000000000;
202512;117;2013002165;COTAS;24486.386338000000000;
202512;93;2000002692;COTAS;7771634.049457000000000;39488674000112
202512;93;9970000000;COTAS;38951265.098928000000000;12124223000140
202512;117;2013002165;COTAS;20647649.291662000000000;
202512;93;2005003956;COTAS;518108.932486000000000;39488674000112
202512;117;1979004765;COTAS;5476417.544185000000000;
202512;93;1979002592;OPERACAO_PARTICIPANTE;138148.830000000000000;
202512;81;1998001229;COTAS;9798124.448419000000000;
202512;117;2013002238;COTAS;38114889.986437000000000;
202512;117;1979004765;COTAS;3052591.620653000000000;
202512;117;2018002147;COTAS;15.387637000000000;
202512;117;2013002238;COTAS;23984089.780559000000000;
202512;117;1979004765;COTAS;6209668.261791000000000;
202512;81;2017000256;COTAS;50789614.382240000000000;49051587000157
202512;93;1996002856;COTAS;1079522.312731000000000;39379846000110
202512;81;1998001229;COTAS;6530706.959976000000000;
202512;117;2009001338;COTAS;1526295.810325000000000;
202512;93;2015001638;COTAS;32961680.321368000000000;23029058000163
202512;117;2009001338;TIT_PUB;231588987.570000000000000;
202512;117;2009001338;VL_PG_RC;535038.550000000000000;
202512;211;2021000192;COTAS;1784282.103077000000000;
202512;117;1979004765;COTAS;2277062.572822000000000;
202512;93;1979002592;IMOVEIS;383332.250000000000000;
202512;117;2013002238;COTAS;11385312.864112000000000;
202512;117;2021001474;CAIXA;195702.520000000000000;
202512;93;1987000129;COTAS;10141323.363109000000000;39503903000120
202512;117;2013002238;COTAS;9157774.861959000000000;
202512;117;1979004765;COTAS;5122189.543494000000000;
202512;117;2021001474;COTAS;5829136.571355000000000;
202512;117;2018002147;CAIXA;10659.580000000000000;
202512;117;1979004765;COTAS;11704258.087987000000000;
202512;134;1986000818;COTAS;6345283.200000000000000;
202512;93;1996002929;VL_PG_RC;-54140.620000000000000;
202512;117;2009001338;COTAS;181164401.359741000000000;03211632000192
202512;93;1996002929;COTAS;5080670.370000000000000;
202512;117;2013002165;COTAS;4170987.866239000000000;
202512;81;1998001229;COTAS;6748884.406185000000000;
202512;117;2009001338;COTAS;1646443.468324000000000;
202512;117;2013002238;OPERACAO_PARTICIPANTE;21174144.800370951100000;
202512;117;2013002165;VL_PG_RC;1152625.560000000000000;
202512;117;2023000238;VL_PG_RC;-103.680000000000000;
202512;117;2018002147;COTAS;20239.314405000000000;
202512;117;2018002147;COTAS;5776602.016846000000000;
202512;134;1986000818;COTAS;27738041.710111000000000;
202512;211;2021000192;VL_PG_RC;-1098.900000000000000;
202512;117;2018002147;COTAS;4107313.158139000000000;
202512;117;2009001338;TIT_PRIV;45081725.800000000000000;
202512;93;1994000619;VL_PG_RC;-708208.240000000000000;
202512;81;2017000256;CAIXA;12704.900000000000000;
202512;121;1986000265;IMOVEIS;33250000.000000000000000;
202512;117;2018002147;TIT_PUB;411485712.420000000000000;
202512;117;2018002147;COTAS;2469665.202487000000000;
202512;117;1979004765;COTAS;12374133.147720000000000;
202512;93;2000002692;COTAS;24262174.771386000000000;27347280000165
202512;117;2023000238;COTAS;12376973.843139000000000;
202512;117;9970000000;COTAS;113251.765668000000000;
202512;117;1979004765;IMOVEIS;70841428.000000000000000;
202512;117;2013002165;COTAS;5973908.432560000000000;
202512;117;9970000000;TIT_PUB;15544461.900000000000000;
202512;93;1996002856;VL_PG_RC;-137602.200000000000000;
202512;134;1986000818;COTAS;11778925.659999000000000;
202512;93;2000002374;CAIXA;2165.150000000000000;
202512;117;2009001338;COTAS;466879.748822000000000;
202512;134;1986000818;COTAS;2971836.946108000000000;
202512;117;1979004765;COTAS;6562762.351037000000000;
202512;117;2009001338;OPERACAO_PARTICIPANTE;23244886.000028256100000;
202512;117;2013002165;COTAS;9844143.526543000000000;
202512;121;1986000265;VL_PG_RC;98443.700000000000000;
202512;117;2013002165;COTAS;8214626.316279000000000;
202512;93;1994000619;COTAS;35680942.922278000000000;39379846000110
202512;93;2005003956;OPERACAO_PARTICIPANTE;907887.110000000000000;
202512;117;2013002238;COTAS;24610358.816344000000000;
202512;93;1996002929;COTAS;33933514.609387000000000;39503903000120
202512;134;1986000818;COTAS;16703045.490001000000000;
202512;117;2013002238;COTAS;16601.146662000000000;
202512;117;2013002165;COTAS;9605285.360015000000000;
202512;93;2015001719;COTAS;1539561.325648000000000;39379846000110
202512;117;2013002238;COTAS;562210351.181060000000000;03211632000192
202512;93;2005003956;CAIXA;2621.560000000000000;
202512;121;1998003711;CAIXA;1396.950000000000000;
202512;93;2015001638;COTAS;7854354.993794000000000;12124223000140
202512;211;9970000000;CAIXA;332108.150000000000000;
202512;93;2021002365;COTAS;6608247.415387000000000;12124223000140
202512;93;2015001719;CAIXA;104.610000000000000;
202512;117;2013002165;COTAS;154414551.198835000000000;03211632000192
202512;93;2021002365;CAIXA;1607.400000000000000;
202512;134;1986000818;COTAS;170921.750000000000000;
202512;117;2013002165;COTAS;4578887.430978000000000;
202512;93;2000002692;COTAS;56243557.414573000000000;12124223000140
202512;117;2013002165;TIT_PUB;700018669.070000000000000;
202512;151;1996004174;COTAS;60580685.248973000000000;
202512;93;2006007556;VL_PG_RC;-2441221.290000000000000;
202512;117;1979004765;TIT_PUB;617501900.230000000000000;
202512;134;9970000000;CAIXA;53806.930000000000000;
202512;117;2013002238;COTAS;51292312.366624000000000;
202512;117;2013002238;IMOVEIS;32999258.500000000000000;
202512;117;2013002165;TIT_PRIV;191848910.430000000000000;
202512;134;1986000818;COTAS;79002408.050017000000000;60742493000167
202512;93;2021002365;COTAS;253110.550000000000000;
202512;165;1979001911;IMOVEIS;12690000.000000000000000;
202512;223;2002004838;COTAS;10773521.850000000000000;
202512;93;9970000000;VL_PG_RC;-5048.980000000000000;
202512;182;1967000174;ACOES;29762940.460000000000000;
202512;151;1996004174;TIT_PRIV;13941981.270000000000000;
202512;223;2011000874;COTAS;40283070.155645000000000;41745775000173
202512;117;2009001338;COTAS;4554125.145645000000000;
202512;223;2019003929;COTAS;301056.480000000000000;
202512;117;2009001338;COTAS;3941798.698886000000000;
202512;93;2021002365;COTAS;454250740.333974000000000;27347280000165
202512;182;1967000174;COTAS;7621005.555000000000000;
202512;117;2009001338;COTAS;8231211.362940000000000;
202512;151;1996004174;CAIXA;923352.600000000000000;
202512;182;1967000174;COTAS;14264817.297645000000000;
202512;117;2009001338;COTAS;10298774.856875000000000;
202512;117;2013002238;COTAS;12.591627000000000;
202512;182;1967000174;TIT_PRIV;11499156.340000000000000;
202512;117;2013002165;COTAS;18.598276000000000;
202512;117;2018002147;COTAS;2277062.572822000000000;
202512;117;2013002238;VL_PG_RC;2197510.360000000000000;
202512;117;2013002165;COTAS;18023321.199472000000000;
202512;134;1986000818;COTAS;652289966.670001000000000;18059047000196
202512;117;2009001338;COTAS;5525113.287726000000000;
202512;117;2018002147;TIT_PRIV;120081071.950000000000000;
202512;182;2010001419;VL_PG_RC;-20896.700000000000000;
202512;237;1979000492;COTAS;27751148.943883000000000;
202512;134;1986000818;COTAS;8708090.630000000000000;
202512;93;9970000000;COTAS;8804072.724595000000000;
202512;117;2013002238;COTAS;65392290.578732000000000;
202512;93;9970000000;COTAS;10441081.406226000000000;39503903000120
202512;117;2018002147;COTAS;3052591.620653000000000;
202512;134;1986000818;COTAS;3245838.989999000000000;
202512;117;1979004765;COTAS;2675470.636027000000000;
202512;182;9970000000;COTAS;108160062.719621000000000;04320223000197
202512;237;1979000492;COTAS;156488617.893375000000000;
202512;117;1979004765;TIT_PRIV;101812329.340000000000000;
202512;196;1999004183;CAIXA;92147.640000000000000;
202512;117;2009001338;ACOES;31755007.890000000000000;
202512;182;1967000174;COTAS;569206.504719000000000;
202512;121;9970000000;COTAS;3355316.420010000000000;
202512;121;9970000000;VL_PG_RC;0.000000000000000;
202512;134;1986000818;COTAS;117243749.509888000000000;20934274000165
202512;196;9970000000;VL_PG_RC;0.000000000000000;
202512;117;2009001338;COTAS;2085532.954706000000000;
202512;134;1986000818;COTAS;90916827.890000000000000;31533242000174
202512;134;1986000818;COTAS;17875801.369544000000000;
202512;237;1981000119;COTAS;798745.694376000000000;41956824000117
202512;117;2013002165;COTAS;17126776.706665000000000;
202512;117;2018002147;COTAS;12399072.442096000000000;
202512;134;1986000818;COTAS;16256117.510000000000000;
202512;237;1982000147;CAIXA;19865.400000000000000;
202512;117;2018002147;COTAS;840232.912414000000000;
202512;117;2018002147;VL_PG_RC;869706.280000000000000;
202512;117;2013002238;TIT_PUB;1336159207.390000000000000;
202512;182;1967000174;COTAS;3725277798.119701000000000;04320223000197
202512;117;2018002147;COTAS;3414793.028998000000000;
202512;165;1979001911;COTAS;130944341.566922000000000;04899182000135
202512;206;1988000874;COTAS;3568809.133561000000000;
202512;117;2021001474;COTAS;4987277.593188000000000;03211632000192
202512;117;2013002165;OPERACAO_PARTICIPANTE;6758314.960034621800000;
202512;134;1986000818;COTAS;64352160.810000000000000;46171893000139
202512;117;2013002238;COTAS;48208308.894729000000000;
202512;117;2013002238;COTAS;20536565.790697000000000;
202512;206;2010005538;COTAS;37954443.813919000000000;
202512;117;2023000238;COTAS;15553600.376956000000000;03211632000192
202512;117;2009001338;COTAS;11748911.132365000000000;
202512;117;2018002147;ACOES;33703935.570000000000000;
202512;182;2023000629;COTAS;1918503.483707000000000;
202512;117;2018002147;COTAS;4922071.763259000000000;
202512;206;2010005538;COTAS;22059460.349721000000000;
202512;117;9970000000;CAIXA;454706.500000000000000;
202512;237;1982000147;COTAS;582519.768622000000000;08944896000179
202512;206;4002060047;COTAS;9137729.399141000000000;
202512;134;1986000818;COTAS;11763833.530042000000000;
202512;117;2018002147;COTAS;9683167.611093000000000;
202512;237;1982000856;COTAS;200547.433146000000000;08944896000179
202512;211;1996005138;COTAS;116517.176424000000000;
202512;237;2005002356;COTAS;3284521.151843000000000;
202512;117;2013002165;COTAS;5644451.314353000000000;
202512;237;2005002356;COTAS;2087979.279662000000000;
202512;117;9970000000;TIT_PRIV;26376308.230000000000000;
202512;117;2013002165;COTAS;2277062.572822000000000;
202512;182;9970000000;CAIXA;42673.330000000000000;
202512;93;2021002365;COTAS;5005717.827795000000000;39488674000112
202512;121;1986000265;COTAS;603031276.039993000000000;02561152000199
202512;117;2009001338;COTAS;1707396.514496000000000;
202512;151;1996004174;COTAS;282114120.335592000000000;
202512;117;2018002147;COTAS;99209912.780876000000000;03211632000192
202512;206;9970000000;CAIXA;141008.960000000000000;
202512;117;2013002238;COTAS;10084466.243487000000000;
202512;134;1986000818;COTAS;5212666.810000000000000;
202512;165;1979001911;COTAS;553066.923759000000000;
202512;134;1986000818;OPERACAO_PARTICIPANTE;555648.330003200900000;
202512;134;1986000818;COTAS;2012096.250000000000000;
202512;182;2010001419;COTAS;32329611.964449000000000;
202512;117;2018002147;COTAS;3128260.410473000000000;
202512;134;1986000818;COTAS;102682466.771296000000000;19831152000164
202512;182;2010001419;COTAS;1425378.780839000000000;
202512;134;9970000000;COTAS;3465893.079990000000000;
202512;151;1980000956;CAIXA;105889.500000000000000;
202512;117;2021001474;TIT_PRIV;401045.340000000000000;
202512;151;1996004174;COTAS;28139095.760529000000000;
202512;211;1997002329;ACOES;474495.370000000000000;
202512;117;2023000238;CAIXA;4216.210000000000000;
202512;211;1997002329;COTAS;9619495.431922000000000;
202512;117;9970000000;COTAS;110140984.255859000000000;
202512;165;9970000000;CAIXA;10919.970000000000000;
202512;117;2013002165;COTAS;13812783.221002000000000;
202512;117;2013002238;COTAS;46469429.587907000000000;
202512;182;9970000000;VL_PG_RC;-35967.240000000000000;
202512;117;2021001474;VL_PG_RC;-3701.440000000000000;
202512;196;1999004183;COTAS;4273391.536309000000000;
202512;117;2013002238;COTAS;6256442.777906000000000;
202512;117;2018002147;COTAS;17227625.248005000000000;
202512;237;2005002356;COTAS;432313.554912000000000;
202512;117;2013002165;COTAS;19394946.445089000000000;
202512;182;2010001419;COTAS;2068037.536250000000000;
202512;196;1999004183;COTAS;288567283.017440000000000;18079446000119
202512;117;2018002147;COTAS;17267930.840033000000000;
202512;117;2025000219;COTAS;33699.643651000000000;03211632000192
202512;237;2007000865;COTAS;262063.940716000000000;08944896000179
202512;182;2010001419;COTAS;8725253.648865000000000;
202512;196;1999004183;OPERACAO_PARTICIPANTE;6322792.310000000000000;
202512;237;2007002574;COTAS;1485536.013072000000000;
202512;196;9970000000;COTAS;4166281.726197000000000;
202512;117;2018002147;IMOVEIS;38168710.000000000000000;
202512;117;2018002147;OPERACAO_PARTICIPANTE;5016851.680181851900000;
202512;151;1996004174;COTAS;32135752.332133000000000;
202512;182;2010001419;COTAS;11736192.209374000000000;53544038000191
202512;121;1986000265;OPERACAO_PARTICIPANTE;5178296.259743923900000;
202512;151;1996004174;VL_PG_RC;-114233.330000000000000;
202512;134;1986000818;CAIXA;92959.180000000000000;
202512;211;9970000000;COTAS;1442653.873118000000000;
202512;211;1996005138;COTAS;267092699.331758000000000;
202512;206;2010005538;COTAS;21894952.268200000000000;
202512;211;1997002329;COTAS;41385.709029000000000;
202512;237;2007002574;COTAS;801538.998643000000000;
202512;165;1979001911;OPERACAO_PARTICIPANTE;2856726.320000000000000;
202512;117;2025000219;VL_PG_RC;0.000000000000000;
202512;182;2010001419;COTAS;27607161.646012000000000;
202512;117;9970000000;VL_PG_RC;-3329.230000000000000;
202512;206;1988000874;COTAS;3562462.071647000000000;
202512;134;1986000818;COTAS;11347665.999999000000000;
202512;134;1986000818;COTAS;345944886.519999000000000;44544136000138
202512;182;2010001419;COTAS;12381961.183806000000000;
202512;134;1986000818;COTAS;41272091.430001000000000;
202512;211;1997002329;COTAS;774454.855682000000000;
202512;151;1980000956;VL_PG_RC;-49917.320000000000000;
202512;165;1979001911;TIT_PUB;208687294.430000000000000;
202512;182;2010001419;COTAS;6036288.821617000000000;
202512;121;9970000000;CAIXA;482.540000000000000;
202512;206;2010005538;COTAS;122361904.332136000000000;
202512;151;9970000000;CAIXA;2972.910000000000000;
202512;134;1986000818;COTAS;132640014.360000000000000;
202512;182;9970000000;IMOVEIS;2394765.000000000000000;
202512;182;2010001419;CAIXA;56578.280000000000000;
202512;182;2023000629;CAIXA;86580.430000000000000;
202512;237;2007002574;TIT_PUB;280075355.990000000000000;
202512;151;1996004174;COTAS;15808039.628162000000000;
202512;211;1997002329;VL_PG_RC;17269.530000000000000;
202512;237;2007003392;COTAS;593914.655289000000000;
202512;182;2010001419;COTAS;3241339.721396000000000;
202512;121;1998003711;COTAS;353569794.189955000000000;04738236000180
202512;196;9970000000;CAIXA;11313.680000000000000;
202512;134;1986000818;COTAS;21795232.508027000000000;
202512;134;1986000818;COTAS;11761326.519994000000000;
202512;211;1996005138;COTAS;19044553.120694000000000;
202512;134;1986000818;VL_PG_RC;-26896.960000000000000;
202512;151;1996004174;COTAS;122733241.699013000000000;
202512;223;1980000492;COTAS;39718801.080000000000000;
202512;151;1996004174;COTAS;39949241.203346000000000;
202512;223;2011000874;ALUGUEL;8634400.000000000000000;
202512;223;1980000492;IMOVEIS;103022937.520000000000000;
202512;151;1996004174;COTAS;263813971.983762000000000;
202512;206;4002060047;COTAS;9142203.641624000000000;
202512;182;1967000174;VL_PG_RC;2359341.560000000000000;
202512;182;2010001419;COTAS;14264817.323929000000000;
202512;223;2019003929;VL_PG_RC;16.280000000000000;
202512;182;2010001419;COTAS;15869024.192344000000000;
202512;223;2019003929;COTAS;2953118.423608000000000;
202512;182;2023000629;COTAS;9338753.529991000000000;
202512;237;1981000119;COTAS;4316716.439216000000000;
202512;211;1996005138;COTAS;12718715.477233000000000;
202512;206;1988000874;COTAS;56374331.646815000000000;
202512;237;1979000492;COTAS;638337064.995618000000000;04733518000195
202512;206;1988000874;COTAS;35904150.644970000000000;
202512;211;1996005138;COTAS;1333393.987564000000000;
202512;206;4002060047;COTAS;2005997.807595000000000;
202512;206;4002060047;COTAS;2751022.195450000000000;
202512;211;9970000000;COTAS;2644577.210621000000000;
202512;237;1981000119;COTAS;1368647.009267000000000;
202512;206;2010005538;COTAS;112627272.419694000000000;
202512;211;1996005219;COTAS;23835028.690132000000000;
202512;237;1981000119;COTAS;2106506.316707000000000;47227862000115
202512;134;9970000000;COTAS;4703307.239994000000000;
202512;151;9970000000;VL_PG_RC;398290.510000000000000;
202512;182;2010001419;COTAS;10327774.683785000000000;
202512;134;9970000000;VL_PG_RC;-3739.160000000000000;
202512;134;1986000818;COTAS;9287619.429653000000000;
202512;206;1988000874;CAIXA;409553.410000000000000;
202512;211;1996005219;TIT_PRIV;11960435.700000000000000;
202512;211;1996005138;OPERACAO_PARTICIPANTE;139092243.063197620400000;
202512;151;1996004174;COTAS;89380362.569813000000000;
202512;211;9970000000;COTAS;2003.682103000000000;
202512;182;2010001419;COTAS;2263235.548323000000000;
202512;237;1982000147;COTAS;1345.680000000000000;
202512;182;2010001419;COTAS;2769849437.637984000000000;52356027000115
202512;237;1982000856;COTAS;1057076.071642000000000;
202512;165;9970000000;VL_PG_RC;0.000000000000000;
202512;211;1996005219;COTAS;3513899.050676000000000;
202512;237;2007003392;TIT_PUB;60328047.940000000000000;
202512;223;1980000492;COTAS;39254152.000000000000000;
202512;237;1982000856;COTAS;130050.904607000000000;
202512;206;2010005538;COTAS;112946127.908808000000000;
202512;211;1996005219;COTAS;5686921.667802000000000;
202512;237;2009001192;COTAS;933646.754808000000000;47228177000103
202512;223;2002004838;VL_PG_RC;160.010000000000000;
202512;237;2013000911;OPERACAO_PARTICIPANTE;2767054.740000000000000;
202512;237;1979000492;TIT_PUB;4474545487.980000000000000;
202512;211;9970000000;TIT_PUB;4994724.820000000000000;
202512;223;2011000874;ACOES;0.000000000000000;
202512;182;1967000174;COTAS;15692241.967461000000000;
202512;237;1982000856;COTAS;300712.072352000000000;47227862000115
202512;182;1967000174;COTAS;10377267.690369000000000;
202512;151;1996004174;COTAS;121226215.623546000000000;
202512;211;9970000000;COTAS;56358395.284921000000000;
202512;237;1982000856;VL_PG_RC;267118.740000000000000;
202512;223;1980000492;COTAS;350406.141033000000000;
202512;237;2018000365;COTAS;125048.289191000000000;
202512;151;1996004174;COTAS;15407543.781933000000000;
202512;237;2005002283;COTAS;69597.678464000000000;
202512;182;2010001419;COTAS;10505815.968778000000000;
202512;211;1996005138;COTAS;20404653.233685000000000;
202512;206;4002060047;COTAS;2050188.619102000000000;
202512;223;2019003929;TIT_PUB;34577084.920000000000000;
202512;134;1986000818;COTAS;243860100.109979000000000;
202512;237;1979000492;COTAS;80224186.154843000000000;41956824000117
202512;223;2002004838;COTAS;19481895.469695000000000;41745775000173
202512;134;1986000818;COTAS;17590541.873791000000000;
202512;237;1981000119;COTAS;4539603.757941000000000;
202512;196;9970000000;COTAS;1090514.423145000000000;
202512;237;1982000147;COTAS;16346644.221063000000000;04733518000195
202512;182;9970000000;COTAS;1414123.889517000000000;
202512;223;9970000000;COTAS;47206270.701991000000000;41745775000173
202512;223;1980000492;COTAS;384396029.036439000000000;
202512;165;9970000000;COTAS;388.494464000000000;
202512;223;2002004838;CAIXA;10725.660000000000000;
202512;237;1981000119;COTAS;798615.453927000000000;42120328000191
202512;182;2010001419;COTAS;25403351.850000000000000;
202512;237;2018000365;COTAS;63615.006718000000000;
202512;223;2011000874;COTAS;12172600.020000000000000;
202512;206;1988000874;TIT_PUB;867812650.200000000000000;
202512;237;2018000365;COTAS;3343135.566342000000000;04733518000195
202512;211;9970000000;VL_PG_RC;-2952.850000000000000;
202512;237;2018000365;VL_PG_RC;-1053.510000000000000;
202512;223;2011000874;VL_PG_RC;79643.670000000000000;
202512;237;1982000147;COTAS;1851117.589272000000000;47228177000103
202512;211;1996005219;COTAS;18510.049994000000000;
202512;211;1996005219;OPERACAO_PARTICIPANTE;6986301.079771038900000;
202512;223;9970000000;VL_PG_RC;0.000000000000000;
202512;237;9970000000;COTAS;9977028.362495000000000;
202512;196;1999004183;TIT_PRIV;423609.130000000000000;
202512;237;2005002356;COTAS;357816.455855000000000;
202512;134;1986000818;COTAS;9890802.289999000000000;
202512;237;1979000492;CAIXA;31091.130000000000000;
202512;237;9970000000;COTAS;1684918.048080000000000;
202512;211;1997002329;COTAS;379.137820000000000;
202512;237;1979000492;IMOVEIS;237291129.050000000000000;
202512;211;1996005138;TIT_PRIV;56716039.110000000000000;
202512;237;1979000492;COTAS;87367903.308125000000000;47228177000103
202512;182;2023000629;VL_PG_RC;-28771.530000000000000;
202512;237;2007000792;COTAS;41067436.701768000000000;47228177000103
202512;165;9970000000;COTAS;3508509.179018000000000;
202512;223;1980000492;COTAS;7799617.440000000000000;
202512;206;1988000874;COTAS;8178245.064737000000000;
202512;237;1981000119;COTAS;14147800.062629000000000;
202512;182;2010001419;COTAS;10377361.965285000000000;
202512;237;9970000000;VL_PG_RC;-967.110000000000000;
202512;237;1982000147;COTAS;98967.215869000000000;
202512;223;2011000874;IMOVEIS;2728834.000000000000000;
202512;237;1982000147;COTAS;325318.029445000000000;41956824000117
202512;206;2010005538;CAIXA;305972.510000000000000;
202512;223;1980000492;ACOES;0.000000000000000;
202512;237;1982000856;COTAS;44204.536958000000000;
202512;206;4002060047;COTAS;36528390.687089000000000;
202512;151;1980000956;TIT_PUB;1328454154.050000000000000;
202512;237;1982000147;COTAS;157405.703792000000000;
202512;223;1980000492;ALUGUEL;2459894.540000000000000;
202512;237;1982000147;OPERACAO_PARTICIPANTE;2949195.210000000000000;
202512;151;1996004174;COTAS;24029269.983032000000000;
202512;223;1980000492;OPERACAO_PARTICIPANTE;10752094.053603614000000;
202512;237;1982000856;COTAS;111.510000000000000;
202512;237;1981000119;IMOVEIS;6476715.270000000000000;
202512;206;4002060047;COTAS;36821005.090469000000000;
202512;237;1982000856;COTAS;32201.172314000000000;
202512;223;2019003929;COTAS;2881247.204066000000000;41745775000173
202512;237;2005002283;COTAS;70263548.740247000000000;04733518000195
202512;237;1981000119;COTAS;1545434.961703000000000;
202512;151;1996004174;COTAS;306673400.291708000000000;
202512;223;2011000874;TIT_PUB;612915569.240000000000000;
202512;237;2007000865;COTAS;676529.802698000000000;
202512;241;9970000000;COTAS;9105478.551274000000000;
202512;206;1988000874;COTAS;62792239.606335000000000;
202512;254;1987000447;VL_PG_RC;250981.440000000000000;
202512;206;1988000874;COTAS;96861201.714329000000000;
202512;206;4002060047;VL_PG_RC;-85286.090000000000000;
202512;237;1982000147;COTAS;198303.076156000000000;
202512;223;9970000000;COTAS;55812795.310000000000000;
202512;182;1967000174;CAIXA;375680.100000000000000;
202512;237;1982000856;COTAS;55827.214345000000000;42120328000191
202512;237;1982000856;TIT_PUB;12284740.170000000000000;
202512;237;2005002356;COTAS;13919943.325946000000000;
202512;211;1996005219;VL_PG_RC;1232177.430000000000000;
202512;223;1980000492;VL_PG_RC;2955474.980000000000000;
202512;206;1988000874;COTAS;38076308.197797000000000;
202512;182;1967000174;COTAS;14895340.689243000000000;
202512;206;2010005538;COTAS;109707927.711341000000000;
202512;223;2011000874;COTAS;4161404.000000000000000;
202512;211;1996005138;CAIXA;505013.770000000000000;
202512;237;2005002283;COTAS;6079932.704893000000000;41956824000117
202512;211;1997002329;COTAS;742581.846932000000000;
202512;237;2005002356;COTAS;7328923.565679000000000;47228177000103
202512;237;2007000865;COTAS;410847.652133000000000;
202512;237;2007000865;COTAS;283566.191361000000000;47227862000115
202512;237;2007000865;VL_PG_RC;8640.500000000000000;
202512;237;2007001047;COTAS;35607.059426000000000;
202512;14;1980000883;COTAS;2452025.699936000000000;
202512;14;1980000883;COTAS;8945111.623419000000000;
202512;14;1980000883;COTAS;9116851.026120000000000;03100345000105
202512;14;2008001083;COTAS;1267294.643299000000000;
202512;14;2023001692;COTAS;6903751.421989000000000;
202512;14;2023001692;COTAS;3533507.775163000000000;
202512;14;9970000000;COTAS;2950393.229927000000000;
202512;14;9970000000;COTAS;143045.521223000000000;04875086000157
202512;31;1988003156;COTAS;21784746.112135000000000;
202512;31;1988003156;COTAS;26174934.344011000000000;
202512;45;9970000000;CAIXA;14587.270000000000000;
202512;59;2000008119;COTAS;-2572135.558120000000000;
202512;59;2000008119;COTAS;8521329.600000000000000;
202512;237;2007000792;COTAS;67251463.669739000000000;
202512;59;2000008119;COTAS;58860931.680802000000000;
202512;59;2000008119;COTAS;233164800.450945000000000;
202512;59;2000008119;COTAS;65221820.611312000000000;
202512;237;1982000147;COTAS;757712.944117000000000;
202512;59;2000008119;COTAS;13131568.719129000000000;05362674000150
202512;59;2012000819;COTAS;2190261.372269000000000;
202512;59;9970000000;IMOVEIS;6557000.000000000000000;
202512;237;2007000865;COTAS;292829.827085000000000;42120328000191
202512;237;1982000856;COTAS;1192549.835506000000000;
202512;81;1998001229;COTAS;62492.279056000000000;
202512;81;1998001229;COTAS;13253993.605986000000000;
202512;211;1996005138;COTAS;28995111.130400000000000;
202512;223;1980000492;TIT_PUB;3269251308.730000000000000;
202512;223;2011000874;COTAS;2378279.880000000000000;
202512;237;2007001047;TIT_PUB;23238368.090000000000000;
202512;237;1982000856;IMOVEIS;1448914.640000000000000;
202512;81;2017000256;COTAS;339019.435911000000000;
202512;211;1996005138;TIT_PUB;2712871094.480000000000000;
202512;237;1979000492;COTAS;153812511.660361000000000;
202512;237;2005002283;COTAS;7398403.516515000000000;47228177000103
202512;211;1996005138;COTAS;21491095.948100000000000;
202512;223;2019003929;COTAS;2533674.354685000000000;
202512;223;2011000874;COTAS;13800847.159688000000000;39240107000142
202512;268;1979003874;COTAS;5526551.968748000000000;
202512;237;2007002647;COTAS;2100007.991716000000000;
202512;237;2007001047;OPERACAO_PARTICIPANTE;2405811.754334000000000;
202512;237;2007002647;COTAS;1350883.507535000000000;
202512;223;2019003929;ALUGUEL;249664.680000000000000;
202512;211;1996005219;COTAS;5777635.544223000000000;
202512;237;2007002647;COTAS;10059575.428581000000000;
202512;211;1996005219;COTAS;3703631.357263000000000;
202512;237;2007002574;COTAS;7794496.601432000000000;
202512;237;2005002283;COTAS;9104046.514608000000000;
202512;237;2005002283;OPERACAO_PARTICIPANTE;771856.670000000000000;
202512;237;2005002356;COTAS;10220685.567559000000000;
202512;211;1997002329;CAIXA;61055.440000000000000;
202512;237;2007002574;COTAS;2758271.881976000000000;47227862000115
202512;237;2005002356;TIT_PUB;382811047.050000000000000;
202512;211;1996005219;TIT_PUB;391860143.640000000000000;
202512;237;2005002356;COTAS;4138463.616266000000000;08944896000179
202512;223;9970000000;COTAS;36165970.265982000000000;39240107000142
202512;237;2007000865;COTAS;22.680000000000000;
202512;237;2007000792;COTAS;83630093.631398000000000;
202512;223;9970000000;COTAS;1150905.530000000000000;
202512;182;1967000174;COTAS;4131109.862469000000000;
202512;237;2005002283;COTAS;434726.943537000000000;08944896000179
202512;223;9970000000;IMOVEIS;4715586.340000000000000;
202512;237;2007000865;COTAS;62291.499566000000000;
202512;237;2005002283;TIT_PUB;412796010.530000000000000;
202512;237;2007001047;COTAS;13984.300420000000000;
202512;237;1979000492;COTAS;142889182.581078000000000;
202512;206;1988000874;COTAS;8146751.553828000000000;
202512;268;1979003874;COTAS;130231905.190000000000000;
202512;237;2007000792;COTAS;5771148.892322000000000;
202512;182;1967000174;IMOVEIS;167641786.530000000000000;
202512;223;9970000000;TIT_PUB;472013595.500000000000000;
202512;237;2007002647;COTAS;4639255.543087000000000;47227862000115
202512;237;2005002356;COTAS;61262756.612273000000000;04733518000195
202512;237;2007002647;COTAS;7169917.768706000000000;42120328000191
202512;237;1979000492;COTAS;169524390.138523000000000;
202512;271;1983000256;COTAS;0.272353000000000;
202512;211;1997002329;COTAS;18838.525803000000000;
202512;271;2008002111;COTAS;1196950.910096000000000;
202512;206;2010005538;VL_PG_RC;-734218.580000000000000;
202512;237;1979000492;COTAS;92336540.889664000000000;42120328000191
202512;211;1997002329;COTAS;258536.423467000000000;
202512;271;2008002111;VL_PG_RC;-668.830000000000000;
202512;237;1981000119;COTAS;19564483.601216000000000;04733518000195
202512;237;2007000792;COTAS;39023516.296374000000000;42120328000191
202512;237;1981000119;COTAS;2509648.140865000000000;47228177000103
202512;182;1967000174;COTAS;2108922.479680000000000;
202512;237;2007002647;VL_PG_RC;126103.590000000000000;
202512;211;2021000192;CAIXA;13654.530000000000000;
202512;285;1998005283;COTAS;336259222.602541000000000;
202512;237;2007001047;COTAS;629234.819297000000000;47228177000103
202512;237;1979000492;OPERACAO_PARTICIPANTE;98365796.148392000000000;
202512;237;1981000119;TIT_PUB;124409674.670000000000000;
202512;237;1979000492;COTAS;129550495.491981000000000;
202512;237;1982000147;COTAS;189151.642543000000000;
202512;285;2006000756;COTAS;5004278.944427000000000;
202512;211;1997002329;COTAS;609496.182090000000000;
202512;237;2007002574;COTAS;15969073.902037000000000;
202512;237;2007000792;COTAS;23905569.423107000000000;47227862000115
202512;237;1982000856;COTAS;2048948.329107000000000;04733518000195
202512;211;9970000000;COTAS;28516061.651017000000000;
202512;182;2023000629;COTAS;238442.064486000000000;
202512;223;1980000492;COTAS;203908763.806889000000000;41745775000173
202512;237;2007000792;VL_PG_RC;493773.370000000000000;
202512;237;2007003392;COTAS;1275050.679223000000000;42120328000191
202512;237;1979000492;COTAS;78173737.376513000000000;47227862000115
202512;237;2007000792;COTAS;827.820000000000000;
202512;223;2011000874;COTAS;21132634.910788000000000;
202512;237;2007002647;COTAS;6838306.767471000000000;
202512;237;2005002356;COTAS;591.570000000000000;
202512;237;2007000792;OPERACAO_PARTICIPANTE;33850635.562429000000000;
202512;211;1996005138;ACOES;157391990.590000000000000;
202512;182;2023000629;TIT_PRIV;31537298.720000000000000;
202512;237;2007000865;COTAS;39165.148070000000000;
202512;237;1981000119;COTAS;136619.440127000000000;
202512;206;1988000874;COTAS;62862927.611333000000000;
202512;237;1979000492;VL_PG_RC;43609801.600000000000000;
202512;206;2010005538;COTAS;109778432.229120000000000;
202512;285;2017001465;COTAS;191868392.614526000000000;
202512;237;2007003147;CAIXA;20907.580000000000000;
202512;223;2002004838;COTAS;9262395.697063000000000;
202512;211;1996005138;COTAS;34918528.750120000000000;
202512;285;2017001465;OP_COMP;15871107.750000000000000;
202512;237;1982000856;COTAS;314421.102355000000000;47228177000103
202512;237;1981000119;OPERACAO_PARTICIPANTE;2561027.690000000000000;
202512;285;2024000274;COTAS;502613.175969000000000;
202512;237;2007003147;COTAS;259196.764799000000000;
202512;237;2007000792;COTAS;9178915.928193000000000;
202512;237;2007000865;COTAS;813223.521894000000000;
202512;237;2007003147;COTAS;711821.402791000000000;47227862000115
202512;206;4002060047;CAIXA;78109.770000000000000;
202512;237;2007001047;COTAS;371392.011793000000000;
202512;206;4002060047;COTAS;2786587.307907000000000;
202512;237;2007003147;COTAS;3957205.917849000000000;
202512;223;2019003929;COTAS;2079219.448117000000000;39240107000142
202512;182;2023000629;COTAS;296422.407443000000000;
202512;223;2019003929;CAIXA;40206.400000000000000;
202512;211;9970000000;COTAS;2031653.940299000000000;
202512;237;1979000492;COTAS;58375528.368756000000000;08944896000179
202512;206;4002060047;COTAS;8178824.276194000000000;
202512;237;1982000147;COTAS;6365153.572227000000000;
202512;237;2013000911;COTAS;36838.441299000000000;
202512;285;2024000274;COTAS;89251.251342000000000;
202512;237;1982000856;COTAS;457730.969819000000000;
202512;223;1980000492;COTAS;388866516.063599000000000;
202512;237;1982000856;COTAS;124617.664042000000000;
202512;237;2007002647;COTAS;2136740.790407000000000;08944896000179
202512;237;2007000865;COTAS;336284.002168000000000;
202512;237;2005002283;COTAS;11593753.952067000000000;
202512;237;2007002574;COTAS;3498235.944137000000000;47228177000103
202512;211;1996005138;IMOVEIS;70192840.000000000000000;
202512;223;2011000874;CAIXA;8900.960000000000000;
202512;223;9970000000;COTAS;26773802.767701000000000;
202512;206;9970000000;VL_PG_RC;0.000000000000000;
202512;237;2007002647;COTAS;910418.358737000000000;
202512;237;1982000147;TIT_PUB;72206786.140000000000000;
202512;211;1996005219;CAIXA;1115493.440000000000000;
202512;237;2007003147;COTAS;1702496.544379000000000;
202512;237;2013000911;COTAS;441643.518592000000000;
202512;237;2007003147;COTAS;424270.078177000000000;
202512;211;1996005219;COTAS;2020509.474575000000000;
202512;237;2007003147;COTAS;383.670000000000000;
202512;237;2007003147;COTAS;1136951.622553000000000;41956824000117
202512;237;2007003147;COTAS;2367596.496155000000000;
202512;237;2007003392;COTAS;1073135.045567000000000;41956824000117
202512;237;2014000883;COTAS;12991220.232029000000000;04733518000195
202512;211;1996005219;COTAS;53587218.495653000000000;
202512;237;2005002283;COTAS;1765957.630630000000000;
202512;237;2018000365;COTAS;52230.715969000000000;
202512;237;2018000365;COTAS;459351.555788000000000;47228177000103
202512;237;2009001192;COTAS;371450.406404000000000;
202512;211;1996005219;COTAS;2815993.497371000000000;
202512;241;2010003683;COTAS;40000760.083163000000000;06290652000194
202512;241;2010003683;VL_PG_RC;-607119.160000000000000;
202512;237;2005002283;COTAS;84767.300255000000000;
202512;223;2002004838;ALUGUEL;1309554.780000000000000;
202512;237;2005002356;COTAS;2858236.572285000000000;
202512;254;9970000000;COTAS;23208844.394480000000000;
202512;237;2007001047;COTAS;115.290000000000000;
202512;237;2007003392;COTAS;408752.047076000000000;
202512;271;1983000256;COTAS;16357883.445952000000000;
202512;237;2005002356;COTAS;14124584.171717000000000;
202512;237;2007003392;OPERACAO_PARTICIPANTE;8497842.863673000000000;
202512;237;2013000911;COTAS;769208.053788000000000;
202512;237;2005002356;COTAS;7009375.927077000000000;47227862000115
202512;237;2009001192;COTAS;1932574.761989000000000;
202512;237;2018000365;CAIXA;80389.820000000000000;
202512;237;2007003392;COTAS;63181.971445000000000;
202512;237;2005002356;OPERACAO_PARTICIPANTE;18049150.049770000000000;
202512;237;2005002283;CAIXA;19263.480000000000000;
202512;237;2007003392;COTAS;781504.911718000000000;
202512;237;2007000792;CAIXA;47618.830000000000000;
202512;237;1981000119;COTAS;1120477.653983000000000;
202512;237;2007000792;COTAS;23865327.731524000000000;
202512;237;2005002283;COTAS;2657.340000000000000;
202512;237;2005002356;VL_PG_RC;221550.360000000000000;
202512;237;1981000119;VL_PG_RC;1186558.370000000000000;
202512;237;2013000911;COTAS;5620855.108059000000000;04733518000195
202512;237;2007000792;COTAS;370856497.338585000000000;04733518000195
202512;211;1996005219;ACOES;26312398.500000000000000;
202512;237;2007003392;COTAS;170464.270551000000000;
202512;237;2018000365;COTAS;2356296.984608000000000;
202512;237;2007001047;COTAS;424293.044182000000000;
202512;237;1979000492;COTAS;18994004.260713000000000;
202512;223;2002004838;COTAS;11816978.000000000000000;
202512;285;2024000274;COTAS;86472.103973000000000;52342548000113
202512;237;1982000856;CAIXA;18722.410000000000000;
202512;237;2007003392;COTAS;1126851.120584000000000;47227862000115
202512;237;1981000119;CAIXA;16047.420000000000000;
202512;271;1983000256;IMOVEIS;57314000.080000000000000;
202512;223;2002004838;COTAS;302216.940000000000000;
202512;271;1983000256;TIT_PUB;648385744.050000000000000;
202512;237;2018000365;COTAS;918243.781712000000000;
202512;237;1981000119;COTAS;131285.638464000000000;
202512;237;2018000365;COTAS;401223.564594000000000;08944896000179
202512;237;1982000147;COTAS;726057.302885000000000;
202512;237;2007000792;COTAS;36392957.391382000000000;08944896000179
202512;237;1981000119;COTAS;882788.469560000000000;08944896000179
202512;223;2019003929;COTAS;1490314.770000000000000;
202512;237;1982000856;COTAS;20246.164576000000000;
202512;309;1979003629;IMOVEIS;22612349.170000000000000;
202512;271;2008002111;CAIXA;27354.890000000000000;
202512;237;2007003147;COTAS;664799.644302000000000;
202512;309;2019001519;VL_PG_RC;-34.870000000000000;
202512;237;1982000856;COTAS;55836.316583000000000;41956824000117
202512;237;2007001047;COTAS;11574.499014000000000;
202512;309;9970000000;CAIXA;34827.500000000000000;
202512;237;1982000856;OPERACAO_PARTICIPANTE;309049.900000000000000;
202512;237;2007000865;COTAS;11966.979121000000000;
202512;271;9970000000;COTAS;645532.441469000000000;
202512;237;1982000147;COTAS;7418007.242229000000000;
202512;237;2009001192;COTAS;781504.911718000000000;
202512;237;2007001047;COTAS;450860.459984000000000;
202512;285;1979001774;COTAS;213023359.710197000000000;45127083000112
202512;285;1979001774;VL_PG_RC;34345476.210000000000000;
202512;237;2007003147;COTAS;1594911.705596000000000;
202512;285;2024000274;OP_COMP;1170614.310000000000000;
202512;299;1981000518;COTAS;8985709.212777000000000;
202512;237;2013000911;CAIXA;19609.520000000000000;
202512;312;1978000138;COTAS;4645489.302652000000000;
202512;237;2007001047;IMOVEIS;1229823.460000000000000;
202512;237;2007002574;COTAS;848.610000000000000;
202512;237;2007002574;COTAS;934015.484510000000000;
202512;223;2002004838;COTAS;8900123.151989000000000;
202512;237;1982000147;IMOVEIS;16043466.900000000000000;
202512;223;9970000000;CAIXA;12611.590000000000000;
202512;237;2007000792;COTAS;4328319.121597000000000;
202512;237;2007002574;COTAS;4199320.230174000000000;41956824000117
202512;241;1979003947;OPERACAO_PARTICIPANTE;2186255.360047109300000;
202512;237;1979000492;COTAS;172166822.010625000000000;
202512;237;2007002647;COTAS;34919054.226340000000000;04733518000195
202512;241;2010003683;IMOVEIS;2426758.490000000000000;
202512;223;2002004838;COTAS;14527720.127163000000000;39240107000142
202512;299;9970000000;VL_PG_RC;0.000000000000000;
202512;237;2007003147;COTAS;412248.120603000000000;
202512;237;2007000792;TIT_PUB;1723890128.980000000000000;
202512;237;2007003147;COTAS;17147292.147439000000000;04733518000195
202512;237;2007003392;VL_PG_RC;28594.080000000000000;
202512;237;2007003392;CAIXA;18541.930000000000000;
202512;237;2007000792;COTAS;69583385.744315000000000;
202512;237;2005002283;COTAS;1110327.683605000000000;
202512;237;2007000865;OPERACAO_PARTICIPANTE;3915169.589696000000000;
202512;237;2005002283;COTAS;21917312.152837000000000;
202512;237;2014000883;COTAS;147246.403394000000000;
202512;309;1979003629;COTAS;104297531.665230000000000;
202512;312;1978000138;COTAS;17891945.253216000000000;
202512;237;2009001192;COTAS;2405685.009666000000000;
202512;237;2007002574;COTAS;44364814.838776000000000;04733518000195
202512;237;2005002283;IMOVEIS;30273474.440000000000000;
202512;237;2007002574;COTAS;6219541.439135000000000;42120328000191
202512;312;1978000138;VL_PG_RC;-521381.350000000000000;
202512;237;2007003392;COTAS;51875.174980000000000;
202512;268;1979003874;VL_PG_RC;10428676.330000000000000;
202512;312;1978000219;TIT_PUB;72683761.390000000000000;
202512;237;2014000883;COTAS;3152923.207671000000000;
202512;237;2007000865;COTAS;238912.096319000000000;
202512;237;2013000911;COTAS;427017.873815000000000;47228177000103
202512;237;2013000911;COTAS;221873.422996000000000;08944896000179
202512;237;2005002356;COTAS;10067234.712532000000000;42120328000191
202512;237;2014000883;COTAS;1481814.155795000000000;
202512;237;2007002647;COTAS;1448005.178676000000000;
202512;268;9970000000;COTAS;11401355.870001000000000;
202512;237;2007001047;COTAS;264708.018644000000000;42120328000191
202512;237;2005002356;COTAS;8210714.909984000000000;
202512;271;1983000256;CAIXA;181791.220000000000000;
202512;237;2007003392;COTAS;2023220.916899000000000;
202512;237;2007002647;COTAS;228476.995727000000000;
202512;237;2007000792;COTAS;34178915.021930000000000;41956824000117
202512;237;2014000883;COTAS;689432.865640000000000;
202512;223;2002004838;OPERACAO_PARTICIPANTE;1673794.082088303000000;
202512;237;2009001192;TIT_PUB;77488926.540000000000000;
202512;237;2007001047;COTAS;601799.615757000000000;47227862000115
202512;237;2018000365;COTAS;517641.359436000000000;42120328000191
202512;309;2011000165;COTAS;1657058.000000000000000;
202512;237;2007000865;COTAS;398863.299231000000000;47228177000103
202512;271;1983000256;COTAS;1626505.946996000000000;
202512;271;1983000256;COTAS;6160626.038411000000000;
202512;237;2018000365;COTAS;5667165.020463000000000;
202512;237;2007000792;COTAS;57089317.819386000000000;
202512;237;9970000000;COTAS;11265133.206883000000000;04733518000195
202512;237;2018000365;COTAS;477301.017674000000000;41956824000117
202512;237;2014000883;CAIXA;19635.590000000000000;
202512;237;2014000883;OPERACAO_PARTICIPANTE;3864467.420000000000000;
202512;309;2019001683;COTAS;33808.447625000000000;
202512;241;2010003683;COTAS;130206532.559889000000000;59035902000106
202512;237;2007000865;CAIXA;18116.270000000000000;
202512;237;2014000883;COTAS;1002829.576862000000000;08944896000179
202512;237;2007000865;TIT_PUB;16436906.840000000000000;
202512;223;2002004838;TIT_PUB;213046481.270000000000000;
202512;312;1978000383;COTAS;17446558.133205000000000;
202512;241;9970000000;CAIXA;1686.900000000000000;
202512;223;2011000874;OPERACAO_PARTICIPANTE;2794587.780000000000000;
202512;237;2007003392;COTAS;1625083.219175000000000;
202512;254;9970000000;COTAS;27519152.601452000000000;
202512;271;1983000256;OPERACAO_PARTICIPANTE;8387526.099860482200000;
202512;237;2007000865;COTAS;14575.321113000000000;
202512;237;2007000865;COTAS;292877.598280000000000;41956824000117
202512;237;2014000883;COTAS;62981.219658000000000;
202512;237;2007002647;COTAS;3856260.838519000000000;41956824000117
202512;237;2018000365;COTAS;6976384.570395000000000;
202512;237;2007003392;COTAS;748290.473096000000000;08944896000179
202512;241;1979003947;COTAS;168887933.312465000000000;59036017000141
202512;237;2014000883;COTAS;1056156.485290000000000;42120328000191
202512;223;2019003929;COTAS;1307292.000000000000000;
202512;237;2007001047;COTAS;357290.527273000000000;
202512;237;2007002574;CAIXA;19395.210000000000000;
202512;237;2007002574;COTAS;2957912.374430000000000;
202512;237;2007001047;COTAS;570384.323509000000000;
202512;237;2018000365;COTAS;195126.400687000000000;47227862000115
202512;312;1978000138;OPERACAO_PARTICIPANTE;103102932.653352630000000;
202512;237;2007001047;VL_PG_RC;227177.260000000000000;
202512;326;2000005683;COTAS;16432659.600000000000000;
202512;237;2007002574;COTAS;3877685.433621000000000;
202512;237;2007001047;CAIXA;17962.390000000000000;
202512;237;1979000492;COTAS;29916109.869642000000000;
202512;241;1979003947;TIT_PUB;2926496.520000000000000;
202512;237;2007002647;TIT_PUB;262385857.780000000000000;
202512;254;2020003147;VL_PG_RC;4934.410000000000000;
202512;237;2007002574;OPERACAO_PARTICIPANTE;853262.963500000000000;
202512;326;2009002938;COTAS;3483954.600000000000000;
202512;271;2008002111;COTAS;186705.449656000000000;
202512;237;1981000119;COTAS;515.970000000000000;
202512;237;2007003147;COTAS;1136766.244437000000000;42120328000191
202512;237;2013000911;COTAS;44508.175221000000000;
202512;268;1979003874;CAIXA;61584.030000000000000;
202512;237;2007002647;COTAS;2749411.798245000000000;
202512;237;2007002574;IMOVEIS;8720657.440000000000000;
202512;237;2013000911;TIT_PUB;18157747.160000000000000;
202512;326;1979002118;VL_PG_RC;16544752.820000000000000;
202512;241;2010003683;COTAS;39485627.576393000000000;
202512;237;2014000883;COTAS;1883082.183279000000000;
202512;237;2007003147;COTAS;6826436.465131000000000;
202512;237;2007002574;COTAS;4304077.255800000000000;08944896000179
202512;237;2007001047;COTAS;56632.433279000000000;
202512;271;1983000256;COTAS;4443359.069026000000000;
202512;271;1983000256;ACOES;9432772.720000000000000;
202512;361;1980002029;COTAS;47300953.624283000000000;57188854000160
202512;237;2007002574;VL_PG_RC;1642298.460000000000000;
202512;237;1981000119;COTAS;217290.937567000000000;
202512;241;1979003947;CAIXA;3723.110000000000000;
202512;326;2021002111;TIT_PUB;271186120.450000000000000;
202512;237;2007002647;OPERACAO_PARTICIPANTE;13928197.378468000000000;
202512;237;2007003147;VL_PG_RC;770377.040000000000000;
202512;254;2020003147;COTAS;370860.028645000000000;
202512;237;2007002647;CAIXA;11539.860000000000000;
202512;361;1980002029;COTAS;45313124.421368000000000;04165971000142
202512;285;1979001774;CAIXA;136.530000000000000;
202512;237;2007002647;COTAS;240.030000000000000;
202512;237;2007001047;COTAS;2315318.670746000000000;04733518000195
202512;361;2001002165;CAIXA;23901.230000000000000;
202512;237;2009001192;COTAS;96516.623395000000000;
202512;237;2018000365;COTAS;726263.836275000000000;
202512;285;1979001774;COTAS;54750823.162479000000000;52342548000113
202512;241;2010003683;TIT_PUB;1463248.260000000000000;
202512;254;9970000000;CAIXA;9767.270000000000000;
202512;237;2007003147;COTAS;426302.578340000000000;
202512;237;2007003392;COTAS;16538219.669313000000000;04733518000195
202512;285;1998005283;COTAS;57834243.284406000000000;
202512;285;1998005283;CAIXA;624.350000000000000;
202512;268;1979003874;COTAS;233615710.070001000000000;
202512;237;2007001047;COTAS;165621.928671000000000;08944896000179
202512;237;2007003392;COTAS;1331777.267864000000000;47228177000103
202512;285;1998005283;COTAS;463888297.928108000000000;
202512;237;2007001047;COTAS;224326.466923000000000;41956824000117
202512;361;1980002029;COTAS;75303053.955108000000000;55167531000165
202512;361;2001002165;COTAS;10216668.398389000000000;
202512;285;2024000274;CAIXA;19.940000000000000;
202512;237;2007002574;COTAS;13312075.829741000000000;
202512;237;2009001192;COTAS;244329.649399000000000;
202512;241;1979003947;COTAS;7830646.767467000000000;
202512;268;9970000000;VL_PG_RC;-1868.550000000000000;
202512;285;2024000274;COTAS;88003.828117000000000;
202512;237;1982000147;COTAS;523192.987030000000000;
202512;237;2009001192;COTAS;117553.541666000000000;
202512;271;1983000256;COTAS;13531679.569309000000000;
202512;237;2009001192;CAIXA;19773.980000000000000;
202512;285;1998005283;COTAS;71086704.997399000000000;
202512;237;2009001192;COTAS;1438366.046809000000000;
202512;285;1998005283;FUTURO;603254.250000000000000;
202512;271;1983000256;COTAS;10025752.500000000000000;
202512;391;1979001529;IMOVEIS;86191999.990000000000000;
202512;237;2007002647;COTAS;4850752.719551000000000;47228177000103
202512;361;2001002165;COTAS;118674047.445300000000000;55167531000165
202512;391;2019000156;CAIXA;16162.990000000000000;
202512;237;2009001192;COTAS;1.890000000000000;
202512;237;1982000856;COTAS;468605.435970000000000;
202512;271;1983000256;VL_PG_RC;743067.050000000000000;
202512;237;2007003392;COTAS;1788928.254482000000000;
202512;285;2024000274;COTAS;29740.268740000000000;41373641000179
202512;285;9970000000;OP_COMP;16509167.690000000000000;
202512;391;2020001519;COTAS;111988.800000000000000;
202512;271;2008002111;COTAS;723883.795293000000000;
202512;237;2007002647;COTAS;9131854.613620000000000;
202512;285;9970000000;COTAS;4203448.152855000000000;52342548000113
202512;237;1982000856;COTAS;44576.226110000000000;
202512;285;1979001774;TIT_PUB;6154947059.610000000000000;
202512;237;2013000911;COTAS;78352.826878000000000;
202512;285;1998005283;COTAS;310446087.380626000000000;
202512;237;2007003392;COTAS;56.700000000000000;
202512;285;1998005283;COTAS;68810611.757805000000000;
202512;237;2013000911;COTAS;199330.648213000000000;
202512;391;2022002865;COTAS;17488061.470617000000000;05097813000165
202512;237;2013000911;COTAS;595704.608952000000000;
202512;268;1979003874;COTAS;39914321.850004000000000;
202512;361;2001002238;COTAS;177395.270069000000000;
202512;271;2008002111;COTAS;187827.570055000000000;
202512;237;2005002283;COTAS;12893268.680604000000000;
202512;268;9970000000;CAIXA;43052.220000000000000;
202512;237;2005002283;COTAS;9110300.192651000000000;42120328000191
202512;237;2009001192;COTAS;153619.754655000000000;
202512;401;1988000629;CAIXA;7474.380000000000000;
202512;271;1983000256;COTAS;13992057.099429000000000;
202512;237;2009001192;COTAS;1168258.542016000000000;08944896000179
202512;268;1979003874;IMOVEIS;95358060.240000000000000;
202512;271;1983000256;COTAS;4478898.077408000000000;
202512;299;1981000518;IMOVEIS;47506670.470000000000000;
202512;237;2009001192;COTAS;1025356.203566000000000;41956824000117
202512;361;2001002238;COTAS;38314751.418062000000000;
202512;401;1988000629;COTAS;764136121.486620000000000;05024903000126
202512;309;1979003629;CAIXA;65491073.130000000000000;
202512;361;2001002238;VL_PG_RC;-50552.750000000000000;
202512;285;2006000756;COTAS;2993964.585141000000000;52342548000113
202512;237;2005002283;COTAS;743814.669607000000000;47227862000115
202512;237;2013000911;COTAS;310493.217388000000000;47227862000115
202512;285;1998005283;OP_COMP;279234398.650000000000000;
202512;361;9970000000;VL_PG_RC;-9585.130000000000000;
202512;237;2014000883;COTAS;889966.837497000000000;47228177000103
202512;285;2017001465;VL_PG_RC;9546.430000000000000;
202512;241;2010003683;OPERACAO_PARTICIPANTE;11358451.160352260700000;
202512;237;2013000911;COTAS;49263.533307000000000;
202512;299;1981000518;COTAS;5564756.008827000000000;
202512;309;9970000000;COTAS;11028977.079665000000000;
202512;254;1987000447;COTAS;60175573.891381000000000;
202512;326;2006001574;COTAS;40114473.000000000000000;
202512;237;2013000911;COTAS;539192.633423000000000;
202512;271;1983000256;COTAS;3098332.376147000000000;
202512;237;2013000911;COTAS;314779.460551000000000;42120328000191
202512;299;1981000518;TIT_PUB;559752437.390000000000000;
202512;237;2014000883;COTAS;955517.422429000000000;
202512;391;2020001519;COTAS;126524.574696000000000;17405933000161
202512;237;2018000365;COTAS;17528918.967306000000000;
202512;237;2005002283;VL_PG_RC;5605899.780000000000000;
202512;309;1979003629;COTAS;12132388.902582000000000;33269204000181
202512;285;1998005283;TIT_PUB;4145895385.490000000000000;
202512;237;2007003392;COTAS;271120.551014000000000;
202512;285;2024000274;COTAS;28589.521882000000000;
202512;237;2013000911;VL_PG_RC;-1669.760000000000000;
202512;237;2014000883;COTAS;681116.994181000000000;
202512;241;1979003947;COTAS;1604078.996682000000000;
202512;285;1979001774;COTAS;106271.363345000000000;
202512;299;1981000518;CAIXA;12262.630000000000000;
202512;271;1983000256;COTAS;1868226.314747000000000;
202512;391;2020001519;OP_COMP;1028074.740000000000000;
202512;271;1983000256;COTAS;6103198.860187000000000;
202512;285;1979001774;COTAS;100190530.909627000000000;41373641000179
202512;237;2014000883;COTAS;1015904.008715000000000;41956824000117
202512;285;9970000000;TIT_PUB;48972635.720000000000000;
202512;237;2014000883;COTAS;508491.415651000000000;47227862000115
202512;254;2020003147;OPERACAO_PARTICIPANTE;135800.030000000000000;
202512;309;1979003629;COTAS;7951791.762648000000000;
202512;326;2006001574;IMOVEIS;56131112.820000000000000;
202512;271;1983000256;COTAS;5916967.268705000000000;
202512;309;1979003629;COTAS;51715382.832470000000000;34793104000112
202512;237;2005002356;CAIXA;19577.600000000000000;
202512;237;2014000883;VL_PG_RC;-2414.590000000000000;
202512;391;2022002865;COTAS;507431.950009000000000;
202512;285;1998005283;COTAS;74862381.833915000000000;
202512;237;2005002356;COTAS;1312795.483755000000000;
202512;401;1997000611;COTAS;6497089.548307000000000;
202512;268;1979003874;TIT_PUB;1482550404.620000000000000;
202512;285;9970000000;CAIXA;584.740000000000000;
202512;271;1983000256;COTAS;79302.136120000000000;
202512;309;1979003629;COTAS;137348.910950000000000;
202512;326;2009002938;COTAS;63941276.470992000000000;49995995000167
202512;237;2005002356;COTAS;5420034.883725000000000;41956824000117
202512;285;2006000756;CAIXA;296.500000000000000;
202512;271;1983000256;COTAS;297432.736346000000000;
202512;309;1979003629;TIT_PUB;836024684.190000000000000;
202512;241;2010003683;COTAS;14237076.088129000000000;
202512;237;2007000865;COTAS;4665534.276691000000000;04733518000195
202512;309;2019001519;COTAS;33954.440000000000000;
202512;237;2007002574;COTAS;8726173.489992000000000;
202512;237;2009001192;COTAS;952640.590243000000000;
202512;254;9970000000;VL_PG_RC;-8294.340000000000000;
202512;312;1978000138;CAIXA;22379.390000000000000;
202512;285;2017001465;CAIXA;18061.130000000000000;
202512;477;1985000318;COTAS;158397.680092000000000;
202512;271;1983000256;COTAS;1818000.000000000000000;
202512;326;2006001574;CAIXA;16254.100000000000000;
202512;271;1983000256;COTAS;6533326.171356000000000;
202512;326;2022001419;CAIXA;384.180000000000000;
202512;504;1982001119;SWAP;601104947.540000000000000;
202512;271;9970000000;VL_PG_RC;-517.430000000000000;
202512;237;2018000365;COTAS;78622.830669000000000;
202512;285;1979001774;COTAS;52931191.473868000000000;
202512;237;9970000000;TIT_PUB;26427467.980000000000000;
202512;271;1983000256;COTAS;8715604.887611000000000;
202512;326;2021002111;COTAS;49656058.357155000000000;49997061000164
202512;504;1982001119;VL_PG_RC;-757094.570000000000000;
202512;237;2007003147;TIT_PUB;79963717.120000000000000;
202512;361;1980002029;COTAS;38859460.696836000000000;
202512;504;1982001119;OPERACAO_PARTICIPANTE;43750076.280877360700000;
202512;299;1981000518;COTAS;5570073.459214000000000;
202512;361;1980002029;CAIXA;166900.690000000000000;
202512;361;2001002238;COTAS;63805315.702373000000000;55167531000165
202512;309;2019001519;COTAS;927161.487685000000000;
202512;312;1978000138;COTAS;1781789.231033000000000;
202512;241;1979003947;IMOVEIS;3513241.510000000000000;
202512;361;2001002238;COTAS;12042764.812749000000000;57188854000160
202512;237;2009001192;COTAS;1025189.014270000000000;42120328000191
202512;271;2008002111;COTAS;821416.804865000000000;
202512;285;1979001774;COTAS;67868605.409014000000000;
202512;535;1999005147;VL_PG_RC;7505679.550000000000000;
202512;391;1979001529;COTAS;47972483.912567000000000;
202512;309;2011000165;COTAS;1318272.301149000000000;34793104000112
202512;237;2009001192;COTAS;599219.996429000000000;47227862000115
202512;285;2024000274;COTAS;414586.224888000000000;
202512;535;2019002574;COTAS;306995.640247000000000;
202512;391;1979001529;COTAS;20385720.654917000000000;
202512;312;1978000138;COTAS;5887226.446301000000000;
202512;237;2009001192;VL_PG_RC;4699.270000000000000;
202512;285;9970000000;COTAS;8474386.359531000000000;
202512;271;2008002111;COTAS;232211.139934000000000;
202512;237;2009001192;COTAS;15902048.081822000000000;04733518000195
202512;535;2021002292;COTAS;80029.747904000000000;
202512;391;2019000156;COTAS;219105.695995000000000;
202512;237;2009001192;OPERACAO_PARTICIPANTE;3357726.051378000000000;
202512;285;1998005283;COTAS;31588186.196935000000000;
202512;285;9970000000;COTAS;13079492.813290000000000;
202512;285;1979001774;COTAS;98300818.140077000000000;
202512;361;2001002165;COTAS;19684136.455074000000000;
202512;535;9970000000;VL_PG_RC;0.000000000000000;
202512;299;1981000518;COTAS;3998228.937667000000000;
202512;271;2008002111;COTAS;696623.934856000000000;
202512;549;2005003883;COTAS;389917991.759338000000000;33913650000187
202512;299;1981000518;VL_PG_RC;-152529.430000000000000;
202512;535;1982000538;COTAS;8178198.237407000000000;
202512;285;1979001774;IMOVEIS;201910549.880000000000000;
202512;535;1999005147;COTAS;476176635.129830000000000;
202512;361;2001002165;VL_PG_RC;-272312.430000000000000;
202512;237;2013000911;COTAS;584033.252175000000000;
202512;299;1981000518;COTAS;5556911.908072000000000;
202512;312;1978000138;COTAS;1404485.240457000000000;
202512;552;2002004692;VL_PG_RC;-2188433.480000000000000;
202512;285;2024000274;COTAS;334328.379747000000000;
202512;361;2019002647;CAIXA;23712.210000000000000;
202512;285;1998005283;COTAS;184639130.269812000000000;
202512;299;1981000518;OPERACAO_PARTICIPANTE;4189778.330210831400000;
202512;285;1998005283;COTAS;119345226.073836000000000;52342548000113
202512;326;1979002118;COTAS;149276798.254455000000000;49995995000167
202512;285;1979001774;OP_COMP;44834619.870000000000000;
202512;535;1999005147;OPERACAO_PARTICIPANTE;8223165.710000000000000;
202512;552;9970000000;COTAS;45505300.591019000000000;04592305000190
202512;312;1978000138;COTAS;683686.999766000000000;
202512;285;2006000756;COTAS;7474237.623541000000000;
202512;391;1979001529;COTAS;18815401.430940000000000;
202512;309;1979003629;TIT_PRIV;4451882.570000000000000;
202512;391;1979001529;COTAS;91170883.100924000000000;
202512;312;1978000138;COTAS;104008064.820358000000000;
202512;285;2024000274;COTAS;29204.543170000000000;
202512;299;1981000518;COTAS;10412940.931951000000000;
202512;312;1978000383;OPERACAO_PARTICIPANTE;2823999.950000000000000;
202512;309;2011000165;CAIXA;1754.600000000000000;
202512;237;2013000911;COTAS;314830.806671000000000;41956824000117
202512;535;2019002574;COTAS;333539.764637000000000;
202512;237;2014000883;COTAS;76708.707458000000000;
202512;309;1979003629;COTAS;3152229.688984000000000;
202512;535;2019002574;COTAS;5282967.010160000000000;55983603000142
202512;309;1979003629;OPERACAO_PARTICIPANTE;8547924.289891688700000;
202512;237;2014000883;TIT_PUB;77888858.780000000000000;
202512;535;2021002292;COTAS;228787.579503000000000;
202512;237;9970000000;COTAS;10897100.744803000000000;
202512;309;2011000165;COTAS;4900.597130000000000;
202512;549;1979001456;COTAS;60920307.752258000000000;33913663000156
202512;241;1979003947;COTAS;8675317.637692000000000;
202512;549;1979001456;COTAS;556173546.348712000000000;45339221000127
202512;309;2011000165;COTAS;702323.274809000000000;
202512;241;1979003947;VL_PG_RC;163508.510000000000000;
202512;549;2005003883;OPERACAO_PARTICIPANTE;19895995.430000000000000;
202512;237;2018000365;TIT_PUB;11773468.610000000000000;
202512;237;9970000000;CAIXA;15271.340000000000000;
202512;309;9970000000;COTAS;854866.576136000000000;34793104000112
202512;312;1978000219;OPERACAO_PARTICIPANTE;9222858.950000000000000;
202512;241;2010003683;CAIXA;2078.030000000000000;
202512;391;2020001519;TIT_PUB;180238.380000000000000;
202512;312;1978000383;VL_PG_RC;-17090.320000000000000;
202512;549;2010005929;COTAS;3782257.198761000000000;
202512;285;1998005283;COTAS;102907435.335829000000000;
202512;241;2010003683;COTAS;113206950.029691000000000;
202512;326;2000005683;VL_PG_RC;-396787.760000000000000;
202512;571;1988001218;COTAS;4508124.936217000000000;
202512;241;9970000000;COTAS;822437.429089000000000;
202512;271;2008002111;TIT_PRIV;640245.620000000000000;
202512;241;9970000000;VL_PG_RC;199345.500000000000000;
202512;571;1988001218;COTAS;52354266.055481000000000;
202512;268;1979003874;OPERACAO_PARTICIPANTE;12649190.120247226900000;
202512;312;1978000219;CAIXA;11000.000000000000000;
202512;312;2006003429;TIT_PUB;1055922755.100000000000000;
202512;571;2023001511;COTAS;793056.600000000000000;
202512;401;1997000611;COTAS;795945391.794128000000000;37240914000130
202512;312;2006003429;COTAS;1463728.452960000000000;
202512;571;2023001511;COTAS;15633316.554450000000000;
202512;312;9970000000;CAIXA;14622.870000000000000;
202512;285;1998005283;COTAS;231329706.994390000000000;
202512;271;9970000000;CAIXA;113593.920000000000000;
202512;326;2006001574;COTAS;447724206.637496000000000;49995995000167
202512;312;9970000000;COTAS;53318434.404444000000000;
202512;312;1978000219;TIT_PRIV;6619314.380000000000000;
202512;254;1987000447;CAIXA;35270.990000000000000;
202512;326;2006001574;COTAS;209257507.017087000000000;49997061000164
202512;285;1979001774;COTAS;152329271.216923000000000;
202512;312;1978000383;TIT_PRIV;3948757.610000000000000;
202512;571;2023001511;COTAS;768044.382734000000000;
202512;326;1979002118;CAIXA;7989.180000000000000;
202512;552;9970000000;TIT_PUB;107189095.350000000000000;
202512;309;2019001683;CAIXA;144.630000000000000;
202512;285;1998005283;COTAS;96804440.702823000000000;41373641000179
202512;254;1987000447;COTAS;903115969.168015000000000;19226038000105
202512;309;2011000165;OPERACAO_PARTICIPANTE;184486.610000000000000;
202512;326;2006001574;OPERACAO_PARTICIPANTE;19916483.821937371200000;
202512;312;1978000383;TIT_PUB;47653046.950000000000000;
202512;326;2009002938;VL_PG_RC;-73433.420000000000000;
202512;312;1978000138;TIT_PRIV;132463073.250000000000000;
202512;271;1983000256;TIT_PRIV;99276313.970000000000000;
202512;312;1978000138;COTAS;13667780.700000000000000;
202512;611;1979000956;COTAS;11861100.293431000000000;
202512;312;1978000383;CAIXA;9426.200000000000000;
202512;326;2000005683;TIT_PUB;572312426.710000000000000;
202512;361;1980002029;COTAS;4797248.347837000000000;
202512;326;2021002111;IMOVEIS;38998910.560000000000000;
202512;285;1979001774;COTAS;37218703.715255000000000;
202512;312;2006003429;CAIXA;21909.100000000000000;
202512;401;1997000611;TIT_PUB;358486793.250000000000000;
202512;477;1985000318;CAIXA;9719.900000000000000;
202512;254;1987000447;TIT_PUB;263618966.850000000000000;
202512;285;1998005283;TIT_PRIV;1233181.220000000000000;
202512;285;2024000274;COTAS;57803.192061000000000;45127083000112
202512;326;9970000000;CAIXA;42139.960000000000000;
202512;361;2001002238;COTAS;30251962.775493000000000;
202512;312;1978000138;COTAS;12295319.171030000000000;
202512;361;1980002029;COTAS;2952620.467734000000000;
202512;361;1980002029;VL_PG_RC;4288792.190000000000000;
202512;361;2019002647;VL_PG_RC;-338054.860000000000000;
202512;361;2001002165;COTAS;10223441.318231000000000;
202512;285;1979001774;COTAS;12212518.740797000000000;
202512;312;1978000219;COTAS;16027712.093305000000000;
202512;326;1979002118;TIT_PUB;957728690.950000000000000;
202512;391;1979001529;OPERACAO_PARTICIPANTE;514924029.666356283300000;
202512;312;2006003429;TIT_PRIV;189365622.440000000000000;
202512;611;1979004056;COTAS;6843489.785302000000000;
202512;285;1979001774;COTAS;69075818.156937000000000;
202512;312;2006003429;COTAS;2223300519.712653000000000;
202512;285;2024000274;VL_PG_RC;0.000000000000000;
202512;611;1979004056;IMOVEIS;457459182.860000000000000;
202512;312;2006003429;COTAS;184791592.126185000000000;
202512;285;2006000756;OP_COMP;11488951.010000000000000;
202512;285;2024000274;COTAS;235559.056670000000000;
202512;312;9970000000;TIT_PUB;3236928.270000000000000;
202512;326;2000005683;OPERACAO_PARTICIPANTE;11418274.392464263700000;
202512;285;9970000000;VL_PG_RC;-43034.930000000000000;
202512;299;1981000518;COTAS;68674.454858000000000;
202512;326;1979002118;COTAS;6069850.990694000000000;
202512;299;1981000518;COTAS;13658650.828018000000000;
202512;299;1981000518;COTAS;12769358.043398000000000;
202512;326;1979002118;COTAS;29252407.800000000000000;
202512;309;2011000165;COTAS;9120973.417436000000000;
202512;326;2009002938;CAIXA;1458127.540000000000000;
202512;309;2011000165;VL_PG_RC;-1620.430000000000000;
202512;309;2019001519;CAIXA;378.830000000000000;
202512;309;2019001519;COTAS;59617.117151000000000;34793104000112
202512;361;2001002165;COTAS;66048714.810000000000000;
202512;309;2019001683;VL_PG_RC;-1.040000000000000;
202512;309;9970000000;VL_PG_RC;-1339.580000000000000;
202512;312;1978000138;COTAS;2884601.543620000000000;
202512;326;2000005683;COTAS;136539393.647487000000000;49997061000164
202512;361;2001002165;COTAS;903685562.215230000000000;05855398000161
202512;361;2001002238;OPERACAO_PARTICIPANTE;8346821.490000000000000;
202512;326;2021002111;COTAS;1235115.998876000000000;
202512;391;2019000156;COTAS;121745.400000000000000;
202512;477;1991000138;CAIXA;333062.820000000000000;
202512;477;1991000138;COTAS;60348.671820000000000;
202512;326;2021002111;OPERACAO_PARTICIPANTE;13912643.131416751400000;
202512;326;2023001838;COTAS;4487810.440004000000000;49995995000167
202512;477;1991000138;COTAS;34790305.642057000000000;
202512;494;2010000838;COTAS;38371377.794189000000000;
202512;326;9970000000;COTAS;24713160.773298000000000;49995995000167
202512;361;1980002029;COTAS;1366932831.982263000000000;55907888000132
202512;504;1982001119;COTAS;1654516.245849000000000;
202512;391;1979001529;COTAS;489921505.446358000000000;19351264000118
202512;391;1979001529;VL_PG_RC;-548754.180000000000000;
202512;391;2019000156;COTAS;215859.295526000000000;
202512;504;1998002918;COTAS;115758.986643000000000;
202512;391;2019000156;COTAS;162304.576348000000000;17405933000161
202512;391;2020001519;VL_PG_RC;-5238.040000000000000;
202512;326;1979002118;IMOVEIS;145034111.880000000000000;
202512;494;1981001174;TIT_PRIV;716299.160000000000000;
202512;494;9970000000;CAIXA;115796.220000000000000;
202512;504;1982001119;COTAS;4351681260.100970000000000;
202512;326;2000005683;CAIXA;13218.430000000000000;
202512;504;1998002918;COTAS;853158.659522000000000;
202512;285;1979001774;TIT_PRIV;1123443.120000000000000;
202512;535;1982000538;COTAS;129962992.604578000000000;02846259000183
202512;535;1982000538;IMOVEIS;39843500.000000000000000;
202512;535;1982000538;OPERACAO_PARTICIPANTE;81755580.283158320000000;
202512;535;1982000538;COTAS;535310821.447446000000000;42867858000106
202512;312;9970000000;VL_PG_RC;-29.100000000000000;
202512;535;2019002574;COTAS;357595.244565000000000;
202512;535;2019002574;COTAS;1783373.017175000000000;09125491000171
202512;535;2021002292;COTAS;120410.527119000000000;
202512;535;2021002292;COTAS;421573.717802000000000;
202512;549;2005003883;CAIXA;6998.190000000000000;
202512;552;1979002665;CAIXA;157537.170000000000000;
202512;552;1979002665;COTAS;679807.766861000000000;
202512;549;2010005929;OPERACAO_PARTICIPANTE;7404784.750000000000000;
202512;552;2002004692;COTAS;334350.719719000000000;
202512;285;2006000756;VL_PG_RC;1901.660000000000000;
202512;326;2006001574;VL_PG_RC;5900908.760000000000000;
202512;552;2002000638;COTAS;2389085.000000000000000;
202512;552;9970000000;COTAS;13864804.725100000000000;05142777000104
202512;611;1984001019;COTAS;17398074.345747000000000;
202512;552;2002004692;OPERACAO_PARTICIPANTE;7962770.220000000000000;
202512;571;1988001218;COTAS;11746540.345612000000000;
202512;285;1998005283;COTAS;286295473.184699000000000;45127083000112
202512;312;1978000138;TIT_PUB;6222239828.360000000000000;
202512;571;1988001218;COTAS;27357879.360000000000000;
202512;361;2001002165;COTAS;153563121.688437000000000;39725887000110
202512;571;2020002418;COTAS;934089.297422000000000;
202512;326;2021002111;VL_PG_RC;4394526.590000000000000;
202512;299;9970000000;CAIXA;9351.050000000000000;
202512;361;2022002938;CAIXA;968.630000000000000;
202512;326;2022001419;COTAS;830828.461338000000000;49995995000167
202512;361;2019002647;TIT_PUB;14870937.210000000000000;
202512;611;1990000592;COTAS;11403494.603520000000000;
202512;285;1998005283;VL_PG_RC;171500981.100000000000000;
202512;571;2020002418;COTAS;678417.456009000000000;
202512;309;1979003629;VL_PG_RC;61416.530000000000000;
202512;391;1979001529;ACOES;200.000000000000000;
202512;312;1978000138;COTAS;1100143.500000000000000;
202512;611;1979000956;COTAS;87311900.745564000000000;
202512;391;1979001529;COTAS;4276294.152982000000000;
202512;285;2024000274;COTAS;116088.898104000000000;
202512;611;1997004038;CAIXA;29023.520000000000000;
202512;477;1991000138;COTAS;67661.863972000000000;
202512;312;1978000219;VL_PG_RC;-33911.330000000000000;
202512;571;1988001218;COTAS;101226650.000000000000000;
202512;326;1979002118;OPERACAO_PARTICIPANTE;44427116.307608628600000;
202512;326;2023001838;VL_PG_RC;0.000000000000000;
202512;312;2006003429;COTAS;195516.505977000000000;
202512;391;1979001529;COTAS;59507656.713528000000000;
202512;571;9970000000;CAIXA;48538.480000000000000;
202512;391;1979001529;COTAS;2.500007000000000;
202512;611;1983000418;COTAS;9376767.239409000000000;
202512;309;2011000165;TIT_PUB;15057548.090000000000000;
202512;611;1983000418;COTAS;288224.543191000000000;
202512;285;2024000274;COTAS;202958.932392000000000;
202512;611;1984001019;COTAS;9787596.614568000000000;
202512;361;2001002165;COTAS;1690597952.694616000000000;55907076000197
202512;312;9970000000;COTAS;153769.768169000000000;
202512;611;1983000418;COTAS;1345041.015548000000000;
202512;611;1990000347;CAIXA;12000.270000000000000;
202512;361;2001002165;IMOVEIS;5310000.000000000000000;
202512;299;1981000518;COTAS;21060120.830942000000000;
202512;611;1997004038;COTAS;313214156.510085000000000;
202512;611;1984001019;COTAS;366039552.560386000000000;
202512;611;1990000347;COTAS;404804.423697000000000;
202512;571;2020002418;VL_PG_RC;-24344.670000000000000;
202512;326;2009002938;COTAS;8158707.797519000000000;49996708000133
202512;571;2023001511;COTAS;2058917.110250000000000;
202512;326;2009002938;TIT_PUB;101678277.550000000000000;
202512;299;9970000000;COTAS;9157916.095342000000000;
202512;391;2019000156;COTAS;2456269.075416000000000;05097813000165
202512;326;2000005683;COTAS;44361941.714481000000000;49996708000133
202512;391;2019000156;COTAS;99225.307587000000000;54546764000106
202512;326;9970000000;VL_PG_RC;-825.780000000000000;
202512;611;1997004674;COTAS;111523357.354837000000000;
202512;391;2020001519;COTAS;687672.504724000000000;19351264000118
202512;494;1981001174;TIT_PUB;260197919.410000000000000;
202512;309;2019001683;COTAS;1798.080639000000000;34793104000112
202512;312;1978000138;IMOVEIS;153748500.000000000000000;
202512;391;9970000000;VL_PG_RC;-6274.460000000000000;
202512;571;2023001511;COTAS;1545729.286256000000000;
202512;611;1990000592;COTAS;83270.222626000000000;
202512;326;2022001419;VL_PG_RC;0.000000000000000;
202512;611;1997004038;IMOVEIS;5043160.000000000000000;
202512;326;2023001838;CAIXA;1343.610000000000000;
202512;361;1980002029;COTAS;35564692.590000000000000;
202512;361;2001002165;COTAS;2415532.260738000000000;
202512;611;1997004674;COTAS;462956033.671230000000000;
202512;361;2001002238;COTAS;1968413.645156000000000;
202512;535;1982000538;COTAS;7923943.112295000000000;18364675000185
202512;361;2019002647;COTAS;72076616.818498000000000;
202512;391;2022002865;COTAS;502534.959995000000000;
202512;391;2019000156;COTAS;485388.703108000000000;19351264000118
202512;611;1997004038;COTAS;191393360.016604000000000;
202512;571;2023001511;COTAS;34457091.252118000000000;
202512;361;2001002165;OPERACAO_PARTICIPANTE;45372798.050000000000000;
202512;401;1997000611;COTAS;109955253.761356000000000;37242190000163
202512;361;2001002238;COTAS;20322681.480000000000000;
202512;326;1979002118;COTAS;14449945.377569000000000;49996708000133
202512;401;1997000611;VL_PG_RC;-12063.390000000000000;
202512;312;1978000138;COTAS;338875.026933000000000;
202512;571;9970000000;COTAS;10574936.078398000000000;
202512;361;2022002938;VL_PG_RC;-4929.410000000000000;
202512;326;2009002938;COTAS;24948109.741644000000000;49997061000164
202512;391;2020001519;COTAS;210168.089994000000000;
202512;326;2021002111;CAIXA;7507.760000000000000;
202512;312;1978000138;COTAS;5043.565299000000000;
202512;611;2009002865;COTAS;95522148.685108000000000;
202512;477;1985000318;VL_PG_RC;-6638.610000000000000;
202512;611;2010004418;CAIXA;16747.550000000000000;
202512;611;1997004674;COTAS;15580593.466099000000000;
202512;361;9970000000;CAIXA;45437.850000000000000;
202512;611;2009002547;CAIXA;12000.000000000000000;
202512;535;1982000538;COTAS;3770411.083327000000000;
202512;326;2009002938;OPERACAO_PARTICIPANTE;2946801.410000000000000;
202512;391;2022002865;OP_COMP;5333864.300000000000000;
202512;535;2019002574;CAIXA;223766.640000000000000;
202512;571;9970000000;VL_PG_RC;-561.460000000000000;
202512;388;1985001438;COTAS;105477409.254731000000000;
202512;611;2010004418;COTAS;31007649.138116000000000;
202512;312;1978000138;COTAS;782066.032732000000000;
202512;388;1985001438;COTAS;260099907.511673000000000;04337571000177
202512;477;1991000138;VL_PG_RC;4667890.010000000000000;
202512;535;2021002292;CAIXA;4822.090000000000000;
202512;611;2019002183;COTAS;12227491.947230000000000;
202512;391;2022002865;TIT_PUB;226345.860000000000000;
202512;611;2006005383;OPERACAO_PARTICIPANTE;431647.250000000000000;
202512;494;9970000000;COTAS;229566.393207000000000;
202512;326;2021002111;COTAS;10543915.200000000000000;
202512;504;1998002918;COTAS;419295.275049000000000;
202512;388;9970000000;VL_PG_RC;-2600.000000000000000;
202512;611;2009002547;COTAS;2459809.985904000000000;
202512;535;1982000538;COTAS;7952463.730828000000000;
202512;361;1980002029;COTAS;640126441.243649000000000;05855398000161
202512;611;2009002611;COTAS;1226118.032492000000000;
202512;391;1979001529;CAIXA;1040008.070000000000000;
202512;611;2010004418;COTAS;3664987.681823000000000;14097532000101
202512;535;2019002574;COTAS;22707614.426074000000000;02846259000183
202512;361;2001002165;COTAS;75282831.056240000000000;
202512;535;1982000538;COTAS;5306620.992501000000000;
202512;607;1986000338;CAIXA;142221.450000000000000;
202512;361;2001002238;COTAS;4197592.290388000000000;
202512;535;9970000000;CAIXA;25660.630000000000000;
202512;388;1985001438;VL_PG_RC;-9488.540000000000000;
202512;535;2021002292;COTAS;2991402.183870000000000;05092810000139
202512;361;2001002238;COTAS;8189135.493976000000000;
202512;326;2021002111;COTAS;27743705.906431000000000;49996708000133
202512;391;9970000000;COTAS;229679994.324119000000000;
202512;361;2001002238;COTAS;38170409.947379000000000;39725887000110
202512;535;1982000538;COTAS;11993120.445032000000000;
202512;391;1979001529;COTAS;8410582.156592000000000;
202512;361;2019002647;COTAS;8869.763501000000000;
202512;361;1980002029;COTAS;117635240.570846000000000;39725887000110
202512;535;2021002292;COTAS;879333.866896000000000;55983603000142
202512;611;2009002547;COTAS;1268521.252033000000000;
202512;611;2019002019;COTAS;310477.222735000000000;
202512;611;2009002547;COTAS;9805012.551167000000000;
202512;361;2001002165;COTAS;98565673.628473000000000;18681157000195
202512;607;1986000338;IMOVEIS;6050000.000000000000000;
202512;549;1979001456;CAIXA;868415.780000000000000;
202512;401;9970000000;COTAS;489007.169969000000000;
202512;361;2001002238;COTAS;1215164206.556787000000000;55752247000156
202512;535;1982000538;COTAS;95605523.718623000000000;17689994000106
202512;361;1980002029;COTAS;71407602.663400000000000;
202512;549;1979001456;COTAS;472985629.911433000000000;33913650000187
202512;611;2009002611;VL_PG_RC;-68747.340000000000000;
202512;611;9970000000;CAIXA;181334.260000000000000;
202512;611;2009002865;COTAS;1341245.222069000000000;
202512;655;1970000147;COTAS;1494077.760916000000000;
202512;611;1979000956;OPERACAO_PARTICIPANTE;14115715.029914383000000;
202512;361;2019002647;COTAS;28257208.765358000000000;39725887000110
202512;477;9970000000;IMOVEIS;1067994.520000000000000;
202512;361;2001002165;COTAS;8994840.649786000000000;
202512;611;1979004056;COTAS;61490514.456097000000000;42378811000170
202512;549;2005003883;COTAS;4387822.911712000000000;
202512;361;2001002238;COTAS;339278398.949599000000000;05855398000161
202512;552;2002004692;COTAS;434454.000000000000000;
202512;494;1981001174;COTAS;17291799.335563000000000;
202512;361;2019002647;COTAS;35304013.141128000000000;55167531000165
202512;391;1979001529;COTAS;264758920.560998000000000;05097813000165
202512;361;2022002938;COTAS;696908.634342000000000;18681157000195
202512;655;1999003111;COTAS;5711086.473484000000000;04118854000128
202512;504;1982001119;COTAS;22491782.934571000000000;
202512;535;2019002574;VL_PG_RC;-48120.230000000000000;
202512;361;2022002938;COTAS;737024.967207000000000;39725887000110
202512;361;2022002938;COTAS;4860503.125366000000000;
202512;504;1982001119;IMOVEIS;65139630.000000000000000;
202512;611;1979004056;TIT_PRIV;37794748.370000000000000;
202512;655;1999003111;COTAS;1063537.023653000000000;29045373000160
202512;361;2022002938;COTAS;1038447.187878000000000;55167531000165
202512;655;1999003111;COTAS;5620429.587096000000000;34791568000190
202512;391;1979001529;COTAS;81856593.152835000000000;
202512;361;2001002165;COTAS;16236254.894329000000000;57188854000160
202512;552;1979002665;COTAS;1520280.000000000000000;
202512;361;2019002647;COTAS;282761804.228538000000000;05855398000161
202512;655;1970000147;COTAS;6211347.735519000000000;20820603000147
202512;391;1979001529;COTAS;2652035.954562000000000;
202512;391;9970000000;COTAS;10506421.012290000000000;
202512;611;1983000418;COTAS;33075.808208000000000;
202512;552;2002000638;COTAS;116180206.740908000000000;05142777000104
202512;535;1982000538;COTAS;1576114.855884000000000;
202512;552;2002000638;OPERACAO_PARTICIPANTE;50637935.490598542000000;
202512;552;2002004692;IMOVEIS;12365434.940000000000000;
202512;611;1984001019;COTAS;4328939.673568000000000;
202512;391;1979001529;COTAS;13107960.000465000000000;
202512;391;2019000156;TIT_PUB;217962.740000000000000;
202512;655;2000005918;COTAS;1657191.750045000000000;19587206000198
202512;655;1970000147;VL_PG_RC;89735707.290000000000000;
202512;552;2002004692;COTAS;25132915.038358000000000;05142777000104
202512;611;1984001019;COTAS;280576972.889089000000000;
202512;655;2002001911;COTAS;2787549.415767000000000;04118854000128
202512;655;1999003111;COTAS;5118679.081411000000000;32862118000115
202512;571;1988001218;COTAS;1484824.357797000000000;
202512;611;2009002865;COTAS;2975349293.241549000000000;
202512;611;1984001019;COTAS;3466348.536074000000000;
202512;655;2002001911;COTAS;1310903.515855000000000;36615983000118
202512;312;2006003429;OPERACAO_PARTICIPANTE;212990679.950613700000000;
202512;655;1999003111;COTAS;3496657.561506000000000;39997959000189
202512;391;2020001519;COTAS;76720.163651000000000;54546764000106
202512;361;9970000000;COTAS;284626955.544657000000000;05855398000161
202512;571;1988001218;TIT_PUB;5110159470.660000000000000;
202512;326;2000005683;COTAS;296300011.387766000000000;49995995000167
202512;535;2021002292;COTAS;417693.518043000000000;09125491000171
202512;655;2002001911;COTAS;94532.952324000000000;41902409000180
202512;535;1982000538;COTAS;1145188301.884499000000000;10586926000164
202512;361;9970000000;COTAS;3795172.567755000000000;04165971000142
202512;391;2020001519;COTAS;213636.969997000000000;
202512;326;2006001574;COTAS;94198595.200806000000000;49996708000133
202512;388;9970000000;COTAS;4559219.940258000000000;
202512;655;2003002383;COTAS;0.000002000000000;
202512;361;1980002029;IMOVEIS;24559240.000000000000000;
202512;361;1980002029;OPERACAO_PARTICIPANTE;43032502.630000000000000;
202512;391;2022002865;COTAS;273609.000000000000000;
202512;361;2001002165;COTAS;597126949.159956000000000;
202512;401;1997000611;COTAS;54357927.364758000000000;
202512;361;2001002238;CAIXA;13787.970000000000000;
202512;504;1982001119;COTAS;4736394.644888000000000;
202512;655;2000005918;COTAS;1616281.976372000000000;32862118000115
202512;504;1998002918;COTAS;1441298.817478000000000;
202512;391;2022002865;VL_PG_RC;-8486.940000000000000;
202512;549;2010005929;COTAS;196931104.594676000000000;33913650000187
202512;552;1979002665;COTAS;327712.876324000000000;
202512;535;2019002574;COTAS;3201904.820002000000000;
202512;391;1979001529;COTAS;15537149.244070000000000;
202512;552;2002000638;COTAS;639117332.982054000000000;04592305000190
202512;391;1979001529;COTAS;12387971.497368000000000;
202512;549;1979001456;OPERACAO_PARTICIPANTE;7336291.270000000000000;
202512;391;1979001529;COTAS;293549.135443000000000;
202512;391;2020001519;COTAS;7120787.655797000000000;05097813000165
202512;552;2002000638;CAIXA;334070.130000000000000;
202512;391;1979001529;COTAS;847695079.983661000000000;17405933000161
202512;552;9970000000;CAIXA;34747.580000000000000;
202512;477;1991000138;IMOVEIS;3420906.420000000000000;
202512;391;1979001529;COTAS;359126596.995640000000000;63088704000188
202512;549;1979001456;COTAS;3784285.827577000000000;
202512;494;2010000838;CAIXA;25418.020000000000000;
202512;391;2019000156;VL_PG_RC;-3174.550000000000000;
202512;494;9970000000;COTAS;713660.599594000000000;
202512;391;2020001519;CAIXA;4808.160000000000000;
202512;611;2019002183;COTAS;1622770.406189000000000;
202512;477;9970000000;VL_PG_RC;517683.840000000000000;
202512;391;2022002865;CAIXA;22450.660000000000000;
202512;655;2000005918;COTAS;1777605.904468000000000;34791568000190
202512;391;9970000000;COTAS;281033313.873043000000000;05097813000165
202512;477;9970000000;COTAS;11560838.745506000000000;
202512;494;1981001174;ACOES;57950.830000000000000;
202512;552;1979002665;COTAS;130764904.337993000000000;04592305000190
202512;504;1998002918;VL_PG_RC;-1408.450000000000000;
202512;401;1997000611;CAIXA;90946.880000000000000;
202512;494;1981001174;VL_PG_RC;0.000000000000000;
202512;504;9970000000;COTAS;2454073.899918000000000;
202512;655;2003002383;ACOES;3090346.800000000000000;
202512;535;1982000538;COTAS;53594473.442808000000000;09125491000171
202512;504;1998002918;CAIXA;12000.000000000000000;
202512;655;1970000147;COTAS;663298.299415000000000;23884789000196
202512;535;2019002574;COTAS;1252317.808693000000000;
202512;504;1998002918;COTAS;530988.038892000000000;
202512;552;9970000000;TIT_PRIV;1143385.380000000000000;
202512;655;1970000147;COTAS;1202822.634352000000000;21397837000196
202512;535;2019002574;COTAS;113564.423851000000000;
202512;504;9970000000;VL_PG_RC;-940.270000000000000;
202512;504;9970000000;CAIXA;202000.000000000000000;
202512;535;2021002292;COTAS;170570.709463000000000;
202512;655;2003002529;COTAS;26626189.533093000000000;04118854000128
202512;401;9970000000;CAIXA;11844.240000000000000;
202512;535;9970000000;COTAS;743526.026067000000000;17689994000106
202512;552;2002000638;COTAS;486887.856734000000000;
202512;391;2022002865;COTAS;420934.155884000000000;17405933000161
202512;535;1982000538;COTAS;10941682.714778000000000;
202512;552;9970000000;COTAS;77692.317902000000000;
202512;552;2002004692;CAIXA;222376.420000000000000;
202512;655;2003002383;TIT_PUB;151431979.520000000000000;
202512;571;1988001218;CAIXA;152018592.110000000000000;
202512;504;1998002918;COTAS;3710377.324664000000000;
202512;571;2023001511;COTAS;717021.730295000000000;
202512;571;2023001511;TIT_PUB;65198493.000000000000000;
202512;655;2004002638;OPERACAO_PARTICIPANTE;9145081.990205205100000;
202512;388;1985001438;CAIXA;3707.200000000000000;
202512;535;1982000538;COTAS;60577726.657947000000000;55983603000142
202512;535;2019002574;COTAS;11253791.344136000000000;17689994000106
202512;571;2020002418;CAIXA;111550.540000000000000;
202512;655;2007001519;COTAS;63179013.956578000000000;
202512;571;1988001218;COTAS;23651307.414403000000000;
202512;655;1970000147;OPERACAO_PARTICIPANTE;180996882.640197001500000;
202512;552;2002000638;IMOVEIS;73616215.760000000000000;
202512;535;2019002574;COTAS;1720181.805357000000000;
202512;655;2004002638;COTAS;18588335.194983000000000;19587206000198
202512;571;2020002418;COTAS;683237.730607000000000;
202512;611;1984001019;COTAS;5629697.401786000000000;40188751000106
202512;535;2019002574;COTAS;16702218.963189000000000;05092810000139
202512;571;1988001218;OPERACAO_PARTICIPANTE;114424653.865315380400000;
202512;571;1988001218;COTAS;36056102.809485000000000;
202512;388;9970000000;CAIXA;1020.070000000000000;
202512;611;1979004056;COTAS;71907869.409220000000000;
202512;571;2023001511;CAIXA;27352.420000000000000;
202512;611;1979004056;COTAS;21273559.226114000000000;40188751000106
202512;655;2004002638;COTAS;3013822.466311000000000;46502938000100
202512;611;1990000592;COTAS;2599612.164596000000000;
202512;535;9970000000;COTAS;3653837.795027000000000;
202512;611;1980001529;VL_PG_RC;-5792.090000000000000;
202512;504;1998002918;TIT_PUB;2029607.030000000000000;
202512;611;1983000418;COTAS;327008037.117931000000000;
202512;611;1997004674;COTAS;113518085.240891000000000;
202512;655;1970000147;TIT_PUB;8084236494.370000000000000;
202512;655;2007001519;COTAS;47150.013342000000000;
202512;611;1998003183;COTAS;1187889.119548000000000;
202512;655;2007001519;COTAS;46554.585688000000000;10430028000112
202512;655;1999003111;COTAS;351937.020702000000000;41902409000180
202512;391;1979001529;COTAS;89859220.921776000000000;
202512;611;1984001019;COTAS;1520775.508755000000000;
202512;571;2020002418;COTAS;275858.804692000000000;
202512;571;2023001511;COTAS;327806.675736000000000;
202512;535;1982000538;COTAS;5221384.845248000000000;
202512;611;1979000956;TIT_PUB;6253185.500000000000000;
202512;655;2008002756;COTAS;1176963.636183000000000;29045373000160
202512;535;2021002292;COTAS;3415842.948087000000000;02846259000183
202512;552;2002000638;VL_PG_RC;-13672822.770000000000000;
202512;571;2023001511;COTAS;2412163.096431000000000;
202512;535;1999005147;CAIXA;7061.800000000000000;
202512;611;1990000592;CAIXA;12000.000000000000000;
202512;549;1979001456;COTAS;30759614.007794000000000;33913669000123
202512;655;2010000447;COTAS;1013361.391379000000000;41902409000180
202512;552;2002004692;COTAS;84268.997101000000000;
202512;611;2009002547;VL_PG_RC;-91018.550000000000000;
202512;535;9970000000;COTAS;2339142.956503000000000;02846259000183
202512;391;1979001529;COTAS;13593119511.041372000000000;01912197000106
202512;549;2005003883;COTAS;46589910.838792000000000;33913659000198
202512;611;1998003183;COTAS;1270099.783005000000000;
202512;549;2005003883;COTAS;53717870.385402000000000;33913663000156
202512;655;2010000447;COTAS;6972128.093618000000000;62680015000103
202512;655;2000005918;OPCOES;-39670.370000000000000;
202512;611;1998003183;TIT_PUB;4105415.090000000000000;
202512;571;2020002418;COTAS;7637282.832564000000000;
202512;549;2010005929;COTAS;27908663.495791000000000;33913669000123
202512;611;2009002547;COTAS;7240415.810112000000000;
202512;391;9970000000;CAIXA;31429.400000000000000;
202512;655;2010001583;COTAS;478049.605589000000000;62992257000124
202512;611;2009002547;COTAS;1449985.991679000000000;
202512;655;2010004019;COTAS;2246133.621270000000000;36617506000191
202512;549;2005003883;COTAS;53555820.052814000000000;33913669000123
202512;552;2002004692;TIT_PRIV;2515447.800000000000000;
202512;611;1979004056;OPERACAO_PARTICIPANTE;18913859.646846273000000;
202512;552;1979002665;COTAS;21893065.242290000000000;05142777000104
202512;571;2023001511;COTAS;2097523.210743000000000;
202512;611;1979000956;COTAS;22399740.112509000000000;
202512;571;2020002418;COTAS;310875.682253000000000;
202512;611;1979004056;VL_PG_RC;24347784.220000000000000;
202512;611;1980000638;VL_PG_RC;0.000000000000000;
202512;611;1979004056;COTAS;38273511.827288000000000;
202512;611;1984001019;OPERACAO_PARTICIPANTE;13185523.468261903500000;
202512;549;2010005929;COTAS;27730304.667878000000000;33913663000156
202512;552;1979002665;TIT_PRIV;9147082.950000000000000;
202512;655;2010004019;COTAS;3298313.428272000000000;39997959000189
202512;611;1990000347;COTAS;392503.460670000000000;
202512;552;1979002665;OPERACAO_PARTICIPANTE;13385036.840000000000000;
202512;611;2009002611;COTAS;26838259.890938000000000;
202512;611;2009002611;COTAS;13997653.423027000000000;
202512;494;1981001174;CAIXA;138719.280000000000000;
202512;611;2009002865;COTAS;616477951.488242000000000;
202512;611;1979004056;COTAS;330890320.289203000000000;
202512;571;2020002418;COTAS;838213.176231000000000;
202512;552;2002000638;TIT_PUB;1063070615.170000000000000;
202512;655;2007001519;COTAS;690211401.577074000000000;29045373000160
202512;611;1990000592;COTAS;1296110.619148000000000;
202512;611;2009002865;COTAS;271791884.507145000000000;
202512;571;2023001511;COTAS;194839.264835000000000;
202512;655;2003002219;COTAS;274555.900538000000000;04118854000128
202512;611;2019002183;VL_PG_RC;-44822.640000000000000;
202512;611;1984001019;COTAS;911598.413150000000000;
202512;611;1997004038;COTAS;1567506467.331106000000000;
202512;611;1980001529;TIT_PRIV;1029428.940000000000000;
202512;655;2018000292;IMOVEIS;2337751790.220000000000000;
202512;611;1990000347;COTAS;167425.946036000000000;40188751000106
202512;655;1970000147;COTAS;13197312.301892000000000;05117292000160
202512;391;2022002865;COTAS;1942161.272642000000000;19351264000118
202512;655;2003002383;CAIXA;0.000000000000000;
202512;549;9970000000;CAIXA;13448.310000000000000;
202512;552;2002004692;COTAS;174807.714732000000000;
202512;611;2010004418;COTAS;46375786.966525000000000;
202512;549;9970000000;COTAS;17565100.651188000000000;33913650000187
202512;655;2003002383;COTAS;282230.087084000000000;05117292000160
202512;607;9970000000;CAIXA;133702.770000000000000;
202512;655;2007001519;COTAS;2588159650.417118000000000;36615983000118
202512;655;2004001747;VL_PG_RC;0.000000000000000;
202512;611;2019002019;COTAS;65381.031688000000000;
202512;655;2004002638;COTAS;896440.015107000000000;36617506000191
202512;391;2022002865;COTAS;274864.069537000000000;54546764000106
202512;655;2008002756;COTAS;3869609.023642000000000;39997959000189
202512;655;2019003619;VL_PG_RC;-748649.200000000000000;
202512;571;2020002418;COTAS;767640.053402000000000;
202512;611;1979000956;CAIXA;20838.740000000000000;
202512;611;1990000592;TIT_PUB;6518909.450000000000000;
202512;504;1998002918;COTAS;482477.556661000000000;
202512;401;9970000000;VL_PG_RC;0.000000000000000;
202512;655;2021000011;COTAS;486733620.391808000000000;19587206000198
202512;477;9970000000;COTAS;24095.478003000000000;
202512;494;9970000000;VL_PG_RC;0.000000000000000;
202512;552;1979002665;TIT_PUB;570410133.710000000000000;
202512;655;2010000447;COTAS;20616938.870909000000000;33255042000122
202512;552;2002000638;COTAS;1772058.814510000000000;
202512;611;1983000418;TIT_PUB;1104010.680000000000000;
202512;655;2007001519;COTAS;-396296.280514000000000;
202512;611;1997004038;COTAS;38994679.142211000000000;
202512;655;2010001583;COTAS;2494276.745549000000000;32862087000100
202512;571;1988001218;COTAS;187841.114956000000000;
202512;611;1979004056;COTAS;1079468699.197243000000000;
202512;571;1988001218;COTAS;43561112.479308000000000;
202512;571;1988001218;COTAS;10365163.000000000000000;
202512;611;2019002019;COTAS;4028943.992634000000000;
202512;611;2019002183;COTAS;1432094.275830000000000;
202512;535;1999005147;COTAS;144641801.282141000000000;
202512;655;1999003111;COTAS;1266132.147961000000000;34081202000127
202512;571;1988001218;VL_PG_RC;-10216864.380000000000000;
202512;655;2000005918;TIT_PUB;144456.830000000000000;
202512;504;1982001119;COTAS;13220459.189261000000000;
202512;571;1988001218;COTAS;10396535.273513000000000;
202512;571;2020002418;COTAS;1001404.000000000000000;
202512;571;1988001218;COTAS;86087158.499678000000000;
202512;535;2019002574;COTAS;130125.252936000000000;
202512;571;2020002418;COTAS;851211.387309000000000;
202512;571;2023001511;COTAS;812623.246092000000000;
202512;549;1979001456;VL_PG_RC;358197.120000000000000;
202512;611;1979000956;ACOES;2120990.500000000000000;
202512;611;1979000956;COTAS;2758972117.642890000000000;
202512;655;2002000492;CAIXA;0.000000000000000;
202512;549;9970000000;VL_PG_RC;-2665.760000000000000;
202512;655;2002001911;COTAS;680760.640281000000000;62992257000124
202512;611;1979000956;VL_PG_RC;-413626.810000000000000;
202512;655;2003002383;OPERACAO_PARTICIPANTE;2771305.850000000000000;
202512;611;1979004056;CAIXA;102000.000000000000000;
202512;552;1979002665;VL_PG_RC;-8329497.400000000000000;
202512;611;1979004056;COTAS;17626235.972436000000000;
202512;504;1982001119;TIT_PUB;1179494115.130000000000000;
202512;571;1988001218;IMOVEIS;29110400.000000000000000;
202512;655;2003002456;CAIXA;0.000000000000000;
202512;552;2002000638;TIT_PRIV;14635332.730000000000000;
202512;535;1982000538;COTAS;4869284.122640000000000;
202512;552;9970000000;COTAS;37452.942904000000000;
202512;655;2003002456;COTAS;-269725.080591000000000;
202512;535;1982000538;COTAS;11307458.671655000000000;
202512;571;2020002418;COTAS;490923.090000000000000;
202512;552;9970000000;VL_PG_RC;-1110897.320000000000000;
202512;571;2020002418;COTAS;146528.189253000000000;
202512;535;1982000538;COTAS;23659773.660803000000000;
202512;571;2020002418;COTAS;984932.300980000000000;
202512;571;2020002418;COTAS;667006.506462000000000;
202512;535;1982000538;VL_PG_RC;5523160.010000000000000;
202512;571;2020002418;COTAS;7651369.087675000000000;
202512;571;2020002418;TIT_PUB;955014.680000000000000;
202512;535;2019002574;COTAS;188242.290708000000000;
202512;535;2021002292;COTAS;1109176.642655000000000;
202512;571;1988001218;COTAS;1125862.609297000000000;
202512;571;2023001511;COTAS;1500333.393883000000000;
202512;549;2010005929;CAIXA;5489.680000000000000;
202512;571;2023001511;COTAS;768940.218283000000000;
202512;607;9970000000;VL_PG_RC;0.000000000000000;
202512;611;1979000956;COTAS;12232824.292760000000000;
202512;571;2023001511;COTAS;11997468.232764000000000;
202512;549;2010005929;VL_PG_RC;379780.890000000000000;
202512;611;1979004056;COTAS;310203059.884787000000000;
202512;549;9970000000;COTAS;250299.574148000000000;
202512;571;9970000000;COTAS;2920934.275479000000000;
202512;611;1979004056;COTAS;26407816.992192000000000;42378671000130
202512;611;1980001529;CAIXA;12000.000000000000000;
202512;611;1980001529;COTAS;4788891.368380000000000;
202512;571;9970000000;COTAS;10505705.951010000000000;
202512;611;1984001019;COTAS;1706500691.833164000000000;
202512;611;1983000418;COTAS;1387194.273947000000000;
202512;611;1979004056;COTAS;69753819.838712000000000;
202512;655;2006001256;VL_PG_RC;0.000000000000000;
202512;611;1990000347;COTAS;20015240.755835000000000;
202512;552;2002004692;COTAS;98939607.157047000000000;04592305000190
202512;571;1988001218;COTAS;2109393.306326000000000;
202512;611;1997004038;COTAS;23228740.254528000000000;14097532000101
202512;655;2010004019;COTAS;1427474.037991000000000;62992257000124
202512;571;1988001218;COTAS;40680217.629589000000000;
202512;611;1980001529;TIT_PUB;46170919.980000000000000;
202512;611;1984001019;COTAS;6057837.676201000000000;
202512;611;1983000418;CAIXA;12000.000000000000000;
202512;655;2007001519;COTAS;3812131094.175629000000000;04118854000128
202512;655;2003002456;COTAS;73866339.555274000000000;04118854000128
202512;655;2007001519;COTAS;1659426183.820585000000000;19587206000198
202512;655;2021003183;COTAS;31876.817074000000000;
202512;571;2020002418;COTAS;961670.593798000000000;
202512;611;1984001019;VL_PG_RC;-288668.150000000000000;
202512;655;2007001519;COTAS;2039694.625257000000000;20815620000196
202512;611;1990000347;COTAS;752096.653476000000000;
202512;655;2018000292;COTAS;57451.113389000000000;
202512;655;2007001519;COTAS;12820190214.026150000000000;34791568000190
202512;611;1984001019;COTAS;55964807.289361000000000;
202512;611;1984001019;COTAS;15212454.089568000000000;42378811000170
202512;611;1997004038;VL_PG_RC;-481793.240000000000000;
202512;552;2002004692;TIT_PUB;244049563.390000000000000;
202512;571;2023001511;COTAS;2639709.313545000000000;
202512;655;2021003183;COTAS;2933929.105204000000000;18330535000196
202512;611;1990000347;TIT_PUB;24610904.670000000000000;
202512;611;1990000592;COTAS;4482402.203127000000000;
202512;611;1990000347;COTAS;14944.231133000000000;
202512;552;9970000000;COTAS;133740.293208000000000;
202512;611;1990000347;COTAS;146877.016179000000000;
202512;655;2007001519;OPCOES;-88033482.540000000000000;
202512;611;1998003183;COTAS;4110571.731355000000000;
202512;611;1990000347;COTAS;837122.931461000000000;
202512;611;2006005383;CAIXA;12000.000000000000000;
202512;655;2021003183;COTAS;67675.093824000000000;23884799000121
202512;611;1990000592;COTAS;1478594.630400000000000;
202512;611;1990000347;COTAS;1226299.196438000000000;
202512;655;2018000292;COTAS;416059.879645000000000;10430028000112
202512;611;2009002547;TIT_PUB;542186551.720000000000000;
202512;611;2009002547;COTAS;267128.220252000000000;
202512;655;2021003183;COTAS;56538130.607265000000000;32862087000100
202512;655;2007001519;VL_PG_RC;-12289142.980000000000000;
202512;611;1990000592;COTAS;188180.819355000000000;
202512;611;2009002611;COTAS;47627340.281124000000000;
202512;611;1997004038;COTAS;279288482.217949000000000;
202512;611;2009002865;VL_PG_RC;-1894729.910000000000000;
202512;611;1997004674;CAIXA;65650.000000000000000;
202512;571;2020002418;COTAS;147628.700922000000000;
202512;655;2008002756;COTAS;1401169.466554000000000;34081202000127
202512;611;2009002865;COTAS;6369218.635115000000000;
202512;655;2007001519;COTAS;48307203.643239000000000;
202512;611;1997004674;COTAS;193361794.394539000000000;
202512;655;2007001519;OPERACAO_PARTICIPANTE;1587792971.966508878600000;
202512;611;1979000956;IMOVEIS;9202410.000000000000000;
202512;655;2010000447;TIT_PUB;1390397.050000000000000;
202512;611;2009002547;TIT_PRIV;16470863.110000000000000;
202512;611;1998003183;VL_PG_RC;-22938.990000000000000;
202512;571;2020002418;COTAS;6200088.280624000000000;
202512;611;2006005383;VL_PG_RC;-13566.550000000000000;
202512;571;1988001218;COTAS;10397674.773098000000000;
202512;611;2009002547;COTAS;3594989.002386000000000;
202512;611;2006005383;COTAS;1483147.444074000000000;
202512;571;2020002418;COTAS;796058.031822000000000;
202512;611;2019002183;TIT_PRIV;735306.390000000000000;
202512;611;2009002611;CAIXA;14000.000000000000000;
202512;611;1979004056;COTAS;3711774.725249000000000;
202512;611;2009002865;COTAS;17070957.134503000000000;
202512;611;1979004056;COTAS;71939887.592754000000000;
202512;611;1997004038;COTAS;1929140.898988000000000;
202512;611;2009002611;TIT_PRIV;4538001.350000000000000;
202512;611;1997004674;COTAS;2399840.609685000000000;
202512;655;2008002756;CAIXA;60679.350000000000000;
202512;611;2009002865;COTAS;599695864.528339000000000;
202512;611;2009002865;COTAS;6298557151.878327000000000;
202512;655;1999003111;TIT_PUB;469484.720000000000000;
202512;655;1970000147;COTAS;9966877.291628000000000;
202512;611;1984001019;COTAS;18199714.553612000000000;
202512;655;2019003619;COTAS;632051897.790568000000000;04118854000128
202512;571;9970000000;COTAS;4546875.075853000000000;
202512;655;2003002618;COTAS;0.000009000000000;
202512;611;1998003183;CAIXA;12008.390000000000000;
202512;655;2010000447;CAIXA;518793.870000000000000;
202512;655;2021003183;OPERACAO_PARTICIPANTE;35854047.642513563700000;
202512;571;1988001218;COTAS;57094382.880220000000000;
202512;611;2009002547;COTAS;2950882.247790000000000;40188751000106
202512;655;1970000147;COTAS;-64476.186851000000000;
202512;611;2009002865;COTAS;1404991171.746156000000000;
202512;611;2010004418;COTAS;22285907.804133000000000;
202512;611;2009002865;COTAS;64579378.039139000000000;14097532000101
202512;611;2009002547;COTAS;3485746.552930000000000;
202512;611;1979000956;COTAS;11232699.751253000000000;
202512;655;1970000147;COTAS;17777.499807000000000;
202512;655;1970000147;COTAS;136392.948849000000000;
202512;611;1997004038;COTAS;5298420.322789000000000;
202512;655;1970000147;COTAS;4142854.164542000000000;60823195000100
202512;655;2010001583;COTAS;1104492.908060000000000;39997959000189
202512;655;2010001583;COTAS;4873065.750790000000000;04118854000128
202512;655;2000005918;CAIXA;0.000000000000000;
202512;655;2010004019;CAIXA;0.000000000000000;
202512;655;1999003111;COTAS;2420985.768369000000000;62680015000103
202512;686;2022000765;TIT_PUB;108257081.960000000000000;
202512;611;1979004056;COTAS;24231371.116160000000000;
202512;611;2019002019;COTAS;9985868.096385000000000;
202512;611;1979004056;COTAS;38680076.254107000000000;
202512;571;2020002418;COTAS;274419.492742000000000;
202512;655;1970000147;COTAS;28555066.962334000000000;18330535000196
202512;571;2023001511;COTAS;3474594.281788000000000;
202512;655;2003002618;TIT_PUB;103664388.440000000000000;
202512;611;2019002019;TIT_PUB;206354844.250000000000000;
202512;611;1997004674;VL_PG_RC;-153607.150000000000000;
202512;571;2023001511;COTAS;34720705.919298000000000;
202512;655;2000005918;COTAS;336435.356968000000000;29045373000160
202512;611;2009002865;CAIXA;54819.910000000000000;
202512;655;1970000147;COTAS;2394745.102870000000000;23884799000121
202512;571;2023001511;VL_PG_RC;-2131.340000000000000;
202512;611;2019002183;COTAS;5604.079848000000000;
202512;655;2018000292;COTAS;4828374.589731000000000;
202512;691;1981000429;COTAS;8907913.245771000000000;
202512;691;1981000429;COTAS;4451596.897238000000000;
202512;611;9970000000;COTAS;25271087.368985000000000;
202512;655;2000005918;COTAS;766186.618765000000000;62680015000103
202512;655;2002001911;COTAS;2356668.291291000000000;19587206000198
202512;655;1970000147;CAIXA;130833.130000000000000;
202512;655;2003002529;VL_PG_RC;0.000000000000000;
202512;655;1999003111;COTAS;5240361.500601000000000;19587206000198
202512;655;1999003111;VL_PG_RC;0.000000000000000;
202512;93;1979002592;COTAS;21955633.912959000000000;19550171000112
202512;655;2003002618;ACOES;17763411.950000000000000;
202512;655;2000005918;COTAS;437444.256701000000000;04118854000128
202512;93;1996002929;COTAS;36047782.849553000000000;03211696000193
202512;655;2007001519;COTAS;16177616.606911000000000;
202512;655;2000005918;COTAS;1105974.228460000000000;39997959000189
202512;93;2000002692;COTAS;730343121.312960000000000;10786641000177
202512;655;2000007392;COTAS;526706.358759000000000;04118854000128
202512;655;2007001519;COTAS;886948.828709000000000;23884799000121
202512;93;2000002692;VL_PG_RC;-41504.660000000000000;
202512;655;2002000492;VL_PG_RC;0.000000000000000;
202512;93;2005003956;COTAS;539761.148269000000000;39379846000110
202512;93;2015001638;COTAS;2033221.387086000000000;39379846000110
202512;655;2002001911;COTAS;3563249.691600000000000;32862087000100
202512;93;2021002365;COTAS;167389.200000000000000;
202512;93;2021002365;COTAS;1121532.758446000000000;
202512;655;2007001519;COTAS;3285175025.593207000000000;33255042000122
202512;93;9970000000;COTAS;10795223.078731000000000;39379846000110
202512;655;2010004019;COTAS;7486197.900652000000000;32862087000100
202512;655;2007001519;COTAS;768579457.678490000000000;34081202000127
202512;655;2002001911;TIT_PUB;216685.260000000000000;
202512;655;2004002638;COTAS;16555826.521008000000000;62680015000103
202512;655;2002003874;COTAS;225547.728642000000000;04118854000128
202512;93;9970000000;TIT_PUB;151663700.880000000000000;
202512;117;1979004765;COTAS;26.962950000000000;
202512;117;1979004765;COTAS;4515577.391707000000000;
202512;655;2002003874;VL_PG_RC;-17.910000000000000;
202512;117;1979004765;COTAS;149197609.897181000000000;03211632000192
202512;117;2013002238;CAIXA;12637.690000000000000;
202512;655;2003002383;COTAS;155039.870636000000000;60823195000100
202512;117;2013002238;COTAS;26894799.006696000000000;
202512;655;2018000292;COTAS;24371752.510943000000000;05117292000160
202512;611;2019002183;COTAS;37842860.798628000000000;
202512;571;9970000000;TIT_PUB;20661457.690000000000000;
202512;655;1970000147;TIT_PRIV;9044909.860000000000000;
202512;655;2000005918;COTAS;921837.432285000000000;36615983000118
202512;655;1970000147;COTAS;128744.322498000000000;10430028000112
202512;611;2009002865;COTAS;7502821.695916000000000;
202512;655;2000007392;CAIXA;0.000000000000000;
202512;655;2003002456;COTAS;31598.220771000000000;
202512;655;2000005918;COTAS;2499543.859302000000000;32862087000100
202512;655;2018000292;CAIXA;376950.960000000000000;
202512;655;2018000292;COTAS;440777.759628000000000;
202512;655;1970000147;COTAS;626707.648547000000000;
202512;655;2002000883;COTAS;43618.461324000000000;04118854000128
202512;611;2010004418;COTAS;382599.579882000000000;
202512;607;1986000338;VL_PG_RC;22780.990000000000000;
202512;611;2010004418;COTAS;784410.866256000000000;
202512;611;2019002183;COTAS;11400952.512966000000000;
202512;655;2007001519;ACOES;50171737.900000000000000;
202512;655;2003002138;VL_PG_RC;0.000000000000000;
202512;655;1970000147;COTAS;5821459.460052000000000;21397715000108
202512;611;1979000956;COTAS;165519196.218705000000000;
202512;655;2018000292;COTAS;92280712.074650000000000;18330535000196
202512;655;2021000011;COTAS;121332.909098000000000;23884789000196
202512;655;2002001911;OPCOES;-56394.090000000000000;
202512;655;2007001519;COTAS;792503329.721274000000000;41902409000180
202512;655;2003002456;COTAS;594400.736280000000000;23884799000121
202512;655;1999003111;OPCOES;-125507.250000000000000;
202512;655;2003002383;COTAS;-40049.987424000000000;
202512;611;1983000418;VL_PG_RC;114078.850000000000000;
202512;655;2007001519;COTAS;435568214.930409000000000;60627509000190
202512;655;2007001519;TIT_PUB;21504790363.020000000000000;
202512;655;2007001519;TIT_PRIV;74287341.950000000000000;
202512;655;2003002618;COTAS;751891.741799000000000;60823195000100
202512;655;2003002138;COTAS;310794.213629000000000;04118854000128
202512;655;2000005918;COTAS;725003.424590000000000;36617506000191
202512;655;2002000883;CAIXA;0.000000000000000;
202512;655;2007001519;COTAS;105883216.191445000000000;62680015000103
202512;655;2002001911;CAIXA;0.000000000000000;
202512;655;2018000292;COTAS;13387862.473403000000000;60823195000100
202512;655;2008002756;COTAS;3225303.173158000000000;36615983000118
202512;655;2003002383;COTAS;38585520.231935000000000;04118854000128
202512;655;2002001911;COTAS;2290257.278437000000000;32862118000115
202512;611;2019002183;COTAS;959712.496533000000000;
202512;611;1979004056;COTAS;175993081.034625000000000;
202512;611;1984001019;COTAS;170921.749927000000000;
202512;611;1980001529;COTAS;739259.877938000000000;
202512;655;2019003783;COTAS;155978958.340133000000000;04118854000128
202512;655;1999003111;COTAS;2914449.871533000000000;36615983000118
202512;655;2003002219;VL_PG_RC;-245.630000000000000;
202512;655;2008002756;COTAS;8714637.207102000000000;32862087000100
202512;655;2008002756;COTAS;7923895.274916000000000;33255042000122
202512;655;2008002756;COTAS;1213654.013379000000000;60627509000190
202512;611;2010004418;VL_PG_RC;-39860.550000000000000;
202512;655;2021000011;CAIXA;17669.880000000000000;
202512;655;2003002456;OPERACAO_PARTICIPANTE;24173693.270442056700000;
202512;655;2021000011;ACOES;46747328.510000000000000;
202512;611;9970000000;VL_PG_RC;-4265.180000000000000;
202512;655;2008002756;COTAS;1674894.079384000000000;62992257000124
202512;655;2003002383;VL_PG_RC;-769396.580000000000000;
202512;611;1984001019;COTAS;5963981.741146000000000;
202512;655;2000005918;COTAS;400499.731496000000000;34081202000127
202512;655;2008002756;VL_PG_RC;-5806.600000000000000;
202512;655;2021000011;COTAS;24949.489295000000000;
202512;655;2003002529;CAIXA;0.000000000000000;
202512;691;1981000429;TIT_PRIV;0.000000000000000;
202512;655;2008002756;OPCOES;-138894.880000000000000;
202512;611;1983000418;OPERACAO_PARTICIPANTE;677123.600000000000000;
202512;655;1970000147;COTAS;0.000044000000000;
202512;655;2003002383;COTAS;105124.001800000000000;11965107000190
202512;655;2003002618;COTAS;26038.650408000000000;
202512;655;2021003183;COTAS;3617.192124000000000;10430028000112
202512;655;2021000011;COTAS;5223395.663745000000000;18330535000196
202512;611;1984001019;COTAS;17646672.139317000000000;
202512;655;2021000011;COTAS;8018874.845981000000000;
202512;611;1990000592;VL_PG_RC;-4297.970000000000000;
202512;655;1970000147;IMOVEIS;723386887.300000000000000;
202512;655;2021000011;COTAS;144917.142598000000000;21397837000196
202512;655;2010000447;COTAS;3062274.633190000000000;29045373000160
202512;655;2004002638;COTAS;17598635.761260000000000;29045373000160
202512;611;1997004038;COTAS;717241806.524633000000000;
202512;655;2021000011;COTAS;170307736.489405000000000;41902409000180
202512;655;2021000011;OPERACAO_PARTICIPANTE;144416918.875215857000000;
202512;611;1997004674;COTAS;11620768.045924000000000;14097532000101
202512;655;2021003183;COTAS;132521.871807000000000;20820603000147
202512;655;2004002638;COTAS;101127650.511780000000000;34791568000190
202512;655;2021003183;COTAS;68426904.265974000000000;19587206000198
202512;655;2021003183;COTAS;158967.547831000000000;20815620000196
202512;655;2021003183;COTAS;21050000.805228000000000;29045373000160
202512;655;2021003183;COTAS;59417893.981839000000000;36615983000118
202512;611;1998003183;OPERACAO_PARTICIPANTE;105379.560000000000000;
202512;655;2021003183;COTAS;34141820.022291000000000;62680015000103
202512;655;2002001911;COTAS;3220615.740604000000000;33255042000122
202512;655;2010000447;COTAS;22730166.376607000000000;32862087000100
202512;611;2009002611;COTAS;7616792.287841000000000;
202512;655;2002001911;COTAS;1003100.629007000000000;36617506000191
202512;655;9970000000;COTAS;638156.498925000000000;60823195000100
202512;655;2010000447;COTAS;16182108.234137000000000;34791568000190
202512;655;2007001519;CAIXA;3555292.800000000000000;
202512;655;2003002383;COTAS;43950.264316000000000;21397837000196
202512;655;2010001583;COTAS;920607.104720000000000;36615983000118
202512;655;2007001519;COTAS;2189891221.011601000000000;39997959000189
202512;655;2003002456;COTAS;0.000011000000000;
202512;655;2008002756;COTAS;5799061.745749000000000;19587206000198
202512;655;2010001583;VL_PG_RC;0.000000000000000;
202512;655;2021000011;COTAS;1136202.094201000000000;20820603000147
202512;655;2010001583;COTAS;1655457.019476000000000;19587206000198
202512;686;1978000529;ACOES;4599262.440000000000000;
202512;691;2002004765;COTAS;12392868.657587000000000;
202512;655;2008002756;OPERACAO_PARTICIPANTE;1611624.700000000000000;
202512;655;2003002618;CAIXA;0.000000000000000;
202512;655;2004002638;COTAS;153168.357313000000000;
202512;655;2003002618;IMOVEIS;8740784.150000000000000;
202512;655;2018000292;COTAS;-3459193.541852000000000;
202512;655;2003002618;OPERACAO_PARTICIPANTE;5847351.670136489000000;
202512;655;2008002756;TIT_PUB;541713.130000000000000;
202512;655;2021003183;COTAS;6141738.627262000000000;34791568000190
202512;611;1984001019;COTAS;6570932.342957000000000;42378671000130
202512;655;2004001747;COTAS;620520.874289000000000;04118854000128
202512;611;1990000347;TIT_PRIV;1028732.260000000000000;
202512;655;2019003783;TIT_PUB;1648827171.090000000000000;
202512;655;2021003183;COTAS;11111933.748719000000000;60627509000190
202512;611;1990000347;VL_PG_RC;-5538.380000000000000;
202512;655;2002001911;COTAS;478385.808508000000000;29045373000160
202512;655;1970000147;COTAS;9283144.209591000000000;21397791000105
202512;655;2021000011;COTAS;3377427.600404000000000;05117292000160
202512;611;2019002183;COTAS;26612.333377000000000;
202512;655;2021000011;COTAS;22672207.521394000000000;46502938000100
202512;611;2019002183;COTAS;22595591.455681000000000;
202512;655;2008002756;COTAS;6219961.667324000000000;34791568000190
202512;655;2000005918;VL_PG_RC;0.000000000000000;
202512;655;2021000011;COTAS;23791168.459486000000000;60823195000100
202512;655;2021003183;COTAS;22452760.432640000000000;34081202000127
202512;655;2010000447;COTAS;5972535.594236000000000;36617506000191
202512;655;2018000292;COTAS;2143564.817054000000000;23884789000196
202512;655;1970000147;COTAS;-1070393.837431000000000;
202512;655;2018000292;COTAS;18305380.894655000000000;20815620000196
202512;655;2002001911;COTAS;2528442.784598000000000;34791568000190
202512;655;2010001583;OPCOES;-39608.810000000000000;
202512;655;2002001911;COTAS;1013466.391311000000000;62680015000103
202512;655;2004001747;CAIXA;0.000000000000000;
202512;686;1978000529;VL_PG_RC;-718232.800000000000000;
202512;655;2021003183;COTAS;53613834.295302000000000;39997959000189
202512;655;2021003183;COTAS;25221844.855479000000000;62992257000124
202512;655;2004002638;COTAS;27184465.654353000000000;33255042000122
202512;655;2018000292;COTAS;3943386.980285000000000;21397837000196
202512;686;2022001192;COTAS;22492.590805000000000;
202512;686;9970000000;COTAS;1434315.949215000000000;
202512;655;2004002638;COTAS;59561270.249322000000000;04118854000128
202512;655;2021000011;COTAS;-195781.550091000000000;
202512;655;2010004019;COTAS;1003198.240767000000000;29045373000160
202512;655;2010004019;COTAS;5301799.741786000000000;34791568000190
202512;655;2000007392;VL_PG_RC;0.000000000000000;
202512;655;2003002138;CAIXA;0.000000000000000;
202512;655;2010001583;COTAS;111168.740992000000000;41902409000180
202512;655;2003002219;CAIXA;0.000000000000000;
202512;655;2003002383;COTAS;341704.374878000000000;21397791000105
202512;655;2003002383;COTAS;88238.850488000000000;23884799000121
202512;691;2002004765;TIT_PUB;8412848272.620000000000000;
202512;655;2004002638;COTAS;9047754.895228000000000;39997959000189
202512;691;9970000000;COTAS;5441044.823259000000000;
202512;655;2003002456;VL_PG_RC;-2208681.170000000000000;
202512;655;2003002456;ACOES;20822424.100000000000000;
202512;655;2003002618;COTAS;1897956.043523000000000;21397791000105
202512;655;2021000011;COTAS;0.000008000000000;
202512;655;2004002638;CAIXA;1439.380000000000000;
202512;713;1998006174;IMOVEIS;2932684.780000000000000;
202512;655;2003002618;VL_PG_RC;-1700438.660000000000000;
202512;713;2011000556;COTAS;51702.879101000000000;10948652000106
202512;731;2006005611;COTAS;426585692.789162000000000;61707947000121
202512;655;2004002638;COTAS;607399.944129000000000;
202512;655;2004002638;COTAS;11083274.762830000000000;41902409000180
202512;655;2021000011;COTAS;67217339.802546000000000;34081202000127
202512;655;2007001519;COTAS;0.000016000000000;
202512;655;2007001519;COTAS;1809346.446365000000000;
202512;655;2004002638;COTAS;21512902.763772000000000;32862087000100
202512;655;2008002756;COTAS;389474.386816000000000;41902409000180
202512;758;4007580065;TIT_PUB;14365362.470000000000000;
202512;655;2004002638;COTAS;16933137.116939000000000;32862118000115
202512;655;2021000011;TIT_PUB;547355623.530000000000000;
202512;792;1998000818;COTAS;77058.161134000000000;29983445000110
202512;655;2008002756;COTAS;2679375.712695000000000;62680015000103
202512;792;1998000818;VL_PG_RC;-12787.300000000000000;
202512;655;2007001519;COTAS;158799122.411065000000000;18330535000196
202512;792;1999002865;COTAS;1628661.874176000000000;
202512;655;2010004019;TIT_PUB;433370.510000000000000;
202512;792;1999002865;COTAS;2351966.565381000000000;
202512;792;1999002865;COTAS;5487123.816696000000000;
202512;655;2007001519;COTAS;2888348.016329000000000;23884789000196
202512;655;2021003183;COTAS;-1375.730421000000000;
202512;792;1999002865;COTAS;961386.005700000000000;
202512;655;2021003183;COTAS;13638000.764334000000000;41902409000180
202512;655;1970000147;COTAS;3608095131.801603000000000;04118854000128
202512;792;1999002938;COTAS;39580369.354506000000000;
202512;655;2007001519;COTAS;433438.298215000000000;21397837000196
202512;655;2018000292;COTAS;0.000142000000000;
202512;655;9970000000;COTAS;14739270.431768000000000;34081202000127
202512;802;2003001956;CAIXA;131814.780000000000000;
202512;655;2007001519;COTAS;3271914527.212365000000000;32862087000100
202512;655;2018000292;COTAS;13757647.648376000000000;62680015000103
202512;655;2008002756;COTAS;10943780.475092000000000;04118854000128
202512;655;2021003183;TIT_PRIV;1585432.560000000000000;
202512;655;2021003183;OPCOES;-2224632.500000000000000;
202512;655;2010000447;COTAS;14736088.901124000000000;32862118000115
202512;821;1988000238;COTAS;2368525.065769000000000;
202512;655;2004002638;TIT_PUB;215405440.370000000000000;
202512;655;9970000000;COTAS;954822.552059000000000;21397791000105
202512;691;2002004765;COTAS;8839360.011382000000000;
202512;655;2018000292;OPERACAO_PARTICIPANTE;1275286567.392778714700000;
202512;655;2018000292;TIT_PRIV;29289093.740000000000000;
202512;655;2004002638;COTAS;8882724.715884000000000;62992257000124
202512;691;2002004765;COTAS;158635684.486252000000000;42067084000120
202512;655;2010001583;COTAS;2261739.102494000000000;33255042000122
202512;655;2010001583;COTAS;764948.345462000000000;62680015000103
202512;655;1999003111;CAIXA;106801.540000000000000;
202512;655;2019003619;CAIXA;2577.140000000000000;
202512;686;1978000529;COTAS;21278.415863000000000;
202512;655;9970000000;OPCOES;-945514.850000000000000;
202512;655;2010001583;COTAS;380461.382178000000000;60627509000190
202512;655;1999003111;COTAS;7160193.744034000000000;33255042000122
202512;686;2022001192;IMOVEIS;10495941.640000000000000;
202512;655;1999003111;COTAS;3344299.549404000000000;36617506000191
202512;713;2011000556;COTAS;94118195.201425000000000;
202512;655;9970000000;IMOVEIS;10700000.000000000000000;
202512;655;2010004019;COTAS;4790064.021792000000000;32862118000115
202512;655;2018000292;TIT_PUB;33462453480.610000000000000;
202512;821;1988000238;COTAS;370550.595216000000000;
202512;655;2006001256;CAIXA;0.000000000000000;
202512;655;2018000292;COTAS;32209713.712257000000000;
202512;655;2021000011;COTAS;-11795.089773000000000;
202512;713;2011000556;VL_PG_RC;1464083.840000000000000;
202512;655;2019003783;VL_PG_RC;-86823.060000000000000;
202512;686;2022001729;ACOES;3605861.500000000000000;
202512;655;2007001519;COTAS;1036337.360838000000000;11965107000190
202512;611;1997004674;COTAS;1123403.032336000000000;
202512;655;2021000011;COTAS;219438453.096595000000000;33255042000122
202512;655;2018000292;COTAS;7739039.207348000000000;23884799000121
202512;655;2007001519;COTAS;375313904.052229000000000;46502938000100
202512;611;1997004674;COTAS;80283167.926849000000000;
202512;655;2007001519;COTAS;5741615.757148000000000;
202512;655;2021000011;COTAS;45203924.128416000000000;60627509000190
202512;655;2021000011;OPCOES;-5167504.670000000000000;
202512;611;1998003183;COTAS;197971772.188774000000000;
202512;655;2000005918;COTAS;478656.807340000000000;62992257000124
202512;713;9970000000;COTAS;2956699.241878000000000;
202512;655;2018000292;COTAS;2025327.271962000000000;
202512;655;2019003619;TIT_PUB;3110880772.340000000000000;
202512;713;9970000000;VL_PG_RC;-2145.880000000000000;
202512;655;2002001911;OPERACAO_PARTICIPANTE;202356.550000000000000;
202512;611;2009002547;COTAS;217618571.693114000000000;
202512;655;2021000011;VL_PG_RC;16207187.900000000000000;
202512;655;2007001519;COTAS;430342503.612037000000000;60823195000100
202512;655;2007001519;COTAS;3438311.336152000000000;21397791000105
202512;655;2018000292;COTAS;-208382.344634000000000;
202512;686;2022000765;ACOES;40768069.310000000000000;
202512;821;1988000238;TIT_PUB;22708615.030000000000000;
202512;655;2021000011;TIT_PRIV;1658518.440000000000000;
202512;611;2009002547;COTAS;9828947.431022000000000;
202512;655;2021003183;COTAS;0.000001000000000;
202512;727;1971000256;COTAS;199.145902000000000;
202512;655;2018000292;COTAS;9279337.276493000000000;11965107000190
202512;655;9970000000;COTAS;13107.988354000000000;
202512;655;2002003874;CAIXA;147373.210000000000000;
202512;611;2009002611;COTAS;220333393.127731000000000;
202512;727;1971000256;TIT_PRIV;18459259.520000000000000;
202512;864;1971000183;CAIXA;2764483.550000000000000;
202512;611;2009002611;COTAS;1995739.195105000000000;
202512;686;2022000765;COTAS;59517813.336157000000000;
202512;686;2022001729;COTAS;4860897.479804000000000;
202512;655;2018000292;COTAS;223252049.584759000000000;41902409000180
202512;655;2021003183;TIT_PUB;325831149.750000000000000;
202512;686;2022001656;COTAS;12324967.380701000000000;
202512;655;2021000011;COTAS;90823827.339196000000000;29045373000160
202512;655;2003002618;COTAS;-230634.968899000000000;
202512;655;9970000000;COTAS;-164900.030863000000000;
202512;655;2007001519;COTAS;947468473.289029000000000;62992257000124
202512;655;2021003183;COTAS;13372.296269000000000;
202512;686;9970000000;CAIXA;4834.570000000000000;
202512;655;2021000011;COTAS;525539574.756352000000000;34791568000190
202512;655;2010000447;COTAS;3645745.875586000000000;34081202000127
202512;686;2022001729;COTAS;7039731.342096000000000;
202512;655;2021000011;COTAS;505536.591468000000000;11965107000190
202512;655;2021000011;COTAS;97547676.005047000000000;39997959000189
202512;655;2008002756;COTAS;5683697.441083000000000;32862118000115
202512;691;2002004765;COTAS;154913322.701276000000000;43122405000105
202512;864;2023000483;VL_PG_RC;0.000000000000000;
202512;655;9970000000;COTAS;382175614.723583000000000;04118854000128
202512;655;2021000011;COTAS;950104.665780000000000;20815620000196
202512;731;1982002956;VL_PG_RC;-228473.080000000000000;
202512;655;2021000011;COTAS;66361767.556850000000000;62992257000124
202512;691;2002004765;IMOVEIS;90071736.460000000000000;
202512;691;9970000000;TIT_PUB;352770691.600000000000000;
202512;731;2018001647;COTAS;6145568.539450000000000;61708895000108
202512;686;2022001818;COTAS;7739269.643074000000000;
202512;881;1979000247;COTAS;-372429.975494000000000;
202512;686;2022001729;IMOVEIS;6205573.480000000000000;
202512;881;1979000247;COTAS;33850067.906021000000000;
202512;655;2021003183;COTAS;6815364.553704000000000;46502938000100
202512;686;2022001818;TIT_PUB;25451736.520000000000000;
202512;881;1999004256;COTAS;10198.126266000000000;
202512;655;2018000292;VL_PG_RC;294376717.320000000000000;
202512;713;1983000183;COTAS;21211970.778758000000000;
202512;881;2000003656;COTAS;2293846.031547000000000;
202512;713;1998006174;VL_PG_RC;98952.070000000000000;
202512;655;9970000000;COTAS;430558.024883000000000;11965107000190
202512;655;2010001583;COTAS;1774962.997320000000000;34791568000190
202512;691;1981000429;COTAS;7676960.640000000000000;
202512;655;9970000000;COTAS;847410.696283000000000;20815620000196
202512;655;2021003183;IMOVEIS;19535529.750000000000000;
202512;881;2000003729;COTAS;-41613.570590000000000;
202512;655;2018000292;COTAS;20073060.686981000000000;20820603000147
202512;655;9970000000;COTAS;22465489.750622000000000;36615983000118
202512;655;2003002618;COTAS;244158533.937537000000000;04118854000128
202512;655;2010001583;CAIXA;0.000000000000000;
202512;655;9970000000;COTAS;383522713.388172000000000;32862087000100
202512;655;9970000000;COTAS;3743979.064298000000000;41902409000180
202512;758;2002002411;COTAS;1065507946.179817000000000;
202512;655;9970000000;COTAS;7568820.170282000000000;46502938000100
202512;655;9970000000;COTAS;441455923.466747000000000;34791568000190
202512;686;2022000765;COTAS;156992.820032000000000;
202512;655;9970000000;COTAS;50124051.072731000000000;62680015000103
202512;655;2007001519;IMOVEIS;219395950.600000000000000;
202512;789;2006001965;VL_PG_RC;0.000000000000000;
202512;655;2021000011;IMOVEIS;132324516.180000000000000;
202512;611;2009002611;TIT_PUB;112017942.480000000000000;
202512;713;2006001892;VL_PG_RC;119412.150000000000000;
202512;611;2009002865;COTAS;806075.957636000000000;
202512;655;2010000447;COTAS;15088945.645658000000000;19587206000198
202512;655;2010004019;COTAS;904899.614896000000000;60627509000190
202512;686;2022000765;CAIXA;1591991.910000000000000;
202512;713;2011000556;CAIXA;179074.500000000000000;
202512;713;2011000556;COTAS;63722448.230029000000000;
202512;655;2021003183;COTAS;107343.666318000000000;
202512;686;2022000765;VL_PG_RC;27077809.460000000000000;
202512;881;2002001065;COTAS;1815.597638000000000;
202512;611;2010004418;COTAS;26402810.954408000000000;
202512;686;2022001192;TIT_PUB;14047211.480000000000000;
202512;881;9970000000;COTAS;7705884.403998000000000;
202512;655;2010004019;OPCOES;-118359.860000000000000;
202512;691;2002004765;COTAS;5399991.367142000000000;
202512;713;1983000183;CAIXA;216069.420000000000000;
202512;655;2010000447;COTAS;3642827.131812000000000;60627509000190
202512;611;2010004418;COTAS;3869313.994625000000000;
202512;655;2010004019;VL_PG_RC;0.000000000000000;
202512;686;2022001818;VL_PG_RC;125181.710000000000000;
202512;655;2021000011;COTAS;1823177.124685000000000;
202512;686;2022000765;COTAS;155.852237000000000;
202512;655;2021000011;COTAS;223888195.430236000000000;62680015000103
202512;655;2010000447;VL_PG_RC;0.000000000000000;
202512;686;9970000000;COTAS;38751843.167691000000000;
202512;655;2019003619;OPERACAO_PARTICIPANTE;145190753.726994814100000;
202512;686;2022001656;IMOVEIS;27479187.350000000000000;
202512;713;1998006174;COTAS;2270.733240000000000;10948647000101
202512;686;2022000765;COTAS;39918122.498889000000000;
202512;713;2021003418;COTAS;6788301.951839000000000;
202512;655;2019003783;OPERACAO_PARTICIPANTE;38731946.523496606800000;
202512;691;2002004765;COTAS;12560665.000000000000000;
202512;655;2021003183;COTAS;903137.493862000000000;
202512;686;9970000000;TIT_PUB;26627428.680000000000000;
202512;881;9970000000;VL_PG_RC;275413.830000000000000;
202512;691;1981000429;OPERACAO_PARTICIPANTE;334571173.391462721100000;
202512;655;2021000011;COTAS;1064882.332173000000000;21397715000108
202512;655;2021003183;COTAS;3597.597174000000000;
202512;727;1971000256;COTAS;11047943.321640000000000;04150705000146
202512;789;9970000000;VL_PG_RC;332420.910000000000000;
202512;655;2021003183;COTAS;262341.707646000000000;21397791000105
202512;686;2022000765;IMOVEIS;47967007.250000000000000;
202512;686;9970000000;VL_PG_RC;0.000000000000000;
202512;691;2002004765;COTAS;4456243.697849000000000;
202512;686;2022001656;CAIXA;560009.560000000000000;
202512;691;2002004765;COTAS;6834049.245120000000000;
202512;731;9970000000;COTAS;30183543.911060000000000;
202512;895;1985000792;COTAS;4578334.830000000000000;
202512;792;1988000718;COTAS;7445572.343759000000000;
202512;655;2010004019;COTAS;4943051.407746000000000;19587206000198
202512;655;2021003183;COTAS;80631.877685000000000;11965107000190
202512;655;2010004019;COTAS;331968.707561000000000;41902409000180
202512;691;2002004765;COTAS;0.000250000000000;
202512;655;2021003183;COTAS;88160066.084824000000000;33255042000122
202512;655;2010004019;COTAS;2284507.038247000000000;62680015000103
202512;792;1988000718;COTAS;657395.635184000000000;
202512;655;2018000292;COTAS;18813068.267199000000000;21397715000108
202512;686;2022001729;CAIXA;132313.690000000000000;
202512;655;9970000000;COTAS;34062.740230000000000;52026196000197
202512;713;1998006174;CAIXA;54184.350000000000000;
202512;713;1998006174;OPERACAO_PARTICIPANTE;27476.390000000000000;
202512;691;1981000429;VL_PG_RC;-1231298216.420000000000000;
202512;655;2021003183;COTAS;53121111.748193000000000;32862118000115
202512;691;2002004765;ACOES;91800673.260000000000000;
202512;713;2011000556;COTAS;4058314.902867000000000;
202512;895;2000002511;COTAS;2439386.501983000000000;
202512;895;2012001718;CAIXA;175.150000000000000;
202512;713;1983000183;VL_PG_RC;-58443.420000000000000;
202512;895;2012001718;COTAS;5349475.197306000000000;58528785000150
202512;792;1988000718;COTAS;20455089.892454000000000;18959722000133
202512;655;2021003183;CAIXA;6707.300000000000000;
202512;686;2022001192;COTAS;3946923.728516000000000;
202512;655;2021000011;COTAS;273302.083427000000000;
202512;655;2019003783;CAIXA;11118.720000000000000;
202512;655;2021003183;COTAS;124203.446401000000000;21397715000108
202512;655;2021000011;COTAS;1698106.269059000000000;21397791000105
202512;655;2021003183;COTAS;34125.132496000000000;21397837000196
202512;792;1998000974;COTAS;721454.714957000000000;
202512;611;2019002019;VL_PG_RC;-24596.180000000000000;
202512;691;2002004765;VL_PG_RC;-39470006.790000000000000;
202512;713;2011000556;COTAS;813263.871407000000000;10948647000101
202512;686;2022001818;CAIXA;187966.410000000000000;
202512;713;2006001892;COTAS;1337368.168950000000000;
202512;686;2022001818;COTAS;6036031.502872000000000;
202512;611;2019002183;CAIXA;14000.000000000000000;
202512;686;2022001729;VL_PG_RC;107696.110000000000000;
202512;655;2021000011;COTAS;101979927.022317000000000;36615983000118
202512;655;2021003183;COTAS;212575.817126000000000;05117292000160
202512;713;1983000183;TIT_PRIV;4281207.900000000000000;
202512;611;2019002183;COTAS;171191867.914659000000000;
202512;792;1998000974;COTAS;91623.203183000000000;
202512;713;1998006174;COTAS;7134783.337815000000000;
202512;691;1981000429;COTAS;608209.256276000000000;
202512;611;2019002183;TIT_PUB;27150791.690000000000000;
202512;686;9970000000;COTAS;27676857.930076000000000;
202512;691;1981000429;COTAS;16464367.200788000000000;13089217000161
202512;713;2006001892;COTAS;4539178.726117000000000;
202512;655;9970000000;ACOES;17000378.620000000000000;
202512;895;2014002118;COTAS;609846.625496000000000;
202512;713;2006001892;COTAS;4029214.220255000000000;
202512;691;2002004765;COTAS;103526505.357496000000000;39504822000145
202512;655;2021003183;VL_PG_RC;1732471.400000000000000;
202512;713;2006001892;COTAS;11006100.588523000000000;
202512;655;2021000011;COTAS;23550.369140000000000;10430028000112
202512;713;2011000556;OPERACAO_PARTICIPANTE;39177834.655093136500000;
202512;655;2021003183;COTAS;2910.006199000000000;
202512;922;2013000847;COTAS;32164924.728118000000000;
202512;713;2021003418;COTAS;22310065.180196000000000;
202512;655;1970000147;COTAS;3535661.689434000000000;62680015000103
202512;713;2011000556;COTAS;79480777.964712000000000;
202512;792;1999002938;COTAS;284914903.826670000000000;
202512;713;2021003418;IMOVEIS;15996462.450000000000000;
202512;691;1981000429;COTAS;1359458718.203257000000000;11375619000105
202512;713;1983000183;COTAS;8875271.405164000000000;
202512;655;9970000000;CAIXA;3200.000000000000000;
202512;713;9970000000;CAIXA;130435.450000000000000;
202512;655;2021003183;COTAS;379.290836000000000;
202512;744;1986000729;CAIXA;129362.730000000000000;
202512;713;9970000000;COTAS;1944776.823973000000000;
202512;713;2011000556;TIT_PUB;337664582.450000000000000;
202512;922;2013000847;OPERACAO_PARTICIPANTE;2571882.920000000000000;
202512;758;9970000000;CAIXA;89926.130000000000000;
202512;655;1999003111;COTAS;7893163.466058000000000;32862087000100
202512;691;2002004765;OPERACAO_PARTICIPANTE;939525070.069344573600000;
202512;792;1999003047;OPERACAO_PARTICIPANTE;4309197.110000000000000;
202512;655;9970000000;COTAS;0.000005000000000;
202512;691;9970000000;VL_PG_RC;-1541.690000000000000;
202512;655;9970000000;COTAS;104897009.390093000000000;19587206000198
202512;655;9970000000;TIT_PUB;3629478.000000000000000;
202512;655;9970000000;COTAS;246577.188992000000000;23884799000121
202512;727;1971000256;COTAS;106655991.992853000000000;
202512;655;1999003111;COTAS;1513453.356262000000000;62992257000124
202512;686;1978000529;COTAS;36742681.855535000000000;
202512;792;1988000718;COTAS;13172243.361997000000000;29983445000110
202512;655;9970000000;COTAS;82899990.588564000000000;32862118000115
202512;802;2003001956;ACOES;13774062.410000000000000;
202512;727;1971000256;COTAS;1903516.846874000000000;
202512;655;2000005918;COTAS;1649078.959208000000000;33255042000122
202512;655;2021003183;COTAS;68151.479287000000000;23884789000196
202512;686;1978000529;CAIXA;450815.920000000000000;
202512;731;2006005611;COTAS;276162285.591243000000000;61710021000195
202512;731;9970000000;VL_PG_RC;2859963.290000000000000;
202512;922;2017001392;VL_PG_RC;-196006.490000000000000;
202512;655;2000005918;COTAS;331506.784968000000000;60627509000190
202512;792;1988000718;TIT_PUB;632696296.990000000000000;
202512;731;2006005611;COTAS;1242336521.668289000000000;61707575000133
202512;713;2021003418;TIT_PRIV;5670921.220000000000000;
202512;758;2002002411;COTAS;723383337.996282000000000;
202512;802;2003001956;COTAS;12968039.542654000000000;
202512;686;2022001192;CAIXA;227937.990000000000000;
202512;686;2022001656;VL_PG_RC;434349.530000000000000;
202512;802;2003001956;COTAS;14876034.992982000000000;
202512;713;1983000183;COTAS;18475257.034283000000000;
202512;655;9970000000;COTAS;19341.640602000000000;10430028000112
202512;731;2006005611;COTAS;900132278.924194000000000;59475324000129
202512;655;9970000000;COTAS;15362045.266934000000000;60627509000190
202512;686;2022001656;COTAS;10396112.130435000000000;
202512;713;1983000183;IMOVEIS;11819612.750000000000000;
202512;655;9970000000;VL_PG_RC;-2590063.580000000000000;
202512;802;2003001956;VL_PG_RC;207589.040000000000000;
202512;713;2011000556;COTAS;181063257.852440000000000;
202512;713;2006001892;COTAS;19909009.676302000000000;
202512;792;1998000974;COTAS;4006538.031362000000000;
202512;936;1990001483;VL_PG_RC;1967308.260000000000000;
202512;686;2022001192;ACOES;5739861.720000000000000;
202512;655;2002000883;VL_PG_RC;0.000000000000000;
202512;713;2021003418;COTAS;38586264.079018000000000;
202512;936;1998003256;COTAS;2458007.580000000000000;
202512;936;1998003256;COTAS;4776776.848862000000000;
202512;744;1986000729;COTAS;89183366.581821000000000;
202512;655;2002001911;COTAS;569490.151704000000000;34081202000127
202512;744;1986000729;COTAS;191806748.202808000000000;05464910000149
202512;686;2022001818;IMOVEIS;8275743.200000000000000;
202512;713;2011000556;COTAS;96576151.564562000000000;
202512;686;2022001192;COTAS;3555840.828460000000000;
202512;691;1981000429;COTAS;16885344.389803000000000;
202512;758;9970000000;TIT_PUB;4471486.710000000000000;
202512;686;2022001192;VL_PG_RC;202253.270000000000000;
202512;655;9970000000;COTAS;1155590.926727000000000;05117292000160
202512;655;2002001911;COTAS;499206.995430000000000;60627509000190
202512;655;9970000000;COTAS;180077.354051000000000;21397837000196
202512;691;9970000000;CAIXA;287218.130000000000000;
202512;758;2002002411;CAIXA;469693.000000000000000;
202512;691;1981000429;COTAS;-381460.732920000000000;
202512;655;2002001911;VL_PG_RC;-267.690000000000000;
202512;792;1998000974;COTAS;3367389.435937000000000;
202512;936;2010002156;COTAS;2532478.906449000000000;
202512;758;4007580065;CAIXA;142173.170000000000000;
202512;713;2006001892;COTAS;563942.326170000000000;
202512;792;1988000718;COTAS;1084657.038042000000000;
202512;821;9970000000;VL_PG_RC;0.000000000000000;
202512;936;2010002156;COTAS;20584837.851352000000000;
202512;686;2022001656;TIT_PUB;44217429.000000000000000;
202512;864;1971000183;COTAS;15610249904.748649000000000;03958061000154
202512;655;9970000000;COTAS;121183307.643474000000000;33255042000122
202512;655;2003002383;COTAS;4690.758305000000000;
202512;744;9970000000;COTAS;1466209.120003000000000;05464910000149
202512;936;2010002156;OPCOES;804599.960000000000000;
202512;713;2011000556;COTAS;42666437.057452000000000;
202512;713;1983000183;OPERACAO_PARTICIPANTE;282543.810437118000000;
202512;686;2022001729;COTAS;13052.380629000000000;
202512;655;2003002456;COTAS;1043826.950160000000000;60823195000100
202512;936;9970000000;CAIXA;14864.480000000000000;
202512;881;1994000929;COTAS;1554502.903948000000000;
202512;691;1981000429;COTAS;7334195.203120000000000;08432295000187
202512;686;2022001818;COTAS;18546.522243000000000;
202512;686;1978000529;COTAS;54782576.463803000000000;
202512;655;2003002618;COTAS;489818.452379000000000;23884799000121
202512;881;1999004256;CAIXA;31910.290000000000000;
202512;792;1999002865;COTAS;2485038.469568000000000;
202512;713;1983000183;COTAS;7040.286930000000000;10948652000106
202512;731;2006005611;VL_PG_RC;-1701813.790000000000000;
202512;713;2021003418;COTAS;7988310.000000000000000;57233773000135
202512;713;2021003418;CAIXA;118218.580000000000000;
202512;713;2006001892;COTAS;9153214.680937000000000;
202512;686;2022001656;COTAS;71181.005989000000000;
202512;758;4007580065;COTAS;442091.380557000000000;
202512;713;1998006174;COTAS;6367338.488340000000000;
202512;744;9970000000;VL_PG_RC;-4250.710000000000000;
202512;713;1983000183;COTAS;28789177.994918000000000;
202512;655;2004002638;COTAS;4349783.870181000000000;34081202000127
202512;713;2021003418;COTAS;24089530.407111000000000;
202512;941;1998007774;COTAS;1034568999.924077000000000;04822739000130
202512;686;2022001729;TIT_PUB;24466472.620000000000000;
202512;744;1986000729;OPERACAO_PARTICIPANTE;66009265.374285419300000;
202512;713;1983000183;COTAS;114720.273213000000000;10948647000101
202512;953;1976000238;VL_PG_RC;-9417.610000000000000;
202512;758;2002002411;COTAS;75320900.794225000000000;
202512;691;1981000429;CAIXA;522852.470000000000000;
202512;758;4007580065;COTAS;9200046.560848000000000;
202512;792;1999002938;COTAS;227744187.182422000000000;
202512;727;9970000000;VL_PG_RC;0.000000000000000;
202512;655;2004002638;COTAS;14084054.297905000000000;36615983000118
202512;792;1988000718;COTAS;1020070.734194000000000;
202512;792;1999003047;COTAS;1089559.793093000000000;
202512;655;2007001519;COTAS;2774145.591726000000000;05117292000160
202512;727;1971000256;COTAS;27033591.122651000000000;
202512;792;1999003047;COTAS;9549473.762880000000000;29983445000110
202512;691;1981000429;COTAS;1268855.488685000000000;
202512;731;2018001647;VL_PG_RC;-24582.530000000000000;
202512;758;4007580065;COTAS;13711098.784337000000000;
202512;713;9970000000;COTAS;3612113.621602000000000;
202512;691;1981000429;COTAS;9494070.402070000000000;
202512;802;1977000118;COTAS;13341702.115883000000000;
202512;731;1982002956;COTAS;1133523893.771790000000000;01634642000105
202512;713;2006001892;COTAS;38343888.000000000000000;57233773000135
202512;792;1998000974;COTAS;55803.770322000000000;
202512;691;2002004765;COTAS;0.000000000000000;
202512;758;1981001719;CAIXA;50145.660000000000000;
202512;713;2006001892;OPERACAO_PARTICIPANTE;3552795.888969606400000;
202512;802;1977000118;VL_PG_RC;1536902.120000000000000;
202512;731;2006005611;CAIXA;1788549.890000000000000;
202512;802;9970000000;COTAS;949759.431026000000000;
202512;758;1981001719;COTAS;816590701.344095000000000;
202512;758;4007580065;COTAS;1272273.931704000000000;30453307000109
202512;967;1991001029;IMOVEIS;360463107.130000000000000;
202512;792;1988000718;VL_PG_RC;-337774.420000000000000;
202512;792;1988000718;IMOVEIS;17998803.320000000000000;
202512;967;2000000819;VL_PG_RC;9925.670000000000000;
202512;792;1998000818;COTAS;428797.195311000000000;
202512;731;2018001647;COTAS;21295258.553594000000000;61707575000133
202512;792;9970000000;IMOVEIS;687816.350000000000000;
202512;727;1971000256;IMOVEIS;153864861.030000000000000;
202512;802;9970000000;COTAS;1660503.625880000000000;
202512;792;1999002865;COTAS;2735222.095916000000000;
202512;792;1998000974;COTAS;86542.857839000000000;
202512;792;1998000818;COTAS;28806.688144000000000;10740536000105
202512;792;1999002865;COTAS;2624660.442641000000000;
202512;691;1981000429;COTAS;255656047.035684000000000;
202512;713;2006001892;COTAS;7898214.294452000000000;
202512;881;1999004256;COTAS;207694.881258000000000;
202512;821;1988000238;COTAS;167784669.761391000000000;
202512;713;2011000556;COTAS;36213672.000000000000000;57233773000135
202512;713;2006001892;TIT_PUB;12502603.900000000000000;
202512;713;2011000556;TIT_PRIV;25121509.940000000000000;
202512;655;2008002756;COTAS;2482630.081208000000000;36617506000191
202512;691;2002004765;CAIXA;1052588.300000000000000;
202512;792;1999003047;COTAS;9242797.697152000000000;
202512;967;4009670029;COTAS;564521283.968741000000000;10462501000143
202512;713;2011000556;COTAS;64757209.181775000000000;
202512;792;1999003047;COTAS;458784.712439000000000;
202512;713;2021003418;COTAS;14549.926321000000000;10948652000106
202512;792;1999003047;COTAS;4332063.651139000000000;18959722000133
202512;792;1998000974;COTAS;860245.833227000000000;10740536000105
202512;713;2011000556;COTAS;26088532.428602000000000;
202512;655;2010000447;COTAS;57561869.086027000000000;04118854000128
202512;758;2002002411;COTAS;107081954.347065000000000;30453307000109
202512;802;9970000000;VL_PG_RC;-600.000000000000000;
202512;802;1977000118;COTAS;56729857.888331000000000;
202512;821;1988000238;COTAS;9098799.648136000000000;
202512;864;1971000183;ACOES;200.000000000000000;
202512;971;2000006711;COTAS;125904.974965000000000;
202512;864;2023000483;COTAS;3489152.762862000000000;52315713000148
202512;655;2010000447;COTAS;8391816.905661000000000;36615983000118
202512;731;1982002956;OPERACAO_PARTICIPANTE;609243.080033896600000;
202512;984;1981000992;IMOVEIS;926000.000000000000000;
202512;691;2002004765;COTAS;361082380.749033000000000;
202512;758;2002002411;TIT_PUB;533518427.640000000000000;
202512;881;1999004256;COTAS;1435437.721013000000000;
202512;713;2021003418;VL_PG_RC;560429.600000000000000;
202512;802;2003001956;COTAS;1525290.014015000000000;
202512;821;1988000238;COTAS;1659285.462814000000000;
202512;731;2018001647;COTAS;361974.876686000000000;
202512;792;1998000818;COTAS;81755.850026000000000;18959722000133
202512;864;1971000183;TIT_PRIV;90510488.030000000000000;
202512;727;1971000256;COTAS;178002804.848841000000000;07995583000187
202512;792;1998000818;TIT_PUB;11318052.880000000000000;
202512;984;1990001629;COTAS;1206222.265404000000000;
202512;758;4007580065;COTAS;10844094.691286000000000;
202512;713;2011000556;COTAS;82197391.846092000000000;
202512;881;2000003656;COTAS;16296.723377000000000;
202512;792;1988000718;CAIXA;7113.010000000000000;
202512;713;2011000556;IMOVEIS;67994840.030000000000000;
202512;792;1998000974;COTAS;31578.372450000000000;
202512;881;1999004256;COTAS;365163253.605915000000000;
202512;802;2003001956;TIT_PUB;149810279.160000000000000;
202512;881;1999004256;VL_PG_RC;2716138.370000000000000;
202512;984;1994002883;COTAS;316599.930168000000000;
202512;727;1971000256;OPERACAO_PARTICIPANTE;10135543.520000000000000;
202512;792;1999002865;COTAS;3170876.772506000000000;
202512;881;2000003729;OPERACAO_PARTICIPANTE;0.000000000000000;
202512;792;1999002865;COTAS;36504828.153776000000000;
202512;792;1998000974;COTAS;81939.106295000000000;
202512;821;1988000238;CAIXA;13175.730000000000000;
202512;792;1999002865;COTAS;42062138.821497000000000;18959722000133
202512;655;2010000447;OPCOES;-361469.910000000000000;
202512;758;4007580065;COTAS;1271870.504261000000000;30453303000120
202512;713;1998006174;COTAS;1136.327013000000000;10948652000106
202512;792;1999002938;COTAS;38844553.832981000000000;
202512;881;2000003656;TIT_PUB;998472801.020000000000000;
202512;792;1988000718;COTAS;965806.843037000000000;
202512;792;1999002865;VL_PG_RC;-152025.720000000000000;
202512;881;2000003974;COTAS;48418.685197000000000;
202512;731;2018001647;COTAS;8308517.494946000000000;61710021000195
202512;864;2022000692;CAIXA;33070.660000000000000;
202512;984;1994002883;COTAS;698844.135210000000000;
202512;792;1988000718;COTAS;6434563.251416000000000;
202512;792;1999002938;COTAS;43185698.419356000000000;
202512;984;2000007783;COTAS;736929.251587000000000;
202512;881;9970000000;COTAS;135054.570559000000000;
202512;655;2010001583;COTAS;335975.570012000000000;29045373000160
202512;655;2010001583;COTAS;399949.040225000000000;34081202000127
202512;655;2010001583;COTAS;674446.799964000000000;36617506000191
202512;792;1999002865;COTAS;42739307.033423000000000;
202512;895;1985000792;COTAS;33601980.459967000000000;59334008000137
202512;792;1999002938;COTAS;24051090.843046000000000;
202512;792;1999002865;COTAS;2861983.245931000000000;
202512;792;1988000718;COTAS;11135846.087827000000000;10740536000105
202512;792;1999002938;COTAS;22321018.512880000000000;
202512;713;2006001892;CAIXA;141530.470000000000000;
202512;792;1988000718;COTAS;1112305.920986000000000;
202512;713;2011000556;COTAS;7100886.100939000000000;
202512;731;2018001647;OPERACAO_PARTICIPANTE;148980.590132012600000;
202512;792;1998000974;COTAS;56897.694337000000000;
202512;792;1999003047;COTAS;3399265.380365000000000;
202512;655;2010004019;COTAS;3473880.019676000000000;04118854000128
202512;878;1999003918;COTAS;13231893.275770000000000;
202512;864;2023000483;COTAS;253425.030201000000000;
202512;895;2012001718;VL_PG_RC;-31267.780000000000000;
202512;792;1999003047;COTAS;1072161.440577000000000;
202512;713;2011000556;COTAS;7275945.876169000000000;
202512;713;2021003418;OPERACAO_PARTICIPANTE;2961122.324960662400000;
202512;878;1999003918;COTAS;5015726.637589000000000;
202512;878;1999003918;VL_PG_RC;-62021.130000000000000;
202512;881;1994000929;COTAS;224922.549579000000000;
202512;792;1999003047;COTAS;391987.459441000000000;
202512;895;2014002118;COTAS;3228312.182152000000000;58528785000150
202512;727;1971000256;CAIXA;97390.320000000000000;
202512;792;1999002938;COTAS;27038475.607447000000000;
202512;792;1998000974;COTAS;565762.905921000000000;
202512;655;2010004019;COTAS;1194347.760812000000000;34081202000127
202512;881;2000003729;VL_PG_RC;861559.830000000000000;
202512;792;1999003047;COTAS;648099.422800000000000;
202512;881;2008001619;ACOES;288624.380000000000000;
202512;727;1971000256;TIT_PUB;22443252.520000000000000;
202512;744;1986000729;COTAS;71806876.988907000000000;
202512;881;1979000247;COTAS;14965.015069000000000;
202512;881;1979000247;COTAS;18325712.382961000000000;
202512;727;9970000000;COTAS;379304.821084000000000;
202512;655;2010004019;COTAS;2749088.929322000000000;36615983000118
202512;792;1999003047;IMOVEIS;485882.650000000000000;
202512;895;2014002118;OPERACAO_PARTICIPANTE;3181228.050078070000000;
202512;792;9970000000;COTAS;24459243.675452000000000;
202512;792;1998000974;COTAS;82391.336445000000000;
202512;792;1998000974;TIT_PUB;50742204.820000000000000;
202512;731;2006005611;OPERACAO_PARTICIPANTE;29944755.080566817800000;
202512;881;1994000929;COTAS;-129505.229304000000000;
202512;895;2017000183;VL_PG_RC;-23505.760000000000000;
202512;792;1999002865;COTAS;2313870.723606000000000;
202512;881;1994000929;COTAS;72537.547399000000000;
202512;881;2000003656;COTAS;331898.811058000000000;
202512;792;1999002865;COTAS;3618554.971802000000000;
202512;792;1999003047;COTAS;1026449.792400000000000;
202512;655;2018000292;COTAS;411405.741495000000000;
202512;655;2018000292;COTAS;30000112.187458000000000;21397791000105
202512;655;2018000292;COTAS;10882874902.145523000000000;04118854000128
202512;895;2020001829;COTAS;344452.635610000000000;58528785000150
202512;984;2000007783;COTAS;1627886.383663000000000;
202512;655;2021000011;COTAS;23286.933268000000000;
202512;655;2021000011;COTAS;3251.924371000000000;
202512;655;2021000011;COTAS;1785374.839746000000000;
202512;655;2021000011;COTAS;416981985.591503000000000;04118854000128
202512;792;1999002865;COTAS;2498753.646265000000000;
202512;655;2021000011;COTAS;493990218.266186000000000;32862087000100
202512;655;2021003183;COTAS;212647.734197000000000;
202512;984;2017001211;COTAS;5182498.234094000000000;
202512;713;9970000000;COTAS;5622922.654386000000000;
202512;895;2021003574;CAIXA;105.320000000000000;
202512;984;9970000000;COTAS;101210.793988000000000;
202512;731;2018001647;CAIXA;206003.640000000000000;
202512;895;9970000000;VL_PG_RC;-0.050000000000000;
202512;655;9970000000;COTAS;39906689.703406000000000;39997959000189
202512;792;1999002865;COTAS;29022889.387480000000000;44432479000100
202512;998;1998006638;COTAS;1130263824.335960000000000;04701088000120
202512;919;1980000719;CAIXA;39196.140000000000000;
202512;998;1998006638;COTAS;286955449.327026000000000;09075867000180
202512;881;1999004256;COTAS;66981.625745000000000;
202512;744;1986000729;COTAS;60384762.230938000000000;
202512;922;2013000847;TIT_PUB;350699201.040000000000000;
202512;792;1998000974;COTAS;247951.519062000000000;29983445000110
202512;792;1999002865;IMOVEIS;1849412.170000000000000;
202512;744;1986000729;COTAS;200881675.552658000000000;
202512;758;1981001719;VL_PG_RC;-5509.710000000000000;
202512;792;1999002938;COTAS;23575125.716406000000000;
202512;758;2002002411;COTAS;35615838.542120000000000;
202512;731;2006005611;COTAS;214513389.222197000000000;61708895000108
202512;881;2000003656;COTAS;107037.410354000000000;
202512;998;9970000000;COTAS;45998335.830431000000000;04701088000120
202512;792;1999003047;COTAS;625363.750390000000000;
202512;881;2000003656;COTAS;4564186.945218000000000;
202512;792;1999002938;COTAS;14577033.648241000000000;
202512;881;2000003974;COTAS;-5658.430063000000000;
202512;881;2000003974;COTAS;7005.746966000000000;
202512;881;2002001065;COTAS;11924.904464000000000;
202512;792;1988000718;COTAS;932676.396648000000000;
202512;792;1999002938;COTAS;33116579.043217000000000;
202512;792;9970000000;TIT_PUB;7518365.830000000000000;
202512;1033;1979003556;COTAS;8213200.800000000000000;
202512;792;1988000718;COTAS;374262.192000000000000;
202512;802;1977000118;COTAS;1598304.442029000000000;
202512;881;2008001619;TIT_PUB;27392105.940000000000000;
202512;792;1998000818;COTAS;74486.232542000000000;44432479000100
202512;802;2003001956;COTAS;17279273.156912000000000;
202512;1033;1979003556;COTAS;43584474.074750000000000;
202512;792;1998000974;COTAS;2704769.030615000000000;
202512;802;9970000000;COTAS;1195361.223721000000000;
202512;792;1998000974;COTAS;76939.051154000000000;
202512;821;1988000238;COTAS;1472993.477956000000000;
202512;1033;1979003556;OPERACAO_PARTICIPANTE;8516111.702323465000000;
202512;792;1998000974;COTAS;4853309.792388000000000;18959722000133
202512;821;1988000238;COTAS;591977.697127000000000;
202512;922;2017001392;COTAS;39068430.377736000000000;
202512;1033;2000007538;COTAS;1307980.700000000000000;
202512;802;1977000118;CAIXA;31683275.590000000000000;
202512;731;2006005611;IMOVEIS;3843614.080000000000000;
202512;919;9970000000;CAIXA;6176.210000000000000;
202512;936;1998003256;CAIXA;103687.060000000000000;
202512;821;1988000238;COTAS;29747307.037009000000000;
202512;792;1999002938;COTAS;241605564.986781000000000;10740536000105
202512;922;2017001392;COTAS;25413004.695676000000000;
202512;936;2010002156;COTAS;57126.267903000000000;
202512;821;1988000238;VL_PG_RC;-45616.220000000000000;
202512;792;1998000974;VL_PG_RC;-51578.000000000000000;
202512;936;2010002156;COTAS;26843078.981071000000000;
202512;758;4007580065;COTAS;857517.029337000000000;
202512;792;1999002865;COTAS;28604113.353137000000000;10740536000105
202512;881;2000003729;COTAS;2554.367877000000000;
202512;727;1971000256;COTAS;10221924.596653000000000;
202512;881;2000003729;COTAS;2047628.712845000000000;
202512;758;9970000000;VL_PG_RC;-2900.100000000000000;
202512;895;1985000792;OPERACAO_PARTICIPANTE;23460199.139730436600000;
202512;936;1990001483;COTAS;5284070.208544000000000;
202512;792;1999002938;IMOVEIS;32020030.060000000000000;
202512;792;1999002865;COTAS;3664811.735432000000000;
202512;792;1988000718;COTAS;917569.424878000000000;
202512;864;1971000183;IMOVEIS;305506671.700000000000000;
202512;758;4007580065;VL_PG_RC;-841.140000000000000;
202512;895;2000002511;VL_PG_RC;-305555.220000000000000;
202512;792;1999002938;TIT_PUB;770193857.460000000000000;
202512;792;1999003047;COTAS;10038742.762421000000000;10740536000105
202512;792;1999002938;COTAS;285086809.198988000000000;
202512;941;1998007774;COTAS;27935555.354844000000000;
202512;881;2002001065;COTAS;13076188.101562000000000;
202512;686;1978000529;IMOVEIS;11037863.000000000000000;
202512;881;2002001065;VL_PG_RC;83310.480000000000000;
202512;864;2002000311;VL_PG_RC;-3066.830000000000000;
202512;881;9970000000;COTAS;6631.379116000000000;
202512;895;1985000792;TIT_PRIV;152770133.320000000000000;
202512;895;2000002511;COTAS;508703.870000000000000;
202512;878;1999003918;COTAS;90781226.817455000000000;
202512;686;1978000529;TIT_PUB;6594237.960000000000000;
202512;878;1999003918;COTAS;1074797.879989000000000;
202512;881;1979000247;VL_PG_RC;3492811.020000000000000;
202512;953;1976000165;IMOVEIS;2302237.310000000000000;
202512;802;1977000118;IMOVEIS;91770000.000000000000000;
202512;792;1999003047;COTAS;240931.286100000000000;
202512;792;1999002938;OPERACAO_PARTICIPANTE;62053206.941245912800000;
202512;967;1991001029;CAIXA;146183.080000000000000;
202512;792;9970000000;COTAS;189193.209341000000000;18959722000133
202512;792;1988000718;COTAS;6788792.006472000000000;
202512;881;1994000929;IMOVEIS;24226128.690000000000000;
202512;895;2017000183;OPERACAO_PARTICIPANTE;802115.450002470700000;
202512;967;2000000983;COTAS;12583207.901412000000000;05113533000101
202512;1033;2000007538;COTAS;24583087.026630000000000;
202512;881;1999004256;COTAS;45753252.073952000000000;
202512;727;9970000000;TIT_PUB;97566.040000000000000;
202512;971;9970000000;CAIXA;11533.700000000000000;
202512;881;1999004256;OPERACAO_PARTICIPANTE;0.000000000000000;
202512;792;2023001056;COTAS;751997.547144000000000;
202512;895;2000002511;OPERACAO_PARTICIPANTE;13514611.049840856700000;
202512;792;9970000000;VL_PG_RC;-3143.930000000000000;
202512;881;2002001065;COTAS;884769.585904000000000;
202512;792;1988000718;COTAS;971137.227927000000000;
202512;792;2023001056;VL_PG_RC;-2384.900000000000000;
202512;821;1988000238;COTAS;4329823.553219000000000;
202512;731;2018001647;COTAS;9126510.630173000000000;61707947000121
202512;792;1999002938;COTAS;20346104.638589000000000;
202512;984;1981000992;OPERACAO_PARTICIPANTE;43642.140000000000000;
202512;792;9970000000;CAIXA;7605.490000000000000;
202512;1033;2000007538;COTAS;711065.672015000000000;
202512;984;1985001292;COTAS;1763965.873349000000000;
202512;789;9970000000;CAIXA;357.480000000000000;
202512;881;2002001065;OPERACAO_PARTICIPANTE;0.000000000000000;
202512;802;2003001956;COTAS;93189355.748051000000000;34546439000136
202512;792;1999002938;COTAS;22444210.454047000000000;
202512;984;1985001365;COTAS;77402802.399533000000000;
202512;881;9970000000;COTAS;-103232.765673000000000;
202512;792;1999003047;COTAS;3924328.800788000000000;
202512;802;2003001956;TIT_PRIV;20904165.900000000000000;
202512;744;1986000729;COTAS;177271908.743432000000000;
202512;864;2002000311;COTAS;2248635069.892186000000000;07192293000103
202512;821;1988000238;COTAS;9133391.875487000000000;
202512;895;1985000792;TIT_PUB;2662248280.110000000000000;
202512;895;2000002511;CAIXA;3183.680000000000000;
202512;744;1986000729;COTAS;182570007.968066000000000;09613212000119
202512;895;2021003574;VL_PG_RC;-108.430000000000000;
202512;792;1999002938;COTAS;301018078.292502000000000;18959722000133
202512;686;2022001656;ACOES;13981748.740000000000000;
202512;919;1980000719;VL_PG_RC;87084300.540000000000000;
202512;792;9970000000;COTAS;137031.019938000000000;10740536000105
202512;984;1990001629;COTAS;176217.480067000000000;
202512;802;9970000000;COTAS;1273683.043542000000000;
202512;1033;2000007538;TIT_PUB;46836865.090000000000000;
202512;744;1986000729;COTAS;322148607.150151000000000;18272304000173
202512;895;2012001718;TIT_PUB;52126831.620000000000000;
202512;758;2002002411;COTAS;153019730.360949000000000;
202512;895;2014002118;CAIXA;24292.820000000000000;
202512;864;2023000483;CAIXA;3130.160000000000000;
202512;864;2023000483;COTAS;254315.615379000000000;
202512;792;1998000818;COTAS;375892.066759000000000;
202512;792;1998000818;COTAS;172742.629999000000000;
202512;1078;9970000000;COTAS;17435.128911000000000;01424041000178
202512;922;1981001018;COTAS;459.719586000000000;
202512;792;1998000974;COTAS;241675.664253000000000;44432479000100
202512;922;1981001018;OPERACAO_PARTICIPANTE;1336631.960000000000000;
202512;922;2017001392;IMOVEIS;3519003.090000000000000;
202512;936;1990001483;COTAS;8945097.511376000000000;
202512;936;1998003256;COTAS;98671.032685000000000;
202512;1081;1979004447;VL_PG_RC;-33698691.930000000000000;
202512;936;1998003256;COTAS;11751.785412000000000;
202512;936;1998003256;COTAS;6352354.933522000000000;
202512;936;2010002156;COTAS;3180675.059491000000000;
202512;936;2010002156;COTAS;4195772.505475000000000;
202512;936;2010002156;VL_PG_RC;-40707.660000000000000;
202512;1081;1979004692;TIT_PRIV;12086417.250000000000000;
202512;936;2022002792;TIT_PUB;1637320.490000000000000;
202512;1081;2002001456;COTAS;1674800.000000000000000;
202512;941;1998007774;CAIXA;1192664.150000000000000;
202512;792;1998000974;IMOVEIS;428833.860000000000000;
202512;941;1998007774;COTAS;9115647.664043000000000;04644612000178
202512;1081;2005000329;COTAS;-596.709989000000000;
202512;953;1976000165;CAIXA;251281.620000000000000;
202512;967;2000000819;COTAS;10987.983012000000000;
202512;792;1998000974;OPERACAO_PARTICIPANTE;1457577.965702695800000;
202512;1081;2005000329;OPERACAO_PARTICIPANTE;0.000000000000000;
202512;1081;2006000365;COTAS;4470628.216233000000000;
202512;919;9970000000;VL_PG_RC;-3516.760000000000000;
202512;967;2000004318;COTAS;182646.898327000000000;
202512;792;1999002865;OPERACAO_PARTICIPANTE;19423409.883738824000000;
202512;967;2013001592;COTAS;191099303.979500000000000;05091139000101
202512;967;4009670029;COTAS;2029958325.023290000000000;04437639000190
202512;895;2020001829;TIT_PUB;6627710.270000000000000;
202512;922;1981001018;COTAS;17998864.131894000000000;
202512;971;2000006711;CAIXA;28552446.030000000000000;
202512;895;9970000000;CAIXA;2303.910000000000000;
202512;971;2000006711;COTAS;9452046.516039000000000;
202512;922;2017001392;COTAS;311.877800000000000;
202512;922;2017001392;COTAS;35170083.158068000000000;
202512;984;1985001365;VL_PG_RC;-75421.870000000000000;
202512;984;1990001629;COTAS;150150.701235000000000;
202512;984;1994002883;COTAS;1328272.954639000000000;
202512;936;1990001483;COTAS;8824609.474560000000000;
202512;691;1981000429;COTAS;0.000250000000000;
202512;792;1999002865;TIT_PUB;83545959.480000000000000;
202512;984;2005001538;COTAS;1053521.229628000000000;
202512;864;9970000000;COTAS;113539959.070996000000000;09564251000173
202512;792;1999002938;COTAS;233161892.668404000000000;44432479000100
202512;792;1999003047;COTAS;716269.320468000000000;
202512;864;2023000483;COTAS;500924.701967000000000;
202512;984;2000007783;CAIXA;7244.990000000000000;
202512;792;1999003047;CAIXA;8219.110000000000000;
202512;821;1988000238;COTAS;6051142.386452000000000;
202512;984;2000007783;COTAS;293713.179197000000000;
202512;792;1999003047;COTAS;958146.522711000000000;
202512;984;2000007783;COTAS;2364503.317982000000000;
202512;936;1990001483;COTAS;4353313.383959000000000;
202512;984;2000007783;COTAS;200017.075822000000000;
202512;864;9970000000;CAIXA;40818.180000000000000;
202512;984;2017001211;COTAS;859727.874387000000000;
202512;1081;2006000365;IMOVEIS;1087000.000000000000000;
202512;878;1999003918;CAIXA;21007.930000000000000;
202512;984;2000007783;VL_PG_RC;-61444.150000000000000;
202512;792;1999003047;VL_PG_RC;-54205.760000000000000;
202512;1081;2010004256;VL_PG_RC;-252416.940000000000000;
202512;864;2022000692;COTAS;44567470.866505000000000;56430125000106
202512;792;1999003047;COTAS;621931.249411000000000;
202512;878;1999003918;COTAS;832834.418570000000000;
202512;802;1977000118;OPERACAO_PARTICIPANTE;8628181.600000000000000;
202512;792;9970000000;COTAS;26288485.559380000000000;
202512;1081;2016002247;COTAS;10112.000000000000000;
202512;802;1977000118;COTAS;1614047875.431638000000000;34546404000105
202512;691;1981000429;IMOVEIS;511328965.520000000000000;
202512;691;1981000429;TIT_PUB;1926353365.560000000000000;
202512;936;1990001483;TIT_PUB;2597384999.980000000000000;
202512;792;1988000718;COTAS;12803188.315528000000000;44432479000100
202512;936;1998003256;COTAS;4672.164276000000000;
202512;691;2002004765;TIT_PRIV;84471468.920000000000000;
202512;878;1999003918;COTAS;35953381.747090000000000;
202512;878;1999003918;COTAS;7096819.596420000000000;
202512;936;1998003256;COTAS;8931783.127802000000000;
202512;881;1994000929;VL_PG_RC;44497.620000000000000;
202512;984;2005001538;COTAS;1251656.776767000000000;
202512;881;1979000247;CAIXA;24891.520000000000000;
202512;984;9970000000;CAIXA;40698.650000000000000;
202512;922;1981001018;TIT_PUB;273083278.850000000000000;
202512;792;1998000974;COTAS;58568.704758000000000;
202512;881;1999004256;ACOES;56685822.740000000000000;
202512;881;1979000247;IMOVEIS;134496175.690000000000000;
202512;881;2000003656;CAIXA;7209.150000000000000;
202512;713;1998006174;COTAS;7118056.345006000000000;
202512;1081;2021001547;CAIXA;14138.870000000000000;
202512;881;1979000247;COTAS;304777.272968000000000;
202512;802;2003001956;COTAS;12738749.417109000000000;
202512;984;9970000000;COTAS;438723.327704000000000;
202512;713;1998006174;TIT_PRIV;926332.370000000000000;
202512;881;2000003729;COTAS;16777.171473000000000;
202512;998;1988001129;COTAS;10607598.494214000000000;
202512;878;1999003918;COTAS;18450611.318254000000000;
202512;821;1988000238;COTAS;8719071.182350000000000;
202512;936;1998003256;COTAS;423157.112328000000000;
202512;802;1977000118;TIT_PUB;671086386.870000000000000;
202512;922;9970000000;TIT_PUB;6056069.580000000000000;
202512;881;1999004256;IMOVEIS;239410985.510000000000000;
202512;936;1990001483;ACOES;28646.550000000000000;
202512;864;1971000183;VL_PG_RC;-195587.740000000000000;
202512;936;2010002156;COTAS;93120789.776221000000000;
202512;881;2002001065;ACOES;706358.360000000000000;
202512;792;1998000974;COTAS;45464.956966000000000;
202512;792;1999002865;CAIXA;45977.540000000000000;
202512;922;2017001392;TIT_PUB;356054089.820000000000000;
202512;792;1999002938;CAIXA;86388.870000000000000;
202512;881;1979000247;COTAS;2106401.368685000000000;
202512;881;2008001619;COTAS;906170.475632000000000;
202512;936;1990001483;COTAS;85682234.879114000000000;
202512;881;2000003974;OPERACAO_PARTICIPANTE;0.000000000000000;
202512;864;2002000311;OPERACAO_PARTICIPANTE;6435365.679539090700000;
202512;936;1990001483;COTAS;404574.490544000000000;
202512;713;2006001892;COTAS;2469295.433609000000000;
202512;881;2000003656;ACOES;8213031.200000000000000;
202512;881;1994000929;COTAS;8295744.349494000000000;
202512;792;1999002938;COTAS;8637269.649750000000000;
202512;881;2000003656;COTAS;-18324.133028000000000;
202512;881;1994000929;CAIXA;5627.820000000000000;
202512;878;1999003918;COTAS;24729609.329017000000000;
202512;1081;9970000000;TIT_PUB;31220665.300000000000000;
202512;936;1998003256;COTAS;144807.699656000000000;
202512;936;1990001483;COTAS;17599218.000000000000000;
202512;936;1998003256;COTAS;7684630.361654000000000;
202512;713;2011000556;COTAS;148489984.762729000000000;20183830000109
202512;936;2010002156;COTAS;78560793.920094000000000;
202512;881;2000003656;COTAS;154650225.829185000000000;
202512;881;1994000929;COTAS;6372408.186887000000000;
202512;881;2002001065;IMOVEIS;5634721.930000000000000;
202512;713;2021003418;COTAS;39856500.090061000000000;
202512;984;2017001211;COTAS;9049644.148987000000000;
202512;792;1999002938;COTAS;25706797.620348000000000;
202512;1033;1979003556;COTAS;94759082.030627000000000;
202512;789;2006001965;CAIXA;3696315.950000000000000;
202512;881;2008001619;VL_PG_RC;146616.760000000000000;
202512;936;1990001483;COTAS;3714588.348505000000000;
202512;881;2000003656;VL_PG_RC;309594.760000000000000;
202512;1033;1979003556;COTAS;124819415.302196000000000;
202512;881;2000003656;COTAS;-242363.843199000000000;
202512;1033;1996003674;COTAS;35064200.985165000000000;
202512;1105;2010001265;TIT_PUB;42717291.140000000000000;
202512;881;2000003729;TIT_PUB;82864842.260000000000000;
202512;895;2000002511;TIT_PRIV;41717342.560000000000000;
202512;713;2021003418;COTAS;254776.545167000000000;10948647000101
202512;984;9970000000;COTAS;50932.485152000000000;
202512;1033;1996003674;TIT_PUB;1412829007.430000000000000;
202512;881;2002001065;CAIXA;4781.810000000000000;
202512;881;1999004256;COTAS;-929834.653800000000000;
202512;936;1998003256;COTAS;1857549.909074000000000;
202512;881;2000003729;COTAS;359540.165346000000000;
202512;881;2002001065;COTAS;36976.443082000000000;
202512;936;1998003256;COTAS;840624.911787000000000;
202512;1033;2000007538;OPERACAO_PARTICIPANTE;7369292.028350582000000;
202512;1105;9970000000;VL_PG_RC;0.000000000000000;
202512;881;2000003974;COTAS;3682620.293602000000000;
202512;727;1971000256;COTAS;51205799.879594000000000;
202512;895;2000002511;TIT_PUB;920792542.440000000000000;
202512;881;2000003656;IMOVEIS;96485356.150000000000000;
202512;1078;1984000918;CAIXA;1207841.340000000000000;
202512;936;2010002156;OPERACAO_PARTICIPANTE;33783023.010111828200000;
202512;895;2014002118;TIT_PUB;140868797.390000000000000;
202512;936;1998003256;VL_PG_RC;-5447.560000000000000;
202512;941;1980001618;COTAS;51811183.370167000000000;
202512;984;9970000000;COTAS;97315.670779000000000;
202512;878;1999003918;TIT_PUB;16713284.610000000000000;
202512;998;1988001129;COTAS;834684.800000000000000;
202512;936;2010002156;COTAS;5914407.590820000000000;
202512;881;2008001619;CAIXA;5240.920000000000000;
202512;881;2000003729;COTAS;7933980.002582000000000;
202512;1081;1979004374;CAIXA;188626.030000000000000;
202512;727;1971000256;VL_PG_RC;10606767.740000000000000;
202512;895;2017000183;TIT_PRIV;671392.240000000000000;
202512;998;1998006638;COTAS;2981013980.587850000000000;05808851000189
202512;792;1998000818;IMOVEIS;113220.080000000000000;
202512;919;1980000719;COTAS;626132776.381952000000000;18686761000104
202512;881;2002001065;COTAS;-17980.996820000000000;
202512;936;2010002156;COTAS;76484345.625436000000000;
202512;727;9970000000;CAIXA;529934.780000000000000;
202512;731;1982002956;CAIXA;5945504.560000000000000;
202512;878;9970000000;CAIXA;1274.990000000000000;
202512;895;1985000792;ACOES;66370.630000000000000;
202512;1081;1979004374;COTAS;2884.092722000000000;
202512;792;1999002938;VL_PG_RC;-1206188.450000000000000;
202512;895;1985000792;COTAS;31394752.211752000000000;58528785000150
202512;878;9970000000;COTAS;2501881.949985000000000;
202512;744;1986000729;VL_PG_RC;690584.710000000000000;
202512;941;1998007774;COTAS;18490424.663948000000000;
202512;895;1985000792;VL_PG_RC;1267097.100000000000000;
202512;744;9970000000;CAIXA;62960.120000000000000;
202512;936;9970000000;COTAS;67446855.439846000000000;
202512;792;2023001056;COTAS;592131.239738000000000;
202512;792;1988000718;COTAS;670282.594255000000000;
202512;922;2013000847;CAIXA;7160.240000000000000;
202512;881;1979000247;COTAS;98290.706779000000000;
202512;1081;1979004374;COTAS;-42.097173000000000;
202512;792;1998000974;COTAS;68774.404022000000000;
202512;881;2002001065;COTAS;255554.527177000000000;
202512;881;2008001619;OPERACAO_PARTICIPANTE;0.000000000000000;
202512;895;1985000792;CAIXA;728614.570000000000000;
202512;936;2010002156;COTAS;28193606.379111000000000;
202512;792;1988000718;OPERACAO_PARTICIPANTE;3405014.178545236400000;
202512;936;1990001483;COTAS;4222165.629012000000000;
202512;936;1998003256;COTAS;1572753.805427000000000;
202512;1136;1998006018;COTAS;13485223.702604000000000;17804124000122
202512;881;9970000000;TIT_PUB;242788750.900000000000000;
202512;895;2012001718;COTAS;13514371.557945000000000;59334008000137
202512;936;2010002156;COTAS;134666.284245000000000;
202512;895;2017000183;CAIXA;1354.940000000000000;
202512;941;1998007774;COTAS;2226236.063632000000000;
202512;895;1985000792;COTAS;17.503660000000000;
202512;941;1998007774;COTAS;78577701.219940000000000;
202512;895;9970000000;COTAS;131979.050516000000000;58528785000150
202512;941;1998007774;COTAS;26112950.078739000000000;
202512;895;2000002511;COTAS;9458774.222166000000000;58528785000150
202512;922;1981001018;VL_PG_RC;-455340.180000000000000;
202512;922;2017001392;CAIXA;5514.130000000000000;
202512;792;2023001056;COTAS;85126.355949000000000;29983445000110
202512;895;2017000183;COTAS;195622.684852000000000;58528785000150
202512;1171;2000008429;COTAS;3631009.020525000000000;34246448000101
202512;936;2010002156;COTAS;5858034.000000000000000;
202512;1171;9970000000;COTAS;2102171.715661000000000;
202512;936;2022002792;CAIXA;5457.160000000000000;
202512;941;1998007774;COTAS;36316.090588000000000;
202512;998;1998006638;COTAS;536302335.917016000000000;18138767000147
202512;895;2000002511;COTAS;5712786.606008000000000;59334008000137
202512;1033;1979003556;COTAS;48899762.711920000000000;
202512;792;1999002865;COTAS;1690277.846382000000000;
202512;895;2021003574;TIT_PUB;681119.400000000000000;
202512;941;1998007774;VL_PG_RC;62860893.210000000000000;
202512;792;1999002865;COTAS;29791055.537356000000000;29983445000110
202512;881;1979000247;COTAS;2796062.169689000000000;
202512;953;9970000000;CAIXA;22995.150000000000000;
202512;1033;2000007538;CAIXA;99023.180000000000000;
202512;919;1980000719;COTAS;151728479.927453000000000;06095452000180
202512;895;2017000183;COTAS;408713.801662000000000;
202512;792;1999002938;COTAS;14862787.959560000000000;
202512;936;2010002156;COTAS;19811137.920638000000000;
202512;919;1980000719;COTAS;536946953.266137000000000;14172627000134
202512;1033;2000007538;COTAS;9434297.141500000000000;
202512;941;1980001618;COTAS;36071.117722000000000;
202512;881;1979000247;OPERACAO_PARTICIPANTE;0.000000000000000;
202512;792;1999002938;COTAS;240026149.777797000000000;29983445000110
202512;792;1998000818;CAIXA;6281.000000000000000;
202512;895;2014002118;COTAS;2581850.994943000000000;59334008000137
202512;792;1998000818;COTAS;262159.250378000000000;
202512;802;2003001956;OPERACAO_PARTICIPANTE;950261.290000000000000;
202512;792;1998000818;COTAS;130170.623714000000000;
202512;895;2020001829;CAIXA;1747.190000000000000;
202512;802;9970000000;TIT_PRIV;13756529.430000000000000;
202512;941;1980001618;COTAS;4371002.037030000000000;
202512;792;1998000974;CAIXA;6799.550000000000000;
202512;1081;1979004447;COTAS;4556553.686968000000000;
202512;967;2000000819;COTAS;276328.741153000000000;
202512;941;1998007774;COTAS;33650977.150647000000000;
202512;864;1971000183;OPERACAO_PARTICIPANTE;26304942.209717815500000;
202512;792;1999003047;COTAS;3164147.057401000000000;
202512;792;1998000974;COTAS;94368.096218000000000;
202512;895;2021003574;COTAS;21432.142148000000000;58528785000150
202512;967;2000000983;COTAS;3003.805123000000000;
202512;792;1999002865;COTAS;30591317.918218000000000;
202512;881;1999004256;COTAS;-70300.947476000000000;
202512;941;1980001618;VL_PG_RC;165378425.430000000000000;
202512;941;1980001618;COTAS;2086120573.096246000000000;
202512;1051;1991001411;COTAS;17714984.109712000000000;
202512;941;1998007774;COTAS;1323147561.624123000000000;60506047000153
202512;1081;2003001311;COTAS;196.377446000000000;
202512;792;1999002865;COTAS;2461447.452412000000000;
202512;936;1990001483;COTAS;20336968.540738000000000;
202512;1051;1991001411;TIT_PRIV;2099798.710000000000000;
202512;864;2002000311;CAIXA;41079.660000000000000;
202512;792;2023001056;CAIXA;1450.520000000000000;
202512;941;1998007774;COTAS;53561302.260029000000000;
202512;878;1999003918;COTAS;12626955.632049000000000;
202512;941;9970000000;COTAS;42111842.403704000000000;58443848000175
202512;1081;2003001311;TIT_PUB;4987604.910000000000000;
202512;936;1998003256;OPCOES;68075.170000000000000;
202512;881;1979000247;ACOES;13334611.290000000000000;
202512;967;2002003947;COTAS;4394373.448258000000000;
202512;881;2000003729;CAIXA;7040.220000000000000;
202512;895;2020001829;COTAS;2513321.036590000000000;59334008000137
202512;802;1977000118;COTAS;18993829.630473000000000;
202512;919;1980000719;COTAS;123148408.281475000000000;14172036000167
202512;881;1994000929;OPERACAO_PARTICIPANTE;0.000000000000000;
202512;1078;1984000918;COTAS;12271746.424994000000000;
202512;1081;2015000992;COTAS;21330.000000000000000;
202512;922;1981001018;CAIXA;4166.490000000000000;
202512;821;1988000238;COTAS;22856056.084507000000000;
202512;919;1980000719;COTAS;97213556.951223000000000;39240301000128
202512;922;9970000000;CAIXA;44976.850000000000000;
202512;1081;9970000000;CAIXA;5488.470000000000000;
202512;936;2010002156;COTAS;35367976.964114000000000;
202512;941;9970000000;VL_PG_RC;-6465.430000000000000;
202512;881;2000003656;COTAS;11925705.812656000000000;
202512;792;1999002938;COTAS;111813721.143809000000000;
202512;922;9970000000;VL_PG_RC;-9957.400000000000000;
202512;967;2013001592;COTAS;13505380.781977000000000;10462501000143
202512;936;1990001483;COTAS;15277778.112255000000000;
202512;792;1999002938;COTAS;34831405.578538000000000;
202512;881;2000003729;COTAS;477617.507732000000000;
202512;919;1980000719;OPERACAO_PARTICIPANTE;4665345.024389077200000;
202512;881;2000003729;ACOES;1555573.500000000000000;
202512;792;1999002938;COTAS;20681085.315736000000000;
202512;936;1990001483;COTAS;37243547.528264000000000;
202512;967;1991001029;COTAS;1775153600.229793000000000;21082123000199
202512;941;1998007774;COTAS;27452017.510306000000000;
202512;1078;1984000918;COTAS;7150819.467131000000000;
202512;881;2000003974;COTAS;21560029.472717000000000;
202512;1081;1979004374;VL_PG_RC;-7801672.630000000000000;
202512;936;1998003256;COTAS;1094660.032194000000000;
202512;821;9970000000;CAIXA;4999.650000000000000;
202512;864;9970000000;VL_PG_RC;0.000000000000000;
202512;941;2023000165;COTAS;1285184.750292000000000;
202512;936;1990001483;IMOVEIS;29886000.000000000000000;
202512;967;9970000000;COTAS;226977785.157586000000000;10462501000143
202512;936;1998003256;COTAS;2622617.828768000000000;
202512;881;2000003729;COTAS;52022.222302000000000;
202512;941;2023000165;COTAS;31599600.284701000000000;49684938000167
202512;971;2000006711;COTAS;136619443.596752000000000;
202512;878;1999003918;COTAS;13912905.294426000000000;
202512;941;1998007774;COTAS;49004156.673294000000000;
202512;878;9970000000;VL_PG_RC;0.000000000000000;
202512;941;9970000000;COTAS;1459959.455346000000000;
202512;941;1980001618;COTAS;2595736.871428000000000;
202512;967;1991001029;COTAS;2681107.500000000000000;
202512;922;1981001018;IMOVEIS;5187141.250000000000000;
202512;936;1998003256;COTAS;1262673.140625000000000;
202512;881;2002001065;COTAS;64615.545820000000000;
202512;1081;2002001456;COTAS;-679615.172002000000000;
202512;1105;1974000419;ACOES;32626304.880000000000000;
202512;881;2000003974;VL_PG_RC;723174.280000000000000;
202512;792;1999003047;COTAS;399671.608997000000000;
202512;971;2000006711;COTAS;2480616.943576000000000;
202512;1105;1974000419;COTAS;11505036.902303000000000;
202512;941;1980001618;COTAS;33118825.244557000000000;
202512;881;2002001065;COTAS;-1359.468515000000000;
202512;967;2000004318;COTAS;66524133.308617000000000;05091139000101
202512;936;1998003256;COTAS;11013.895889000000000;
202512;1081;2015000992;COTAS;6367308.284889000000000;
202512;941;1998007774;COTAS;8706202.242472000000000;
202512;1081;2016002247;ACOES;80260.860000000000000;
202512;792;1999003047;COTAS;9356335.204911000000000;44432479000100
202512;792;1999003047;TIT_PUB;16898109.510000000000000;
202512;117;2018002147;COTAS;3432979.419710000000000;
202512;802;1977000118;ACOES;107842593.540000000000000;
202512;802;1977000118;TIT_PRIV;36605573.660000000000000;
202512;117;2025000219;CAIXA;102.570000000000000;
202512;821;9970000000;COTAS;1000582.400033000000000;
202512;121;1986000265;CAIXA;27726.430000000000000;
202512;864;2023000483;COTAS;504283.015125000000000;52316309000199
202512;121;1998003711;VL_PG_RC;-10091.080000000000000;
202512;881;1979000247;COTAS;-28157.888086000000000;
202512;134;1986000818;COTAS;5996544.069806000000000;
202512;134;1986000818;COTAS;212033303.370147000000000;21186519000186
202512;881;1994000929;COTAS;-9791.353857000000000;
202512;881;1999004256;COTAS;3555369.528531000000000;
202512;881;2000003656;OPERACAO_PARTICIPANTE;0.000000000000000;
202512;881;2000003729;COTAS;-3146.229797000000000;
202512;151;1996004174;TIT_PUB;270005921.950000000000000;
202512;151;9970000000;COTAS;884570.388359000000000;
202512;881;2000003729;IMOVEIS;12588208.990000000000000;
202512;165;1979001911;COTAS;104644430.141234000000000;07667179000184
202512;881;2000003974;COTAS;-74841.164360000000000;
202512;881;2008001619;COTAS;4300.987910000000000;
202512;881;9970000000;COTAS;933400.065682000000000;
202512;881;2008001619;COTAS;654.836565000000000;
202512;971;2000006711;COTAS;2086607.293934000000000;
202512;881;2008001619;COTAS;92171.550272000000000;
202512;165;1979001911;VL_PG_RC;38403.410000000000000;
202512;182;1967000174;COTAS;148950125.720676000000000;06137840000187
202512;941;9970000000;IMOVEIS;15926000.000000000000000;
202512;936;1998003256;COTAS;479076.000000000000000;
202512;182;1967000174;TIT_PUB;31703914.060000000000000;
202512;881;2008001619;COTAS;310626.741878000000000;
202512;182;2010001419;COTAS;14895340.689243000000000;
202512;1105;1974000419;COTAS;2165553.308736000000000;
202512;895;2020001829;VL_PG_RC;-5344.380000000000000;
202512;967;2000000983;VL_PG_RC;-958.650000000000000;
202512;971;2000006711;VL_PG_RC;444073.590000000000000;
202512;967;2000001947;COTAS;2624556.413022000000000;
202512;922;1981001018;COTAS;20455312.321061000000000;
202512;1198;1998003019;COTAS;9668711.618855000000000;
202512;1105;1997003147;CAIXA;8099.800000000000000;
202512;967;2002003947;VL_PG_RC;-10317.450000000000000;
202512;936;1998003256;OPERACAO_PARTICIPANTE;2328518.160006505200000;
202512;984;1981000992;CAIXA;291332.840000000000000;
202512;881;9970000000;COTAS;5079647.770211000000000;
202512;936;1998003256;COTAS;1138659.287040000000000;
202512;881;1979000247;TIT_PUB;604292219.590000000000000;
202512;941;1998007774;COTAS;76721966.293439000000000;
202512;1198;1998003019;OPERACAO_PARTICIPANTE;16443510.743347440000000;
202512;936;1998003256;COTAS;1415561.854713000000000;
202512;895;9970000000;COTAS;577501.546055000000000;59334008000137
202512;984;1981000992;COTAS;2086961.791177000000000;
202512;941;1998007774;COTAS;1163610846.078638000000000;58443848000175
202512;941;1998007774;COTAS;56352829.387111000000000;
202512;984;1981000992;COTAS;5216117.450794000000000;
202512;936;1998003256;COTAS;8429314.950869000000000;
202512;936;1998003256;COTAS;1219208.790112000000000;
202512;984;1990001629;COTAS;511469.370246000000000;
202512;1208;1979005265;COTAS;1784006678.170005000000000;04682806000168
202512;984;1990001629;COTAS;302679.654735000000000;
202512;1208;1979005265;VL_PG_RC;7405290.550000000000000;
202512;1081;2016002311;VL_PG_RC;-2124.130000000000000;
202512;922;9970000000;COTAS;6366348.543110000000000;
202512;1208;2013001411;ACOES;25020735.420000000000000;
202512;881;1994000929;COTAS;11044.029751000000000;
202512;967;2000000983;CAIXA;0.000000000000000;
202512;936;1990001483;COTAS;4681603.247263000000000;
202512;984;1990001629;VL_PG_RC;-7545.710000000000000;
202512;967;2013001592;COTAS;47818.312426000000000;
202512;1105;1997003147;COTAS;8457011.767779000000000;
202512;881;2000003974;COTAS;2259.354202000000000;
202512;936;1998003256;COTAS;343958.922478000000000;
202512;967;9970000000;COTAS;1055562512.978989000000000;20726687000154
202512;967;2000004318;CAIXA;95642.620000000000000;
202512;936;2010002156;COTAS;16717949.572178000000000;
202512;936;1990001483;COTAS;12197640.313741000000000;
202512;881;2000003974;COTAS;343.992538000000000;
202512;941;1998007774;COTAS;56226880.730333000000000;
202512;971;2000006711;COTAS;4166194.685716000000000;
202512;936;2010002156;COTAS;17983700.483911000000000;
202512;1239;1979002819;CAIXA;2021955.160000000000000;
202512;1105;1997003147;COTAS;216862646.853353000000000;48966312000180
202512;936;2010002156;COTAS;16153508.109375000000000;
202512;984;1981000992;COTAS;795491.581116000000000;
202512;941;1998007774;COTAS;58608505.993902000000000;
202512;967;2000000983;COTAS;1126836.757688000000000;10462501000143
202512;1105;9970000000;COTAS;1315387.822182000000000;
202512;941;9970000000;COTAS;38219051.802608000000000;22150448000124
202512;1136;1980001911;CAIXA;104057.660000000000000;
202512;967;2002003947;COTAS;890542172.620670000000000;05113533000101
202512;881;9970000000;COTAS;-7805.001627000000000;
202512;936;1998003256;COTAS;141862.293548000000000;
202512;941;1998007774;COTAS;25768871.689172000000000;
202512;1239;1979002983;IMOVEIS;1939660.280000000000000;
202512;984;1990001629;COTAS;125981.691875000000000;
202512;895;2017000183;COTAS;365907.975299000000000;
202512;967;2000001947;COTAS;106658.030473000000000;
202512;1171;2000008429;COTAS;894967.316741000000000;
202512;1136;1998006018;VL_PG_RC;-281.630000000000000;
202512;984;1990001629;COTAS;278295.209963000000000;
202512;936;1998003256;COTAS;657156.397768000000000;
202512;941;1998007774;COTAS;53549364.595609000000000;
202512;936;2010002156;COTAS;10227602.831273000000000;
202512;895;2017000183;TIT_PUB;44961106.370000000000000;
202512;936;1998003256;COTAS;2215522.220004000000000;
202512;936;2022002792;COTAS;142322.311498000000000;
202512;936;2010002156;ACOES;8288.390000000000000;
202512;953;1976000238;COTAS;3273814.560167000000000;
202512;984;1994002883;COTAS;3052003.347821000000000;
202512;936;1998003256;COTAS;1760778.333489000000000;
202512;941;2023000165;COTAS;7802597.817115000000000;
202512;895;9970000000;TIT_PUB;93437828.270000000000000;
202512;936;1998003256;COTAS;652996.941433000000000;
202512;967;2002003947;CAIXA;0.000000000000000;
202512;881;2000003974;COTAS;13059408.667356000000000;
202512;984;2005001538;COTAS;782137.493491000000000;
202512;1171;9970000000;COTAS;3427005.906944000000000;
202512;919;1980000719;COTAS;290739695.576448000000000;14172204000114
202512;941;1980001618;COTAS;641984.064999000000000;
202512;936;1998003256;TIT_PUB;37349535.910000000000000;
202512;984;1994002883;COTAS;1290118.596282000000000;
202512;967;1991001029;VL_PG_RC;1114619.770000000000000;
202512;941;1998007774;COTAS;2023138.041785000000000;
202512;1184;2023001765;TIT_PUB;219100.940000000000000;
202512;967;2000000819;CAIXA;0.000000000000000;
202512;936;2010002156;COTAS;146371.495342000000000;
202512;1239;1982002311;CAIXA;5410.620000000000000;
202512;984;2005001538;COTAS;18335190.753010000000000;
202512;1239;2020000083;CAIXA;54.140000000000000;
202512;967;2000000819;COTAS;46040592.298989000000000;05113533000101
202512;967;2013001592;COTAS;1180687.441630000000000;
202512;936;2010002156;CAIXA;207440.960000000000000;
202512;941;2023000165;COTAS;1285471.254240000000000;
202512;967;4009670029;CAIXA;42885.590000000000000;
202512;1239;2022001011;OPERACAO_PARTICIPANTE;1279198.107031620000000;
202512;953;9970000000;VL_PG_RC;0.000000000000000;
202512;881;2008001619;COTAS;-477.284853000000000;
202512;967;2000001947;CAIXA;855.440000000000000;
202512;1184;9970000000;COTAS;3077425.812581000000000;
202512;941;1998007774;COTAS;1587860787.160723000000000;60506753000103
202512;936;2010002156;COTAS;16389134.580000000000000;
202512;967;2002003947;OPERACAO_PARTICIPANTE;2115496.130000000000000;
202512;881;2008001619;COTAS;-6312.800281000000000;
202512;922;1981001018;COTAS;25359846.975566000000000;
202512;967;1991001029;OPERACAO_PARTICIPANTE;75185120.012090197200000;
202512;936;2010002156;COTAS;22364333.556342000000000;
202512;1171;1981001492;VL_PG_RC;50662.320000000000000;
202512;922;2013000847;VL_PG_RC;-41579.720000000000000;
202512;967;4009670029;VL_PG_RC;-349985.830000000000000;
202512;941;1980001618;COTAS;365123.350314000000000;
202512;1171;2000008429;ACOES;626539.690000000000000;
202512;967;9970000000;IMOVEIS;42689310.260000000000000;
202512;967;2002003947;COTAS;329898479.872700000000000;05091139000101
202512;1198;1998003019;COTAS;12499310.861388000000000;
202512;984;2017001211;COTAS;8757407.597816000000000;
202512;941;1980001618;COTAS;19083071.011666000000000;04644612000178
202512;936;2010002156;COTAS;123666475.949447000000000;
202512;1242;1985001683;COTAS;283171.780000000000000;
202512;967;2002003947;COTAS;132787386.132987000000000;10462501000143
202512;941;1980001618;COTAS;42311069.887660000000000;
202512;967;2000001947;OPERACAO_PARTICIPANTE;342087.060000000000000;
202512;967;2000001947;COTAS;62863151.081665000000000;10462501000143
202512;936;2010002156;COTAS;14879227.424231000000000;
202512;967;2002003947;COTAS;198280.588148000000000;
202512;971;2000006711;COTAS;13587623.496243000000000;
202512;967;2013001592;COTAS;3096660.000000000000000;
202512;967;2000004318;COTAS;4507892.564558000000000;
202512;971;2000006711;COTAS;3258215.257951000000000;
202512;941;1980001618;COTAS;35084527.496895000000000;
202512;984;1994002883;COTAS;1027105.910457000000000;
202512;984;9970000000;COTAS;18804.661388000000000;
202512;1208;1979005265;ACOES;170159446.200000000000000;
202512;971;2000006711;COTAS;2219661.218184000000000;
202512;967;2013001592;COTAS;4144500.000000000000000;
202512;971;2000006711;COTAS;5974.224192000000000;
202512;967;4009670029;COTAS;2591609032.014213000000000;21596134000197
202512;967;2000004318;COTAS;944142426.743503000000000;05113533000101
202512;941;1980001618;COTAS;20672955.246132000000000;
202512;984;1994002883;COTAS;6847504.839841000000000;
202512;936;2010002156;COTAS;5289464.086968000000000;
202512;984;1994002883;COTAS;5111893.194659000000000;
202512;936;1990001483;COTAS;171622.989493000000000;
202512;967;2000004318;OPERACAO_PARTICIPANTE;4354930.320000000000000;
202512;984;9970000000;COTAS;198419.288610000000000;
202512;967;2013001592;OPERACAO_PARTICIPANTE;9314531.902515348000000;
202512;984;1994002883;COTAS;558886.558746000000000;
202512;953;9970000000;COTAS;281887.369988000000000;
202512;936;1990001483;OPERACAO_PARTICIPANTE;13738055.069743052200000;
202512;971;2000006711;TIT_PUB;51985360.460000000000000;
202512;967;2013001592;VL_PG_RC;188622.950000000000000;
202512;1208;1998001474;CAIXA;11621.690000000000000;
202512;984;2000007783;COTAS;413808.875004000000000;
202512;971;2000006711;COTAS;8519837.673105000000000;
202512;881;2008001619;IMOVEIS;2330803.050000000000000;
202512;936;1998003256;COTAS;468593.546509000000000;
202512;967;2000000983;COTAS;75523.649033000000000;
202512;967;4009670029;COTAS;572837.981382000000000;
202512;1171;2000008429;CAIXA;144.180000000000000;
202512;1171;2000008429;COTAS;6252872.629710000000000;
202512;998;1998006638;CAIXA;901923.490000000000000;
202512;984;1994002883;COTAS;760668.266286000000000;
202512;971;2000006711;COTAS;7424542.278173000000000;
202512;971;2000006711;COTAS;996528.532949000000000;
202512;984;2017001211;COTAS;51337087.528545000000000;
202512;941;1980001618;COTAS;322189777.348536000000000;58443848000175
202512;984;9970000000;COTAS;1036796.464369000000000;
202512;1184;2022000218;TIT_PUB;2119842.880000000000000;
202512;971;2000006711;COTAS;8485410.056969000000000;
202512;936;1998003256;COTAS;1238196.098469000000000;
202512;1198;1998003019;COTAS;10988407.640000000000000;
202512;936;2010002156;COTAS;704731.124536000000000;
202512;998;9970000000;CAIXA;42231.530000000000000;
202512;881;9970000000;COTAS;43555.114201000000000;
202512;971;2000006711;COTAS;11296506.995389000000000;
202512;971;2000006711;COTAS;84388467.718196000000000;
202512;1242;1985001683;COTAS;144812.000000000000000;
202512;984;1981000992;COTAS;1022169.494226000000000;
202512;1242;2021001792;COTAS;185607.900000000000000;
202512;971;2000006711;COTAS;6750432.634225000000000;
202512;1208;2013001411;VL_PG_RC;-27962.240000000000000;
202512;1242;2021001792;COTAS;401162.220000000000000;
202512;1225;9970000000;VL_PG_RC;0.000000000000000;
202512;936;2010002156;COTAS;18503213.414400000000000;
202512;984;1985001365;CAIXA;9447.860000000000000;
202512;971;2000006711;COTAS;4039851.190705000000000;
202512;971;2000006711;OPERACAO_PARTICIPANTE;6482944.460000000000000;
202512;984;1990001629;COTAS;50211.717290000000000;
202512;971;2000006711;COTAS;3678464.342241000000000;
202512;984;1994002883;VL_PG_RC;-27267.320000000000000;
202512;941;1998007774;COTAS;25947120.927512000000000;
202512;984;2000007783;COTAS;2991837.421798000000000;
202512;1242;2021001792;COTAS;586453.320000000000000;
202512;1239;1979003165;COTAS;4931531034.411660000000000;07325929000130
202512;936;2010002156;COTAS;15036908.687519000000000;
202512;984;9970000000;COTAS;111128.681809000000000;
202512;984;1981000992;COTAS;364589.613396000000000;
202512;984;2000007783;COTAS;3091675.671887000000000;
202512;1033;1975000218;VL_PG_RC;-2591711.660000000000000;
202512;984;1990001629;COTAS;404223.509665000000000;
202512;971;2000006711;COTAS;1278687.285870000000000;
202512;971;2000006711;COTAS;2889106.656614000000000;
202512;984;2000007783;COTAS;1770523.066555000000000;
202512;971;2000006711;COTAS;2181069.727123000000000;
202512;1239;1979002819;IMOVEIS;65300000.000000000000000;
202512;941;9970000000;CAIXA;1528185.590000000000000;
202512;895;2014002118;COTAS;915167.962025000000000;
202512;1239;1979003165;VL_PG_RC;-715204.190000000000000;
202512;984;1981000992;COTAS;337806.774754000000000;
202512;1239;1982002247;CAIXA;210938068.580000000000000;
202512;936;2010002156;COTAS;16531500.533875000000000;
202512;984;1990001629;COTAS;34193.906080000000000;
202512;895;2017000183;COTAS;6555547.067264000000000;59334008000137
202512;1033;1979003556;COTAS;238409342.737796000000000;18000701000196
202512;971;2000006711;COTAS;74111525.167262000000000;50132470000187
202512;1239;1982002311;COTAS;1958394456.182690000000000;05754046000110
202512;984;1981000992;COTAS;1420343.254791000000000;
202512;984;1990001629;COTAS;485222.159082000000000;
202512;1033;1996003674;OPERACAO_PARTICIPANTE;49724345.625724504000000;
202512;984;1994002883;COTAS;218061.725364000000000;
202512;1239;9970000000;COTAS;2777722.227960000000000;
202512;984;1985001292;CAIXA;36334.800000000000000;
202512;984;1994002883;COTAS;2043099.116686000000000;
202512;971;2000006711;TIT_PRIV;22627040.880000000000000;
202512;941;1998007774;COTAS;157678070.352117000000000;
202512;941;2023000165;COTAS;7806554.294023000000000;
202512;941;2023000165;VL_PG_RC;0.000000000000000;
202512;953;1976000165;COTAS;9235062.799756000000000;
202512;953;1976000165;VL_PG_RC;0.000000000000000;
202512;967;1991001029;COTAS;731842.773585000000000;
202512;967;2000001947;COTAS;368308738.724600000000000;05113533000101
202512;984;1994002883;COTAS;989501.630186000000000;
202512;967;2000004318;VL_PG_RC;-1440.890000000000000;
202512;967;2013001592;CAIXA;724826.120000000000000;
202512;967;2013001592;COTAS;42219191.949649000000000;36521658000196
202512;967;2013001592;COTAS;21272308.000000000000000;59846133000126
202512;984;2000007783;COTAS;17538548.694747000000000;
202512;967;9970000000;CAIXA;37442.310000000000000;
202512;984;1981000992;COTAS;134609.261728000000000;
202512;967;1991001029;COTAS;5615143812.637212000000000;04519681000150
202512;984;2000007783;COTAS;2838304.496582000000000;
202512;984;2017001211;OPERACAO_PARTICIPANTE;2268455.330000000000000;
202512;984;9970000000;COTAS;142795.161102000000000;
202512;984;2005001538;COTAS;7328128.856647000000000;
202512;984;9970000000;VL_PG_RC;-979.140000000000000;
202512;1033;1975000218;COTAS;40875.331320000000000;
202512;984;2005001538;COTAS;20396284.136853000000000;
202512;1033;1996003674;CAIXA;1147941.010000000000000;
202512;967;1991001029;COTAS;5421594381.507110000000000;21082121000108
202512;1033;1996003674;COTAS;384396.264338000000000;
202512;1051;1991001411;COTAS;292306962.129222000000000;
202512;967;2000004318;COTAS;69487580.643915000000000;10462501000143
202512;984;2005001538;COTAS;24560432.434647000000000;
202512;1051;1991001411;VL_PG_RC;-224399.750000000000000;
202512;967;9970000000;COTAS;2429336.300608000000000;
202512;1078;1984000918;COTAS;91963663.403793000000000;01424041000178
202512;984;2017001211;COTAS;4764986.386220000000000;
202512;984;2005001538;COTAS;4764211.040426000000000;
202512;971;2000006711;COTAS;109792.627674000000000;
202512;984;9970000000;COTAS;182048.283227000000000;
202512;984;2005001538;COTAS;2506593.944297000000000;
202512;971;2000006711;COTAS;37547406.490325000000000;
202512;984;2017001211;COTAS;1211259.996784000000000;
202512;998;1998006638;OPERACAO_PARTICIPANTE;45148272.035499011500000;
202512;1051;1991001411;COTAS;128447996.000000000000000;
202512;971;2000006711;COTAS;1168018.990997000000000;
202512;984;2017001211;COTAS;5321921.342678000000000;
202512;1078;1984000918;COTAS;31410021.773155000000000;
202512;984;1981000992;COTAS;7421692.089829000000000;
202512;1081;1979004692;COTAS;2364.336661000000000;
202512;984;9970000000;COTAS;728681.824227000000000;
202512;984;1985001365;COTAS;45109665.921369000000000;
202512;998;1988001129;COTAS;334596.106403000000000;
202512;1081;1979004692;VL_PG_RC;-6608587.860000000000000;
202512;984;2000007783;COTAS;1030783.233384000000000;
202512;984;1981000992;COTAS;1303154.813875000000000;
202512;1242;1985001683;COTAS;270778782.424713000000000;18731304000194
202512;1081;2003001311;TIT_PRIV;3230311.140000000000000;
202512;1033;1979003556;TIT_PUB;3908378420.590000000000000;
202512;984;1990001629;CAIXA;1238.570000000000000;
202512;1033;1996003674;COTAS;58156816.896615000000000;
202512;1239;1979002983;COTAS;2002025.642603000000000;
202512;984;1985001292;COTAS;1433900.904460000000000;
202512;984;1994002883;COTAS;5686530.752779000000000;
202512;984;9970000000;COTAS;291544.647797000000000;
202512;984;1990001629;COTAS;310822.549644000000000;
202512;1081;2006000365;CAIXA;3110.390000000000000;
202512;984;2000007783;COTAS;878305.746184000000000;
202512;922;2013000847;COTAS;24602280.471197000000000;
202512;1081;2010004256;ACOES;5299469.750000000000000;
202512;984;2017001211;COTAS;8308001.358027000000000;
202512;936;1990001483;COTAS;525563.717613000000000;
202512;936;1998003256;COTAS;1609057.408931000000000;
202512;984;9970000000;COTAS;47190.972816000000000;
202512;1081;1979004374;TIT_PUB;407082570.070000000000000;
202512;984;1990001629;COTAS;2998301.441969000000000;
202512;1239;1979002983;OPERACAO_PARTICIPANTE;5490905.040460340000000;
202512;1242;2021001792;COTAS;507557.820000000000000;
202512;984;1981000992;COTAS;724496.441648000000000;
202512;998;1988001129;OPERACAO_PARTICIPANTE;11897658.378810234200000;
202512;1242;2021001792;COTAS;261215.340000000000000;
202512;1081;2002001456;COTAS;5844017.150631000000000;
202512;998;9970000000;VL_PG_RC;0.000000000000000;
202512;1242;2021001792;COTAS;4179080.938462000000000;
202512;1081;2021001547;COTAS;1106064.661417000000000;
202512;1239;1979003092;IMOVEIS;2751425.400000000000000;
202512;1261;2005006165;VL_PG_RC;-452.520000000000000;
202512;1359;1991002165;COTAS;6471608.687765000000000;
202512;1033;2000007538;COTAS;22551.225000000000000;
202512;984;1990001629;COTAS;115390.140750000000000;
202512;984;1994002883;COTAS;1253813.660410000000000;
202512;1033;1975000218;COTAS;1462273.130035000000000;
202512;1033;2000007538;COTAS;132201.401810000000000;
202512;984;1990001629;OPERACAO_PARTICIPANTE;1089.100000000000000;
202512;1239;2020000083;IMOVEIS;12534895.580000000000000;
202512;1242;4012420038;CAIXA;948314.390000000000000;
202512;1033;1975000218;COTAS;67.716809000000000;
202512;1359;1991002238;COTAS;715101.017187000000000;
202512;1051;1991001411;COTAS;47393943.164420000000000;
202512;1242;1985001519;CAIXA;1766682.720000000000000;
202512;1081;9970000000;OP_COMP;186555703.530000000000000;
202512;1242;9970000000;VL_PG_RC;-9768.670000000000000;
202512;984;2000007783;COTAS;11720886.482721000000000;
202512;1033;1996003674;VL_PG_RC;-311040.710000000000000;
202512;1081;2002001456;OPERACAO_PARTICIPANTE;71593261.523686000000000;
202512;1273;9970000000;VL_PG_RC;-6948.400000000000000;
202512;1105;2010001265;COTAS;17509860.481750000000000;
202512;984;1981000992;VL_PG_RC;50853.420000000000000;
202512;1081;2003001311;CAIXA;531270.120000000000000;
202512;998;1998006638;COTAS;16810374.299845000000000;
202512;1136;1998006018;CAIXA;5981.120000000000000;
202512;984;1990001629;COTAS;528537.211738000000000;
202512;1078;1984000918;COTAS;13620157.335373000000000;
202512;1359;2014001774;CAIXA;13571.230000000000000;
202512;1081;2003001311;COTAS;-2.875077000000000;
202512;1171;2000008429;COTAS;4333625.009454000000000;
202512;984;1985001292;VL_PG_RC;278598.720000000000000;
202512;936;2010002156;COTAS;1288583.195534000000000;
202512;1314;9970000000;COTAS;4240765.517335000000000;
202512;1033;1979003556;CAIXA;12693.500000000000000;
202512;1242;1985001683;CAIXA;1686024.190000000000000;
202512;1033;1979003556;COTAS;116313642.447446000000000;
202512;1359;1991002165;COTAS;2793780.279016000000000;
202512;1171;2000008429;IMOVEIS;5391260.180000000000000;
202512;998;1988001129;VL_PG_RC;-1060675.860000000000000;
202512;1033;1996003674;COTAS;7744686.000000000000000;
202512;984;1994002883;COTAS;348964.777365000000000;
202512;998;1998006638;COTAS;1408093516.860485000000000;05024715000106
202512;1359;1991002238;COTAS;2826316.648858000000000;
202512;998;1998006638;COTAS;306810152.589109000000000;11462883000178
202512;984;2000007783;COTAS;674974.028378000000000;
202512;936;2010002156;COTAS;18507324.721906000000000;
202512;1359;9970000000;COTAS;2660182.320626000000000;
202512;984;2000007783;COTAS;4728219.124757000000000;
202512;984;2005001538;COTAS;10946837.390871000000000;
202512;984;2000007783;COTAS;11870147.898234000000000;
202512;1242;2021001792;COTAS;1226658.788979000000000;
202512;984;1990001629;COTAS;2029260.355505000000000;
202512;984;2005001538;COTAS;4627360.090752000000000;
202512;984;2000007783;OPERACAO_PARTICIPANTE;343100.410000000000000;
202512;1081;2010004256;COTAS;49.685741000000000;
202512;1381;1980002411;IMOVEIS;98881050.000000000000000;
202512;984;1994002883;CAIXA;2627.010000000000000;
202512;936;2010002156;COTAS;5876973.081765000000000;
202512;1033;1996003674;COTAS;709141409.708460000000000;18000701000196
202512;1081;2015000992;ACOES;158467.090000000000000;
202512;1359;9970000000;VL_PG_RC;0.000000000000000;
202512;1033;9970000000;VL_PG_RC;0.000000000000000;
202512;984;1994002883;COTAS;126188.655705000000000;
202512;998;1998006638;COTAS;138792704.577061000000000;41559542000186
202512;936;2010002156;TIT_PUB;528424099.780000000000000;
202512;1171;9970000000;TIT_PRIV;5164.020000000000000;
202512;1381;2006005138;COTAS;97106.971549000000000;
202512;1105;1974000419;CAIXA;19131.360000000000000;
202512;984;2000007783;COTAS;1818154.887858000000000;
202512;984;2005001538;COTAS;4497142.596096000000000;
202512;984;2000007783;COTAS;7055790.869647000000000;
202512;984;1994002883;COTAS;85196.927195000000000;
202512;1403;2000008038;COTAS;6354076.111261000000000;
202512;936;9970000000;VL_PG_RC;-6043.220000000000000;
202512;1381;2006005138;OPERACAO_PARTICIPANTE;3288114.040000000000000;
202512;1078;1984000918;COTAS;12071132.769140000000000;
202512;984;2005001538;COTAS;3683993.791477000000000;
202512;1242;2021001792;COTAS;1857026.568189000000000;
202512;984;2017001211;COTAS;6921137.883729000000000;
202512;1242;2021001792;COTAS;36377079.738013000000000;17435331000157
202512;1033;9970000000;TIT_PRIV;12533684.610000000000000;
202512;1105;1974000419;VL_PG_RC;34104666.710000000000000;
202512;1033;1996003674;COTAS;2463756.000000000000000;
202512;984;2017001211;VL_PG_RC;-33439.050000000000000;
202512;1033;1979003556;IMOVEIS;2317207.910000000000000;
202512;941;1980001618;COTAS;31588654.426500000000000;
202512;1105;1997003147;ACOES;57380309.950000000000000;
202512;984;2005001538;CAIXA;9422.510000000000000;
202512;1078;1984000918;VL_PG_RC;-13006.250000000000000;
202512;1403;1981000747;TIT_PUB;4745637.410000000000000;
202512;984;2017001211;CAIXA;21206.810000000000000;
202512;1081;2002001456;TIT_PRIV;84054128.820000000000000;
202512;1403;2008004783;COTAS;1300762.506280000000000;41300431000150
202512;1081;1979004374;COTAS;-117835.089141000000000;
202512;1242;9970000000;CAIXA;336445.410000000000000;
202512;1403;9970000000;CAIXA;40135.730000000000000;
202512;984;2017001211;COTAS;2570888.831984000000000;
202512;984;2005001538;COTAS;3549115.845979000000000;
202512;1105;1997003147;COTAS;630403663.917765000000000;
202512;984;2017001211;COTAS;2157065.681386000000000;
202512;1184;1979005583;TIT_PUB;15813730.610000000000000;
202512;1081;2002001456;TIT_PUB;1793959536.900000000000000;
202512;1033;2000007538;COTAS;14689118.186568000000000;
202512;1081;2003001311;VL_PG_RC;-598714.760000000000000;
202512;1033;2000007538;COTAS;37823691.477607000000000;
202512;941;1980001618;COTAS;36029799.044835000000000;
202512;984;2005001538;COTAS;452609.822876000000000;
202512;1403;2000008038;VL_PG_RC;-74121.090000000000000;
202512;1081;1979004374;OPERACAO_PARTICIPANTE;10530542.345428000000000;
202512;984;2005001538;COTAS;305581.875877000000000;
202512;1198;1998003019;COTAS;5223022.754000000000000;
202512;984;2005001538;COTAS;2728342.950657000000000;
202512;1081;1979004447;CAIXA;827136.180000000000000;
202512;1081;2005000329;COTAS;14.604094000000000;
202512;984;2005001538;VL_PG_RC;-51154.390000000000000;
202512;1403;2016000619;TIT_PUB;98509646.330000000000000;
202512;984;2017001211;COTAS;13839970.643325000000000;
202512;1434;1985000474;TIT_PUB;466005413.610000000000000;
202512;941;1980001618;IMOVEIS;35574810.420000000000000;
202512;1081;1979004447;TIT_PUB;1149635344.280000000000000;
202512;998;1988001129;COTAS;265236.783000000000000;
202512;998;1988001129;COTAS;3855161566.599046000000000;05681154000100
202512;1051;1991001411;CAIXA;43096.450000000000000;
202512;984;2017001211;COTAS;585470.001390000000000;
202512;1033;2000007538;COTAS;801960.426533000000000;
202512;984;2017001211;COTAS;34745111.025725000000000;
202512;1434;1986000192;VL_PG_RC;-399.410000000000000;
202512;984;9970000000;COTAS;732510.547160000000000;
202512;1033;2000007538;COTAS;44221048.635398000000000;
202512;998;1988001129;ACOES;284020.600000000000000;
202512;1081;2005000329;TIT_PUB;495995.200000000000000;
202512;1434;1980002347;COTAS;2831.825040000000000;
202512;1033;2000007538;COTAS;29078414.999613000000000;
202512;1434;1996002211;VL_PG_RC;-104009.560000000000000;
202512;1033;1979003556;TIT_PRIV;291513105.760000000000000;
202512;1033;2000007538;COTAS;422289956.280703000000000;18000701000196
202512;998;1998006638;VL_PG_RC;-1147356.360000000000000;
202512;1033;1975000218;COTAS;190906348.285527000000000;18000701000196
202512;1434;1980002347;COTAS;4212314.667848000000000;33624828000170
202512;1051;1991001411;ACOES;20836200.000000000000000;
202512;1033;1975000218;CAIXA;6915961.370000000000000;
202512;1033;2000007538;VL_PG_RC;-301389.190000000000000;
202512;1198;1998003019;COTAS;52827873.851953000000000;
202512;1051;9970000000;VL_PG_RC;0.000000000000000;
202512;971;2000006711;ACOES;303.140000000000000;
202512;1198;2019001111;VL_PG_RC;4475.240000000000000;
202512;1033;1996003674;COTAS;1005264.053814000000000;
202512;1434;2000006965;CAIXA;498719.550000000000000;
202512;971;2000006711;COTAS;830305.809637000000000;
202512;1261;1980000311;VL_PG_RC;-803.270000000000000;
202512;1081;1979004374;COTAS;1013250.107243000000000;
202512;1198;9970000000;CAIXA;127465.580000000000000;
202512;1081;2010004256;COTAS;-0.726335000000000;
202512;1033;1979003556;COTAS;27207786.691206000000000;
202512;1434;2000000411;COTAS;312336.892143000000000;04495282000104
202512;1051;9970000000;CAIXA;1994.980000000000000;
202512;1051;1991001411;COTAS;42416825.214463000000000;
202512;1078;1984000918;COTAS;8727963.259544000000000;
202512;1033;2000007538;TIT_PRIV;208642363.150000000000000;
202512;971;2000006711;COTAS;3103558.469119000000000;
202512;1261;9970000000;COTAS;3951339.625057000000000;
202512;1081;2015000992;CAIXA;4092.730000000000000;
202512;971;9970000000;VL_PG_RC;0.000000000000000;
202512;1081;2002001456;IMOVEIS;15676169.420000000000000;
202512;1105;2010001265;COTAS;31587114.254331000000000;48966312000180
202512;1033;2000007538;COTAS;7535.386886000000000;
202512;1033;1979003556;COTAS;33559816.929419000000000;
202512;1081;1979004692;COTAS;-96598.079316000000000;
202512;1136;1998005992;COTAS;6066286.557078000000000;17804124000122
202512;1081;1979004692;COTAS;830647.489128000000000;
202512;1434;2000006965;COTAS;9356241.986645000000000;
202512;1051;1991001411;COTAS;34762899.057396000000000;
202512;1434;2000006965;COTAS;56850.923530000000000;
202512;1198;1998003019;CAIXA;2396615.330000000000000;
202512;1078;1984000918;COTAS;20075464.769102000000000;
202512;1081;1979004692;COTAS;72275796.857066000000000;
202512;1033;1979003556;COTAS;31782775.988205000000000;
202512;1198;1998003019;COTAS;24997893.484754000000000;
202512;1033;9970000000;CAIXA;24899.010000000000000;
202512;1081;1979004374;TIT_PRIV;13708599.710000000000000;
202512;1434;2000006965;TIT_PUB;366276245.390000000000000;
202512;1081;2002001456;CAIXA;1161586.970000000000000;
202512;1434;2000006965;COTAS;7204402.846174000000000;
202512;984;1981000992;COTAS;5243524.568592000000000;
202512;1198;2019001111;COTAS;3703406.250252000000000;
202512;1314;1985000156;VL_PG_RC;13486992.780000000000000;
202512;1208;1995003956;COTAS;19643847.600001000000000;19673072000128
202512;1078;1984000918;COTAS;14309575.145460000000000;
202512;1051;1991001411;TIT_PUB;1804937299.000000000000000;
202512;1208;1995003956;IMOVEIS;188330287.380000000000000;
202512;1078;9970000000;CAIXA;890456.560000000000000;
202512;1033;1996003674;COTAS;2615874.300000000000000;
202512;1081;2005000329;COTAS;22594.000000000000000;
202512;1081;1979004447;TIT_PRIV;60153236.210000000000000;
202512;1033;1996003674;COTAS;7781257.357184000000000;
202512;1434;2005005029;COTAS;57224578.896381000000000;33624828000170
202512;1314;2005000965;ACOES;38533310.700000000000000;
202512;1434;2005005029;COTAS;12948771.162344000000000;
202512;1434;2009003292;TIT_PUB;43011313.470000000000000;
202512;1314;2005000965;COTAS;119520359.422884000000000;
202512;1208;1998001474;COTAS;336946548.419999000000000;10820311000150
202512;1105;1997003147;COTAS;32518312.323250000000000;
202512;1208;1998001474;OPERACAO_PARTICIPANTE;5215957.839783690000000;
202512;1078;1984000918;COTAS;59065575.372453000000000;37967685000150
202512;1434;2015000747;OPERACAO_PARTICIPANTE;103440.340000000000000;
202512;1434;2005005029;TIT_PUB;178853515.720000000000000;
202512;1451;1979001618;COTAS;14233070.073371000000000;
202512;1081;2005000329;COTAS;5130.763965000000000;
202512;1136;1980001911;COTAS;577590126.608117000000000;04573104000146
202512;1314;2005000965;COTAS;6833241.405343000000000;
202512;1081;2006000365;OPERACAO_PARTICIPANTE;17.092658000000000;
202512;1434;2009003292;CAIXA;155255.980000000000000;
202512;1451;2006002929;VL_PG_RC;-40599.480000000000000;
202512;1051;9970000000;COTAS;3373818.324339000000000;
202512;1081;1979004692;IMOVEIS;2228153.690000000000000;
202512;1033;1996003674;TIT_PRIV;586003949.500000000000000;
202512;1078;1984000918;TIT_PRIV;1091106.860000000000000;
202512;1208;9970000000;ACOES;9209064.020000000000000;
202512;984;1981000992;COTAS;696614.011422000000000;
202512;1451;1979001618;COTAS;421356496.996518000000000;35491278000193
202512;1081;9970000000;VL_PG_RC;-3376171.900000000000000;
202512;1208;9970000000;CAIXA;18273.320000000000000;
202512;984;1990001629;COTAS;2003743.380007000000000;
202512;1033;9970000000;COTAS;6012936.812498000000000;
202512;1359;1991002165;COTAS;8055535.824683000000000;
202512;1479;1997002711;COTAS;10161340.752600000000000;
202512;984;2005001538;COTAS;2004598.154481000000000;
202512;1081;9970000000;ACOES;6252234.470000000000000;
202512;1451;9970000000;COTAS;12487450.788981000000000;35491278000193
202512;1105;9970000000;TIT_PRIV;6447560.490000000000000;
202512;1105;1997003147;COTAS;10055104.107342000000000;
202512;1081;2002001456;COTAS;1005492838.875912000000000;
202512;1081;2005000329;COTAS;3934492.963190000000000;
202512;1479;1997002711;COTAS;1714787.941405000000000;
202512;1081;9970000000;TIT_PRIV;6480758.810000000000000;
202512;1171;2000008429;COTAS;1.668939000000000;
202512;1479;1997002711;COTAS;34490524.302624000000000;
202512;1078;9970000000;VL_PG_RC;-2524.060000000000000;
202512;1171;2000008429;COTAS;5559010.904374000000000;
202512;1105;1974000419;OPERACAO_PARTICIPANTE;12740316.769968440600000;
202512;1171;2000008429;COTAS;3811926.580085000000000;
202512;1081;1979004374;COTAS;83780726.562395000000000;
202512;1239;1979002819;VL_PG_RC;3589.360000000000000;
202512;1081;2005000329;CAIXA;19961.900000000000000;
202512;1479;1997002711;COTAS;26721029.122657000000000;52324000000140
202512;1081;1979004447;COTAS;-529893.205444000000000;
202512;1105;1997003147;OPERACAO_PARTICIPANTE;40081412.890998839100000;
202512;1051;1991001411;OPERACAO_PARTICIPANTE;115675706.930000000000000;
202512;1081;2005000329;COTAS;-0.211848000000000;
202512;1359;1991002238;CAIXA;51549.820000000000000;
202512;1033;1975000218;TIT_PRIV;66240840.750000000000000;
202512;1239;1979003238;CAIXA;96404518.880000000000000;
202512;1078;1984000918;COTAS;137350727.409320000000000;
202512;1105;1997003147;TIT_PUB;5354050.620000000000000;
202512;1239;1979003319;CAIXA;19681.340000000000000;
202512;1136;1980001911;VL_PG_RC;28128.660000000000000;
202512;1479;1997002892;COTAS;4063115941.582610000000000;05983533000154
202512;1479;1997002892;CAIXA;446643.360000000000000;
202512;1081;1979004692;OPERACAO_PARTICIPANTE;8212318.357392000000000;
202512;1081;1979004447;COTAS;12969.673756000000000;
202512;1239;1979002738;VL_PG_RC;-1336807.690000000000000;
202512;1033;1996003674;COTAS;43491797.432652000000000;
202512;1171;1981001492;COTAS;15346.494375000000000;
202512;1081;1979004692;CAIXA;51665.570000000000000;
202512;1239;1979003319;COTAS;279296121.101689000000000;46205698000182
202512;1359;1991002238;COTAS;2860503.047386000000000;
202512;1171;2000008429;COTAS;211107.622823000000000;
202512;1171;9970000000;COTAS;2304713.875547000000000;
202512;1479;1997002892;VL_PG_RC;11914310.040000000000000;
202512;1081;2016002311;ACOES;101388.520000000000000;
202512;1081;1979004692;COTAS;-34.500918000000000;
202512;1081;1979004447;COTAS;-189.331355000000000;
202512;1081;2010004256;CAIXA;261770.690000000000000;
202512;1239;1982002247;COTAS;1454624.405732000000000;
202512;1081;2002001456;COTAS;-242.838043000000000;
202512;1239;1995003311;COTAS;827259527.396219000000000;
202512;1081;2002001456;COTAS;16634.281305000000000;
202512;1081;2003001311;ACOES;1881182.510000000000000;
202512;1081;2016002311;COTAS;13746.000000000000000;
202512;1171;1981001492;COTAS;9402248.350563000000000;
202512;1081;1979004692;TIT_PUB;402792181.620000000000000;
202512;1479;2012000738;COTAS;1048482.557248000000000;
202512;1479;2012000738;COTAS;9218769.441371000000000;60778282000184
202512;1081;2003001311;COTAS;-8019.843061000000000;
202512;1239;2019002965;COTAS;9705027.386008000000000;17518976000153
202512;1482;1982000929;CAIXA;1941190.680000000000000;
202512;1081;2010004256;COTAS;729644.000000000000000;
202512;1033;1996003674;COTAS;53949757.851909000000000;
202512;1239;1982002247;OPERACAO_PARTICIPANTE;69658793.443703340000000;
202512;1171;2000008429;COTAS;1545643.639446000000000;
202512;1359;1991002238;COTAS;1153736.615947000000000;
202512;1242;1985001683;COTAS;211140.480000000000000;
202512;1033;2000007538;COTAS;5.823680000000000;
202512;1081;2021001547;VL_PG_RC;-473.720000000000000;
202512;1239;1982002311;IMOVEIS;7771061.550000000000000;
202512;1033;2000007538;COTAS;1768141.918813000000000;
202512;1171;2000008429;COTAS;3142367.000534000000000;
202512;1482;1982003211;COTAS;72580.475689000000000;
202512;1171;9970000000;COTAS;2061402.629806000000000;
202512;1482;1987001011;VL_PG_RC;-23627.940000000000000;
202512;1171;9970000000;COTAS;32167.527813000000000;
202512;1081;9970000000;COTAS;816860.000000000000000;
202512;1359;1991002238;COTAS;6430.025881000000000;
202512;1239;1995003311;COTAS;113817126.971768000000000;
202512;1184;1979005583;CAIXA;9872.300000000000000;
202512;1171;1981001492;COTAS;93753.054308000000000;
202512;1081;2010004256;OPERACAO_PARTICIPANTE;4634.262750000000000;
202512;1081;2003001311;COTAS;245374.000000000000000;
202512;1479;2012000738;VL_PG_RC;-682.880000000000000;
202512;1184;1984000111;TIT_PUB;234778739.950000000000000;
202512;1171;9970000000;COTAS;383629.830876000000000;
202512;1051;1991001411;COTAS;53654939.277702000000000;
202512;1184;2023001765;VL_PG_RC;0.000000000000000;
202512;1242;1985001683;COTAS;178860.000000000000000;
202512;1381;1980002411;CAIXA;403649.960000000000000;
202512;1482;1979005411;COTAS;366845.689667000000000;
202512;1482;1981000674;CAIXA;3751.240000000000000;
202512;1105;1974000419;TIT_PUB;87659.910000000000000;
202512;1381;1980002411;COTAS;36660207.738753000000000;34626114000163
202512;1184;1984000292;VL_PG_RC;0.000000000000000;
202512;1081;2003001311;COTAS;68992.048325000000000;
202512;1198;1998003019;COTAS;68674.455696000000000;
202512;1081;2015000992;VL_PG_RC;-5177.820000000000000;
202512;1105;1997003147;COTAS;11471174.954659000000000;
202512;1198;1998003019;COTAS;1243819.557330000000000;
202512;1242;1985001683;COTAS;8999749.318104000000000;
202512;1171;9970000000;COTAS;1.365589000000000;
202512;1081;2005000329;TIT_PRIV;1063141.710000000000000;
202512;1184;2022000218;VL_PG_RC;0.000000000000000;
202512;1381;9970000000;COTAS;20771711.942953000000000;
202512;1081;2006000365;VL_PG_RC;-4729.520000000000000;
202512;1198;1998003019;COTAS;18208726.770545000000000;
202512;1171;9970000000;COTAS;348961.934767000000000;34246448000101
202512;1184;1984000111;IMOVEIS;7334498.350000000000000;
202512;1081;2010004256;COTAS;-2030.674461000000000;
202512;1482;1988002656;CAIXA;805456.710000000000000;
202512;1051;1991001411;OPCOES;1066326.690000000000000;
202512;1105;1974000419;COTAS;5938980.350059000000000;
202512;1081;2016002247;COTAS;2876529.788838000000000;
202512;1105;1974000419;COTAS;7890128.172875000000000;
202512;1482;1982003138;VL_PG_RC;-3835.080000000000000;
202512;1081;2015000992;TIT_PUB;299527.130000000000000;
202512;1198;1998003019;IMOVEIS;9543000.000000000000000;
202512;1081;2016002247;TIT_PUB;230613.400000000000000;
202512;1482;1989002211;COTAS;46.043046000000000;
202512;1208;1995003956;COTAS;1212138854.889999000000000;21377854000161
202512;1105;1974000419;COTAS;56583693.787772000000000;48966312000180
202512;1242;1985001683;COTAS;76151553.117741000000000;18820186000190
202512;1184;1984000292;IMOVEIS;43457301.650000000000000;
202512;1208;1998001474;IMOVEIS;31285769.840000000000000;
202512;1184;2022000218;CAIXA;32289.920000000000000;
202512;1208;9970000000;COTAS;186798590.310001000000000;11377292000100
202512;1482;1985000547;VL_PG_RC;-109.670000000000000;
202512;1078;1984000918;COTAS;20853521.207023000000000;
202512;1198;1998003019;COTAS;3189985.300598000000000;
202512;1081;1979004374;IMOVEIS;2717972.460000000000000;
202512;1239;1979002819;ACOES;2099693.570000000000000;
202512;1239;1979003092;COTAS;535105107.813498000000000;05754041000197
202512;1081;2002001456;VL_PG_RC;-45197869.340000000000000;
202512;1184;2023001765;CAIXA;2342.700000000000000;
202512;1242;2021001792;COTAS;293899.770000000000000;
202512;1081;2016002247;VL_PG_RC;-1625.780000000000000;
202512;1239;1979003165;CAIXA;2283074.760000000000000;
202512;1198;1998003019;COTAS;1192013.897434000000000;
202512;1105;1997003147;COTAS;10711574.425444000000000;
202512;1239;1979003238;ACOES;559702.540000000000000;
202512;1184;9970000000;VL_PG_RC;0.000000000000000;
202512;1242;2021001792;COTAS;3178034.071402000000000;
202512;1105;1974000419;COTAS;122266632.987450000000000;
202512;1198;2019001111;COTAS;21546670.682497000000000;
202512;1081;2003001311;IMOVEIS;185066.220000000000000;
202512;1242;2021001792;COTAS;216365882.252986000000000;09087799000170
202512;1482;1987001419;COTAS;71355965.034267000000000;
202512;1081;2003001311;OPERACAO_PARTICIPANTE;4084207.650720000000000;
202512;1198;2019001111;COTAS;4145106.454968000000000;
202512;1482;1988002338;TIT_PUB;19309456.450000000000000;
202512;1198;1998003019;COTAS;3854736.583551000000000;
202512;1239;1979003092;VL_PG_RC;-90315.470000000000000;
202512;1403;2000008038;OPERACAO_PARTICIPANTE;3511752.909949140200000;
202512;1198;1998003019;COTAS;28964695.516357000000000;
202512;1239;1982002174;COTAS;1553435902.113973000000000;05754026000149
202512;1081;2010004256;TIT_PUB;9497781.020000000000000;
202512;1239;1998007383;VL_PG_RC;-54595.160000000000000;
202512;1081;2003001311;COTAS;56819046.970756000000000;
202512;1136;1998005992;VL_PG_RC;-126.960000000000000;
202512;1239;2018000918;COTAS;0.010011000000000;17518976000153
202512;1239;1995003311;COTAS;62366198.176460000000000;
202512;1198;9970000000;COTAS;6116319.224904000000000;
202512;1434;2000006965;COTAS;7.811262000000000;
202512;1105;1997003147;COTAS;145555515.461250000000000;
202512;1239;2018000829;CAIXA;0.000000000000000;
202512;1171;1981001492;IMOVEIS;2782424.080000000000000;
202512;1482;1989000665;CAIXA;1980610.370000000000000;
202512;1239;2018000829;VL_PG_RC;-246.710000000000000;
202512;1208;1979005265;CAIXA;48634.440000000000000;
202512;1239;2018000829;COTAS;26497020.317329000000000;63805026000127
202512;1081;2016002247;CAIXA;3284.290000000000000;
202512;1081;2010004256;TIT_PRIV;6842505.830000000000000;
202512;1482;1989001238;CAIXA;6263.830000000000000;
202512;1482;1992001847;CAIXA;157102.670000000000000;
202512;1208;1995003956;ACOES;239029646.360000000000000;
202512;1081;2016002311;TIT_PUB;282184.420000000000000;
202512;1482;1990001947;COTAS;15938017.530273000000000;
202512;1105;1997003147;COTAS;2654217.196882000000000;
202512;1314;1985000156;TIT_PUB;875519774.050000000000000;
202512;1434;2005005029;COTAS;96907213.144181000000000;04495282000104
202512;1105;1997003147;COTAS;974720708.235209000000000;
202512;1482;1991001118;VL_PG_RC;-0.010000000000000;
202512;1482;1993001565;CAIXA;510064.170000000000000;
202512;1105;1997003147;IMOVEIS;38419120.120000000000000;
202512;1482;1992001911;COTAS;1772.745763000000000;
202512;1359;1991002165;COTAS;5212666.808724000000000;
202512;1434;2009003292;COTAS;8776471.162961000000000;41799499000126
202512;1184;1984000111;VL_PG_RC;-25120.530000000000000;
202512;1482;1993003983;CAIXA;0.000000000000000;
202512;1242;1985001683;COTAS;289198.560000000000000;
202512;1482;1993001565;COTAS;6292336.890594000000000;
202512;1239;2020000156;CAIXA;112.330000000000000;
202512;1242;1985001683;COTAS;494641.680000000000000;
202512;1239;2018001418;CAIXA;117.540000000000000;
202512;1451;1979001618;COTAS;947541.361315000000000;
202512;1081;2016002311;CAIXA;3926.850000000000000;
202512;1482;1995000418;COTAS;3308.328257000000000;
202512;1105;2010001265;COTAS;3441352.378574000000000;
202512;1239;2018001418;COTAS;10487713.490123000000000;63805026000127
202512;1242;1985001683;COTAS;68000639.791652000000000;
202512;1184;1984000292;TIT_PUB;261058728.090000000000000;
202512;1105;1974000419;COTAS;550130.294273000000000;
202512;1359;1991002165;COTAS;94785641.817845000000000;
202512;1451;1979001618;COTAS;371855.273022000000000;
202512;1451;9970000000;COTAS;5125439.991359000000000;
202512;1482;1995002429;COTAS;330.017895000000000;
202512;1105;1974000419;COTAS;1038202447.128346000000000;
202512;1105;2010001265;CAIXA;5419.230000000000000;
202512;1105;2010001265;COTAS;1586924.923491000000000;
202512;1482;1996003811;VL_PG_RC;-10585.630000000000000;
202512;1242;1985001683;COTAS;4518553.375995000000000;
202512;1208;1995003956;CAIXA;283288.950000000000000;
202512;1242;1985001683;COTAS;488971.500000000000000;
202512;1105;1974000419;COTAS;30567267.101545000000000;
202512;1482;1994000783;VL_PG_RC;999.340000000000000;
202512;1105;2010001265;OPERACAO_PARTICIPANTE;17419926.870659945000000;
202512;1136;1980001911;OPERACAO_PARTICIPANTE;47756778.680000000000000;
202512;1482;1996003811;COTAS;13910122.044056000000000;
202512;1136;1980001911;COTAS;1729497387.412609000000000;13199182000113
202512;1242;2021001792;COTAS;256205.280000000000000;
202512;1198;1998003019;COTAS;1139231.165415000000000;
202512;1171;1981001492;CAIXA;160.010000000000000;
202512;1225;1979002347;TIT_PRIV;3956166.880000000000000;
202512;1198;2019001111;COTAS;8511999.705816000000000;
202512;1208;1995003956;VL_PG_RC;1069725.890000000000000;
202512;1105;1974000419;IMOVEIS;23020879.250000000000000;
202512;1208;1995003956;OPERACAO_PARTICIPANTE;80754270.626271359600000;
202512;1242;2021001792;ACOES;167126.950000000000000;
202512;1105;2010001265;COTAS;2028646.466231000000000;
202512;1482;1996004956;VL_PG_RC;-6185.840000000000000;
202512;1239;1979002819;COTAS;208962180.528993000000000;12547239000165
202512;1208;2013001411;COTAS;363824470.659999000000000;26355036000181
202512;1242;2021001792;COTAS;33955960.797945000000000;11541979000121
202512;1136;1980001911;IMOVEIS;20421000.000000000000000;
202512;1482;1997000156;CAIXA;0.000000000000000;
202512;1242;9970000000;COTAS;11603327.157655000000000;
202512;1482;1997001683;COTAS;206263.821080000000000;
202512;1239;1979003092;CAIXA;1833.620000000000000;
202512;1242;2021001792;COTAS;302825.270000000000000;
202512;1136;9970000000;CAIXA;27417.320000000000000;
202512;1171;2000008429;COTAS;231474.074716000000000;
202512;1359;1991002165;COTAS;19095849.491314000000000;
202512;1482;1998005747;COTAS;2479481.523879000000000;
202512;1239;1979003238;COTAS;4992676.793636000000000;
202512;1208;2013001411;OPERACAO_PARTICIPANTE;27802599.369376954700000;
202512;1184;9970000000;CAIXA;16866.570000000000000;
202512;1242;2021001792;COTAS;11536796.779028000000000;
202512;1105;1997003147;COTAS;70567758.604884000000000;
202512;1239;2020000792;OPERACAO_PARTICIPANTE;65378832.761883200000000;
202512;1239;1979002983;ACOES;17635.620000000000000;
202512;1242;4012420038;COTAS;41029910.678820000000000;
202512;1239;1979003238;COTAS;6860592010.373367000000000;05754033000140
202512;1239;1979003238;OPERACAO_PARTICIPANTE;85910147.553614240000000;
202512;1242;4012420038;VL_PG_RC;-9718.850000000000000;
202512;1184;9970000000;TIT_PUB;813907.690000000000000;
202512;1239;1979003319;VL_PG_RC;-2123.950000000000000;
202512;1171;2000008429;COTAS;7603297.659337000000000;
202512;1482;1999000218;VL_PG_RC;-4781.580000000000000;
202512;1171;9970000000;ACOES;952640.360000000000000;
202512;1239;1982002174;COTAS;100278.243723000000000;
202512;1105;1997003147;VL_PG_RC;56351250.740000000000000;
202512;1359;2014001774;VL_PG_RC;-17985.110000000000000;
202512;1239;2022001011;IMOVEIS;1860701.700000000000000;
202512;1105;2010001265;ACOES;676527.170000000000000;
202512;1239;1982002174;OPERACAO_PARTICIPANTE;14503215.998324090000000;
202512;1239;1979002738;CAIXA;116399958.110000000000000;
202512;1239;2022002547;CAIXA;0.000000000000000;
202512;1482;1998002683;COTAS;0.000000000000000;
202512;1171;9970000000;VL_PG_RC;-9870.430000000000000;
202512;1171;2000008429;VL_PG_RC;71992.990000000000000;
202512;1136;9970000000;VL_PG_RC;-4845.700000000000000;
202512;1381;2006005138;COTAS;203428065.786384000000000;08759871000103
202512;1482;1999001419;COTAS;33792461.686222000000000;
202512;1451;9970000000;TIT_PUB;12396591.330000000000000;
202512;1479;2012000738;COTAS;2128365.989924000000000;41326144000110
202512;1239;2022002547;COTAS;4397693.854809000000000;63805026000127
202512;1242;1985001683;COTAS;428830.360000000000000;
202512;1479;2012000738;COTAS;124929.894916000000000;41610657000158
202512;1403;1981000747;COTAS;1189919.973390000000000;
202512;1171;9970000000;COTAS;0.029511000000000;
202512;1482;2000003192;COTAS;20042894.806223000000000;
202512;1171;9970000000;COTAS;7006328.192165000000000;
202512;1403;2000008038;COTAS;2131587.926685000000000;
202512;1482;2000004083;OPERACAO_PARTICIPANTE;199498.500000000000000;
202512;1225;9970000000;CAIXA;0.000000000000000;
202512;1482;2000007211;COTAS;66806075.771818000000000;
202512;1482;1982003211;CAIXA;0.000000000000000;
202512;1482;1989000592;VL_PG_RC;-2070.930000000000000;
202512;1482;2001001665;VL_PG_RC;1122.350000000000000;
202512;1482;1989000665;COTAS;4863039.870362000000000;
202512;1198;2019001111;COTAS;19368379.866057000000000;
202512;1239;1979002983;CAIXA;1397.360000000000000;
202512;1482;1998004392;COTAS;818371.349307000000000;
202512;1482;2003001174;COTAS;25931359.954874000000000;
202512;1184;1984000111;CAIXA;7944.940000000000000;
202512;1482;1989002211;CAIXA;12.470000000000000;
202512;1184;1984000292;OPERACAO_PARTICIPANTE;75681.600177858400000;
202512;1261;9970000000;COTAS;2973976.453085000000000;
202512;1198;1998003019;COTAS;17588580.958428000000000;39959611000105
202512;1171;9970000000;COTAS;198612.215675000000000;
202512;1105;2010001265;VL_PG_RC;929269.990000000000000;
202512;1273;9970000000;CAIXA;103354.610000000000000;
202512;1198;1998003019;TIT_PRIV;830907.030000000000000;
202512;1482;2003001247;CAIXA;0.000000000000000;
202512;1198;9970000000;VL_PG_RC;205.920000000000000;
202512;1482;1989002447;CAIXA;14960.470000000000000;
202512;1239;1982002174;ACOES;36264.980000000000000;
202512;1242;1985001683;COTAS;43785546.485412000000000;11541979000121
202512;1239;1979003165;COTAS;7814182.141842000000000;
202512;1482;1998005747;VL_PG_RC;-87317.790000000000000;
202512;1105;9970000000;TIT_PUB;2575093.540000000000000;
202512;1171;9970000000;COTAS;7991911.227368000000000;
202512;1482;2004000465;COTAS;405177064.128301000000000;
202512;1208;1998001474;VL_PG_RC;10629381.830000000000000;
202512;1136;1998005992;CAIXA;2069.650000000000000;
202512;1314;2005000965;COTAS;23722661.087592000000000;
202512;1239;1979002738;COTAS;4613061749.218241000000000;04912456000189
202512;1482;2004001518;COTAS;32357534.581642000000000;
202512;1239;1979003165;OPERACAO_PARTICIPANTE;44006977.915506370000000;
202512;1482;1991001118;CAIXA;341168.820000000000000;
202512;1225;1979002347;CAIXA;29333.130000000000000;
202512;1482;2005004383;TIT_PUB;5736554.870000000000000;
202512;1242;2021001792;COTAS;515069.360000000000000;
202512;1403;2000008038;COTAS;11147663.106997000000000;41300431000150
202512;1184;1979005583;VL_PG_RC;0.000000000000000;
202512;1359;1991002165;COTAS;11476905.285428000000000;
202512;1239;1982002247;COTAS;11926733410.782115000000000;05754101000171
202512;1239;1982002247;IMOVEIS;97333152.150000000000000;
202512;1239;1982002311;ACOES;100994.970000000000000;
202512;1136;9970000000;COTAS;55860340.625769000000000;17804124000122
202512;1239;1979002819;COTAS;2637419.176508000000000;17518976000153
202512;1403;2008004783;COTAS;1234052.609710000000000;
202512;1239;1995003018;VL_PG_RC;0.000000000000000;
202512;1359;1991002165;VL_PG_RC;-348550.000000000000000;
202512;1482;2005005983;VL_PG_RC;997.970000000000000;
202512;1239;1998007383;COTAS;90048.278425000000000;
202512;1239;1982002311;VL_PG_RC;-289999.730000000000000;
202512;1239;1982002247;ACOES;866804.530000000000000;
202512;1184;1984000111;OPERACAO_PARTICIPANTE;497772.612458055900000;
202512;1239;1995003311;VL_PG_RC;-2002370.120000000000000;
202512;1239;1979002819;COTAS;537078.475803000000000;
202512;1239;1995003311;COTAS;66015453.255033000000000;
202512;1256;2009001265;CAIXA;2676.260000000000000;
202512;1381;1980002411;COTAS;2427674.314137000000000;
202512;1239;1998007383;COTAS;20199752.919010000000000;17518976000153
202512;1239;1982002247;VL_PG_RC;-2174884.160000000000000;
202512;1403;2016000619;COTAS;9403094.314315000000000;
202512;1239;2019000229;COTAS;236214738.525019000000000;59769297000105
202512;1184;1984000292;CAIXA;3896.830000000000000;
202512;1403;2016000619;OPERACAO_PARTICIPANTE;5754490.949776615700000;
202512;1198;1998003019;COTAS;1006048.121219000000000;
202512;1482;2005006092;COTAS;46427544.470218000000000;
202512;1482;1994004274;CAIXA;0.000000000000000;
202512;1198;1998003019;TIT_PUB;405802115.190000000000000;
202512;1239;1979002819;OPERACAO_PARTICIPANTE;35950704.184970350000000;
202512;1239;1995003311;COTAS;261044761.909435000000000;
202512;1434;1980002347;COTAS;10814209.754399000000000;
202512;1242;1985001683;COTAS;141036.000000000000000;
202512;1239;1979003092;ACOES;25013.550000000000000;
202512;1239;2022001011;ACOES;16377.700000000000000;
202512;1359;1991002165;CAIXA;45631.750000000000000;
202512;1171;9970000000;COTAS;2198768.601849000000000;
202512;1171;9970000000;COTAS;3150465.814250000000000;
202512;1381;2006005138;COTAS;9038153.775836000000000;
202512;1171;9970000000;COTAS;69990.340362000000000;
202512;1198;1998003019;COTAS;1836827.333358000000000;
202512;1239;1979003319;COTAS;201588.763347000000000;
202512;1198;1998003019;COTAS;5757841.848170000000000;
202512;1239;1979003319;OPERACAO_PARTICIPANTE;5392254.469181950000000;
202512;1208;1995003956;COTAS;1815513142.610001000000000;04667988000106
202512;1208;2013001411;CAIXA;482.200000000000000;
202512;1239;1979002738;COTAS;1896586.018688000000000;
202512;1239;1979002738;OPERACAO_PARTICIPANTE;38044146.983204110000000;
202512;1239;1995003311;CAIXA;0.000000000000000;
202512;1239;1998007383;OPERACAO_PARTICIPANTE;111355.250000000000000;
202512;1403;1981000747;COTAS;1198805.474953000000000;
202512;1239;2020000156;COTAS;0.010011000000000;17518976000153
202512;1403;1981000747;COTAS;1457133.335688000000000;
202512;1239;2020000156;COTAS;50689499.093854000000000;63805026000127
202512;1403;2008004783;CAIXA;4643.450000000000000;
202512;1239;2020000156;VL_PG_RC;2203.180000000000000;
202512;1403;2008004783;COTAS;5265009.808689000000000;
202512;1403;2008004783;COTAS;5938748.159176000000000;
202512;1239;1998007383;TIT_PUB;2899949.230000000000000;
202512;1239;2020000792;IMOVEIS;24551385.230000000000000;
202512;1403;2016000619;COTAS;3197381.890027000000000;
202512;1239;2019000229;CAIXA;35.520000000000000;
202512;1239;1979003165;IMOVEIS;19043211.380000000000000;
202512;1403;2016000619;COTAS;9917138.515196000000000;
202512;1239;2020000792;VL_PG_RC;-2837997.980000000000000;
202512;1482;1995000256;COTAS;253391.489348000000000;
202512;1403;9970000000;COTAS;86806.297947000000000;
202512;1434;1980002347;COTAS;3636.360000000000000;
202512;1359;1991002238;COTAS;1082107.200861000000000;
202512;1239;9970000000;VL_PG_RC;-1937793.380000000000000;
202512;1482;2000004083;COTAS;15567884.457465000000000;
202512;1256;9970000000;COTAS;253910.601480000000000;
202512;1434;1980002347;COTAS;7733666.369685000000000;
202512;1242;1985001683;COTAS;251668.280000000000000;
202512;1239;9970000000;COTAS;128340372.889009000000000;
202512;1239;2019002965;VL_PG_RC;-76.900000000000000;
202512;1239;1998007383;COTAS;56056.761854000000000;
202512;1208;1979005265;OPERACAO_PARTICIPANTE;24733004.800292306000000;
202512;1242;1985001683;COTAS;246810.240000000000000;
202512;1482;1996000756;VL_PG_RC;-0.220000000000000;
202512;1239;1979003238;IMOVEIS;66549066.830000000000000;
202512;1239;2020000083;ACOES;111133.450000000000000;
202512;1261;2005006165;COTAS;198380430.483110000000000;20468287000196
202512;1482;2008000265;COTAS;34200890.536829000000000;
202512;1242;1985001519;TIT_PUB;2508107906.710000000000000;
202512;1482;2000003192;CAIXA;0.000000000000000;
202512;1359;2014001774;COTAS;23683563.077550000000000;
202512;1242;1985001683;COTAS;15528558.369804000000000;
202512;1482;2008000265;COTAS;4973912.419327000000000;
202512;1239;2020000083;COTAS;807183997.241433000000000;46205770000171
202512;1482;2008003329;CAIXA;0.000000000000000;
202512;1239;1995003018;CAIXA;19323.750000000000000;
202512;1482;2000004083;COTAS;3760974.224129000000000;32273485000183
202512;1242;1985001683;COTAS;510445.530000000000000;
202512;1242;2021001792;COTAS;5894168.549868000000000;
202512;1242;1985001683;COTAS;143192.400000000000000;
202512;1434;2000006965;COTAS;32111574.942854000000000;
202512;1239;1998007383;CAIXA;116.850000000000000;
202512;1239;1979002738;ACOES;511391.000000000000000;
202512;1482;2001000138;CAIXA;0.000000000000000;
202512;1482;2000007211;COTAS;7638.174776000000000;
202512;1434;1980002347;COTAS;3517985.013435000000000;04495282000104
202512;1239;1979002738;IMOVEIS;57347879.180000000000000;
202512;1239;2020000083;VL_PG_RC;-5690.510000000000000;
202512;1434;1980002347;COTAS;2306256.725123000000000;41799499000126
202512;1242;2021001792;COTAS;50395455.592634000000000;18820186000190
202512;1239;2022000511;CAIXA;0.000000000000000;
202512;1239;2022000511;VL_PG_RC;-213.570000000000000;
202512;1273;1985000229;COTAS;216920056.398207000000000;
202512;1434;2005005029;COTAS;68266185.666223000000000;
202512;1482;2009001011;VL_PG_RC;725132.380000000000000;
202512;1273;1985000229;IMOVEIS;703000.000000000000000;
202512;1359;1991002165;COTAS;1095663.203742000000000;
202512;1242;1985001683;COTAS;11554313.534542000000000;
202512;1242;1985001683;COTAS;564958.120000000000000;
202512;1239;2022001011;COTAS;272328077.116266000000000;04087244000104
202512;1434;1985000474;COTAS;24078927.452872000000000;04495282000104
202512;1239;2022000511;COTAS;24346157.598664000000000;63805026000127
202512;1359;9970000000;CAIXA;9255.060000000000000;
202512;1482;2022000129;CAIXA;0.000000000000000;
202512;1242;1985001683;COTAS;6307480.876979000000000;
202512;1482;2000007211;COTAS;30772381.757095000000000;
202512;1239;2022002547;VL_PG_RC;-39.410000000000000;
202512;1482;2001000383;CAIXA;0.000000000000000;
202512;1261;2005006165;CAIXA;1296517.150000000000000;
202512;1482;2001000383;COTAS;5490750.141715000000000;
202512;1261;2005006165;COTAS;91729034.184626000000000;10787165000109
202512;1242;1985001683;COTAS;291656.690000000000000;
202512;1482;2001000383;COTAS;12412237.651414000000000;
202512;1242;1985001683;COTAS;4524135.534099000000000;
202512;1482;2001000383;COTAS;11163187.101482000000000;
202512;1482;2004000465;VL_PG_RC;-36413.100000000000000;
202512;1314;2005000965;COTAS;99203831.344390000000000;62571380000171
202512;1482;2001001665;COTAS;12324.978863000000000;
202512;1359;1991002165;COTAS;26326.091697000000000;
202512;1434;1986000192;CAIXA;99415.600000000000000;
202512;1242;1985001683;COTAS;298537816.109737000000000;17435331000157
202512;1242;1985001683;COTAS;17154251.029187000000000;
202512;1381;1980002411;OPERACAO_PARTICIPANTE;11011861.920000000000000;
202512;1242;2021001792;COTAS;120450.000000000000000;
202512;1434;2009003292;OPERACAO_PARTICIPANTE;312419.409994522600000;
202512;1239;9970000000;CAIXA;22815578.710000000000000;
202512;1242;2021001792;COTAS;219184.560000000000000;
202512;1482;2004001518;TIT_PUB;83439540.560000000000000;
202512;1451;1979001618;COTAS;14763102.302373000000000;
202512;1239;1979002983;COTAS;435620747.173910000000000;05753821000112
202512;1482;2004000392;VL_PG_RC;6995.110000000000000;
202512;1239;1979003092;COTAS;53235.950251000000000;
202512;1359;1991002165;TIT_PRIV;0.020000000000000;
202512;1242;2021001792;COTAS;2088444.130159000000000;
202512;1482;2004000465;COTAS;1101667960.899080000000000;09523179000136
202512;1434;1986000192;COTAS;2644198.265727000000000;
202512;1359;1991002165;COTAS;11615726.955537000000000;
202512;1239;1979003092;OPERACAO_PARTICIPANTE;5948550.945145370000000;
202512;1242;1985001683;COTAS;10039631.486695000000000;
202512;1242;1985001683;COTAS;350570.880000000000000;
202512;1479;1997002892;COTAS;1369026584.569578000000000;37037679000101
202512;1482;2005001074;COTAS;3840973.923517000000000;
202512;1239;2018001418;VL_PG_RC;-90.070000000000000;
202512;1523;1977000274;COTAS;282286731.836425000000000;04684251000193
202512;1434;1996002211;COTAS;11436569.997734000000000;17285268000110
202512;1239;1979003165;ACOES;169264.780000000000000;
202512;1256;2009001265;VL_PG_RC;-3144.170000000000000;
202512;1523;1977000274;COTAS;23025666.382961000000000;08070787000170
202512;1359;1991002238;TIT_PUB;283928581.630000000000000;
202512;1239;1979003238;VL_PG_RC;-1089138.790000000000000;
202512;1482;2004000538;VL_PG_RC;-14536.020000000000000;
202512;1523;1998004465;COTAS;39203.040000000000000;
202512;1434;1997000474;VL_PG_RC;417.210000000000000;
202512;1239;1982002174;CAIXA;1366726.590000000000000;
202512;1482;2005004383;CAIXA;0.000000000000000;
202512;1261;1980000311;CAIXA;10162.260000000000000;
202512;1359;2014001774;COTAS;1181153.187406000000000;
202512;1242;2021001792;CAIXA;69374.140000000000000;
202512;1482;2007002711;COTAS;775755.275066000000000;
202512;1273;1985000229;CAIXA;34486.220000000000000;
202512;1239;2020000083;OPERACAO_PARTICIPANTE;9863828.644679470000000;
202512;1359;1991002165;COTAS;2903935.321406000000000;
202512;1482;2005005665;COTAS;3882503.099669000000000;31032327000179
202512;1482;2008002438;VL_PG_RC;-2357.040000000000000;
202512;1242;2021001792;COTAS;300211.500000000000000;
202512;1359;1991002165;COTAS;10080613.517591000000000;
202512;1242;1985001683;TIT_PUB;766952199.150000000000000;
202512;1242;1985001519;VL_PG_RC;-107070.570000000000000;
202512;1434;2000006965;OPERACAO_PARTICIPANTE;131784.460000000000000;
202512;1523;1998004465;COTAS;-4639.145885000000000;
202512;1242;2021001792;COTAS;529798.500000000000000;
202512;1359;1991002238;COTAS;1983572.312125000000000;
202512;1239;1982002174;VL_PG_RC;-216432.340000000000000;
202512;1261;9970000000;CAIXA;2421071.960000000000000;
202512;1242;2021001792;COTAS;372031.200000000000000;
202512;1482;2009001011;CAIXA;0.000000000000000;
202512;1359;1991002238;COTAS;28828204.597143000000000;
202512;1242;1985001683;COTAS;364577.700000000000000;
202512;1482;2006003038;VL_PG_RC;-10368.660000000000000;
202512;1479;2012000738;COTAS;39718026.646502000000000;37037679000101
202512;1242;1985001683;COTAS;195838166.174969000000000;09087799000170
202512;1381;9970000000;VL_PG_RC;-11809.850000000000000;
202512;1381;1980002411;COTAS;1221457962.933149000000000;03185374000117
202512;1523;1998004465;COTAS;8948547.000546000000000;15154356000157
202512;1242;1985001683;COTAS;70864466.129344000000000;43651064000165
202512;1359;2014001774;COTAS;1014879.761480000000000;
202512;1434;2005005029;COTAS;14413903.518144000000000;
202512;1381;2006005138;VL_PG_RC;-2288.720000000000000;
202512;1242;2021001792;COTAS;140630.000000000000000;
202512;1403;1981000747;COTAS;1144218.332174000000000;
202512;1242;2021001792;COTAS;369729.650000000000000;
202512;1359;1991002238;COTAS;373743.695548000000000;
202512;1403;1981000747;IMOVEIS;266022.070000000000000;
202512;1242;2021001792;COTAS;224905.460000000000000;
202512;1359;1991002238;OPERACAO_PARTICIPANTE;3200881.640000000000000;
202512;1256;2009001265;COTAS;74956396.789297000000000;
202512;1273;9970000000;COTAS;32733380.719810000000000;
202512;1256;9970000000;CAIXA;29187.460000000000000;
202512;1482;2010001729;VL_PG_RC;-14030.860000000000000;
202512;1242;2021001792;COTAS;139185.800000000000000;
202512;1314;2005000965;COTAS;11771320.324851000000000;
202512;1482;2009001011;COTAS;71120592.422446000000000;
202512;1359;2014001774;TIT_PUB;32347193.720000000000000;
202512;1242;2021001792;COTAS;9208108.077117000000000;43651064000165
202512;1451;2006002929;COTAS;2126780.508364000000000;
202512;1482;1982000929;COTAS;127314.999007000000000;
202512;1314;2005000965;COTAS;624375678.861068000000000;20077406000180
202512;1381;1980002411;VL_PG_RC;5358015.990000000000000;
202512;1523;1998004465;COTAS;8819649.205318000000000;15154481000167
202512;1403;2000008038;CAIXA;89675.590000000000000;
202512;1261;2005006165;COTAS;106594718.981388000000000;
202512;1242;2021001792;VL_PG_RC;465178.360000000000000;
202512;1482;2010004965;VL_PG_RC;-11998.790000000000000;
202512;1381;2006005138;COTAS;6041916.064106000000000;
202512;1482;1987000692;VL_PG_RC;-29.170000000000000;
202512;1482;2011000238;COTAS;8571891.329897000000000;
202512;1359;1991002165;COTAS;4685011.440994000000000;
202512;1403;1981000747;ACOES;15552.790000000000000;
202512;1381;9970000000;CAIXA;705.710000000000000;
202512;1523;1998004465;COTAS;6924872.902998000000000;50198930000170
202512;1239;1982002311;COTAS;75356.151072000000000;
202512;1242;2021001792;COTAS;131910860.687474000000000;18731304000194
202512;1451;2022001974;COTAS;1753685.372852000000000;
202512;1381;2006005138;COTAS;16824118.539431000000000;
202512;1523;1998004465;COTAS;3752507.836803000000000;60184714000129
202512;1403;2000008038;COTAS;3118991.986056000000000;
202512;1482;1987001265;TIT_PUB;85520214.090000000000000;
202512;1359;1991002238;COTAS;6280486.596245000000000;
202512;1273;9970000000;TIT_PUB;325549.110000000000000;
202512;1482;2013001029;COTAS;109966775.428114000000000;
202512;1239;1982002311;OPERACAO_PARTICIPANTE;27743155.192603760000000;
202512;1381;9970000000;COTAS;8448272.701577000000000;
202512;1314;1985000156;CAIXA;76981.870000000000000;
202512;1403;1981000747;CAIXA;2429.800000000000000;
202512;1403;1981000747;TIT_PRIV;1170152.980000000000000;
202512;1482;2020000938;CAIXA;0.000000000000000;
202512;1403;1981000747;COTAS;1168377.176664000000000;
202512;1523;1998004465;COTAS;11594729.679975000000000;63405106000195
202512;1403;2000008038;TIT_PUB;183864579.480000000000000;
202512;1359;1991002165;COTAS;4393997.965881000000000;
202512;1256;9970000000;VL_PG_RC;-1606.650000000000000;
202512;1314;2005000965;CAIXA;2050149.150000000000000;
202512;1403;2000008038;COTAS;9949635.494568000000000;
202512;1403;2000008038;COTAS;3200133.008612000000000;
202512;1239;1995003018;COTAS;429386044.312026000000000;
202512;1482;2010003111;VL_PG_RC;-24965.880000000000000;
202512;1359;1991002165;COTAS;43574548.901378000000000;
202512;1403;2000008038;IMOVEIS;1885934.630000000000000;
202512;1359;1991002238;COTAS;12018697.082125000000000;
202512;1403;2000008038;COTAS;3722026.161414000000000;
202512;1403;2016000619;COTAS;10975371.014037000000000;
202512;1523;2006003674;COTAS;3693961.920000000000000;
202512;1403;2008004783;COTAS;3090535.955521000000000;
202512;1403;2016000619;TIT_PRIV;28007469.240000000000000;
202512;1523;2006003674;COTAS;44622891.286760000000000;
202512;1403;2008004783;IMOVEIS;5886291.300000000000000;
202512;1451;9970000000;VL_PG_RC;641642.090000000000000;
202512;1482;1988001447;CAIXA;42278.640000000000000;
202512;1482;2011000238;CAIXA;0.000000000000000;
202512;1239;2018000918;CAIXA;0.000000000000000;
202512;1403;2008004783;VL_PG_RC;-58518.190000000000000;
202512;1482;2011000483;COTAS;135261256.985547000000000;
202512;1434;1980002347;COTAS;37900.615356000000000;
202512;1403;2016000619;ACOES;102813.520000000000000;
202512;1359;1991002238;COTAS;47643056.610054000000000;
202512;1403;2016000619;COTAS;7130917.781508000000000;
202512;1359;2014001774;COTAS;22138847.724281000000000;
202512;1523;2006003674;COTAS;2398095853.325176000000000;14120553000192
202512;1359;2014001774;OPERACAO_PARTICIPANTE;2629179.530000000000000;
202512;1403;2000008038;COTAS;5708713.491832000000000;
202512;1523;2006003674;COTAS;17363162188.971684000000000;14120568000150
202512;1482;2011001129;CAIXA;0.000000000000000;
202512;1403;2000008038;COTAS;5080670.370000000000000;
202512;1482;2022000129;OPERACAO_PARTICIPANTE;5969.730000000000000;
202512;1479;1997002711;CAIXA;697808.750000000000000;
202512;1523;2006003674;COTAS;9895254.011552000000000;16877602000161
202512;1403;2016000619;COTAS;1944190.858005000000000;
202512;1479;1997002711;COTAS;317384004.014993000000000;60778282000184
202512;1434;1985000474;COTAS;14015105.419827000000000;
202512;1261;1980000311;COTAS;706950945.233016000000000;
202512;1479;1997002892;COTAS;24620895.592500000000000;52170037000161
202512;1523;2006003674;COTAS;85075215.348366000000000;22791114000130
202512;1523;1977000274;ACOES;1852356144.230000000000000;
202512;1403;2016000619;COTAS;6394283.324122000000000;
202512;1434;1980002347;COTAS;583012.243882000000000;
202512;1261;2005006165;COTAS;172458891.375176000000000;
202512;1523;2006003674;COTAS;20517227.707735000000000;39753127000117
202512;1482;2011001129;COTAS;50294451.816523000000000;
202512;1261;9970000000;VL_PG_RC;-455.340000000000000;
202512;1434;1980002347;CAIXA;60073.780000000000000;
202512;1482;1979005411;CAIXA;4338.740000000000000;
202512;1403;2016000619;COTAS;8372848.455742000000000;
202512;1403;2016000619;VL_PG_RC;-61746.910000000000000;
202512;1434;1985000474;OPERACAO_PARTICIPANTE;6945461.180036157500000;
202512;1434;1986000192;COTAS;15077699.293141000000000;04495282000104
202512;1482;1983000329;COTAS;23219615.431414000000000;
202512;1482;2013001819;COTAS;22347375.034152000000000;
202512;1523;9970000000;VL_PG_RC;65273.460000000000000;
202512;1381;2006005138;CAIXA;21311.730000000000000;
202512;1434;1980002347;COTAS;54207.547800000000000;
202512;1434;2000006965;VL_PG_RC;-5961.320000000000000;
202512;1403;2008004783;COTAS;10533676.379274000000000;
202512;1434;1980002347;OPERACAO_PARTICIPANTE;20280.550000000000000;
202512;1239;2018000918;COTAS;20363808.236087000000000;63805026000127
202512;1403;2008004783;COTAS;2333945.427317000000000;
202512;1403;2000008038;COTAS;3388581.332936000000000;
202512;1434;1997000474;COTAS;19612956.556387000000000;04495282000104
202512;1523;1977000274;COTAS;10009.051717000000000;
202512;1537;1980001774;VL_PG_RC;-75874.270000000000000;
202512;1482;1989000592;COTAS;3582952.842520000000000;
202512;1482;1988002656;COTAS;51531688.280229000000000;
202512;1434;1986000192;OPERACAO_PARTICIPANTE;1376434.090000000000000;
202512;1482;1993001565;TIT_PUB;7699689.200000000000000;
202512;1482;1995000256;TIT_PUB;4201365.750000000000000;
202512;1537;1988000165;COTAS;22114608.066845000000000;
202512;1479;1997002711;COTAS;562019153.644969000000000;17138135000110
202512;1273;1985000229;VL_PG_RC;-542361.930000000000000;
202512;1434;1985000474;COTAS;5718284.998867000000000;17285268000110
202512;1482;1995002429;CAIXA;0.000000000000000;
202512;1537;9970000000;VL_PG_RC;-909.960000000000000;
202512;1403;2016000619;IMOVEIS;969373.160000000000000;
202512;1403;2008004783;TIT_PRIV;13657496.320000000000000;
202512;1434;1996002211;COTAS;11888048.639991000000000;41799499000126
202512;1314;2005000965;COTAS;3406258.685820000000000;
202512;1434;1997000474;OPERACAO_PARTICIPANTE;1751037.190000000000000;
202512;1434;1985000474;COTAS;5366337.024944000000000;33624828000170
202512;1482;1982003138;CAIXA;90909.020000000000000;
202512;1434;1997000474;COTAS;4026919.620881000000000;41799499000126
202512;1434;1985000474;VL_PG_RC;-12622.830000000000000;
202512;1541;9970000000;VL_PG_RC;0.010000000000000;
202512;1239;2019000229;VL_PG_RC;-582571.260000000000000;
202512;1434;2000000411;COTAS;884369.644482000000000;
202512;1554;1978000456;COTAS;1041542.821178000000000;
202512;1482;1997002574;COTAS;10.848134000000000;
202512;1599;1979001219;COTAS;106392274.749109000000000;35726949000158
202512;1239;2019002965;CAIXA;0.000000000000000;
202512;1434;2000006965;COTAS;15263.640000000000000;
202512;1434;1997000474;TIT_PUB;304830785.320000000000000;
202512;1434;2000006965;COTAS;560796.644923000000000;
202512;1482;1989000665;VL_PG_RC;-5796.740000000000000;
202512;1314;2005000965;VL_PG_RC;-466991.890000000000000;
202512;1482;2020000938;COTAS;25946135.946256000000000;
202512;1523;1977000274;COTAS;98429078.198912000000000;53275192000105
202512;1482;1985000865;CAIXA;3469.970000000000000;
202512;1482;1989001238;VL_PG_RC;-341.450000000000000;
202512;1403;2008004783;COTAS;3004038.876636000000000;
202512;1482;2021003256;COTAS;1671805.590115000000000;
202512;1482;1998003892;COTAS;190353366.511054000000000;
202512;1434;1985000474;IMOVEIS;5477017.720000000000000;
202512;1403;2016000619;COTAS;11085734.805117000000000;41300431000150
202512;1434;2000000411;VL_PG_RC;43660.410000000000000;
202512;1482;1989001483;CAIXA;516638.420000000000000;
202512;1403;9970000000;ACOES;7568.720000000000000;
202512;1599;2001002483;COTAS;27385908.773148000000000;35726949000158
202512;1403;9970000000;COTAS;113880.771310000000000;
202512;1434;2000006965;COTAS;135.135674000000000;
202512;1482;1998005747;COTAS;65065951.426601000000000;
202512;1403;9970000000;VL_PG_RC;-532.600000000000000;
202512;1482;1989001483;VL_PG_RC;988.630000000000000;
202512;1482;2000007211;COTAS;136915369.495453000000000;
202512;1434;1997000474;COTAS;5718284.998867000000000;17285268000110
202512;1434;2000000411;OPERACAO_PARTICIPANTE;210424.340000000000000;
202512;1403;2016000619;CAIXA;17807.080000000000000;
202512;1482;2001000383;COTAS;38076993.796786000000000;
202512;1434;1980002347;TIT_PUB;51381163.110000000000000;
202512;1599;2001002483;VL_PG_RC;-129510.440000000000000;
202512;1523;1998004465;COTAS;6943873.427739000000000;
202512;1434;2005005029;CAIXA;7969887.650000000000000;
202512;1314;9970000000;VL_PG_RC;-99.960000000000000;
202512;1612;2022002229;COTAS;11887347.969257000000000;
202512;1482;1987001192;TIT_PUB;40741392.750000000000000;
202512;1482;2001001665;CAIXA;0.000000000000000;
202512;1523;1998004465;COTAS;129588.007242000000000;
202512;1482;2003000119;TIT_PUB;362648620.200000000000000;
202512;1359;1991002165;COTAS;1517671.767752000000000;
202512;1674;1989002056;COTAS;458200.000000000000000;
202512;1482;1992001911;VL_PG_RC;-0.750000000000000;
202512;1482;2005006092;CAIXA;0.000000000000000;
202512;1403;2016000619;COTAS;7831791.189761000000000;
202512;1482;1993001492;VL_PG_RC;-0.880000000000000;
202512;1434;1985000474;CAIXA;46130.780000000000000;
202512;1674;1989002056;COTAS;382527.167093000000000;
202512;1482;1990001947;VL_PG_RC;-66844.740000000000000;
202512;1434;1985000474;COTAS;22123246.588607000000000;41799499000126
202512;1239;2020000792;ACOES;226545.430000000000000;
202512;1482;2011002011;VL_PG_RC;-1114.110000000000000;
202512;1482;1990002056;COTAS;2817108.458578000000000;
202512;1523;1998004465;COTAS;-91687.658660000000000;
202512;1434;2000006965;COTAS;25370.352209000000000;
202512;1523;1998004465;COTAS;-26707.495188000000000;
202512;1239;2020000792;CAIXA;75.250000000000000;
202512;1403;9970000000;COTAS;624573.168193000000000;
202512;1434;1996002211;OPERACAO_PARTICIPANTE;2136285.940000000000000;
202512;1434;1980002347;COTAS;314873.985952000000000;
202512;1482;1994000783;CAIXA;706067.580000000000000;
202512;1482;2022000056;COTAS;3609506.228059000000000;
202512;1239;2020000792;COTAS;2367678937.036898000000000;36620612000124
202512;1482;1997001683;CAIXA;0.000000000000000;
202512;1434;2000000411;TIT_PUB;10540165.670000000000000;
202512;1506;1979001383;ACOES;8754.860000000000000;
202512;1482;1993002911;COTAS;41427649.265434000000000;
202512;1451;1979001618;ACOES;5.180000000000000;
202512;1674;1989002056;COTAS;128998.180581000000000;
202512;1359;1991002165;COTAS;12381961.170532000000000;
202512;1451;1979001618;COTAS;20412218.526331000000000;
202512;1434;2000000411;CAIXA;22969.310000000000000;
202512;1434;2000006965;COTAS;734250.905440000000000;
202512;1434;2000006965;COTAS;7502460.523243000000000;
202512;1451;9970000000;COTAS;5127529.597232000000000;
202512;1523;1998004465;COTAS;152886955.047315000000000;27455174000103
202512;1434;2005005029;IMOVEIS;29142500.160000000000000;
202512;1523;1977000274;COTAS;-184952.081203000000000;
202512;1506;9970000000;CAIXA;4354.760000000000000;
202512;1523;1998004465;COTAS;6273119.463369000000000;49599183000100
202512;1523;1977000274;COTAS;2885971.376851000000000;
202512;1381;2006005138;COTAS;8965082.433473000000000;
202512;1434;2005005029;COTAS;63349057.224041000000000;41799499000126
202512;1674;1989002056;COTAS;32480.414411000000000;
202512;1434;2000006965;COTAS;1855622.250000000000000;
202512;1239;2022001011;CAIXA;2556068.650000000000000;
202512;1434;2005005029;COTAS;5469105.144629000000000;
202512;1523;1977000274;COTAS;3428942.353596000000000;
202512;1434;2005005029;COTAS;17274279.282489000000000;
202512;1403;1981000747;VL_PG_RC;-532.590000000000000;
202512;1434;1996002211;COTAS;40604381.183339000000000;04495282000104
202512;1451;1979001618;IMOVEIS;5400395.870000000000000;
202512;1523;1977000274;COTAS;16428050.449169000000000;
202512;1482;1993002911;VL_PG_RC;-20592.890000000000000;
202512;1523;1977000274;COTAS;4588252433.851588000000000;16916054000131
202512;1482;1997001683;TIT_PUB;2800213.150000000000000;
202512;1451;2006002929;COTAS;25424949.893409000000000;
202512;1482;1996000756;COTAS;282.193713000000000;
202512;1239;2022001011;VL_PG_RC;-4062.480000000000000;
202512;1434;2009003292;VL_PG_RC;-751.290000000000000;
202512;1482;1996002538;COTAS;4767240.943557000000000;
202512;1242;1985001683;COTAS;358339.200000000000000;
202512;1451;9970000000;COTAS;17269.812500000000000;
202512;1523;1977000274;COTAS;5957037.916128000000000;12547115000180
202512;1242;1985001683;COTAS;386560.530000000000000;
202512;1434;9970000000;CAIXA;95951.250000000000000;
202512;1451;9970000000;COTAS;5131913.025692000000000;
202512;1523;1998004465;COTAS;48704.045377000000000;
202512;1674;2014000492;COTAS;457252.000000000000000;
202512;1523;1998004465;COTAS;979799.081133000000000;
202512;1479;1997002711;COTAS;167525194.717536000000000;41326144000110
202512;1523;2006003674;CAIXA;1125574.880000000000000;
202512;1434;2009003292;COTAS;14699937.739689000000000;05508422000196
202512;1434;1996002211;TIT_PUB;283915078.800000000000000;
202512;1434;2000006965;COTAS;35311758.402722000000000;33624828000170
202512;1479;2012000738;OPERACAO_PARTICIPANTE;6404159.455444908500000;
202512;1523;1977000274;COTAS;731135.356800000000000;17098803000123
202512;1242;2021001792;COTAS;340430.400000000000000;
202512;1523;1998004465;COTAS;3389688.105064000000000;
202512;1482;1981000674;COTAS;268353.598600000000000;
202512;1242;2021001792;COTAS;445117.400000000000000;
202512;1434;2009003292;COTAS;1491627.975338000000000;04495282000104
202512;1479;1997002711;IMOVEIS;181640661.500000000000000;
202512;1523;1998004465;OPERACAO_PARTICIPANTE;175311756.620000000000000;
202512;1451;1979001618;COTAS;208168.107315000000000;
202512;1434;2009003292;COTAS;7002259.885356000000000;33624828000170
202512;1674;2014000492;COTAS;3671919.167159000000000;
202512;1403;2000008038;TIT_PRIV;12130449.190000000000000;
202512;1482;1982000465;VL_PG_RC;-280.910000000000000;
202512;1674;2014000492;COTAS;8009916.596534000000000;
202512;1523;1977000274;COTAS;75895672.453832000000000;51891082000142
202512;1403;2008004783;COTAS;5246114.658047000000000;
202512;1674;2015000356;CAIXA;4586.910000000000000;
202512;1434;2000006965;COTAS;137047282.727445000000000;
202512;1434;2005005029;COTAS;7204402.846174000000000;
202512;1523;2006003674;COTAS;5369616.786653000000000;
202512;1482;1998003474;COTAS;93601.488201000000000;
202512;1479;1997002711;COTAS;3206612.160477000000000;41570019000150
202512;1314;9970000000;CAIXA;122696.140000000000000;
202512;1479;1997002711;COTAS;105679423.719351000000000;41610657000158
202512;1479;1997002711;OPERACAO_PARTICIPANTE;405968021.304533956400000;
202512;1674;2015000356;COTAS;1336446.019573000000000;
202512;1674;2016000783;COTAS;5555161.278735000000000;
202512;1434;9970000000;COTAS;47847189.285781000000000;
202512;1674;2016000783;COTAS;1051630.307378000000000;
202512;1434;2000006965;COTAS;24746489.602457000000000;04495282000104
202512;1451;1979001618;CAIXA;25080.160000000000000;
202512;1674;2016000783;COTAS;283969.445112000000000;
202512;1403;2008004783;OPERACAO_PARTICIPANTE;826749.480000000000000;
202512;1482;1996003811;COTAS;982719.338246000000000;
202512;1482;1987000692;CAIXA;0.000000000000000;
202512;1523;2006003674;COTAS;2124953.140246000000000;03191766000199
202512;1674;2019001918;COTAS;4300774.371413000000000;
202512;1482;1998003418;COTAS;15704510.668378000000000;
202512;1451;2006002929;TIT_PUB;30131659.970000000000000;
202512;1674;2019001918;COTAS;646635.881603000000000;
202512;1359;1991002165;TIT_PUB;1361068638.690000000000000;
202512;1434;2000006965;COTAS;90446838.063851000000000;41799499000126
202512;1434;2005005029;COTAS;127395970.584075000000000;05508422000196
202512;1479;1997002892;IMOVEIS;564887838.500000000000000;
202512;1523;1998004465;COTAS;1673853.886042000000000;
202512;1482;1998003892;VL_PG_RC;-15547.890000000000000;
202512;1482;1998004392;COTAS;50121423.058105000000000;
202512;1523;1998004465;COTAS;1784834573.358133000000000;14387389000184
202512;1434;2015000747;COTAS;160830.190723000000000;04495282000104
202512;1482;1987001811;CAIXA;1899802.420000000000000;
202512;1482;1999000218;CAIXA;0.000000000000000;
202512;1451;1979001618;COTAS;5969582.158881000000000;
202512;1434;9970000000;COTAS;21651092.368275000000000;
202512;1523;1998004465;COTAS;965489816.756458000000000;24651157000145
202512;1674;2019001918;COTAS;22311618.051741000000000;
202512;1523;2006003674;COTAS;8366359.032900000000000;08070787000170
202512;1434;2005005029;COTAS;54898639.695823000000000;17285268000110
202512;1403;2016000619;COTAS;3216260.178619000000000;
202512;1482;1998005747;CAIXA;0.000000000000000;
202512;1403;2016000619;COTAS;5080670.370000000000000;
202512;1523;1998004465;COTAS;18017441.548286000000000;28586408000106
202512;1451;1979001618;COTAS;34309121.162294000000000;
202512;1523;2006003674;COTAS;-568445.776147000000000;
202512;1479;1997002892;OPERACAO_PARTICIPANTE;144511250.378824124400000;
202512;1674;2019001918;COTAS;2041603.078329000000000;
202512;1482;1988001447;VL_PG_RC;0.000000000000000;
202512;1451;2006002929;CAIXA;115488.030000000000000;
202512;1451;1979001618;OPERACAO_PARTICIPANTE;28780067.678879167800000;
202512;1482;1989001556;VL_PG_RC;-2.230000000000000;
202512;1479;2012000738;COTAS;20729.116268000000000;
202512;1482;1999001818;TIT_PUB;54690540.910000000000000;
202512;1482;1982000465;COTAS;543777.113618000000000;
202512;1482;2000007211;COTAS;30232704.727901000000000;
202512;1403;2016000619;COTAS;1234052.609710000000000;
202512;1523;2006003674;COTAS;-76259.203299000000000;
202512;1482;1989002129;COTAS;1323951.891770000000000;
202512;1359;1991002238;COTAS;28101426.168935000000000;
202512;1523;2006003674;COTAS;50797457.516819000000000;51891082000142
202512;1482;1991001347;CAIXA;0.000000000000000;
202512;1451;1979001618;TIT_PUB;1754887615.090000000000000;
202512;1537;1980001774;COTAS;23128905.051026000000000;
202512;1359;1991002238;TIT_PRIV;0.010000000000000;
202512;1523;9970000000;COTAS;18356796.015803000000000;14387403000140
202512;1523;2006003674;COTAS;139403867.683726000000000;04684251000193
202512;1479;1997002711;COTAS;168735585.565005000000000;42449329000184
202512;1523;2006003674;COTAS;860606.828291000000000;04714699000102
202512;1403;9970000000;COTAS;1129648.555107000000000;
202512;1482;1983000329;CAIXA;0.000000000000000;
202512;1523;2006003674;COTAS;4423405607.147109000000000;16916054000131
202512;1482;1993001492;CAIXA;1351351.170000000000000;
202512;1451;2006002929;COTAS;852797.841119000000000;
202512;1482;1993003983;COTAS;1694.333117000000000;
202512;1482;1997000938;COTAS;14093.959842000000000;
202512;1688;9970000000;COTAS;24348799.215314000000000;04786973000159
202512;1523;2006003674;OPERACAO_PARTICIPANTE;2113721768.500000000000000;
202512;1482;2000007211;OPERACAO_PARTICIPANTE;244763.060000000000000;
202512;1403;9970000000;COTAS;117340.180655000000000;
202512;1523;9970000000;COTAS;57117015.120634000000000;16916048000184
202512;1537;1988000165;COTAS;11544860.438393000000000;
202512;1701;1999000838;CAIXA;74638.740000000000000;
202512;1701;1999000838;COTAS;3073786.036931000000000;
202512;1537;1980001774;CAIXA;2065.810000000000000;
202512;1701;9970000000;CAIXA;100.000000000000000;
202512;1537;1988000165;COTAS;20786550.731213000000000;
202512;1537;1988000165;CAIXA;11457.710000000000000;
202512;1482;2001000383;COTAS;9739931.054418000000000;
202512;1359;9970000000;COTAS;813243.926591000000000;
202512;1479;1997002711;COTAS;164199809.191905000000000;52285421000100
202512;1434;1980002347;VL_PG_RC;-235.340000000000000;
202512;1541;1986000656;CAIXA;441879.830000000000000;
202512;1537;9970000000;CAIXA;1080.290000000000000;
202512;1541;1986000656;COTAS;4997551.484970000000000;
202512;1479;1997002892;COTAS;181666869.332581000000000;32320637000151
202512;1554;1978000456;COTAS;143381.915207000000000;
202512;1451;2022001974;VL_PG_RC;-421.120000000000000;
202512;1482;2003001247;VL_PG_RC;-5813.280000000000000;
202512;1541;1986000656;IMOVEIS;22742000.000000000000000;
202512;1482;2000007211;COTAS;24592555.053047000000000;
202512;1451;2006002929;COTAS;6091397.304269000000000;
202512;1479;2012000738;COTAS;3368736.896948000000000;32320637000151
202512;1479;1997002711;COTAS;49241791.188287000000000;52170037000161
202512;1434;1997000474;CAIXA;15739.410000000000000;
202512;1479;1997002892;COTAS;33660698.739120000000000;52285421000100
202512;1451;2006002929;COTAS;16021155.378731000000000;35491278000193
202512;1479;2012000738;COTAS;82110.070624000000000;
202512;1541;9970000000;COTAS;130884.959757000000000;
202512;1554;1978000456;COTAS;41728826.644327000000000;
202512;1482;2002001618;COTAS;77767944.408897000000000;
202512;1554;1978000456;VL_PG_RC;-40551.450000000000000;
202512;1482;2002001618;OPERACAO_PARTICIPANTE;1344857.580000000000000;
202512;1571;1980001383;COTAS;112355865.490847000000000;
202512;1482;2004000538;COTAS;339592668.115558000000000;28428255000179
202512;1434;2005005029;VL_PG_RC;658509.630000000000000;
202512;1479;2012000738;COTAS;127287.856457000000000;41570019000150
202512;1479;1997002711;COTAS;56517907.260952000000000;
202512;1403;1981000747;COTAS;1141145.779850000000000;
202512;1479;2012000738;TIT_PUB;25416912.930000000000000;
202512;1482;1997005011;CAIXA;0.000000000000000;
202512;1541;1986000656;COTAS;6409843.869266000000000;
202512;1479;2012000738;COTAS;387403.575004000000000;
202512;1479;2012000738;COTAS;862929.549344000000000;42449329000184
202512;1479;2012000738;COTAS;706052.724538000000000;
202512;1482;2003001174;CAIXA;0.000000000000000;
202512;1554;9970000000;CAIXA;200196.870000000000000;
202512;1482;1982000211;CAIXA;0.000000000000000;
202512;1482;2004003138;VL_PG_RC;-9110.560000000000000;
202512;1479;1997002711;COTAS;113789350.031104000000000;
202512;1479;1997002711;COTAS;58670530.263463000000000;
202512;1403;2008004783;TIT_PUB;166938913.020000000000000;
202512;1571;1980001383;VL_PG_RC;14849722.770000000000000;
202512;1571;1996000365;COTAS;616036677.145948000000000;09323724000140
202512;1571;1996000365;CAIXA;610543.040000000000000;
202512;1482;2004001518;CAIXA;0.000000000000000;
202512;1479;1997002711;COTAS;18443898.240155000000000;
202512;1479;2012000738;COTAS;1337243.694679000000000;52285421000100
202512;1434;2015000747;CAIXA;95335.180000000000000;
202512;1585;2006000911;COTAS;50193657.939731000000000;09521007000123
202512;1715;1979000174;COTAS;814805.267832000000000;
202512;1479;1997002711;COTAS;75132995.123087000000000;
202512;1715;1979000174;COTAS;12921355.313034000000000;
202512;1403;2016000619;COTAS;4092866.046630000000000;
202512;1715;1979000174;COTAS;4183134.546163000000000;
202512;1479;1997002711;TIT_PUB;1013196173.430000000000000;
202512;1479;1997002892;COTAS;2001750.672894000000000;41326144000110
202512;1451;2006002929;COTAS;6971.328899000000000;
202512;1479;9970000000;CAIXA;11593.110000000000000;
202512;1451;9970000000;CAIXA;69742.010000000000000;
202512;1482;1987001011;CAIXA;4465685.530000000000000;
202512;1482;2004003138;COTAS;2219588.133895000000000;
202512;1479;1997002711;VL_PG_RC;787351.860000000000000;
202512;1479;1997002892;COTAS;6096804.444000000000000;
202512;1482;2005004456;COTAS;2245744.339913000000000;31032327000179
202512;1571;9970000000;COTAS;339880980.627232000000000;
202512;1482;2010001729;COTAS;28837635.510013000000000;
202512;1434;1980002347;COTAS;57176.202006000000000;
202512;1715;9970000000;COTAS;2377294.752554000000000;
202512;1479;2012000738;COTAS;40645.362960000000000;
202512;1482;1998004211;CAIXA;0.000000000000000;
202512;1479;9970000000;VL_PG_RC;-0.010000000000000;
202512;1482;1987001265;COTAS;21197545.705352000000000;
202512;1585;2006000911;COTAS;26046142.327492000000000;17453712000169
202512;1482;2005001392;COTAS;1175739.370944000000000;31032327000179
202512;1434;1996002211;CAIXA;6012.100000000000000;
202512;1482;2000003192;COTAS;5508997.495847000000000;32273402000156
202512;1479;1997002711;COTAS;493543947.086496000000000;32320637000151
202512;1479;9970000000;COTAS;30531204.490273000000000;37037679000101
202512;1434;1996002211;COTAS;15329982.900094000000000;
202512;1482;2010003111;COTAS;9925251.030707000000000;31032327000179
202512;1482;1982000211;VL_PG_RC;-2.330000000000000;
202512;1482;2000007211;COTAS;12114177.518612000000000;
202512;1434;2000006965;COTAS;749372.585145000000000;
202512;1482;1985000865;COTAS;271145.008684000000000;
202512;1482;1982000465;CAIXA;2688351.570000000000000;
202512;1482;2011000483;COTAS;410.057107000000000;32273477000137
202512;1482;2001000383;COTAS;1149523.368272000000000;
202512;1482;1982003211;VL_PG_RC;-0.670000000000000;
202512;1482;2003000119;COTAS;26495102.767715000000000;
202512;1482;1983000329;VL_PG_RC;-20615.880000000000000;
202512;1482;1987001265;CAIXA;6251592.310000000000000;
202512;1715;9970000000;COTAS;627470.181925000000000;
202512;1434;2005005029;OPERACAO_PARTICIPANTE;37984732.930000000000000;
202512;1479;1997002711;COTAS;77740018.903212000000000;51918188000192
202512;1482;2016002174;VL_PG_RC;671.870000000000000;
202512;1585;2006000911;COTAS;68432029.637567000000000;20214858000166
202512;1479;1997002892;COTAS;80290016.155130000000000;
202512;1599;1979001219;COTAS;102039983.692589000000000;58037689000109
202512;1482;1987001811;VL_PG_RC;-8895.220000000000000;
202512;1482;2022000056;COTAS;3592065.734434000000000;
202512;1434;2009003292;COTAS;1320862.958223000000000;
202512;1479;2012000738;COTAS;457712.633668000000000;51918188000192
202512;1434;2015000747;TIT_PUB;5661244.720000000000000;
202512;1482;2022000056;OPERACAO_PARTICIPANTE;24547.190000000000000;
202512;1585;2006000911;COTAS;35009899.567416000000000;19091575000195
202512;1482;1988001447;COTAS;0.000000000000000;
202512;1599;9970000000;VL_PG_RC;-2703.130000000000000;
202512;1482;2004000465;CAIXA;29284202.610000000000000;
202512;1434;9970000000;VL_PG_RC;112987.880000000000000;
202512;1482;1982000929;VL_PG_RC;-65.760000000000000;
202512;1482;1981000674;VL_PG_RC;-138.630000000000000;
202512;1482;1987000838;VL_PG_RC;-5989.660000000000000;
202512;1482;2005001392;COTAS;11629398.464509000000000;
202512;1482;1985000865;VL_PG_RC;-140.060000000000000;
202512;1451;1979001618;VL_PG_RC;-9566882.800000000000000;
202512;1571;1996000365;COTAS;337064027.242627000000000;
202512;1482;1987001011;TIT_PUB;105734776.710000000000000;
202512;1482;2018001965;COTAS;123646297.528978000000000;
202512;1585;2006000911;COTAS;13607874.576928000000000;
202512;1482;1987001419;OPERACAO_PARTICIPANTE;302586.570000000000000;
202512;1482;1982000211;COTAS;6273.836331000000000;
202512;1482;2005004138;VL_PG_RC;-21124.620000000000000;
202512;1451;2006002929;OPERACAO_PARTICIPANTE;141404.159992858800000;
202512;1482;1987000838;CAIXA;0.000000000000000;
202512;1482;1989002374;CAIXA;822.890000000000000;
202512;1482;1987001192;VL_PG_RC;-10220.730000000000000;
202512;1482;1989002447;COTAS;1222129.012320000000000;
202512;1482;1990001947;COTAS;78064225.993929000000000;
202512;1482;1990001947;TIT_PUB;42875547.170000000000000;
202512;1482;1985000547;COTAS;212318.503283000000000;
202512;1585;2006000911;VL_PG_RC;-285883.230000000000000;
202512;1482;2022000129;COTAS;877893.264650000000000;
202512;1482;1993001492;COTAS;1332.946188000000000;
202512;1661;1990001718;CAIXA;11879937.620000000000000;
202512;1482;2018001965;COTAS;22488767.122876000000000;31032327000179
202512;1479;1997002711;COTAS;9532593614.629409000000000;08576322000195
202512;1482;1985000547;CAIXA;2002424.730000000000000;
202512;1482;1988002338;VL_PG_RC;-8992.130000000000000;
202512;1482;2020000938;VL_PG_RC;-9359.900000000000000;
202512;1482;1989002374;COTAS;30042.183870000000000;
202512;1482;2021003256;VL_PG_RC;711.000000000000000;
202512;1479;1997002711;COTAS;1377662580.149690000000000;37037679000101
202512;1482;1989000665;TIT_PUB;16145067.350000000000000;
202512;1479;1997002892;COTAS;46037734.264235000000000;17138135000110
202512;1523;1977000274;COTAS;-466722.754606000000000;
202512;1479;1997002892;COTAS;111467402.989720000000000;52322683000105
202512;1746;1982003065;COTAS;206023.354500000000000;
202512;1482;1990002056;VL_PG_RC;-1455.360000000000000;
202512;1482;2005005983;CAIXA;88124.290000000000000;
202512;1482;1990002056;CAIXA;35966.110000000000000;
202512;1482;1987001811;TIT_PUB;45924414.830000000000000;
202512;1599;1979001219;ACOES;259597.090000000000000;
202512;1523;1977000274;COTAS;2507458.798742000000000;
202512;1674;1989002056;COTAS;957570.834053000000000;
202512;1479;2012000738;CAIXA;27577.630000000000000;
202512;1482;2005006092;VL_PG_RC;-64201.660000000000000;
202512;1482;1995001856;VL_PG_RC;-26.420000000000000;
202512;1599;9970000000;COTAS;13282163.636847000000000;
202512;1479;2012000738;COTAS;10759887.119717000000000;17138135000110
202512;1482;1988002338;CAIXA;1294588.990000000000000;
202512;1657;1987001338;VL_PG_RC;-18506.180000000000000;
202512;1482;1993001956;COTAS;839.436450000000000;
202512;1479;2012000738;COTAS;509434.926225000000000;52152426000164
202512;1482;1989001483;COTAS;22028.077628000000000;
202512;1482;1997002574;VL_PG_RC;0.000000000000000;
202512;1482;2022000129;COTAS;2386451.134305000000000;
202512;1482;1998002683;CAIXA;0.460000000000000;
202512;1482;2007002711;TIT_PUB;876484.630000000000000;
202512;1482;1989002129;CAIXA;16712.130000000000000;
202512;1523;1977000274;COTAS;-1409701.884350000000000;
202512;1482;1988002338;COTAS;11344681.245367000000000;
202512;1746;1982003065;COTAS;58663343.606171000000000;
202512;1482;1997001683;VL_PG_RC;-18288.870000000000000;
202512;1482;1993002911;CAIXA;1393067.690000000000000;
202512;1482;1989000592;TIT_PUB;5677306.170000000000000;
202512;1661;2009003438;VL_PG_RC;152854.300000000000000;
202512;1482;1991001347;COTAS;9793953.935627000000000;
202512;1523;1977000274;COTAS;66544744.649494000000000;53245893000100
202512;1674;1989002056;COTAS;1497334.091906000000000;
202512;1661;9970000000;VL_PG_RC;0.000000000000000;
202512;1674;1989002056;COTAS;114841.238197000000000;
202512;1482;1989001556;CAIXA;745863.530000000000000;
202512;1482;1997002574;CAIXA;1000.000000000000000;
202512;1482;1987000838;COTAS;20124605.631880000000000;21287281000185
202512;1482;1998003418;COTAS;2154290.168239000000000;
202512;1674;1989002056;COTAS;714243.461797000000000;
202512;1482;2008000265;COTAS;66633485.083779000000000;
202512;1523;1977000274;VL_PG_RC;900863923.610000000000000;
202512;1511;1988002419;CAIXA;372240.380000000000000;
202512;1482;2008002438;COTAS;13605654.732732000000000;
202512;1674;2015000356;COTAS;54895773.156655000000000;
202512;1482;1987001419;VL_PG_RC;383.020000000000000;
202512;1482;1994004274;COTAS;45718362.519284000000000;
202512;1482;1989002447;VL_PG_RC;-631.320000000000000;
202512;1763;1990000819;COTAS;12083715.691849000000000;
202512;1482;1991001347;COTAS;64648699.674306000000000;
202512;1523;1998004465;COTAS;8314517.324997000000000;15154385000119
202512;1482;1998003474;CAIXA;974.460000000000000;
202512;1781;1980000174;COTAS;11652861.969512000000000;
202512;1674;1989002056;COTAS;166200.328741000000000;
202512;1674;2016000783;COTAS;74246.653866000000000;
202512;1482;1987001011;COTAS;20564021.742668000000000;
202512;1674;2016000783;COTAS;5084081.873583000000000;
202512;1674;1989002056;VL_PG_RC;98694.800000000000000;
202512;1674;2016000783;COTAS;395319.114005000000000;
202512;1482;1987001419;CAIXA;0.000000000000000;
202512;1482;1999001818;COTAS;35607874.994546000000000;
202512;1482;1991001347;VL_PG_RC;-47177.630000000000000;
202512;1482;1995000418;VL_PG_RC;998.590000000000000;
202512;1482;2000007211;COTAS;30345360.988328000000000;
202512;1674;1989002056;COTAS;119111.345123000000000;
202512;1482;1995000892;COTAS;30802298.520240000000000;
202512;1674;1989002056;COTAS;226721.263629000000000;
202512;1674;2014000492;COTAS;3973493.635198000000000;
202512;1482;2001000383;COTAS;1348486.713924000000000;
202512;1674;2014000492;COTAS;506689.163490000000000;
202512;1482;2001000383;VL_PG_RC;-23476.910000000000000;
202512;1674;2014000492;COTAS;3486362.321604000000000;
202512;1523;2006003674;COTAS;2063744.038373000000000;
202512;1674;2016000783;COTAS;2461706.495654000000000;
202512;1523;2006003674;COTAS;9364369.956741000000000;
202512;1482;2005001074;VL_PG_RC;-32280.050000000000000;
202512;1781;1980000174;COTAS;39368272.908978000000000;
202512;1674;2019001918;COTAS;441136.000000000000000;
202512;1674;2014000492;COTAS;288491.744613000000000;
202512;1482;1987001811;COTAS;4958723.882928000000000;
202512;1482;1989000592;CAIXA;360007.720000000000000;
202512;1674;2014000492;TIT_PUB;3187543.410000000000000;
202512;1482;2005004065;COTAS;20329404.797592000000000;
202512;1523;2006003674;COTAS;2054167435.414966000000000;49382099000122
202512;1482;2005005665;VL_PG_RC;-19035.980000000000000;
202512;1482;1989002211;VL_PG_RC;0.000000000000000;
202512;1482;2009001818;COTAS;11060899.700248000000000;
202512;1482;1988002656;VL_PG_RC;-25624.210000000000000;
202512;1482;1991001347;TIT_PUB;28751685.000000000000000;
202512;1482;2010003111;CAIXA;0.000000000000000;
202512;1482;1983000329;COTAS;14097562.069490000000000;
202512;1523;2006003674;COTAS;203783222.170624000000000;53245893000100
202512;1482;1996003811;TIT_PUB;8385979.880000000000000;
202512;1482;1992001911;CAIXA;0.000000000000000;
202512;1674;2019001918;COTAS;5629886.215563000000000;
202512;1482;1995000256;CAIXA;0.000000000000000;
202512;1482;1987000692;COTAS;56585.355432000000000;
202512;1482;1990001947;CAIXA;2806119.100000000000000;
202512;1482;1994000783;COTAS;1137.765533000000000;
202512;1511;1988002419;COTAS;43791410.650992000000000;23872743000157
202512;1482;2006003038;CAIXA;0.000000000000000;
202512;1781;1980000174;VL_PG_RC;2062923025.090000000000000;
202512;1482;1995000892;VL_PG_RC;-14983.200000000000000;
202512;1688;1979002274;COTAS;991861330.369273000000000;04786973000159
202512;1482;1996004956;COTAS;13839140.208030000000000;
202512;1781;1998003574;COTAS;299740023.164503000000000;49767385000106
202512;1482;1998003474;VL_PG_RC;-48.340000000000000;
202512;1781;1998003574;COTAS;52735371.635511000000000;49767689000173
202512;1537;1980001774;COTAS;16363673.986726000000000;
202512;1482;1995000418;CAIXA;0.000000000000000;
202512;1511;1988002419;IMOVEIS;1090500.000000000000000;
202512;1781;9970000000;TIT_PRIV;31676177.830000000000000;
202512;1482;1995001856;CAIXA;0.000000000000000;
202512;1523;1977000274;COTAS;581728470.648957000000000;
202512;1482;1987001265;VL_PG_RC;-19918.870000000000000;
202512;1523;1977000274;COTAS;9413484.338668000000000;
202512;1482;1998003418;VL_PG_RC;-2913.110000000000000;
202512;1523;1977000274;COTAS;5121933.776709000000000;
202512;1482;1993001565;COTAS;1205867.478420000000000;
202512;1482;1998005747;COTAS;3537151.133761000000000;31032327000179
202512;1482;2007002711;CAIXA;0.000000000000000;
202512;1674;2015000356;VL_PG_RC;76381.970000000000000;
202512;1482;1996003811;CAIXA;0.000000000000000;
202512;1482;2008000265;CAIXA;0.000000000000000;
202512;1482;1997000938;CAIXA;0.000000000000000;
202512;1818;9970000000;COTAS;1312690.290049000000000;02498096000195
202512;1482;1998003892;COTAS;34628159.629391000000000;
202512;1523;1998004465;ACOES;54326777.770000000000000;
202512;1482;2008000265;COTAS;24289862.339171000000000;
202512;1482;1998004392;COTAS;87953407.966665000000000;
202512;1482;1996004956;CAIXA;0.000000000000000;
202512;1482;1991001118;COTAS;1230.990110000000000;
202512;1482;1997001683;COTAS;56128154.416336000000000;
202512;1482;1999001818;COTAS;7161089.438013000000000;
202512;1537;1988000165;COTAS;18679735.409954000000000;
202512;1482;1996000756;CAIXA;0.000000000000000;
202512;1821;1980002274;CAIXA;18714719.400000000000000;
202512;1482;1998002683;VL_PG_RC;0.000000000000000;
202512;1674;2014000492;COTAS;12377102.684497000000000;
202512;1482;2010002938;CAIXA;0.000000000000000;
202512;1482;1998004211;VL_PG_RC;-0.220000000000000;
202512;1482;2010002938;COTAS;8477052.160155000000000;
202512;1482;1997000156;COTAS;235785.997230000000000;
202512;1482;2011000483;COTAS;453.339060000000000;
202512;1674;2015000356;COTAS;3361896.036897000000000;
202512;1482;1999001818;VL_PG_RC;-45688.490000000000000;
202512;1883;2006003356;COTAS;13206677.869864000000000;
202512;1674;2016000783;COTAS;404076.496228000000000;
202512;1537;1988000165;COTAS;49730105.385868000000000;
202512;1482;1999001419;VL_PG_RC;-16496.990000000000000;
202512;1674;2016000783;COTAS;11225135.010984000000000;
202512;1482;1998003418;CAIXA;0.000000000000000;
202512;1688;1979002274;VL_PG_RC;40688425.450000000000000;
202512;1482;2000003192;OPERACAO_PARTICIPANTE;435936.310000000000000;
202512;1482;2011000483;COTAS;40192786.738919000000000;32273485000183
202512;1523;1998004465;COTAS;3981572.091772000000000;59574097000199
202512;1482;1992001847;COTAS;22529.666823000000000;
202512;1482;2010003829;COTAS;16791311.217492000000000;
202512;1482;1989001556;COTAS;5830.170939000000000;
202512;1482;2000004083;CAIXA;0.000000000000000;
202512;1883;2006003356;COTAS;62443779.397552000000000;
202512;1523;1998004465;COTAS;72807944.369174000000000;60094635000127
202512;1701;1999000838;COTAS;4020681.277616000000000;
202512;1911;1992001618;COTAS;105331.823630000000000;
202512;1482;2011002011;CAIXA;0.000000000000000;
202512;1482;1997005011;COTAS;72.091773000000000;
202512;1674;2015000356;COTAS;20520087.448019000000000;
202512;1482;2011002011;COTAS;42670497.998236000000000;
202512;1482;2000007211;CAIXA;0.000000000000000;
202512;1482;1998004211;COTAS;262.133107000000000;
202512;1482;2000003192;VL_PG_RC;-14105.030000000000000;
202512;1482;1999001419;CAIXA;0.000000000000000;
202512;1482;1989002129;VL_PG_RC;-683.930000000000000;
202512;1715;1979000174;COTAS;3151609.210909000000000;
202512;1674;2016000783;COTAS;11371214.861605000000000;
202512;1482;1997005011;VL_PG_RC;0.000000000000000;
202512;1523;1998004465;VL_PG_RC;15935517.120000000000000;
202512;1537;1988000165;COTAS;12174061.738186000000000;
202512;1523;2006003674;COTAS;1688.100302000000000;
202512;1911;1994001992;COTAS;135205.552797000000000;25401546000185
202512;1715;1979000174;COTAS;17668051.500845000000000;
202512;1482;1999001818;CAIXA;0.000000000000000;
202512;1482;2013001029;CAIXA;0.000000000000000;
202512;1482;1993003983;VL_PG_RC;-0.730000000000000;
202512;1674;2016000783;COTAS;99954.185836000000000;
202512;1482;1996002538;CAIXA;0.000000000000000;
202512;1482;2000007211;COTAS;101541783.628347000000000;
202512;1674;2015000356;COTAS;6298120.286452000000000;
202512;1482;2000004083;COTAS;6532333.903492000000000;32273402000156
202512;1482;2000007211;COTAS;8172870.803898000000000;
202512;1482;2013001029;COTAS;84423653.064993000000000;
202512;1674;2015000356;COTAS;1120741.092765000000000;
202512;1482;2001000138;COTAS;175824459.311246000000000;
202512;1482;2000007211;COTAS;76393552.355467000000000;
202512;1523;2006003674;COTAS;11243322.941221000000000;
202512;1482;2001000138;VL_PG_RC;-390.040000000000000;
202512;1482;2011000483;COTAS;2078587.861522000000000;32273402000156
202512;1482;2002001618;COTAS;13938505.261990000000000;32273402000156
202512;1911;1994001992;COTAS;237907.000000000000000;57235960000158
202512;1482;2000003192;COTAS;12391066.139278000000000;32273485000183
202512;1482;2001000383;TIT_PUB;1252170.720000000000000;
202512;1674;2015000356;TIT_PRIV;2223983.990000000000000;
202512;1715;1979000174;COTAS;19324953.908330000000000;
202512;1482;2003001174;COTAS;1905671.716716000000000;31032327000179
202512;1482;2011002338;COTAS;29320806.950132000000000;
202512;1674;2016000783;COTAS;896395.980591000000000;
202512;1482;2002001618;COTAS;18646296.693809000000000;32273485000183
202512;1482;2004000392;COTAS;62709163.612624000000000;
202512;1701;1999000838;COTAS;12158344.781279000000000;
202512;1482;2013001819;VL_PG_RC;790.800000000000000;
202512;1541;1986000656;COTAS;4166596.417885000000000;
202512;1911;1998004147;COTAS;877726.496974000000000;26304143000180
202512;1482;2004000392;COTAS;85114076.270382000000000;28428287000174
202512;1541;1986000656;COTAS;5148181.002709000000000;
202512;1482;2018001965;COTAS;93441797.188419000000000;
202512;1482;2005006092;COTAS;41162581.631447000000000;
202512;1482;2008000265;COTAS;88800900.860941000000000;
202512;1482;1993001565;COTAS;4536367.219170000000000;
202512;1701;1999000838;COTAS;10223202.657697000000000;
202512;1482;1993001956;CAIXA;789321.670000000000000;
202512;1482;2000004083;VL_PG_RC;-8925.340000000000000;
202512;1911;1998005518;COTAS;38832396.686174000000000;26304143000180
202512;1911;1999002156;COTAS;3980120.203240000000000;52277799000161
202512;1523;2006003674;COTAS;1407437.020000000000000;
202512;1482;2000007211;COTAS;10434003.601104000000000;
202512;1482;2022000056;VL_PG_RC;-894.570000000000000;
202512;1482;1995000892;CAIXA;0.000000000000000;
202512;1482;2000007211;COTAS;238693373.982862000000000;
202512;1482;2004001518;COTAS;6051022.044180000000000;
202512;1482;2000007211;VL_PG_RC;1167230.780000000000000;
202512;1715;2008004619;COTAS;24458980.302954000000000;
202512;1482;2023001374;VL_PG_RC;-7068.680000000000000;
202512;1482;1997000938;VL_PG_RC;-7.280000000000000;
202512;1674;2019001918;COTAS;873061.940580000000000;
202512;1482;1998003418;COTAS;13740757.320624000000000;
202512;1541;1986000656;VL_PG_RC;508704.510000000000000;
202512;1715;1979000174;COTAS;1942162.487301000000000;
202512;1911;2007001292;OPERACAO_PARTICIPANTE;2295117.308601318700000;
202512;1674;2019001918;VL_PG_RC;-30935.460000000000000;
202512;1571;1980001383;COTAS;332074642.681474000000000;12610779000146
202512;1482;1998003892;CAIXA;0.000000000000000;
202512;1482;2002001618;VL_PG_RC;23922.970000000000000;
202512;1482;1995002429;VL_PG_RC;-0.450000000000000;
202512;1482;2003001247;COTAS;1047653182.192787000000000;05701082000115
202512;1585;2006000911;COTAS;3938119.246076000000000;
202512;1482;2008001318;VL_PG_RC;-137040.530000000000000;
202512;1715;1979000174;OPERACAO_PARTICIPANTE;26768167.559228884500000;
202512;1482;2010001729;CAIXA;0.000000000000000;
202512;1482;2010002938;COTAS;414011.482392000000000;
202512;1482;2005001074;TIT_PUB;52751362.720000000000000;
202512;1523;2006003674;VL_PG_RC;-110823055.400000000000000;
202512;1523;1977000274;COTAS;1311128.116612000000000;04194710000150
202512;1715;9970000000;COTAS;787231.792768000000000;
202512;1482;2004003138;TIT_PUB;22219204.820000000000000;
202512;1482;1998004392;VL_PG_RC;-47458.560000000000000;
202512;1482;2005004065;VL_PG_RC;71767.850000000000000;
202512;1482;1998005747;COTAS;206463064.505535000000000;
202512;1715;9970000000;COTAS;4611609.793683000000000;
202512;1763;1990000819;COTAS;16105507.853742000000000;
202512;1763;1990000819;VL_PG_RC;-15153.260000000000000;
202512;1781;1980000174;COTAS;25609134.400000000000000;
202512;1482;2005001392;VL_PG_RC;-1093.420000000000000;
202512;1781;1980000174;COTAS;182672198.135007000000000;29306138000103
202512;1781;1998003574;COTAS;3884287.323171000000000;
202512;1781;2019002711;COTAS;11872860.148604000000000;49769782000117
202512;1688;1979002274;COTAS;732233431.441898000000000;17545746000183
202512;1482;2005004138;CAIXA;0.000000000000000;
202512;1804;1988001838;COTAS;11334596.155267000000000;
202512;1821;1980002274;VL_PG_RC;-8844569.020000000000000;
202512;1482;2005004383;COTAS;140585486.196094000000000;
202512;1715;1979000174;COTAS;14440236.772928000000000;
202512;1883;2006003356;COTAS;1646156.733282000000000;
202512;1911;1987000218;COTAS;195612.880658000000000;50069086000187
202512;1715;2008004619;COTAS;8784944.900848000000000;
202512;1911;1992001618;COTAS;710859.219430000000000;52277799000161
202512;1482;2009001818;VL_PG_RC;-2864.670000000000000;
202512;1482;2004000538;COTAS;215435683.627389000000000;
202512;1715;2008004619;COTAS;4950322.949782000000000;
202512;1523;1977000274;COTAS;578347.721923000000000;
202512;1911;1994001992;COTAS;5091747.398252000000000;50069086000187
202512;1482;1997001683;COTAS;2013998.154211000000000;
202512;1482;2010002938;VL_PG_RC;-1776.320000000000000;
202512;1482;2005004456;COTAS;7821281.462029000000000;
202512;1482;2011002338;COTAS;10234732.106530000000000;
202512;1482;2010003111;COTAS;7188134.844069000000000;
202512;1537;1980001774;COTAS;9641845.221715000000000;
202512;1482;2005005665;COTAS;10126517.246125000000000;
202512;1482;2005001074;CAIXA;0.000000000000000;
202512;1911;2008003183;COTAS;4599818.861461000000000;26304143000180
202512;1523;1977000274;COTAS;2137983675.205963000000000;27455174000103
202512;1537;1980001774;COTAS;197634522.914270000000000;61972123000189
202512;1482;2013001029;VL_PG_RC;-40529.470000000000000;
202512;1537;1988000165;COTAS;314649791.796123000000000;61948557000143
202512;1482;2008000265;VL_PG_RC;1283404.330000000000000;
202512;1482;2016002174;CAIXA;0.000000000000000;
202512;1482;2005001392;COTAS;5490135.786742000000000;
202512;1585;2006000911;COTAS;39840450.052996000000000;
202512;1482;2023001374;CAIXA;0.000000000000000;
202512;1537;1988000165;VL_PG_RC;-82808.330000000000000;
202512;1482;2008001156;CAIXA;0.000000000000000;
202512;1911;2009003365;COTAS;1540886.430675000000000;
202512;1482;2010003829;COTAS;26149447.337824000000000;
202512;1911;2013001274;VL_PG_RC;-3399.560000000000000;
202512;1715;2008004619;COTAS;18613433.563546000000000;
202512;1482;2005005983;COTAS;63289.858555000000000;
202512;1599;2001002483;ACOES;18998.490000000000000;
202512;1482;2011002338;CAIXA;0.000000000000000;
202512;1924;1989000274;COTAS;7839147.757644000000000;
202512;1482;2005004065;CAIXA;0.000000000000000;
202512;1911;1994001992;TIT_PUB;3827347.790000000000000;
202512;1482;2005006092;COTAS;105932573.493892000000000;
202512;1482;2008003329;COTAS;33908310.395900000000000;
202512;1523;1977000274;COTAS;33020875.711124000000000;
202512;1482;2008001156;COTAS;51621317.836431000000000;
202512;1911;1997003211;COTAS;15532435.581094000000000;
202512;1482;1998004392;CAIXA;6652485.440000000000000;
202512;1482;2005004383;VL_PG_RC;-76561.510000000000000;
202512;1482;9970000000;COTAS;7398556.076254000000000;
202512;1924;1989000347;CAIXA;5200.920000000000000;
202512;1541;1986000656;COTAS;1560288.257408000000000;
202512;1924;1989000347;COTAS;10948226.806076000000000;41888673000107
202512;1612;2022002229;VL_PG_RC;-26197.070000000000000;
202512;1482;2009001818;CAIXA;0.000000000000000;
202512;1523;1998004465;COTAS;2132277.312234000000000;03191766000199
202512;1969;1981000356;COTAS;206023.366529000000000;
202512;1482;1998004392;COTAS;140959267.576454000000000;
202512;1715;2008004619;VL_PG_RC;1184109.130000000000000;
202512;1482;2010003111;COTAS;35940669.100560000000000;
202512;1969;9970000000;CAIXA;227238.760000000000000;
202512;1523;1977000274;COTAS;227994458.747521000000000;50198930000170
202512;1523;1998004465;COTAS;591788.553171000000000;08070787000170
202512;1482;2005004456;COTAS;39002392.873881000000000;
202512;1482;2010003829;CAIXA;0.000000000000000;
202512;1523;1998004465;COTAS;3580.572569000000000;
202512;1482;1999000218;COTAS;11260978.121671000000000;
202512;1482;2008001318;CAIXA;0.000000000000000;
202512;1585;2006000911;COTAS;6034699.083985000000000;
202512;1523;1998004465;COTAS;44772818.731134000000000;14387403000140
202512;1911;1997003211;TIT_PUB;39009410.310000000000000;
202512;1969;9970000000;COTAS;146826.987801000000000;13969771000133
202512;1523;1998004465;COTAS;548047.498899000000000;
202512;1585;2006000911;COTAS;6895128.608031000000000;
202512;1482;2000003192;COTAS;19379144.161672000000000;32273477000137
202512;1715;9970000000;COTAS;160657.045774000000000;
202512;1482;2002001618;CAIXA;0.000000000000000;
202512;1482;2003001174;VL_PG_RC;-6399.870000000000000;
202512;1657;9970000000;CAIXA;91.880000000000000;
202512;1482;2003000119;CAIXA;0.000000000000000;
202512;1506;1979001383;CAIXA;11675.430000000000000;
202512;1715;9970000000;COTAS;2582889.584054000000000;
202512;1523;1998004465;COTAS;2316087.445090000000000;16877602000161
202512;1482;2008003329;VL_PG_RC;-7346.150000000000000;
202512;1482;2018001965;TIT_PUB;27587316.060000000000000;
202512;1511;9970000000;COTAS;1762249.209945000000000;
202512;1482;2005005665;CAIXA;0.000000000000000;
202512;1911;1998005518;COTAS;30971616.717954000000000;52277799000161
202512;1482;2005005665;COTAS;8394041.188598000000000;
202512;1715;9970000000;COTAS;982858.774160000000000;
202512;1523;1977000274;IMOVEIS;4989791202.370000000000000;
202512;1715;9970000000;COTAS;1391531.837621000000000;
202512;1972;2005001783;COTAS;17313337.415254000000000;
202512;1482;2022000129;VL_PG_RC;-66.510000000000000;
202512;1482;2005004138;COTAS;71475534.125344000000000;
202512;1482;2009001011;COTAS;783792.884291000000000;31032327000179
202512;1482;2003000119;VL_PG_RC;-88246.940000000000000;
202512;1911;1999002156;COTAS;2299443.419117000000000;54366569000102
202512;1657;9970000000;VL_PG_RC;0.000000000000000;
202512;1523;1998004465;COTAS;10966780.037467000000000;22791114000130
202512;1729;1990001092;COTAS;1422061591.029801000000000;
202512;1715;9970000000;COTAS;2355937.327732000000000;
202512;1482;2005004383;COTAS;2765684.968315000000000;
202512;1482;2006003038;COTAS;21911499.827600000000000;
202512;1482;2005004456;VL_PG_RC;-1990.850000000000000;
202512;1523;1998004465;COTAS;862202.816819000000000;
202512;1482;2004000392;CAIXA;2862008.320000000000000;
202512;1729;1990001092;COTAS;125151504.353844000000000;
202512;1911;2000006183;COTAS;84957539.268887000000000;54366569000102
202512;1523;1998004465;CAIXA;794289.480000000000000;
202512;1729;1990001092;COTAS;72813395.279662000000000;
202512;1482;2007002711;VL_PG_RC;-11612.180000000000000;
202512;1585;2006000911;COTAS;24524170.631118000000000;
202512;1972;2005001783;COTAS;30632257.040686000000000;54759045000173
202512;1729;1990001092;COTAS;1113726.426001000000000;
202512;1523;1998004465;COTAS;6854170.106810000000000;49534273000105
202512;1482;2008000265;COTAS;36745683.119947000000000;
202512;1732;1985001111;OPERACAO_PARTICIPANTE;262615.868997420400000;
202512;1482;2004000538;OPERACAO_PARTICIPANTE;1858993.080000000000000;
202512;1729;1990001092;COTAS;967423.654165000000000;
202512;1523;1998004465;COTAS;254102.449740000000000;39753127000117
202512;1585;9970000000;VL_PG_RC;-454.970000000000000;
202512;1732;9970000000;COTAS;18383585.999999000000000;
202512;1482;2004003138;CAIXA;0.000000000000000;
202512;1523;1977000274;COTAS;348564.864410000000000;
202512;1746;1982003065;COTAS;1557790.043566000000000;
202512;1482;2010002938;COTAS;67097.097478000000000;
202512;1746;1982003065;COTAS;38748396.685837000000000;
202512;1506;1979001383;TIT_PRIV;3167653.540000000000000;
202512;1991;1996003119;COTAS;37518029.808646000000000;
202512;1911;2005004847;COTAS;1437925.346053000000000;25401546000185
202512;1482;2008001156;VL_PG_RC;-10675.960000000000000;
202512;1911;2006001411;COTAS;5823394.751206000000000;25401546000185
202512;1482;2009001818;COTAS;51761997.335487000000000;
202512;1523;1977000274;COTAS;47804362515.993847000000000;14120561000139
202512;1991;1996003119;COTAS;271134024.492784000000000;
202512;1661;1990001718;COTAS;1260943.619086000000000;
202512;2004;1987001729;VL_PG_RC;0.000000000000000;
202512;1482;2022000056;COTAS;4326228.877047000000000;
202512;1482;2007002711;COTAS;851650.452723000000000;
202512;1523;1998004465;COTAS;95369621.915778000000000;52982641000192
202512;1763;9970000000;VL_PG_RC;-90.420000000000000;
202512;1911;2006001411;OPERACAO_PARTICIPANTE;2149174.271708066500000;
202512;1482;2005001392;CAIXA;0.000000000000000;
202512;1911;2006005847;COTAS;2223625.945521000000000;36521640000194
202512;1781;2019002711;COTAS;6406917.585047000000000;40021645000125
202512;1482;2008001318;COTAS;427602258.225448000000000;39807355000122
202512;1523;1998004465;COTAS;8267381.039745000000000;62698192000109
202512;1674;1989002056;COTAS;364159.101681000000000;
202512;1482;2011002011;COTAS;5666.888748000000000;
202512;1523;2006003674;COTAS;3746.203038000000000;
202512;1763;1990000819;COTAS;15886732.437344000000000;
202512;1523;1998004465;COTAS;136520666.197715000000000;50866507000109
202512;1763;1990000819;COTAS;78004735.160485000000000;15612416000138
202512;1523;1977000274;COTAS;1154071.867886000000000;
202512;1804;1988001838;COTAS;7769243.482766000000000;
202512;2018;2016001811;COTAS;6771299.271684000000000;
202512;1523;1998004465;COTAS;108954.022238000000000;
202512;1523;1977000274;COTAS;5201333804.766722000000000;14386893000160
202512;1781;1980000174;COTAS;30295094.500000000000000;
202512;1511;9970000000;CAIXA;5778.480000000000000;
202512;1523;1998004465;COTAS;12034701.278260000000000;63445061000182
202512;1781;1980000174;COTAS;22924194634.497688000000000;18015618000190
202512;1482;2008000265;COTAS;230622876.691896000000000;
202512;1523;1977000274;COTAS;24346721.443163000000000;39753127000117
202512;1523;1977000274;COTAS;-4073.516515000000000;
202512;1482;2009001011;COTAS;3885201.951604000000000;
202512;1523;1977000274;COTAS;335313239.830685000000000;16916048000184
202512;1911;2006005847;COTAS;15583932.331924000000000;50069086000187
202512;1523;2006003674;COTAS;73612.769022000000000;
202512;1482;2009001818;COTAS;2243563.086762000000000;
202512;1674;1989002056;COTAS;177773.069973000000000;
202512;1523;2006003674;COTAS;-22560.423252000000000;
202512;1523;1998004465;COTAS;838.112517000000000;
202512;1674;1989002056;COTAS;948451.519551000000000;
202512;1523;1998004465;COTAS;16035702.829432000000000;04684251000193
202512;1599;2001002483;COTAS;202666310.053073000000000;26179544000156
202512;1599;2001002483;COTAS;56091372.244518000000000;58037777000100
202512;1523;1977000274;COTAS;188065547.589082000000000;50190791000138
202512;1523;1998004465;COTAS;3539122.621105000000000;50190791000138
202512;1523;1977000274;TIT_PRIV;121995430.710000000000000;
202512;1523;1998004465;COTAS;3901392.018683000000000;63404696000131
202512;1523;2006003674;ACOES;230253684.990000000000000;
202512;1852;1985001047;COTAS;85258276.657811000000000;42287499000100
202512;1482;2011000483;VL_PG_RC;-64140.090000000000000;
202512;1911;2007001292;VL_PG_RC;-15969.390000000000000;
202512;1523;2006003674;COTAS;6113220.837567000000000;
202512;1911;2008003183;COTAS;2782650.912021000000000;
202512;1674;1989002056;CAIXA;18162.800000000000000;
202512;1523;2006003674;COTAS;125349761.542293000000000;09606345000168
202512;1523;1977000274;COTAS;24598343.201473000000000;
202512;1674;1989002056;COTAS;543539.134076000000000;
202512;1523;1998004465;COTAS;457588.855510000000000;
202512;1674;2014000492;COTAS;513233.839306000000000;
202512;1523;1998004465;COTAS;56657.897975000000000;17098803000123
202512;1482;2018001965;CAIXA;0.000000000000000;
202512;1674;2015000356;COTAS;212665.436347000000000;
202512;1482;2021003256;CAIXA;0.000000000000000;
202512;1523;2006003674;COTAS;1922166198.516856000000000;03524814000113
202512;1523;1998004465;COTAS;166864190.971290000000000;49382099000122
202512;1852;1985001047;COTAS;189341378.796716000000000;49442251000115
202512;1523;1998004465;COTAS;13049565.542379000000000;63423574000192
202512;1523;2006003674;COTAS;549046421.773162000000000;14387403000140
202512;1523;1998004465;TIT_PRIV;3680237.940000000000000;
202512;1523;1998004465;COTAS;1536134.896098000000000;
202512;1482;9970000000;VL_PG_RC;-14606.970000000000000;
202512;1674;2015000356;COTAS;1479635.655992000000000;
202512;1523;2006003674;COTAS;3273748.529985000000000;
202512;1911;2008003183;COTAS;580287.640535000000000;57235960000158
202512;1511;1988002419;COTAS;32856258.070011000000000;03168115000188
202512;2021;2013001118;TIT_PUB;3777907.350000000000000;
202512;1911;2013001274;COTAS;595339.112423000000000;
202512;2083;1995002356;COTAS;11293821.637255000000000;05170419000105
202512;1911;2013001274;OPERACAO_PARTICIPANTE;431343.861527729400000;
202512;1781;1998003574;COTAS;692177949.132761000000000;40021645000125
202512;2083;1999005211;TIT_PRIV;41934677.620000000000000;
202512;1523;2006003674;COTAS;138960770.739822000000000;63423574000192
202512;1523;2006003674;COTAS;-2635.347050000000000;
202512;1924;1989000274;COTAS;4612255.152440000000000;
202512;1674;1989002056;COTAS;1001615.825991000000000;
202512;1482;2010003111;COTAS;7695261.846396000000000;
202512;1482;2018001965;COTAS;269188550.789731000000000;
202512;1523;1998004465;COTAS;764233.677328000000000;
202512;2083;2000008283;COTAS;52885767.891418000000000;16569908000150
202512;1924;9970000000;COTAS;335985.803499000000000;15060248000115
202512;1482;2021003256;COTAS;318509.036351000000000;
202512;1511;1988002419;VL_PG_RC;-69560.510000000000000;
202512;1523;2006003674;COTAS;9327.097030000000000;
202512;1674;2016000783;COTAS;6854653.372311000000000;
202512;1852;1985001047;COTAS;321144544.391107000000000;58396943000165
202512;1969;1981000356;COTAS;506530382.630237000000000;04551365000165
202512;1523;2006003674;COTAS;4177905201.654608000000000;24651208000139
202512;1523;1998004465;COTAS;10846.016334000000000;
202512;1969;1999004019;COTAS;226612999.501291000000000;13969771000133
202512;1674;2016000783;COTAS;187701.739379000000000;
202512;1482;2021003256;COTAS;1128735.298140000000000;
202512;1523;2006003674;COTAS;178978.158659000000000;
202512;2169;1999000374;COTAS;15397439.066039000000000;
202512;1523;2006003674;TIT_PRIV;12479699.590000000000000;
202512;1523;9970000000;COTAS;236505272.281801000000000;27455174000103
202512;1523;2006003674;COTAS;117423807.400710000000000;28581662000111
202512;1523;1998004465;COTAS;155183491.790552000000000;03524814000113
202512;1523;2006003674;COTAS;275570396.006794000000000;57752951000134
202512;1972;2005001783;COTAS;1466428.951033000000000;
202512;2172;9970000000;CAIXA;17710.950000000000000;
202512;1523;1977000274;CAIXA;5088213.700000000000000;
202512;1523;9970000000;CAIXA;38603.390000000000000;
202512;1523;2006003674;COTAS;61768702.382615000000000;50190791000138
202512;1523;2006003674;COTAS;102654729.963323000000000;49599183000100
202512;1972;2005001783;COTAS;9287749.679259000000000;
202512;1674;2019001918;COTAS;588198.728105000000000;
202512;1523;9970000000;COTAS;97603.336047000000000;50190791000138
202512;1972;2005001783;COTAS;5780821.175413000000000;
202512;1688;2021001865;CAIXA;42.100000000000000;
202512;1523;1977000274;COTAS;146122808.939958000000000;
202512;1781;1998003574;COTAS;504456805.751577000000000;49767200000163
202512;1523;9970000000;COTAS;220266.072056000000000;51891082000142
202512;1523;2006003674;COTAS;403948113.330407000000000;52982641000192
202512;1852;1985001047;VL_PG_RC;1025728.780000000000000;
202512;1537;1980001774;COTAS;52385593.701547000000000;
202512;1781;1998003574;COTAS;683476212.571401000000000;49768506000134
202512;1537;1980001774;COTAS;8019966.808329000000000;
202512;1482;2010003829;VL_PG_RC;-12893.380000000000000;
202512;1537;1980001774;COTAS;11478587.280502000000000;
202512;1688;2021001865;VL_PG_RC;-2984.560000000000000;
202512;1537;1980001774;TIT_PUB;218585631.970000000000000;
202512;1523;9970000000;COTAS;696824.730592000000000;60094635000127
202512;1482;2023001374;COTAS;14120372.733642000000000;
202512;2213;1991002483;IMOVEIS;8117872.780000000000000;
202512;1972;2005001783;COTAS;149268612.060045000000000;46449503000140
202512;1506;1979001383;VL_PG_RC;0.000000000000000;
202512;1537;1988000165;COTAS;27412160.876951000000000;
202512;1701;1999000838;VL_PG_RC;-92005.190000000000000;
202512;1537;1988000165;COTAS;14135648.456751000000000;
202512;1537;1980001774;TIT_PRIV;46717181.900000000000000;
202512;1541;1986000656;ACOES;11773601.160000000000000;
202512;1571;4015710029;COTAS;33510603.840103000000000;
202512;1972;2005001783;OPERACAO_PARTICIPANTE;18298529.420000000000000;
202512;1972;2007000229;COTAS;2919374.092940000000000;
202512;1523;1977000274;COTAS;-3963488.093482000000000;
202512;1523;1998004465;COTAS;19837.698025000000000;
202512;1523;1977000274;COTAS;12962910.400000000000000;
202512;1715;1979000174;COTAS;6346782.204948000000000;
202512;1523;1977000274;COTAS;917353773.669181000000000;14120553000192
202512;1482;2010004965;CAIXA;0.000000000000000;
202512;2231;1982002719;COTAS;346063.734144000000000;
202512;1523;1998004465;COTAS;18146425.587131000000000;09606345000168
202512;1674;2015000356;COTAS;1039163.726082000000000;
202512;1523;1998004465;COTAS;205841805.967721000000000;14120553000192
202512;1585;9970000000;CAIXA;26692.930000000000000;
202512;1523;1998004465;COTAS;11220880.607394000000000;51891082000142
202512;2231;1987000511;COTAS;4091201.002500000000000;
202512;1972;2007000229;COTAS;41056360.569073000000000;
202512;1674;2015000356;COTAS;2542951.028316000000000;
202512;1991;1980000565;COTAS;290497438.152290000000000;
202512;2231;1998000583;COTAS;2023981.911522000000000;
202512;1991;2017000892;VL_PG_RC;-879.290000000000000;
202512;1523;1977000274;COTAS;22946275.045429000000000;
202512;1523;2006003674;COTAS;38739557.872672000000000;59574097000199
202512;1883;2006003356;COTAS;23545912.741273000000000;
202512;1781;1998003574;IMOVEIS;1375054387.500000000000000;
202512;1911;1992001618;COTAS;169955.521109000000000;
202512;1818;2002000174;COTAS;193165161.860110000000000;01631246000124
202512;1541;1986000656;COTAS;1730811.366477000000000;
202512;1911;1992001618;COTAS;1346894.674011000000000;50069086000187
202512;1523;2006003674;COTAS;19325.862344000000000;
202512;2018;9970000000;CAIXA;0.000000000000000;
202512;1523;1977000274;OPERACAO_PARTICIPANTE;2178198216.310000000000000;
202512;1541;1986000656;OPERACAO_PARTICIPANTE;4424631.540000000000000;
202512;1599;1979001219;COTAS;848538339.345746000000000;26179528000163
202512;1523;1998004465;COTAS;902463.903568000000000;12547115000180
202512;1715;2008004619;COTAS;6796313.565821000000000;
202512;1554;1978000456;TIT_PRIV;1549008.570000000000000;
202512;1674;2015000356;COTAS;997702.454577000000000;
202512;2018;9970000000;COTAS;24756254.507116000000000;
202512;1571;9970000000;VL_PG_RC;-76079.150000000000000;
202512;2231;2008003019;COTAS;994413.344786000000000;44703472000186
202512;1482;2010004965;COTAS;25240904.716117000000000;
202512;1674;2016000783;COTAS;1846960.545461000000000;
202512;1482;2011000238;VL_PG_RC;-3453.880000000000000;
202512;1674;2016000783;COTAS;440899.334835000000000;
202512;1911;1994001992;COTAS;3506180.510502000000000;
202512;1523;2006003674;COTAS;36611505.371584000000000;63404696000131
202512;1541;1986000656;COTAS;6342040.042343000000000;
202512;1482;2011000483;CAIXA;0.000000000000000;
202512;1585;2006000911;COTAS;20476672.120507000000000;57961397000103
202512;1599;2024000592;COTAS;1401857.657801000000000;
202512;1523;9970000000;COTAS;133007.235111000000000;50198930000170
202512;2021;1991001274;IMOVEIS;90501.060000000000000;
202512;1818;2002000174;COTAS;193398992.670000000000000;19941775000190
202512;1541;9970000000;COTAS;17453185.553440000000000;
202512;1911;1994001992;COTAS;14836.845285000000000;36521640000194
202512;2052;2006001011;VL_PG_RC;0.000000000000000;
202512;1482;2011002011;COTAS;116020.367995000000000;31032327000179
202512;1523;2006003674;COTAS;140352503.941399000000000;63445061000182
202512;1537;1988000165;TIT_PRIV;70682606.000000000000000;
202512;1715;2008004619;COTAS;25761877.736981000000000;
202512;2231;2010002229;COTAS;2157540.624361000000000;
202512;1541;9970000000;CAIXA;55231.560000000000000;
202512;1599;9970000000;CAIXA;190.210000000000000;
202512;1523;1977000274;COTAS;1499918.266327000000000;04714699000102
202512;1523;1998004465;COTAS;203707.725152000000000;
202512;1554;1978000456;CAIXA;67816.660000000000000;
202512;1571;4015710029;VL_PG_RC;0.000000000000000;
202512;1554;1978000456;COTAS;6174880.733440000000000;
202512;1523;1998004465;COTAS;9074398.274652000000000;15154395000154
202512;1585;2006000911;COTAS;24132140.007215000000000;
202512;1818;9970000000;CAIXA;62464.840000000000000;
202512;1599;1979001219;VL_PG_RC;-613418.060000000000000;
202512;2052;9970000000;VL_PG_RC;0.000000000000000;
202512;1523;2006003674;COTAS;-965.164485000000000;
202512;1821;9970000000;CAIXA;15157.050000000000000;
202512;1482;2011002338;VL_PG_RC;-1740.800000000000000;
202512;1554;9970000000;COTAS;959268.478312000000000;
202512;1523;1998004465;COTAS;13323971.164989000000000;53245893000100
202512;1661;1990001718;COTAS;822344.470582000000000;
202512;1585;2006000911;COTAS;39072990.985993000000000;
202512;1674;2014000492;COTAS;767473.477209000000000;
202512;2231;2010002229;COTAS;102304718.122640000000000;44703472000186
202512;1715;9970000000;COTAS;2217456.429590000000000;
202512;1537;1980001774;COTAS;19454968.822646000000000;
202512;1599;9970000000;COTAS;2312316.275479000000000;35726949000158
202512;2071;9970000000;VL_PG_RC;0.000000000000000;
202512;1911;1998004147;COTAS;504315.003221000000000;
202512;1674;2014000492;COTAS;1497720.936161000000000;
202512;2083;1973000156;OPERACAO_PARTICIPANTE;153013319.499141567900000;
202512;1612;9970000000;VL_PG_RC;-1332.490000000000000;
202512;2231;2010002229;IMOVEIS;73094955.130000000000000;
202512;2083;1973000156;TIT_PUB;8850162400.530000000000000;
202512;1482;2013001029;COTAS;26871057.739547000000000;31032327000179
202512;1715;9970000000;COTAS;3673191.261537000000000;
202512;1482;2013001819;CAIXA;0.000000000000000;
202512;1674;2019001918;COTAS;2073565.967175000000000;
202512;1715;9970000000;COTAS;1478633.120821000000000;
202512;1571;1980001383;CAIXA;10676.560000000000000;
202512;1523;2006003674;COTAS;15301716.730914000000000;
202512;1911;2000006183;COTAS;11450148.543821000000000;42479278000133
202512;1523;2006003674;COTAS;44742608.536901000000000;
202512;1911;2006001411;CAIXA;3098.030000000000000;
202512;1674;2014000492;COTAS;99189.666665000000000;
202512;1599;2001002483;COTAS;17630112.533991000000000;41272558000103
202512;1852;1985001047;COTAS;427180503.270607000000000;00974902000129
202512;1661;1990001718;IMOVEIS;12813606.190000000000000;
202512;1482;2016002174;COTAS;37807413.605897000000000;
202512;2231;2011001218;COTAS;139140.519503000000000;
202512;1674;2019001918;COTAS;2036336.589984000000000;
202512;1674;2016000783;COTAS;1090879.933783000000000;
202512;1674;1989002056;COTAS;118038.002443000000000;
202512;1523;2006003674;COTAS;18467.850000000000000;
202512;1883;2006003356;COTAS;1855843.390500000000000;
202512;1482;2018001965;VL_PG_RC;-84925.530000000000000;
202512;1715;1979000174;COTAS;14742794.476442000000000;
202512;1674;1989002056;COTAS;60578.976252000000000;
202512;1523;2006003674;COTAS;408630926.678599000000000;16916048000184
202512;2231;2011001218;COTAS;2341559.823788000000000;44703483000166
202512;1482;2022000056;CAIXA;0.000000000000000;
202512;1911;2015000674;VL_PG_RC;-31774.460000000000000;
202512;1537;1988000165;COTAS;10820668.522795000000000;
202512;1585;2006000911;COTAS;25952227.816480000000000;
202512;1715;9970000000;TIT_PUB;30851010.180000000000000;
202512;1541;1986000656;COTAS;5511350.767861000000000;
202512;1715;1979000174;VL_PG_RC;-7544712.910000000000000;
202512;1674;2014000492;COTAS;1918784.995753000000000;
202512;1674;2016000783;COTAS;964118.947328000000000;
202512;1585;2006000911;COTAS;4550665.388825000000000;
202512;1674;2015000356;COTAS;1287593.999744000000000;
202512;2231;2012001947;CAIXA;313370.000000000000000;
202512;1674;2019001918;COTAS;46520082.881325000000000;
202512;1674;2015000356;COTAS;6258907.960294000000000;
202512;1924;1989000274;COTAS;6253424.895934000000000;
202512;1585;2006000911;COTAS;1272068933.535413000000000;32225875000188
202512;2231;2012001947;COTAS;666262.095851000000000;
202512;1599;1979001219;COTAS;72226674.666880000000000;58037777000100
202512;1674;2015000356;COTAS;1837128.114099000000000;
202512;1924;1989000347;COTAS;9403617.029880000000000;
202512;1599;1979001219;CAIXA;71.350000000000000;
202512;1599;1979001219;IMOVEIS;6927811.660000000000000;
202512;1715;2008004619;CAIXA;243718.420000000000000;
202512;1523;1998004465;COTAS;3212660.207628000000000;
202512;1482;2022000129;COTAS;1830781.912125000000000;
202512;2083;2011002192;COTAS;110066945.806220000000000;14437383000174
202512;1674;1989002056;COTAS;3817242.572597000000000;
202512;1674;2019001918;COTAS;627269.962507000000000;
202512;1715;2008004619;COTAS;822344.472436000000000;
202512;1715;2008004619;COTAS;631065.878537000000000;
202512;1674;2015000356;COTAS;3517333.524433000000000;
202512;1523;2006003674;COTAS;1965490.701366000000000;
202512;1599;2001002483;CAIXA;1112.120000000000000;
202512;2231;2012001947;VL_PG_RC;-283612.730000000000000;
202512;1657;1987001338;COTAS;4513532.563507000000000;
202512;1523;2006003674;COTAS;405064.039807000000000;17098803000123
202512;1523;1977000274;COTAS;299967.224529000000000;
202512;1523;2006003674;COTAS;109032553.379200000000000;28586408000106
202512;2083;2012000274;COTAS;892606.718355000000000;11308040000111
202512;1883;9970000000;VL_PG_RC;0.000000000000000;
202512;1523;1998004465;COTAS;3398782.184964000000000;
202512;1729;1990001092;COTAS;6882.719517000000000;
202512;1911;1987000218;VL_PG_RC;-81.860000000000000;
202512;1523;2006003674;COTAS;93443774.627177000000000;15154356000157
202512;1523;1998004465;COTAS;24929215.410443000000000;16916048000184
202512;2083;9970000000;COTAS;68555317.356640000000000;03519674000195
202512;1523;2006003674;COTAS;67133191.912897000000000;15154385000119
202512;1674;1989002056;COTAS;214903.141032000000000;
202512;2155;1985000938;VL_PG_RC;-12294.010000000000000;
202512;1674;1989002056;COTAS;2513285.882541000000000;
202512;1523;2006003674;COTAS;1866213333.140282000000000;50866507000109
202512;2231;2013001665;COTAS;240051.900309000000000;
202512;1523;2006003674;COTAS;301403842.097670000000000;53275192000105
202512;1523;9970000000;COTAS;16661670.618273000000000;16916054000131
202512;1688;1979002274;COTAS;95101470.418220000000000;41881550000144
202512;1661;1990001718;COTAS;5551035.891943000000000;
202512;1674;1989002056;COTAS;1254565.747240000000000;
202512;1523;1998004465;COTAS;333769231.528258000000000;16916054000131
202512;2231;2014001383;COTAS;690484.011659000000000;
202512;1688;1979002274;IMOVEIS;50100000.000000000000000;
202512;1523;1998004465;COTAS;19728367.848767000000000;53275192000105
202512;2231;2014001383;COTAS;456119.573198000000000;
202512;1688;2021001865;COTAS;6747993.170365000000000;04786973000159
202512;2231;2019003074;OPERACAO_PARTICIPANTE;7123902.389732895200000;
202512;1674;1989002056;COTAS;379810.775456000000000;
202512;2169;1972000111;COTAS;569290691.104888000000000;03149243000184
202512;2169;1999000374;COTAS;17066095.407776000000000;
202512;1715;1979000174;COTAS;2467031.028721000000000;
202512;2172;1988003229;CAIXA;128424.680000000000000;
202512;1541;1986000656;TIT_PUB;353176895.630000000000000;
202512;1924;1989000347;COTAS;2174574.056495000000000;
202512;1715;1979000174;COTAS;8381104.517964000000000;
202512;1732;1985001111;COTAS;152679145.580002000000000;
202512;2172;2005005592;COTAS;39577139.348198000000000;31615302000106
202512;1674;1989002056;TIT_PRIV;233943.250000000000000;
202512;1599;2001002483;IMOVEIS;258334.750000000000000;
202512;1554;1978000456;ACOES;17208840.340000000000000;
202512;1523;1977000274;COTAS;12670417.265051000000000;
202512;1523;1977000274;COTAS;133697797.570000000000000;
202512;1763;1990000819;COTAS;137348.910833000000000;
202512;1715;2008004619;COTAS;6952073.468017000000000;
202512;1911;1992001618;COTAS;100006.235999000000000;26304143000180
202512;1763;1990000819;COTAS;8779298.842766000000000;
202512;1523;2006003674;IMOVEIS;344788401.750000000000000;
202512;1674;2014000492;COTAS;6299378.297953000000000;
202512;1674;2014000492;COTAS;1197784.317234000000000;
202512;1674;2014000492;CAIXA;65947.160000000000000;
202512;1523;1998004465;COTAS;14740.843675000000000;
202512;1674;2014000492;COTAS;3693489.483234000000000;
202512;1911;1992001618;VL_PG_RC;-8230.850000000000000;
202512;1924;1989000347;OPERACAO_PARTICIPANTE;257982.560000000000000;
202512;1599;2024000592;CAIXA;146.880000000000000;
202512;2172;9970000000;COTAS;5073354.559965000000000;
202512;1911;1994001992;COTAS;797191.092369000000000;
202512;2172;9970000000;VL_PG_RC;-3936.100000000000000;
202512;1715;9970000000;COTAS;957454.583746000000000;
202512;1523;1998004465;COTAS;677675.680000000000000;
202512;1523;1998004465;IMOVEIS;73663421.710000000000000;
202512;1911;1997003211;CAIXA;3007.300000000000000;
202512;1715;2008004619;COTAS;19614898.637726000000000;
202512;1911;1998004147;COTAS;10237771.423842000000000;50069086000187
202512;1523;1998004465;COTAS;98354.956754000000000;04714699000102
202512;1523;2006003674;COTAS;125477.464662000000000;
202512;1674;2016000783;COTAS;902231.409125000000000;
202512;2258;1981001565;COTAS;3501045.278916000000000;
202512;1924;2008003711;COTAS;51722164.087694000000000;
202512;2231;1979003483;CAIXA;73.180000000000000;
202512;1537;1988000165;COTAS;23623890.713214000000000;
202512;1781;1980000174;CAIXA;233062440.950000000000000;
202512;1674;2016000783;COTAS;1443589.380145000000000;
202512;1523;2006003674;COTAS;12287738.675183000000000;
202512;1612;2022002229;CAIXA;6667542.250000000000000;
202512;1715;2008004619;COTAS;10024580.835913000000000;
202512;1523;1998004465;COTAS;16973090.145393000000000;28581662000111
202512;1715;9970000000;COTAS;3111072.896832000000000;
202512;2258;1990000118;CAIXA;42672.550000000000000;
202512;2231;1982002638;CAIXA;8.560000000000000;
202512;1523;2006003674;COTAS;2147065.242121000000000;12547115000180
202512;1537;1988000165;TIT_PUB;42136791.240000000000000;
202512;1523;1998004465;COTAS;18731311.512975000000000;57752951000134
202512;2258;1992000492;COTAS;61211992.046479000000000;50620290000144
202512;2231;1982002719;COTAS;486773.771880000000000;
202512;2258;1992000719;COTAS;313690867.180269000000000;
202512;1911;1998005518;COTAS;23590125.745171000000000;
202512;1729;1990001092;COTAS;33640653.198885000000000;
202512;1911;1998005518;COTAS;23902147.837006000000000;36521640000194
202512;1674;2019001918;COTAS;639462.293719000000000;
202512;1674;2019001918;CAIXA;42479.250000000000000;
202512;1674;9970000000;CAIXA;75536.590000000000000;
202512;1674;2019001918;COTAS;3854444.613228000000000;
202512;1674;2014000492;COTAS;498794.281372000000000;
202512;1674;2014000492;COTAS;309262.996448000000000;
202512;1554;9970000000;VL_PG_RC;-5825.230000000000000;
202512;1674;2015000356;COTAS;4649852.655187000000000;
202512;2258;1993000992;CAIXA;3227.950000000000000;
202512;1924;2008003711;OPERACAO_PARTICIPANTE;8666243.579893120000000;
202512;1729;9970000000;COTAS;440216.970448000000000;
202512;1612;2022002229;COTAS;1592313814.423278000000000;18000683000142
202512;1688;1979002274;CAIXA;45412.020000000000000;
202512;1924;9970000000;VL_PG_RC;-1354.150000000000000;
202512;1688;1979002274;COTAS;697762123.725333000000000;00856751000104
202512;1688;1979002274;COTAS;1457624817.443927000000000;51531685000133
202512;1541;1986000656;COTAS;1431380.978093000000000;
202512;1781;1980000174;COTAS;144534895003.062158000000000;00822055000187
202512;2231;1982002719;IMOVEIS;3375769.940000000000000;
202512;1674;2016000783;COTAS;3807004.555157000000000;
202512;2258;1993000992;COTAS;37368.967716000000000;
202512;1674;2016000783;COTAS;102742.630613000000000;
202512;1674;2019001918;COTAS;644622.977743000000000;
202512;1715;9970000000;VL_PG_RC;-4411.150000000000000;
202512;1554;1978000456;IMOVEIS;19214291.640000000000000;
202512;1729;1990001092;COTAS;129141600.079920000000000;19821512000147
202512;1674;1989002056;COTAS;117545.057552000000000;
202512;1732;1985001111;IMOVEIS;1090219.920000000000000;
202512;1674;2019001918;TIT_PUB;3341424.820000000000000;
202512;1674;2019001918;COTAS;1350266.662264000000000;
202512;1688;2021000338;COTAS;5317780.208712000000000;04786973000159
202512;1554;9970000000;COTAS;1127344.347947000000000;
202512;2231;1987000511;VL_PG_RC;0.000000000000000;
202512;2258;1994001356;VL_PG_RC;-34934.320000000000000;
202512;2231;1994001518;OPERACAO_PARTICIPANTE;0.000000000000000;
202512;1585;2006000911;COTAS;12915311.295834000000000;
202512;1701;1999000838;COTAS;23834738.771944000000000;
202512;1729;9970000000;VL_PG_RC;-219.720000000000000;
202512;1674;9970000000;COTAS;1115146.779086000000000;
202512;1674;1989002056;COTAS;112888.301907000000000;
202512;1688;1979002274;COTAS;98276591.204067000000000;07733030000156
202512;1969;1999004019;COTAS;170996248.607202000000000;17898668000109
202512;2231;1998000583;TIT_PUB;253238.490000000000000;
202512;1781;1998003574;COTAS;60506709.367868000000000;48400668000152
202512;2258;1994001429;VL_PG_RC;-33889.950000000000000;
202512;1523;2006003674;COTAS;152525490.717893000000000;15154395000154
202512;1523;2006003674;COTAS;53128.454090000000000;
202512;1781;1998003574;VL_PG_RC;-2655754.510000000000000;
202512;1746;9970000000;VL_PG_RC;0.000000000000000;
202512;1571;1980001383;COTAS;34109227.777395000000000;
202512;1701;1999000838;TIT_PUB;2915256.640000000000000;
202512;1781;1998003574;COTAS;5002083494.330904000000000;49766905000166
202512;1571;1996000365;COTAS;131616485.827799000000000;
202512;1794;1981001956;CAIXA;122693.350000000000000;
202512;1523;2006003674;COTAS;34637043.687392000000000;50198930000170
202512;1715;1979000174;IMOVEIS;3292266.240000000000000;
202512;1781;2019002711;COTAS;52509176.188549000000000;19294570000160
202512;1715;9970000000;COTAS;2041832.087336000000000;
202512;1911;1998005518;COTAS;321792666.200218000000000;50069086000187
202512;1969;9970000000;COTAS;161183.360595000000000;21596653000155
202512;1674;2014000492;COTAS;331445.834713000000000;
202512;1969;9970000000;COTAS;163477.603516000000000;46205976000100
202512;2258;1994003138;COTAS;21499036.501939000000000;51059844000149
202512;1715;2008004619;COTAS;4894594.217705000000000;
202512;1972;2005001783;CAIXA;91131.530000000000000;
202512;2231;2008003019;COTAS;10711.607302000000000;
202512;1715;9970000000;COTAS;9670196.415850000000000;
202512;2231;2010002229;COTAS;5322509.209837000000000;
202512;1715;9970000000;COTAS;629388.021791000000000;
202512;2258;1995000183;COTAS;7269512.130730000000000;50625158000125
202512;1804;1988001838;COTAS;24469150.458070000000000;
202512;1729;1990001092;CAIXA;4479029.100000000000000;
202512;1804;9970000000;COTAS;4542457.249984000000000;
202512;1571;9970000000;CAIXA;174587.480000000000000;
202512;1911;1993001311;VL_PG_RC;-1214.760000000000000;
202512;1674;2014000492;COTAS;18004098.203626000000000;
202512;1523;2006003674;COTAS;102169041.660255000000000;62698192000109
202512;1729;1990001092;COTAS;48386614.224867000000000;
202512;2231;2010002474;COTAS;91825879.356289000000000;
202512;1674;2014000492;COTAS;523250.540755000000000;
202512;1781;1998003574;COTAS;6966970087.097210000000000;49766541000114
202512;1537;1980001774;COTAS;6900196.216986000000000;
202512;1911;1998004147;COTAS;1330314.611908000000000;21791224000139
202512;1972;2005001783;COTAS;26426386.751358000000000;
202512;1688;2021000419;COTAS;24100737.020577000000000;04786973000159
202512;2258;1995003719;COTAS;3625148.860576000000000;50641862000171
202512;1781;2019002711;COTAS;29038836.441090000000000;49766905000166
202512;1911;1998004147;TIT_PUB;10033041.360000000000000;
202512;1991;2017000892;COTAS;3415940.700337000000000;
202512;1732;1985001111;CAIXA;29351.790000000000000;
202512;1911;2000006183;COTAS;2903593.185089000000000;
202512;1729;1990001092;COTAS;1984047.908197000000000;
202512;1585;2006000911;COTAS;100447082.517365000000000;
202512;1911;2006005847;OPERACAO_PARTICIPANTE;2322426.110112250600000;
202512;1523;2006003674;COTAS;60581636.995093000000000;15154481000167
202512;2004;9970000000;COTAS;1527637.080000000000000;
202512;1674;2014000492;COTAS;1961441.710120000000000;
202512;1585;2006000911;COTAS;12952097.460920000000000;
202512;1541;1986000656;COTAS;6539168.964908000000000;
202512;1674;2014000492;COTAS;4590692.022729000000000;
202512;2018;1980001065;COTAS;28758080.123191000000000;
202512;1523;2006003674;COTAS;99296565.118005000000000;49534273000105
202512;2066;1974000192;COTAS;138955599.635173000000000;
202512;1554;1978000456;TIT_PUB;66964796.920000000000000;
202512;1523;2006003674;COTAS;31000013.844900000000000;60184714000129
202512;1701;1999000838;COTAS;329943872.052967000000000;11960212000137
202512;1571;1996000365;COTAS;2940930827.507615000000000;02294026000115
202512;1781;2019002711;OP_COMP;697159.220000000000000;
202512;1585;2006000911;COTAS;23986241.827824000000000;
202512;1599;1979001219;OPERACAO_PARTICIPANTE;5264934.060000000000000;
202512;1732;1985001111;VL_PG_RC;1284.720000000000000;
202512;1804;1988001838;COTAS;8144231.520298000000000;
202512;1599;2001002483;OPERACAO_PARTICIPANTE;5219503.890000000000000;
202512;1715;1979000174;TIT_PUB;967107771.810000000000000;
202512;1585;2006000911;TIT_PUB;47125158.340000000000000;
202512;1911;2007001292;COTAS;706481.070267000000000;57235960000158
202512;1585;9970000000;COTAS;2649079.242106000000000;32225875000188
202512;2066;1974000192;COTAS;50675797.911440000000000;
202512;1732;9970000000;CAIXA;572.980000000000000;
202512;2066;1974000192;COTAS;36395.635236000000000;
202512;1715;2008004619;COTAS;9527426.942758000000000;
202512;1746;1982003065;COTAS;46011936.005335000000000;
202512;1674;2014000492;VL_PG_RC;-41992.580000000000000;
202512;1804;1988001838;COTAS;617571.242872000000000;
202512;1911;1998005518;COTAS;37631701.424560000000000;21791224000139
202512;1781;9970000000;CAIXA;124315.140000000000000;
202512;1746;9970000000;CAIXA;2709.180000000000000;
202512;1612;2022002229;COTAS;53919614.364274000000000;42119596000193
202512;1781;1980000174;COTAS;50806703.700000000000000;
202512;1599;2024000592;VL_PG_RC;-480.930000000000000;
202512;1746;1982003065;COTAS;69288891.814505000000000;17041023000147
202512;1911;2008003183;COTAS;6778484.614158000000000;
202512;2071;1986000583;COTAS;153990222.529116000000000;05164317000187
202512;1911;2008003183;COTAS;4247782.698688000000000;36521640000194
202512;2083;1999005211;IMOVEIS;124743404.520000000000000;
202512;1911;1999002156;VL_PG_RC;-39035.290000000000000;
202512;1523;2006003674;COTAS;140223770.647103000000000;63405106000195
202512;1715;2008004619;COTAS;14705950.277861000000000;
202512;1585;2006000911;COTAS;144410067.691616000000000;
202512;1612;9970000000;COTAS;2109984.269317000000000;
202512;1585;2006000911;COTAS;81675347.868315000000000;41054683000147
202512;1523;9970000000;COTAS;285113.381437000000000;49534273000105
202512;1911;2008003183;COTAS;20784535.688555000000000;50069086000187
202512;1746;1982003065;VL_PG_RC;-13992432.450000000000000;
202512;1661;1990001718;VL_PG_RC;-8796.220000000000000;
202512;1781;1998003574;COTAS;4303960432.659672000000000;01873685000143
202512;2083;1999005211;TIT_PUB;6440343261.130000000000000;
202512;1781;1998003574;COTAS;1009557214.057909000000000;48400629000155
202512;1794;1981001956;COTAS;408152619.213584000000000;
202512;1674;1989002056;COTAS;5218643.407521000000000;
202512;2258;1996000829;COTAS;43601462.691554000000000;52980608000123
202512;2258;1996002465;VL_PG_RC;-166940.500000000000000;
202512;1537;1980001774;COTAS;8193586.454854000000000;
202512;2083;2012000274;COTAS;63793999.415917000000000;05170419000105
202512;1674;2015000356;COTAS;4207920.827065000000000;
202512;2083;2012000274;COTAS;1686834.213333000000000;34792991000104
202512;1883;2006003356;COTAS;269688.682369000000000;
202512;1804;1988001838;VL_PG_RC;-524399.640000000000000;
202512;2083;9970000000;CAIXA;8655.980000000000000;
202512;1571;1996000365;COTAS;2314030978.432549000000000;
202512;1804;9970000000;VL_PG_RC;0.000000000000000;
202512;1612;2022002229;COTAS;437129882.815498000000000;51992822000137
202512;1911;2009003365;COTAS;2289000.744708000000000;25401546000185
202512;1911;2005004847;COTAS;856465.200000000000000;57235960000158
202512;2231;2011001218;COTAS;2192110.083785000000000;44703493000100
202512;1674;1989002056;COTAS;362230.102325000000000;
202512;2231;2012001947;COTAS;3565906.149230000000000;
202512;1674;1989002056;COTAS;85987.836223000000000;
202512;1571;1996000365;VL_PG_RC;0.000000000000000;
202512;2231;2013001665;COTAS;158815.318732000000000;
202512;1674;2016000783;COTAS;102533.986747000000000;
202512;1674;1989002056;COTAS;141047.669298000000000;
202512;2155;1985000938;COTAS;73369860.462472000000000;38066095000119
202512;1781;1998003574;COTAS;653251103.286832000000000;49769782000117
202512;1911;2007001292;COTAS;817874.274022000000000;36521640000194
202512;1674;1989002056;TIT_PUB;307762.820000000000000;
202512;1821;9970000000;COTAS;4107224.756812000000000;
202512;1763;1990000819;TIT_PUB;78362778.990000000000000;
202512;1599;1979001219;COTAS;40773794.216342000000000;36440234000105
202512;2231;2013001665;COTAS;2270531.774289000000000;44703483000166
202512;1911;2013001274;COTAS;107058.150000000000000;57235960000158
202512;1674;2014000492;COTAS;43554053.827940000000000;
202512;1674;2015000356;COTAS;31435211.647599000000000;
202512;1599;1979001219;COTAS;75338473.641578000000000;41272558000103
202512;1821;9970000000;VL_PG_RC;0.000000000000000;
202512;1924;9970000000;COTAS;2159500.034805000000000;15060253000128
202512;1674;2016000783;COTAS;1053992.524021000000000;
202512;1969;1999004019;COTAS;157822787.603266000000000;04519722000108
202512;1911;2013001274;COTAS;199749.961523000000000;36521640000194
202512;2258;1998002365;CAIXA;0.000000000000000;
202512;1852;1985001047;COTAS;337141143.702000000000000;58331524000145
202512;1804;1988001838;CAIXA;24984.620000000000000;
202512;2231;2014001383;COTAS;194766.819589000000000;
202512;1674;2016000783;COTAS;4319.988964000000000;
202512;1883;1988001056;CAIXA;24289.130000000000000;
202512;1715;2008004619;COTAS;25639456.396309000000000;
202512;1883;2006003356;VL_PG_RC;-27121.660000000000000;
202512;1674;2016000783;CAIXA;23851.450000000000000;
202512;1674;2016000783;VL_PG_RC;84949.780000000000000;
202512;1781;1980000174;OPERACAO_PARTICIPANTE;6538657948.120000000000000;
202512;1674;2019001918;COTAS;20533.963539000000000;
202512;1911;1992001618;COTAS;159083.332522000000000;36521640000194
202512;1852;1985001047;COTAS;298751340.370000000000000;58899415000129
202512;2258;1999000765;COTAS;9562.396712000000000;
202512;1715;2008004619;COTAS;18301213.639467000000000;
202512;1688;1979002274;OPERACAO_PARTICIPANTE;23660304.110335672100000;
202512;1883;2006003356;COTAS;5611760.487161000000000;
202512;2258;2000004156;CAIXA;2135.650000000000000;
202512;1746;1982003065;COTAS;227647.395303000000000;
202512;2155;1985000938;COTAS;812095191.921697000000000;55947120000192
202512;1599;2001002483;COTAS;10542584.719234000000000;36440234000105
202512;1585;2006000911;COTAS;22875920.566291000000000;
202512;1674;1989002056;COTAS;2781064.092273000000000;
202512;2155;9970000000;VL_PG_RC;-2412.380000000000000;
202512;2258;2000004156;COTAS;28252.150654000000000;
202512;1883;2006003356;COTAS;15546007.465769000000000;
202512;1715;1979000174;TIT_PRIV;249871.800000000000000;
202512;1599;9970000000;COTAS;4456258.058100000000000;58037689000109
202512;1969;1999004019;COTAS;37230777.223572000000000;18391324000163
202512;1883;9970000000;CAIXA;11054.190000000000000;
202512;2018;1980001065;CAIXA;0.000000000000000;
202512;2258;2002001138;COTAS;28030479.756876000000000;50620290000144
202512;1911;2013001274;COTAS;2834748.774765000000000;50069086000187
202512;2231;2014001383;IMOVEIS;6433863.240000000000000;
202512;1781;2019002711;COTAS;73055913.719524000000000;49766541000114
202512;2169;9970000000;COTAS;4584763.613932000000000;
202512;2231;2019003074;COTAS;99695.049979000000000;
202512;1911;1993001311;COTAS;2807954.578549000000000;50069086000187
202512;2169;9970000000;VL_PG_RC;-76.820000000000000;
202512;1763;1990000819;COTAS;51294520.000000000000000;
202512;1818;2002000174;CAIXA;1457039.860000000000000;
202512;1715;2008004619;COTAS;22340606.954058000000000;
202512;1911;1992001618;COTAS;92737.876197000000000;21791224000139
202512;2258;2005005347;VL_PG_RC;-6951.150000000000000;
202512;1674;2019001918;COTAS;13357990.041508000000000;
202512;1612;2022002229;COTAS;43382519.706899000000000;63114418000140
202512;2258;2005005411;CAIXA;40751.740000000000000;
202512;2258;1981001565;CAIXA;1000.000000000000000;
202512;1674;2019001918;COTAS;537312.375365000000000;
202512;1661;1990001718;COTAS;18933.380195000000000;
202512;1911;1997003211;COTAS;334245.695377000000000;
202512;1674;1989002056;COTAS;385511.402621000000000;
202512;1911;1997003211;COTAS;22526906.405143000000000;21791224000139
202512;1674;2014000492;COTAS;3536073.469311000000000;
202512;1585;2006000911;COTAS;66267441.977455000000000;51564188000131
202512;1781;1980000174;COTAS;64843272.480000000000000;
202512;1883;2006003356;COTAS;12076919.865817000000000;
202512;1585;2006000911;OPERACAO_PARTICIPANTE;11468621.289552926300000;
202512;2172;2005005592;COTAS;205328430.506700000000000;31615270000130
202512;1911;1997003211;COTAS;2011690.600732000000000;
202512;2018;2016001811;COTAS;23370479.581159000000000;
202512;1911;1998005518;VL_PG_RC;-469630.200000000000000;
202512;1781;1980000174;COTAS;507260638.186626000000000;49766712000105
202512;1674;2014000492;COTAS;26152521.022454000000000;
202512;2258;2005005411;COTAS;37358668.290108000000000;50625158000125
202512;1674;2014000492;COTAS;304843.997303000000000;
202512;2231;1982002719;COTAS;125970.730836000000000;
202512;2231;1982002883;COTAS;319480.680404000000000;
202512;1674;1989002056;COTAS;459895.584652000000000;
202512;1715;2008004619;COTAS;63834026.754641000000000;
202512;1883;2006003356;COTAS;71951569.832059000000000;
202512;1911;1999002156;COTAS;2118250.346971000000000;
202512;1911;1997003211;OPERACAO_PARTICIPANTE;6787909.617804824100000;
202512;1911;2015000674;COTAS;2302765.105227000000000;57235960000158
202512;2021;1991001274;OPERACAO_PARTICIPANTE;13018.531678953800000;
202512;1911;9970000000;COTAS;7043768.070558000000000;50069086000187
202512;1911;1997003211;COTAS;8862035.750000000000000;57235960000158
202512;1781;1998003574;OPERACAO_PARTICIPANTE;4238047763.580000000000000;
202512;1911;1999002156;COTAS;5796111.512158000000000;21791224000139
202512;1674;2014000492;COTAS;776977.828303000000000;
202512;1612;2022002229;COTAS;402667715.988853000000000;04588085000121
202512;1911;1998005518;COTAS;22433898.955971000000000;54366569000102
202512;1781;2019002711;CAIXA;830104.710000000000000;
202512;1911;1999002156;COTAS;1407288.042727000000000;
202512;1911;1999002156;COTAS;3289281.664379000000000;26304143000180
202512;1688;1979002274;COTAS;201570539.101379000000000;06041391000179
202512;1911;1998005518;COTAS;8033306.360200000000000;25401546000185
202512;1612;9970000000;CAIXA;541114.610000000000000;
202512;1911;2000006183;TIT_PUB;200947607.250000000000000;
202512;2258;2006001647;COTAS;32474593.898338000000000;50620435000107
202512;1911;2006001411;COTAS;29614692.931940000000000;50069086000187
202512;1911;2006005847;COTAS;3252835.702958000000000;21791224000139
202512;1661;1990001718;COTAS;7995811.499688000000000;
202512;1674;2015000356;COTAS;1465716.053277000000000;
202512;1674;2015000356;TIT_PUB;4044882.660000000000000;
202512;196;1999004183;VL_PG_RC;-430712.830000000000000;
202512;1674;2016000783;COTAS;3784574.000000000000000;
202512;211;1996005138;COTAS;228589462.348983000000000;
202512;1688;2021000338;VL_PG_RC;-2348.420000000000000;
202512;1924;1989000274;COTAS;30794657.182860000000000;15060248000115
202512;211;1996005138;COTAS;32010765.984383000000000;
202512;1911;2006005847;COTAS;1177951.112427000000000;57235960000158
202512;1781;2019002711;COTAS;3818524.492540000000000;49768506000134
202512;211;1996005138;VL_PG_RC;7032507.640000000000000;
202512;211;1996005219;COTAS;151159.825231000000000;
202512;1674;1989002056;COTAS;63844.893487000000000;
202512;2021;9970000000;IMOVEIS;17529.520000000000000;
202512;223;1980000492;CAIXA;13804.620000000000000;
202512;1924;1989000347;COTAS;85922384.590433000000000;15060252000183
202512;2258;2006006111;CAIXA;0.000000000000000;
202512;1674;2016000783;COTAS;4570002.067818000000000;
202512;1715;1979000174;ACOES;7805235.630000000000000;
202512;1924;2008003711;COTAS;31070049.809074000000000;
202512;1674;1989002056;COTAS;90491.459339000000000;
202512;1715;1979000174;COTAS;5822119.508942000000000;
202512;2258;2006006411;COTAS;52491611.873776000000000;20163867000175
202512;1674;2016000783;COTAS;428056.023147000000000;
202512;1969;1999004019;COTAS;46707638.700000000000000;42870959000128
202512;2258;2007000611;COTAS;99332482.848106000000000;50620290000144
202512;1715;2008004619;COTAS;2294643.016232000000000;
202512;1674;2016000783;COTAS;1121681.561626000000000;
202512;1674;2014000492;COTAS;9761420.891193000000000;
202512;1674;2016000783;COTAS;98331.706702000000000;
202512;223;1980000492;COTAS;336723231.884153000000000;39240107000142
202512;1674;2019001918;COTAS;648548.246674000000000;
202512;1674;2016000783;COTAS;1380708.856231000000000;
202512;1715;2008004619;COTAS;18813396.777023000000000;
202512;1972;2005001783;COTAS;4354046.907068000000000;
202512;1715;2008004619;COTAS;31738993.872335000000000;
202512;2258;1990000118;COTAS;10153903.147566000000000;
202512;1715;9970000000;CAIXA;86690.800000000000000;
202512;2021;9970000000;TIT_PUB;8436289.670000000000000;
202512;1972;2005001783;COTAS;137228092.095005000000000;
202512;1804;1988001838;TIT_PUB;1077182744.400000000000000;
202512;2258;1990000118;COTAS;286378.555482000000000;
202512;1715;9970000000;COTAS;4585497.179325000000000;
202512;2258;2007002892;COTAS;85476524.434898000000000;50641862000171
202512;1674;2015000356;COTAS;8547484.000000000000000;
202512;2231;1992000956;COTAS;120841.424655000000000;
202512;2231;1992000956;VL_PG_RC;-10115.770000000000000;
202512;1972;2005001783;COTAS;149626690.508631000000000;
202512;1729;1990001092;TIT_PUB;842532568.470000000000000;
202512;1852;1985001047;CAIXA;230889.390000000000000;
202512;1746;1982003065;COTAS;5943673.879495000000000;
202512;2231;1994001518;COTAS;11118.724890000000000;
202512;1674;2019001918;COTAS;458688.820886000000000;
202512;1972;2007000229;CAIXA;52418.170000000000000;
202512;1911;2006005847;VL_PG_RC;-27216.370000000000000;
202512;2066;1974000192;COTAS;4600880.453890000000000;
202512;1972;2007000229;COTAS;9287749.757362000000000;
202512;1911;2009003365;COTAS;4206019.058940000000000;26304143000180
202512;1972;9970000000;COTAS;475603.354809000000000;
202512;1674;2016000783;COTAS;397875.989773000000000;
202512;1972;9970000000;COTAS;1285533.235277000000000;
202512;1688;1979002274;COTAS;28844173.989999000000000;
202512;1852;1985001047;COTAS;158089526.069168000000000;
202512;1911;2009003365;COTAS;3621840.121627000000000;36521640000194
202512;2066;9970000000;CAIXA;101416.020000000000000;
202512;2083;1973000156;IMOVEIS;693530806.970000000000000;
202512;1852;1985001047;COTAS;85620807.288881000000000;42287704000137
202512;1674;2015000356;COTAS;4621713.343293000000000;
202512;2231;2008003019;COTAS;137204.893243000000000;
202512;1674;2016000783;COTAS;1057720.511785000000000;
202512;1715;9970000000;COTAS;5014867.067261000000000;
202512;1911;1999002156;COTAS;1450919.080815000000000;36521640000194
202512;2258;2008000338;VL_PG_RC;-23748.750000000000000;
202512;2258;2009001656;COTAS;442675.893923000000000;
202512;2231;2010002229;COTAS;2041400.354590000000000;
202512;1911;2000006183;CAIXA;6979.500000000000000;
202512;1674;2019001918;COTAS;3876544.148363000000000;
202512;2231;2011001218;IMOVEIS;3495831.560000000000000;
202512;2258;2010001338;COTAS;3519300.269922000000000;50620435000107
202512;1991;1980000565;COTAS;287664123.821128000000000;
202512;1729;1990001092;COTAS;15917887.703727000000000;
202512;1911;1999002156;COTAS;29368725.136691000000000;50069086000187
202512;1746;1982003065;TIT_PRIV;13960647.000000000000000;
202512;2004;9970000000;VL_PG_RC;-10338.780000000000000;
202512;2258;2012001092;CAIXA;7109.030000000000000;
202512;1911;2013001274;COTAS;255743.316538000000000;
202512;1911;2013001274;COTAS;399117.499302000000000;26304143000180
202512;1911;2015000674;COTAS;6669686.730042000000000;54366569000102
202512;1911;2018001711;COTAS;4459456.840507000000000;57235960000158
202512;1911;9970000000;COTAS;1809381.834499000000000;52277799000161
202512;2258;2017001538;CAIXA;5544.960000000000000;
202512;1911;2009003365;COTAS;11636666.844226000000000;50069086000187
202512;1911;2007001292;COTAS;2610655.090542000000000;21791224000139
202512;1911;9970000000;VL_PG_RC;-0.010000000000000;
202512;1924;1989000274;CAIXA;5389.210000000000000;
202512;1924;1989000347;COTAS;2444996.982275000000000;
202512;2083;1999005211;COTAS;109377114.985420000000000;28849695000108
202512;1763;1990000819;COTAS;9149131.340765000000000;
202512;2258;1990000118;COTAS;47776056.720714000000000;07892341000168
202512;1924;1989000347;COTAS;4236713.373178000000000;
202512;1688;1979002274;TIT_PRIV;8970397.620000000000000;
202512;1911;2009003365;VL_PG_RC;-16821.810000000000000;
202512;1924;2008003711;VL_PG_RC;-63026.800000000000000;
202512;1911;2000006183;COTAS;216811534.492646000000000;50069086000187
202512;2258;2017001619;COTAS;3387071.410894000000000;50634860000155
202512;1911;2013001274;COTAS;315324.051991000000000;25401546000185
202512;2083;2011002192;COTAS;2106247.718724000000000;03573959000104
202512;1763;1990000819;COTAS;18605841.901045000000000;
202512;1969;1981000356;CAIXA;81134.970000000000000;
202512;1883;2006003356;COTAS;4686561.600000000000000;
202512;1911;2015000674;CAIXA;267.480000000000000;
202512;2258;2018001256;COTAS;165733063.925703000000000;50620290000144
202512;2083;2012000274;COTAS;4219322.927137000000000;09296055000165
202512;1763;9970000000;COTAS;1838372.646272000000000;
202512;2083;2012000274;OPERACAO_PARTICIPANTE;46645.270000000000000;
202512;1674;2016000783;COTAS;10113286.729192000000000;
202512;1972;9970000000;VL_PG_RC;-80.600000000000000;
202512;2018;1980001065;TIT_PUB;726621749.300000000000000;
202512;1991;1980000565;CAIXA;8119.800000000000000;
202512;1911;2007001292;COTAS;982608.567690000000000;52277799000161
202512;1729;1990001092;COTAS;103022059.740003000000000;29092126000115
202512;2258;1992000492;CAIXA;21.650000000000000;
202512;1688;9970000000;VL_PG_RC;-3338.250000000000000;
202512;1674;2016000783;COTAS;176488.705843000000000;
202512;2018;2016001811;VL_PG_RC;-1750.260000000000000;
202512;2021;1979001138;COTAS;43833171.931829000000000;
202512;1911;2015000674;COTAS;3026648.476797000000000;
202512;1911;2015000674;COTAS;8599868.579585000000000;52277799000161
202512;1924;1989000274;COTAS;146166652.484450000000000;15060252000183
202512;1674;2016000783;COTAS;416423.056316000000000;
202512;1911;1992001618;TIT_PUB;6278871.200000000000000;
202512;1701;1999000838;COTAS;4126039.128364000000000;
202512;1781;2019002711;COTAS;3811474.886701000000000;49766087000100
202512;1911;2005004847;COTAS;938703.180708000000000;
202512;1911;1994001992;COTAS;2961913.414302000000000;52277799000161
202512;1794;1981001956;VL_PG_RC;4385527.780000000000000;
202512;2258;2019000318;CAIXA;657.260000000000000;
202512;1911;2018001711;COTAS;9361860.403734000000000;50069086000187
202512;1911;2006001411;COTAS;6702871.309354000000000;26304143000180
202512;1924;1989000347;VL_PG_RC;-15876.200000000000000;
202512;1852;1985001047;COTAS;423255237.876357000000000;11121992000121
202512;1729;9970000000;CAIXA;204166.280000000000000;
202512;2052;9970000000;COTAS;515888.759983000000000;
202512;2231;2011001218;TIT_PUB;21699024.460000000000000;
202512;2258;2019000318;COTAS;13182.421878000000000;
202512;1674;2019001918;COTAS;1351457.813021000000000;
202512;1991;1996003119;VL_PG_RC;-13459.070000000000000;
202512;2258;1992000565;COTAS;21925916.656671000000000;50620290000144
202512;2258;2019000318;COTAS;16949690.297706000000000;50634860000155
202512;2231;2013001665;COTAS;236328.972409000000000;
202512;2258;2019001292;COTAS;74.711100000000000;
202512;1852;1985001047;COTAS;2379398514.916503000000000;58332017000126
202512;2258;2019001756;COTAS;4840.615927000000000;
202512;2231;2019003074;CAIXA;49195.900000000000000;
202512;1991;9970000000;CAIXA;6750.420000000000000;
202512;1924;1989000347;COTAS;5450034.656645000000000;
202512;2083;2019002329;CAIXA;28800.000000000000000;
202512;1991;9970000000;VL_PG_RC;-2688.170000000000000;
202512;1911;1997003211;COTAS;28494116.597507000000000;36521640000194
202512;2018;1980001065;IMOVEIS;31399574.020000000000000;
202512;1911;1999002156;CAIXA;82897.530000000000000;
202512;1924;1989000347;COTAS;89318554.443671000000000;15060253000128
202512;1674;2016000783;TIT_PUB;769407.040000000000000;
202512;2258;1981001565;COTAS;3386445.189266000000000;50620572000141
202512;2258;1992000719;TIT_PUB;345558164.020000000000000;
202512;2071;1986000583;VL_PG_RC;80459.280000000000000;
202512;1674;2019001918;COTAS;4759045.626860000000000;
202512;2258;1989000118;COTAS;39438142.887589000000000;50625158000125
202512;2258;1993002847;COTAS;5541448.017305000000000;50620572000141
202512;2018;1980001065;OPERACAO_PARTICIPANTE;10559705.410000000000000;
202512;2258;2019001756;COTAS;5678220.530646000000000;50634860000155
202512;2083;1973000156;COTAS;21470152.116523000000000;00856171000117
202512;1924;2008003711;COTAS;323930579.577921000000000;15060252000183
202512;2083;2019002329;COTAS;172654259.999784000000000;05170419000105
202512;1911;1999002156;COTAS;95264.015963000000000;
202512;2018;2016001811;CAIXA;0.000000000000000;
202512;1911;2005004847;VL_PG_RC;-11499.710000000000000;
202512;1701;1999000838;COTAS;2499822.496044000000000;
202512;1701;1999000838;COTAS;212767051.942280000000000;31389791000117
202512;2258;2019001756;VL_PG_RC;-6852.060000000000000;
202512;1674;2019001918;COTAS;1137392.326786000000000;
202512;2258;1989000118;VL_PG_RC;-91052.220000000000000;
202512;1969;1999004019;COTAS;248770647.562262000000000;21596653000155
202512;1883;2006003356;COTAS;90565022.735032000000000;
202512;1746;1982003065;COTAS;4723255.141136000000000;
202512;1911;2006001411;COTAS;4742682.830209000000000;
202512;2258;1990000118;COTAS;5192097.477159000000000;
202512;1911;2006005847;COTAS;3060057.045394000000000;
202512;1674;2019001918;COTAS;250247.268831000000000;
202512;1883;2006003356;COTAS;91659982.431570000000000;
202512;1746;1982003065;TIT_PUB;501840334.480000000000000;
202512;2258;1993003811;CAIXA;925.640000000000000;
202512;1781;1904000118;VL_PG_RC;-119593.510000000000000;
202512;1911;1992001618;COTAS;419650.189981000000000;25401546000185
202512;1715;1979000174;CAIXA;76501.110000000000000;
202512;2083;1973000156;COTAS;175697353.891509000000000;41881531000118
202512;1972;2007000229;OPERACAO_PARTICIPANTE;1167978.260000000000000;
202512;2083;1999005211;CAIXA;401148.990000000000000;
202512;2083;2019002329;COTAS;1707958.992627000000000;11308040000111
202512;2021;1991001274;VL_PG_RC;1628522.440000000000000;
202512;1781;1998003574;COTAS;2542679459.642157000000000;49766341000161
202512;1715;1979000174;COTAS;8742596.948196000000000;
202512;1972;9970000000;COTAS;60098.550432000000000;
202512;2258;1992000565;TIT_PUB;36905544.930000000000000;
202512;1911;2006005847;COTAS;1750510.884453000000000;
202512;1991;1980000565;COTAS;441745843.201657000000000;35153518000140
202512;1911;2007001292;COTAS;1357505.353365000000000;26304143000180
202512;2083;2020000229;COTAS;28192955.702196000000000;09296055000165
202512;2083;1999005211;COTAS;1039421283.672469000000000;09296055000165
202512;1674;2019001918;COTAS;3228539.218827000000000;
202512;1991;1980000565;IMOVEIS;2501874.560000000000000;
202512;1911;2009003365;COTAS;915941.950000000000000;57235960000158
202512;1781;2019002711;COTAS;2004818.594182000000000;49767385000106
202512;2083;1999005211;COTAS;77553584.321076000000000;11308040000111
202512;2258;1993003811;COTAS;127726989.437066000000000;50620290000144
202512;1781;2019002711;TIT_PUB;54465891.240000000000000;
202512;1688;2021000338;CAIXA;32.200000000000000;
202512;1911;2018001711;OPERACAO_PARTICIPANTE;3820745.238750024200000;
202512;1911;1998005518;CAIXA;17600.400000000000000;
202512;1911;2006001411;COTAS;3271221.250000000000000;57235960000158
202512;1701;1999000838;COTAS;3313712.783676000000000;
202512;1911;2000006183;COTAS;76288919.183097000000000;
202512;1688;2021000419;CAIXA;2070.010000000000000;
202512;1781;9970000000;COTAS;2201857.283372000000000;
202512;2018;1980001065;COTAS;3135831.392004000000000;
202512;2258;1994001429;CAIXA;0.540000000000000;
202512;2258;2019003392;CAIXA;0.000000000000000;
202512;2083;2020000229;COTAS;2738360.019894000000000;11308040000111
202512;2258;1994001429;COTAS;21240916.617077000000000;50634601000124
202512;2083;2020000229;OPERACAO_PARTICIPANTE;11548964.470776360600000;
202512;1715;2008004619;COTAS;24908974.413431000000000;
202512;2258;2019003392;COTAS;27.487037000000000;
202512;1911;2000006183;COTAS;6547871.133726000000000;
202512;1688;9970000000;CAIXA;15660.550000000000000;
202512;2083;2011002192;COTAS;154160395.092498000000000;05170419000105
202512;1924;2008003711;COTAS;20912742.304249000000000;
202512;1924;2008003711;COTAS;12655375.993673000000000;
202512;2258;1993000992;COTAS;35682091.144854000000000;50625158000125
202512;1701;1999000838;COTAS;6993942.262001000000000;
202512;2083;9970000000;COTAS;67948401.761880000000000;00856171000117
202512;1924;9970000000;COTAS;196451.886369000000000;
202512;1715;9970000000;COTAS;2058282.483283000000000;
202512;1924;9970000000;COTAS;1612530.092407000000000;15044971000100
202512;2083;2011002192;OPERACAO_PARTICIPANTE;723349.750023507400000;
202512;2258;2020001111;COTAS;25709236.460151000000000;51059511000110
202512;1701;9970000000;COTAS;1201496.868692000000000;11960212000137
202512;2258;1993000992;COTAS;7651284.950290000000000;50634860000155
202512;1729;1990001092;COTAS;129292795.470000000000000;15259169000138
202512;1701;9970000000;VL_PG_RC;-73.270000000000000;
202512;2018;9970000000;COTAS;10551978.278142000000000;
202512;1746;1982003065;CAIXA;10990.900000000000000;
202512;2107;9970000000;CAIXA;63592.520000000000000;
202512;2258;1994001747;CAIXA;202298.500000000000000;
202512;2138;9970000000;CAIXA;493.490000000000000;
202512;2258;1994003138;COTAS;110536.007409000000000;
202512;1715;1979000174;COTAS;8154991.659444000000000;
202512;2258;2020001111;VL_PG_RC;-64720.920000000000000;
202512;1911;9970000000;CAIXA;1960.240000000000000;
202512;1781;9970000000;COTAS;52363698.272358000000000;49766712000105
202512;1969;1999004019;COTAS;10452725.234629000000000;
202512;1972;2005001783;COTAS;2912880.001522000000000;
202512;2258;1995000183;COTAS;1368673.204348000000000;51059284000122
202512;1715;1979000174;COTAS;5247790.148657000000000;
202512;1746;1982003065;COTAS;453991.847593000000000;
202512;2169;1972000111;COTAS;48659778.945084000000000;
202512;2083;2012000274;TIT_PRIV;0.540000000000000;
202512;1715;2008004619;COTAS;971080.377385000000000;
202512;2258;1996002147;CAIXA;1014.460000000000000;
202512;1715;1979000174;COTAS;5319192.131920000000000;
202512;2169;1999000374;COTAS;10313447.121937000000000;
202512;2258;2021000974;COTAS;235540851.565229000000000;50620290000144
202512;1715;2008004619;COTAS;27806171.278772000000000;
202512;1972;2005001783;VL_PG_RC;-13523.730000000000000;
202512;2021;2013001118;COTAS;8731543.332470000000000;
202512;1972;2005001783;COTAS;12680798.153979000000000;
202512;2169;1999000374;OPERACAO_PARTICIPANTE;3807850.480083212700000;
202512;2169;9970000000;COTAS;2280214.181431000000000;
202512;1781;9970000000;VL_PG_RC;-22408.670000000000000;
202512;1804;9970000000;CAIXA;16654.970000000000000;
202512;2258;2021000974;COTAS;33590954.053185000000000;50620819000120
202512;2258;2021000974;OPERACAO_PARTICIPANTE;2957923.477300000000000;
202512;2172;2020000865;CAIXA;233145.560000000000000;
202512;2292;1998002756;CAIXA;283260.000000000000000;
202512;1818;2002000174;VL_PG_RC;0.000000000000000;
202512;2231;1982002638;TIT_PUB;679754.080000000000000;
202512;2292;1998002829;COTAS;3582457.167654000000000;
202512;1924;1989000274;COTAS;26923599.464130000000000;
202512;2231;1982002719;COTAS;112049.291276000000000;
202512;1911;2006005847;COTAS;57822.290938000000000;54366569000102
202512;2258;1993002847;COTAS;124059.434120000000000;
202512;2292;1998002829;COTAS;1858999.415388000000000;
202512;1852;1985001047;COTAS;479329785.276775000000000;11419800000168
202512;2141;1980001219;CAIXA;26991.540000000000000;
202512;2292;1998002829;COTAS;3081533.915669000000000;
202512;1883;1988001056;COTAS;22277197.888540000000000;
202512;1763;1990000819;CAIXA;89637.390000000000000;
202512;2258;1993003029;COTAS;14616.399032000000000;
202512;1924;1989000274;COTAS;506829294.363728000000000;15102065000115
202512;1883;1988001056;VL_PG_RC;-5773.070000000000000;
202512;1911;2008003183;COTAS;4685452.612041000000000;25401546000185
202512;2258;1993003029;COTAS;10636220.464628000000000;50625158000125
202512;1924;1989000347;COTAS;21332340.329365000000000;15060248000115
202512;2155;1985000938;COTAS;50776837.010773000000000;38090040000144
202512;1911;1997003211;COTAS;17143341.856248000000000;25401546000185
202512;1763;1990000819;COTAS;61114913.127017000000000;17339084000195
202512;2292;1998002829;COTAS;25098195.167655000000000;61521870000109
202512;1924;2008003711;COTAS;124942947.580836000000000;15060248000115
202512;1911;1997003211;COTAS;3732944.495647000000000;42479278000133
202512;2258;1998005356;COTAS;9955506.225526000000000;50620435000107
202512;2292;2016000392;COTAS;974165.219350000000000;
202512;1911;1998004147;COTAS;47695.239326000000000;
202512;2258;1994001356;CAIXA;0.000000000000000;
202512;1972;2007000229;COTAS;17971655.741826000000000;
202512;1911;2000006183;COTAS;53895067.365316000000000;52277799000161
202512;2021;2013001118;VL_PG_RC;0.000000000000000;
202512;1715;1979000174;COTAS;47284798.520592000000000;
202512;2258;1998006956;COTAS;110202814.069704000000000;50620290000144
202512;2292;2018002538;COTAS;29533.538781000000000;
202512;2258;1995000183;VL_PG_RC;-95242.000000000000000;
202512;1715;2008004619;COTAS;23104224.994933000000000;
202512;2066;1974000192;COTAS;483710.790712000000000;
202512;1972;2007000229;COTAS;1715600.408751000000000;
202512;2231;1992000956;TIT_PUB;17846509.460000000000000;
202512;2169;1999000374;CAIXA;83723.330000000000000;
202512;1715;9970000000;COTAS;521601.032724000000000;
202512;2021;9970000000;CAIXA;13342.670000000000000;
202512;1969;9970000000;VL_PG_RC;-2.990000000000000;
202512;2258;1996000829;CAIXA;376594.580000000000000;
202512;1972;2005001783;COTAS;35872620.436894000000000;15166133000100
202512;1746;1982003065;COTAS;14413551.985586000000000;
202512;1715;2008004619;COTAS;26055709.523124000000000;
202512;1763;1990000819;COTAS;4792520.986162000000000;
202512;2172;2020000865;VL_PG_RC;-1430.320000000000000;
202512;2066;1974000192;COTAS;42236852.725514000000000;
202512;2213;1991002483;COTAS;228769323.329999000000000;28581086000102
202512;2258;1996002147;COTAS;228229.978271000000000;
202512;1972;2005001783;COTAS;70250481.154474000000000;36945569000177
202512;2258;1999002229;CAIXA;44391.400000000000000;
202512;2292;2018002538;COTAS;483093.227594000000000;
202512;1972;2007000229;COTAS;27299970.119633000000000;
202512;2258;2003002911;COTAS;56165.466580000000000;
202512;1715;9970000000;COTAS;1417397.737434000000000;
202512;1911;2013001274;COTAS;13016.936122000000000;54366569000102
202512;2213;1991002483;VL_PG_RC;-22022.090000000000000;
202512;1781;1980000174;COTAS;51770600.000000000000000;
202512;2302;1988000319;CAIXA;53457583.900000000000000;
202512;2066;1974000192;COTAS;39576717.891956000000000;
202512;1763;1990000819;COTAS;9171531.200961000000000;
202512;2231;1992000956;COTAS;79740.973936000000000;
202512;2083;1973000156;COTAS;39016237.229858000000000;03256787000145
202512;2302;1988000483;COTAS;704957265.506225000000000;14399804000110
202512;1991;2017000892;CAIXA;28703.680000000000000;
202512;2302;1988002011;OPERACAO_PARTICIPANTE;1927306.360000000000000;
202512;2231;1994001518;COTAS;9889.955399000000000;
202512;2071;9970000000;COTAS;390945.125192000000000;
202512;1911;2000006183;VL_PG_RC;-368409.270000000000000;
202512;1991;2017000892;COTAS;9846930.068318000000000;
202512;2258;2003003029;COTAS;113090295.803091000000000;50625158000125
202512;2231;1994001518;CAIXA;7468.060000000000000;
202512;1911;2006001411;COTAS;11249406.113445000000000;36521640000194
202512;2018;1980001065;VL_PG_RC;490143.990000000000000;
202512;2083;2020000229;COTAS;3742016.510695000000000;28849695000108
202512;2083;1973000156;CAIXA;1859.360000000000000;
202512;2231;1994001518;COTAS;10841.177588000000000;
202512;1911;2018001711;COTAS;3803806.158064000000000;54366569000102
202512;1972;2007000229;VL_PG_RC;-3088.360000000000000;
202512;1924;1989000347;COTAS;4274066.345485000000000;
202512;1763;1990000819;IMOVEIS;5729000.000000000000000;
202512;2083;9970000000;VL_PG_RC;0.000000000000000;
202512;1924;1989000347;COTAS;88539594.650574000000000;15044971000100
202512;1781;1980000174;COTAS;1582647087.487347000000000;35302796000111
202512;2138;1981001311;VL_PG_RC;-73496.070000000000000;
202512;1781;1980000174;ACOES;52387498121.070000000000000;
202512;2258;1996002147;COTAS;29250951.076394000000000;50620290000144
202512;2021;2013001118;IMOVEIS;13284.220000000000000;
202512;1911;2006005847;COTAS;336929.361786000000000;52277799000161
202512;1924;2008003711;COTAS;21748649.864092000000000;
202512;2258;2003003029;VL_PG_RC;-77218.060000000000000;
202512;1781;1980000174;COTAS;27953717.220000000000000;
202512;1911;2007001292;COTAS;1613325.288312000000000;25401546000185
202512;2316;9970000000;COTAS;2162981.047297000000000;
202512;1715;9970000000;COTAS;2261288.137110000000000;
202512;2333;2019000938;OPERACAO_PARTICIPANTE;6986143.020000000000000;
202512;2258;1997004356;VL_PG_RC;-230047.190000000000000;
202512;2422;1994003911;OPERACAO_PARTICIPANTE;24981.704139539100000;
202512;2066;1974000192;COTAS;230410628.463478000000000;
202512;1729;1990001092;COTAS;5293924.782199000000000;
202512;1781;1980000174;OPCOES;-765691734.430000000000000;
202512;1991;1980000565;COTAS;32341126.680273000000000;
202512;2258;2006001647;COTAS;90078422.164373000000000;50634860000155
202512;1991;2017000892;COTAS;4964582.924097000000000;
202512;1781;1998003574;COTAS;3520205939.311935000000000;61836671000181
202512;2083;1999005211;OPERACAO_PARTICIPANTE;838849373.705075203400000;
202512;2021;1979001138;OPERACAO_PARTICIPANTE;2915.080012978300000;
202512;1781;2019002711;COTAS;146745293.676395000000000;49766712000105
202512;2052;1990000983;VL_PG_RC;0.000000000000000;
202512;2258;2006006411;VL_PG_RC;-20917.280000000000000;
202512;2525;2009003756;COTAS;24792956.178063000000000;
202512;1729;1990001092;VL_PG_RC;-68703.550000000000000;
202512;2231;1994001518;COTAS;59435.767378000000000;
202512;1781;1998003574;CAIXA;1096099.940000000000000;
202512;2083;2011002192;COTAS;11837362.769059000000000;09296055000165
202512;1781;1998003574;COTAS;678807413.270005000000000;49766087000100
202512;2525;2023000556;COTAS;6573501.687584000000000;05194813000183
202512;2052;9970000000;CAIXA;138066.570000000000000;
202512;2231;1994001518;IMOVEIS;503494.180000000000000;
202512;2231;2011001218;OPERACAO_PARTICIPANTE;1574993.190000000000000;
202512;2231;2008003019;COTAS;9527.678560000000000;
202512;1969;1981000356;OPERACAO_PARTICIPANTE;7927238.550000000000000;
202512;1781;1998003574;COTAS;2146256443.793971000000000;49766712000105
202512;2258;2007003465;COTAS;2184052.538076000000000;50620435000107
202512;2258;1998002365;COTAS;260626.720519000000000;
202512;1969;1999004019;COTAS;19406805.600000000000000;59196694000127
202512;2141;1980001219;VL_PG_RC;322591.670000000000000;
202512;1804;1988001838;COTAS;8057289.900023000000000;
202512;2066;1974000192;COTAS;24411394.745762000000000;
202512;1781;2019002711;VL_PG_RC;-330.780000000000000;
202512;2083;2012000274;COTAS;1755771.981232000000000;35600762000103
202512;2525;9970000000;VL_PG_RC;-161517.000000000000000;
202512;1991;1980000565;VL_PG_RC;-191271.290000000000000;
202512;2066;1974000192;COTAS;59827313.667575000000000;
202512;1781;9970000000;COTAS;1474783330.765420000000000;11328936000162
202512;2155;1985000938;OPERACAO_PARTICIPANTE;8751900.050000000000000;
202512;2231;2012001947;COTAS;592631.383655000000000;
202512;2066;9970000000;VL_PG_RC;0.000000000000000;
202512;2004;1987001729;CAIXA;1438.480000000000000;
202512;1732;9970000000;VL_PG_RC;-304.770000000000000;
202512;2556;1998007618;OPERACAO_PARTICIPANTE;51093053.447733000000000;
202512;2018;1980001065;ACOES;15581271.780000000000000;
202512;2231;2013001665;COTAS;10351302.749047000000000;44900441000115
202512;2018;1980001065;COTAS;13127904.323479000000000;
202512;2169;1972000111;COTAS;18002036.336861000000000;
202512;2021;1979001138;CAIXA;399732.310000000000000;
202512;2561;2014000174;COTAS;143256962.628329000000000;
202512;2561;2014001219;COTAS;39377313.019670000000000;
202512;2659;2000002447;COTAS;12635855.996379000000000;
202512;2659;2000002447;COTAS;12064312.666094000000000;
202512;2659;2000002447;COTAS;5015257.409507000000000;
202512;2659;2000002447;OPERACAO_PARTICIPANTE;54277893.862668836800000;
202512;2659;9970000000;VL_PG_RC;-0.010000000000000;
202512;2693;2021001938;COTAS;153787.662464000000000;
202512;2693;2021001938;COTAS;874958.470192000000000;06877846000190
202512;2721;9970000000;VL_PG_RC;-4674.570000000000000;
202512;2796;1993002529;COTAS;19257817.847116000000000;26218376000160
202512;2811;1993002774;COTAS;1816.606869000000000;
202512;2811;1993002774;COTAS;6725799.503223000000000;
202512;2823;1994000392;COTAS;440644.282117000000000;
202512;2823;1994000465;COTAS;41909046.381845000000000;
202512;2823;2009000218;VL_PG_RC;0.000000000000000;
202512;2841;2005004529;COTAS;282892726.831480000000000;50819097000137
202512;2841;2005004611;CAIXA;637171.250000000000000;
202512;2841;2005004611;COTAS;83919080.273434000000000;51983612000182
202512;223;2011000874;COTAS;9466.749246000000000;
202512;2841;4028410029;CAIXA;56681.990000000000000;
202512;2854;2022000447;CAIXA;888.760000000000000;
202512;223;2011000874;COTAS;22574578.626524000000000;
202512;2854;2022000447;VL_PG_RC;-1301.350000000000000;
202512;223;9970000000;COTAS;20904521.075589000000000;
202512;237;1979000492;COTAS;20631.240000000000000;
202512;237;1979000492;COTAS;30209646.512273000000000;
202512;2909;1993003411;COTAS;1403575497.856356000000000;34867797000140
202512;237;1981000119;COTAS;159900.867104000000000;
202512;2912;1993003738;COTAS;4373421.012492000000000;08830058000174
202512;237;1982000147;COTAS;7548431.867510000000000;
202512;2912;1993003738;COTAS;5735573.104360000000000;09564278000166
202512;237;1982000147;COTAS;325264.981788000000000;42120328000191
202512;237;1982000147;COTAS;1729794.178798000000000;47227862000115
202512;237;1982000147;VL_PG_RC;2981533.000000000000000;
202512;237;2005002283;COTAS;2009455.702994000000000;
202512;2912;1993003738;OPERACAO_PARTICIPANTE;224118.750000000000000;
202512;237;2005002283;COTAS;12781980.935051000000000;
202512;2931;1994000211;COTAS;11359566.560000000000000;
202512;237;2007000792;COTAS;3553740.199445000000000;
202512;2931;1994000211;COTAS;123805560.484447000000000;
202512;237;2007000792;COTAS;54750977.510932000000000;
202512;2931;1994000211;COTAS;45546000.642649000000000;
202512;237;2007000865;COTAS;535037.246514000000000;
202512;2931;1994000211;COTAS;3103450.168420000000000;
202512;237;2007001047;COTAS;1960335.333241000000000;
202512;237;2007002574;COTAS;663416.264574000000000;
202512;237;2007002647;COTAS;187589.653522000000000;
202512;237;2007003147;COTAS;2182076.929185000000000;08944896000179
202512;2258;1998002365;COTAS;178253312.902895000000000;50625158000125
202512;1911;2015000674;COTAS;5517517.373442000000000;
202512;2991;1994002492;ACOES;2537.880000000000000;
202512;2258;1999003829;CAIXA;0.000000000000000;
202512;1911;2015000674;COTAS;19939818.324410000000000;50069086000187
202512;2991;1994002492;COTAS;9541011.988329000000000;
202512;2991;1994002492;COTAS;10939177.946976000000000;
202512;2991;1994002492;COTAS;9662355.058154000000000;
202512;2258;1999003829;COTAS;9646701.561861000000000;50620819000120
202512;2258;2000004474;COTAS;517225.450031000000000;
202512;1818;2002000174;COTAS;74866210.829999000000000;19941829000117
202512;2258;2000004474;COTAS;149977835.943800000000000;50625158000125
202512;2083;2019002329;COTAS;6539270.772720000000000;03573959000104
202512;2169;1999000374;COTAS;10290279.145128000000000;
202512;2066;1974000192;CAIXA;736311.390000000000000;
202512;2991;1994002492;VL_PG_RC;-10666922.700000000000000;
202512;2258;2005005347;CAIXA;15635.560000000000000;
202512;2083;1973000156;TIT_PRIV;114956436.140000000000000;
202512;2231;2008003019;COTAS;4237.324663000000000;
202512;2258;2006000683;COTAS;24696011.894889000000000;50620435000107
202512;1972;2005001783;COTAS;25108311.635090000000000;
202512;2066;1974000192;COTAS;315079230.876190000000000;
202512;3023;1979003718;CAIXA;3958301.600000000000000;
202512;2231;2014001383;COTAS;218965.351328000000000;
202512;2169;1999000374;COTAS;70222296.712128000000000;
202512;2231;2018002074;COTAS;25326.225182000000000;
202512;3037;1994001119;COTAS;4869469.183181000000000;
202512;1821;1980002274;COTAS;528007298.290000000000000;59982664000146
202512;2213;1991002483;OPERACAO_PARTICIPANTE;4304919.210100388400000;
202512;1972;2005001783;COTAS;7443684.278622000000000;
202512;1818;2002000174;COTAS;157034063.790001000000000;19941813000104
202512;2083;2019002329;VL_PG_RC;-74212.980000000000000;
202512;2066;1974000192;COTAS;769553.525997000000000;
202512;2231;2019003074;COTAS;103480.160454000000000;
202512;2258;2009001656;COTAS;5801397.374943000000000;50620435000107
202512;2066;1974000192;COTAS;64915552.685515000000000;
202512;3037;1994001119;COTAS;857779.408189000000000;
202512;2231;1979003483;OPERACAO_PARTICIPANTE;0.000000000000000;
202512;2231;1987000511;OPERACAO_PARTICIPANTE;0.000000000000000;
202512;1852;9970000000;VL_PG_RC;-804.460000000000000;
202512;2231;2019003074;COTAS;512652.396442000000000;
202512;2231;1987000511;TIT_PUB;755318.860000000000000;
202512;1852;9970000000;COTAS;22067492.087147000000000;58332017000126
202512;2083;1999005211;COTAS;0.000000000000000;
202512;2083;2020000229;CAIXA;5220.000000000000000;
202512;2083;2012000274;COTAS;1531635.899969000000000;16569908000150
202512;2258;2012001092;COTAS;63734216.682831000000000;50625158000125
202512;3037;1994001119;COTAS;46296624.664485000000000;
202512;1972;9970000000;CAIXA;64934.970000000000000;
202512;2066;1974000192;COTAS;7039720.279440000000000;
202512;2083;2020000229;COTAS;1029330.624785000000000;34792991000104
202512;2258;2012001165;COTAS;196695.642893000000000;
202512;1972;9970000000;COTAS;7108719.401708000000000;04822511000140
202512;3037;1994001119;COTAS;20356624.500377000000000;
202512;2083;1995002356;VL_PG_RC;-15251.090000000000000;
202512;2258;1981001565;COTAS;4008254.076924000000000;50634860000155
202512;2004;9970000000;CAIXA;464.550000000000000;
202512;3037;1994001119;VL_PG_RC;4109.020000000000000;
202512;2258;2012001319;COTAS;3910.189231000000000;
202512;2066;1974000192;TIT_PUB;58786661.130000000000000;
202512;3099;1997000318;COTAS;6750684.862848000000000;
202512;2018;1980001065;COTAS;8187875.105508000000000;
202512;3099;1999004647;COTAS;369538.520000000000000;
202512;2071;1986000583;COTAS;172208210.797305000000000;04885601000180
202512;1911;2018001711;COTAS;1943959.983365000000000;52277799000161
202512;3099;1999004647;VL_PG_RC;-216.140000000000000;
202512;2231;2008003019;COTAS;7462295.592517000000000;
202512;3099;1999005392;OPERACAO_PARTICIPANTE;2080253.849955919600000;
202512;1883;1988001056;TIT_PUB;285143839.580000000000000;
202512;2083;2020000229;COTAS;11302836.574190000000000;35600762000103
202512;2018;2016001811;OPERACAO_PARTICIPANTE;514668.360000000000000;
202512;3099;1999005465;OPERACAO_PARTICIPANTE;7424125.559742847100000;
202512;2258;2015000518;VL_PG_RC;-59176.010000000000000;
202512;3126;1993001492;COTAS;27193628.165598000000000;
202512;2258;1989000118;COTAS;2938799.801166000000000;50620435000107
202512;2021;1979001138;IMOVEIS;118685.200000000000000;
202512;3126;1995000711;COTAS;4954481.300973000000000;
202512;1781;1904000118;CAIXA;41839.350000000000000;
202512;3126;1995001147;COTAS;4205940.735053000000000;
202512;2258;1989000738;CAIXA;15557.030000000000000;
202512;2083;2020001438;COTAS;172404013.120757000000000;05170419000105
202512;2258;1990000118;COTAS;1551898.886137000000000;
202512;2258;1990000118;COTAS;36881689.047349000000000;04052631000105
202512;2107;9970000000;TIT_PUB;235053.410000000000000;
202512;2021;1979001138;TIT_PUB;58759823.740000000000000;
202512;2231;1994001518;TIT_PUB;12854410.760000000000000;
202512;2083;2020001438;TIT_PRIV;27533327.930000000000000;
202512;2258;2015000811;CAIXA;1097099.710000000000000;
202512;2231;2010002229;COTAS;79529643.535269000000000;44703483000166
202512;1911;2018001711;VL_PG_RC;-28663.070000000000000;
202512;1883;2006003356;COTAS;29529246.284493000000000;
202512;2258;2015000811;COTAS;101286457.193764000000000;50620572000141
202512;1781;1904000118;COTAS;46196625.239857000000000;49766712000105
202512;2258;2016001119;COTAS;1476793.281260000000000;50620290000144
202512;2231;2010002474;COTAS;11895223.784426000000000;
202512;1883;2006003356;COTAS;6723216.000000000000000;
202512;2258;1990000118;COTAS;58714340.283906000000000;51059844000149
202512;1883;2006003356;COTAS;1661632.957200000000000;
202512;2258;1992000565;COTAS;4227018.666375000000000;50634601000124
202512;2258;2006001647;COTAS;9207244.114022000000000;
202512;1883;2006003356;COTAS;2233313.747522000000000;
202512;1781;1980000174;COTAS;9894081.000000000000000;
202512;2141;9970000000;VL_PG_RC;0.000000000000000;
202512;1781;1980000174;COTAS;51774179.440000000000000;
202512;2138;1981001311;CAIXA;23392.840000000000000;
202512;1911;1992001618;OPERACAO_PARTICIPANTE;53935.460000000000000;
202512;2258;2017001074;COTAS;45335.151675000000000;
202512;3126;1995001147;COTAS;19006438.726228000000000;
202512;3126;1995002674;COTAS;2709437.921875000000000;
202512;2071;1986000583;TIT_PUB;13201712.950000000000000;
202512;2231;1982002719;CAIXA;49057.280000000000000;
202512;2258;1992000719;OPERACAO_PARTICIPANTE;94141.320000000000000;
202512;1911;1994001992;VL_PG_RC;-16795.830000000000000;
202512;2258;2017001538;COTAS;1326623.857121000000000;50620819000120
202512;2231;2010002474;COTAS;6174199.690467000000000;
202512;3126;1995002674;COTAS;2382827.301692000000000;
202512;2258;2006003283;COTAS;29575536.688713000000000;50620290000144
202512;2258;1993002847;VL_PG_RC;-70374.210000000000000;
202512;1911;1997003211;COTAS;17188286.793939000000000;26304143000180
202512;2141;9970000000;CAIXA;2000.000000000000000;
202512;2155;1985000938;CAIXA;76967.140000000000000;
202512;2231;1982002719;COTAS;128754.224165000000000;
202512;1911;1992001618;COTAS;47581.400000000000000;57235960000158
202512;1911;1994001992;COTAS;1869960.124263000000000;26304143000180
202512;3126;1997000938;VL_PG_RC;-36499.900000000000000;
202512;2258;1993003029;COTAS;1652535.518787000000000;50620435000107
202512;2155;9970000000;CAIXA;13116.120000000000000;
202512;3126;1997001918;COTAS;85005838.304309000000000;
202512;1911;1998004147;COTAS;1596681.721307000000000;
202512;2155;9970000000;COTAS;950312.468590000000000;
202512;1911;1998004147;OPERACAO_PARTICIPANTE;31346.170000000000000;
202512;1924;1989000274;VL_PG_RC;-26862.180000000000000;
202512;2083;1999005211;COTAS;133711195.315882000000000;34792991000104
202512;1911;1998005518;OPERACAO_PARTICIPANTE;10808907.499497730300000;
202512;2231;1982002883;VL_PG_RC;-39488.490000000000000;
202512;2083;1973000156;VL_PG_RC;131594637.370000000000000;
202512;2258;1993003029;VL_PG_RC;-47646.610000000000000;
202512;2169;1999000374;VL_PG_RC;138532.040000000000000;
202512;2231;2008003019;CAIXA;1476.920000000000000;
202512;1911;1994001992;OPERACAO_PARTICIPANTE;125748.770100000000000;
202512;1924;2008003711;COTAS;314660582.178060000000000;15060253000128
202512;1911;2000006183;OPERACAO_PARTICIPANTE;13229062.714976211700000;
202512;1781;1980000174;IMOVEIS;12677725778.760000000000000;
202512;2231;2010002229;COTAS;114857.358869000000000;
202512;2258;1994003138;CAIXA;2837.810000000000000;
202512;1781;2019002711;COTAS;9886739.961780000000000;48400629000155
202512;1911;2005004847;COTAS;2715594.637761000000000;52277799000161
202512;2258;2007002418;COTAS;6440390.780604000000000;50620572000141
202512;3126;1997001918;COTAS;26499004.472635000000000;
202512;2258;2007002418;COTAS;693646.375562000000000;50641862000171
202512;3126;1999002318;COTAS;13602918.330259000000000;
202512;2258;2019002256;COTAS;57694557.537550000000000;50634860000155
202512;1924;9970000000;COTAS;1676129.225744000000000;15060252000183
202512;2258;1995000183;COTAS;140863.017820000000000;
202512;2169;1999000374;COTAS;1890.000000000000000;
202512;1911;1997003211;COTAS;86397264.112854000000000;50069086000187
202512;3126;2000007074;OPERACAO_PARTICIPANTE;1091662.980000000000000;
202512;2258;2019003211;COTAS;2035314.054668000000000;50620290000144
202512;2231;2011001218;CAIXA;51282.910000000000000;
202512;2258;2020001292;CAIXA;0.000000000000000;
202512;2083;1995002356;TIT_PUB;21799271.200000000000000;
202512;1911;2006001411;COTAS;9798660.949037000000000;21791224000139
202512;3126;2001001983;COTAS;13334554.847515000000000;
202512;2213;1991002483;COTAS;14681977.707038000000000;
202512;1911;1997003211;COTAS;254081.822845000000000;54366569000102
202512;2231;2010002229;COTAS;739192687.338246000000000;
202512;1804;1988001838;COTAS;43218639.260976000000000;
202512;2258;2010001656;COTAS;89773319.366006000000000;50620290000144
202512;2258;1996001329;CAIXA;4.360000000000000;
202512;1911;2006005847;COTAS;1532336.845915000000000;26304143000180
202512;2258;1996002147;COTAS;18744276.770768000000000;51059844000149
202512;2258;2020002019;COTAS;688115.620808000000000;50620435000107
202512;2258;1998005356;COTAS;290888216.861595000000000;50625158000125
202512;2258;2022003047;COTAS;60.864171000000000;
202512;2169;9970000000;CAIXA;73339.220000000000000;
202512;2258;2023001129;COTAS;1280620.313542000000000;50620435000107
202512;2213;1991002483;CAIXA;3835118.710000000000000;
202512;2231;2011001218;COTAS;134632.896445000000000;
202512;2231;2010002474;TIT_PUB;962665884.530000000000000;
202512;2083;2000008283;TIT_PRIV;221015.310000000000000;
202512;1911;1998004147;VL_PG_RC;-18972.880000000000000;
202512;2083;2011002265;COTAS;2018969.269595000000000;03573959000104
202512;1911;1998005518;COTAS;3139086.486675000000000;
202512;2213;1991002483;COTAS;79187554.540957000000000;
202512;3126;2005005811;COTAS;5823258.477908000000000;
202512;1818;2002000174;COTAS;907711263.410148000000000;02498096000195
202512;1852;1985001047;COTAS;507748731.790201000000000;01622154000188
202512;1969;1981000356;COTAS;15994380.542505000000000;
202512;2231;2011001218;COTAS;312577.083861000000000;
202512;2231;1982002638;VL_PG_RC;0.000000000000000;
202512;3126;2006001183;COTAS;102915780.620187000000000;
202512;2231;1982002719;COTAS;5578.304732000000000;
202512;2258;2010005783;COTAS;13242000.381981000000000;50625158000125
202512;2292;1998002829;COTAS;1546779.000000000000000;
202512;2083;2011002265;VL_PG_RC;-7434.200000000000000;
202512;2213;1991002483;COTAS;23677434.235989000000000;
202512;2231;2010002474;COTAS;4085163.797496000000000;
202512;1883;2006003356;CAIXA;54993.900000000000000;
202512;1911;1999002156;TIT_PUB;21306972.940000000000000;
202512;2231;1982002883;IMOVEIS;669706.140000000000000;
202512;3126;2006001183;COTAS;64739294.401616000000000;
202512;2231;2012001947;COTAS;2471469.308844000000000;
202512;1911;2000006183;COTAS;3714529.685418000000000;
202512;2083;2019002329;COTAS;7396736.927120000000000;35600762000103
202512;2258;1999000765;COTAS;21551684.754369000000000;50620290000144
202512;2231;2012001947;COTAS;3594298.900590000000000;
202512;2231;1982002883;TIT_PUB;105223043.750000000000000;
202512;1911;2005004847;COTAS;1710639.086313000000000;21791224000139
202512;2231;1992000956;CAIXA;10675.770000000000000;
202512;2231;2013001665;VL_PG_RC;-34685.110000000000000;
202512;2083;2000008283;COTAS;230317868.129310000000000;60289800000104
202512;3126;2006001183;COTAS;3454942.258610000000000;
202512;2231;2011001218;COTAS;424603.583673000000000;
202512;2258;2010005783;VL_PG_RC;-23491.500000000000000;
202512;2231;2013001665;COTAS;5665.907365000000000;
202512;2083;2000008283;OPERACAO_PARTICIPANTE;66018164.882221632500000;
202512;2231;2013001665;COTAS;25044798.594022000000000;
202512;2292;1998002829;TIT_PUB;1378267314.220000000000000;
202512;2231;1994001518;COTAS;42192.489378000000000;
202512;2231;1982002883;OPERACAO_PARTICIPANTE;375694.530005112100000;
202512;2231;2010002229;COTAS;6507399.394025000000000;
202512;1969;1981000356;COTAS;8172462.708554000000000;
202512;1911;2008003183;COTAS;5322174.057990000000000;52277799000161
202512;2231;2014001383;COTAS;1171926.038300000000000;
202512;1911;2009003365;COTAS;3345452.395636000000000;21791224000139
202512;2292;2016000392;VL_PG_RC;124166.870000000000000;
202512;2231;1987000511;CAIXA;86.470000000000000;
202512;2231;2019003074;COTAS;2460838.813839000000000;44703493000100
202512;1969;1999004019;CAIXA;280041.240000000000000;
202512;2231;2014001383;COTAS;9959.711444000000000;
202512;2231;2012001947;COTAS;649631.634432000000000;
202512;2231;2014001383;COTAS;12331937.502770000000000;
202512;2258;1999003683;CAIXA;9999.940000000000000;
202512;2231;2012001947;COTAS;28546087.653456000000000;44703472000186
202512;2231;1994001518;COTAS;59508.599103000000000;
202512;2292;2018002538;VL_PG_RC;115125.950000000000000;
202512;3126;2006003747;CAIXA;4000.000000000000000;
202512;2083;2020000229;TIT_PUB;126438602.440000000000000;
202512;2231;2008003019;COTAS;772976.625727000000000;44703483000166
202512;2083;2000008283;TIT_PUB;328940473.190000000000000;
202512;3126;2006003811;COTAS;1649313.949034000000000;
202512;2302;1988000483;COTAS;67347505.441270000000000;
202512;1911;2008003183;COTAS;8618209.574604000000000;21791224000139
202512;2258;2014000247;CAIXA;30964.250000000000000;
202512;2258;2001000618;COTAS;6314651.858823000000000;
202512;2083;2011002265;TIT_PUB;1557944.400000000000000;
202512;2258;2001000618;COTAS;17426996.565825000000000;50625158000125
202512;3126;2006003811;COTAS;135985.798437000000000;
202512;2083;2019002329;OPERACAO_PARTICIPANTE;324677.970000000000000;
202512;1911;2015000674;COTAS;5148138.224879000000000;42479278000133
202512;2231;2013001665;TIT_PUB;24240944.090000000000000;
202512;2258;2014000719;COTAS;83832440.977347000000000;50625158000125
202512;1911;1994001992;COTAS;782479.245370000000000;21791224000139
202512;2107;9970000000;VL_PG_RC;0.000000000000000;
202512;2231;2019003074;COTAS;92044.067828000000000;
202512;2258;2007000611;COTAS;36835.656746000000000;
202512;2231;2010002474;COTAS;2233250.397264000000000;
202512;2258;2007003211;CAIXA;0.000000000000000;
202512;1924;1989000347;COTAS;21780995.008989000000000;15060258000150
202512;3126;2006003811;VL_PG_RC;-25854.210000000000000;
202512;2231;2010002474;COTAS;1986447.105224000000000;
202512;2302;9970000000;COTAS;549788.672822000000000;
202512;2258;2014001529;COTAS;4532298.009974000000000;50620435000107
202512;3126;2006003992;COTAS;3364878.442465000000000;
202512;2258;2014001618;COTAS;53.940789000000000;
202512;3126;2006004011;COTAS;285998363.131928000000000;
202512;2258;2016000929;COTAS;109431.564920000000000;
202512;2231;2018002074;COTAS;778500.172595000000000;44703493000100
202512;2258;2016001038;COTAS;25336210.643880000000000;04052631000105
202512;2231;2010002474;IMOVEIS;61644194.700000000000000;
202512;2258;2016001038;COTAS;6596593.092352000000000;50620435000107
202512;2231;2011001218;COTAS;207861.771992000000000;
202512;2231;2008003019;COTAS;3634631.076378000000000;44900441000115
202512;2231;2019003074;IMOVEIS;3240093.950000000000000;
202512;1924;2008003711;CAIXA;7726.040000000000000;
202512;3126;2006004011;TIT_PRIV;10018618.300000000000000;
202512;2231;2019003074;TIT_PUB;23103963.180000000000000;
202512;2083;2020000229;COTAS;11456479.427291000000000;03573959000104
202512;1911;2013001274;COTAS;171580.906861000000000;52277799000161
202512;2258;1989000118;CAIXA;25291.840000000000000;
202512;2231;2011001218;VL_PG_RC;-26106.480000000000000;
202512;2231;9970000000;CAIXA;62550.250000000000000;
202512;2138;1981001311;COTAS;44990649.577775000000000;
202512;2231;9970000000;COTAS;25573307.827574000000000;
202512;2316;2015001311;COTAS;48966505.702696000000000;27292836000163
202512;3126;2006004711;CAIXA;155000.510000000000000;
202512;2169;1972000111;COTAS;37826434.561504000000000;
202512;2316;2015001311;OPERACAO_PARTICIPANTE;35698873.959772642900000;
202512;2258;1990000118;COTAS;6112318.643112000000000;
202512;2258;1989000118;COTAS;103765.200566000000000;
202512;2258;2007003465;VL_PG_RC;-40285.740000000000000;
202512;2258;2017001147;COTAS;64699.061902000000000;
202512;2231;2008003019;VL_PG_RC;-10859.030000000000000;
202512;2258;1992000565;CAIXA;1001.760000000000000;
202512;2231;2011001218;COTAS;123763.549289000000000;
202512;2258;2009001656;COTAS;1515770.529768000000000;50625158000125
202512;1972;2007000229;TIT_PUB;867563336.270000000000000;
202512;2169;1972000111;VL_PG_RC;259980.220000000000000;
202512;3126;2006004711;COTAS;11211595.458015000000000;
202512;2258;1990000118;COTAS;448196.435651000000000;
202512;2169;1999000374;COTAS;18822314.615535000000000;
202512;3126;2007002019;COTAS;20044436.459065000000000;
202512;2258;1990000118;COTAS;518075.042009000000000;
202512;1911;1998004147;COTAS;1081821.669018000000000;52277799000161
202512;2258;2017001619;COTAS;24730.603633000000000;
202512;2172;1988003229;COTAS;519342037.552117000000000;97519502000165
202512;2231;2012001947;COTAS;1929891.764054000000000;
202512;1911;2015000674;COTAS;2807058.766042000000000;36521640000194
202512;2258;1990000118;COTAS;1670044.583886000000000;22282955000111
202512;2018;9970000000;VL_PG_RC;-3842.700000000000000;
202512;2258;1990000118;COTAS;6072021.946133000000000;
202512;2021;1991001274;COTAS;18467533.897892000000000;
202512;2316;9970000000;COTAS;1816799.807855000000000;
202512;2066;1974000192;COTAS;57416816.833910000000000;
202512;2258;1992000565;COTAS;12045060.201277000000000;50625158000125
202512;2172;1988003229;VL_PG_RC;-5019.130000000000000;
202512;1969;1981000356;COTAS;6938625.051614000000000;
202512;2083;2020000229;VL_PG_RC;-17916.910000000000000;
202512;2258;1993002847;COTAS;101541053.264845000000000;50620290000144
202512;3126;2008000192;COTAS;1392670.021899000000000;
202512;2231;2012001947;TIT_PUB;152654724.800000000000000;
202512;2213;1991002483;COTAS;40566735.354200000000000;
202512;2258;2019001756;CAIXA;0.000000000000000;
202512;2213;9970000000;VL_PG_RC;0.000000000000000;
202512;2231;2012001947;COTAS;22627256.424855000000000;44703483000166
202512;1911;2018001711;COTAS;743554.062182000000000;
202512;1911;1999002156;OPERACAO_PARTICIPANTE;2182489.106778812800000;
202512;2083;9970000000;COTAS;132701079.346288000000000;03256787000145
202512;2258;1996000829;COTAS;120784934.942095000000000;04052631000105
202512;2258;2019003147;COTAS;4955.110861000000000;
202512;1911;2005004847;COTAS;1574274.453859000000000;
202512;2258;1992000719;CAIXA;403339.090000000000000;
202512;3126;2009000447;COTAS;2335333.978817000000000;
202512;2083;9970000000;COTAS;180845661.290468000000000;05170419000105
202512;3126;2012001483;COTAS;256085.342020000000000;
202512;1911;2018001711;TIT_PUB;17311024.840000000000000;
202512;2333;2019000938;COTAS;65678354.506998000000000;
202512;2258;1994001356;COTAS;121709.290513000000000;
202512;1911;9970000000;COTAS;1699153.150282000000000;
202512;2333;2019000938;VL_PG_RC;-2822.770000000000000;
202512;2258;1993002847;CAIXA;0.000000000000000;
202512;2231;1994001518;COTAS;505.738625000000000;
202512;2258;1993002847;COTAS;6273680.324292000000000;50625158000125
202512;2231;2012001947;COTAS;157131194.061730000000000;44900441000115
202512;3126;2021001156;COTAS;63170.485285000000000;
202512;2258;1996002465;COTAS;168010.106014000000000;
202512;1911;2005004847;COTAS;1353488.638100000000000;26304143000180
202512;1969;1999004019;VL_PG_RC;-6150.440000000000000;
202512;2258;2012000983;COTAS;494434.599145000000000;50620819000120
202512;3126;2021001229;COTAS;1470189.959304000000000;
202512;2231;2018002074;COTAS;43028035.266897000000000;
202512;2231;2008003019;COTAS;66715.381189000000000;
202512;2258;1990000118;COTAS;41972576.082753000000000;
202512;2231;2013001665;CAIXA;3033.840000000000000;
202512;1911;2005004847;OPERACAO_PARTICIPANTE;1613726.159871417600000;
202512;2258;2012001092;COTAS;50386225.553981000000000;50620435000107
202512;2066;1974000192;COTAS;270332.804602000000000;
202512;2231;2010002229;COTAS;8043804.410773000000000;
202512;2258;1994001429;COTAS;86358.038293000000000;
202512;2258;2019003147;COTAS;16817.424410000000000;50625158000125
202512;2231;2010002474;COTAS;2017361.889410000000000;
202512;1924;2008003711;COTAS;11636126.287451000000000;
202512;2258;1997000547;VL_PG_RC;0.000000000000000;
202512;3126;2021001229;COTAS;165709.242806000000000;
202512;2258;2000004474;COTAS;175728884.925598000000000;50620290000144
202512;2258;1994001747;COTAS;56643613.901597000000000;50620290000144
202512;2395;1994001811;COTAS;17558764.745158000000000;
202512;2004;1987001729;COTAS;599786583.030048000000000;42479235000158
202512;2258;2019003211;CAIXA;0.000000000000000;
202512;2138;1981001311;IMOVEIS;16957228.840000000000000;
202512;3126;2021001229;COTAS;256079.445595000000000;
202512;2258;2014001529;VL_PG_RC;-16840.200000000000000;
202512;2258;2003002911;VL_PG_RC;-126200.580000000000000;
202512;1924;2008003711;COTAS;117834148.927123000000000;15060258000150
202512;2231;2014001383;COTAS;3593593.919268000000000;44900441000115
202512;2231;2012001947;COTAS;1626955.182170000000000;
202512;2258;1990000118;COTAS;14368167.598997000000000;50620435000107
202512;2231;2013001665;COTAS;2892585.023168000000000;44703472000186
202512;2258;2014001618;VL_PG_RC;-5763.830000000000000;
202512;2066;1974000192;COTAS;16252340.721552000000000;
202512;2231;2014001383;CAIXA;93165.980000000000000;
202512;1972;2005001783;COTAS;12381934.381891000000000;
202512;2258;2015000518;COTAS;111920.383902000000000;
202512;2258;1995003174;COTAS;120346654.564578000000000;50620290000144
202512;2258;2019003392;COTAS;107651.795282000000000;50634860000155
202512;2258;2015000518;COTAS;12786860.601008000000000;50620572000141
202512;2258;2003003029;COTAS;132621.859955000000000;
202512;2395;1994001811;COTAS;37057189.335579000000000;
202512;2258;1995003719;CAIXA;0.000000000000000;
202512;2231;2018002074;COTAS;250540.877389000000000;44703472000186
202512;2258;2015000811;COTAS;11009.910769000000000;
202512;1972;2007000229;COTAS;7936698.322558000000000;
202512;2395;1994001811;COTAS;10081196.236410000000000;
202512;2258;1990000118;COTAS;68221753.024770000000000;50634860000155
202512;2231;2019003074;COTAS;365862.865639000000000;
202512;2141;1980001219;COTAS;4180051.884054000000000;
202512;2231;2019003074;COTAS;15119777.966310000000000;44900441000115
202512;2258;2015000811;COTAS;3182589.634956000000000;50634860000155
202512;2258;2020001111;COTAS;8994805.055634000000000;50620819000120
202512;2258;2016001038;VL_PG_RC;-21810.330000000000000;
202512;2018;2016001811;TIT_PUB;24261956.760000000000000;
202512;1911;2006001411;COTAS;4617527.434727000000000;
202512;2258;1989000118;COTAS;30104821.312572000000000;50620290000144
202512;2422;1994003847;IMOVEIS;28009.810000000000000;
202512;2258;1996001329;COTAS;67574302.139626000000000;50620290000144
202512;2258;1989000118;COTAS;12725078.730746000000000;50641862000171
202512;2231;2014001383;COTAS;602689.816916000000000;
202512;1911;2007001292;COTAS;11865649.741119000000000;50069086000187
202512;2231;2014001383;COTAS;801657.230374000000000;
202512;1911;2007001292;COTAS;41733.792359000000000;54366569000102
202512;2258;1992000565;COTAS;122125.881020000000000;
202512;2258;1992000565;VL_PG_RC;-41115.740000000000000;
202512;2169;1999000374;COTAS;35465527.024577000000000;
202512;2004;1987001729;COTAS;609380648.889927000000000;42479262000120
202512;2258;1996001329;COTAS;374766.139474000000000;50620819000120
202512;2258;2007002256;COTAS;8767672.891321000000000;50620290000144
202512;2258;2019001292;COTAS;50612.441346000000000;50625158000125
202512;2258;2020001111;OPERACAO_PARTICIPANTE;354220.674395000000000;
202512;2258;1990000118;COTAS;446573.579701000000000;
202512;2066;1974000192;COTAS;11809665.379717000000000;
202512;2021;1979001138;VL_PG_RC;800656.310000000000000;
202512;2258;1994003138;COTAS;8429090.922408000000000;51059284000122
202512;2258;1993000992;TIT_PUB;5736373.880000000000000;
202512;2172;2005005592;COTAS;265691099.149457000000000;31615254000148
202512;2258;2020002892;COTAS;6690.515672000000000;
202512;2021;2013001118;CAIXA;1441.650000000000000;
202512;2066;1974000192;COTAS;41220776.725024000000000;
202512;2258;2019001365;CAIXA;11222.780000000000000;
202512;2231;2018002074;CAIXA;11018.070000000000000;
202512;2231;2018002074;COTAS;469164.444641000000000;44703483000166
202512;1911;2008003183;VL_PG_RC;-29055.100000000000000;
202512;2258;2020001292;COTAS;16400054.607218000000000;50641862000171
202512;2258;1981001565;VL_PG_RC;-26855.960000000000000;
202512;2258;1989000738;COTAS;254362.977551000000000;
202512;2066;1974000192;COTAS;1673238.511366000000000;
202512;2258;1990000118;COTAS;5620392.450141000000000;
202512;2258;1990000118;COTAS;3155295.548564000000000;29983486000107
202512;2258;2020003465;COTAS;209714.279039000000000;
202512;2258;1993000992;COTAS;14588584.487244000000000;50620435000107
202512;2258;1993002847;COTAS;17576161.885488000000000;50634860000155
202512;2258;1995000183;COTAS;90591852.863448000000000;51059511000110
202512;2258;1998005356;VL_PG_RC;-237890.290000000000000;
202512;2258;1995003174;COTAS;39076.885490000000000;
202512;1911;2009003365;COTAS;3261150.773812000000000;
202512;2258;2020002019;VL_PG_RC;-66199.750000000000000;
202512;2066;1974000192;VL_PG_RC;-197389.590000000000000;
202512;2258;1995003719;COTAS;50165968.117800000000000;50620290000144
202512;1911;2018001711;COTAS;1122956.025158000000000;
202512;2258;2020002892;COTAS;4081007.272250000000000;51059284000122
202512;2258;1999002229;COTAS;108863697.308306000000000;50620290000144
202512;2422;2002002738;COTAS;11166217.933187000000000;14205056000197
202512;2258;1999003683;COTAS;9738844.139472000000000;50620819000120
202512;2258;2007002256;COTAS;2439827.412974000000000;50620819000120
202512;2258;2000006019;COTAS;24015.010094000000000;
202512;2021;9970000000;VL_PG_RC;-1977.700000000000000;
202512;2258;1995003719;COTAS;10794222.617881000000000;50620819000120
202512;2258;2020003465;CAIXA;8838.820000000000000;
202512;2258;1993003029;COTAS;50184447.570803000000000;50620290000144
202512;2066;1974000192;COTAS;12243518.625534000000000;
202512;2258;1996000829;COTAS;314746514.204341000000000;51059511000110
202512;3126;2021001318;CAIXA;4000.000000000000000;
202512;2258;2007002892;VL_PG_RC;-44728.820000000000000;
202512;3126;2021001318;COTAS;912253.856968000000000;
202512;2258;2008001792;CAIXA;593399.180000000000000;
202512;3126;2024000665;COTAS;9415031.976683000000000;
202512;2258;1996000829;VL_PG_RC;-333990.440000000000000;
202512;2258;1993003811;COTAS;4089824.546177000000000;50620435000107
202512;2422;2002003238;CAIXA;85087.640000000000000;
202512;1924;1989000274;COTAS;6860324.017022000000000;
202512;2172;2020000865;COTAS;18908849.079607000000000;31615254000148
202512;2258;2012001092;COTAS;483003.854026000000000;
202512;2422;2002004374;COTAS;176591.484847000000000;14205056000197
202512;2484;2004001992;VL_PG_RC;-17899.340000000000000;
202512;2258;2021000974;COTAS;193089.671313000000000;
202512;2258;9970000000;VL_PG_RC;0.000000000000000;
202512;2258;1994003138;COTAS;36321264.177598000000000;51059511000110
202512;2083;1973000156;COTAS;253455373.280543000000000;05170419000105
202512;2066;1974000192;TIT_PRIV;74203529.140000000000000;
202512;2066;9970000000;COTAS;5325035.418858000000000;
202512;2258;2012001165;COTAS;30221595.803511000000000;50620572000141
202512;2083;1973000156;COTAS;21657826.067412000000000;03519674000195
202512;2071;1986000583;OPERACAO_PARTICIPANTE;1326770.930000000000000;
202512;2258;2000006019;VL_PG_RC;-13771.140000000000000;
202512;2258;1996002147;COTAS;13820530.110054000000000;50634860000155
202512;2258;1995003174;COTAS;18526215.495069000000000;50625158000125
202512;2258;1992000719;COTAS;32383541.224924000000000;
202512;3161;1994004118;COTAS;109850.460846000000000;
202512;2258;1994001747;COTAS;6820787.194990000000000;50625158000125
202512;2258;2015000811;COTAS;1381460.975569000000000;50620435000107
202512;3161;1994004118;COTAS;26868140.966472000000000;
202512;2258;1994003138;VL_PG_RC;-104639.830000000000000;
202512;2258;1995003719;VL_PG_RC;-65685.320000000000000;
202512;2083;1999005211;COTAS;324980652.616337000000000;03573959000104
202512;2258;2021000974;COTAS;46869274.185344000000000;50634860000155
202512;2231;1979003483;VL_PG_RC;131982991.210000000000000;
202512;2292;1990002129;COTAS;4574777.046193000000000;61521870000109
202512;2258;2001000618;VL_PG_RC;-18511.940000000000000;
202512;2083;1999005211;COTAS;377273860.658390000000000;16569908000150
202512;2258;2023001129;COTAS;2275.019192000000000;
202512;3161;1994004118;IMOVEIS;867600.000000000000000;
202512;2258;2005005347;COTAS;19564.793086000000000;
202512;2258;1995003174;VL_PG_RC;-46933.150000000000000;
202512;1924;2008003711;COTAS;388010978.500020000000000;15044971000100
202512;2258;1996000829;COTAS;271188.158191000000000;
202512;2083;1973000156;COTAS;0.000000000000000;
202512;3161;2005005111;COTAS;704352.071362000000000;
202512;2484;2005000183;COTAS;10418937.653192000000000;49498790000176
202512;2258;1994001747;VL_PG_RC;-62486.580000000000000;
202512;2258;1996000829;COTAS;453273.009235000000000;
202512;2083;2000008283;COTAS;16374756.886266000000000;28849695000108
202512;2258;1996000829;COTAS;1502722.993490000000000;
202512;2083;2011002192;CAIXA;60.000000000000000;
202512;2258;1994003138;COTAS;26260890.131534000000000;
202512;2292;1998002756;VL_PG_RC;1423841.980000000000000;
202512;2292;1998002829;COTAS;107815.380344000000000;
202512;2083;1999005211;VL_PG_RC;52015504.600000000000000;
202512;2083;2011002192;VL_PG_RC;-933.110000000000000;
202512;2258;2016000929;COTAS;20950687.206762000000000;50620572000141
202512;2258;1997004356;CAIXA;2339.000000000000000;
202512;2292;2018002538;COTAS;271102.883073000000000;
202512;2083;2020000229;COTAS;251557400.520680000000000;05170419000105
202512;2484;9970000000;CAIXA;56842.990000000000000;
202512;2258;1996001329;VL_PG_RC;-48541.380000000000000;
202512;2258;2016001119;CAIXA;9667.070000000000000;
202512;2258;2023001129;COTAS;2382620.471058000000000;50634860000155
202512;2258;2006000683;COTAS;16397890.281956000000000;50625158000125
202512;2258;2023001129;VL_PG_RC;-10546.610000000000000;
202512;2083;2020001438;VL_PG_RC;0.000000000000000;
202512;3161;2005005111;COTAS;17317906.150014000000000;
202512;2083;2000008283;COTAS;45281407.582832000000000;03573959000104
202512;2083;2000008283;COTAS;11018053.927259000000000;11308040000111
202512;2258;1998005356;COTAS;258072223.127789000000000;50620290000144
202512;3161;2005005111;COTAS;5095148.527694000000000;
202512;1924;2008003711;COTAS;55195649.343222000000000;41888673000107
202512;2258;1995000183;CAIXA;367.610000000000000;
202512;2292;2018002538;COTAS;2429555.712063000000000;
202512;2258;9970000000;COTAS;25541677.780532000000000;
202512;2484;9970000000;COTAS;5104662.219610000000000;18138920000136
202512;2258;2017001074;COTAS;30140048.890018000000000;50625158000125
202512;2292;1990002129;COTAS;11556.476859000000000;
202512;2231;1982002719;TIT_PUB;57611302.130000000000000;
202512;2258;1998005356;CAIXA;212.990000000000000;
202512;2083;2000008283;VL_PG_RC;-92408.550000000000000;
202512;2258;1995000183;COTAS;86801299.319231000000000;50620290000144
202512;2258;1998006956;VL_PG_RC;-105261.370000000000000;
202512;2258;2017001074;VL_PG_RC;-9451.630000000000000;
202512;2292;2018002538;COTAS;631859.527637000000000;
202512;2231;1992000956;COTAS;22553.850860000000000;
202512;2511;9970000000;VL_PG_RC;-5481.570000000000000;
202512;2258;1996001329;COTAS;52829.715546000000000;
202512;2083;1999005211;COTAS;5536780189.775338000000000;05170419000105
202512;3161;2024000819;CAIXA;1588.000000000000000;
202512;2258;1996002147;COTAS;8575652.635202000000000;51059284000122
202512;3174;1994004029;ACOES;84197.340000000000000;
202512;2231;1992000956;IMOVEIS;706140.930000000000000;
202512;2525;1974000265;COTAS;4093428.000000000000000;
202512;2141;9970000000;COTAS;1167587.925922000000000;
202512;2083;1999005211;COTAS;399380944.974028000000000;35600762000103
202512;2258;2007002418;COTAS;72808155.186950000000000;50634860000155
202512;2258;1998005356;COTAS;611722.034736000000000;
202512;3174;1994004029;CAIXA;76568872.160000000000000;
202512;3174;1994004029;COTAS;19809320.512640000000000;
202512;3188;1989000983;COTAS;1683130.795777000000000;
202512;3188;1994002565;TIT_PRIV;280275.000000000000000;
202512;3188;1996004883;COTAS;3420574.322126000000000;
202512;3188;1996004883;COTAS;146322722.991511000000000;25244544000120
202512;237;2007003147;COTAS;1051381.512374000000000;47228177000103
202512;237;2007003147;IMOVEIS;4160146.770000000000000;
202512;237;2007003147;OPERACAO_PARTICIPANTE;314717.750000000000000;
202512;237;2014000883;COTAS;234192.935379000000000;
202512;237;9970000000;COTAS;13559055.578204000000000;
202512;254;1987000447;IMOVEIS;4488088.080000000000000;
202512;254;1987000447;OPERACAO_PARTICIPANTE;16450915.079775100700000;
202512;254;2020003147;CAIXA;3019.090000000000000;
202512;254;2020003147;COTAS;5803064.476353000000000;
202512;2525;1979004511;VL_PG_RC;-4564117.950000000000000;
202512;271;1983000256;COTAS;20956938.684899000000000;
202512;271;1983000256;COTAS;6076674.046968000000000;
202512;271;2008002111;COTAS;192020.445699000000000;
202512;2258;2017001147;COTAS;1359067.215695000000000;50620290000144
202512;3188;1997001047;TIT_PUB;546112637.360000000000000;
202512;3188;1998004856;COTAS;4426179.213985000000000;10214125000178
202512;2525;2009003756;COTAS;2728952.000000000000000;
202512;3188;1998004856;COTAS;45029.372931000000000;10220247000177
202512;2258;2017001147;COTAS;580954.461063000000000;50620819000120
202512;271;2008002111;TIT_PUB;6208393.430000000000000;
202512;3188;1998004856;COTAS;32031285.737292000000000;25244544000120
202512;2525;2020002256;COTAS;333237.201416000000000;
202512;3188;1998006247;COTAS;925821.622934000000000;
202512;3188;1999003756;COTAS;481907.374442000000000;
202512;285;1998005283;COTAS;71930902.958984000000000;
202512;2556;1993000119;COTAS;8509.520742000000000;
202512;2258;1999002229;COTAS;2388279.689959000000000;50620435000107
202512;2556;1993000119;COTAS;10161335.294639000000000;
202512;285;1998005283;COTAS;313115528.156348000000000;
202512;2258;1998002365;COTAS;113227286.884753000000000;50620435000107
202512;2292;1998002756;COTAS;1260943.641570000000000;
202512;2231;1998000583;CAIXA;3.880000000000000;
202512;3188;2002000565;CAIXA;750.000000000000000;
202512;2083;2012000274;COTAS;3417590.890131000000000;03573959000104
202512;2292;1998002756;COTAS;3488032.554597000000000;
202512;2083;2012000274;VL_PG_RC;-17685.640000000000000;
202512;2258;1996001329;COTAS;4676825.780469000000000;50625158000125
202512;2302;1988000483;COTAS;27532911.506607000000000;
202512;2083;2011002265;COTAS;131019245.152383000000000;05170419000105
202512;2258;2000004156;COTAS;53442152.806826000000000;50625158000125
202512;2258;2003003029;CAIXA;1509898.110000000000000;
202512;3188;2002000565;COTAS;152902.929838000000000;
202512;2258;2007002892;CAIXA;24530.610000000000000;
202512;2258;2003003029;COTAS;52720269.788613000000000;50620290000144
202512;2258;1996002147;COTAS;69347.888377000000000;
202512;2556;1998007618;CAIXA;672163.400000000000000;
202512;2258;1996002147;COTAS;35130.110693000000000;
202512;2556;1998007618;COTAS;25443975.346690000000000;
202512;2258;1996002147;COTAS;19167720.174310000000000;50625158000125
202512;2083;2019002329;COTAS;7024495.573981000000000;16569908000150
202512;1924;9970000000;COTAS;83726.644342000000000;
202512;2258;2005005411;COTAS;15678.267530000000000;
202512;1969;1981000356;VL_PG_RC;-190887.500000000000000;
202512;2258;2005005347;COTAS;8632984.860163000000000;50625158000125
202512;2258;2006000683;CAIXA;355.210000000000000;
202512;2292;1998002756;COTAS;1387469.794791000000000;
202512;2258;2019001365;TIT_PUB;4975150.350000000000000;
202512;2258;1998006956;CAIXA;21.730000000000000;
202512;3188;2002000565;COTAS;147198.155597000000000;
202512;2083;2020000229;COTAS;10233290.673180000000000;16569908000150
202512;2258;2005005411;VL_PG_RC;-29167.790000000000000;
202512;2258;2006001647;COTAS;294756388.356115000000000;10412071000155
202512;2258;1997004356;COTAS;345839740.401165000000000;50620290000144
202512;2292;1998002756;COTAS;1239332.891119000000000;
202512;2169;9970000000;COTAS;3916119.775922000000000;
202512;2258;1999000765;VL_PG_RC;-21797.950000000000000;
202512;2258;2007003211;COTAS;36672290.107437000000000;50620290000144
202512;2258;1999000765;CAIXA;3.600000000000000;
202512;2231;1982002719;COTAS;665718.692211000000000;
202512;2258;2007000547;COTAS;0.413314000000000;
202512;3188;2002000565;COTAS;5679052.552606000000000;10220241000108
202512;2258;2007002256;COTAS;21585.918711000000000;
202512;3188;2002000719;COTAS;4172448.084323000000000;27565843000191
202512;2258;2002001138;COTAS;2872135.894448000000000;50625158000125
202512;2231;1982002719;COTAS;13784496.109379000000000;
202512;2258;2006000683;COTAS;200659.359599000000000;
202512;2083;2020001438;TIT_PUB;1548132645.170000000000000;
202512;2231;1982002719;VL_PG_RC;-29700.910000000000000;
202512;2258;2007000547;COTAS;1969210.937957000000000;50620290000144
202512;2302;1988000483;COTAS;331297846.666018000000000;
202512;2231;2008003019;COTAS;62943.158300000000000;
202512;2258;2007003465;COTAS;575756.555795000000000;50625158000125
202512;2231;1994001518;COTAS;30048600.916859000000000;
202512;2258;2007000611;CAIXA;22.570000000000000;
202512;2231;2008003019;COTAS;44107.326922000000000;
202512;2169;1972000111;COTAS;28032894.078385000000000;
202512;1972;2005001783;COTAS;5838748.185658000000000;
202512;2258;2006001647;CAIXA;10267.330000000000000;
202512;2556;1998007618;COTAS;86472721.728383000000000;41672376000120
202512;2258;2007000611;COTAS;50303.827624000000000;50620435000107
202512;2292;1998002829;COTAS;22215.011026000000000;
202512;2258;2009001656;CAIXA;0.000000000000000;
202512;3188;2004002174;COTAS;7963027.981936000000000;29298975000120
202512;2258;1999003683;COTAS;3865688.160476000000000;50620435000107
202512;2258;1999003829;VL_PG_RC;-42186.820000000000000;
202512;2231;2010002229;OPERACAO_PARTICIPANTE;27652138.771314917000000;
202512;2169;1999000374;COTAS;15394586.181017000000000;
202512;3188;2005000256;COTAS;166339.364978000000000;
202512;2258;2006001647;COTAS;484195.304329000000000;
202512;2302;1988000483;COTAS;705210026.427777000000000;20887247000189
202512;2258;2006006111;COTAS;3797459.980701000000000;50620435000107
202512;3188;2005006483;CAIXA;27016.630000000000000;
202512;2172;2005005592;CAIXA;633030.180000000000000;
202512;2258;2012000983;COTAS;20843116.095254000000000;50625158000125
202512;2172;2005005592;COTAS;1932471.019396000000000;
202512;2292;2016000392;COTAS;112308.146715000000000;
202512;2258;2007000547;CAIXA;0.000000000000000;
202512;2231;1979003483;COTAS;71368091.406281000000000;
202512;2258;2007002418;COTAS;9342190.803972000000000;50620290000144
202512;2231;1998000583;VL_PG_RC;0.000000000000000;
202512;2556;9970000000;COTAS;2073282.709402000000000;
202512;2292;2016000392;COTAS;82622.151762000000000;
202512;2231;2010002229;COTAS;13564448.412115000000000;
202512;2258;2014000247;COTAS;87783.335356000000000;
202512;2258;2000006019;COTAS;24239985.441136000000000;50620290000144
202512;2258;2007003465;COTAS;2263.755682000000000;
202512;1972;2005001783;COTAS;6866773.513393000000000;
202512;1972;2005001783;COTAS;40148168.531057000000000;04822511000140
202512;2231;1982002883;COTAS;513158.074101000000000;
202512;2231;2010002229;COTAS;467657600.673195000000000;44900441000115
202512;2258;2019002256;COTAS;23633612.493886000000000;50620819000120
202512;2258;2008000338;COTAS;13980.269954000000000;
202512;2258;2014000247;COTAS;79667605.682337000000000;50625158000125
202512;2258;2008000338;COTAS;7372793.108574000000000;50634860000155
202512;2258;2022003047;COTAS;4570885.024098000000000;51059511000110
202512;2231;2010002229;TIT_PUB;729676446.490000000000000;
202512;2258;2002001138;VL_PG_RC;-24376.210000000000000;
202512;2292;1990002129;CAIXA;11908.260000000000000;
202512;2258;2014000719;CAIXA;21.650000000000000;
202512;2258;2007002418;COTAS;99075.246864000000000;
202512;2231;1992000956;COTAS;1050.323235000000000;
202512;2231;2010002474;OPERACAO_PARTICIPANTE;5347715.230128262700000;
202512;2258;2006000683;COTAS;263216636.155365000000000;50620290000144
202512;3188;2005006483;COTAS;202456.832193000000000;
202512;2231;1992000956;COTAS;9178771.852938000000000;
202512;2258;2014001618;CAIXA;0.000000000000000;
202512;2258;2006000683;COTAS;1736879.638769000000000;50620819000120
202512;2258;2009001656;VL_PG_RC;-107601.240000000000000;
202512;2258;2012000983;CAIXA;0.000000000000000;
202512;3188;2009002156;COTAS;1847968.885314000000000;
202512;2231;2012001947;COTAS;20610985.196205000000000;44703493000100
202512;3188;2009002156;COTAS;49958919.692067000000000;10220241000108
202512;1972;2007000229;COTAS;488846.417617000000000;
202512;2231;2008003019;OPERACAO_PARTICIPANTE;93535.350000000000000;
202512;2231;2012001947;COTAS;30305.150903000000000;
202512;2258;2008001792;VL_PG_RC;-118138.220000000000000;
202512;2292;1998002756;COTAS;272486.135296000000000;
202512;2213;1991002483;TIT_PUB;64716889.640000000000000;
202512;3188;2009002229;VL_PG_RC;0.000000000000000;
202512;2231;2010002229;COTAS;8731253.979123000000000;
202512;2302;1988002011;CAIXA;16001.020000000000000;
202512;2258;2012000983;COTAS;21853.865864000000000;
202512;1991;1996003119;CAIXA;4046.070000000000000;
202512;2231;2012001947;COTAS;2460265.309495000000000;
202512;2258;2010001656;CAIXA;415.580000000000000;
202512;2561;1999000447;COTAS;530365.777204000000000;
202512;2258;2006001647;COTAS;685353.042066000000000;
202512;2316;2015001311;CAIXA;13680.180000000000000;
202512;3188;2010000374;COTAS;1504710.324491000000000;18270776000197
202512;1991;1996003119;COTAS;371965658.488388000000000;
202512;2231;2014001383;VL_PG_RC;-42890.900000000000000;
202512;2018;1980001065;COTAS;2228620.399424000000000;
202512;2292;2018002538;COTAS;407731.884933000000000;
202512;2258;2006003283;VL_PG_RC;-20485.090000000000000;
202512;2258;2015000518;COTAS;12041386.093529000000000;50620290000144
202512;2316;2015001311;COTAS;39456471.885265000000000;56479808000158
202512;2561;2014000174;COTAS;66344006.982691000000000;
202512;2231;2012001947;COTAS;218885853.222550000000000;
202512;2018;1980001065;TIT_PRIV;246524961.000000000000000;
202512;2258;2016000929;COTAS;2810347.818719000000000;50620290000144
202512;3188;2010003292;VL_PG_RC;-158383.480000000000000;
202512;2258;2010001338;COTAS;7276.320749000000000;
202512;2258;2016001119;COTAS;279109.002489000000000;50620435000107
202512;2316;2015001492;TIT_PUB;506904767.160000000000000;
202512;2292;1998002756;COTAS;97539388.815243000000000;04764252000148
202512;2231;2019003074;COTAS;3434290.618083000000000;44703472000186
202512;3188;2010003365;OPERACAO_PARTICIPANTE;0.000000000000000;
202512;2231;2010002474;COTAS;8216132.442627000000000;
202512;2258;2007002418;COTAS;43835284.760562000000000;50620435000107
202512;3188;2010003438;CAIXA;5627.770000000000000;
202512;2258;2007002418;COTAS;7066137.914141000000000;50620819000120
202512;3188;2010003438;COTAS;521090.103726000000000;
202512;2302;1988002011;COTAS;253215335.377398000000000;03100395000192
202512;3188;2010003438;COTAS;481389.678936000000000;
202512;2258;2017001538;COTAS;278313.816796000000000;
202512;2258;2014000719;VL_PG_RC;-66614.910000000000000;
202512;2231;1982002638;COTAS;3511477.088597000000000;
202512;2231;2010002474;VL_PG_RC;-466835.590000000000000;
202512;2561;2014001219;COTAS;6892864.105050000000000;
202512;2258;2016001038;CAIXA;0.000000000000000;
202512;2316;9970000000;COTAS;4133317.127083000000000;
202512;2231;2019003074;COTAS;2701027.616802000000000;44703483000166
202512;2258;2010005783;COTAS;2473624.021520000000000;04052631000105
202512;2395;1994001811;COTAS;45378782.570790000000000;
202512;2258;2010005783;CAIXA;21.650000000000000;
202512;2659;2000002447;COTAS;7000806.314514000000000;
202512;2292;1998002829;COTAS;2698500.000000000000000;
202512;3188;2010003438;COTAS;10072507.641560000000000;10214125000178
202512;2258;2007003211;COTAS;28818.012130000000000;
202512;2302;1988002011;COTAS;243998844.460772000000000;29092660000121
202512;3188;2012000665;VL_PG_RC;-181304.790000000000000;
202512;2231;2011001218;COTAS;308430.669531000000000;
202512;2258;2017001147;VL_PG_RC;-17150.640000000000000;
202512;2258;2007003211;COTAS;29899779.940890000000000;50625158000125
202512;2659;2000002447;COTAS;5028336.753149000000000;
202512;2258;2008001792;COTAS;139242893.190403000000000;50625158000125
202512;2302;9970000000;VL_PG_RC;0.000000000000000;
202512;2316;1979000719;COTAS;366878.900867000000000;27292836000163
202512;2659;9970000000;COTAS;12480308.672616000000000;
202512;2258;2010001656;VL_PG_RC;-72083.140000000000000;
202512;2258;2012000983;COTAS;10964061.578969000000000;50620290000144
202512;2258;2017001538;COTAS;227212180.599217000000000;50620290000144
202512;2258;2010005783;COTAS;5807308.872880000000000;50620435000107
202512;2316;2015001311;COTAS;7339670.391741000000000;
202512;2693;1993000811;COTAS;56309264.765076000000000;06877846000190
202512;2258;2017001538;COTAS;5582842.470137000000000;50620572000141
202512;2231;2018002074;VL_PG_RC;-22556.080000000000000;
202512;2258;2017001538;COTAS;9860396.613576000000000;50625158000125
202512;2258;2012001165;VL_PG_RC;-55626.930000000000000;
202512;2258;2019003211;VL_PG_RC;-3138.650000000000000;
202512;2258;2012001319;VL_PG_RC;-3433.910000000000000;
202512;2693;1993000811;COTAS;42054374.018775000000000;48330517000175
202512;2231;9970000000;VL_PG_RC;0.000000000000000;
202512;3188;2013000456;OPERACAO_PARTICIPANTE;4009680.629818014300000;
202512;2021;1991001274;CAIXA;911.530000000000000;
202512;3188;2016000538;COTAS;2240326.710884000000000;29298975000120
202512;2021;9970000000;COTAS;5495987.576595000000000;
202512;2258;2020002019;CAIXA;2895943.000000000000000;
202512;2066;1974000192;COTAS;18386414.438067000000000;
202512;2258;2012001092;VL_PG_RC;-109615.410000000000000;
202512;3188;2023000947;COTAS;72663.659727000000000;10214125000178
202512;2258;2015000518;CAIXA;0.000000000000000;
202512;2258;1981001565;COTAS;54151.161051000000000;
202512;2083;1995002356;TIT_PRIV;520100.770000000000000;
202512;2258;2017001619;COTAS;2409768.937890000000000;04052631000105
202512;2083;1999005211;COTAS;19482432.225860000000000;42102159000167
202512;2258;2019002256;COTAS;98116916.577150000000000;50620572000141
202512;2083;1999005211;COTAS;1647624960.976757000000000;60286869000176
202512;2258;2015000811;VL_PG_RC;-53944.920000000000000;
202512;2083;2000008283;COTAS;738634313.376779000000000;05170419000105
202512;2395;1994001811;COTAS;39954368.982812000000000;
202512;2292;1998002829;COTAS;500047.434260000000000;
202512;2693;2021001938;VL_PG_RC;-1606.140000000000000;
202512;2292;1990002129;COTAS;326334.351175000000000;
202512;2231;2011001218;COTAS;2960900.035245000000000;44703472000186
202512;2258;2019003147;COTAS;2761113.902970000000000;50634860000155
202512;2231;1982002719;OPERACAO_PARTICIPANTE;354113.810000000000000;
202512;2258;2019003211;COTAS;2088631.734763000000000;50641862000171
202512;2231;1982002883;COTAS;154543265.637185000000000;
202512;2258;2016001038;COTAS;46640.683679000000000;
202512;2231;2012001947;IMOVEIS;20334950.490000000000000;
202512;2258;2014000247;COTAS;660571.482313000000000;50620290000144
202512;2231;2019003074;VL_PG_RC;-45371.670000000000000;
202512;3251;1995001465;CAIXA;700243.610000000000000;
202512;2258;2014001529;COTAS;7960690.818875000000000;50620290000144
202512;2258;2016001038;COTAS;27205294.045264000000000;50620290000144
202512;2395;9970000000;COTAS;9198518.108762000000000;
202512;2258;2014000719;COTAS;32731204.689370000000000;50620435000107
202512;2258;1981001565;COTAS;431306.342571000000000;50620435000107
202512;2083;2000008283;COTAS;56258318.791444000000000;35600762000103
202512;2721;2004002018;COTAS;3413723.897180000000000;
202512;2292;1998002829;COTAS;81026713.940546000000000;
202512;2422;1994003383;CAIXA;28859.050000000000000;
202512;3251;1995001465;COTAS;27957449.045663000000000;
202512;2258;2017001538;VL_PG_RC;-61271.860000000000000;
202512;2258;2014001529;COTAS;5933848.214585000000000;50625158000125
202512;2316;2015001492;COTAS;34977476.063035000000000;27292836000163
202512;2258;2019003392;COTAS;335928.064077000000000;50625158000125
202512;2258;2020003465;COTAS;1152811.138100000000000;50620435000107
202512;2258;2020001111;CAIXA;1818.920000000000000;
202512;2258;1989000738;VL_PG_RC;-53764.330000000000000;
202512;2258;2020002892;COTAS;4232253.423163000000000;51059844000149
202512;2231;2014001383;OPERACAO_PARTICIPANTE;739535.040000000000000;
202512;2231;1992000956;COTAS;21728.823326000000000;
202512;2316;9970000000;COTAS;1786013.954752000000000;
202512;2258;2016000929;VL_PG_RC;-19201.550000000000000;
202512;2316;9970000000;COTAS;2821367.109710000000000;
202512;2231;1992000956;COTAS;133253.850369000000000;
202512;2422;1994003911;CAIXA;308913.810000000000000;
202512;2333;2019000938;COTAS;9583430.843661000000000;
202512;2811;1993002774;COTAS;4922454.803221000000000;
202512;2083;2011002265;COTAS;12439122.346192000000000;09296055000165
202512;2292;1990002129;COTAS;171342.084055000000000;
202512;2258;2017001619;VL_PG_RC;-3521.140000000000000;
202512;2258;1990000118;COTAS;28672893.267827000000000;
202512;2422;2002002665;VL_PG_RC;-3301.400000000000000;
202512;2258;1990000118;COTAS;3087575.133060000000000;
202512;2422;2002003483;COTAS;10534025.845456000000000;14205056000197
202512;2811;9970000000;COTAS;375327.150546000000000;
202512;2258;2021000974;COTAS;134451368.567255000000000;50625158000125
202512;2292;1998002756;COTAS;3213570.803796000000000;
202512;2231;2010002229;VL_PG_RC;-1041985.840000000000000;
202512;2422;1982001356;COTAS;577875.731431000000000;14205056000197
202512;2083;2011002265;OPERACAO_PARTICIPANTE;3494839.730074041000000;
202512;2292;1998002829;COTAS;79634853.047770000000000;04764252000148
202512;2231;2010002474;CAIXA;890173.540000000000000;
202512;2292;1998002756;TIT_PUB;37783772.810000000000000;
202512;2823;1994000392;COTAS;3538083.969989000000000;
202512;2292;2016000392;COTAS;46742.181325000000000;
202512;2422;1994003911;ACOES;6353.980000000000000;
202512;2231;2018002074;COTAS;2120432.189251000000000;44900441000115
202512;2258;1990000118;COTAS;57812681.225427000000000;50625158000125
202512;3304;1995002747;COTAS;1550083.109996000000000;
202512;2422;2002003556;IMOVEIS;840474.270000000000000;
202512;2292;2016000392;COTAS;850104.879856000000000;50799566000101
202512;2292;1990002129;COTAS;11288036.726176000000000;
202512;2292;1998002756;COTAS;1127294.507500000000000;
202512;2258;2019001292;VL_PG_RC;-5283.150000000000000;
202512;2258;2019001365;OPERACAO_PARTICIPANTE;662139.545024000000000;
202512;2231;2010002474;COTAS;100399.966056000000000;
202512;2258;1989000118;COTAS;99036715.801582000000000;50634860000155
202512;2083;2020000229;TIT_PRIV;334151.830000000000000;
202512;2258;1990000118;COTAS;1015906.452800000000000;
202512;2169;1972000111;OPERACAO_PARTICIPANTE;1671224.590000000000000;
202512;2258;2018001256;COTAS;71226.308608000000000;
202512;2258;2019000318;VL_PG_RC;-18535.020000000000000;
202512;2292;2018002538;COTAS;4994709.167372000000000;
202512;2823;1994000392;COTAS;227500.615240000000000;
202512;3304;1995002747;COTAS;247907.418636000000000;
202512;2422;2002002665;COTAS;1034417.190587000000000;14205056000197
202512;3304;1995002747;COTAS;8900708.552845000000000;
202512;2292;1998002756;COTAS;2410531.217536000000000;
202512;2258;1990000118;COTAS;645386.628194000000000;
202512;2292;1998002756;COTAS;68674.447404000000000;
202512;2258;2019002256;CAIXA;1729.940000000000000;
202512;2823;1994000538;COTAS;48859509.280981000000000;
202512;2258;1992000492;COTAS;91624.290270000000000;
202512;2292;1998002829;COTAS;1762691.399353000000000;
202512;3304;1995002747;COTAS;5289021.920424000000000;
202512;2258;1990000118;COTAS;1228727.796710000000000;
202512;2258;1992000719;COTAS;2895484.903453000000000;
202512;2258;1990000118;VL_PG_RC;843880.110000000000000;
202512;2292;9970000000;CAIXA;966372.060000000000000;
202512;2258;1992000565;COTAS;2342446.162920000000000;50620435000107
202512;2302;1988000319;VL_PG_RC;0.000000000000000;
202512;2258;1993000992;VL_PG_RC;-94142.490000000000000;
202512;2231;2010002474;COTAS;5826156.004914000000000;
202512;2292;1998002829;COTAS;137617698.864601000000000;50799566000101
202512;2258;2019001365;COTAS;50050618.750058000000000;50625158000125
202512;2302;1988000483;OPERACAO_PARTICIPANTE;182595818.730000000000000;
202512;3304;1995002747;COTAS;570958.860782000000000;
202512;2258;1993000992;COTAS;115249497.452068000000000;50620290000144
202512;2292;2018002538;COTAS;95594350.950577000000000;
202512;3304;1995002811;COTAS;2517112.029659000000000;
202512;2292;2018002538;COTAS;11992687.110958000000000;
202512;2422;2002003718;COTAS;3130065.975500000000000;14205056000197
202512;2292;2018002538;COTAS;15921626.197098000000000;41562294000122
202512;2231;2011001218;COTAS;12530520.596347000000000;44900441000115
202512;2302;1988000483;COTAS;66953357.288978000000000;41799343000145
202512;2292;1998002829;COTAS;8230686.767089000000000;
202512;2823;1994000538;COTAS;56114690.104658000000000;
202512;2258;1994001356;COTAS;21681376.665041000000000;50634601000124
202512;2169;1999000374;COTAS;18791410.334437000000000;
202512;2258;1992000719;COTAS;165636793.430726000000000;
202512;2292;2016000392;COTAS;2237803.528474000000000;04764252000148
202512;2258;1993003811;VL_PG_RC;-131702.980000000000000;
202512;2292;1998002756;COTAS;5935267.587792000000000;
202512;2169;1999000374;COTAS;360341565.626728000000000;02143194000100
202512;2231;2013001665;COTAS;2076204.015434000000000;44703493000100
202512;2316;2015001492;VL_PG_RC;-608338.100000000000000;
202512;2258;1994001747;COTAS;82589.727745000000000;
202512;2258;1995003719;COTAS;7560365.745921000000000;50620435000107
202512;2258;1996002147;COTAS;29290077.800308000000000;51059511000110
202512;2316;2023001447;COTAS;100291.489095000000000;
202512;2316;1979000719;COTAS;1330993.613321000000000;
202512;2231;2013001665;OPERACAO_PARTICIPANTE;1087932.690000000000000;
202512;2484;2004001992;COTAS;207889485.788207000000000;14985743000172
202512;2422;2002002738;VL_PG_RC;-35970.630000000000000;
202512;2841;1993003592;CAIXA;925.500000000000000;
202512;3304;1995002811;COTAS;3061789.502934000000000;
202512;2258;1993003811;COTAS;246592.923172000000000;
202512;2292;1998002829;CAIXA;114208.510000000000000;
202512;2484;2005000183;COTAS;54743417.711653000000000;18138920000136
202512;2258;2019001365;VL_PG_RC;-66582.630000000000000;
202512;2525;1974000265;COTAS;35876501.929411000000000;05194813000183
202512;2316;1979000719;IMOVEIS;497638.320000000000000;
202512;2258;1996000829;COTAS;43492477.448631000000000;51059284000122
202512;3304;1995002811;COTAS;523263.184349000000000;
202512;2841;1993003592;COTAS;23260543.293568000000000;50825985000162
202512;2422;2002002819;ACOES;1420.240000000000000;
202512;2258;1996000829;COTAS;316326836.706271000000000;52985327000163
202512;2258;1996002147;COTAS;8707179.087836000000000;50620435000107
202512;2292;2018002538;COTAS;998394.381548000000000;
202512;2258;2019003147;COTAS;1101816.917628000000000;50620435000107
202512;2258;2019003392;COTAS;552237.466521000000000;50620435000107
202512;2231;2014001383;TIT_PUB;81919805.190000000000000;
202512;3304;1995002811;COTAS;198419.491148000000000;
202512;2258;1996002465;CAIXA;2122.720000000000000;
202512;2841;2005004611;OPERACAO_PARTICIPANTE;40757961.746101589200000;
202512;2258;1995000183;COTAS;2075022.078009000000000;50620435000107
202512;2292;2018002538;COTAS;14391607.144137000000000;61521870000109
202512;2258;1990000118;COTAS;4039482.375665000000000;
202512;2422;2002004374;VL_PG_RC;-3699.670000000000000;
202512;2258;1990000118;COTAS;128143.699332000000000;
202512;2316;2015001492;COTAS;487849238.264377000000000;27292841000176
202512;2258;1996002147;VL_PG_RC;-65780.700000000000000;
202512;2484;2004001992;COTAS;34900366.167494000000000;42865470000168
202512;2258;1992000492;VL_PG_RC;-49640.970000000000000;
202512;2302;1988000319;COTAS;24566672.809131000000000;29092660000121
202512;2258;2019003392;COTAS;319899.691441000000000;50641862000171
202512;2316;2023001447;VL_PG_RC;-541.740000000000000;
202512;3304;1995002811;COTAS;1230722.371095000000000;
202512;2172;2005005592;VL_PG_RC;-4912.690000000000000;
202512;2316;2023001447;COTAS;222804.203902000000000;
202512;2525;1979004511;COTAS;928.735108000000000;04573108000124
202512;2841;4028410029;VL_PG_RC;-917.790000000000000;
202512;3304;2011001838;COTAS;1333661.871886000000000;
202512;2525;1974000265;COTAS;62602712.049102000000000;45494526000103
202512;2854;1995002518;COTAS;3531181.259447000000000;
202512;2525;2009003756;COTAS;7132408.668535000000000;
202512;2213;1991002483;COTAS;78751656.308402000000000;
202512;2258;1999002229;VL_PG_RC;-148318.360000000000000;
202512;2258;2020001111;COTAS;119904.341357000000000;
202512;2258;1992000565;COTAS;12863810.171837000000000;50634860000155
202512;2316;9970000000;COTAS;1047498.984389000000000;
202512;2231;1992000956;COTAS;20061.314486000000000;
202512;2316;2023001447;COTAS;422981.473316000000000;
202512;2302;1988000483;CAIXA;1007611.950000000000000;
202512;2556;1993000119;COTAS;155010.564422000000000;
202512;2854;2011000319;OPERACAO_PARTICIPANTE;5570488.340000000000000;
202512;2302;1988000483;COTAS;26340180.840077000000000;
202512;3321;1995002992;COTAS;12203021.096004000000000;
202512;2292;1998002829;COTAS;1530048.027155000000000;
202512;2258;1999003683;COTAS;153269.498508000000000;
202512;2258;2020001111;COTAS;42630701.172167000000000;51059844000149
202512;2258;1999003829;COTAS;17463.996425000000000;
202512;2258;1995003174;CAIXA;15610.310000000000000;
202512;2333;9970000000;COTAS;23462013.920013000000000;
202512;2258;2020001111;COTAS;37530826.667169000000000;50625158000125
202512;2525;2009003756;COTAS;219173511.643046000000000;04573108000124
202512;2258;1995003719;COTAS;10914672.246467000000000;50634860000155
202512;3321;1995002992;COTAS;14965045.322365000000000;
202512;3321;1995002992;COTAS;1361113.165635000000000;
202512;2258;2020001292;VL_PG_RC;-37017.780000000000000;
202512;2258;1994001356;COTAS;100289461.075750000000000;50620290000144
202512;3349;1995003638;COTAS;5183971.505538000000000;
202512;2333;2019000938;CAIXA;44526.710000000000000;
202512;2395;1994001811;COTAS;36213197.553495000000000;
202512;2258;2000004156;COTAS;36407.279679000000000;50620290000144
202512;2333;2019000938;COTAS;9421402.970080000000000;
202512;2258;1997004356;COTAS;120837.041364000000000;
202512;2556;1993000119;COTAS;1891415.465822000000000;
202512;2258;2001000618;COTAS;5465505.010980000000000;50620290000144
202512;2258;1994001429;COTAS;97757638.143088000000000;50620290000144
202512;2395;1994001811;COTAS;26453118.444189000000000;
202512;2556;1993000119;COTAS;1456440.000000000000000;
202512;2258;1998002365;VL_PG_RC;-138444.990000000000000;
202512;2258;1994001747;COTAS;13240308.277098000000000;50634860000155
202512;2909;1993003411;VL_PG_RC;-25762.120000000000000;
202512;2258;2006000683;COTAS;35905041.160681000000000;50634860000155
202512;2231;2008003019;COTAS;650906.168847000000000;44703493000100
202512;2258;1994003138;COTAS;8411648.815101000000000;52980608000123
202512;2258;1995000183;COTAS;2245822.808110000000000;50620572000141
202512;2395;1994001811;COTAS;4025288.874288000000000;
202512;2258;1999003683;COTAS;89610949.360765000000000;50634860000155
202512;2231;2008003019;TIT_PUB;8208048.860000000000000;
202512;2231;2010002229;COTAS;12924177.204626000000000;
202512;2258;1999002229;COTAS;236822.513399000000000;
202512;2231;2010002229;COTAS;2295032.290427000000000;
202512;2909;2016000465;VL_PG_RC;-14065.370000000000000;
202512;2258;1996002465;COTAS;325954240.335617000000000;50620290000144
202512;2912;1993003738;CAIXA;56495.560000000000000;
202512;3349;1995003638;COTAS;137726837.701880000000000;
202512;2525;2009003756;COTAS;17665059.902782000000000;45494526000103
202512;2395;1994001811;COTAS;5383953.426364000000000;
202512;2292;1998002829;COTAS;144076986.557900000000000;50765883000107
202512;2931;1994000211;COTAS;11901532.115636000000000;
202512;2395;1994001811;COTAS;109934631.767725000000000;
202512;2258;2006001647;COTAS;26609754.289423000000000;22282955000111
202512;2258;1999002229;COTAS;433873497.579005000000000;51079513000170
202512;2258;2020001292;COTAS;17994665.912235000000000;50620290000144
202512;2422;1982001747;ACOES;2937.660000000000000;
202512;2258;2020002892;COTAS;7369058.791444000000000;51059511000110
202512;2258;2007003465;CAIXA;3.440000000000000;
202512;2302;9970000000;CAIXA;23438.420000000000000;
202512;2258;2020001292;COTAS;8371112.783170000000000;50620819000120
202512;2931;1994000211;COTAS;7934512.146548000000000;
202512;3349;1995003638;COTAS;26493212.101450000000000;
202512;2931;1994000211;COTAS;14781267.980711000000000;
202512;2316;2023001447;COTAS;423246.574883000000000;
202512;2231;2010002229;COTAS;72638631.035272000000000;44703493000100
202512;2316;9970000000;CAIXA;67242.880000000000000;
202512;2931;1994000211;COTAS;3810117.123142000000000;
202512;2258;2000004474;COTAS;149348519.504247000000000;04052631000105
202512;2258;1999003683;VL_PG_RC;-45325.770000000000000;
202512;2231;2011001218;COTAS;782239.339319000000000;
202512;2395;1994001811;COTAS;8783476.243158000000000;
202512;2258;2000004474;VL_PG_RC;-202437.300000000000000;
202512;2525;2020002256;COTAS;18394983.142535000000000;
202512;2258;2022003047;CAIXA;56408.560000000000000;
202512;2258;1999003829;COTAS;63789691.829065000000000;50620290000144
202512;2258;1999003683;COTAS;61800944.156892000000000;50620290000144
202512;2422;1982001747;CAIXA;295077.860000000000000;
202512;3407;1995003247;COTAS;160279.157483000000000;
202512;2292;2016000392;COTAS;11440.572224000000000;
202512;2258;2022003047;VL_PG_RC;-6194.730000000000000;
202512;2556;1998007618;COTAS;9842068.226952000000000;
202512;2258;2008001792;COTAS;106649550.177161000000000;50620435000107
202512;2556;1998007618;COTAS;19873202.908566000000000;
202512;2258;2023000092;COTAS;427.082813000000000;
202512;2258;2002001138;COTAS;994736.821028000000000;50620435000107
202512;3407;9970000000;VL_PG_RC;-21.940000000000000;
202512;2292;2016000392;COTAS;14835.214093000000000;
202512;2258;9970000000;CAIXA;550589.910000000000000;
202512;2258;2002001138;CAIXA;0.000000000000000;
202512;2292;1990002129;VL_PG_RC;-1473.800000000000000;
202512;3438;2001002092;COTAS;1416335.272206000000000;
202512;2931;9970000000;COTAS;697302.870005000000000;
202512;2316;9970000000;COTAS;52206.297256000000000;
202512;2422;2002002738;OPERACAO_PARTICIPANTE;76.530044242800000;
202512;2292;2018002538;COTAS;1166782.266519000000000;
202512;2556;9970000000;COTAS;0.230614000000000;
202512;2258;2009001656;COTAS;101049784.828204000000000;50620290000144
202512;2258;2003003029;TIT_PUB;8964811.170000000000000;
202512;2316;9970000000;VL_PG_RC;-4482.110000000000000;
202512;2258;2023001129;COTAS;1820806.585232000000000;50625158000125
202512;2561;2014000174;COTAS;140109172.385433000000000;
202512;2258;2006001647;COTAS;518459.310909000000000;
202512;2333;1992001065;COTAS;770893893.736025000000000;04288830000117
202512;2292;1990002129;COTAS;160607.478723000000000;
202512;2258;2002001138;COTAS;8036.658302000000000;
202512;2395;1994001811;COTAS;11633541.815147000000000;
202512;2258;2012001165;COTAS;13668589.248723000000000;50620290000144
202512;2292;1990002129;COTAS;5061136.629257000000000;41562294000122
202512;2561;2014001219;COTAS;70108683.018976000000000;41545586000157
202512;2991;1994002492;COTAS;4170451.482687000000000;
202512;2422;1982001747;COTAS;38698323.125308000000000;14205056000197
202512;2258;2006001647;COTAS;23038897.102715000000000;49927877000111
202512;2258;2006003283;COTAS;8566.869168000000000;
202512;2422;2002003238;ACOES;1904.200000000000000;
202512;2292;2018002538;COTAS;33501687.262836000000000;50799566000101
202512;2258;2012001319;COTAS;9757840.583565000000000;50620290000144
202512;2258;2006006111;COTAS;38717946.426169000000000;50634860000155
202512;2292;1998002756;COTAS;735105.805723000000000;
202512;2525;2023000556;CAIXA;28467.800000000000000;
202512;2422;2002003556;ACOES;3121.930000000000000;
202512;2422;2002003556;COTAS;7340813.939413000000000;14205056000197
202512;3438;2002000956;VL_PG_RC;0.000000000000000;
202512;2258;1999003829;COTAS;26658021.166539000000000;50620572000141
202512;2258;2000004156;VL_PG_RC;-19858.520000000000000;
202512;2422;1982001747;OPERACAO_PARTICIPANTE;2365.810082122400000;
202512;2258;2000006019;CAIXA;0.000000000000000;
202512;2292;1998002756;COTAS;824673.480159000000000;
202512;2422;2002004447;ACOES;62766.510000000000000;
202512;2561;9970000000;CAIXA;118413.270000000000000;
202512;3006;1994002174;ACOES;1.880000000000000;
202512;3006;1994002174;COTAS;11290360.210000000000000;
202512;2484;2004001992;COTAS;60765359.760931000000000;49361982000136
202512;2258;2001000618;CAIXA;5406.130000000000000;
202512;2258;2007002418;CAIXA;0.000000000000000;
202512;2395;1994001811;COTAS;2767846.013559000000000;
202512;2525;2023000556;COTAS;447523.985320000000000;41763054000196
202512;2659;2000002447;COTAS;11735741.990683000000000;
202512;2258;2007002418;COTAS;6324653.138335000000000;50625158000125
202512;2258;2003002911;CAIXA;532.940000000000000;
202512;2231;2011001218;COTAS;6643.403904000000000;
202512;2258;2010005783;COTAS;41534.290621000000000;
202512;2693;1993000811;COTAS;731791923.092940000000000;60185223000100
202512;2292;9970000000;VL_PG_RC;0.000000000000000;
202512;2302;1988000319;COTAS;25569626.285676000000000;03100395000192
202512;2258;2012001319;OPERACAO_PARTICIPANTE;45454.010000000000000;
202512;2292;1998002756;COTAS;39510297.297333000000000;50765883000107
202512;2292;1998002756;COTAS;27083339.393205000000000;
202512;2292;1998002756;COTAS;3905724.962622000000000;50799566000101
202512;3438;2002002118;COTAS;4182114.552380000000000;20030716000149
202512;3037;1994001119;COTAS;6469226.591103000000000;
202512;2258;2006006411;CAIXA;1002.840000000000000;
202512;2422;2002002665;IMOVEIS;120332.360000000000000;
202512;2258;2010005783;COTAS;18048368.304942000000000;50620572000141
202512;2556;1993000119;VL_PG_RC;73140499.160000000000000;
202512;3099;1999005465;CAIXA;1640.360000000000000;
202512;2316;1979000719;COTAS;9991805.704524000000000;27292841000176
202512;2258;2014000247;VL_PG_RC;-31874.170000000000000;
202512;3438;2006002856;OPERACAO_PARTICIPANTE;254773.440000000000000;
202512;2316;1979000719;OPERACAO_PARTICIPANTE;15805.810000000000000;
202512;2395;1994001811;COTAS;6354182.134907000000000;
202512;2316;2015001311;COTAS;91146657.226426000000000;30509257000134
202512;3099;2020003074;COTAS;2343611.189185000000000;04701028000107
202512;2484;2005000183;COTAS;22628898.913649000000000;42865537000164
202512;3438;2007003856;CAIXA;4366.770000000000000;
202512;2556;1998007618;COTAS;59476.602090000000000;
202512;2258;2014001529;CAIXA;0.000000000000000;
202512;2316;2015001311;IMOVEIS;24763566.460000000000000;
202512;2395;1994001811;COTAS;1094515.446772000000000;
202512;2693;9970000000;COTAS;4398654.616972000000000;
202512;2422;1982001356;ACOES;50.350000000000000;
202512;2258;2012000983;COTAS;3775669.422565000000000;50620435000107
202512;2258;2017001538;COTAS;13157140.621829000000000;50634860000155
202512;2231;2011001218;COTAS;314159.857035000000000;
202512;2258;2017001619;CAIXA;0.000000000000000;
202512;2333;9970000000;COTAS;17481212.091760000000000;
202512;2258;2005005347;COTAS;7254780.137031000000000;50620435000107
202512;3438;2012000347;VL_PG_RC;0.000000000000000;
202512;2292;1998002829;COTAS;6903442.469673000000000;
202512;2422;2002002738;CAIXA;195571.740000000000000;
202512;2721;2004002018;VL_PG_RC;-1748822.280000000000000;
202512;2231;2011001218;COTAS;17556312.991835000000000;
202512;2292;1998002829;COTAS;3488324.073441000000000;
202512;2231;2012001947;OPERACAO_PARTICIPANTE;5117435.859964320800000;
202512;2258;2014001529;COTAS;4760.014730000000000;
202512;2292;2016000392;COTAS;49734.162702000000000;
202512;2258;2007000611;COTAS;4663171.633479000000000;50625158000125
202512;3126;1993001492;COTAS;986375.640232000000000;
202512;2511;1992001529;CAIXA;167238.370000000000000;
202512;2422;2002003483;CAIXA;157584.480000000000000;
202512;285;2006000756;TIT_PUB;30799999.780000000000000;
202512;3126;1995000711;COTAS;756116.777676000000000;
202512;2292;2016000392;COTAS;27576852.213186000000000;50765883000107
202512;2525;1974000265;COTAS;2877767.198231000000000;
202512;309;1979003629;COTAS;485600.313037000000000;
202512;3126;1995002674;COTAS;2641507.005535000000000;
202512;309;1979003629;COTAS;3578389.052327000000000;
202512;2525;2020002256;COTAS;6276187.955912000000000;05194813000183
202512;309;1979003629;COTAS;11782516.125760000000000;
202512;309;2011000165;COTAS;119014.696379000000000;
202512;3126;1995002674;COTAS;3160295.013031000000000;
202512;312;1978000138;COTAS;10030521.591470000000000;
202512;312;1978000138;COTAS;76363218.613320000000000;
202512;2422;2002003556;OPERACAO_PARTICIPANTE;129643.846448421400000;
202512;3126;1995002674;COTAS;1658463.196209000000000;
202512;2556;1993000119;CAIXA;182487.930000000000000;
202512;2292;2018002538;COTAS;455748.649510000000000;
202512;3126;1997001918;COTAS;1234920.600000000000000;
202512;312;2006003429;VL_PG_RC;-896367.190000000000000;
202512;2556;1993000119;IMOVEIS;65559455.000000000000000;
202512;2422;2002004218;CAIXA;641444.200000000000000;
202512;326;1979002118;COTAS;135707783.741459000000000;49997061000164
202512;2231;2014001383;COTAS;213499.838281000000000;
202512;3126;1997001918;COTAS;7510548.257979000000000;
202512;2422;2002004447;COTAS;562619032.294145000000000;14205056000197
202512;2796;1993002529;COTAS;34853258.135749000000000;21624743000102
202512;2292;2018002538;COTAS;1985398.663266000000000;
202512;3126;1998002292;COTAS;69604.667584000000000;
202512;2302;1988000319;COTAS;20579752.388005000000000;29106500000194
202512;2231;2019003074;COTAS;554437.046759000000000;
202512;2302;1988000483;COTAS;705723490.242389000000000;00977449000104
202512;2316;2015001311;COTAS;7121248.793755000000000;
202512;2556;1993000119;TIT_PUB;1228743199.640000000000000;
202512;2556;9970000000;VL_PG_RC;1849.850000000000000;
202512;2316;2015001492;COTAS;26727821.981108000000000;56479808000158
202512;2333;9970000000;COTAS;2674846.716743000000000;
202512;2395;1994001811;COTAS;31260390.754183000000000;
202512;2395;1994001811;COTAS;56156711.555455000000000;
202512;2556;1998007618;COTAS;3391.325938000000000;
202512;2395;1994001811;COTAS;618069.121709000000000;
202512;2395;1994001811;COTAS;708305.333347000000000;
202512;2292;1998002756;COTAS;10629590.953779000000000;
202512;2395;1994001811;COTAS;34893540.186363000000000;
202512;2395;1994001811;COTAS;67134753.989365000000000;
202512;2422;2002004447;OPERACAO_PARTICIPANTE;1377450.423864667500000;
202512;2556;1998007618;COTAS;6715758.085603000000000;
202512;2395;1994001811;COTAS;3810833.155719000000000;
202512;2556;1998007618;COTAS;65570697.347662000000000;
202512;2561;1999000447;COTAS;10639888.969863000000000;
202512;3126;1998002292;COTAS;465270584.134556000000000;
202512;2292;1998002756;COTAS;10275451.351580000000000;
202512;2561;2014000174;VL_PG_RC;-12350.750000000000000;
202512;2525;2009003756;COTAS;314167018.574879000000000;05194813000183
202512;2561;2014001219;VL_PG_RC;-7017.370000000000000;
202512;2292;1998002756;COTAS;634969857.030428000000000;14549707000166
202512;2561;1999000447;COTAS;32710159.037521000000000;40226038000100
202512;2556;1993000119;COTAS;-13228.757137000000000;
202512;2693;1993000811;VL_PG_RC;-3783.930000000000000;
202512;2292;1998002756;OPERACAO_PARTICIPANTE;42496823.183436000000000;
202512;2556;1998007618;COTAS;34938.372521000000000;
202512;2292;1998002829;COTAS;4482568.923386000000000;
202512;3126;1999002318;COTAS;3792479.658820000000000;
202512;2258;2019000318;COTAS;3564141.355441000000000;50620435000107
202512;2561;2014001219;COTAS;93028027.388931000000000;55174203000196
202512;2292;1998002829;VL_PG_RC;-11511.760000000000000;
202512;2721;2004002018;COTAS;3961864.144581000000000;
202512;2561;9970000000;VL_PG_RC;-119.260000000000000;
202512;2395;1994001811;COTAS;23194169.216728000000000;
202512;2422;1982001747;VL_PG_RC;-47831.280000000000000;
202512;2422;1994003383;IMOVEIS;149498.440000000000000;
202512;2796;9970000000;CAIXA;28769.230000000000000;
202512;2422;1994003383;OPERACAO_PARTICIPANTE;2650.710055397600000;
202512;2422;2002002665;CAIXA;19273.060000000000000;
202512;2659;1995001783;COTAS;59504928.400197000000000;13130811000159
202512;2292;2016000392;COTAS;62251236.142540000000000;
202512;2422;2002002738;IMOVEIS;1311168.180000000000000;
202512;2811;1993002774;CAIXA;1626517.100000000000000;
202512;2258;2005005411;COTAS;30885462.432767000000000;50620435000107
202512;2556;1998007618;TIT_PUB;1369751971.130000000000000;
202512;2721;2004002018;COTAS;341252312.868857000000000;13914334000112
202512;2422;1994003847;CAIXA;4908.150000000000000;
202512;2556;2018001574;VL_PG_RC;-31103.620000000000000;
202512;3126;2001000774;COTAS;2362467.529983000000000;
202512;2422;2002004447;VL_PG_RC;-494123.560000000000000;
202512;2811;1993002774;COTAS;1278312.671779000000000;
202512;2292;2016000392;COTAS;5777533.100255000000000;41562294000122
202512;3438;2021002438;VL_PG_RC;-13534.730000000000000;
202512;2721;2004002018;COTAS;169296232.487258000000000;28021980000128
202512;2659;2000002447;COTAS;22061845.340218000000000;
202512;3438;2021002918;COTAS;310141.749326000000000;
202512;2231;2019003074;COTAS;18860240.442114000000000;
202512;2258;1981001565;TIT_PUB;32410555.100000000000000;
202512;2811;1993002774;ACOES;9273601.320000000000000;
202512;3126;2001001983;COTAS;3873423.086508000000000;
202512;2258;1989000738;TIT_PUB;112376031.280000000000000;
202512;2561;1999000447;COTAS;515420.390024000000000;
202512;3126;2006001183;COTAS;471576.292624000000000;
202512;2561;1999000447;COTAS;107736750.448870000000000;
202512;2811;1993002774;COTAS;8648131.171173000000000;
202512;2422;1994003911;IMOVEIS;1710551.270000000000000;
202512;2659;2000002447;COTAS;23405192.374373000000000;
202512;3126;2006001183;COTAS;10558512.846032000000000;
202512;2811;9970000000;COTAS;39652.219460000000000;
202512;3472;1984001183;COTAS;205290602.096202000000000;07504907000137
202512;2292;2018002538;COTAS;427237.200000000000000;
202512;2395;1994001811;TIT_PUB;315653246.910000000000000;
202512;2302;1988000483;COTAS;64621194.638244000000000;17786540000145
202512;2258;2006000683;VL_PG_RC;-125555.580000000000000;
202512;2811;1993002774;COTAS;20587384.131014000000000;
202512;2258;2006001647;COTAS;15409252.484483000000000;29983486000107
202512;2484;2005000183;COTAS;37027787.371133000000000;49361982000136
202512;2258;2019003147;CAIXA;0.000000000000000;
202512;2258;1990000118;COTAS;5551978.080042000000000;
202512;2258;2006001647;VL_PG_RC;-211828.940000000000000;
202512;3126;2006001183;COTAS;303819.344617000000000;
202512;2811;1993002774;COTAS;2029314.318803000000000;
202512;2316;2015001492;IMOVEIS;38985415.270000000000000;
202512;2258;2006006111;VL_PG_RC;-141781.110000000000000;
202512;2258;2007000611;VL_PG_RC;-69381.910000000000000;
202512;2561;2014000174;COTAS;100310876.207463000000000;
202512;2258;2020001292;COTAS;35194.699979000000000;
202512;2422;2002003238;IMOVEIS;512631.420000000000000;
202512;2811;9970000000;COTAS;622180.695399000000000;
202512;2693;2021001938;CAIXA;9353.020000000000000;
202512;2525;1974000265;COTAS;1291475386.738323000000000;58437280000180
202512;2258;1990000118;COTAS;1010072.012711000000000;
202512;2422;2002003483;OPERACAO_PARTICIPANTE;57922.591735424000000;
202512;2316;2023001447;COTAS;520866.930225000000000;
202512;3126;2006001183;COTAS;5439340.245181000000000;
202512;2823;1994000465;COTAS;22144598.350589000000000;
202512;2422;1994003383;ACOES;555.750000000000000;
202512;2811;9970000000;COTAS;95298.124482000000000;
202512;2258;1990000118;COTAS;2560944.563883000000000;49927877000111
202512;2811;9970000000;VL_PG_RC;-1883.870000000000000;
202512;3472;1984001183;COTAS;1396789.765016000000000;17703476000191
202512;3126;2006001183;COTAS;1862036.346522000000000;
202512;2422;2002003556;CAIXA;148228.900000000000000;
202512;2258;1993002847;COTAS;4658614.208018000000000;50620435000107
202512;2422;1994003847;COTAS;804938.727236000000000;14205056000197
202512;2258;2007002418;COTAS;7628150.084272000000000;50634601000124
202512;2693;2021001938;COTAS;124268.437893000000000;
202512;2258;2023000092;VL_PG_RC;-7072.860000000000000;
202512;2258;2007002256;CAIXA;0.000000000000000;
202512;2258;2007003465;COTAS;58672605.179561000000000;50620572000141
202512;2258;2007002418;VL_PG_RC;-69842.960000000000000;
202512;2258;2008000338;CAIXA;0.000000000000000;
202512;2258;2008000338;COTAS;20967743.241569000000000;50620290000144
202512;3126;2006001183;VL_PG_RC;-16716.120000000000000;
202512;2422;2002004218;IMOVEIS;4519013.840000000000000;
202512;2823;1994000538;COTAS;50722213.241494000000000;
202512;2525;2009003756;TIT_PUB;31923278.000000000000000;
202512;2422;2002002819;CAIXA;68653.060000000000000;
202512;2422;2002002819;VL_PG_RC;-10572.820000000000000;
202512;2561;2014000174;COTAS;695241533.976320000000000;
202512;3126;2006003747;COTAS;142292.101798000000000;
202512;2258;2010001338;COTAS;24390900.972649000000000;50620290000144
202512;2721;2004002018;COTAS;37522372.288603000000000;13911092000103
202512;2823;1994000392;COTAS;1745451.401815000000000;
202512;2823;9970000000;CAIXA;145411.460000000000000;
202512;2258;1994003138;COTAS;36261311.024092000000000;52985327000163
202512;2841;2005004529;COTAS;1669479.851129000000000;
202512;2823;1994000392;COTAS;649251.160801000000000;
202512;2258;1996000829;COTAS;120752484.273214000000000;51059844000149
202512;2561;2014000174;COTAS;33602956.774396000000000;40226038000100
202512;2333;1992001065;COTAS;622943181.624585000000000;04682817000148
202512;2258;1997000547;COTAS;438673.630891000000000;
202512;2333;2019000938;COTAS;7194356.924531000000000;
202512;2525;2020002256;COTAS;1523452.396390000000000;45494526000103
202512;2796;9970000000;VL_PG_RC;3024.940000000000000;
202512;2258;1999002229;COTAS;25912410.249761000000000;50634860000155
202512;2796;1993002529;COTAS;400108231.165436000000000;14298797000160
202512;3472;2023000718;COTAS;63702046.761416000000000;07420547000195
202512;2395;1994001811;COTAS;30720150.668088000000000;
202512;2811;1993002774;COTAS;1408467.377251000000000;
202512;2823;1994000392;COTAS;547215.072851000000000;
202512;2258;2016000929;CAIXA;0.000000000000000;
202512;3126;2006003747;COTAS;145651.453794000000000;
202512;2525;1979004511;TIT_PRIV;5564714.000000000000000;
202512;2823;1994000392;VL_PG_RC;-53504.960000000000000;
202512;2395;1994001811;COTAS;6672532.318291000000000;
202512;2823;1994000465;CAIXA;266171.930000000000000;
202512;2395;1994001811;COTAS;17949586.977008000000000;
202512;3126;2006003747;COTAS;48240.571118000000000;
202512;2292;1990002129;COTAS;318295.654565000000000;
202512;2823;1994000465;COTAS;21836280.734443000000000;
202512;2422;1982001356;CAIXA;2538.870000000000000;
202512;2811;1993002774;COTAS;2029124.288046000000000;
202512;3472;2023000718;COTAS;173664.417270000000000;17703476000191
202512;2422;2002003238;VL_PG_RC;-18653.980000000000000;
202512;2525;2009003756;VL_PG_RC;1204.480000000000000;
202512;2258;2012001092;COTAS;115378026.184273000000000;50620290000144
202512;2556;1993000119;COTAS;66545.247703000000000;
202512;2292;1998002756;COTAS;748594.875150000000000;
202512;2912;2005006711;COTAS;464690733.845400000000000;09636594000104
202512;3126;2006003811;COTAS;51062.186599000000000;
202512;2422;2002003483;ACOES;3671.010000000000000;
202512;2556;1998007618;COTAS;280888.222895000000000;
202512;3486;1996002074;COTAS;18171617.886266000000000;
202512;2422;2002003718;ACOES;2219.180000000000000;
202512;3126;2006004011;COTAS;0.025050000000000;
202512;2258;2012001165;CAIXA;272.280000000000000;
202512;2422;1994003847;VL_PG_RC;-779.450000000000000;
202512;2525;2020002256;VL_PG_RC;-187.590000000000000;
202512;3126;2006004011;COTAS;1196965.122452000000000;
202512;2525;2023000556;COTAS;25634257.710334000000000;
202512;2422;2002004374;ACOES;136.020000000000000;
202512;2525;9970000000;TIT_PRIV;175904.000000000000000;
202512;2823;1994000465;COTAS;4291653.271862000000000;
202512;2422;2002002665;OPERACAO_PARTICIPANTE;1337.020003062800000;
202512;2556;1993000119;COTAS;3540336.716171000000000;
202512;2258;2012001319;CAIXA;0.000000000000000;
202512;3486;1996002074;COTAS;26552112.840719000000000;
202512;2422;2002004218;COTAS;138617557.722826000000000;14205056000197
202512;3486;9970000000;CAIXA;380411.560000000000000;
202512;2556;1998007618;COTAS;3494964.060300000000000;
202512;2258;2014000719;COTAS;64754.966057000000000;
202512;2258;2008000338;COTAS;751148.586204000000000;50620435000107
202512;2823;1994000538;COTAS;71474078.052646000000000;
202512;2556;1998007618;COTAS;19071562.312830000000000;
202512;2292;1998002756;COTAS;13812505.146454000000000;
202512;3126;2006007165;VL_PG_RC;-18651.420000000000000;
202512;2258;2008001792;COTAS;132216.890766000000000;
202512;2422;9970000000;CAIXA;1160718.050000000000000;
202512;2292;1998002829;COTAS;2779533.469188000000000;
202512;2484;2004001992;COTAS;68870767.328934000000000;61111715000106
202512;3527;2020001365;COTAS;2427016.877247000000000;
202512;2292;2016000392;COTAS;18047.445581000000000;
202512;2912;2005006711;COTAS;23748552.922599000000000;60617918000106
202512;2258;2019000318;COTAS;13555621.374893000000000;50620819000120
202512;2912;9970000000;COTAS;5283754.746203000000000;09564278000166
202512;2931;1994000211;COTAS;5943673.879495000000000;
202512;2258;2019000318;OPERACAO_PARTICIPANTE;272388.410000000000000;
202512;2931;1994000211;COTAS;2626041.723980000000000;
202512;2258;2019001365;COTAS;20063.900293000000000;
202512;2991;1994002492;CAIXA;380179.710000000000000;
202512;2991;9970000000;COTAS;3213832.642908000000000;
202512;2556;9970000000;COTAS;40468.120924000000000;
202512;2258;2019001756;COTAS;2151607.268237000000000;50634601000124
202512;2258;2019002256;COTAS;125405.783406000000000;
202512;2991;9970000000;VL_PG_RC;-648.510000000000000;
202512;3023;2001001738;COTAS;35854495.562287000000000;
202512;2258;2019003147;COTAS;6370385.214987000000000;50641862000171
202512;2561;1999000447;COTAS;127802.682204000000000;
202512;3037;1994001119;CAIXA;21551.360000000000000;
202512;3037;1994001119;COTAS;28969017.650111000000000;
202512;2561;2014001219;CAIXA;39556.170000000000000;
202512;2561;2014001219;COTAS;84975290.058993000000000;
202512;2258;2019003147;VL_PG_RC;-9139.330000000000000;
202512;2659;1995001783;OPERACAO_PARTICIPANTE;236016.799986853800000;
202512;2258;2019003392;COTAS;314058.759517000000000;50620290000144
202512;326;2006001574;TIT_PUB;1095582407.300000000000000;
202512;3037;1994001119;OPERACAO_PARTICIPANTE;700575.670000000000000;
202512;3037;9970000000;CAIXA;76641.150000000000000;
202512;326;2021002111;COTAS;160148803.667531000000000;49995995000167
202512;3099;1997000318;COTAS;42495507.971729000000000;13411833000197
202512;3099;1999004647;COTAS;1025936.070000000000000;
202512;2258;2020002019;COTAS;244702.516090000000000;
202512;2659;2000002447;COTAS;11505385.594749000000000;
202512;3099;1999004647;OPERACAO_PARTICIPANTE;139661.040000000000000;
202512;3099;9970000000;COTAS;20058809.941661000000000;
202512;326;9970000000;TIT_PUB;83963820.780000000000000;
202512;3126;1988000947;CAIXA;2197.880000000000000;
202512;2693;1993000811;CAIXA;19503.350000000000000;
202512;3126;1988000947;COTAS;747989.756326000000000;
202512;3126;1988000947;IMOVEIS;9573.200000000000000;
202512;3126;1993001492;COTAS;144298.717336000000000;
202512;2693;2021001938;COTAS;1103021.935717000000000;41727284000108
202512;3126;1993001492;COTAS;10286317.238379000000000;
202512;2811;1993002774;COTAS;1434042.001729000000000;
202512;3126;1993002219;COTAS;4304593.529967000000000;
202512;3126;1993002219;COTAS;61544518.198809000000000;
202512;2811;1993002774;COTAS;5032337.998896000000000;
202512;361;1980002029;COTAS;354790.540138000000000;
202512;3126;1993002219;COTAS;1394259.121766000000000;
202512;2811;1993002774;COTAS;68923826.976638000000000;
202512;3126;1993002219;COTAS;1109659.095510000000000;
202512;3126;1993002219;VL_PG_RC;-227933.280000000000000;
202512;2258;2020002892;VL_PG_RC;-10645.230000000000000;
202512;3126;1994001674;VL_PG_RC;-38688.910000000000000;
202512;2823;1994000392;COTAS;871118.770000000000000;
202512;361;1980002029;COTAS;78529460.214997000000000;
202512;2484;2005000183;CAIXA;41959.530000000000000;
202512;2823;1994000392;COTAS;89767.955108000000000;
202512;2823;1994000538;COTAS;5516369.576542000000000;
202512;2292;2016000392;COTAS;806011.577766000000000;
202512;2811;1993002774;COTAS;1973378.174080000000000;
202512;2422;2002004218;VL_PG_RC;-126234.470000000000000;
202512;2258;2016000929;COTAS;7718317.149873000000000;50625158000125
202512;2556;1998007618;COTAS;1576596.901262000000000;
202512;3126;2007002019;COTAS;2306128.123928000000000;
202512;2484;2005000183;COTAS;11357193.524001000000000;42865356000138
202512;2811;1993002774;COTAS;4975227.377570000000000;
202512;2484;2005000183;COTAS;9732130.216181000000000;42865470000168
202512;2823;1994000392;COTAS;271609.071310000000000;
202512;2811;1993002774;COTAS;1960194.086022000000000;
202512;2258;2020003465;COTAS;3063714.394751000000000;50625158000125
202512;2556;1998007618;COTAS;90337909.200000000000000;35939526000116
202512;2292;2016000392;COTAS;354602.208094000000000;
202512;2823;1994000465;COTAS;454393199.275560000000000;
202512;2258;2017001074;COTAS;2325790.826072000000000;50620290000144
202512;2422;9970000000;ACOES;2315.600000000000000;
202512;2292;2016000392;OPERACAO_PARTICIPANTE;2690695.035840000000000;
202512;3527;2020001365;COTAS;80751856.612901000000000;
202512;2292;2016000392;TIT_PUB;1488759.650000000000000;
202512;2258;2010001338;CAIXA;24.180000000000000;
202512;2292;2018002538;CAIXA;149809.150000000000000;
202512;2292;2018002538;COTAS;22195178.141982000000000;
202512;2561;2014000174;COTAS;101275659.945605000000000;41545586000157
202512;2258;2000004474;CAIXA;0.000000000000000;
202512;2258;2001000618;COTAS;33461.361821000000000;
202512;3527;2020001756;COTAS;27729467.483239000000000;
202512;2587;9970000000;CAIXA;191751.320000000000000;
202512;2484;2005000183;COTAS;26650750.755402000000000;49962448000185
202512;2811;1993002774;COTAS;22259300.079885000000000;
202512;2823;1994000538;TIT_PUB;185688579.510000000000000;
202512;3126;1994002956;COTAS;10704209.889164000000000;
202512;3126;2008000192;COTAS;21694071.111952000000000;
202512;2484;9970000000;VL_PG_RC;-760.300000000000000;
202512;2811;1993002774;TIT_PUB;23772311.960000000000000;
202512;2484;2005000183;VL_PG_RC;-5107.910000000000000;
202512;2258;2003002911;COTAS;177246958.177905000000000;50620290000144
202512;2823;1994000392;COTAS;1713748.469345000000000;
202512;2258;2003003029;COTAS;7535585.189804000000000;50620819000120
202512;2823;1994000538;COTAS;445915997.148570000000000;
202512;2841;9970000000;COTAS;652433.762917000000000;
202512;3126;2008000192;COTAS;34480299.923185000000000;
202512;2484;9970000000;COTAS;1989599.579022000000000;61111715000106
202512;2292;2018002538;TIT_PUB;232485533.300000000000000;
202512;2854;2022000447;COTAS;6787451.728831000000000;
202512;2823;1994000465;COTAS;34799311.795166000000000;
202512;2909;2010004711;TIT_PUB;5299835.750000000000000;
202512;2659;2000002447;COTAS;9999291.613873000000000;
202512;2258;2006003283;CAIXA;315.740000000000000;
202512;2511;1992001529;COTAS;1906935860.317629000000000;05211523000109
202512;2258;2010001338;VL_PG_RC;-28154.000000000000000;
202512;2811;1993002774;COTAS;2649886.123591000000000;
202512;2258;2006006411;COTAS;87326.285538000000000;
202512;2823;1994000392;COTAS;4111530.102728000000000;
202512;2525;1974000265;IMOVEIS;3351027.210000000000000;
202512;2823;1994000538;COTAS;6283470.424157000000000;
202512;2258;2014001618;COTAS;10786484.151858000000000;50620290000144
202512;2258;2017001147;CAIXA;124236.850000000000000;
202512;3126;1995000711;COTAS;2856044.953370000000000;
202512;2912;1993003738;COTAS;2797746.227646000000000;36180787000168
202512;2525;1974000265;COTAS;63480629.155551000000000;41763054000196
202512;2823;1994000392;COTAS;4259923.341884000000000;
202512;2931;1994000211;COTAS;5418115.907330000000000;
202512;2258;2007002256;COTAS;53796119.561326000000000;50625158000125
202512;2258;2017001147;COTAS;48933441.213796000000000;50625158000125
202512;2258;2020003465;VL_PG_RC;-50232.830000000000000;
202512;2525;1979004511;COTAS;3746749.525718000000000;45521758000103
202512;2258;2007002256;VL_PG_RC;-30742.980000000000000;
202512;2931;1994000211;COTAS;1809689.020951000000000;
202512;3126;1995000711;COTAS;996250.663758000000000;
202512;2258;2023000092;COTAS;1658198.102330000000000;50625158000125
202512;2823;1994000465;COTAS;69034710.018349000000000;
202512;2659;2000002447;COTAS;16807916.014777000000000;
202512;2823;1994000465;COTAS;25355633.056649000000000;
202512;2258;2019001292;CAIXA;24476.520000000000000;
202512;2525;2009003756;CAIXA;49208.770000000000000;
202512;2258;2019002256;VL_PG_RC;-92235.410000000000000;
202512;2525;2009003756;COTAS;756998650.304589000000000;
202512;2823;1994000538;CAIXA;381664.540000000000000;
202512;2931;1994000211;COTAS;839103.747731000000000;
202512;2525;1974000265;COTAS;27105439.913898000000000;45521758000103
202512;2823;1994000538;COTAS;9451521.686641000000000;
202512;2302;1988000483;COTAS;29076813.691600000000000;
202512;3126;1995000711;COTAS;7328986.052753000000000;
202512;2258;2008001792;TIT_PUB;32283734.790000000000000;
202512;2525;2009003756;COTAS;63784603.698477000000000;45521758000103
202512;2931;1994000211;COTAS;8760083.506186000000000;
202512;2292;1998002756;COTAS;1538661.377823000000000;
202512;3126;1995001147;COTAS;2524903.463450000000000;
202512;2823;9970000000;VL_PG_RC;-651.530000000000000;
202512;2823;1994000538;COTAS;4723161.690366000000000;
202512;2823;1994000465;COTAS;5163116.396137000000000;
202512;2525;1979004511;CAIXA;18737.110000000000000;
202512;2258;2016001119;COTAS;880.309269000000000;
202512;2258;2012000983;VL_PG_RC;-22710.010000000000000;
202512;2258;2017001074;CAIXA;38720.750000000000000;
202512;3126;2008001229;COTAS;102366353.750717000000000;
202512;2258;2017001538;COTAS;8314137.827965000000000;50620435000107
202512;3527;2020001756;COTAS;27384417.214177000000000;
202512;2258;2020001111;COTAS;25060987.993954000000000;50620290000144
202512;2823;2009000218;COTAS;93365.386780000000000;
202512;3126;2009000447;COTAS;520337.966413000000000;
202512;2841;2005004611;COTAS;164927524.398724000000000;51911677000112
202512;2823;1994000465;COTAS;13197452.377948000000000;
202512;2258;2012001165;COTAS;35337690.586871000000000;04052631000105
202512;3126;2010002547;COTAS;105662576.443063000000000;
202512;2525;1979004511;COTAS;-27.916551000000000;
202512;3126;2010002792;CAIXA;6205.760000000000000;
202512;2258;2020001292;COTAS;20029681.802827000000000;50634860000155
202512;2258;2020002019;COTAS;15940673.631931000000000;50634860000155
202512;2931;1994000211;COTAS;3958992.113343000000000;
202512;3527;2020001756;VL_PG_RC;-177970.240000000000000;
202512;2258;2019000318;COTAS;5448903.813554000000000;50620572000141
202512;3558;1996003992;OPERACAO_PARTICIPANTE;5428850.710000000000000;
202512;3126;2010002792;COTAS;875386.937383000000000;
202512;2316;2023001447;COTAS;421888.342566000000000;
202512;2258;2021000974;CAIXA;13016.320000000000000;
202512;2525;2009003756;COTAS;85359107.134172000000000;58436786000174
202512;2258;2021000974;VL_PG_RC;-33386.490000000000000;
202512;3126;2012001483;COTAS;2364405.821123000000000;
202512;3126;1995002674;COTAS;1087466.764674000000000;
202512;2395;1994001811;COTAS;24084328.527012000000000;
202512;3126;1995002674;COTAS;1324183.236342000000000;
202512;3602;1979000638;COTAS;156850851.375132000000000;50927335000128
202512;2525;2009003756;COTAS;57804450.534476000000000;54874511000161
202512;2525;2009003756;IMOVEIS;1533696.990000000000000;
202512;2823;1994000538;COTAS;59992488.830718000000000;
202512;2525;2023000556;COTAS;713699.399038000000000;45494526000103
202512;2258;2023000092;COTAS;1933120.238201000000000;50620435000107
202512;2659;2000002447;COTAS;5011880.545430000000000;
202512;2525;2023000556;VL_PG_RC;82.570000000000000;
202512;2258;2019001292;COTAS;2264245.110264000000000;50620572000141
202512;2823;1994000538;COTAS;294761556.045558000000000;
202512;2931;1994000211;VL_PG_RC;-2506408.190000000000000;
202512;2258;2012001165;COTAS;64389355.488865000000000;50625158000125
202512;2841;9970000000;COTAS;2202350.938305000000000;51983612000182
202512;3126;2013000529;COTAS;493282.458890000000000;
202512;3126;1996004247;VL_PG_RC;0.000000000000000;
202512;2693;1993000811;COTAS;58458904.243271000000000;
202512;2693;2021001938;COTAS;1318388.642894000000000;
202512;3602;2009000511;ACOES;14003762.220000000000000;
202512;2721;2004002018;COTAS;7295143.989526000000000;13425746000199
202512;2841;9970000000;COTAS;16735265.575398000000000;51911677000112
202512;2991;1985000547;TIT_PRIV;5241194.950000000000000;
202512;2796;2015001174;COTAS;45965602.827177000000000;14298820000116
202512;3602;2009000511;CAIXA;9824.680000000000000;
202512;3126;1997000938;COTAS;18743288.076035000000000;
202512;3602;2009000511;COTAS;2905367.037608000000000;
202512;2811;1993002774;COTAS;41740477.470945000000000;
202512;3602;2011001692;COTAS;22667046.519869000000000;21321600000121
202512;3602;2020002965;ACOES;105434.460000000000000;
202512;2811;1993002774;COTAS;11828179.683319000000000;
202512;2841;9970000000;COTAS;2204033.095045000000000;51983827000101
202512;3126;1998002292;COTAS;138134000.296139000000000;
202512;2991;1994002492;COTAS;40857463.282265000000000;
202512;2823;1994000392;COTAS;786858.086380000000000;
202512;3602;9970000000;COTAS;5628311.045746000000000;62655118000105
202512;2854;2011000319;COTAS;92780148.156975000000000;
202512;3602;9970000000;VL_PG_RC;-0.010000000000000;
202512;3126;1999002318;COTAS;1919822.672983000000000;
202512;3678;1989000819;CAIXA;3129.500000000000000;
202512;2823;1994000392;COTAS;677247.044919000000000;
202512;2991;1994002492;IMOVEIS;3486000.000000000000000;
202512;3678;1990001319;VL_PG_RC;-64287.790000000000000;
202512;3811;1998004783;COTAS;5885980.058117000000000;
202512;3006;1994002174;COTAS;10947411.499999000000000;
202512;3126;1999002318;COTAS;29231974.456356000000000;
202512;2854;2011000319;TIT_PUB;207800645.540000000000000;
202512;3006;1994002174;VL_PG_RC;0.000000000000000;
202512;2823;1994000465;COTAS;45315238.678196000000000;
202512;3126;1999002318;COTAS;2145775.972727000000000;
202512;3023;1979003718;COTAS;4243305.755712000000000;
202512;3825;1988002192;TIT_PUB;73257096.940000000000000;
202512;2909;1993003411;COTAS;215326166.521163000000000;34867818000128
202512;3825;1993001956;VL_PG_RC;0.000000000000000;
202512;3825;1997000229;COTAS;30519161.197613000000000;
202512;3023;2001001738;VL_PG_RC;-118337.810000000000000;
202512;3825;1997000229;VL_PG_RC;0.000000000000000;
202512;2912;1993003738;COTAS;4985761.289881000000000;09636594000104
202512;2823;1994000465;COTAS;225367364.999066000000000;
202512;3825;1999005074;COTAS;23087.700000000000000;
202512;3023;9970000000;CAIXA;5136.700000000000000;
202512;2912;1993003738;COTAS;2132908.492875000000000;14435448000142
202512;3037;1994001119;COTAS;1155743.123830000000000;
202512;2823;1994000465;COTAS;40381726.438315000000000;
202512;2556;1993000119;OPERACAO_PARTICIPANTE;10629118.831380000000000;
202512;3126;1999002318;COTAS;1102658.262531000000000;
202512;2258;2019001756;COTAS;195588.598013000000000;50620435000107
202512;3825;1999005074;COTAS;23655.550000000000000;
202512;2292;1998002756;COTAS;72529361.526515000000000;41562294000122
202512;2258;2015000518;COTAS;47916385.035820000000000;50634860000155
202512;3126;2021001229;COTAS;680555.813260000000000;
202512;2258;2019003147;COTAS;6186939.168650000000000;50620290000144
202512;2395;1994001811;COTAS;67112220.910490000000000;
202512;2556;1998007618;VL_PG_RC;66167549.210000000000000;
202512;2395;9970000000;CAIXA;116684.050000000000000;
202512;2823;1994000538;COTAS;20771164.318693000000000;
202512;2823;9970000000;COTAS;637116.117660000000000;
202512;2292;1998002829;COTAS;2514756.493751000000000;
202512;2823;1994000538;COTAS;35431089.190689000000000;
202512;2841;2005004611;COTAS;1732357.093857000000000;
202512;2823;1994000538;COTAS;23855035.660049000000000;
202512;3825;1999005074;COTAS;34449.030000000000000;
202512;2854;9970000000;VL_PG_RC;0.000000000000000;
202512;3825;1999005074;COTAS;2969533.124110000000000;
202512;2912;2005006711;COTAS;165069173.147881000000000;09544240000121
202512;3161;1994004118;COTAS;18406289.600000000000000;
202512;2258;2019003392;VL_PG_RC;-1144.650000000000000;
202512;2823;1994000538;COTAS;20754734.258255000000000;
202512;2525;9970000000;CAIXA;58936.490000000000000;
202512;3161;1994004118;COTAS;11523370.747650000000000;
202512;2258;2016000929;COTAS;3796484.799655000000000;50620435000107
202512;3161;2005005111;OPERACAO_PARTICIPANTE;2549290.700000000000000;
202512;2258;2017001147;COTAS;2237471.767181000000000;50620435000107
202512;2912;2005006711;COTAS;506060600.748977000000000;18138892000157
202512;2841;1993003592;OPERACAO_PARTICIPANTE;287194.490000000000000;
202512;2931;1994000211;COTAS;3905397.823487000000000;
202512;2258;2020003465;COTAS;94559819.410418000000000;50620290000144
202512;3174;1994004029;COTAS;25403351.595966000000000;
202512;2556;2018001574;CAIXA;24501.910000000000000;
202512;2909;1993003411;COTAS;199691613.721807000000000;34867829000108
202512;3099;1994003065;VL_PG_RC;-5191.980000000000000;
202512;2841;2005004529;OPERACAO_PARTICIPANTE;3865642.875605123600000;
202512;3099;1996002392;COTAS;67958.779999000000000;
202512;2292;1998002829;OPERACAO_PARTICIPANTE;4094126.868613000000000;
202512;2556;1993000119;COTAS;655435.303538000000000;
202512;2931;1994000211;COTAS;35785281.685803000000000;
202512;2556;1993000119;TIT_PRIV;119109695.240000000000000;
202512;2292;2018002538;COTAS;412259.865869000000000;
202512;2931;1994000211;COTAS;39964917.414831000000000;
202512;3825;1999005074;COTAS;2662452.845419000000000;
202512;2292;1998002756;COTAS;461987.871349000000000;
202512;2912;1993003738;COTAS;358684.640207000000000;60617918000106
202512;3174;9970000000;COTAS;18132868.230024000000000;
202512;2258;2018001256;CAIXA;0.000000000000000;
202512;2292;2018002538;COTAS;155581.493882000000000;
202512;2258;2019002256;COTAS;110900926.900848000000000;50620435000107
202512;2931;1994000211;COTAS;67542129.885117000000000;
202512;3174;9970000000;COTAS;689350.359993000000000;
202512;2841;4028410029;COTAS;19194138.799750000000000;51911677000112
202512;2556;9970000000;COTAS;13540.839842000000000;
202512;2258;2023000092;COTAS;4110345.141590000000000;50620290000144
202512;2292;1998002756;IMOVEIS;6479816.800000000000000;
202512;2931;1994000211;COTAS;10822834.986768000000000;
202512;2292;1998002829;COTAS;2643959.776834000000000;
202512;3188;1994002565;COTAS;5927777.241345000000000;29298975000120
202512;3188;1996001647;COTAS;27386.906575000000000;10220247000177
202512;2292;1998002829;COTAS;28557670.300169000000000;41562294000122
202512;2258;2019003211;COTAS;5470.648252000000000;
202512;3126;1999002318;COTAS;7776012.705395000000000;
202512;2292;1990002129;COTAS;263405.386157000000000;
202512;2659;2000002447;COTAS;9761226.078602000000000;
202512;3825;2001001118;CAIXA;2000.000000000000000;
202512;2931;1994000211;COTAS;17119151.503576000000000;
202512;2292;2018002538;COTAS;13041450.665607000000000;04764252000148
202512;2659;2000002447;COTAS;248458555.941429000000000;04982274000184
202512;2422;1982001747;IMOVEIS;1726474.320000000000000;
202512;3126;1999002318;VL_PG_RC;-364441.500000000000000;
202512;2422;1994003383;VL_PG_RC;-4126.780000000000000;
202512;2292;2016000392;COTAS;51316.228016000000000;
202512;2854;1995002518;CAIXA;386.190000000000000;
202512;3825;2001001118;COTAS;22930177.345792000000000;
202512;3126;2000007074;CAIXA;81323.930000000000000;
202512;2422;2002003238;COTAS;6717180.025074000000000;14205056000197
202512;2556;1998007618;COTAS;990067.560671000000000;
202512;2659;2000002447;IMOVEIS;1854104.040000000000000;
202512;2931;1994000211;COTAS;3093072.320717000000000;
202512;3188;1996001647;COTAS;8937964.978547000000000;25244544000120
202512;3188;1997002183;VL_PG_RC;-8014.850000000000000;
202512;3126;2005005811;COTAS;8732924.906389000000000;
202512;2991;1985000547;COTAS;1076552.955570000000000;
202512;3825;2005004774;CAIXA;2000.000000000000000;
202512;2292;2018002538;COTAS;101880473.342917000000000;50765883000107
202512;2991;1994002492;COTAS;96144.232380000000000;
202512;3825;2005004774;VL_PG_RC;0.000000000000000;
202512;2292;2016000392;COTAS;5419154.236337000000000;61521870000109
202512;2991;1994002492;COTAS;11901532.115630000000000;
202512;3825;2009003829;VL_PG_RC;0.000000000000000;
202512;2422;2002003718;CAIXA;181339.490000000000000;
202512;3099;1999005392;COTAS;3162513.540001000000000;
202512;2258;2020002892;CAIXA;205.880000000000000;
202512;2258;2021000974;COTAS;91215250.397206000000000;50620435000107
202512;2912;2005006711;COTAS;392578682.411668000000000;08830058000174
202512;3188;1999002792;COTAS;461303.470073000000000;18270776000197
202512;3126;2005005811;COTAS;5022741.938236000000000;
202512;3825;2012002056;COTAS;155835.395449000000000;
202512;2991;1985000547;COTAS;2633582.009899000000000;47716645000199
202512;3188;2003000747;COTAS;39794.280470000000000;
202512;2258;2023000092;CAIXA;0.000000000000000;
202512;2422;2002004447;IMOVEIS;16896324.840000000000000;
202512;2292;1998002756;COTAS;65559510.528683000000000;61521870000109
202512;3126;2005005811;COTAS;3453490.562548000000000;
202512;2258;2023001129;CAIXA;49535.320000000000000;
202512;3825;2016000147;COTAS;14845722.774994000000000;
202512;2484;2004001992;CAIXA;15017.600000000000000;
202512;2302;1988000483;COTAS;10075503.935081000000000;03100395000192
202512;3126;1993001492;COTAS;586733.836506000000000;
202512;3188;2005006483;COTAS;3138170.442023000000000;10220241000108
202512;2302;1988000483;COTAS;63707898.367469000000000;17786475000158
202512;2292;1990002129;COTAS;2700438.700528000000000;50765883000107
202512;2991;1994002492;COTAS;5212666.808722000000000;
202512;2316;2015001492;OPERACAO_PARTICIPANTE;9432186.050192256400000;
202512;2693;1993000811;COTAS;61714184.851981000000000;41727284000108
202512;2316;2023001447;COTAS;92206.746193000000000;
202512;2693;1993000811;OPERACAO_PARTICIPANTE;928175.010000000000000;
202512;2991;1994002492;COTAS;7934512.056879000000000;
202512;2693;2021001938;COTAS;118907.464952000000000;
202512;2991;1994002492;COTAS;1207257.762676000000000;
202512;3839;1998004929;COTAS;5162182.370801000000000;
202512;2561;1999000447;CAIXA;77791.110000000000000;
202512;2316;2023001447;COTAS;22393.961705000000000;27292841000176
202512;2561;1999000447;VL_PG_RC;-9834.330000000000000;
202512;3023;2001001738;COTAS;69762944.816252000000000;32265496000111
202512;3126;2006003747;COTAS;101780.328348000000000;
202512;2693;2021001938;COTAS;159097.066520000000000;
202512;2721;2004002018;OPERACAO_PARTICIPANTE;2587914.120000000000000;
202512;3126;2006003811;CAIXA;4000.000000000000000;
202512;2796;1993002529;COTAS;53946719.662744000000000;14298820000116
202512;2991;1994002492;COTAS;734089.000000000000000;
202512;2292;1990002129;TIT_PUB;66902402.460000000000000;
202512;2912;2005006711;COTAS;483551649.710351000000000;09564278000166
202512;2292;1998002756;COTAS;784595.933028000000000;
202512;2302;1988000483;COTAS;6700727.294734000000000;
202512;3126;1993002219;COTAS;7685281.200011000000000;
202512;2292;1998002829;COTAS;7505600.928567000000000;
202512;2484;2004001992;COTAS;15343886.739221000000000;49498790000176
202512;3037;1994001119;COTAS;3162109.261460000000000;
202512;2912;2005006711;OPERACAO_PARTICIPANTE;8238775.184765000000000;
202512;3839;2009001583;COTAS;59883.528876000000000;
202512;2292;1998002829;COTAS;989840.759127000000000;
202512;3887;1999004965;COTAS;5859672.200000000000000;
202512;2811;9970000000;COTAS;249462.929211000000000;
202512;3126;1993002219;COTAS;750062.137734000000000;
202512;2823;1994000392;COTAS;698115.833241000000000;
202512;3126;2006003992;COTAS;3354719.771156000000000;
202512;2292;2016000392;COTAS;18763.400562000000000;
202512;2292;2018002538;COTAS;3411910.729698000000000;
202512;3887;1999004965;COTAS;1006048.121219000000000;
202512;2931;1994000211;COTAS;133404.379229000000000;
202512;2991;1994002492;COTAS;6095665.758000000000000;
202512;3188;2005006483;COTAS;951143.510361000000000;34613727000166
202512;2823;1994000392;COTAS;586527.714874000000000;
202512;3188;2009002156;COTAS;15814226.942636000000000;34613727000166
202512;2484;2005000183;COTAS;9488860.705059000000000;61111715000106
202512;2841;9970000000;COTAS;2204181.456409000000000;51854557000120
202512;2912;9970000000;CAIXA;86365.770000000000000;
202512;2292;2018002538;COTAS;1861626.072644000000000;
202512;2302;1988000483;COTAS;8656827.749691000000000;29106500000194
202512;2333;1992001065;VL_PG_RC;-8849.460000000000000;
202512;2302;1988002011;COTAS;204361088.561593000000000;29106500000194
202512;2292;1998002829;COTAS;8736156.359631000000000;
202512;2316;1979000719;VL_PG_RC;-11138.250000000000000;
202512;3188;2009002156;VL_PG_RC;-782852.100000000000000;
202512;2292;1998002829;IMOVEIS;31234996.200000000000000;
202512;3126;2006004011;COTAS;880761.609735000000000;
202512;2991;1994002492;COTAS;5735587.498894000000000;
202512;3126;2006004011;TIT_PUB;23384697.590000000000000;
202512;2333;9970000000;CAIXA;38061.590000000000000;
202512;3037;9970000000;COTAS;1509485.119997000000000;
202512;3126;2007002019;CAIXA;7105.010000000000000;
202512;3887;1999004965;COTAS;7242483.469032000000000;
202512;3099;1994003065;COTAS;1830861.050000000000000;
202512;2511;1992001529;COTAS;2304567714.089590000000000;06095361000145
202512;3126;1994002956;COTAS;147254.019381000000000;
202512;2395;1994001811;COTAS;6745471.716277000000000;
202512;2931;1994000211;COTAS;574426.215686000000000;
202512;2395;1994001811;COTAS;1353497.620938000000000;
202512;3099;1997000318;VL_PG_RC;-496.040000000000000;
202512;2395;1994001811;COTAS;49740016.024093000000000;
202512;3887;1999004965;COTAS;11812649.679695000000000;
202512;3188;2010003047;VL_PG_RC;-1629.440000000000000;
202512;2292;2018002538;COTAS;1704932.782897000000000;
202512;2292;2016000392;COTAS;17950.620885000000000;
202512;2525;2009003756;COTAS;26709588.993187000000000;41763054000196
202512;2991;1985000547;ACOES;252.820000000000000;
202512;2931;1994000211;COTAS;6364030.280664000000000;
202512;2422;1982001356;VL_PG_RC;-381.040000000000000;
202512;3188;2010003292;COTAS;38597300.004249000000000;25244544000120
202512;2525;2020002256;COTAS;1431882.208213000000000;54874511000161
202512;2292;2018002538;COTAS;882252.675675000000000;
202512;2854;1995002518;VL_PG_RC;-1723.230000000000000;
202512;2316;2015001492;COTAS;3184988.590114000000000;
202512;2991;1994002492;COTAS;9221218.964903000000000;
202512;3099;2020003074;COTAS;57506.277942000000000;
202512;3126;1994002956;VL_PG_RC;-39737.490000000000000;
202512;3887;1999004965;COTAS;2161320.821997000000000;
202512;3126;2008000192;COTAS;7231135.451454000000000;
202512;3099;9970000000;COTAS;5114.465545000000000;
202512;2561;2014000174;CAIXA;335920.460000000000000;
202512;3887;9970000000;VL_PG_RC;-238.490000000000000;
202512;3188;2010003365;COTAS;4121725.263507000000000;10220247000177
202512;3126;1995000711;COTAS;12194709.891031000000000;
202512;2991;1994002492;COTAS;5996560.395937000000000;
202512;2292;9970000000;COTAS;8347698.690427000000000;
202512;2931;1994000211;COTAS;3377242.489501000000000;
202512;3126;1995000711;COTAS;237350.788109000000000;
202512;3928;1999001265;COTAS;3171607.747907000000000;
202512;2556;1993000119;COTAS;3151747.632214000000000;
202512;2556;1993000119;COTAS;4921034.114061000000000;
202512;3928;1999001265;COTAS;40679858.736811000000000;
202512;2991;1994002492;COTAS;2065554.911617000000000;
202512;4011;2000002056;VL_PG_RC;-124.860000000000000;
202512;3126;2008000192;COTAS;10904754.496452000000000;
202512;3126;1995001147;COTAS;31406199.117787000000000;
202512;2302;1988000483;COTAS;704461674.632342000000000;14399693000141
202512;2931;1994000211;COTAS;9084539.317191000000000;
202512;3006;1994002174;CAIXA;1242.900000000000000;
202512;3188;2010003365;COTAS;83033895.814225000000000;25244544000120
202512;2422;1994003911;VL_PG_RC;-56890.500000000000000;
202512;2556;1998007618;COTAS;1094248.947528000000000;
202512;3099;9970000000;VL_PG_RC;-2113.170000000000000;
202512;2931;1994000211;COTAS;2237611.144606000000000;
202512;2991;1994002492;COTAS;46516703.789913000000000;41978492000171
202512;2659;1995001783;CAIXA;62118.960000000000000;
202512;3126;1995002674;COTAS;5644615.304332000000000;
202512;3126;2008001229;COTAS;67251523.695687000000000;
202512;2333;2019000938;COTAS;2808873.326298000000000;
202512;2302;1988000483;COTAS;705179521.684098000000000;14399722000175
202512;2561;1999000447;COTAS;29173124.606105000000000;
202512;3023;2001001738;CAIXA;201136.380000000000000;
202512;2333;9970000000;VL_PG_RC;-2903.120000000000000;
202512;2302;1988000483;VL_PG_RC;-56364.210000000000000;
202512;2909;2016000465;COTAS;111767767.423785000000000;34867805000159
202512;3126;1988000947;VL_PG_RC;322268.150000000000000;
202512;2991;1994002492;TIT_PUB;1264520118.390000000000000;
202512;2484;2005000183;COTAS;54751826.345359000000000;14985743000172
202512;3037;1994001119;COTAS;6451255.211845000000000;
202512;2511;9970000000;COTAS;11008635.025142000000000;06095361000145
202512;3188;2010003438;TIT_PUB;260202520.540000000000000;
202512;3126;2009000447;COTAS;2104513.613236000000000;
202512;2991;1994002492;COTAS;4206142.360000000000000;
202512;4011;2000002218;COTAS;1654887.960000000000000;
202512;3006;1994002174;IMOVEIS;615000.000000000000000;
202512;2659;2000002447;COTAS;18063966.110224000000000;
202512;2395;1994001811;COTAS;8748615.628585000000000;
202512;2525;1974000265;CAIXA;40078.900000000000000;
202512;3188;2010005211;COTAS;427432.938340000000000;
202512;2525;1974000265;COTAS;7132408.681677000000000;
202512;2659;2000002447;COTAS;11912478.003582000000000;
202512;2395;1994001811;COTAS;98114309.500471000000000;
202512;2525;1979004511;COTAS;1471817.070518000000000;41763054000196
202512;4039;9970000000;CAIXA;3096.780000000000000;
202512;3037;1994001119;COTAS;7416363.078982000000000;
202512;3023;1979003718;TIT_PUB;206851791.800000000000000;
202512;2302;1988002011;VL_PG_RC;0.000000000000000;
202512;2395;1994001811;VL_PG_RC;3702047.350000000000000;
202512;2316;1979000719;COTAS;284053.735199000000000;56479808000158
202512;3126;1993001492;CAIXA;337514.100000000000000;
202512;2302;1988000483;COTAS;10036808.518904000000000;29092660000121
202512;2659;2000002447;COTAS;305838705.310662000000000;04899165000106
202512;3006;9970000000;COTAS;7170.261317000000000;
202512;2912;1993003738;COTAS;1378228.704066000000000;27619757000114
202512;4087;9970000000;COTAS;1803180.580002000000000;
202512;2316;2015001311;COTAS;7762174.783585000000000;
202512;2561;9970000000;COTAS;645008.112693000000000;
202512;2316;2015001311;VL_PG_RC;-748969.350000000000000;
202512;2333;1992001065;CAIXA;1181.700000000000000;
202512;2912;9970000000;VL_PG_RC;0.010000000000000;
202512;2395;1994001811;COTAS;103572051.254201000000000;
202512;2659;2000002447;COTAS;359291822.055140000000000;23964361000153
202512;2395;1994001811;COTAS;41992950.299722000000000;
202512;2525;2009003756;COTAS;8152927.425151000000000;
202512;2395;9970000000;COTAS;9802602.089414000000000;
202512;2693;1993000811;COTAS;7282138.320490000000000;
202512;2931;1994000211;COTAS;1746167.565728000000000;
202512;2422;2002002738;ACOES;4870.670000000000000;
202512;2422;2002002819;COTAS;7581826.938787000000000;14205056000197
202512;2659;9970000000;CAIXA;29025.580000000000000;
202512;2991;1994002492;COTAS;46724302.830908000000000;
202512;2422;2002003238;OPERACAO_PARTICIPANTE;11316.830054809600000;
202512;2422;2002003483;IMOVEIS;988274.900000000000000;
202512;2659;9970000000;COTAS;13086393.433860000000000;
202512;3099;1994004411;CAIXA;1111.110000000000000;
202512;2422;2002003556;VL_PG_RC;-37331.660000000000000;
202512;2693;2021001938;COTAS;87274.794594000000000;
202512;3099;1996002392;VL_PG_RC;-2397.060000000000000;
202512;2721;2004002018;COTAS;31670298.000000000000000;
202512;3099;1999004647;COTAS;6441352.209959000000000;04701028000107
202512;2796;2015001174;CAIXA;117360.310000000000000;
202512;3099;1999005392;CAIXA;3391.400000000000000;
202512;2422;2002004374;OPERACAO_PARTICIPANTE;214474.422135211200000;
202512;3126;1993002219;COTAS;56914826.830736000000000;
202512;2422;2002004447;CAIXA;3066364.100000000000000;
202512;2422;9970000000;IMOVEIS;6178142.540000000000000;
202512;3126;1995001147;COTAS;18087210.055819000000000;
202512;2484;2004001992;COTAS;37989626.820166000000000;42865537000164
202512;2796;2015001174;COTAS;21954757.046759000000000;21624743000102
202512;2484;2004001992;COTAS;99850978.229582000000000;49962448000185
202512;2525;2020002256;COTAS;56594.436529000000000;
202512;2484;9970000000;COTAS;15257.526074000000000;42865356000138
202512;2796;2015001174;VL_PG_RC;-11573.000000000000000;
202512;2796;1993002529;VL_PG_RC;-3573.440000000000000;
202512;2511;1992001529;COTAS;1086479443.943325000000000;06095367000112
202512;3126;1995001147;COTAS;7269946.559074000000000;
202512;2525;2023000556;COTAS;113188.862275000000000;
202512;3126;1997001918;COTAS;3110155.511474000000000;
202512;2511;1992001529;COTAS;473908329.380231000000000;06095369000101
202512;3126;1995001147;COTAS;5264283.787961000000000;
202512;2796;9970000000;COTAS;6589107.578166000000000;
202512;2811;1993002774;COTAS;24073771.898998000000000;
202512;2525;1974000265;COTAS;4921034.055516000000000;
202512;2811;1993002774;COTAS;55497416.706931000000000;
202512;2811;1993002774;COTAS;5898634.641330000000000;
202512;2525;1974000265;VL_PG_RC;55295.840000000000000;
202512;2811;1993002774;COTAS;35794606.359751000000000;
202512;2556;1998007618;COTAS;20322686.925361000000000;
202512;2525;1979004511;COTAS;222891.562457000000000;
202512;3126;1997001918;COTAS;1730202.838012000000000;
202512;2823;1994000392;COTAS;1931892.234666000000000;
202512;3126;1997000938;COTAS;94619781.500685000000000;
202512;2525;1979004511;COTAS;313430288.623996000000000;58430028000149
202512;3126;1999002318;COTAS;84417462.076625000000000;
202512;2525;9970000000;COTAS;6023008.333026000000000;54874511000161
202512;2556;1993000119;COTAS;6784341.984196000000000;
202512;2811;1993002774;COTAS;282465593.578181000000000;54864529000182
202512;2556;1993000119;COTAS;1485101.019068000000000;
202512;3126;2000007074;COTAS;3961864.144581000000000;
202512;2556;1993000119;COTAS;112029632.048710000000000;
202512;2823;1994000392;COTAS;316427.220472000000000;
202512;3126;2010000129;VL_PG_RC;-5978.220000000000000;
202512;2556;1998007618;IMOVEIS;28674995.000000000000000;
202512;3126;1997001918;COTAS;10784294.691489000000000;
202512;3126;2000007074;COTAS;5884991.831212000000000;
202512;2556;9970000000;COTAS;6987.674504000000000;
202512;3126;2001000774;COTAS;1821181.596872000000000;
202512;2556;9970000000;TIT_PUB;10429439.360000000000000;
202512;2823;1994000392;COTAS;1460441.867085000000000;
202512;2561;2014001219;COTAS;69451777.808722000000000;
202512;3126;2001001983;COTAS;8477853.118174000000000;
202512;2561;2014001219;COTAS;616385802.617158000000000;
202512;3126;2001001983;VL_PG_RC;-45123.670000000000000;
202512;2561;2014001219;COTAS;28771183.792051000000000;40226038000100
202512;2556;1998007618;TIT_PRIV;331136175.140000000000000;
202512;2659;2000002447;ACOES;650840.290000000000000;
202512;3126;2005005811;COTAS;8954693.815746000000000;
202512;3126;1998002292;COTAS;4405618.306868000000000;
202512;2659;2000002447;COTAS;18151002.599342000000000;
202512;2811;9970000000;COTAS;228968.830723000000000;
202512;3126;2012001483;COTAS;3997120.803524000000000;
202512;2659;2000002447;VL_PG_RC;-613191.080000000000000;
202512;2823;1994000538;COTAS;74226683.475694000000000;
202512;3126;2006001183;COTAS;935916.618317000000000;
202512;2693;9970000000;CAIXA;2301.050000000000000;
202512;2721;2004002018;COTAS;59099083.002690000000000;55768938000148
202512;3126;1998002292;COTAS;3362307.777963000000000;
202512;3126;2006003747;COTAS;589500.514889000000000;
202512;3126;2006003811;COTAS;406005.324656000000000;
202512;2823;1994000538;COTAS;15115532.687496000000000;
202512;3126;2012001483;COTAS;615227.857705000000000;
202512;2811;1993002774;COTAS;25306564.846012000000000;
202512;3099;1999004892;COTAS;11697730.230001000000000;
202512;2811;1993002774;COTAS;37168246.159902000000000;
202512;2561;2014001219;COTAS;84860273.062833000000000;
202512;2823;1994000538;VL_PG_RC;-258432.930000000000000;
202512;3099;1999004892;VL_PG_RC;-340931.640000000000000;
202512;2841;1993003592;COTAS;968385.634660000000000;51911677000112
202512;3126;1993002219;COTAS;7163172.121136000000000;
202512;2811;1993002774;COTAS;2630040.754430000000000;
202512;3023;2001001738;COTAS;11901192.107134000000000;
202512;3126;2006004011;COTAS;18207228.657516000000000;
202512;2659;2000002447;CAIXA;147752.500000000000000;
202512;2316;2015001492;CAIXA;3257.990000000000000;
202512;2659;2000002447;COTAS;12742175.121748000000000;
202512;3126;2012001483;COTAS;8170109.612361000000000;
202512;2811;1993002774;COTAS;20015209.014488000000000;
202512;4091;1974000338;OPERACAO_PARTICIPANTE;15068402.030143739900000;
202512;3126;2013000529;CAIXA;9726.700000000000000;
202512;2823;1994000392;COTAS;3875553.330806000000000;
202512;2659;2000002447;COTAS;22554357.356539000000000;
202512;3126;1993002219;COTAS;7809776.052142000000000;
202512;3188;2012000665;COTAS;403859.032509000000000;
202512;2395;9970000000;VL_PG_RC;0.000000000000000;
202512;2841;1993003592;VL_PG_RC;-11763.350000000000000;
202512;2693;1993000811;COTAS;5594538.115000000000000;
202512;2422;1994003847;OPERACAO_PARTICIPANTE;64.910267251100000;
202512;3037;1994001119;COTAS;3159015.038248000000000;
202512;2841;2005004529;COTAS;-7644.734142000000000;
202512;2422;2002002819;IMOVEIS;382319.440000000000000;
202512;2395;1994001811;OPERACAO_PARTICIPANTE;9587314.210000000000000;
202512;3126;1993002219;COTAS;3043598.495473000000000;
202512;3126;2018000756;COTAS;130151.004982000000000;
202512;2693;2021001938;COTAS;688201.099896000000000;48330517000175
202512;3126;2006004011;COTAS;1675338.737918000000000;
202512;3126;1999002318;COTAS;951891.269314000000000;
202512;2823;1994000465;COTAS;61642281.445000000000000;
202512;3126;2021001156;COTAS;836144.534744000000000;
202512;3126;2021001156;COTAS;255853.644991000000000;
202512;3126;1999002318;COTAS;511875.503548000000000;
202512;3023;2001001738;COTAS;27589992.746844000000000;
202512;2841;2005004529;COTAS;35291.285375000000000;
202512;3126;1994002956;COTAS;69591635.404135000000000;
202512;2841;2005004611;ACOES;6384000.000000000000000;
202512;2422;1994003911;COTAS;44147237.942797000000000;14205056000197
202512;2693;2021001938;OPERACAO_PARTICIPANTE;4667.650000000000000;
202512;2422;2002003718;OPERACAO_PARTICIPANTE;20687.410481635000000;
202512;2823;1994000465;COTAS;58955341.875202000000000;
202512;3126;1999002318;COTAS;6703743.873439000000000;
202512;3126;2006004011;COTAS;515317.287423000000000;
202512;2823;1994000465;COTAS;24418385.500129000000000;
202512;3126;2006004011;COTAS;7244548.953196000000000;
202512;2823;1994000465;COTAS;18972.465835000000000;
202512;3126;1994002956;COTAS;8918351.913481000000000;
202512;2422;2002002665;ACOES;447.000000000000000;
202512;3126;2001000774;COTAS;24000237.569065000000000;
202512;3188;2013000456;COTAS;35921965.591956000000000;25244544000120
202512;2823;1994000465;COTAS;16842621.914238000000000;
202512;2823;1994000465;COTAS;12454602.070883000000000;
202512;3023;9970000000;COTAS;4238910.833568000000000;
202512;3037;1994001119;COTAS;2752051.790553000000000;
202512;2422;2002003483;VL_PG_RC;-27543.150000000000000;
202512;4114;2002004129;COTAS;30259237.003592000000000;59975239000120
202512;2823;1994000538;COTAS;13670459.925180000000000;
202512;3188;2017000574;COTAS;2019085.688722000000000;29298975000120
202512;3126;1994001674;TIT_PUB;115625714.270000000000000;
202512;2823;1994000465;VL_PG_RC;-237155.590000000000000;
202512;3188;2017000574;COTAS;4025059.670839000000000;34613727000166
202512;3037;1994001119;COTAS;4043258.292052000000000;
202512;3126;2021001156;COTAS;456031.508209000000000;
202512;3126;2007002019;COTAS;660997.228451000000000;
202512;3037;1994001119;COTAS;1035364.954291000000000;
202512;2422;2002003718;VL_PG_RC;-174954.560000000000000;
202512;3037;1994001119;COTAS;5702733.416466000000000;
202512;2841;2005004611;COTAS;2689026.735895000000000;
202512;2422;2002004218;OPERACAO_PARTICIPANTE;2561793.841841660300000;
202512;3126;2021001229;COTAS;365291.930563000000000;
202512;4114;2002004129;VL_PG_RC;-452625.010000000000000;
202512;3126;1995000711;COTAS;4858624.830623000000000;
202512;2841;2005004611;COTAS;63174695.829283000000000;
202512;4131;1993001018;TIT_PUB;3330199.040000000000000;
202512;3126;2007002019;COTAS;5594951.231274000000000;
202512;3037;1994001119;COTAS;4368480.154350000000000;
202512;2422;2002004218;ACOES;7377.580000000000000;
202512;2796;1993002529;COTAS;121056142.116129000000000;14298810000180
202512;2823;2009000218;CAIXA;302.660000000000000;
202512;3126;1995000711;COTAS;1555184.623927000000000;
202512;2909;1993003411;COTAS;649041094.048692000000000;34867805000159
202512;2841;2005004529;COTAS;54682487.672062000000000;51911677000112
202512;2909;1993003411;OPERACAO_PARTICIPANTE;11952344.089717241300000;
202512;3037;1994001119;COTAS;7408430.779197000000000;
202512;3037;1994001119;COTAS;4108103.586483000000000;
202512;3161;2005005111;COTAS;28521935.605282000000000;
202512;3126;2001000774;COTAS;5892006.085771000000000;
202512;2422;9970000000;COTAS;68944427.746844000000000;14205056000197
202512;2912;1993003738;COTAS;152463.656092000000000;
202512;3161;2005005111;COTAS;1759306.478170000000000;
202512;3126;1995000711;COTAS;304572.475379000000000;
202512;3126;2001001983;CAIXA;4000.000000000000000;
202512;2841;2005004611;COTAS;1559411.650840000000000;
202512;2484;2004001992;COTAS;48850663.509925000000000;42865356000138
202512;3161;9970000000;CAIXA;35780.590000000000000;
202512;2912;2005006711;VL_PG_RC;-879.560000000000000;
202512;4131;2006006665;VL_PG_RC;-13010.090000000000000;
202512;2511;9970000000;CAIXA;3523.610000000000000;
202512;2796;2015001174;COTAS;252957238.550485000000000;14298810000180
202512;2931;9970000000;CAIXA;1062.600000000000000;
202512;2811;1993002774;COTAS;4892814.633552000000000;
202512;3174;1994004029;COTAS;143764320.051689000000000;19602004000178
202512;3126;2005005811;COTAS;1806000.137958000000000;
202512;2823;1994000392;COTAS;6108919.738961000000000;
202512;3037;1994001119;TIT_PUB;82440492.650000000000000;
202512;3099;1994004411;VL_PG_RC;-21.180000000000000;
202512;2823;1994000538;COTAS;89711202.014128000000000;
202512;3188;2017000711;COTAS;36310315.807377000000000;25244544000120
202512;3126;1995001147;COTAS;4467692.578053000000000;
202512;3099;1996002392;CAIXA;941.890000000000000;
202512;3126;2007002019;COTAS;1781402.232607000000000;
202512;3126;2005005811;COTAS;26977734.093684000000000;
202512;3126;1995001147;COTAS;4169806.091706000000000;
202512;2422;9970000000;VL_PG_RC;-169808.160000000000000;
202512;3126;1995002674;COTAS;8016010.347579000000000;
202512;3099;1999004892;OPERACAO_PARTICIPANTE;16739725.439906128500000;
202512;2841;2005004611;VL_PG_RC;-1288964.210000000000000;
202512;3099;1997000318;OPERACAO_PARTICIPANTE;89656.979999586400000;
202512;3188;2019001047;TIT_PUB;65628.800000000000000;
202512;3188;2021003019;COTAS;559083.753115000000000;29298975000120
202512;3126;1995002674;COTAS;248139.231053000000000;
202512;2823;1994000465;COTAS;80424716.004167000000000;
202512;3099;1999005392;COTAS;26368051.030053000000000;04701028000107
202512;3126;1997001918;COTAS;1301876.100000000000000;
202512;3126;1995001147;VL_PG_RC;96612.510000000000000;
202512;2823;1994000538;COTAS;26483772.772543000000000;
202512;2841;2005004529;ACOES;13566000.000000000000000;
202512;4131;2017000647;IMOVEIS;22757505.000000000000000;
202512;2991;1985000547;COTAS;816584.625663000000000;
202512;2991;1994002492;COTAS;10319.100000000000000;
202512;2841;2005004529;VL_PG_RC;-2233061.270000000000000;
202512;2854;1995002518;TIT_PUB;4818044.640000000000000;
202512;3174;1994004029;COTAS;3299205897.433139000000000;37405187000113
202512;2854;2011000319;CAIXA;498.890000000000000;
202512;3126;1993002219;CAIXA;15637.200000000000000;
202512;2854;9970000000;CAIXA;1078.810000000000000;
202512;2841;2005004611;COTAS;-3712.373420000000000;
202512;3126;2005005811;COTAS;1782807.187112000000000;
202512;2909;2016000465;COTAS;163469060.715626000000000;34867797000140
202512;3188;1998005674;VL_PG_RC;-15894.500000000000000;
202512;3126;2006001183;COTAS;2070190.732633000000000;
202512;3188;1999002792;CAIXA;8.570000000000000;
202512;3126;2006003747;COTAS;146935.381584000000000;
202512;3126;2006003747;COTAS;715209.170825000000000;
202512;3126;2006003811;COTAS;92628.076862000000000;
202512;3126;1998002292;COTAS;38435463.472658000000000;
202512;3126;1995000711;COTAS;26771349.251892000000000;
202512;3126;2000007074;COTAS;10624271.336914000000000;
202512;2909;2016000465;COTAS;40382760.856833000000000;34867818000128
202512;4176;2004002883;COTAS;259100884.071077000000000;14096253000115
202512;3126;1997000938;COTAS;9363372.135236000000000;
202512;3126;1997001918;COTAS;4365025.993375000000000;
202512;2991;1994002492;COTAS;1726125.305545000000000;
202512;3099;9970000000;CAIXA;17861.730000000000000;
202512;3126;1997001918;COTAS;18994764.426690000000000;
202512;2909;2010004711;COTAS;740845.177467000000000;34867797000140
202512;3126;2006003992;COTAS;9690766.593504000000000;
202512;2909;2016000465;COTAS;39033162.166737000000000;34867829000108
202512;3126;2001001983;COTAS;14150408.044801000000000;
202512;2991;1994002492;COTAS;8667372.848576000000000;
202512;4176;2018002392;CAIXA;59580.120000000000000;
202512;3126;1997001918;COTAS;4406656.064045000000000;
202512;3188;2021003019;COTAS;342442.532077000000000;34613727000166
202512;3126;1997001918;COTAS;4397486.855846000000000;
202512;3126;1999002318;COTAS;40915742.860814000000000;
202512;2909;9970000000;COTAS;4675150.094254000000000;34867797000140
202512;3126;1999002318;COTAS;545266.842655000000000;
202512;2909;2010004711;VL_PG_RC;-2128.180000000000000;
202512;2511;1992001529;VL_PG_RC;-33297.690000000000000;
202512;2912;1993003738;TIT_PUB;37328934.060000000000000;
202512;3126;1997001918;COTAS;69543277.286801000000000;
202512;3126;1998002292;CAIXA;11041517.030000000000000;
202512;2841;2005004611;COTAS;83057375.393363000000000;51983827000101
202512;3188;1999003756;COTAS;3130421.188414000000000;29298975000120
202512;3188;2023000947;TIT_PUB;14447222.520000000000000;
202512;4176;2023000319;COTAS;23993716.555185000000000;17759357000150
202512;3126;2005005811;COTAS;1980010.186487000000000;
202512;2912;2005006711;COTAS;148969890.618931000000000;14435448000142
202512;3126;2006004011;CAIXA;93773.800000000000000;
202512;2912;9970000000;COTAS;756582.577906000000000;18138892000157
202512;3126;2006004011;COTAS;3352393.611069000000000;
202512;4181;2004000147;VL_PG_RC;-29023.740000000000000;
202512;3126;2005005811;COTAS;22845748.908100000000000;
202512;3126;1999002318;CAIXA;17082.960000000000000;
202512;4203;2000001319;ACOES;6628.150000000000000;
202512;3126;2005005811;COTAS;108658.822553000000000;
202512;2841;9970000000;COTAS;649185.855097000000000;
202512;3126;1993001492;COTAS;2773600.294872000000000;
202512;3126;2007002019;COTAS;1873472.498610000000000;
202512;2912;2005006711;COTAS;76570608.308327000000000;27619757000114
202512;2991;9970000000;CAIXA;29128.950000000000000;
202512;2525;1974000265;COTAS;1830558.330758000000000;
202512;2912;2005006711;COTAS;155567264.777472000000000;36180787000168
202512;2931;1994000211;COTAS;10149049.160939000000000;
202512;2841;9970000000;VL_PG_RC;-1192.560000000000000;
202512;2931;1994000211;COTAS;4287751.649843000000000;
202512;3126;2007002019;VL_PG_RC;-166824.690000000000000;
202512;3126;1999002318;COTAS;649820.790622000000000;
202512;3126;1993001492;COTAS;17946997.578409000000000;
202512;3188;9970000000;CAIXA;143528.010000000000000;
202512;3126;2008000192;COTAS;33960309.086770000000000;
202512;3037;1994001119;COTAS;162054.045543000000000;
202512;3126;1993001492;COTAS;129993.710974000000000;
202512;3037;1994001119;COTAS;185730.150144000000000;
202512;3037;1994001119;COTAS;12487068.798304000000000;
202512;3126;1993001492;COTAS;877918.742789000000000;
202512;3126;2007002019;COTAS;3023837.815738000000000;
202512;3126;2006003992;COTAS;9241345.664935000000000;
202512;4203;2000001319;CAIXA;31622.770000000000000;
202512;2909;9970000000;VL_PG_RC;-2712.140000000000000;
202512;3126;1993001492;VL_PG_RC;-125863.940000000000000;
202512;2991;1985000547;VL_PG_RC;-30376.050000000000000;
202512;3126;2008000192;COTAS;24136399.459230000000000;
202512;3126;1994002956;COTAS;45575505.926374000000000;
202512;2912;1993003738;COTAS;17425078.954863000000000;
202512;2525;1974000265;COTAS;16603114.921818000000000;04573108000124
202512;2525;1979004511;COTAS;2161187.285030000000000;
202512;2912;1993003738;VL_PG_RC;-2875.020000000000000;
202512;3126;2006004711;COTAS;15920085.028525000000000;
202512;3188;2000007856;COTAS;182434.011641000000000;
202512;2931;1994000211;COTAS;501182.617437000000000;
202512;3126;2008000192;OPERACAO_PARTICIPANTE;839.379882610800000;
202512;3188;2001000847;COTAS;63267.730442000000000;
202512;3126;2008000192;COTAS;33659879.864759000000000;
202512;3188;2001000847;COTAS;7538.572425000000000;10220247000177
202512;2931;1994000211;COTAS;4929108.013264000000000;
202512;3188;2001000847;COTAS;8896.267670000000000;18270776000197
202512;3188;2003000283;COTAS;155844.283509000000000;
202512;4203;2000001556;TIT_PRIV;25779814.990000000000000;
202512;2931;1994000211;COTAS;31397930.358248000000000;
202512;3188;2003001638;COTAS;516096.374505000000000;
202512;3126;2008000192;COTAS;2858178.228242000000000;
202512;4203;2020002711;COTAS;217064.750621000000000;40189032000100
202512;2931;9970000000;VL_PG_RC;0.000000000000000;
202512;3188;2004002174;COTAS;394118.815778000000000;
202512;3126;2010000129;COTAS;1699310.404358000000000;
202512;4203;2020002711;VL_PG_RC;-1717.610000000000000;
202512;3188;2005000256;COTAS;3323378.409685000000000;10214125000178
202512;3126;2008001229;COTAS;36488708.575995000000000;
202512;3126;2012001483;COTAS;9535319.288906000000000;
202512;3188;2005000256;COTAS;11526.012852000000000;10220247000177
202512;4203;9970000000;VL_PG_RC;-76075.910000000000000;
202512;3188;2005000256;COTAS;24309666.458801000000000;25244544000120
202512;3126;2012001483;COTAS;865646.953628000000000;
202512;3126;2008001229;COTAS;14709946.607497000000000;
202512;2991;1985000547;COTAS;59427.414862000000000;
202512;3188;2005001211;COTAS;1981031.902690000000000;27565843000191
202512;3188;2005001211;VL_PG_RC;-51950.070000000000000;
202512;2991;1985000547;COTAS;5040896.484094000000000;
202512;3188;2010000374;COTAS;629552.715254000000000;29298975000120
202512;2991;1985000547;COTAS;2621371.223805000000000;41978492000171
202512;361;2019002647;COTAS;9830942.438329000000000;18681157000195
202512;3188;2010000374;COTAS;142992.238632000000000;34613727000166
202512;3126;2010000129;COTAS;1494703.607782000000000;
202512;3188;2010003292;COTAS;4696833.773241000000000;10220247000177
202512;361;2022002938;COTAS;6227851.402195000000000;05855398000161
202512;3188;2010003365;COTAS;2053068.037120000000000;10220241000108
202512;2991;1985000547;OPERACAO_PARTICIPANTE;1573035.600000000000000;
202512;391;1979001529;COTAS;47711854.000496000000000;
202512;3126;2010002547;COTAS;14103761.469243000000000;
202512;391;1979001529;COTAS;261690582.528781000000000;54546764000106
202512;391;2019000156;COTAS;217848.194589000000000;
202512;2991;1994002492;COTAS;340183.592167000000000;
202512;391;2019000156;OP_COMP;1266408.690000000000000;
202512;2991;1994002492;COTAS;12050694.604940000000000;
202512;3188;2010003365;COTAS;4817690.067385000000000;18270776000197
202512;3006;9970000000;CAIXA;13289.580000000000000;
202512;3188;2010003438;COTAS;978683.570910000000000;27565843000191
202512;3126;2010002792;COTAS;455438.091227000000000;
202512;3188;2010005211;COTAS;11257377.753247000000000;27565843000191
202512;3023;2001001738;COTAS;587315973.795742000000000;
202512;2525;1979004511;COTAS;1912.537889000000000;
202512;3188;2010005211;VL_PG_RC;-75959.160000000000000;
202512;3126;2012001483;COTAS;1819204.290741000000000;
202512;3188;2012000665;CAIXA;8265107.300000000000000;
202512;3023;2001001738;COTAS;964147964.542388000000000;32265488000175
202512;3188;2012000665;COTAS;12320424.959387000000000;18270776000197
202512;391;2020001519;COTAS;212431.780004000000000;
202512;3188;2013000456;COTAS;8677104.060891000000000;10220241000108
202512;391;2022002865;COTAS;499675.119998000000000;
202512;3037;1994001119;COTAS;710510.814501000000000;
202512;3126;2012001483;COTAS;335086.660897000000000;
202512;2931;1994000211;COTAS;7660185.165719000000000;
202512;3126;2008001229;COTAS;21591126.906583000000000;
202512;3126;2009000447;COTAS;10226.106962000000000;
202512;3126;2018000756;COTAS;7086491.573960000000000;
202512;3126;2018000756;COTAS;9074264.288119000000000;
202512;3126;2012001483;COTAS;3511098.544892000000000;
202512;2525;2020002256;CAIXA;21567.980000000000000;
202512;3126;2010000129;CAIXA;4000.000000000000000;
202512;3126;1993002219;COTAS;3250544.402716000000000;
202512;3126;1993002219;COTAS;54775709.173972000000000;
202512;3126;1993002219;COTAS;3619964.433442000000000;
202512;3126;1994001674;CAIXA;38167.630000000000000;
202512;3126;1994002956;COTAS;7200297.048612000000000;
202512;3126;1994002956;COTAS;20081051.126034000000000;
202512;3126;1995000711;CAIXA;6000.000000000000000;
202512;3126;1995000711;COTAS;60640917.736256000000000;
202512;3126;1995001147;COTAS;29938324.762292000000000;
202512;3126;1995002674;COTAS;462171.052508000000000;
202512;3126;1996004247;COTAS;91054047.900017000000000;
202512;3126;1997001918;CAIXA;76406.580000000000000;
202512;3126;1998002292;TIT_PRIV;136180.120000000000000;
202512;3126;1999002318;COTAS;118251749.990647000000000;
202512;3126;1999002318;COTAS;41284690.895612000000000;
202512;3126;1999002318;COTAS;6042165.141263000000000;
202512;3126;2000007074;COTAS;10587570.369861000000000;
202512;3126;2000007074;VL_PG_RC;-12216.120000000000000;
202512;3126;2001000774;COTAS;1817211.776592000000000;
202512;3126;2001000774;COTAS;665119.219433000000000;
202512;3126;2005005811;COTAS;310574.343891000000000;
202512;3126;2006001183;CAIXA;32350.930000000000000;
202512;3126;2006001183;COTAS;3470825.175080000000000;
202512;3126;2006003747;COTAS;344010.881335000000000;
202512;3126;2006003811;COTAS;399139.593692000000000;
202512;3126;2006003811;COTAS;282334.673974000000000;
202512;3126;2006003992;COTAS;1141284.866308000000000;
202512;3126;2006003992;COTAS;20169835.430866000000000;
202512;3126;2006004011;COTAS;962105.058418000000000;
202512;3126;2006007165;CAIXA;17900797.350000000000000;
202512;3126;2007002019;COTAS;742521.244587000000000;
202512;3126;2008000192;COTAS;181019.483163000000000;
202512;3126;2008001229;VL_PG_RC;-139.440000000000000;
202512;3126;2009000447;COTAS;4741101.428190000000000;
202512;3126;2012001483;COTAS;318670.980952000000000;
202512;3126;2021001156;COTAS;134342.355926000000000;
202512;3126;2021001156;COTAS;158626.503967000000000;
202512;3126;2021001229;COTAS;2893924.392396000000000;
202512;3126;2010002547;COTAS;10685397.102531000000000;
202512;4217;2022000374;VL_PG_RC;-1285.430000000000000;
202512;4221;2005000892;CAIXA;387331.190000000000000;
202512;3126;2018000756;VL_PG_RC;-8180.950000000000000;
202512;3188;2013000456;COTAS;19488460.452841000000000;18270776000197
202512;4221;2005000892;COTAS;389957.964306000000000;
202512;2931;1994000211;COTAS;54237522.742388000000000;
202512;4221;2005000892;COTAS;1090583.790486000000000;
202512;3023;2001001738;COTAS;22087303.297879000000000;03618274000137
202512;3126;2021001318;COTAS;523046.406852000000000;
202512;3126;2012001483;COTAS;11417439.709104000000000;
202512;3126;2012001483;COTAS;6639257.689192000000000;
202512;4221;2012001629;CAIXA;201223.070000000000000;
202512;3126;2012001483;COTAS;1783850.420338000000000;
202512;3126;2018000756;COTAS;563316.330321000000000;
202512;4221;2012001629;COTAS;166891.988847000000000;
202512;3126;1999002318;COTAS;1729135.856247000000000;
202512;3126;2018000756;COTAS;559554.446121000000000;
202512;3037;9970000000;VL_PG_RC;0.000000000000000;
202512;2931;1994000211;COTAS;10565148.623107000000000;
202512;3126;2013000529;COTAS;1258291.977344000000000;
202512;3188;2013000456;COTAS;5853707.245302000000000;34613727000166
202512;3099;1994004411;COTAS;52699.670000000000000;
202512;3023;2001001738;COTAS;536290510.970219000000000;38049520000161
202512;3251;1995001465;COTAS;18550929.687539000000000;
202512;3126;2018000756;COTAS;6328118.428051000000000;
202512;2931;1994000211;COTAS;10283305.876559000000000;
202512;4221;2015001883;COTAS;606497.223858000000000;
202512;3126;2018000756;COTAS;2004624.427293000000000;
202512;2991;1985000547;TIT_PUB;71623331.840000000000000;
202512;4234;2004002956;COTAS;66722132.127239000000000;32812263000191
202512;3126;2000007074;COTAS;19321450.719549000000000;
202512;2525;1979004511;COTAS;11741171.205019000000000;45494526000103
202512;2556;1998007618;COTAS;404681.229976000000000;
202512;3126;2018000756;TIT_PUB;16477508.940000000000000;
202512;2556;1998007618;COTAS;1456440.000000000000000;
202512;3126;2021001229;COTAS;2024381.278801000000000;
202512;3023;2001001738;TIT_PUB;863713006.830000000000000;
202512;4234;9970000000;COTAS;2875277.240319000000000;
202512;3126;1994002956;COTAS;58677.166834000000000;
202512;2991;1994002492;COTAS;4413302.747700000000000;
202512;3126;2021001229;COTAS;1455161.781196000000000;
202512;3126;2000007074;IMOVEIS;709331.000000000000000;
202512;3126;2021001156;COTAS;461009.551492000000000;
202512;3126;2000007074;COTAS;8106954.083185000000000;
202512;3126;2021001229;COTAS;103562.900544000000000;
202512;3099;1994004411;COTAS;4668486.180021000000000;13411833000197
202512;3126;2021001229;COTAS;1075400.230840000000000;
202512;4248;2000001718;CAIXA;200.000000000000000;
202512;2556;1998007618;COTAS;18238029.866569000000000;
202512;3126;2021001318;COTAS;305411.601970000000000;
202512;3251;1995001465;OPERACAO_PARTICIPANTE;24045732.220000000000000;
202512;2991;1994002492;COTAS;4656301.054262000000000;
202512;3126;2001000774;COTAS;157032.544498000000000;
202512;3037;1994001119;COTAS;14771154.536266000000000;
202512;3304;1995002747;COTAS;3551033.016512000000000;
202512;3188;2017000711;COTAS;440242.390716000000000;
202512;2525;1979004511;IMOVEIS;1722200.000000000000000;
202512;3126;2024000665;COTAS;143787656.375050000000000;
202512;3037;1994001119;COTAS;66032239.716875000000000;
202512;2525;2020002256;COTAS;4996078.677950000000000;04573108000124
202512;3161;2005005111;COTAS;3961864.144581000000000;
202512;2556;2018001574;COTAS;886708.436021000000000;
202512;4248;2009000838;COTAS;27348082.450129000000000;26978182000163
202512;3126;2021001229;COTAS;686421.944076000000000;
202512;2991;1994002492;COTAS;16104177.600000000000000;
202512;3099;1999005392;COTAS;1139126.130000000000000;
202512;2561;2014000174;COTAS;142902415.038387000000000;
202512;4248;2009000838;COTAS;37647896.055691000000000;36617679000100
202512;2561;2014001219;COTAS;6985432.290811000000000;
202512;2991;1994002492;COTAS;4105084.720000000000000;
202512;2659;1995001783;VL_PG_RC;-48845.270000000000000;
202512;3126;2023000874;COTAS;8887367.974818000000000;
202512;3126;2006001183;COTAS;687970.269841000000000;
202512;3099;2020003074;CAIXA;2574.660000000000000;
202512;3126;2024000665;COTAS;12547302.533987000000000;
202512;3304;1995002747;COTAS;304567.566744000000000;
202512;2693;2021001938;COTAS;13579360.026187000000000;60185223000100
202512;3161;2005005111;COTAS;551237.979869000000000;
202512;3188;2017000711;COTAS;8944468.965674000000000;10220241000108
202512;3126;2024000665;COTAS;7494517.997773000000000;
202512;4248;2011001919;COTAS;182361162.528832000000000;03497804000136
202512;3304;1995002747;COTAS;1855843.390500000000000;
202512;3188;2017000711;COTAS;24828200.988472000000000;18270776000197
202512;2721;2004002018;CAIXA;379236.460000000000000;
202512;3126;2006003747;COTAS;192926.501881000000000;
202512;3126;2024000665;COTAS;7326104.390086000000000;
202512;3304;1995002811;COTAS;5742001.968828000000000;
202512;3161;1994004118;COTAS;0.671077000000000;
202512;2991;1994002492;OPERACAO_PARTICIPANTE;10253652.300000000000000;
202512;4248;2011001919;COTAS;103019115.493822000000000;19602288000100
202512;3037;1994001119;COTAS;1419400.213335000000000;
202512;3006;9970000000;VL_PG_RC;0.000000000000000;
202512;2525;2020002256;COTAS;1190539.462768000000000;41763054000196
202512;3023;2001001738;COTAS;56759979.219782000000000;38050501000155
202512;3126;2006003747;VL_PG_RC;-8622.910000000000000;
202512;3161;1994004118;COTAS;135741.359462000000000;
202512;3161;1994004118;OPERACAO_PARTICIPANTE;3400606.000000000000000;
202512;3126;2006003811;COTAS;1073236.397510000000000;
202512;4248;2011001919;COTAS;325346883.292890000000000;28206291000198
202512;3161;2005005111;VL_PG_RC;-114012.530000000000000;
202512;3126;1993002219;COTAS;1095155.606973000000000;
202512;3161;2005005111;COTAS;2300596.800000000000000;
202512;3188;2019000865;COTAS;203268.780946000000000;
202512;3037;1994001119;COTAS;50118518.351460000000000;
202512;3126;1995000711;COTAS;1908210.194303000000000;
202512;2525;2020002256;COTAS;2429443.840095000000000;45521758000103
202512;3174;1994004029;COTAS;15638000.426172000000000;
202512;2525;2023000556;COTAS;4093749.964610000000000;04573108000124
202512;3126;1995001147;COTAS;2307062.800592000000000;
202512;3161;1994004118;COTAS;11130885.008334000000000;
202512;3126;1995001147;COTAS;2269128.939555000000000;
202512;3188;2019000865;COTAS;30051358.541042000000000;25244544000120
202512;3174;1994004029;COTAS;211369531.231815000000000;13021486000196
202512;3126;2006003992;COTAS;7852596.934111000000000;
202512;2721;9970000000;COTAS;1035574.388335000000000;13914334000112
202512;3304;1995002811;COTAS;782051.129640000000000;
202512;3304;2011001838;COTAS;932572.629607000000000;
202512;3188;1989000983;COTAS;13829828.414862000000000;10220241000108
202512;3174;9970000000;CAIXA;3140.000000000000000;
202512;3126;1994002956;COTAS;55073464.067441000000000;
202512;3099;1994003065;COTAS;157776149.020000000000000;13411833000197
202512;3161;1994004118;VL_PG_RC;288214.450000000000000;
202512;3161;2005005111;COTAS;1503359.730642000000000;
202512;3161;2005005111;COTAS;2476392.236761000000000;
202512;3161;9970000000;COTAS;902733.535985000000000;
202512;3126;2001000774;CAIXA;4000.000000000000000;
202512;3321;1995002992;COTAS;7162983.933963000000000;
202512;3188;1989000983;COTAS;9814682.015128000000000;34613727000166
202512;3188;1989000983;TIT_PUB;309453091.730000000000000;
202512;2796;1993002529;CAIXA;231230.530000000000000;
202512;3188;1997001047;COTAS;1634996.217251000000000;
202512;3126;2001001983;COTAS;15491075.277212000000000;
202512;3126;2006004011;COTAS;1760953.664558000000000;
202512;3188;1998004856;VL_PG_RC;-119076.320000000000000;
202512;3188;1989000983;COTAS;6378068.701185000000000;10214125000178
202512;2525;2023000556;COTAS;970083.160520000000000;45521758000103
202512;4248;2020001683;COTAS;1644198.488531000000000;36518029000107
202512;2525;2023000556;COTAS;515968.554585000000000;54874511000161
202512;3188;1994002565;COTAS;2075183.407668000000000;27565843000191
202512;3126;1995000711;COTAS;3173805.384574000000000;
202512;3188;2019000865;COTAS;3877007.066420000000000;27565843000191
202512;3126;1995000711;COTAS;1104729.637409000000000;
202512;4279;2018000111;COTAS;18118597.812548000000000;24249979000102
202512;3161;2005005111;COTAS;46755.423091000000000;
202512;3321;1995002992;TIT_PRIV;4670027.860000000000000;
202512;2811;1993002774;COTAS;3978997.469050000000000;
202512;3099;1996002392;COTAS;7320456.330016000000000;13411833000197
202512;3161;9970000000;COTAS;6772786.889934000000000;
202512;3037;1994001119;COTAS;24595718.061750000000000;
202512;3126;1995001147;COTAS;5834245.510441000000000;
202512;3188;1989000983;VL_PG_RC;-172070.200000000000000;
202512;4282;2004003065;COTAS;1922037.840002000000000;
202512;3126;1995002674;COTAS;949987.924430000000000;
202512;3126;2005005811;COTAS;3601701.069537000000000;
202512;3099;1997000318;CAIXA;2141.500000000000000;
202512;3126;2006001183;COTAS;7422768.448907000000000;
202512;3188;9970000000;COTAS;823671.157365000000000;18270776000197
202512;3126;1995002674;COTAS;6277454.198568000000000;
202512;3188;1996001647;VL_PG_RC;-14430.110000000000000;
202512;3201;9970000000;VL_PG_RC;0.000000000000000;
202512;3126;1997000938;COTAS;23992058.977467000000000;
202512;3161;9970000000;VL_PG_RC;-63.800000000000000;
202512;3349;1995003638;COTAS;8484016.442015000000000;
202512;3188;1996004883;COTAS;5386364.437104000000000;
202512;3251;1995001465;COTAS;1469619.901294000000000;
202512;3126;2006001183;COTAS;31994263.468769000000000;
202512;3126;1999002318;COTAS;79359244.071502000000000;
202512;3126;2006004711;VL_PG_RC;-52818.490000000000000;
202512;4282;2004003065;COTAS;1161024.579999000000000;
202512;3126;1999002318;COTAS;1297664.578174000000000;
202512;4282;2004003065;COTAS;5342911.590000000000000;
202512;3099;1997000318;COTAS;5282485.521728000000000;
202512;3126;1995001147;COTAS;142924710.006060000000000;
202512;3126;2006003747;COTAS;147489.094219000000000;
202512;3126;2007002019;COTAS;2690088.116216000000000;
202512;2556;1993000119;COTAS;202365.253836000000000;
202512;4311;1997002256;VL_PG_RC;0.000000000000000;
202512;3251;1995001465;COTAS;6906429.075298000000000;
202512;3188;1997001047;CAIXA;144.880000000000000;
202512;3126;2007002019;COTAS;746387.910699000000000;
202512;3188;1998006247;COTAS;235992.423164000000000;
202512;3126;1999002318;COTAS;4989659.974425000000000;
202512;3251;1995001465;TIT_PUB;112166256.740000000000000;
202512;3407;9970000000;CAIXA;14477.620000000000000;
202512;3126;2008000192;COTAS;40977523.371296000000000;
202512;3188;1997001047;COTAS;1244561.432254000000000;
202512;3126;2006003811;COTAS;2245396.748782000000000;
202512;3126;1995002674;CAIXA;6000.010000000000000;
202512;3251;9970000000;CAIXA;410957.250000000000000;
202512;2556;1993000119;COTAS;40710230.429113000000000;27880083000107
202512;3099;1994003065;OPERACAO_PARTICIPANTE;120649.770000425400000;
202512;3304;1995002747;COTAS;4332254.907630000000000;
202512;3126;2008000192;COTAS;5258893.294259000000000;
202512;3126;2006003992;COTAS;10847444.070123000000000;
202512;3411;2014001065;CAIXA;277.950000000000000;
202512;3438;1999001729;COTAS;152299941.619999000000000;13500098000198
202512;3126;1999002318;COTAS;6144674.137203000000000;
202512;3099;1997000318;COTAS;5870851.192857000000000;
202512;3174;1994004029;COTAS;15921017.672266000000000;
202512;2811;1993002774;VL_PG_RC;-133017.980000000000000;
202512;3188;1997001047;COTAS;30912491.378783000000000;10220241000108
202512;3174;1994004029;COTAS;294441607.415462000000000;20142612000126
202512;4368;2005004211;VL_PG_RC;-35085.890000000000000;
202512;2811;9970000000;COTAS;15793.394663000000000;
202512;3126;2006003992;COTAS;8232180.487997000000000;
202512;3174;1994004029;OPERACAO_PARTICIPANTE;44070119.299794639500000;
202512;3188;1998004074;CAIXA;37701.230000000000000;
202512;3188;1996001647;TIT_PUB;30673220.490000000000000;
202512;3126;2001001983;COTAS;2831674.983862000000000;
202512;3126;2005005811;COTAS;99741.193671000000000;
202512;3126;2006007165;COTAS;413857706.927002000000000;
202512;3438;2000001238;COTAS;28447891.249800000000000;17706099000144
202512;3174;1994004029;TIT_PRIV;2601817.400000000000000;
202512;3126;2008000192;COTAS;726681.517493000000000;
202512;3099;1999004647;CAIXA;886.540000000000000;
202512;3126;1999002318;COTAS;19406494.295093000000000;
202512;3438;2000003011;COTAS;114328663.157302000000000;46206481000197
202512;3304;1995002747;COTAS;18277204.294522000000000;
202512;3126;2006001183;COTAS;1044269.612498000000000;
202512;3188;1998004856;COTAS;48607.624568000000000;18270776000197
202512;3188;1994002565;TIT_PUB;192237575.480000000000000;
202512;3126;2006003747;COTAS;60842.339121000000000;
202512;3126;2010000129;COTAS;8354034.117874000000000;
202512;3126;2001000774;COTAS;497730.185605000000000;
202512;3188;1996004883;COTAS;26614642.619142000000000;10214125000178
202512;3099;1999004892;CAIXA;70362.030000000000000;
202512;3438;2000005111;COTAS;2239559.085035000000000;17706099000144
202512;3099;1999004892;COTAS;4272893.035280000000000;
202512;2556;1998007618;COTAS;341843.500000000000000;
202512;3126;2010002547;COTAS;10625008.998783000000000;
202512;3126;2007001918;CAIXA;65310.820000000000000;
202512;3126;2006004011;COTAS;3261019.901243000000000;
202512;3126;2007001918;VL_PG_RC;0.000000000000000;
202512;3126;2006004011;COTAS;17072989.128995000000000;
202512;3126;2010002792;COTAS;1242801.483952000000000;
202512;4385;2005006311;COTAS;63605498.480001000000000;
202512;2823;1994000392;COTAS;11248851.579253000000000;
202512;2556;2018001574;TIT_PRIV;458411.850000000000000;
202512;2823;1994000392;COTAS;953198.196632000000000;
202512;3188;1998006247;CAIXA;2284.710000000000000;
202512;3188;1998006247;COTAS;38794066.495502000000000;25244544000120
202512;3126;2012001483;CAIXA;46878.420000000000000;
202512;3126;2008000192;COTAS;1679002.816308000000000;
202512;3188;1999002792;COTAS;636345.861949000000000;29298975000120
202512;3188;1999002792;VL_PG_RC;-12946.960000000000000;
202512;2823;1994000465;COTAS;45136423.298189000000000;
202512;2823;1994000465;COTAS;57226896.956434000000000;
202512;3304;1995002811;COTAS;1378746.361503000000000;
202512;3126;2001000774;VL_PG_RC;-133147.430000000000000;
202512;3188;2000007856;COTAS;3471375.322651000000000;10220241000108
202512;4385;2005006311;VL_PG_RC;0.000000000000000;
202512;3188;2000007856;COTAS;293675.823368000000000;34613727000166
202512;4426;2006003111;COTAS;1295600.000000000000000;
202512;3188;2001000847;COTAS;58146.624165000000000;
202512;4443;1982002018;COTAS;110723.797975000000000;
202512;3188;2002000565;COTAS;27405908.830537000000000;25244544000120
202512;3126;2013000529;COTAS;3278010.098387000000000;
202512;4443;1982002018;TIT_PRIV;0.000000000000000;
202512;3188;2003000283;COTAS;4097757.115594000000000;10220241000108
202512;4443;1988000947;VL_PG_RC;0.000000000000000;
202512;3188;2003000283;COTAS;4862.174173000000000;34613727000166
202512;4443;1998002292;VL_PG_RC;0.000000000000000;
202512;3188;2003001638;COTAS;114961.090935000000000;
202512;4461;9970000000;COTAS;1012277.318892000000000;
202512;3188;2003001638;COTAS;54823.193893000000000;18270776000197
202512;3304;1995002811;COTAS;1633074.458107000000000;
202512;3188;2005001211;CAIXA;755774.900000000000000;
202512;3188;2009002229;CAIXA;129266.480000000000000;
202512;4474;2006005774;VL_PG_RC;-15621239.650000000000000;
202512;3304;1995002811;COTAS;3331048.578842000000000;
202512;4515;2007003538;VL_PG_RC;0.000000000000000;
202512;3126;2008000192;COTAS;15471235.155142000000000;
202512;3188;1998004856;COTAS;302270.487720000000000;
202512;3188;1998006247;COTAS;251533.469992000000000;
202512;3188;1996004883;VL_PG_RC;-363651.250000000000000;
202512;3188;2010000374;COTAS;47649.303438000000000;
202512;3188;1998004856;COTAS;1767227.964945000000000;27565843000191
202512;3188;2010000374;TIT_PUB;26493499.680000000000000;
202512;3188;1998005674;CAIXA;228049.170000000000000;
202512;2823;1994000465;TIT_PUB;141695655.760000000000000;
202512;3099;1999004892;COTAS;32475973.650000000000000;
202512;4532;9970000000;VL_PG_RC;0.000000000000000;
202512;2823;1994000538;COTAS;32061205.346449000000000;
202512;4577;2008003892;COTAS;946373.076784000000000;
202512;3188;1998005674;COTAS;730369.073297000000000;18270776000197
202512;3126;2005005811;COTAS;4320238.929692000000000;
202512;3188;1998005674;COTAS;68171.478244000000000;
202512;3438;2002002118;COTAS;803130.183953000000000;
202512;3188;2010003292;TIT_PUB;368416629.740000000000000;
202512;3438;2006002611;CAIXA;1023797.220000000000000;
202512;3126;1988000947;OPERACAO_PARTICIPANTE;151535.550000000000000;
202512;3126;2007002019;COTAS;2431267.281561000000000;
202512;3304;1995002811;COTAS;407302.535861000000000;
202512;3188;1999003756;COTAS;250059.669818000000000;
202512;4577;2010001974;COTAS;2758419.961882000000000;
202512;3126;2007002019;COTAS;9520873.120248000000000;
202512;3304;2011001838;COTAS;455862.917770000000000;
202512;3188;1998006247;COTAS;5715262.337779000000000;27565843000191
202512;3126;2007002019;COTAS;740955.465693000000000;
202512;2841;2005004529;COTAS;99127.670150000000000;
202512;3304;2011001838;COTAS;375106.024143000000000;
202512;2561;1999000447;COTAS;28071263.497304000000000;41545586000157
202512;2561;2014000174;COTAS;90216965.144767000000000;
202512;3126;2008000192;COTAS;14841772.815727000000000;
202512;3304;2011001838;COTAS;58327.807642000000000;
202512;3188;1999003756;COTAS;238630.521629000000000;
202512;3321;1995002992;COTAS;16788833.913066000000000;
202512;4577;2010001974;COTAS;116466.062313000000000;
202512;3321;1995002992;COTAS;17325475.814917000000000;
202512;3188;2003000283;COTAS;1495957.577056000000000;10214125000178
202512;3099;1999005392;VL_PG_RC;-56861.320000000000000;
202512;4581;9970000000;COTAS;507498.614193000000000;20726178000121
202512;3099;1999005465;COTAS;1078927.222148000000000;
202512;2561;9970000000;COTAS;2500413.693240000000000;
202512;3188;2010003438;COTAS;1400871.133806000000000;10220241000108
202512;3126;2021001229;COTAS;542888.085971000000000;
202512;3099;1999005465;COTAS;2538072.280000000000000;
202512;3126;2021001229;VL_PG_RC;-3129.790000000000000;
202512;3126;2021001318;COTAS;2364063.806126000000000;
202512;3438;2006002611;COTAS;144547098.124955000000000;08661367000168
202512;3188;2003000283;VL_PG_RC;-24842.410000000000000;
202512;3126;2021001318;COTAS;453030.863167000000000;
202512;3188;2003000747;COTAS;49510.226582000000000;
202512;3188;1999003756;COTAS;5701577.624462000000000;10220241000108
202512;3126;2021001318;VL_PG_RC;-2591.790000000000000;
202512;3188;2010003438;COTAS;1103520.298930000000000;34613727000166
202512;3126;1993001492;COTAS;601365.197049000000000;
202512;3188;1999003756;COTAS;2084363.458959000000000;10220247000177
202512;3126;2008000192;COTAS;51134715.572316000000000;
202512;2659;2000002447;COTAS;10679048.587697000000000;
202512;3126;2005005811;COTAS;7410.768425000000000;
202512;3126;2006003811;COTAS;623839.157962000000000;
202512;3188;2010005211;CAIXA;1118.590000000000000;
202512;3126;2006004011;COTAS;41668936.989560000000000;
202512;3438;2006002856;VL_PG_RC;0.000000000000000;
202512;3188;2003001638;CAIXA;3001.570000000000000;
202512;3188;2012000665;COTAS;3531577.604436000000000;29298975000120
202512;3126;2008000192;COTAS;37170848.670553000000000;
202512;4581;9970000000;VL_PG_RC;-2770.440000000000000;
202512;3126;2008000192;VL_PG_RC;-240263.830000000000000;
202512;3438;2007001111;CAIXA;93689.170000000000000;
202512;3126;1993001492;COTAS;626662.218481000000000;
202512;2841;2005004529;COTAS;6708693.825784000000000;
202512;3321;1995002992;COTAS;0.090939000000000;
202512;3126;2006004011;COTAS;9195962.603614000000000;
202512;2841;2005004611;COTAS;65233148.009999000000000;
202512;3188;2013000456;COTAS;3791662.541577000000000;27565843000191
202512;3321;1995002992;COTAS;2925758.043161000000000;
202512;3126;1993001492;COTAS;273246.125116000000000;
202512;3126;1993001492;COTAS;128619.522790000000000;
202512;3438;2007001438;COTAS;31887326.719999000000000;
202512;3438;2007003856;VL_PG_RC;-510.430000000000000;
202512;3188;1999003756;COTAS;20992281.927366000000000;25244544000120
202512;3099;1999005465;COTAS;7046355.710000000000000;
202512;3126;1993002219;COTAS;5771023.746253000000000;
202512;3438;2008003256;COTAS;12309879.350603000000000;
202512;2659;2000002447;COTAS;10781094.268898000000000;
202512;3126;2006004011;COTAS;763903.779090000000000;
202512;3126;2008001229;COTAS;21818778.253066000000000;
202512;3188;2017000711;COTAS;3606255.972383000000000;27565843000191
202512;3321;1995002992;COTAS;588569.044189000000000;
202512;2841;2005004611;COTAS;84497643.766557000000000;51854557000120
202512;3188;1998006247;COTAS;3210399.049070000000000;29298975000120
202512;3438;2010005465;COTAS;22998389.260000000000000;25423301000159
202512;3126;1994002956;COTAS;82397400.027766000000000;
202512;2854;1995002518;OPERACAO_PARTICIPANTE;58834.110000000000000;
202512;3126;1995000711;COTAS;6754255.200014000000000;
202512;3126;2008001229;COTAS;5231330.045485000000000;
202512;3126;2008001229;COTAS;83008370.727681000000000;
202512;3188;2002000565;COTAS;1893008.997325000000000;29298975000120
202512;3126;2010000129;COTAS;5592256.927349000000000;
202512;3188;2002000565;COTAS;993992.941791000000000;34613727000166
202512;3188;2001000847;TIT_PUB;32519075.110000000000000;
202512;2659;2000002447;COTAS;6541912.930508000000000;
202512;3188;2019000865;CAIXA;1485.000000000000000;
202512;3321;1995002992;COTAS;2411381.368698000000000;
202512;3188;2002000719;COTAS;11324487.572689000000000;10214125000178
202512;3349;1995003638;COTAS;7840306.500000000000000;
202512;3126;2010000129;COTAS;649803.672585000000000;
202512;3188;2002000565;TIT_PUB;66952629.120000000000000;
202512;3126;2010002792;VL_PG_RC;-6486.400000000000000;
202512;4594;9970000000;VL_PG_RC;0.000000000000000;
202512;3126;2012001483;COTAS;3370677.331607000000000;
202512;4604;2010002083;COTAS;208770378.058850000000000;
202512;3438;2012000347;CAIXA;18949.870000000000000;
202512;3126;2021001156;COTAS;1372705.140099000000000;
202512;4604;2010002083;COTAS;8965898.277875000000000;
202512;3126;2021001229;COTAS;8536590.322968000000000;
202512;2909;1993003411;TIT_PUB;8180076.820000000000000;
202512;4604;9970000000;VL_PG_RC;-25.060000000000000;
202512;3126;1995000711;COTAS;2458027.561600000000000;
202512;3349;1995003638;COTAS;3973659.731215000000000;
202512;3126;2006004011;VL_PG_RC;-39987.280000000000000;
202512;2693;9970000000;VL_PG_RC;-16919.270000000000000;
202512;3188;2003001638;COTAS;2911263.395423000000000;10220241000108
202512;2811;1993002774;COTAS;18259120.329857000000000;
202512;3126;1995001147;COTAS;18704160.774099000000000;
202512;3188;2002000719;COTAS;22064738.809600000000000;10220241000108
202512;3161;1994004118;CAIXA;12128.750000000000000;
202512;3126;1996004247;COTAS;127870709.880004000000000;
202512;3188;2004002174;COTAS;1293711.868940000000000;
202512;3438;2012000347;COTAS;1730239.663964000000000;
202512;3126;2009000447;CAIXA;6000.000000000000000;
202512;3188;2019000865;COTAS;31550224.218440000000000;18270776000197
202512;3411;2016001356;COTAS;20677460.829243000000000;13970020000137
202512;2909;2010004711;CAIXA;5278.310000000000000;
202512;2811;1993002774;OPERACAO_PARTICIPANTE;1033536.650000000000000;
202512;3126;1997000938;CAIXA;28686.800000000000000;
202512;2811;9970000000;COTAS;1321758.183215000000000;
202512;3126;1997001918;COTAS;63517272.595462000000000;
202512;3099;2020003074;VL_PG_RC;-35386.150000000000000;
202512;3188;2002000719;TIT_PUB;363736610.560000000000000;
202512;3126;2023000874;CAIXA;6000.410000000000000;
202512;3411;2016001356;COTAS;6005899.493202000000000;45017499000188
202512;3188;2019001047;COTAS;23578.548295000000000;10220241000108
202512;3438;1999001011;COTAS;187795559.001564000000000;46206481000197
202512;3126;2010000129;COTAS;349063.573411000000000;
202512;3438;1999001656;COTAS;10003130.329996000000000;42814967000157
202512;3126;2006007165;COTAS;53516634.050336000000000;
202512;3126;1998002292;OPERACAO_PARTICIPANTE;1976816.953787084200000;
202512;2912;2005006711;CAIXA;60240.640000000000000;
202512;2811;9970000000;COTAS;166367.751952000000000;
202512;3126;2024000665;CAIXA;21764.800000000000000;
202512;3188;2019001047;COTAS;13805.101858000000000;34613727000166
202512;3126;2012001483;COTAS;3694272.659532000000000;
202512;4618;2009002474;COTAS;105411033.820000000000000;19366021000153
202512;3201;9970000000;CAIXA;0.030000000000000;
202512;3188;2004002174;COTAS;9653472.977960000000000;10214125000178
202512;3188;2002000719;COTAS;5325508.272160000000000;10220247000177
202512;3126;2007002019;COTAS;908663.444658000000000;
202512;3438;2000000118;VL_PG_RC;0.000000000000000;
202512;3126;2008000192;COTAS;21405428.266730000000000;
202512;2823;1994000465;COTAS;25305443.866786000000000;
202512;3126;2008000192;COTAS;6440876.198127000000000;
202512;3126;2008000192;COTAS;16058.311631000000000;
202512;3438;2002002118;OPERACAO_PARTICIPANTE;307368.770000000000000;
202512;3126;2010002547;CAIXA;8550.000000000000000;
202512;3126;2010002792;COTAS;1358447.609990000000000;
202512;3201;9970000000;COTAS;8.397907000000000;
202512;3126;2024000665;COTAS;32317899.606886000000000;
202512;3126;2010002792;COTAS;1444686.401835000000000;
202512;3126;1993001492;COTAS;4155363.283013000000000;
202512;3438;2006002211;COTAS;77991631.030001000000000;13863699000165
202512;2823;1994000538;COTAS;16147092.837895000000000;
202512;3188;2002000719;COTAS;4483493.144992000000000;34613727000166
202512;3188;2005000256;TIT_PUB;89242148.020000000000000;
202512;3438;2007001438;VL_PG_RC;0.000000000000000;
202512;3251;1995001465;COTAS;72740251.088181000000000;
202512;2841;2005004529;CAIXA;390682.110000000000000;
202512;3161;1994004118;COTAS;4873557.359553000000000;
202512;3438;2008003256;COTAS;54997371.733841000000000;
202512;2841;9970000000;CAIXA;5345.230000000000000;
202512;3126;1993001492;COTAS;20547676.112686000000000;
202512;3251;1995001465;COTAS;19888345.278310000000000;
202512;3161;2005005111;COTAS;2882710.385586000000000;
202512;2854;9970000000;COTAS;3364347.499568000000000;
202512;3438;2010005465;VL_PG_RC;0.000000000000000;
202512;3126;1993001492;COTAS;2277987.522095000000000;
202512;2931;1994000211;COTAS;11471174.997789000000000;
202512;3251;1995001465;VL_PG_RC;-91173.640000000000000;
202512;3161;2005005111;COTAS;676037.592848000000000;
202512;3188;2003000747;COTAS;190536.767566000000000;10214125000178
202512;2909;2016000465;CAIXA;243237.690000000000000;
202512;3126;1993002219;COTAS;1814085.045218000000000;
202512;3126;2010002792;COTAS;588388.565043000000000;
202512;3304;1995002747;COTAS;6358591.240000000000000;
202512;3161;2024000819;VL_PG_RC;-3100.000000000000000;
202512;3161;1994004118;COTAS;4192769.961805000000000;
202512;3188;2005006483;COTAS;744022.628144000000000;
202512;3438;2013001983;COTAS;28803833.117407000000000;04587998000123
202512;3304;1995002747;COTAS;2814178.003099000000000;
202512;3304;1995002811;COTAS;867908.622152000000000;
202512;3161;2005005111;COTAS;738891.263297000000000;
202512;2909;9970000000;CAIXA;61873.180000000000000;
202512;3188;2010003365;TIT_PUB;590920109.260000000000000;
202512;2931;1994000211;COTAS;2661877.227187000000000;
202512;2931;1994000211;COTAS;7779861.287874000000000;
202512;2991;1985000547;COTAS;769703.385000000000000;
202512;3304;1995002811;COTAS;87808.490205000000000;
202512;4618;2009002474;VL_PG_RC;0.000000000000000;
202512;3126;2012001483;COTAS;5842146.991589000000000;
202512;3126;1994002956;COTAS;65357085.647170000000000;
202512;3188;2005006483;COTAS;179402.239183000000000;
202512;3438;2013001983;COTAS;29641778.319045000000000;15730745000183
202512;3188;2010003438;COTAS;10835487.220650000000000;18270776000197
202512;3126;1999002318;COTAS;71450522.870141000000000;
202512;3188;2007003074;COTAS;274223.750073000000000;10214125000178
202512;3126;2018000756;COTAS;194079.618614000000000;
202512;3126;1994002956;COTAS;47429909.897574000000000;
202512;4652;2010004574;VL_PG_RC;-72882.850000000000000;
202512;3438;2021002438;CAIXA;134309.810000000000000;
202512;3126;1995000711;COTAS;240470.677244000000000;
202512;3126;2021001156;COTAS;477767.210525000000000;
202512;3126;1995001147;COTAS;17436693.099465000000000;
202512;2991;1994002492;COTAS;1891337.792479000000000;
202512;3126;1995001147;COTAS;270051194.037639000000000;
202512;3174;1994004029;COTAS;23990634.428862000000000;
202512;3161;2005005111;COTAS;1741614.323623000000000;
202512;3188;2009002156;COTAS;2424705.825876000000000;
202512;4666;2011000629;COTAS;62377557.194370000000000;
202512;3438;2021002918;COTAS;30893305.200893000000000;
202512;3188;2010003438;COTAS;5869196.272565000000000;29298975000120
202512;3472;1984001183;COTAS;117567973.507787000000000;17133677000109
202512;3188;2007003074;COTAS;460435.998945000000000;34613727000166
202512;3174;1994004029;COTAS;3083791.794810000000000;
202512;3188;2010003438;VL_PG_RC;-216963.820000000000000;
202512;3126;2012001483;COTAS;10975450.844160000000000;
202512;3126;2021001156;COTAS;377080.092308000000000;
202512;3304;1995002811;COTAS;4816777.141637000000000;
202512;2991;1994002492;COTAS;7923728.289163000000000;
202512;3304;1995002811;COTAS;1341741.677698000000000;
202512;3188;2010005211;COTAS;425985.819624000000000;
202512;3126;2012001483;VL_PG_RC;34583.550000000000000;
202512;3188;2007003074;VL_PG_RC;-4802.060000000000000;
202512;2991;1994002492;COTAS;4448939.869539000000000;
202512;3438;9970000000;COTAS;20083522.162885000000000;
202512;3188;2012000665;COTAS;376477.573724000000000;
202512;3188;2012000665;COTAS;69522069.069704000000000;25244544000120
202512;3126;2013000529;COTAS;26280829.918693000000000;
202512;2991;1994002492;COTAS;18488307.051294000000000;
202512;3126;2018000756;COTAS;242760.513101000000000;
202512;3188;2009002156;CAIXA;6800.000000000000000;
202512;3126;2021001156;CAIXA;4000.000000000000000;
202512;3126;1999002318;COTAS;28289659.490896000000000;
202512;3126;2021001156;COTAS;380071.533091000000000;
202512;3304;1995002811;COTAS;2009232.320701000000000;
202512;2991;1994002492;TIT_PRIV;122317554.410000000000000;
202512;3304;2011001838;COTAS;630060.805356000000000;
202512;3006;1994002174;COTAS;8455967.670168000000000;
202512;3174;1994004029;COTAS;206282625.160545000000000;26811773000141
202512;2991;1994002492;COTAS;56518426.892179000000000;47716645000199
202512;3126;2021001229;COTAS;617594.665406000000000;
202512;3126;2021001318;COTAS;1680057.735594000000000;
202512;3321;1995002992;COTAS;12416463.937966000000000;
202512;3023;2001001738;COTAS;19479232.512841000000000;
202512;3188;2010003047;TIT_PUB;1065837.040000000000000;
202512;3037;1994001119;COTAS;13241289.018974000000000;
202512;3006;1994002174;COTAS;57295.280100000000000;
202512;3174;1994004029;COTAS;135079598.968687000000000;
202512;3126;1999002318;COTAS;1913009.185176000000000;
202512;3188;2012000665;COTAS;1885318.232559000000000;27565843000191
202512;3188;1996001647;COTAS;66988.165818000000000;
202512;3126;2024000665;COTAS;1160679.288415000000000;
202512;3188;2013000456;TIT_PUB;96413209.010000000000000;
202512;3188;2010003292;OPERACAO_PARTICIPANTE;0.000000000000000;
202512;3188;2016000538;COTAS;38348982.194193000000000;25244544000120
202512;3099;1996002392;OPERACAO_PARTICIPANTE;1320.949999980600000;
202512;3126;2001000774;COTAS;534366.238064000000000;
202512;3321;1995002992;COTAS;6730324.342534000000000;
202512;3126;2024000665;COTAS;40992293.489885000000000;
202512;4666;2011000629;VL_PG_RC;-29780.880000000000000;
202512;3527;1996002619;COTAS;231839110.939043000000000;
202512;3126;2021001156;VL_PG_RC;12099.700000000000000;
202512;3126;1995002674;COTAS;2140666.728058000000000;
202512;3472;1984001183;COTAS;121175638.215583000000000;40209607000109
202512;3472;1984001183;COTAS;393893373.027009000000000;42831476000114
202512;3126;2001001983;COTAS;17550219.583687000000000;
202512;3126;1995002674;COTAS;3387548.361837000000000;
202512;4666;9970000000;VL_PG_RC;-711.080000000000000;
202512;3527;1996002619;COTAS;23266528.597903000000000;
202512;3188;2010003438;COTAS;9752644.489645000000000;10220247000177
202512;3321;1995002992;COTAS;1963579.488141000000000;
202512;3099;1999005392;COTAS;471285.555867000000000;
202512;3527;2020001756;COTAS;4136703.258578000000000;
202512;3188;2010005074;TIT_PUB;6586352.990000000000000;
202512;3558;1996003992;TIT_PUB;3782051.430000000000000;
202512;3188;2017000574;TIT_PUB;70958332.010000000000000;
202512;3126;2005005811;COTAS;7711164.615329000000000;
202512;3126;2024000665;TIT_PUB;27407885.660000000000000;
202512;3188;1989000983;COTAS;383165.483427000000000;
202512;3099;1999005465;COTAS;60982866.269966000000000;04701028000107
202512;3188;1996001647;COTAS;57853.676330000000000;
202512;3188;1994002565;COTAS;3416280.411535000000000;10214125000178
202512;3188;2010000374;COTAS;50108.359358000000000;
202512;3472;1988001374;VL_PG_RC;0.000000000000000;
202512;3126;1999002318;COTAS;10019229.534343000000000;
202512;3472;2023000718;COTAS;7132231.375137000000000;17133677000109
202512;3023;1979003718;COTAS;18199527.208932000000000;
202512;3188;1994002565;COTAS;122258390.583442000000000;25244544000120
202512;3188;2017000711;COTAS;55874.502160000000000;
202512;3188;1998004074;VL_PG_RC;0.000000000000000;
202512;3188;1996004883;COTAS;17461738.367517000000000;27565843000191
202512;3188;2019000865;COTAS;40910.115746000000000;
202512;3023;1979003718;VL_PG_RC;-5403.170000000000000;
202512;4683;1990001165;COTAS;12346701.513541000000000;
202512;3472;2023000718;COTAS;19292972.603895000000000;42831476000114
202512;3558;9970000000;COTAS;359298.178512000000000;
202512;3188;1999002792;COTAS;9596134.162808000000000;25244544000120
202512;3486;1996002074;COTAS;28399499.429781000000000;
202512;3126;2005005811;VL_PG_RC;-73821.510000000000000;
202512;3188;2019000865;TIT_PUB;42692212.190000000000000;
202512;3126;1999002318;COTAS;2223925.207916000000000;
202512;3188;1999003756;OPERACAO_PARTICIPANTE;1822270.020000000000000;
202512;3126;2006001183;COTAS;4355465.931290000000000;
202512;3321;1995002992;COTAS;1418386.718643000000000;
202512;3161;2005005111;COTAS;1566799.599411000000000;
202512;3126;1999002318;COTAS;3234090.428887000000000;
202512;3188;2010000374;COTAS;1175222.076352000000000;10214125000178
202512;3126;2005005811;COTAS;1810601.674207000000000;
202512;3188;2010000374;COTAS;1577205.987187000000000;10220247000177
202512;3099;1999005465;VL_PG_RC;-159482.690000000000000;
202512;3174;1994004029;COTAS;551517856.605478000000000;58370379000101
202512;3531;1996003038;COTAS;1420132.338610000000000;
202512;3126;2006003811;COTAS;169183.126958000000000;
202512;3602;1979000638;VL_PG_RC;2444304.150000000000000;
202512;3126;2006003992;COTAS;32717676.924145000000000;
202512;4683;2005000647;COTAS;1920450.589016000000000;
202512;3602;2011001692;CAIXA;177351.410000000000000;
202512;4683;2007002965;COTAS;1856519.180116000000000;
202512;3126;2021001318;COTAS;546523.693874000000000;
202512;3558;1996003992;COTAS;12826496.825635000000000;
202512;3188;2000007856;TIT_PUB;105327152.070000000000000;
202512;3188;1998004856;COTAS;283215.410397000000000;
202512;3188;2016000538;COTAS;3131734.055576000000000;10214125000178
202512;3188;2003000283;COTAS;1200722.067846000000000;29298975000120
202512;3188;1998005674;COTAS;64350.117261000000000;
202512;3188;1994002565;VL_PG_RC;134408.570000000000000;
202512;3188;2003000747;COTAS;1720820.372557000000000;18270776000197
202512;3188;1998005674;TIT_PUB;38662201.090000000000000;
202512;3592;9970000000;COTAS;5121508.149925000000000;
202512;3037;1994001119;COTAS;22409194.594887000000000;
202512;3602;2011001692;COTAS;7727859.787315000000000;
202512;3188;2003000747;COTAS;278819.630976000000000;27565843000191
202512;3188;1996001647;COTAS;747494.538781000000000;29298975000120
202512;3126;2006001183;COTAS;415537.061975000000000;
202512;3188;1998006247;TIT_PUB;80998074.990000000000000;
202512;3188;2010000374;COTAS;3512040.120175000000000;25244544000120
202512;4683;2008000818;COTAS;392176742.423253000000000;52226189000139
202512;3188;2010003047;COTAS;3412.892805000000000;
202512;3602;2011001692;COTAS;19197925.641854000000000;62655118000105
202512;3188;2016000538;COTAS;6857694.205395000000000;10220241000108
202512;4707;2013000138;COTAS;21786026.085674000000000;
202512;3602;2009000511;COTAS;15844683.044427000000000;21321600000121
202512;3602;2011001692;COTAS;5582472.863210000000000;03162048000194
202512;3602;2020002965;COTAS;3515756.659114000000000;
202512;3099;1994003065;CAIXA;1332.020000000000000;
202512;3602;9970000000;COTAS;557275.057527000000000;50927335000128
202512;3188;1999002792;COTAS;50598.440785000000000;
202512;3188;2000007856;CAIXA;530.660000000000000;
202512;3099;2020003074;COTAS;20601.516726000000000;
202512;3321;1995002992;COTAS;4978912.436610000000000;
202512;3126;2006003747;COTAS;21269.329940000000000;
202512;3188;2004002174;COTAS;215695649.514024000000000;25244544000120
202512;3188;2005000256;COTAS;471650.061957000000000;27565843000191
202512;3647;1997001829;OPERACAO_PARTICIPANTE;88088.850000000000000;
202512;3321;9970000000;VL_PG_RC;0.000000000000000;
202512;3188;2010003292;COTAS;3760519.576697000000000;29298975000120
202512;3161;1994004118;TIT_PUB;311162809.500000000000000;
202512;3349;1995003638;COTAS;15117590.487899000000000;
202512;3647;9970000000;COTAS;300196.689993000000000;
202512;3161;2005005111;COTAS;1606303.621848000000000;
202512;3188;2000007856;COTAS;203080.332588000000000;
202512;3188;2016000538;COTAS;4438941.104907000000000;34613727000166
202512;3126;2006003992;COTAS;2678084.743388000000000;
202512;3188;2021003019;COTAS;90082.543355000000000;
202512;3188;1996001647;COTAS;79301.672407000000000;34613727000166
202512;3349;1995003638;COTAS;9213766.492985000000000;
202512;4707;2013000219;COTAS;9413685.108178000000000;
202512;3161;2005005111;COTAS;10327799.579639000000000;
202512;3126;2006003811;COTAS;544552.060004000000000;
202512;3188;2021003019;TIT_PUB;44906204.820000000000000;
202512;3188;2005001211;COTAS;4546016.375418000000000;10220241000108
202512;3174;9970000000;VL_PG_RC;0.000000000000000;
202512;3188;1997001047;COTAS;53997288.638774000000000;18270776000197
202512;3126;2006003811;COTAS;413120.447162000000000;
202512;3188;2005001211;COTAS;1322289.178390000000000;29298975000120
202512;3188;2001000847;COTAS;11618602.617442000000000;25244544000120
202512;3188;2010003292;COTAS;2693394.430808000000000;34613727000166
202512;3188;2002000565;COTAS;333247.534102000000000;
202512;3349;1995003638;TIT_PRIV;8401172.340000000000000;
202512;3188;2003000283;CAIXA;175.760000000000000;
202512;4707;2013000219;COTAS;13099957.363049000000000;
202512;3647;1997001829;COTAS;12567712.006677000000000;
202512;3126;2006003992;COTAS;8187452.840437000000000;
202512;3678;1989000819;COTAS;248529751.790000000000000;21053457000134
202512;3188;2010005074;COTAS;10289723.384316000000000;25244544000120
202512;4707;2013002092;COTAS;56624589.048063000000000;
202512;3678;2010001818;CAIXA;1594.720000000000000;
202512;3188;1989000983;COTAS;33622948.580771000000000;18270776000197
202512;3678;9970000000;COTAS;4033407.623434000000000;03322908000100
202512;3126;2006003992;COTAS;39206493.411363000000000;
202512;3825;1989001092;COTAS;11944524.950025000000000;
202512;3825;1989001092;TIT_PUB;4393234.000000000000000;
202512;3678;9970000000;VL_PG_RC;-8886.900000000000000;
202512;3825;1993001956;COTAS;17485701.193891000000000;
202512;3126;2006003992;TIT_PUB;123107678.040000000000000;
202512;4707;2013002092;COTAS;9488487.731250000000000;
202512;3188;2017000711;COTAS;2909838.928251000000000;29298975000120
202512;3188;2005001211;COTAS;2528130.526776000000000;34613727000166
202512;3811;1998004783;CAIXA;96012.710000000000000;
202512;3126;2006003992;VL_PG_RC;-351422.990000000000000;
202512;3188;1997002183;COTAS;119222.063186000000000;
202512;3188;1996001647;COTAS;165585.148035000000000;
202512;3126;2006004011;COTAS;7011150.463301000000000;
202512;3825;1988002265;VL_PG_RC;5553.190000000000000;
202512;3188;2019001047;COTAS;18609.321161000000000;10214125000178
202512;3099;1994004411;OPERACAO_PARTICIPANTE;12966.960000000000000;
202512;3349;9970000000;CAIXA;4500.000000000000000;
202512;3126;2006004711;COTAS;24626522.521454000000000;
202512;3825;1989001874;COTAS;177298462.111729000000000;
202512;3099;1999004647;COTAS;120568.065779000000000;
202512;3411;9970000000;CAIXA;3663.780000000000000;
202512;3825;1993001638;VL_PG_RC;0.000000000000000;
202512;3188;2021003019;CAIXA;367231.650000000000000;
202512;3188;1998004856;COTAS;6866574.305466000000000;10220241000108
202512;3188;1996004883;TIT_PUB;1064721624.930000000000000;
202512;4707;2013002092;COTAS;14818631.182362000000000;
202512;4707;2013002092;TIT_PUB;294276945.880000000000000;
202512;3251;1995001465;COTAS;9515858.617016000000000;
202512;3188;1997001047;COTAS;205075816.288486000000000;25244544000120
202512;3126;2006004711;COTAS;1462439.608466000000000;
202512;3825;1995001929;COTAS;11356538.682354000000000;
202512;3188;2003000283;COTAS;95908.203966000000000;
202512;3188;2023000947;COTAS;46653.281304000000000;29298975000120
202512;3188;2005001211;TIT_PUB;29573298.920000000000000;
202512;3126;1993001492;COTAS;823820.070006000000000;
202512;3825;1996001574;COTAS;479687.925604000000000;
202512;3188;2005006483;TIT_PUB;99501677.980000000000000;
202512;3438;2000000118;COTAS;193897.501656000000000;17706099000144
202512;3126;1993001492;COTAS;38060224.194505000000000;
202512;3126;2007002019;COTAS;2026852.369992000000000;
202512;3188;2003000747;COTAS;2788644.946906000000000;25244544000120
202512;3188;1998004856;COTAS;1575306.255193000000000;34613727000166
202512;3126;1993002219;COTAS;7375244.914552000000000;
202512;3188;1998005674;COTAS;100893.839923000000000;
202512;3126;1988000947;COTAS;204968098.162399000000000;
202512;3188;1998005674;COTAS;871634.885857000000000;29298975000120
202512;3188;1998006247;COTAS;33158301.670769000000000;18270776000197
202512;3188;2021003019;COTAS;96575.808362000000000;
202512;3201;1994004274;VL_PG_RC;0.000000000000000;
202512;3188;2021003019;COTAS;21054216.612288000000000;25244544000120
202512;3126;2008001229;TIT_PUB;30992457.450000000000000;
202512;3188;1998004856;COTAS;3411303.249453000000000;29298975000120
202512;3825;1997002574;COTAS;2542990.303435000000000;
202512;3251;1995001465;COTAS;35898228.570189000000000;
202512;3188;2007003074;COTAS;68012.517409000000000;
202512;3188;1998005674;COTAS;7606530.086582000000000;25244544000120
202512;4707;2018001329;COTAS;279164.229925000000000;
202512;3825;1998001083;COTAS;10811959.388124000000000;
202512;3251;1995001465;COTAS;4449513.615336000000000;
202512;3825;1997003783;VL_PG_RC;0.000000000000000;
202512;4707;2019003856;COTAS;462047.095245000000000;
202512;3825;1998001083;CAIXA;2000.000000000000000;
202512;3188;2023000947;COTAS;641550.194639000000000;18270776000197
202512;3251;1995001465;COTAS;9028996.741509000000000;
202512;3825;1999005074;COTAS;724455.163308000000000;
202512;3188;1999002792;COTAS;1090703.065008000000000;10214125000178
202512;3188;2009002156;COTAS;285644318.572823000000000;25244544000120
202512;3188;1999002792;COTAS;13658.608389000000000;10220247000177
202512;3251;1995001465;COTAS;3115929.924645000000000;
202512;3188;2003001638;COTAS;2433530.398062000000000;10214125000178
202512;3251;1995001465;COTAS;154506.749253000000000;
202512;4707;2019003856;COTAS;633730.767866000000000;
202512;3188;2010000374;COTAS;42887.891100000000000;
202512;3126;1995000711;COTAS;1819854.478682000000000;
202512;3126;2009000447;VL_PG_RC;-22773.750000000000000;
202512;3251;1995001465;COTAS;3002006.293941000000000;
202512;4707;2020002647;COTAS;1258793.797657000000000;
202512;3251;1995001465;COTAS;2998514.420043000000000;
202512;3188;2002000565;COTAS;992169.860968000000000;27565843000191
202512;3188;2003001638;COTAS;16566.688272000000000;10220247000177
202512;3126;1993002219;COTAS;2551870.312060000000000;
202512;3126;2006004011;COTAS;294051.690824000000000;
202512;3188;2004002174;COTAS;79268980.228457000000000;18270776000197
202512;3251;1995001465;COTAS;4194062.409986000000000;
202512;3188;2003000283;COTAS;11554718.617453000000000;18270776000197
202512;3825;2012000592;CAIXA;-90058.590000000000000;
202512;3188;2005006483;VL_PG_RC;-100276.580000000000000;
202512;3825;2002000492;CAIXA;1000.000000000000000;
202512;3251;1995001465;COTAS;1145571.753806000000000;
202512;3188;1998006247;OPERACAO_PARTICIPANTE;1432212.690000000000000;
202512;3438;2001002092;CAIXA;32027.950000000000000;
202512;4707;2020002647;COTAS;230447.551951000000000;
202512;3825;2012002056;COTAS;31179405.088538000000000;
202512;3126;1994002956;COTAS;17881542.794803000000000;
202512;3251;1995001465;COTAS;11997269.159551000000000;
202512;3825;2005003011;COTAS;137956796.764154000000000;
202512;3126;2010002792;COTAS;12284587.225989000000000;
202512;4707;9970000000;COTAS;7219361.274321000000000;
202512;3438;2002002029;COTAS;1960374.670066000000000;20030716000149
202512;3188;1999002792;TIT_PUB;21199867.770000000000000;
202512;3438;2005006556;COTAS;50149448.502491000000000;
202512;3126;1995000711;COTAS;77463804.992743000000000;
202512;3126;2012001483;COTAS;138788.393212000000000;
202512;3126;2013000529;COTAS;3335103.780598000000000;
202512;3251;1995001465;COTAS;10673387.445766000000000;
202512;3251;1995001465;COTAS;2044983.181555000000000;
202512;3251;1995001465;COTAS;10087579.211113000000000;
202512;3438;2005006556;OPERACAO_PARTICIPANTE;2349806.630000000000000;
202512;3126;1995000711;VL_PG_RC;-290457.980000000000000;
202512;3825;2007003619;COTAS;10132075.240055000000000;
202512;3126;1995001147;COTAS;40833856.640363000000000;
202512;3126;1995001147;CAIXA;91228.410000000000000;
202512;4711;2008002047;VL_PG_RC;-1003675.890000000000000;
202512;3188;1999003756;COTAS;206951.821012000000000;18270776000197
202512;4724;2013000618;COTAS;3103681.000000000000000;
202512;3825;2012002056;COTAS;1134380.241270000000000;
202512;3438;2006000438;COTAS;2044636.905362000000000;
202512;3126;2018000756;COTAS;1102016.823965000000000;
202512;3251;1995001465;COTAS;185345.593415000000000;
202512;3304;1995002747;COTAS;295117.072641000000000;
202512;3188;2003000747;TIT_PUB;2511291.120000000000000;
202512;3126;2021001318;COTAS;7081092.976322000000000;
202512;3188;2000007856;VL_PG_RC;-76836.700000000000000;
202512;3126;1996004247;COTAS;99585878.650001000000000;
202512;3188;2010003047;COTAS;3961608.700034000000000;25244544000120
202512;3438;2007003856;COTAS;7058655.048318000000000;
202512;3126;1999002318;COTAS;160284.330148000000000;
202512;3188;2007003074;COTAS;3559244.199280000000000;25244544000120
202512;3188;2003001638;COTAS;1550411.228716000000000;29298975000120
202512;3188;2003001638;COTAS;4452.249958000000000;34613727000166
202512;3126;2006004711;COTAS;665737.999371000000000;
202512;3188;2002000719;COTAS;663478.916981000000000;
202512;3188;2010005074;COTAS;142592.875590000000000;
202512;3126;2007001918;COTAS;27457503.500000000000000;
202512;3126;2001001983;COTAS;1568914.335199000000000;
202512;3304;1995002747;COTAS;1859554.505202000000000;
202512;3438;2009002083;COTAS;1388477.545672000000000;
202512;4724;2013000618;TIT_PUB;1015534348.600000000000000;
202512;3825;2015000119;VL_PG_RC;0.000000000000000;
202512;3188;2007003074;COTAS;352829.484768000000000;27565843000191
202512;3825;2021001611;COTAS;4544071.303932000000000;
202512;3126;2024000118;COTAS;500757.871373000000000;
202512;3304;1995002747;COTAS;1444993.898479000000000;
202512;3251;9970000000;VL_PG_RC;0.000000000000000;
202512;3126;2007002019;COTAS;2144349.799740000000000;
202512;3161;2005005111;COTAS;1832570.086898000000000;
202512;3304;1995002747;COTAS;2063772.036596000000000;
202512;3438;2021002438;COTAS;6996656.835840000000000;
202512;3126;1995001147;COTAS;2394310.551404000000000;
202512;3304;1995002747;COTAS;4026921.650185000000000;
202512;3188;2004002174;CAIXA;154390.760000000000000;
202512;3825;2021001611;COTAS;31965931.457648000000000;
202512;3188;2005006483;COTAS;213668.346648000000000;18270776000197
202512;3825;9970000000;VL_PG_RC;0.000000000000000;
202512;3188;2010005211;COTAS;20054761.192507000000000;10220241000108
202512;3126;2007002019;COTAS;783117.504033000000000;
202512;3126;2005005811;CAIXA;8119.650000000000000;
202512;3839;1998004929;ACOES;48634013.400000000000000;
202512;3304;1995002747;COTAS;397255.288381000000000;
202512;3126;2005005811;COTAS;4750740.061770000000000;
202512;3126;1995002674;COTAS;368417.162756000000000;
202512;3304;1995002747;COTAS;11610171.608832000000000;
202512;3304;1995002747;TIT_PUB;215653777.370000000000000;
202512;3126;2005005811;COTAS;3982145.487648000000000;
202512;3304;1995002747;COTAS;1323892.675730000000000;
202512;3438;2021002438;COTAS;34755734.493368000000000;
202512;3304;1995002747;COTAS;28363.041046000000000;
202512;3126;2008000192;COTAS;2816739.813640000000000;
202512;3839;2009001583;COTAS;176846.460298000000000;
202512;3188;2010005211;COTAS;11848193.693504000000000;34613727000166
202512;3161;2005005111;COTAS;1061284.293133000000000;
202512;3304;1995002747;VL_PG_RC;-667999.140000000000000;
202512;4724;9970000000;COTAS;155537135.300147000000000;
202512;3126;1997000938;COTAS;9358881.787447000000000;
202512;3188;2003001638;VL_PG_RC;-30765.750000000000000;
202512;3188;2009002156;COTAS;22329098.118678000000000;29298975000120
202512;3861;1993001719;COTAS;22785511.282471000000000;
202512;3188;2012000665;COTAS;5146330.736753000000000;10214125000178
202512;3126;1997001918;COTAS;24170139.860393000000000;
202512;3188;2005000256;COTAS;4986934.281621000000000;10220241000108
202512;3174;1994004029;COTAS;13968903.154420000000000;
202512;3188;2005000256;COTAS;649367.618381000000000;34613727000166
202512;4738;2021002519;COTAS;150539.307649000000000;
202512;3188;2005001211;COTAS;237871.153652000000000;
202512;3188;1989000983;COTAS;30420.077235000000000;10220247000177
202512;3188;2010005211;OPERACAO_PARTICIPANTE;1418876.820024684000000;
202512;3304;1995002747;COTAS;7270918.983752000000000;
202512;3188;1994002565;COTAS;520247.041632000000000;
202512;3126;2008001229;CAIXA;76701.380000000000000;
202512;4755;2014000311;CAIXA;18253.170000000000000;
202512;3861;1993001719;COTAS;346268147.870034000000000;05112343000161
202512;3126;2008001229;COTAS;69408319.897493000000000;
202512;3188;2007003074;COTAS;39280.658997000000000;
202512;3188;2016000538;COTAS;2580604.574377000000000;27565843000191
202512;3188;1994002565;COTAS;486451.965884000000000;
202512;3188;2005006483;COTAS;2420084.814058000000000;10214125000178
202512;3472;2023000718;COTAS;5881894.759022000000000;
202512;4755;2015001247;TIT_PUB;223902.960000000000000;
202512;3304;1995002811;COTAS;103857.068018000000000;
202512;3304;1995002811;COTAS;2432302.778236000000000;
202512;4755;2020002574;COTAS;276738.963597000000000;61650236000168
202512;3304;1995002811;COTAS;3260705.210986000000000;
202512;3188;2007003074;TIT_PUB;6179148.020000000000000;
202512;3188;2019000865;COTAS;8418125.582738000000000;10220241000108
202512;3304;1995002811;CAIXA;8257.460000000000000;
202512;3126;2009000447;COTAS;13748141.867593000000000;
202512;4769;2015000429;COTAS;12142512.958886000000000;
202512;3188;1994002565;COTAS;12552237.166803000000000;34613727000166
202512;3527;1996002619;COTAS;53310242.018991000000000;
202512;3126;1997001918;VL_PG_RC;59616.940000000000000;
202512;3188;2010005211;TIT_PUB;102438265.320000000000000;
202512;4769;9970000000;COTAS;6406634.801394000000000;
202512;3188;2019000865;COTAS;4914185.505977000000000;34613727000166
202512;3304;1995002811;COTAS;3820429.414374000000000;
202512;3825;2012002056;VL_PG_RC;174000.000000000000000;
202512;3126;2005005811;COTAS;13951375.810550000000000;
202512;3825;2015000119;COTAS;5648519.293688000000000;
202512;3188;2012000665;COTAS;270613.285693000000000;
202512;3527;2020001365;COTAS;1515444.211208000000000;
202512;3188;2017000711;CAIXA;2066225.520000000000000;
202512;4769;9970000000;VL_PG_RC;-1745.150000000000000;
202512;3126;1998002292;COTAS;198945.376510000000000;
202512;3126;2010000129;COTAS;604733.588579000000000;
202512;3188;2017000711;COTAS;3735774.310243000000000;10214125000178
202512;3188;1994002565;OPERACAO_PARTICIPANTE;546141.380004058200000;
202512;3304;1995002811;COTAS;2196579.172002000000000;
202512;3304;1995002811;COTAS;3557737.912910000000000;
202512;3527;2020001756;COTAS;75281994.539537000000000;
202512;3304;1995002811;COTAS;2393476.367825000000000;
202512;3126;2005005811;COTAS;7620560.728500000000000;
202512;3188;2009002156;COTAS;53078173.003178000000000;10220247000177
202512;3126;2006003747;COTAS;32928.908501000000000;
202512;3188;2009002156;COTAS;40077507.545784000000000;10214125000178
202512;3188;2010005211;COTAS;2023835.610310000000000;
202512;3304;2011001838;COTAS;3663989.972058000000000;
202512;3188;2021003019;VL_PG_RC;-31052.120000000000000;
202512;4786;2016000856;CAIXA;230718.370000000000000;
202512;3188;9970000000;TIT_PUB;14403061.160000000000000;
202512;3825;2016000147;CAIXA;4000.000000000000000;
202512;3188;2010003292;COTAS;6.753301000000000;
202512;3188;2010005211;COTAS;6021369.836295000000000;29298975000120
202512;3188;2017000711;VL_PG_RC;-134479.890000000000000;
202512;3321;9970000000;COTAS;1195146.330021000000000;
202512;4786;2016000856;COTAS;1566965.998099000000000;
202512;3188;2023000947;COTAS;188234.660164000000000;10220241000108
202512;3188;1996004883;COTAS;391943.544568000000000;18270776000197
202512;3201;1994004274;COTAS;256259.709531000000000;
202512;3126;1999002318;COTAS;641317.342494000000000;
202512;3188;2025000383;COTAS;1789601.776568000000000;25244544000120
202512;3126;2000007074;TIT_PRIV;117856.200000000000000;
202512;3304;1995002811;COTAS;2782933.135335000000000;
202512;3304;1995002811;COTAS;681111.252189000000000;
202512;4786;2016000856;COTAS;82871107.000002000000000;
202512;3861;1993001719;COTAS;344077517.050002000000000;05615541000148
202512;3188;2012000665;TIT_PUB;191088533.400000000000000;
202512;3251;1995001465;COTAS;856183.775402000000000;
202512;3126;2006003811;COTAS;170221.033628000000000;
202512;3861;9970000000;CAIXA;353.120000000000000;
202512;3188;2013000456;COTAS;2912616.617068000000000;29298975000120
202512;3887;1999004965;COTAS;34184.349804000000000;
202512;3188;2010003292;IMOVEIS;34914740.000000000000000;
202512;3349;1995003638;COTAS;2262756.194034000000000;
202512;3251;1995001465;COTAS;5482255.626416000000000;
202512;3304;2011001838;COTAS;1453064.597677000000000;
202512;3251;1995001465;COTAS;28163567.594883000000000;
202512;3188;2010005074;VL_PG_RC;-5586.120000000000000;
202512;3188;2013000456;COTAS;231789.278161000000000;
202512;3251;1995001465;COTAS;4137407.253631000000000;
202512;3126;2006003992;COTAS;5698338.067627000000000;
202512;3251;1995001465;COTAS;6725867.787957000000000;
202512;3188;2016000538;OPERACAO_PARTICIPANTE;2795095.980126117300000;
202512;4786;2016000856;COTAS;3016358.000001000000000;
202512;3531;1996003038;COTAS;28823776.884959000000000;
202512;3304;2011001838;COTAS;1157378.770000000000000;
202512;3349;1995003638;COTAS;8667372.848576000000000;
202512;3126;2010000129;COTAS;514308.443976000000000;
202512;3304;1995002747;COTAS;5333018.958762000000000;
202512;3304;2011001838;COTAS;1054447.399563000000000;
202512;3188;2017000574;COTAS;6241130.584932000000000;10220241000108
202512;3126;2006003992;COTAS;1821740.914056000000000;
202512;3126;2001000774;COTAS;123151.632494000000000;
202512;3592;2006005911;VL_PG_RC;-33785.870000000000000;
202512;3321;1995002992;COTAS;15216955.762364000000000;
202512;3188;1997001047;COTAS;27283415.653358000000000;10214125000178
202512;3825;2021001611;VL_PG_RC;0.000000000000000;
202512;3349;1995003638;COTAS;13745793.473518000000000;
202512;3126;2005005811;COTAS;3884780.292425000000000;
202512;3188;2017000574;COTAS;352500.281426000000000;
202512;3602;1979000638;COTAS;60824566.598790000000000;62655118000105
202512;3188;1997001047;COTAS;12819567.157576000000000;10220247000177
202512;3839;2009001583;ACOES;607715.980000000000000;
202512;3304;1995002747;COTAS;2795143.001880000000000;
202512;3602;2011001692;COTAS;8025772.753217000000000;
202512;3188;2019001047;COTAS;46271.099040000000000;18270776000197
202512;3321;1995002992;COTAS;20390567.456111000000000;
202512;3188;2021003019;COTAS;4017540.923353000000000;18270776000197
202512;3126;2006001183;COTAS;1990796.648822000000000;
202512;3887;1999004965;COTAS;3592140.090913000000000;
202512;3126;2006004011;COTAS;15366364.066944000000000;
202512;3126;2008000192;CAIXA;65545.670000000000000;
202512;3407;1995003247;COTAS;13514987.552595000000000;
202512;3321;1995002992;COTAS;7834722.159988000000000;
202512;3251;1995001465;COTAS;16560535.741936000000000;
202512;3188;2017000574;COTAS;2442600.492117000000000;10214125000178
202512;4786;2016000856;COTAS;2056687.999272000000000;
202512;3304;1995002811;COTAS;12148542.113180000000000;
202512;3928;1999001265;COTAS;6432284.575668000000000;
202512;3188;2025000383;CAIXA;600.000000000000000;
202512;3304;1995002811;COTAS;820051.085827000000000;
202512;3349;1995003638;COTAS;7934512.046804000000000;
202512;3251;1995001465;COTAS;2285608.860000000000000;
202512;3304;1995002811;COTAS;30786.718296000000000;
202512;3411;2014001065;VL_PG_RC;-1540.520000000000000;
202512;3188;2017000574;COTAS;26100254.808833000000000;25244544000120
202512;3188;2019000865;COTAS;2515707.077934000000000;29298975000120
202512;3188;1998005674;COTAS;451182.867530000000000;10214125000178
202512;3304;1995002811;COTAS;523975.574016000000000;
202512;3349;1995003638;COTAS;7601340.540480000000000;
202512;3839;2009001583;COTAS;270375.337216000000000;
202512;3349;9970000000;COTAS;11052425.952605000000000;
202512;3126;2012001483;COTAS;437056.997243000000000;
202512;3126;2009000447;COTAS;1238875.601638000000000;
202512;3321;1995002992;COTAS;1237228.927000000000000;
202512;3251;1995001465;COTAS;482752.919751000000000;
202512;4011;2014001456;CAIXA;1919.050000000000000;
202512;3126;2010002792;COTAS;4511471.978377000000000;
202512;3321;1995002992;COTAS;2795143.001880000000000;
202512;3438;1999001011;CAIXA;211517.940000000000000;
202512;4042;2000004792;COTAS;306029.633645000000000;
202512;3438;2000003011;VL_PG_RC;0.000000000000000;
202512;3304;1995002811;COTAS;1118057.200730000000000;
202512;3839;9970000000;COTAS;3922612.438776000000000;
202512;4786;2018001019;COTAS;57222.999999000000000;
202512;4042;9970000000;CAIXA;13637.580000000000000;
202512;3126;2006004711;COTAS;3786077.139978000000000;
202512;3188;1998005674;COTAS;65535.203822000000000;10220247000177
202512;4087;2007000156;TIT_PUB;26831817.980000000000000;
202512;4786;2018001019;COTAS;344058.000003000000000;
202512;3126;2012001483;COTAS;840886.969971000000000;
202512;3126;2012001483;COTAS;2013410.817571000000000;
202512;3188;1999003756;COTAS;739400.943286000000000;34613727000166
202512;4786;2018001019;COTAS;95476.000000000000000;
202512;3126;2006004711;COTAS;18745981.777963000000000;
202512;3349;1995003638;COTAS;20257057.440000000000000;
202512;3887;1999004965;COTAS;2975949.913216000000000;
202512;3304;1995002811;COTAS;1163515.018347000000000;
202512;3438;2000005111;COTAS;146556.925523000000000;
202512;3438;1999001729;VL_PG_RC;0.000000000000000;
202512;3304;2011001838;CAIXA;3536.500000000000000;
202512;4786;9970000000;COTAS;433957.000308000000000;
202512;3126;2007002019;COTAS;14783781.742449000000000;
202512;3188;2000007856;COTAS;2462070.468540000000000;29298975000120
202512;3188;2002000719;COTAS;1103929.054765000000000;
202512;3438;2002000956;CAIXA;251901.330000000000000;
202512;3304;2011001838;COTAS;205800.795510000000000;
202512;3438;2005002992;OPERACAO_PARTICIPANTE;11159748.540000000000000;
202512;3321;1995002992;CAIXA;4777.150000000000000;
202512;3438;2005006556;COTAS;2649778.248733000000000;
202512;3349;1995003638;COTAS;17218589.767933000000000;
202512;4791;2016001283;COTAS;8862115.080000000000000;
202512;3126;2018000756;COTAS;1113063.801160000000000;
202512;3251;1995001465;COTAS;25576.861544000000000;
202512;3349;1995003638;OPERACAO_PARTICIPANTE;17724712.049814439200000;
202512;4791;2016001283;COTAS;3066833.549998000000000;
202512;3438;2000005111;COTAS;34941817.477553000000000;20030716000149
202512;3188;2023000947;COTAS;28822.941526000000000;
202512;3602;2011001692;VL_PG_RC;-0.330000000000000;
202512;4091;1974000338;CAIXA;8314.080000000000000;
202512;3304;9970000000;CAIXA;1307.060000000000000;
202512;4091;2004002492;CAIXA;1186254.430000000000000;
202512;3304;9970000000;COTAS;625794.459961000000000;
202512;3321;1995002992;COTAS;12699188.965575000000000;
202512;3438;2002002118;VL_PG_RC;0.000000000000000;
202512;4131;1981000811;COTAS;30575960.656085000000000;
202512;3126;2013000529;VL_PG_RC;-7308.320000000000000;
202512;4791;2016001283;COTAS;14309788.300001000000000;
202512;3647;1997001829;COTAS;993886.627086000000000;
202512;3304;1995002747;COTAS;5382921.297674000000000;
202512;3188;2003000283;COTAS;5942.315054000000000;10220247000177
202512;3407;1995003247;CAIXA;5408.540000000000000;
202512;4791;2016001283;COTAS;2770094.579996000000000;
202512;3407;1995003247;COTAS;973713.271695000000000;
202512;3304;1995002747;COTAS;2237455.166838000000000;
202512;3304;1995002747;COTAS;5763861.772598000000000;
202512;3126;2021001156;COTAS;3537151.892548000000000;
202512;3304;1995002747;COTAS;19806539.657106000000000;
202512;4131;1986000419;OPERACAO_PARTICIPANTE;3781.410000000000000;
202512;3321;1995002992;COTAS;1110864.136915000000000;
202512;4131;1998006719;COTAS;2254261.272310000000000;
202512;3438;2005002992;COTAS;11307302.976260000000000;
202512;3304;1995002747;COTAS;1184809.311735000000000;
202512;3188;2003000283;TIT_PUB;32243393.750000000000000;
202512;3304;1995002747;COTAS;2342789.397780000000000;
202512;3438;2006000438;COTAS;5094078.097458000000000;
202512;3304;1995002811;COTAS;204092.995576000000000;
202512;3126;2021001318;COTAS;157495.136003000000000;
202512;3438;2006000438;VL_PG_RC;26708681.140000000000000;
202512;4131;2002000247;VL_PG_RC;-36807.770000000000000;
202512;3126;2021001318;COTAS;216882.903654000000000;
202512;3647;1997001829;COTAS;336643.694811000000000;
202512;3126;2021001156;COTAS;486121.138525000000000;
202512;4791;9970000000;CAIXA;5003.250000000000000;
202512;3647;1997001829;VL_PG_RC;0.000000000000000;
202512;3126;2008000192;COTAS;28231000.086084000000000;
202512;3126;2008000192;TIT_PUB;30971018.340000000000000;
202512;3304;1995002811;COTAS;32126.479929000000000;
202512;3304;1995002811;COTAS;519748.661286000000000;
202512;3438;2006002074;VL_PG_RC;0.000000000000000;
202512;4011;2000002218;TIT_PUB;49608749.810000000000000;
202512;3126;2024000118;VL_PG_RC;-0.640000000000000;
202512;4791;9970000000;COTAS;2317259.409998000000000;
202512;3126;2009000447;COTAS;1449933.492507000000000;
202512;3126;9970000000;CAIXA;6438.300000000000000;
202512;3304;1995002811;COTAS;6627.140784000000000;
202512;4011;9970000000;VL_PG_RC;-587.180000000000000;
202512;3126;9970000000;VL_PG_RC;-2860.980000000000000;
202512;3304;2011001838;COTAS;1234839.758795000000000;
202512;3407;1995003247;COTAS;12758934.697191000000000;
202512;4801;9970000000;COTAS;336282.529936000000000;
202512;4813;2017000965;VL_PG_RC;0.000000000000000;
202512;3678;2010001818;VL_PG_RC;-488.020000000000000;
202512;3304;1995002811;COTAS;3704947.795645000000000;
202512;4831;1974000583;COTAS;559661952.215174000000000;09606154000104
202512;3438;2006002147;CAIXA;47923.310000000000000;
202512;3438;1988000556;CAIXA;29.660000000000000;
202512;3438;2006002465;COTAS;1666825.866487000000000;
202512;3438;2006002147;COTAS;56168707.899734000000000;08661367000168
202512;4131;2008004211;COTAS;4220451.644920000000000;
202512;3438;2006002465;COTAS;1855836.483022000000000;
202512;3188;2004002174;VL_PG_RC;-175241.660000000000000;
202512;4131;2008004392;VL_PG_RC;-1095.910000000000000;
202512;4039;2000004229;COTAS;22031950.221720000000000;
202512;3126;2021001229;CAIXA;4000.000000000000000;
202512;4131;2008004465;OPERACAO_PARTICIPANTE;4593.280000000000000;
202512;3811;1998004783;COTAS;43504385.118560000000000;
202512;3438;2006002611;VL_PG_RC;-270.420000000000000;
202512;3304;2011001838;COTAS;723278.913644000000000;
202512;4831;1974000583;IMOVEIS;12244795.420000000000000;
202512;3126;2010000129;COTAS;7674641.378354000000000;
202512;3161;1994004118;COTAS;8152237.644311000000000;
202512;3126;2010000129;COTAS;3056798.960316000000000;
202512;4042;2000004792;COTAS;4431403.450058000000000;
202512;3161;2005005111;CAIXA;13215.760000000000000;
202512;3188;2005000256;COTAS;13739.144400000000000;18270776000197
202512;3304;1995002811;VL_PG_RC;-243921.290000000000000;
202512;4091;2004002492;COTAS;36525962.701686000000000;
202512;3321;1995002992;COTAS;5053696.437680000000000;
202512;4831;1988002729;OPERACAO_PARTICIPANTE;500161.470000000000000;
202512;3304;9970000000;VL_PG_RC;0.000000000000000;
202512;3438;2006002211;CAIXA;116175.470000000000000;
202512;3161;2005005111;COTAS;5327251.069010000000000;
202512;3188;2005001211;COTAS;100458.775493000000000;
202512;3349;1995003638;COTAS;3578389.022499000000000;
202512;3825;1988002265;TIT_PUB;4949244.880000000000000;
202512;3321;1995002992;COTAS;8125280.283957000000000;
202512;3438;1989001238;COTAS;898083.382429000000000;06170648000192
202512;3438;2006002856;COTAS;40034803.040972000000000;08661367000168
202512;3188;2005001211;COTAS;173870.512582000000000;
202512;4131;2017000647;COTAS;27296089.948852000000000;
202512;3438;2006002465;COTAS;1307362.341020000000000;
202512;3321;1995002992;COTAS;1360521.928961000000000;
202512;3174;1994004029;VL_PG_RC;-178434.850000000000000;
202512;3321;1995002992;COTAS;94897.912810000000000;
202512;3188;1989000983;COTAS;367902.873988000000000;
202512;3438;1989001238;VL_PG_RC;0.000000000000000;
202512;3126;2021001318;COTAS;1243018.043415000000000;
202512;3188;2005006483;COTAS;2127967.218316000000000;29298975000120
202512;3321;1995002992;COTAS;3230963.080656000000000;
202512;3349;1995003638;COTAS;13905281.210017000000000;
202512;3438;1999001729;CAIXA;230415.910000000000000;
202512;3438;2007001111;COTAS;90585455.330000000000000;58617334000199
202512;4131;1993001018;COTAS;153381.158854000000000;
202512;3438;2000001092;CAIXA;0.000000000000000;
202512;4831;1993000429;IMOVEIS;816699.960000000000000;
202512;3304;2011001838;COTAS;3098395.856664000000000;
202512;4831;2006006811;COTAS;9662249.161584000000000;
202512;3188;2007003074;COTAS;791223.785102000000000;10220241000108
202512;3438;2000001238;CAIXA;10942.880000000000000;
202512;3188;1996001647;COTAS;12269.732331000000000;18270776000197
202512;3349;1995003638;TIT_PUB;380440739.460000000000000;
202512;3188;1997001047;COTAS;15082322.887713000000000;29298975000120
202512;3438;2007001111;VL_PG_RC;0.000000000000000;
202512;3188;1997001047;COTAS;5270569.080333000000000;34613727000166
202512;3411;2006000292;CAIXA;10766.670000000000000;
202512;3438;2008003256;VL_PG_RC;-665750.310000000000000;
202512;4131;1998006311;COTAS;322586.062637000000000;
202512;4831;2006006811;COTAS;6154489.942068000000000;37452344000141
202512;3438;2007001438;CAIXA;120608.960000000000000;
202512;3126;2021001318;COTAS;1216933.017044000000000;
202512;3438;2016002018;VL_PG_RC;-324.510000000000000;
202512;3188;2009002156;COTAS;55700100.422938000000000;18270776000197
202512;3411;2006000292;COTAS;376357732.289088000000000;13425757000179
202512;3825;1989001874;COTAS;37662187.940457000000000;
202512;3825;1989001874;TIT_PUB;93635480.480000000000000;
202512;3438;1988000556;VL_PG_RC;0.000000000000000;
202512;3438;2021002918;COTAS;130598.843687000000000;
202512;4181;9970000000;COTAS;2485332.143493000000000;
202512;3825;1993001638;CAIXA;2000.000000000000000;
202512;3438;2002002029;VL_PG_RC;-331.270000000000000;
202512;3825;1996001574;COTAS;7491664.978491000000000;
202512;3438;2005003638;COTAS;22387706.199738000000000;
202512;3438;2000001092;VL_PG_RC;-257085.420000000000000;
202512;3188;2010000374;COTAS;1048703.220859000000000;10220241000108
202512;3411;2006000292;COTAS;117544049.514730000000000;45017499000188
202512;3188;2010003365;VL_PG_RC;-401955.670000000000000;
202512;3188;1997001047;OPERACAO_PARTICIPANTE;4600692.590082690200000;
202512;3438;2021002918;VL_PG_RC;-33106.670000000000000;
202512;3321;1995002992;COTAS;5120494.656689000000000;
202512;3438;2000005111;COTAS;3147500.831389000000000;
202512;3321;1995002992;TIT_PUB;67508375.220000000000000;
202512;3438;2009003519;COTAS;3876779.705793000000000;
202512;3438;2009002083;CAIXA;28565.670000000000000;
202512;3321;1995002992;COTAS;10231740.517769000000000;
202512;4131;1998006719;TIT_PUB;31286644.090000000000000;
202512;3349;1995003638;COTAS;2369694.110012000000000;
202512;3472;1984001183;COTAS;1152262592.428235000000000;07420547000195
202512;3438;2009003519;CAIXA;307520.240000000000000;
202512;3438;2001002092;COTAS;12270405.216248000000000;
202512;3321;1995002992;COTAS;11301745.386988000000000;
202512;4831;2019001829;COTAS;35576471.646534000000000;
202512;4131;2006006665;CAIXA;121710.350000000000000;
202512;3438;2020002183;VL_PG_RC;0.000000000000000;
202512;4831;2025000138;CAIXA;12978.380000000000000;
202512;3438;2013001983;COTAS;1042267.914638000000000;
202512;3188;2012000665;COTAS;10945930.149952000000000;10220241000108
202512;3411;2006000292;VL_PG_RC;-7590.440000000000000;
202512;4131;2017000647;COTAS;61966459.715919000000000;39337958000108
202512;3349;1995003638;COTAS;5838405.874919000000000;
202512;3188;1998004856;CAIXA;1272364.610000000000000;
202512;4181;9970000000;COTAS;2593906.434665000000000;
202512;3411;2016001429;CAIXA;360.490000000000000;
202512;3472;1984001183;COTAS;339504761.370536000000000;12081486000119
202512;4203;2004000929;CAIXA;1992.930000000000000;
202512;3438;2021002047;COTAS;694322.398156000000000;
202512;3438;2002002029;OPERACAO_PARTICIPANTE;380075.180000000000000;
202512;3472;2023000718;COTAS;8304231.773351000000000;07504907000137
202512;4203;2000001556;ACOES;35696.830000000000000;
202512;3438;2002002118;COTAS;27956.587235000000000;
202512;3407;1995003247;COTAS;47010.598707000000000;
202512;4844;2019000547;COTAS;14369599.459534000000000;
202512;3349;1995003638;CAIXA;11100.000000000000000;
202512;3438;2013001983;VL_PG_RC;2095483.070000000000000;
202512;4844;2019000547;COTAS;4340426.994002000000000;
202512;3438;2005002992;COTAS;41583929.510076000000000;
202512;3825;1999005074;COTAS;18977.100000000000000;
202512;3411;2014001065;COTAS;97181902.868518000000000;13425757000179
202512;3438;2016002018;CAIXA;65850.060000000000000;
202512;3126;2010002547;VL_PG_RC;-17860.170000000000000;
202512;3126;2024000665;COTAS;20458336.465558000000000;
202512;3126;2012001483;COTAS;765515.158456000000000;
202512;3188;1998005674;COTAS;332864.630531000000000;10220241000108
202512;3188;2012000665;COTAS;4138784.024513000000000;34613727000166
202512;3188;1998006247;COTAS;10879906.775426000000000;10220241000108
202512;3126;2012001483;COTAS;10825.614205000000000;
202512;3438;2005006556;CAIXA;300773.610000000000000;
202512;3126;2024000665;COTAS;6513678.178080000000000;
202512;3188;1998006247;COTAS;5811706.705711000000000;34613727000166
202512;3411;2014001065;COTAS;99423576.133118000000000;13970020000137
202512;4875;9970000000;TIT_PRIV;7827547.180000000000000;
202512;3188;2012000665;OPERACAO_PARTICIPANTE;688475.670000000000000;
202512;3411;2014001065;COTAS;31136514.393753000000000;45017499000188
202512;3349;1995003638;COTAS;5947.660209000000000;
202512;3188;1999002792;COTAS;46911.962940000000000;
202512;4203;9970000000;COTAS;1220532.551512000000000;
202512;3188;1999003756;VL_PG_RC;-46053.670000000000000;
202512;3188;2013000456;COTAS;3367094.527608000000000;10214125000178
202512;3188;2000007856;COTAS;3298884.235934000000000;10214125000178
202512;3349;1995003638;COTAS;407378.915364000000000;
202512;3438;2021002438;COTAS;8839921.177235000000000;
202512;4217;2022000919;COTAS;725161.477974000000000;11435287000107
202512;3188;2013000456;VL_PG_RC;-3665.700000000000000;
202512;3411;2016001429;COTAS;16292099.653094000000000;13425757000179
202512;3188;2016000538;CAIXA;1623000.800000000000000;
202512;3472;2023000718;COTAS;9567355.232013000000000;12081486000119
202512;3411;2016001429;COTAS;1932735.913315000000000;45017499000188
202512;3161;1994004118;COTAS;14414718.985585000000000;
202512;3438;2021002918;COTAS;5304584.219643000000000;
202512;3486;1996002074;COTAS;105951414.993111000000000;
202512;3188;2017000574;VL_PG_RC;-59097.220000000000000;
202512;3411;2016001356;VL_PG_RC;-364.940000000000000;
202512;3126;2012001483;OPERACAO_PARTICIPANTE;1022634.546624430000000;
202512;4892;2021000583;COTAS;4364531.820075000000000;
202512;3438;2021002047;CAIXA;0.000000000000000;
202512;3188;2019000865;COTAS;2655100.137048000000000;10214125000178
202512;3188;2019000865;VL_PG_RC;-113302.340000000000000;
202512;3126;2018000756;CAIXA;54166.610000000000000;
202512;3349;1995003638;COTAS;15358765.838337000000000;
202512;4203;2000001556;COTAS;90174775.315160000000000;46171916000105
202512;3188;2019001047;COTAS;86378.113840000000000;10220247000177
202512;3411;9970000000;VL_PG_RC;-9.600000000000000;
202512;3411;2016001429;COTAS;19516910.086497000000000;13970020000137
202512;4217;2022002156;COTAS;317609.998569000000000;11435287000107
202512;3438;2006002783;OPERACAO_PARTICIPANTE;3041375.770000000000000;
202512;3188;2025000383;VL_PG_RC;-23.280000000000000;
202512;3438;2008003256;COTAS;906382.663208000000000;
202512;3472;1984001183;COTAS;228913219.194696000000000;
202512;3188;2000007856;COTAS;4811412.391987000000000;10220247000177
202512;3438;2009002083;COTAS;13089882.992314000000000;
202512;3472;1984001183;COTAS;273209748.983429000000000;20519416000128
202512;3188;2000007856;COTAS;18479082.131903000000000;25244544000120
202512;3472;1988001374;COTAS;548409943.541425000000000;02498188000175
202512;3438;2016002018;COTAS;18995288.248988000000000;
202512;3438;1999001656;CAIXA;93615.040000000000000;
202512;3527;1996002619;COTAS;113532768.733868000000000;
202512;3161;2005005111;COTAS;1366933.123973000000000;
202512;3407;1995003247;COTAS;25125883.708900000000000;
202512;3438;2020002183;COTAS;3809944.454916000000000;
202512;3438;1989001238;CAIXA;52282.670000000000000;
202512;3188;2002000719;COTAS;9150876.150715000000000;29298975000120
202512;3438;1989001238;COTAS;2981067.904069000000000;
202512;3411;9970000000;COTAS;1193123.676824000000000;
202512;3438;1999001011;VL_PG_RC;0.000000000000000;
202512;3438;2000005111;COTAS;13462076.591357000000000;17695440000103
202512;3825;1999005074;COTAS;35898093.537445000000000;
202512;3126;2021001156;COTAS;4640263.380915000000000;
202512;3438;2021002918;COTAS;155297.776558000000000;
202512;3126;2021001156;COTAS;663892.332445000000000;
202512;3438;1999001656;VL_PG_RC;0.000000000000000;
202512;4203;2000002838;ACOES;456578.440000000000000;
202512;3825;1999005074;COTAS;536743.230985000000000;
202512;3527;2020001365;COTAS;1402512.721346000000000;
202512;4221;2006004247;COTAS;2511300.998547000000000;
202512;3438;2000003011;CAIXA;288333.120000000000000;
202512;4203;2000002838;COTAS;13111310.739700000000000;40170889000170
202512;3438;2021002918;COTAS;210863.102599000000000;
202512;3126;2024000665;COTAS;12499990.524843000000000;
202512;3486;9970000000;TIT_PRIV;4558698.290000000000000;
202512;3438;2000001238;OPERACAO_PARTICIPANTE;447824.890000000000000;
202512;4203;2000002838;COTAS;339454079.257691000000000;46171916000105
202512;3472;1984001183;COTAS;116298605.119985000000000;
202512;3438;2005003638;COTAS;1105811.780971000000000;
202512;4892;2021000583;VL_PG_RC;-10322.390000000000000;
202512;3188;2003000283;COTAS;90206.549713000000000;
202512;3527;2020001365;COTAS;7020932.652387000000000;
202512;3188;9970000000;COTAS;54746734.438432000000000;25244544000120
202512;4947;1996003747;COTAS;13664362.423131000000000;
202512;3825;2002000492;VL_PG_RC;0.000000000000000;
202512;4203;2004000929;OPERACAO_PARTICIPANTE;66694.610006194700000;
202512;3201;1994004274;CAIXA;919.100000000000000;
202512;3161;1994004118;COTAS;4180283.505766000000000;
202512;4221;2006004247;COTAS;1186301.301997000000000;
202512;3438;2001002092;COTAS;11366028.091169000000000;
202512;3188;1994002565;IMOVEIS;2711916.430000000000000;
202512;3161;2005005111;COTAS;946886.234257000000000;
202512;3825;2009002318;CAIXA;1934.100000000000000;
202512;4947;9970000000;COTAS;6627747.774448000000000;51763468000179
202512;3438;2006000438;OPERACAO_PARTICIPANTE;415912.870000000000000;
202512;3251;1995001465;COTAS;12196812.653278000000000;
202512;3486;1996002074;COTAS;15356715.684019000000000;
202512;3188;2003000283;COTAS;16825745.161461000000000;25244544000120
202512;3438;2000003011;COTAS;115864071.060000000000000;45046280000107
202512;3527;1996002619;COTAS;6453990.591942000000000;
202512;3592;4018490038;VL_PG_RC;-231.830000000000000;
202512;3188;2003000747;COTAS;766388.508046000000000;10220247000177
202512;3825;2012000592;VL_PG_RC;0.000000000000000;
202512;3438;2001002092;VL_PG_RC;0.000000000000000;
202512;3472;2023000718;COTAS;12350658.899282000000000;
202512;3161;2005005111;TIT_PUB;40153211.940000000000000;
202512;3438;2005003638;CAIXA;12329.280000000000000;
202512;3825;2017000418;CAIXA;4000.000000000000000;
202512;3438;2000005111;CAIXA;31316.220000000000000;
202512;3438;2002002029;COTAS;56858586.686168000000000;17695440000103
202512;4203;9970000000;COTAS;8599235.367918000000000;
202512;3188;1997001047;COTAS;1183464.759202000000000;
202512;3472;2023000718;COTAS;14490406.791056000000000;20519416000128
202512;3161;2024000819;COTAS;74035.537019000000000;
202512;3531;1996003038;TIT_PUB;7958574.240000000000000;
202512;3438;2005003638;VL_PG_RC;0.000000000000000;
202512;3527;2020001365;COTAS;2408351.739208000000000;
202512;3188;2003000747;VL_PG_RC;-3313.270000000000000;
202512;3527;1996002619;COTAS;219263705.983941000000000;
202512;3174;9970000000;COTAS;22846176.219898000000000;
202512;3304;1995002747;COTAS;2915292.527343000000000;
202512;3438;2006002211;VL_PG_RC;0.000000000000000;
202512;3602;1979000638;COTAS;5996560.407499000000000;
202512;3558;1996003992;COTAS;2126563.525115000000000;
202512;3438;2008003256;CAIXA;734552.190000000000000;
202512;4221;2011002419;COTAS;4322991.573950000000000;
202512;4217;2010004183;COTAS;2690001.224773000000000;
202512;4221;2012001629;COTAS;421892.092169000000000;
202512;3825;2017000418;COTAS;28160985.037031000000000;
202512;4217;2021003329;COTAS;5029619.323291000000000;
202512;3592;2006005911;COTAS;490906079.171533000000000;
202512;3825;2017000418;COTAS;27625207.534379000000000;
202512;4221;2012001874;COTAS;1650732.519955000000000;
202512;3304;1995002747;COTAS;4602195.503693000000000;
202512;3438;2016002018;COTAS;1414696.986478000000000;
202512;3527;9970000000;COTAS;2681709.671098000000000;
202512;3304;1995002747;COTAS;147435.844066000000000;
202512;3188;1997002183;COTAS;22148393.797731000000000;25244544000120
202512;3592;2006005911;COTAS;134489571.949036000000000;
202512;3304;1995002747;COTAS;6667030.227102000000000;
202512;3602;1979000638;COTAS;8286063.506097000000000;
202512;3647;1997001829;COTAS;4401.556426000000000;
202512;4217;2022000374;COTAS;3032167.311040000000000;
202512;3527;1996002619;COTAS;19343759.068794000000000;
202512;3188;1999002792;COTAS;2231510.217083000000000;10220241000108
202512;3188;1989000983;COTAS;78907815.271953000000000;25244544000120
202512;4221;2006004247;COTAS;10953465.681854000000000;
202512;3188;1989000983;COTAS;6987858.565129000000000;27565843000191
202512;4221;2015001883;COTAS;1281691.000852000000000;
202512;3602;2009000511;COTAS;498387.056465000000000;
202512;3188;2003001638;COTAS;14716176.747204000000000;25244544000120
202512;3304;1995002747;COTAS;2688632.420002000000000;
202512;3602;2009000511;VL_PG_RC;-0.330000000000000;
202512;3188;2004002174;COTAS;10570671.789194000000000;27565843000191
202512;3678;1989000819;VL_PG_RC;-56214.420000000000000;
202512;3825;2020003211;CAIXA;4000.000000000000000;
202512;3438;2002002118;CAIXA;82842.670000000000000;
202512;3188;2005000256;COTAS;425169.989780000000000;
202512;3188;1999002792;COTAS;669808.828869000000000;34613727000166
202512;3825;9970000000;CAIXA;0.000000000000000;
202512;4221;2015001883;COTAS;221929.995959000000000;
202512;3811;1998004783;VL_PG_RC;-219097.310000000000000;
202512;4221;2012001629;VL_PG_RC;74385.070000000000000;
202512;3438;2020002183;OPERACAO_PARTICIPANTE;464113.240000000000000;
202512;3188;1999003756;COTAS;5477786.085156000000000;10214125000178
202512;3811;9970000000;CAIXA;5211.810000000000000;
202512;3304;1995002747;COTAS;2700625.896535000000000;
202512;3602;2020002965;COTAS;116451.382977000000000;50927335000128
202512;3602;2020002965;VL_PG_RC;0.000000000000000;
202512;3304;1995002747;COTAS;1134611.841137000000000;
202512;3861;1993001719;VL_PG_RC;-919.930000000000000;
202512;4221;2012001874;VL_PG_RC;390533.710000000000000;
202512;3304;1995002747;COTAS;4159741.770560000000000;
202512;4248;2011001919;COTAS;27114213.752077000000000;52350495000182
202512;4221;2015001883;VL_PG_RC;20023.190000000000000;
202512;3304;1995002811;COTAS;3284422.066335000000000;
202512;4221;9970000000;CAIXA;117428.310000000000000;
202512;3438;2006000438;COTAS;9709854.559999000000000;
202512;3825;1989001092;COTAS;350240.509524000000000;
202512;3861;9970000000;COTAS;636714.499973000000000;
202512;3304;1995002811;COTAS;2550433.855432000000000;
202512;3527;1996002619;COTAS;14643961.036410000000000;
202512;4248;2014001847;COTAS;3559288.207806000000000;
202512;3887;1999004965;COTAS;3837107.763806000000000;
202512;3825;1988003318;CAIXA;1000.000000000000000;
202512;3438;2005002992;COTAS;32081730.091937000000000;
202512;3188;2005000256;COTAS;172516.347641000000000;
202512;3825;1994000783;COTAS;13198453.502343000000000;
202512;3527;1996002619;TIT_PUB;39987713.910000000000000;
202512;3825;1995001929;CAIXA;3000.000000000000000;
202512;3438;2005002992;COTAS;7802877.087575000000000;06170648000192
202512;3887;1999004965;COTAS;8631848.995142000000000;
202512;3438;2006002783;VL_PG_RC;-4228.760000000000000;
202512;3304;1995002811;COTAS;9585395.145998000000000;
202512;3825;1993001956;COTAS;1743382.634339000000000;
202512;3825;1997000229;COTAS;65090504.875228000000000;
202512;3527;2020001756;COTAS;667390.713930000000000;
202512;3825;1996001574;COTAS;2369892.864452000000000;
202512;3188;2001000847;VL_PG_RC;-30907.610000000000000;
202512;3887;1999004965;COTAS;6378628.605065000000000;
202512;3188;2005006483;COTAS;35026.281124000000000;10220247000177
202512;3304;1995002811;COTAS;3204056.894737000000000;
202512;3438;2006002074;OPERACAO_PARTICIPANTE;1366048.080000000000000;
202512;3825;1997000229;CAIXA;2188.040000000000000;
202512;3438;2007003856;COTAS;342624.779476000000000;
202512;3188;2005006483;COTAS;28945850.976130000000000;25244544000120
202512;4248;2000001718;VL_PG_RC;-6426.000000000000000;
202512;3188;2002000565;VL_PG_RC;-65188.940000000000000;
202512;3602;1979000638;COTAS;9521223.609050000000000;
202512;3188;2007003074;COTAS;1355115.757344000000000;18270776000197
202512;3438;2006002465;OPERACAO_PARTICIPANTE;1667001.860000000000000;
202512;3438;2021002438;COTAS;15278859.999999000000000;
202512;3887;1999004965;COTAS;1804371.107232000000000;
202512;3438;2021002438;COTAS;5929672.786204000000000;
202512;3928;1999001265;COTAS;10075615.510415000000000;
202512;3438;2021002918;COTAS;2340561.605303000000000;
202512;3928;1999001265;COTAS;23582872.100688000000000;
202512;3472;1984001183;COTAS;290792783.552955000000000;04906948000161
202512;3438;2010005465;CAIXA;16058.460000000000000;
202512;3438;2006002611;OPERACAO_PARTICIPANTE;2388230.750000000000000;
202512;3527;2020001756;COTAS;126310.119156000000000;
202512;3438;2012000347;COTAS;34601979.211734000000000;
202512;3438;2009002083;VL_PG_RC;0.000000000000000;
202512;3438;2016002018;COTAS;11245089.171090000000000;
202512;4248;2020001683;CAIXA;6485.960000000000000;
202512;3304;1995002811;COTAS;133406.869554000000000;
202512;3438;2020002183;CAIXA;30923.280000000000000;
202512;3188;1996001647;CAIXA;87033.290000000000000;
202512;3304;2011001838;COTAS;370624.623953000000000;
202512;3602;1979000638;IMOVEIS;348225000.000000000000000;
202512;3438;2020002183;COTAS;1934419.512373000000000;
202512;3188;1996001647;COTAS;519697.558984000000000;10220241000108
202512;3188;2002000719;COTAS;9456373.187937000000000;18270776000197
202512;4248;2009000838;OPERACAO_PARTICIPANTE;8376819.380193639500000;
202512;3602;2009000511;COTAS;2398624.092346000000000;
202512;3486;1996002074;CAIXA;4080721.550000000000000;
202512;3602;9970000000;COTAS;331980.518794000000000;
202512;3472;2023000718;COTAS;15844655.549147000000000;04906948000161
202512;3188;2004002174;TIT_PUB;103739782.350000000000000;
202512;3678;1999002083;COTAS;43670927.900542000000000;03322908000100
202512;4039;2000004229;COTAS;115197141.057573000000000;
202512;3188;2009002156;COTAS;1760710.285000000000000;
202512;4042;2000004792;COTAS;3441352.509996000000000;
202512;3438;2020003392;CAIXA;69460.620000000000000;
202512;3678;1999002083;VL_PG_RC;-11468.060000000000000;
202512;3602;2009000511;COTAS;6019329.564913000000000;
202512;3188;2009002156;TIT_PUB;808564419.400000000000000;
202512;3602;2009000511;TIT_PRIV;2216895.210000000000000;
202512;3527;1996002619;COTAS;289973521.599796000000000;
202512;3321;1995002992;COTAS;217616.403129000000000;
202512;3188;2005000256;VL_PG_RC;-44167.900000000000000;
202512;3438;2021002438;COTAS;129126724.294112000000000;
202512;3825;1999005074;COTAS;19104.150000000000000;
202512;3825;1999005074;COTAS;8468.000000000000000;
202512;4042;9970000000;COTAS;1763866.689996000000000;
202512;3825;1999005074;COTAS;16510.580000000000000;
202512;4279;2016001992;COTAS;18547815.798762000000000;
202512;4248;2011001919;COTAS;168163150.826267000000000;26978182000163
202512;3438;2021002918;COTAS;265906.460830000000000;
202512;4282;9970000000;CAIXA;25946.590000000000000;
202512;3188;2010003292;COTAS;2236963.093987000000000;10220241000108
202512;3811;9970000000;VL_PG_RC;0.000000000000000;
202512;3527;1996002619;COTAS;2796128.711180000000000;
202512;4042;9970000000;VL_PG_RC;0.000000000000000;
202512;4311;1997002256;CAIXA;470.500000000000000;
202512;3188;1996004883;COTAS;12683574.326497000000000;29298975000120
202512;3825;1989001874;COTAS;22258782.069498000000000;
202512;3321;1995002992;COTAS;1984846.370099000000000;
202512;4248;2011001919;COTAS;138946961.231078000000000;55198628000135
202512;4101;2002001847;COTAS;14199366.451937000000000;
202512;3825;1999005074;COTAS;2732196.004041000000000;
202512;3188;2016000538;COTAS;23676371.738052000000000;18270776000197
202512;3321;1995002992;COTAS;4510127.915797000000000;
202512;4101;2002001847;COTAS;26678648.518392000000000;
202512;4101;2002001847;COTAS;9893639.221963000000000;
202512;3825;1999005074;COTAS;1715016.493715000000000;
202512;3825;1999005074;COTAS;902628.391218000000000;
202512;4131;1981000811;COTAS;39648280.372349000000000;
202512;3527;1996002619;COTAS;3555805.044430000000000;
202512;3825;1989001874;COTAS;3390833.212039000000000;
202512;3472;2023000718;COTAS;5589241.853726000000000;40209607000109
202512;3188;1998004856;TIT_PUB;156104071.250000000000000;
202512;3602;2009000511;TIT_PUB;294223295.800000000000000;
202512;3188;2005001211;COTAS;1498405.640435000000000;10214125000178
202512;3188;2005001211;COTAS;54201.973718000000000;10220247000177
202512;3825;2007003619;COTAS;15526960.581669000000000;
202512;3472;9970000000;CAIXA;52578.360000000000000;
202512;3527;2020001365;COTAS;41618615.584927000000000;
202512;3486;1996002074;COTAS;31085621.925161000000000;
202512;4131;1981000811;COTAS;11162538.059415000000000;39337958000108
202512;4311;2005002747;VL_PG_RC;0.000000000000000;
202512;3188;2017000574;COTAS;2771050.504899000000000;27565843000191
202512;3349;1995003638;COTAS;5043892.191693000000000;
202512;4385;9970000000;CAIXA;34.940000000000000;
202512;3825;1993001956;COTAS;3135173.786266000000000;
202512;4279;2004002711;VL_PG_RC;-1151209.890000000000000;
202512;3472;9970000000;COTAS;52329366.712657000000000;11702118000188
202512;4409;9970000000;VL_PG_RC;0.000000000000000;
202512;3188;1998006247;COTAS;3863318.143308000000000;10214125000178
202512;4282;2004003065;COTAS;67051.370000000000000;
202512;3602;2011001692;COTAS;1190153.602212000000000;
202512;3527;2020001365;COTAS;74742570.266915000000000;
202512;3825;1996001574;CAIXA;2000.000000000000000;
202512;3527;2020001365;COTAS;16611134.396756000000000;
202512;3188;2023000947;VL_PG_RC;-427.860000000000000;
202512;3188;1998006247;VL_PG_RC;-75458.650000000000000;
202512;4131;1987000374;COTAS;6158187.991622000000000;
202512;4426;2007002329;TIT_PUB;721369975.840000000000000;
202512;3825;2016000147;COTAS;33023435.274620000000000;31032406000180
202512;3527;2020001756;COTAS;2297825.248232000000000;
202512;3188;2001000847;OPERACAO_PARTICIPANTE;18417.750000000000000;
202512;3188;2005001211;COTAS;24590355.237828000000000;25244544000120
202512;3825;1997000229;COTAS;652.495961000000000;
202512;3251;1995001465;COTAS;477548.626525000000000;
202512;3825;1997002574;CAIXA;5472.960000000000000;
202512;4474;2006005774;COTAS;36711241.830000000000000;17913394000171
202512;3188;2002000565;COTAS;3223618.035026000000000;18270776000197
202512;3527;2020001756;COTAS;3987806.639296000000000;
202512;3188;2010005211;COTAS;7013641.966935000000000;10214125000178
202512;3411;2016001356;CAIXA;229.730000000000000;
202512;4282;2004003065;COTAS;4197930.580001000000000;
202512;4529;2008002365;VL_PG_RC;-1.000000000000000;
202512;3825;1997002574;COTAS;15923559.120045000000000;
202512;3531;9970000000;VL_PG_RC;-91.790000000000000;
202512;3825;1997003783;COTAS;642923.933382000000000;
202512;3558;1996003992;COTAS;276903.564384000000000;
202512;4131;1987000374;OPERACAO_PARTICIPANTE;79178.830000000000000;
202512;3486;1996002074;COTAS;368009011.018826000000000;
202512;3411;2016001356;COTAS;20202872.285835000000000;13425757000179
202512;3825;1999005074;COTAS;163981.503249000000000;
202512;3188;2002000719;COTAS;698046.242237000000000;
202512;4581;1999000919;COTAS;2155813237.791712000000000;62192196000110
202512;3438;1988000556;COTAS;1272796.983683000000000;
202512;3486;1996002074;VL_PG_RC;-32333.630000000000000;
202512;3527;2020001756;COTAS;1105092.434698000000000;
202512;3251;1995001465;COTAS;11836153.487963000000000;
202512;3527;1996002619;CAIXA;243704.270000000000000;
202512;3811;1998004783;COTAS;15273478.417812000000000;
202512;3527;2020001756;COTAS;4422894.217986000000000;
202512;3527;1996002619;COTAS;15351991.692826000000000;
202512;3825;1999005074;COTAS;11913.149012000000000;
202512;3438;1988003083;VL_PG_RC;-233088.670000000000000;
202512;3825;1999005074;VL_PG_RC;0.000000000000000;
202512;3527;2020001365;COTAS;52054465.612410000000000;
202512;3531;9970000000;COTAS;879254.483555000000000;
202512;3825;1981000674;OPERACAO_PARTICIPANTE;174444.280000000000000;
202512;3825;2020003211;COTAS;7175893.444116000000000;31032406000180
202512;3825;2007003619;COTAS;433307047.811939000000000;
202512;4131;1989001165;COTAS;5047559.455166000000000;
202512;3839;1998004929;COTAS;21726983.031026000000000;
202512;4131;1993001018;CAIXA;15663.600000000000000;
202512;4282;2004003065;COTAS;2489869.811230000000000;
202512;3438;1989001238;COTAS;68805438.497510000000000;
202512;3825;2007003619;COTAS;27391071.922594000000000;
202512;4131;1998006311;VL_PG_RC;-19369.030000000000000;
202512;3251;1995001465;COTAS;2995514.756338000000000;
202512;4412;2006001329;COTAS;11814545.150007000000000;
202512;3438;2002002029;COTAS;5404.149651000000000;
202512;4594;2009003683;CAIXA;1149241.460000000000000;
202512;3825;1998001083;TIT_PUB;68417188.660000000000000;
202512;3558;9970000000;TIT_PUB;1772357.590000000000000;
202512;3839;2009001583;CAIXA;3046.380000000000000;
202512;3825;2009003829;CAIXA;1000.000000000000000;
202512;4131;2008004392;COTAS;34701.815455000000000;
202512;3188;2010005211;COTAS;89351839.853453000000000;25244544000120
202512;3188;2002000719;VL_PG_RC;-229445.800000000000000;
202512;3887;1999004965;COTAS;7791841.687915000000000;
202512;3825;2012002056;COTAS;198926.605550000000000;
202512;4131;9970000000;COTAS;17367938.907331000000000;
202512;3825;9970000000;COTAS;4393408.658213000000000;
202512;3188;2016000538;TIT_PUB;60059449.870000000000000;
202512;3887;1999004965;COTAS;1238196.098469000000000;
202512;3304;1995002747;COTAS;2495498.876099000000000;
202512;4412;2006001329;VL_PG_RC;419491.860000000000000;
202512;3438;2005002992;VL_PG_RC;-8727.940000000000000;
202512;3887;1999004965;COTAS;4031060.654222000000000;
202512;3438;2006000438;COTAS;99567716.330972000000000;15730745000183
202512;3825;1981000674;TIT_PUB;45026755.680000000000000;
202512;3558;9970000000;COTAS;3706350.383810000000000;
202512;3602;1979000638;ACOES;143160056.640000000000000;
202512;3839;1998004929;COTAS;13899526.346183000000000;
202512;3304;1995002811;COTAS;742337.356200000000000;
202512;3825;1998001156;COTAS;114344952.493596000000000;
202512;4426;2006003111;COTAS;115915778.477435000000000;
202512;4011;2000002129;COTAS;1372567.680000000000000;
202512;4176;2004002883;COTAS;20802912.300412000000000;
202512;4594;2009003683;COTAS;603899193.958094000000000;29045652000124
202512;3602;1979000638;COTAS;3734393.267981000000000;
202512;4604;2010002083;COTAS;226995.923797000000000;
202512;4011;2000002129;TIT_PUB;20785543.880000000000000;
202512;3188;2017000574;COTAS;16251481.977597000000000;18270776000197
202512;3825;1998004619;VL_PG_RC;0.000000000000000;
202512;3527;2020001365;VL_PG_RC;-209335.990000000000000;
202512;3188;2017000711;COTAS;5893018.344450000000000;34613727000166
202512;3825;1988002192;CAIXA;367780.200000000000000;
202512;3188;2017000711;OPERACAO_PARTICIPANTE;4115845.940189264600000;
202512;3304;1995002811;COTAS;2054371.600510000000000;
202512;3825;1988003318;TIT_PUB;15070791.560000000000000;
202512;3558;1996003992;COTAS;230729.539886000000000;
202512;3602;1979000638;COTAS;14790959.458210000000000;
202512;3188;2003000283;COTAS;1275589.337156000000000;27565843000191
202512;3825;1999005074;COTAS;32437.360000000000000;
202512;4011;2014001456;COTAS;2767843.579019000000000;
202512;3592;9970000000;CAIXA;19421.530000000000000;
202512;3304;1995002811;COTAS;2230247.157295000000000;
202512;3602;1979000638;COTAS;61354420.173029000000000;21321600000121
202512;3304;2011001838;COTAS;158267.148062000000000;
202512;3839;2009001583;COTAS;378735.074678000000000;
202512;4426;2007002329;ALUGUEL;19858082.940000000000000;
202512;4176;2018002392;COTAS;1203835.299233000000000;
202512;4461;2006005065;VL_PG_RC;0.000000000000000;
202512;3602;1979000638;COTAS;46372478.521230000000000;
202512;3304;2011001838;VL_PG_RC;-70469.090000000000000;
202512;3602;2009000511;COTAS;3623338.528461000000000;03833841000178
202512;4039;9970000000;COTAS;4120791.769969000000000;
202512;3887;1999004965;COTAS;1353925.000000000000000;
202512;3321;1995002992;COTAS;189876.461774000000000;
202512;3825;1989001092;CAIXA;2000.000000000000000;
202512;3558;1996003992;VL_PG_RC;-56847.510000000000000;
202512;4042;2000004792;COTAS;2158587.079942000000000;
202512;3602;2011001692;ACOES;17184658.140000000000000;
202512;3438;2006000438;COTAS;11533521.960000000000000;51779306000129
202512;3602;2020002965;CAIXA;40.000000000000000;
202512;3825;1989001874;CAIXA;5084.400000000000000;
202512;3602;2011001692;COTAS;1199311.999285000000000;
202512;3825;1993001638;COTAS;46518175.915926000000000;
202512;3825;2004000211;COTAS;69535593.442437000000000;
202512;4042;2000004792;COTAS;47214854.429272000000000;
202512;3602;2020002965;COTAS;302736.609998000000000;03162048000194
202512;4604;2010002083;OPERACAO_PARTICIPANTE;6178059.416672084100000;
202512;4604;2010002083;TIT_PUB;25973786.950000000000000;
202512;3928;1999001265;COTAS;287217749.475012000000000;
202512;3825;1993001956;COTAS;1040874.095232000000000;
202512;4461;9970000000;COTAS;205505.105730000000000;
202512;3438;2006002211;OPERACAO_PARTICIPANTE;65765.930000000000000;
202512;3438;2006002465;COTAS;65501010.720000000000000;54041112000110
202512;3647;1997001829;COTAS;5839461.387279000000000;
202512;3188;2021003019;COTAS;933154.367009000000000;10214125000178
202512;3647;1997001829;TIT_PRIV;1082129.650000000000000;
202512;4042;2000004792;COTAS;21347540.009417000000000;
202512;4087;2007000156;VL_PG_RC;-35567.470000000000000;
202512;3825;1995001929;COTAS;158074938.663944000000000;
202512;3825;2007003619;COTAS;18084805.770460000000000;
202512;3438;2006002856;CAIXA;8607.510000000000000;
202512;3825;2021001611;COTAS;4781218.065693000000000;31032406000180
202512;3811;1998004783;COTAS;1344694.428406000000000;
202512;3602;2011001692;COTAS;1527479.871783000000000;
202512;4091;1974000338;TIT_PUB;859302576.110000000000000;
202512;4621;2010002318;COTAS;2377003.790292000000000;37821719000101
202512;3602;2011001692;TIT_PRIV;2804319.740000000000000;
202512;3321;1995002992;COTAS;13361563.696916000000000;
202512;3592;2006005911;COTAS;5210148.436965000000000;
202512;3678;1990001319;COTAS;297763538.910001000000000;21053494000142
202512;3811;1998004783;COTAS;11327292.045680000000000;
202512;3678;2008001474;CAIXA;2813.820000000000000;
202512;4042;2000004792;COTAS;41471023.059749000000000;
202512;4652;9970000000;VL_PG_RC;0.000000000000000;
202512;3188;2021003019;COTAS;1315729.913273000000000;10220241000108
202512;4515;2007003538;COTAS;111437728.180000000000000;55222854000104
202512;3321;1995002992;COTAS;3454676.482775000000000;
202512;3438;2007003856;OPERACAO_PARTICIPANTE;241602.260000000000000;
202512;4666;2011000629;COTAS;156127795.291885000000000;59976184000172
202512;3592;9970000000;VL_PG_RC;-0.590000000000000;
202512;4091;2002001529;TIT_PUB;362068063.850000000000000;
202512;4042;2000004792;VL_PG_RC;-32563.080000000000000;
202512;4087;2007000156;CAIXA;3188298.770000000000000;
202512;3825;1988002192;VL_PG_RC;0.000000000000000;
202512;3438;2008003256;COTAS;425682.008971000000000;
202512;4091;2004002492;COTAS;5167864.000000000000000;
202512;4181;2004000147;CAIXA;0.000000000000000;
202512;4515;9970000000;VL_PG_RC;0.000000000000000;
202512;4091;2004002492;COTAS;5352041.520000000000000;
202512;3321;1995002992;COTAS;5658751.713607000000000;
202512;4181;2004000147;IMOVEIS;491836.000000000000000;
202512;4203;2000001319;COTAS;44737.582000000000000;
202512;3825;1995001929;COTAS;21061845.451737000000000;
202512;4091;2004002492;OPERACAO_PARTICIPANTE;44521473.618940210700000;
202512;3825;1995001929;COTAS;8816916.303843000000000;
202512;3251;1995001465;COTAS;95281901.638858000000000;
202512;3678;2008001474;COTAS;126908669.741393000000000;03322908000100
202512;3602;1979000638;COTAS;1942307.892805000000000;
202512;3602;1979000638;COTAS;13057603.633252000000000;
202512;3825;1995001929;TIT_PUB;27477399.370000000000000;
202512;3825;1997000229;COTAS;5679674.189444000000000;
202512;3251;1995001465;COTAS;1214446.096818000000000;
202512;3678;2020001918;VL_PG_RC;-1895.590000000000000;
202512;3188;2003000747;COTAS;156586.374763000000000;29298975000120
202512;3321;1995002992;VL_PG_RC;-464747.180000000000000;
202512;3825;1997000229;COTAS;75067265.189149000000000;
202512;3602;1979000638;COTAS;36417059.383091000000000;03833841000178
202512;3188;2003001638;COTAS;113731.970742000000000;
202512;3825;1998001156;COTAS;1839314.391233000000000;
202512;4091;2002001529;VL_PG_RC;0.000000000000000;
202512;3251;1995001465;COTAS;9931916.717921000000000;
202512;3825;1998001156;COTAS;29012866.504212000000000;
202512;4203;2004000929;VL_PG_RC;5222.330000000000000;
202512;3304;1995002747;COTAS;1745587.987823000000000;
202512;4666;2021002756;VL_PG_RC;-3527.240000000000000;
202512;4101;2002001847;COTAS;38017593.141982000000000;
202512;3602;2009000511;COTAS;3627346.515114000000000;03162048000194
202512;3438;2016002018;COTAS;2120178.091231000000000;
202512;4683;1990001165;CAIXA;31498743.990000000000000;
202512;4091;9970000000;COTAS;8697190.560006000000000;05426951000140
202512;3602;9970000000;TIT_PUB;5994665.440000000000000;
202512;3825;1989001874;COTAS;33754110.590105000000000;
202512;3825;1989001874;COTAS;12769815.689991000000000;
202512;3349;1995003638;COTAS;6057840.783764000000000;
202512;3825;1999005074;COTAS;13827.840000000000000;
202512;4217;2010004183;COTAS;147040.695516000000000;11435287000107
202512;3825;1997002574;VL_PG_RC;0.000000000000000;
202512;4221;2006004247;VL_PG_RC;198461.300000000000000;
202512;4101;2002001847;CAIXA;545041.670000000000000;
202512;4529;2008002365;COTAS;5555140.428710000000000;
202512;3438;2020002183;COTAS;23173109.195930000000000;
202512;3304;1995002747;COTAS;8759489.837581000000000;
202512;3188;2003001638;TIT_PUB;62923116.880000000000000;
202512;3678;2008001474;VL_PG_RC;-32381.150000000000000;
202512;3825;1998001156;COTAS;108406889.876499000000000;
202512;3825;1999005074;COTAS;31985.760000000000000;
202512;3825;1989001874;COTAS;16681986.600127000000000;
202512;3188;2004002174;COTAS;15645788.825314000000000;10220247000177
202512;3349;1995003638;COTAS;21282787.606573000000000;
202512;4221;2011002419;COTAS;1282859.549238000000000;
202512;3678;2020001918;CAIXA;3671.440000000000000;
202512;3438;2020003392;COTAS;54138381.311135000000000;46206481000197
202512;3349;9970000000;VL_PG_RC;-936.740000000000000;
202512;3825;1993001638;TIT_PUB;17088225.620000000000000;
202512;3407;1995003247;COTAS;544040457.232658000000000;
202512;4683;1990001165;COTAS;607499846.184358000000000;
202512;4529;2008002365;COTAS;4061443.609588000000000;
202512;3304;1995002747;COTAS;4333992.827991000000000;
202512;3825;1994000783;CAIXA;2000.000000000000000;
202512;3304;1995002811;COTAS;3559741.730000000000000;
202512;3304;1995002811;COTAS;28031.365540000000000;
202512;3825;1996001574;COTAS;744845.408284000000000;
202512;3825;1998001156;TIT_PUB;16830730.020000000000000;
202512;4101;2002001847;COTAS;336411091.059972000000000;05615511000131
202512;4683;2004002311;COTAS;154750.426849000000000;
202512;3825;1999005074;COTAS;25360.830000000000000;
202512;3438;1988003083;COTAS;1465523.887661000000000;
202512;3438;2002000956;COTAS;249372772.619999000000000;04803035000110
202512;3438;2005002992;COTAS;112512162.394080000000000;
202512;3678;9970000000;CAIXA;9260.950000000000000;
202512;3438;2005002992;COTAS;2776226.250110000000000;
202512;3811;1998004783;COTAS;200692231.933993000000000;31943998000191
202512;401;1988000629;VL_PG_RC;0.000000000000000;
202512;3825;1988002265;COTAS;66139976.328727000000000;
202512;3825;1988003318;COTAS;4657680.349023000000000;
202512;3825;1989001874;COTAS;227764955.543660000000000;
202512;3825;1993001638;COTAS;15244974.849838000000000;
202512;401;1997000611;COTAS;70375417.517881000000000;
202512;3825;1997000229;COTAS;3792846.186687000000000;
202512;3825;1997002574;COTAS;9670753.921704000000000;
202512;477;9970000000;CAIXA;107737.570000000000000;
202512;477;9970000000;COTAS;21491.132655000000000;
202512;494;1981001174;COTAS;9210899.143950000000000;
202512;3825;1997003783;COTAS;76712370.225871000000000;
202512;494;2010000838;VL_PG_RC;0.000000000000000;
202512;3438;2006000438;CAIXA;222505.300000000000000;
202512;504;1982001119;CAIXA;102768.620000000000000;
202512;535;1982000538;CAIXA;69500.990000000000000;
202512;535;1982000538;COTAS;9446551.233130000000000;
202512;535;1982000538;COTAS;5052012.715430000000000;
202512;3438;2006000438;COTAS;118226949.282635000000000;04587998000123
202512;535;1982000538;COTAS;57091256.746997000000000;05092810000139
202512;535;2021002292;COTAS;1579008.421242000000000;17689994000106
202512;535;2021002292;VL_PG_RC;0.000000000000000;
202512;3438;2006002147;VL_PG_RC;0.000000000000000;
202512;549;2005003883;VL_PG_RC;1055382.950000000000000;
202512;549;2010005929;COTAS;24353047.737507000000000;33913659000198
202512;552;1979002665;COTAS;1103357.375072000000000;
202512;3438;2006002465;CAIXA;89693.090000000000000;
202512;3825;1998001156;CAIXA;2000.000000000000000;
202512;3438;2009002083;COTAS;10903443.917884000000000;
202512;3825;1999005074;COTAS;2683922.078593000000000;
202512;3438;2009002083;COTAS;2878475.580446000000000;
202512;4221;2012001629;COTAS;5797849.449448000000000;
202512;4221;2012001629;COTAS;987900.897218000000000;
202512;4221;2012001874;COTAS;19176067.078013000000000;
202512;4101;2002001847;COTAS;10058211.630176000000000;
202512;4221;2012001874;COTAS;4748674.584881000000000;
202512;4221;2015001883;COTAS;2402549.145191000000000;
202512;4683;2005000647;COTAS;3149401.942007000000000;
202512;3438;2020003392;VL_PG_RC;0.000000000000000;
202512;4131;1986000419;VL_PG_RC;-20182.560000000000000;
202512;3825;2017000418;COTAS;32461388.630473000000000;
202512;4221;2015001883;COTAS;179258.271868000000000;
202512;3839;1998004929;COTAS;68200454.074556000000000;
202512;3839;1998004929;COTAS;4966928.984364000000000;
202512;4221;2015001883;COTAS;86404.426352000000000;
202512;3825;1996001574;VL_PG_RC;95000.000000000000000;
202512;3839;2009001583;COTAS;258526.039730000000000;
202512;4101;2024000983;COTAS;140560.649755000000000;05615511000131
202512;3304;1995002811;COTAS;4334602.796675000000000;
202512;3887;1999004965;COTAS;21963648.955250000000000;
202512;3438;2021002438;OPERACAO_PARTICIPANTE;14848675.260000000000000;
202512;3825;1999005074;COTAS;904984.356492000000000;
202512;4101;9970000000;COTAS;5060001.921670000000000;05615511000131
202512;3887;1999004965;COTAS;11367377.372146000000000;
202512;4532;2008004856;COTAS;4125855.312036000000000;
202512;3438;2009003519;COTAS;205581234.879998000000000;11110873000173
202512;4114;2002004129;COTAS;224676265.096117000000000;08744969000189
202512;3887;1999004965;COTAS;5453283.493822000000000;
202512;3825;1998001083;COTAS;108426784.748288000000000;
202512;3928;1999001265;COTAS;76889381.973479000000000;
202512;3304;2011001838;COTAS;1855539.416103000000000;
202512;3188;2005000256;COTAS;2173954.861619000000000;29298975000120
202512;3928;1999001265;COTAS;10662592.909334000000000;
202512;3188;2005006483;COTAS;2112570.139723000000000;27565843000191
202512;4131;1989001165;TIT_PUB;44744381.200000000000000;
202512;4131;2002000247;OPERACAO_PARTICIPANTE;21917.780000000000000;
202512;3825;1999005074;COTAS;13525470.805322000000000;
202512;3188;2007003074;COTAS;58699.975863000000000;
202512;3825;1999005074;COTAS;3095166.514030000000000;
202512;4131;1986000419;TIT_PUB;17316469.020000000000000;
202512;3928;9970000000;VL_PG_RC;-642.470000000000000;
202512;4131;1987000374;COTAS;1270449.650056000000000;
202512;4011;2000002129;CAIXA;20300.620000000000000;
202512;4131;2008004392;COTAS;255794.262479000000000;
202512;4577;2008003892;COTAS;19696914.772578000000000;
202512;3304;2011001838;COTAS;350698.260656000000000;
202512;3438;2021002047;VL_PG_RC;-26934.240000000000000;
202512;4683;2005000647;COTAS;36464554.670895000000000;29055966000108
202512;4234;9970000000;CAIXA;186033.120000000000000;
202512;3321;1995002992;COTAS;3375001.461744000000000;
202512;3438;2021002918;CAIXA;229681.940000000000000;
202512;3839;9970000000;VL_PG_RC;0.000000000000000;
202512;3486;1996002074;TIT_PUB;380933580.570000000000000;
202512;4683;2019000792;VL_PG_RC;-49096.150000000000000;
202512;3887;1999004965;TIT_PRIV;25408464.680000000000000;
202512;3825;1998004619;COTAS;36401828.417464000000000;
202512;4039;2000004229;COTAS;14043467.837941000000000;
202512;3321;1995002992;COTAS;10051899.088422000000000;
202512;4131;1993001018;OPERACAO_PARTICIPANTE;34617.340000000000000;
202512;4577;2010001974;COTAS;599155.331218000000000;
202512;4131;2008004392;COTAS;360396.211081000000000;
202512;4594;1989001629;VL_PG_RC;0.000000000000000;
202512;3527;2020001365;COTAS;8349875.912807000000000;
202512;3527;2020001365;COTAS;9241632.927366000000000;
202512;3321;9970000000;CAIXA;4836.600000000000000;
202512;3825;1999005074;ACOES;654399.290000000000000;
202512;3825;1999005074;COTAS;585516.845257000000000;
202512;3825;1999005074;COTAS;9406.800000000000000;
202512;3825;1999005074;COTAS;23472.000000000000000;
202512;4248;2009000838;COTAS;132114391.205170000000000;18936232000111
202512;3825;1999005074;COTAS;1341360.828350000000000;
202512;3349;1995003638;COTAS;5487875.400000000000000;
202512;3825;1999005074;COTAS;176725.353286000000000;
202512;3825;1999005074;COTAS;2957626.413807000000000;
202512;3887;1999004965;TIT_PUB;489779106.040000000000000;
202512;3825;2012002056;COTAS;1943557.629292000000000;
202512;3928;1999001265;COTAS;44425585.969338000000000;
202512;3825;1999005074;COTAS;4972776.963124000000000;
202512;4248;2009000838;COTAS;54056330.839484000000000;20726061000148
202512;3825;2015000119;COTAS;17484386.071569000000000;
202512;3527;2020001756;CAIXA;319024.650000000000000;
202512;3825;2004000211;VL_PG_RC;0.000000000000000;
202512;4248;2009000838;COTAS;35378994.325576000000000;36518029000107
202512;3825;2016000147;COTAS;113329673.125576000000000;
202512;3527;9970000000;VL_PG_RC;-3490.730000000000000;
202512;3928;1999001265;COTAS;398032.623998000000000;
202512;4248;2009000838;COTAS;3861208.962126000000000;52350495000182
202512;3825;2016000147;COTAS;46186308.910511000000000;
202512;4248;2011001919;COTAS;155252653.597429000000000;
202512;3349;1995003638;COTAS;2817996.599131000000000;
202512;3531;1996003038;COTAS;29114535.755483000000000;
202512;4248;2011001919;COTAS;463377128.310795000000000;08035716000136
202512;3825;2010005856;CAIXA;1000.000000000000000;
202512;3531;1996003038;COTAS;65056465.390805000000000;05584616000170
202512;3825;2020003211;VL_PG_RC;0.000000000000000;
202512;3349;1995003638;COTAS;15182816.013244000000000;
202512;3531;1996003038;COTAS;47757400.199118000000000;41252712000185
202512;4011;2000002129;COTAS;627307.560000000000000;
202512;3407;1995003247;COTAS;139828.192585000000000;
202512;3407;1995003247;COTAS;9807.220755000000000;
202512;3825;2010005856;VL_PG_RC;0.000000000000000;
202512;3839;1998004929;VL_PG_RC;554216.950000000000000;
202512;3438;1999001656;COTAS;94519809.950008000000000;36180815000147
202512;3839;2009001583;COTAS;840547.354212000000000;
202512;3825;2012002056;COTAS;96980392.858563000000000;
202512;4042;2000004792;COTAS;6496127.820037000000000;
202512;3438;2000000118;CAIXA;259.490000000000000;
202512;3839;1998004929;COTAS;20252680.704932000000000;
202512;3188;2007003074;COTAS;230671.816859000000000;29298975000120
202512;3839;1998004929;COTAS;23419784.309872000000000;
202512;3839;2009001583;COTAS;1786923.287293000000000;
202512;4011;2014001456;TIT_PUB;52843755.320000000000000;
202512;4131;2008004538;COTAS;4539154.980749000000000;
202512;4649;2010003756;COTAS;7098988.708902000000000;50423703000109
202512;4248;2014001847;OPERACAO_PARTICIPANTE;514112.340000000000000;
202512;4131;2017000647;COTAS;18814714.967402000000000;
202512;4131;1998006311;OPERACAO_PARTICIPANTE;13053.640000000000000;
202512;4039;2000004229;OPERACAO_PARTICIPANTE;21024859.160000000000000;
202512;4248;2020001683;COTAS;4154202.001370000000000;19602288000100
202512;3861;1993001719;CAIXA;100297.620000000000000;
202512;4042;2000004792;TIT_PUB;212298878.710000000000000;
202512;4042;2000004792;COTAS;19265263.720001000000000;
202512;4683;2022001338;COTAS;1510440.145037000000000;
202512;4649;2010003756;COTAS;179275901.000800000000000;50424405000125
202512;4248;2020001683;COTAS;5579025.925404000000000;20726130000113
202512;3188;2010000374;VL_PG_RC;-13006.480000000000000;
202512;3438;2005006556;VL_PG_RC;-3299.170000000000000;
202512;4091;1974000338;COTAS;51750643.074952000000000;05426951000140
202512;3887;1999004965;COTAS;3441352.497180000000000;
202512;3825;2005003011;VL_PG_RC;0.000000000000000;
202512;4683;2022001338;COTAS;8380779.747541000000000;
202512;4131;4003310047;CAIXA;4710.400000000000000;
202512;4248;9970000000;VL_PG_RC;-4685.640000000000000;
202512;3188;2010003292;COTAS;6059046.265185000000000;18270776000197
202512;4279;2018000111;COTAS;1180350.817275000000000;24249941000121
202512;3438;9970000000;VL_PG_RC;-2131039.870000000000000;
202512;4649;2010003756;VL_PG_RC;-13856.130000000000000;
202512;3839;2009001583;COTAS;25212.498671000000000;
202512;3825;2007003619;VL_PG_RC;0.000000000000000;
202512;3861;1993001719;COTAS;35157125.487768000000000;
202512;3438;2006002074;CAIXA;68882.340000000000000;
202512;4176;2004002883;COTAS;263655480.519278000000000;17759357000150
202512;4091;2002001529;OPERACAO_PARTICIPANTE;5416810.819757174100000;
202512;3188;2013000456;COTAS;249511.257918000000000;
202512;4279;2018000111;VL_PG_RC;184463.830000000000000;
202512;3188;2016000538;COTAS;387331.847093000000000;
202512;4282;2004003065;COTAS;1145469.270000000000000;
202512;4091;2004002492;TIT_PUB;764138065.820000000000000;
202512;4368;9970000000;COTAS;33381499.080164000000000;
202512;3558;9970000000;CAIXA;94029.510000000000000;
202512;4091;2004002492;VL_PG_RC;0.000000000000000;
202512;4649;9970000000;CAIXA;136921.880000000000000;
202512;4412;2006001329;COTAS;5628519.500541000000000;
202512;3472;9970000000;VL_PG_RC;0.000000000000000;
202512;4101;2002001847;COTAS;9695248.128828000000000;
202512;4131;2006006665;COTAS;534542.510178000000000;
202512;4412;2006001329;COTAS;14172088.859921000000000;
202512;3887;1999004965;COTAS;6759344.049333000000000;
202512;4652;2024000029;VL_PG_RC;-965.190000000000000;
202512;4101;2024000983;CAIXA;3246.860000000000000;
202512;4412;2006001329;COTAS;43229445.229482000000000;59383135000126
202512;3592;4018490038;CAIXA;10734.770000000000000;
202512;3887;1999004965;COTAS;4458624.512339000000000;
202512;4091;9970000000;VL_PG_RC;0.000000000000000;
202512;3602;1979000638;TIT_PRIV;33455091.880000000000000;
202512;4101;2002001847;COTAS;10817900.346090000000000;
202512;3602;2011001692;COTAS;13237002.430788000000000;
202512;3825;2012002056;CAIXA;1132575.790000000000000;
202512;4683;9970000000;COTAS;10654956.907640000000000;
202512;3825;2012002056;COTAS;2397239.740095000000000;
202512;4176;2023000319;COTAS;593760.385167000000000;
202512;3486;1996002074;COTAS;55107631.519864000000000;
202512;4101;2002001847;COTAS;26903468.834653000000000;
202512;4412;9970000000;COTAS;7542139.548530000000000;
202512;4131;2017000647;COTAS;5735587.401853000000000;
202512;4131;1981000811;COTAS;3534631.216453000000000;
202512;4707;2013000138;COTAS;4041020.135584000000000;
202512;3825;2015000119;CAIXA;2000.000000000000000;
202512;4131;2017000647;COTAS;11789572.119366000000000;
202512;3825;2017000418;COTAS;8420964.470046000000000;31032406000180
202512;4101;2002001847;COTAS;394625124.132505000000000;05615522000111
202512;3188;2016000538;VL_PG_RC;10350.810000000000000;
202512;4683;2004002311;COTAS;233691.106219000000000;
202512;3188;2019001047;COTAS;115374.906089000000000;25244544000120
202512;4131;1989001165;OPERACAO_PARTICIPANTE;61807.570000000000000;
202512;3527;1996002619;COTAS;2768871.557458000000000;
202512;3887;1999004965;OPERACAO_PARTICIPANTE;34970414.020000000000000;
202512;4176;9970000000;COTAS;1835550.894708000000000;13401162000183
202512;3928;9970000000;CAIXA;5199.990000000000000;
202512;4426;2007002329;COTAS;2172379.545448000000000;
202512;4131;1993001018;COTAS;745396.240231000000000;
202512;4011;2000002056;COTAS;1794928.320000000000000;
202512;4707;2013000138;COTAS;5633869.575016000000000;
202512;4011;2000002218;COTAS;950155.236435000000000;
202512;4101;2002001847;COTAS;298072202.567049000000000;07377701000193
202512;3527;1996002619;VL_PG_RC;-546376.980000000000000;
202512;4181;2004000147;OPERACAO_PARTICIPANTE;26679270.440842000000000;
202512;4426;2007002329;VL_PG_RC;-34487.930000000000000;
202512;3438;2006002465;VL_PG_RC;0.000000000000000;
202512;4131;4003310047;VL_PG_RC;-11014.600000000000000;
202512;4683;2022001338;COTAS;1489393.807639000000000;
202512;4131;1998006311;COTAS;2880565.161989000000000;
202512;3438;2007001111;COTAS;3747849.101441000000000;
202512;4203;2000001556;COTAS;197034.298001000000000;
202512;3887;1999004965;COTAS;41204.677614000000000;
202512;3887;1999004965;COTAS;5519103.777204000000000;
202512;4707;2013000138;COTAS;4548335.082724000000000;
202512;3527;2020001365;CAIXA;166055.950000000000000;
202512;4707;2013000138;COTAS;14380244.428124000000000;
202512;3527;2020001365;COTAS;4457329.030081000000000;
202512;3887;1999004965;COTAS;1001400.088781000000000;
202512;4203;2000001556;COTAS;302963738.648890000000000;20077265000103
202512;3527;2020001365;COTAS;11718788.283405000000000;
202512;4707;2013000138;COTAS;18802729.106599000000000;
202512;3438;2008003256;COTAS;13835411.758052000000000;
202512;4128;1995003565;COTAS;84966175.259804000000000;08931953000185
202512;3839;1998004929;CAIXA;19444.320000000000000;
202512;3839;2009001583;COTAS;73505.824351000000000;
202512;4131;2002000247;TIT_PUB;37816354.930000000000000;
202512;4203;2000002838;COTAS;1099966654.951935000000000;40189280000142
202512;3438;2009003519;COTAS;85354369.203996000000000;
202512;4131;9970000000;VL_PG_RC;-13675.970000000000000;
202512;4707;2013000219;COTAS;22233757.102947000000000;
202512;4128;9970000000;CAIXA;570855.280000000000000;
202512;4426;9970000000;TIT_PUB;5132992.610000000000000;
202512;3887;9970000000;TIT_PUB;2711578.590000000000000;
202512;4042;2000004792;COTAS;3739519.749992000000000;
202512;4131;2006006665;OPERACAO_PARTICIPANTE;92481.870000000000000;
202512;4176;2004002883;COTAS;23902504.611979000000000;
202512;3928;1999001265;COTAS;439586.976046000000000;
202512;4042;2000004792;COTAS;4470252.266067000000000;
202512;3887;1999004965;COTAS;7206775.985586000000000;
202512;3602;2011001692;COTAS;3721956.879700000000000;03833841000178
202512;3188;2019001047;COTAS;9344.044644000000000;27565843000191
202512;3527;2020001365;COTAS;5161378.541438000000000;
202512;4042;2000004792;COTAS;10960926.480001000000000;
202512;3527;2020001756;COTAS;75731728.846982000000000;
202512;4443;1982002018;CAIXA;8720.870000000000000;
202512;3188;9970000000;VL_PG_RC;-1515.820000000000000;
202512;4087;2007000156;COTAS;177522214.426817000000000;10635063000178
202512;3531;1996003038;CAIXA;197634.000000000000000;
202512;4176;2004002883;OPERACAO_PARTICIPANTE;132767785.439363608900000;
202512;3887;1999004965;COTAS;34027.278949000000000;
202512;4203;2000006574;COTAS;51471007.306475000000000;40190375000186
202512;4087;2007000156;IMOVEIS;4377057.930000000000000;
202512;4461;9970000000;COTAS;347261.340907000000000;
202512;4707;2013002092;COTAS;5604290.000000000000000;
202512;3251;1995001465;COTAS;9115123.933329000000000;
202512;4176;2018002392;COTAS;13364644.265461000000000;
202512;4176;2018002392;COTAS;12349964.006049000000000;31934038000165
202512;4501;2007002183;VL_PG_RC;0.000000000000000;
202512;4131;1998006719;CAIXA;217919.820000000000000;
202512;3887;1999004965;COTAS;5080670.371118000000000;
202512;3928;1999001265;COTAS;503776.385016000000000;
202512;4131;2008004211;TIT_PUB;45073902.160000000000000;
202512;3438;2009003519;COTAS;23808505.670004000000000;05482325000171
202512;4176;2018002392;VL_PG_RC;-38801.740000000000000;
202512;4011;2000002056;COTAS;413110.946652000000000;
202512;4515;2007003538;CAIXA;415080.290000000000000;
202512;4217;2010004183;CAIXA;5290.870000000000000;
202512;3251;1995001465;COTAS;8199292.709003000000000;
202512;4087;9970000000;VL_PG_RC;0.000000000000000;
202512;3251;1995001465;COTAS;12357543.964448000000000;
202512;4091;2002001529;COTAS;22687419.321948000000000;05426951000140
202512;4039;2000004229;CAIXA;196046.040000000000000;
202512;3602;2011001692;TIT_PUB;441747389.910000000000000;
202512;4176;2023000319;COTAS;852488.629068000000000;
202512;4131;2008004211;CAIXA;220705.820000000000000;
202512;4532;2008004856;COTAS;24586873.624085000000000;
202512;4707;2013000138;COTAS;43642974.455971000000000;
202512;4707;2013002092;COTAS;35034630.833211000000000;
202512;3602;9970000000;COTAS;10626317.367620000000000;
202512;4091;2004002492;COTAS;6496.476098000000000;
202512;3647;1997001829;COTAS;2294187.773636000000000;
202512;4176;2004002883;CAIXA;3673369.850000000000000;
202512;3678;1990001319;CAIXA;3266.430000000000000;
202512;4546;2009000919;COTAS;5406073.624550000000000;
202512;3304;1995002747;CAIXA;57749.470000000000000;
202512;4707;2013000138;VL_PG_RC;-951118.580000000000000;
202512;4176;2004002883;COTAS;21474555.075773000000000;
202512;4087;2007000156;COTAS;526061538.561832000000000;04118024000109
202512;4546;2009000919;COTAS;5393186.689776000000000;
202512;4176;2004002883;COTAS;417758013.850312000000000;
202512;4039;2000004229;COTAS;122888793.839658000000000;
202512;3438;2016002018;COTAS;34504170.884334000000000;
202512;3304;1995002747;COTAS;4631121.734878000000000;
202512;4707;2013002092;COTAS;5593394.282433000000000;
202512;3531;1996003038;COTAS;82478425.077473000000000;05093013000176
202512;4546;2009000919;OPERACAO_PARTICIPANTE;391722.550000000000000;
202512;3438;2020002183;COTAS;18506411.442544000000000;
202512;3811;1998004783;COTAS;206158472.296170000000000;
202512;4176;2004002883;COTAS;85454.861912000000000;
202512;4176;2018002392;COTAS;30268.980631000000000;18000027000140
202512;4217;2022000919;COTAS;3978747.157862000000000;
202512;4091;2004002492;COTAS;471038510.861473000000000;31569976000103
202512;3304;1995002747;COTAS;5822529.109639000000000;
202512;3531;1996003038;VL_PG_RC;-280969.460000000000000;
202512;4217;9970000000;CAIXA;6912.570000000000000;
202512;4039;2000004229;COTAS;600207457.988131000000000;10347270000127
202512;4128;1995003565;VL_PG_RC;0.000000000000000;
202512;4221;2011002419;COTAS;617725.812719000000000;
202512;4707;2013000219;COTAS;7042336.956877000000000;
202512;4039;2000004229;VL_PG_RC;212638.240000000000000;
202512;4176;2004002883;VL_PG_RC;-384684.430000000000000;
202512;4042;2000004792;COTAS;4953351.579999000000000;
202512;4181;2004000147;COTAS;5608435.074787000000000;
202512;3592;2006005911;COTAS;61084800.000000000000000;
202512;4131;1981000811;VL_PG_RC;-51082.470000000000000;
202512;3825;1988003318;VL_PG_RC;0.000000000000000;
202512;4707;2013000219;COTAS;51964561.093074000000000;
202512;3472;1984001183;VL_PG_RC;-200000.000000000000000;
202512;4221;9970000000;COTAS;558897.750005000000000;
202512;4176;2023000319;CAIXA;7672.410000000000000;
202512;4042;2000004792;COTAS;1678803.546876000000000;
202512;4707;2018001329;COTAS;802967.758033000000000;
202512;3592;4018490038;COTAS;61746.010096000000000;
202512;4091;2002001529;COTAS;3248.238049000000000;
202512;4234;2004002956;VL_PG_RC;-89748.680000000000000;
202512;4091;1974000338;IMOVEIS;27633535.380000000000000;
202512;4101;2002001847;COTAS;267358575.774797000000000;30330483000153
202512;4181;2004000147;COTAS;4802463.947178000000000;
202512;4203;2000001319;COTAS;31566.667014000000000;
202512;4203;2000002838;COTAS;101368424.538200000000000;40189032000100
202512;4707;2018001892;COTAS;439413.988800000000000;
202512;3825;1989001092;VL_PG_RC;27000.000000000000000;
202512;4203;2000002838;VL_PG_RC;35297516.480000000000000;
202512;4091;2002001529;CAIXA;12262.110000000000000;
202512;4091;2004002492;COTAS;2756713.470061000000000;
202512;4707;2013000219;COTAS;5877149.022028000000000;
202512;4248;2009000838;COTAS;17029248.447973000000000;
202512;3472;1988001374;CAIXA;38962.590000000000000;
202512;3472;2023000718;VL_PG_RC;0.000000000000000;
202512;4248;2011001919;COTAS;108179349.580634000000000;03079923000179
202512;4176;2018002392;COTAS;15821821.561721000000000;14096253000115
202512;4248;2020001683;COTAS;52077473.841492000000000;18936235000155
202512;4176;9970000000;COTAS;11957249.455390000000000;17759357000150
202512;4248;2020001683;COTAS;2333084.079111000000000;26978182000163
202512;3602;2009000511;COTAS;19984618.129545000000000;50927335000128
202512;3486;1996002074;COTAS;35296147.072371000000000;
202512;4203;2000006574;COTAS;92874916.940479000000000;40189629000146
202512;4248;2020001683;COTAS;1888450.145889000000000;28206291000198
202512;4203;2020002711;COTAS;226268.717761000000000;40189629000146
202512;4248;2020001683;COTAS;4713837.817821000000000;36617679000100
202512;3486;9970000000;VL_PG_RC;-3986.650000000000000;
202512;4707;2018001892;COTAS;2159002.368096000000000;
202512;3602;9970000000;COTAS;750525.866889000000000;21321600000121
202512;4101;2002001847;VL_PG_RC;-723.980000000000000;
202512;4128;1995003565;CAIXA;229051.190000000000000;
202512;3825;1995001929;VL_PG_RC;569999.990000000000000;
202512;3811;1998004783;COTAS;33991128.302878000000000;
202512;3825;1981000674;VL_PG_RC;0.000000000000000;
202512;4217;1997000792;COTAS;455400.102989000000000;11435287000107
202512;3825;1989001874;COTAS;4733557.769496000000000;
202512;4128;1995003565;COTAS;83097116.849961000000000;04700879000135
202512;4101;9970000000;VL_PG_RC;-1300.530000000000000;
202512;3825;1994000783;VL_PG_RC;0.000000000000000;
202512;4707;2019003856;COTAS;5876530.341036000000000;
202512;3825;1997000229;COTAS;123685295.683093000000000;
202512;4131;1981000811;CAIXA;387373.120000000000000;
202512;3527;1996002619;COTAS;221707767.995408000000000;
202512;4707;2013000219;VL_PG_RC;-959220.360000000000000;
202512;4282;2004003065;COTAS;2868088.649977000000000;
202512;3825;1998001083;VL_PG_RC;1016.760000000000000;
202512;4114;2002004129;COTAS;396236302.648370000000000;05093031000158
202512;3304;1995002747;COTAS;1413141.158162000000000;
202512;4203;2000006574;COTAS;89089324.718614000000000;40189032000100
202512;4707;2020000474;COTAS;954209.956333000000000;
202512;3825;1996001574;COTAS;1425849.161479000000000;
202512;4114;2002004129;COTAS;48908673.507066000000000;59500277000126
202512;4282;2004003065;COTAS;553659.839999000000000;
202512;4131;1981000811;COTAS;3185938.934517000000000;
202512;4546;2009000919;TIT_PRIV;20932615.870000000000000;
202512;4707;2013002092;COTAS;17202574.312000000000000;
202512;4217;2022002474;VL_PG_RC;-1309.810000000000000;
202512;3527;2020001756;COTAS;39784025.284063000000000;
202512;4131;1987000374;CAIXA;838127.700000000000000;
202512;4217;9970000000;COTAS;3417575.601388000000000;
202512;4707;2022001265;COTAS;7336676.023243000000000;
202512;4203;2000006574;TIT_PRIV;375845168.520000000000000;
202512;3527;9970000000;CAIXA;36007.030000000000000;
202512;4131;1986000419;COTAS;983233.788394000000000;
202512;4577;2008003892;COTAS;9858237.351957000000000;
202512;3825;1996001574;OPERACAO_PARTICIPANTE;364571.200000000000000;
202512;3825;1998001156;VL_PG_RC;1000.000000000000000;
202512;4203;2000001556;OPERACAO_PARTICIPANTE;1762858.660012992300000;
202512;4621;9970000000;CAIXA;97336.140000000000000;
202512;4221;2005000892;COTAS;2697304.001654000000000;
202512;4652;2019001438;COTAS;1322175.450003000000000;49465951000125
202512;4311;9970000000;CAIXA;29041.730000000000000;
202512;4368;2005004211;CAIXA;918075.360000000000000;
202512;4203;2020002711;COTAS;28069.553563000000000;40170889000170
202512;3825;1999005074;COTAS;11707.200000000000000;
202512;3825;1996001574;TIT_PUB;17607692.600000000000000;
202512;4131;1987000374;VL_PG_RC;-105612.160000000000000;
202512;4131;1986000419;CAIXA;134193.870000000000000;
202512;4203;2000002838;OPERACAO_PARTICIPANTE;20453875.951403328300000;
202512;4131;1989001165;CAIXA;293098.730000000000000;
202512;3825;1997000229;COTAS;4948641.904411000000000;
202512;3825;1997003783;TIT_PUB;66614735.800000000000000;
202512;4131;1998006311;TIT_PUB;11488849.890000000000000;
202512;3825;1998001083;COTAS;541241.397156000000000;
202512;3825;1999005074;COTAS;37073.680000000000000;
202512;4203;2020002711;COTAS;2079364.117417000000000;40189280000142
202512;3825;1998004619;CAIXA;1000.000000000000000;
202512;3825;1999005074;COTAS;197477.791755000000000;
202512;3304;1995002747;COTAS;400338.956031000000000;
202512;4203;9970000000;COTAS;129672717.421012000000000;03102070000149
202512;4131;1993001018;VL_PG_RC;-7067.540000000000000;
202512;4131;2008004392;CAIXA;12661.340000000000000;
202512;3527;9970000000;COTAS;3146239.508716000000000;
202512;4221;2005000892;OPERACAO_PARTICIPANTE;3920789.695359000000000;
202512;4217;2021003329;COTAS;5029587.370960000000000;
202512;4131;1998006311;CAIXA;60605.630000000000000;
202512;4221;2005000892;COTAS;1122246.976834000000000;
202512;4652;2024000029;COTAS;250076.370009000000000;
202512;3825;1999005074;COTAS;18508.730000000000000;
202512;4707;2022001265;COTAS;3228772.181935000000000;
202512;4131;2008004538;VL_PG_RC;-52552.650000000000000;
202512;3825;2001001118;TIT_PUB;27004866.370000000000000;
202512;4203;2000006574;ACOES;253865.570000000000000;
202512;4203;2000006574;COTAS;382712140.941781000000000;46171916000105
202512;4707;2022001265;COTAS;7046746.759626000000000;
202512;3825;2005003011;COTAS;45180367.832913000000000;
202512;3531;1996003038;COTAS;2295726.251233000000000;
202512;4131;1998006719;OPERACAO_PARTICIPANTE;35990.110000000000000;
202512;4221;2012001629;COTAS;4752877.596834000000000;
202512;4221;2006004247;COTAS;2758383.290687000000000;
202512;3592;2006005911;CAIXA;9313.210000000000000;
202512;4221;2006004247;OPERACAO_PARTICIPANTE;701520.436867000000000;
202512;4707;2022001265;VL_PG_RC;-36178.010000000000000;
202512;3304;2011001838;COTAS;1310543.400176000000000;
202512;4368;9970000000;VL_PG_RC;-4715.200000000000000;
202512;4707;2013002092;COTAS;4312154.434543000000000;
202512;4652;9970000000;CAIXA;9670.580000000000000;
202512;4203;9970000000;CAIXA;12714694.010000000000000;
202512;4371;2005004911;CAIXA;0.000000000000000;
202512;4131;2008004538;OPERACAO_PARTICIPANTE;83329.060000000000000;
202512;4711;2014000638;VL_PG_RC;-84651.430000000000000;
202512;4711;2019003538;COTAS;7670979.442088000000000;46975834000113
202512;3825;1999005074;COTAS;9512.000000000000000;
202512;3825;2005004774;COTAS;40003153.233961000000000;
202512;3825;2009002318;VL_PG_RC;0.000000000000000;
202512;3321;1995002992;COTAS;6714708.601290000000000;
202512;4131;2017000647;COTAS;79148512.909283000000000;
202512;3825;1999005074;COTAS;7769903.524801000000000;
202512;4724;2013000383;CAIXA;2273051.060000000000000;
202512;4409;9970000000;CAIXA;396078.230000000000000;
202512;3825;2012002056;COTAS;10050389.382503000000000;
202512;4221;2011002419;VL_PG_RC;97789.480000000000000;
202512;4412;2006001329;COTAS;6003343.139999000000000;
202512;4221;2012001629;COTAS;1773161.676830000000000;
202512;4412;2006001329;COTAS;12150523.850001000000000;
202512;3825;2016000147;VL_PG_RC;0.000000000000000;
202512;4131;9970000000;CAIXA;70877.600000000000000;
202512;4724;2013000383;COTAS;235856228.005720000000000;37467600000174
202512;4221;2012001874;COTAS;8295074.398961000000000;
202512;3349;1995003638;COTAS;3425053.580000000000000;
202512;4707;2013002092;COTAS;76156806.320322000000000;
202512;4707;2013002092;COTAS;24474304.706518000000000;
202512;3825;1999005074;COTAS;1517188.328552000000000;
202512;4666;2011000947;COTAS;27096831.578840000000000;59982154000179
202512;4738;2013001347;COTAS;40853335.598095000000000;
202512;4707;2013002092;COTAS;6474100.037597000000000;
202512;3602;1979000638;COTAS;137348.910833000000000;
202512;4131;2017000647;COTAS;16353050.689132000000000;
202512;3602;1979000638;COTAS;3606150.729015000000000;
202512;4176;2004002883;COTAS;24954697.492134000000000;
202512;4738;9970000000;CAIXA;201829.820000000000000;
202512;4176;2004002883;COTAS;87183892.188011000000000;18000027000140
202512;3349;1995003638;COTAS;1347589.813685000000000;
202512;4707;2018001329;COTAS;1639831.991851000000000;
202512;3602;2009000511;COTAS;1190153.602212000000000;
202512;4176;2023000319;COTAS;511080.490737000000000;
202512;4426;2006003111;ACOES;4830266.540000000000000;
202512;4203;9970000000;COTAS;448365104.754166000000000;37332601000101
202512;4181;2004000147;COTAS;201589120.139494000000000;
202512;4131;2006006665;COTAS;4949072.721671000000000;
202512;4221;2015001883;COTAS;254286.955955000000000;
202512;4176;9970000000;COTAS;3893615.204017000000000;
202512;4203;2000001556;VL_PG_RC;2342396.530000000000000;
202512;4741;2013001738;COTAS;489976057.416641000000000;61861865000137
202512;4221;2015001883;OPERACAO_PARTICIPANTE;40128.590000000000000;
202512;4203;2000002838;COTAS;54676336.115910000000000;40190375000186
202512;4203;2000006574;COTAS;963314529.013559000000000;40189280000142
202512;4203;2004000929;COTAS;131988.714404000000000;40170889000170
202512;4203;2004000929;COTAS;1063813.860012000000000;40189629000146
202512;4234;2004002956;CAIXA;120984.360000000000000;
202512;4426;2006003111;VL_PG_RC;61600.970000000000000;
202512;4217;2021003329;VL_PG_RC;-101494.230000000000000;
202512;4131;2006006665;TIT_PUB;13600801.240000000000000;
202512;4707;2018001329;COTAS;4545867.644428000000000;
202512;3349;1995003638;COTAS;9810152.807769000000000;
202512;4707;2018001892;COTAS;194582.937586000000000;
202512;4443;1982002018;OPERACAO_PARTICIPANTE;4303609.130000000000000;
202512;3411;2016001429;VL_PG_RC;-307.750000000000000;
202512;4217;2012001238;COTAS;1381655.347053000000000;
202512;4217;2021003329;COTAS;794161.722265000000000;11435287000107
202512;4217;9970000000;COTAS;184701.863261000000000;11435287000107
202512;4131;2008004211;OPERACAO_PARTICIPANTE;30920.160000000000000;
202512;3438;1988003083;CAIXA;41784.620000000000000;
202512;3438;2000001092;COTAS;27107730.593509000000000;17706099000144
202512;4221;2005000892;COTAS;2308318.245104000000000;
202512;4248;2009000838;CAIXA;108040.050000000000000;
202512;4248;2009000838;COTAS;75312763.940270000000000;08035716000136
202512;3602;2009000511;COTAS;9106490.028049000000000;62655118000105
202512;4248;2009000838;COTAS;8038436.549451000000000;32240211000198
202512;4683;1990001165;COTAS;399632725.829298000000000;41287925000142
202512;4741;2013001738;TIT_PUB;383646958.210000000000000;
202512;3825;2020003211;COTAS;50999912.158925000000000;
202512;3438;2000005111;VL_PG_RC;-1859.170000000000000;
202512;4683;2005000647;COTAS;12433680.170408000000000;27696713000198
202512;4707;2018001892;COTAS;583430.625711000000000;
202512;3825;1999005074;COTAS;818246.739493000000000;
202512;4683;2008000818;COTAS;16367530.277902000000000;
202512;3825;2001001118;COTAS;2267881.169234000000000;
202512;4707;2019003856;COTAS;5935619.498873000000000;
202512;3438;2002002118;COTAS;77544568.922475000000000;17695440000103
202512;3602;2020002965;COTAS;533451.413424000000000;62655118000105
202512;3602;9970000000;CAIXA;250116.130000000000000;
202512;4769;2015000429;COTAS;2081420.015403000000000;
202512;3602;9970000000;COTAS;290274.988375000000000;
202512;4707;2020000474;COTAS;166442.559128000000000;
202512;3438;2005002992;COTAS;49124507.894253000000000;
202512;3825;2005003011;CAIXA;2000.000000000000000;
202512;4707;2020000474;COTAS;1669287.357990000000000;
202512;4131;2008004465;COTAS;56007.917374000000000;39337958000108
202512;4181;9970000000;CAIXA;0.000000000000000;
202512;4221;2005000892;VL_PG_RC;197783.720000000000000;
202512;3647;1997001829;CAIXA;1745.610000000000000;
202512;4203;2000001319;TIT_PRIV;2531212.840000000000000;
202512;4217;2022002156;CAIXA;3133.780000000000000;
202512;4131;2008004465;TIT_PUB;159930.690000000000000;
202512;4217;2022002474;COTAS;2936884.197110000000000;
202512;4443;2006007165;VL_PG_RC;0.000000000000000;
202512;4683;2008000818;COTAS;1229126.534888000000000;
202512;4786;2018001019;COTAS;625309.000003000000000;
202512;3647;1997001829;COTAS;570415.347878000000000;
202512;3438;2006002074;COTAS;67506098.992533000000000;08661367000168
202512;3839;1998004929;COTAS;2036228.441664000000000;
202512;3811;1998004783;COTAS;142933211.068937000000000;
202512;4461;9970000000;COTAS;640796.804483000000000;
202512;3825;2009003829;COTAS;326006.839244000000000;
202512;4221;2005000892;COTAS;1985176.859899000000000;
202512;3825;2017000418;VL_PG_RC;329292.350000000000000;
202512;4131;2017000647;COTAS;8800226.869803000000000;
202512;3839;2009001583;VL_PG_RC;-2637.040000000000000;
202512;4221;2006004247;COTAS;412215.537515000000000;
202512;4203;2000006574;OPERACAO_PARTICIPANTE;33066836.192894005100000;
202512;4683;2008000818;COTAS;57056890.869763000000000;
202512;3825;1988002192;COTAS;223078.110495000000000;
202512;4221;2005000892;COTAS;1112634.365538000000000;
202512;3825;1989001092;COTAS;1104708.709122000000000;
202512;3861;1993001719;COTAS;33478679.945019000000000;
202512;4217;1997000792;VL_PG_RC;-2623.310000000000000;
202512;4248;2009000838;COTAS;146291014.835194000000000;18936235000155
202512;4217;2021003329;COTAS;5029664.457846000000000;
202512;3887;1999004965;COTAS;678979.114500000000000;
202512;4248;2014001847;VL_PG_RC;-4151.590000000000000;
202512;4515;9970000000;CAIXA;540927.780000000000000;
202512;4221;2012001629;COTAS;497704.119001000000000;
202512;4248;2011001919;COTAS;1199203297.689676000000000;18936232000111
202512;3887;1999004965;COTAS;2065554.911617000000000;
202512;4529;2008002365;CAIXA;75450.440000000000000;
202512;3887;1999004965;COTAS;96963.189938000000000;
202512;4529;2008002365;COTAS;80982.558512000000000;
202512;4707;2020000474;TIT_PUB;6346841.300000000000000;
202512;4529;2008002365;COTAS;6264069.124339000000000;
202512;3825;1989001874;COTAS;43907580.038099000000000;
202512;3887;9970000000;COTAS;14947.309993000000000;
202512;3825;1993001956;CAIXA;2000.000000000000000;
202512;3438;2006002465;COTAS;24291350.070225000000000;
202512;3825;1994000783;TIT_PUB;21464810.730000000000000;
202512;4011;2014001456;TIT_PRIV;1549182.180000000000000;
202512;4529;2008002365;COTAS;775055.468683000000000;
202512;4221;2006004247;COTAS;4299418.561040000000000;
202512;3887;1999004965;COTAS;630471.827405000000000;
202512;4248;2011001919;COTAS;907672054.406430000000000;20726130000113
202512;4221;2012001629;COTAS;1177148.865126000000000;
202512;4707;2013000138;CAIXA;175175.360000000000000;
202512;4221;2006004247;COTAS;1336307.057035000000000;
202512;4248;2011001919;COTAS;336253135.616725000000000;36518029000107
202512;3825;1999005074;CAIXA;3000.000000000000000;
202512;4529;2008002365;COTAS;6563177.074200000000000;
202512;4221;2012001629;COTAS;952589.276853000000000;
202512;3438;2009003519;VL_PG_RC;0.000000000000000;
202512;4707;2020002647;COTAS;3173146.064686000000000;
202512;4042;2000004792;TIT_PRIV;51405149.840000000000000;
202512;4532;2008004856;CAIXA;44291.770000000000000;
202512;3887;1999004965;COTAS;11502984.023006000000000;
202512;4786;2019000611;COTAS;3072003.002674000000000;
202512;4221;2011002419;CAIXA;90687.070000000000000;
202512;3438;2013001983;CAIXA;60030.170000000000000;
202512;4091;2004002492;COTAS;24761624.260108000000000;
202512;4707;2013000138;COTAS;5088904.174221000000000;
202512;4577;2008003892;COTAS;1423945.574459000000000;
202512;3887;1999004965;COTAS;870809.394000000000000;
202512;4248;2020001683;COTAS;1918363.756186000000000;55198628000135
202512;4221;2012001874;COTAS;2505013.369350000000000;
202512;4221;2012001874;COTAS;5284707.537616000000000;
202512;4786;9970000000;COTAS;989652.999997000000000;
202512;4234;2004002956;COTAS;118620499.435078000000000;
202512;4791;9970000000;COTAS;2682568.219998000000000;
202512;4248;2020001683;COTAS;3088012.766992000000000;
202512;4801;2016001518;COTAS;8910757.709969000000000;
202512;4279;2018000111;COTAS;12250771.195296000000000;24249995000197
202512;4707;2013000219;COTAS;22757289.372859000000000;
202512;4813;9970000000;VL_PG_RC;0.000000000000000;
202512;4282;2004003065;COTAS;1780682.890234000000000;
202512;4831;1988002729;VL_PG_RC;4307667.150000000000000;
202512;4707;2013000219;COTAS;5928175.917150000000000;
202512;4707;2013000219;COTAS;55359582.287366000000000;
202512;4248;2020001683;COTAS;1589830.086066000000000;03497804000136
202512;4221;2011002419;COTAS;973003.180827000000000;
202512;3438;2013001983;COTAS;2238134.402550000000000;
202512;4248;2009000838;COTAS;26043650.091982000000000;03079923000179
202512;4707;2020002647;COTAS;2221047.144976000000000;
202512;4707;2013000219;COTAS;6767862.697696000000000;
202512;4282;2004003065;COTAS;1929941.590001000000000;
202512;4248;2020001683;COTAS;6309271.420758000000000;08035716000136
202512;4091;2004002492;COTAS;9933532.682830000000000;
202512;3887;1999004965;COTAS;2518577.878206000000000;
202512;4091;2004002492;COTAS;12647450.360984000000000;
202512;3887;9970000000;COTAS;5089358.746486000000000;
202512;3438;2021002918;COTAS;154174.385746000000000;
202512;3887;9970000000;COTAS;4889414.225967000000000;
202512;4831;2019001829;CAIXA;107880.530000000000000;
202512;3438;9970000000;CAIXA;307957.660000000000000;
202512;4011;2000002129;VL_PG_RC;-110.340000000000000;
202512;4248;9970000000;COTAS;3793238.829301000000000;18936235000155
202512;4248;2011001919;COTAS;51764614.212477000000000;32240211000198
202512;4707;2020002647;VL_PG_RC;-24143.330000000000000;
202512;4011;2000002218;CAIXA;20503.800000000000000;
202512;4707;2013002092;COTAS;7183183.719751000000000;
202512;4831;2019001829;COTAS;1561386.312198000000000;
202512;4707;2013002092;COTAS;8788799.431222000000000;
202512;4248;2014001847;COTAS;9189937.437639000000000;18936235000155
202512;4091;2004002492;COTAS;417535270.627019000000000;05426951000140
202512;4279;2016001992;COTAS;279043386.444743000000000;24249995000197
202512;4221;2011002419;COTAS;214647.136860000000000;
202512;4707;2022001265;COTAS;2623135.375330000000000;
202512;3825;1999005074;COTAS;16166.240000000000000;
202512;4042;2000004792;CAIXA;2333549.620000000000000;
202512;3825;2001001118;COTAS;31528317.446030000000000;
202512;4831;2019001829;COTAS;25315536.667799000000000;
202512;4221;2011002419;COTAS;600297.235991000000000;
202512;4042;2000004792;COTAS;28116634.590008000000000;
202512;4577;2010001974;COTAS;240857.202740000000000;
202512;4091;2004002492;TIT_PRIV;4486030.460000000000000;
202512;3527;1996002619;COTAS;21298246.169023000000000;
202512;4282;2004003065;COTAS;2218885.509996000000000;
202512;3825;2001001118;VL_PG_RC;12000.000000000000000;
202512;4279;2016001992;VL_PG_RC;-101058.090000000000000;
202512;3527;2020001756;COTAS;3361701.343729000000000;
202512;4282;2004003065;COTAS;688269.000003000000000;
202512;3527;2020001756;COTAS;74198243.134759000000000;
202512;4282;2004003065;COTAS;9249701.700000000000000;
202512;4279;2016001992;COTAS;9057716.907953000000000;51834466000123
202512;4311;9970000000;COTAS;8364301.937375000000000;
202512;4831;2020000611;COTAS;0.000000000000000;20468585000186
202512;4282;2004003065;TIT_PUB;78198795.260000000000000;
202512;4042;2000004792;COTAS;18637906.259941000000000;
202512;4311;1997002256;COTAS;87196456.720002000000000;
202512;4831;2020000611;TIT_PRIV;2299660.840000000000000;
202512;4282;9970000000;VL_PG_RC;-2000.010000000000000;
202512;3825;2002000492;COTAS;33652457.189978000000000;
202512;4221;2012001629;OPERACAO_PARTICIPANTE;366558.630828000000000;
202512;4707;2013002092;COTAS;5575954.530000000000000;
202512;4409;2006000829;COTAS;34235944.659961000000000;
202512;4101;9970000000;CAIXA;136470.720000000000000;
202512;4707;2013002092;COTAS;73988330.361509000000000;
202512;3558;1996003992;CAIXA;467110.960000000000000;
202512;4581;9970000000;COTAS;5971.120871000000000;
202512;4412;9970000000;CAIXA;122564.400000000000000;
202512;4831;9970000000;VL_PG_RC;1584901.370000000000000;
202512;4221;2012001874;CAIXA;312183.910000000000000;
202512;4707;2022001265;COTAS;779452.935822000000000;
202512;4368;2005004211;COTAS;232081265.575466000000000;
202512;4409;2006000829;COTAS;34045.480000000000000;
202512;4844;2019000547;COTAS;5168260.306410000000000;
202512;4409;2006000829;VL_PG_RC;-24407.950000000000000;
202512;4707;2018001329;COTAS;2408180.094673000000000;
202512;4091;1974000338;COTAS;4921034.055516000000000;
202512;4621;2010002318;OPERACAO_PARTICIPANTE;9697.330000000000000;
202512;4091;1974000338;VL_PG_RC;232455.840000000000000;
202512;4707;2018001329;COTAS;611193.359711000000000;
202512;4426;2007002329;COTAS;940446016.223653000000000;
202512;4412;9970000000;VL_PG_RC;-396538.470000000000000;
202512;4091;9970000000;CAIXA;47963.140000000000000;
202512;4426;2006003111;CAIXA;0.000000000000000;
202512;4221;2012001874;COTAS;2288912.521041000000000;
202512;4221;2012001874;COTAS;802221.911211000000000;
202512;4707;2018001892;COTAS;852599.430170000000000;
202512;4311;9970000000;VL_PG_RC;0.000000000000000;
202512;4426;9970000000;COTAS;6579569.994503000000000;
202512;4101;2024000983;VL_PG_RC;36.760000000000000;
202512;4707;2018001892;COTAS;550600.495973000000000;
202512;4844;9970000000;COTAS;2980178.553197000000000;
202512;4621;2010005392;COTAS;157146968.982864000000000;37821719000101
202512;4858;9970000000;TIT_PUB;72324.130000000000000;
202512;3825;2007003619;TIT_PUB;23327886.890000000000000;
202512;4426;9970000000;TIT_PRIV;7930773.790000000000000;
202512;4875;9970000000;COTAS;1272711.805252000000000;
202512;3558;1996003992;COTAS;527741904.751420000000000;05114396000111
202512;4875;9970000000;TIT_PUB;16680791.770000000000000;
202512;4474;2006005774;COTAS;26110542.870000000000000;25316471000134
202512;4443;1982002018;COTAS;5051343.231041000000000;
202512;4892;2021000583;COTAS;10054810.739401000000000;
202512;4474;9970000000;CAIXA;7222.780000000000000;
202512;4282;2004003065;COTAS;3831677.590008000000000;
202512;4443;1982002018;COTAS;316880.683167000000000;
202512;4707;2019003856;COTAS;423178.088682000000000;
202512;4707;9970000000;COTAS;15710305.771438000000000;
202512;4221;2012001874;COTAS;2243550.056436000000000;
202512;3825;2010005856;COTAS;30579198.647124000000000;
202512;4621;2022002083;OPERACAO_PARTICIPANTE;631199.020000000000000;
202512;4248;2000001718;OPERACAO_PARTICIPANTE;636093.360668391900000;
202512;4892;2021002829;CAIXA;170.580000000000000;
202512;3825;2012000592;COTAS;51764376.648783000000000;
202512;4248;2009000838;VL_PG_RC;6221265.710000000000000;
202512;4711;2008001938;CAIXA;11905.510000000000000;
202512;3825;2012000592;COTAS;13925970.588259000000000;
202512;4461;9970000000;VL_PG_RC;1380.330000000000000;
202512;4131;1981000811;COTAS;6507532.321077000000000;39665916000104
202512;4711;2008001938;COTAS;2362044860.136280000000000;26324274000120
202512;4707;2020000474;COTAS;106682.209261000000000;
202512;4114;9970000000;VL_PG_RC;0.000000000000000;
202512;3825;2020003211;COTAS;105119792.565304000000000;
202512;4368;2005004211;COTAS;421361915.313152000000000;47541085000189
202512;4248;2011001919;OPERACAO_PARTICIPANTE;38570656.517436751300000;
202512;4282;2004003065;COTAS;436579.870371000000000;
202512;4474;9970000000;VL_PG_RC;0.000000000000000;
202512;4131;2002000247;CAIXA;181727.560000000000000;
202512;3825;2020003211;COTAS;34050946.071443000000000;
202512;4501;9970000000;VL_PG_RC;0.000000000000000;
202512;4649;2010003756;COTAS;39743821.177984000000000;44917099000166
202512;4711;9970000000;CAIXA;27960.770000000000000;
202512;4131;2008004211;VL_PG_RC;-31496.000000000000000;
202512;3887;1999004965;COTAS;2398624.101339000000000;
202512;4131;2008004538;COTAS;360738.201344000000000;
202512;3592;2006005911;TIT_PUB;49997269.180000000000000;
202512;4707;2020000474;COTAS;1235930.516207000000000;
202512;4515;2007003538;COTAS;222707369.209999000000000;16557853000169
202512;4711;9970000000;COTAS;4261717.260873000000000;26324274000120
202512;4666;2011000629;COTAS;158739452.112037000000000;59976505000139
202512;4707;9970000000;COTAS;64877517.577756000000000;
202512;4577;2010001974;ACOES;1240347.320000000000000;
202512;4248;9970000000;COTAS;203741932.631183000000000;23732198000101
202512;4666;2021002756;CAIXA;499356.730000000000000;
202512;4604;2010002083;COTAS;1926784.448181000000000;
202512;4279;2004002711;CAIXA;1179453.060000000000000;
202512;4546;2009000919;COTAS;2397929.970023000000000;
202512;3602;2009000511;COTAS;5598317.248659000000000;
202512;4683;2004002311;COTAS;14263870.223263000000000;
202512;4131;2008004465;CAIXA;609.400000000000000;
202512;4131;2017000647;CAIXA;7360960.350000000000000;
202512;3887;1999004965;COTAS;30570891.166169000000000;
202512;4577;2008003892;ACOES;11427499.480000000000000;
202512;4707;9970000000;VL_PG_RC;-5812.940000000000000;
202512;4683;2008000818;COTAS;30895608.587855000000000;
202512;3887;1999004965;VL_PG_RC;273224.090000000000000;
202512;4577;2008003892;COTAS;1349048.564568000000000;
202512;4707;2013000138;COTAS;5604290.000000000000000;
202512;3928;1999001265;VL_PG_RC;-58569.220000000000000;
202512;4279;2004002711;COTAS;5484258612.147156000000000;24249979000102
202512;4011;2000002056;CAIXA;10197.770000000000000;
202512;3602;2020002965;COTAS;60535.057365000000000;
202512;4131;2017000647;COTAS;8708090.625000000000000;
202512;4711;2008001938;VL_PG_RC;582.210000000000000;
202512;4724;2013000383;OPERACAO_PARTICIPANTE;345110809.631866300000000;
202512;3602;9970000000;COTAS;533623.719471000000000;03162048000194
202512;4131;2017000647;COTAS;51867201.370651000000000;39665916000104
202512;4738;2013001347;COTAS;43225023.964403000000000;
202512;4577;2008003892;VL_PG_RC;112774.860000000000000;
202512;4738;2013001347;COTAS;12053130.525265000000000;
202512;3647;1997001829;COTAS;2317064.169177000000000;
202512;4176;2018002392;COTAS;1501620.812835000000000;
202512;4577;2010001974;CAIXA;24123.550000000000000;
202512;552;1979002665;IMOVEIS;46049914.890000000000000;
202512;4581;1999000919;OPERACAO_PARTICIPANTE;25233607.390000000000000;
202512;4176;2023000319;COTAS;7147708.450485000000000;
202512;552;2002000638;COTAS;1010000.106448000000000;
202512;4594;1989001629;COTAS;10160261.695777000000000;
202512;571;1988001218;COTAS;24188374.299208000000000;
202512;4176;2023000319;VL_PG_RC;-15001.720000000000000;
202512;571;1988001218;COTAS;36803509.828708000000000;
202512;571;2020002418;COTAS;730822.521176000000000;
202512;4604;2010002083;COTAS;89065707.407099000000000;
202512;571;2020002418;COTAS;70750.581259000000000;
202512;571;2023001511;COTAS;2253238.000000000000000;
202512;4203;2000001319;VL_PG_RC;801131.410000000000000;
202512;4741;2013001738;TIT_PRIV;103103458.160000000000000;
202512;4711;2008002047;COTAS;65913440.118401000000000;46975834000113
202512;571;2023001511;COTAS;365328.476038000000000;
202512;4755;2015001247;COTAS;1391085.374804000000000;62502136000157
202512;571;2023001511;COTAS;2072485.868917000000000;
202512;611;1979000956;COTAS;191636136.302244000000000;
202512;611;1979004056;COTAS;717871.353483000000000;
202512;4604;2010002083;COTAS;9110392.097559000000000;
202512;611;1979004056;COTAS;23855927.012132000000000;
202512;4203;2000006574;COTAS;2364289.067522000000000;
202512;611;1979004056;COTAS;485922689.030240000000000;
202512;611;1979004056;COTAS;7181745529.924812000000000;13411036000100
202512;611;1983000418;COTAS;19117590.344777000000000;
202512;4203;2020002711;COTAS;384192.092492000000000;40190375000186
202512;611;1983000418;COTAS;5473657.836645000000000;
202512;4755;2020002574;COTAS;100847.497592000000000;
202512;4621;2011001765;VL_PG_RC;-11560.910000000000000;
202512;4621;9970000000;COTAS;1620561.419295000000000;37821719000101
202512;4711;2014000638;CAIXA;187604.490000000000000;
202512;4724;2013000383;COTAS;229022984.416412000000000;20155943000109
202512;4666;2011000629;COTAS;141809311.583669000000000;
202512;4203;9970000000;ACOES;3846.250000000000000;
202512;4279;2016001992;COTAS;42596951.600966000000000;24249941000121
202512;4769;2015000429;COTAS;1496558.342943000000000;
202512;4683;1990001165;COTAS;4855233.028766000000000;
202512;4683;2008000818;VL_PG_RC;-164792.720000000000000;
202512;4724;2013000618;TIT_PRIV;1054683.210000000000000;
202512;4217;1997000792;COTAS;944760.907880000000000;14115118000170
202512;3647;1997001829;TIT_PUB;23408032.750000000000000;
202512;4769;2015000429;COTAS;1112295.356542000000000;
202512;4738;9970000000;COTAS;4625312.374283000000000;
202512;4683;2019000792;CAIXA;5098.890000000000000;
202512;4217;2006004638;VL_PG_RC;-8916.790000000000000;
202512;4683;2019000792;COTAS;25751334.644656000000000;
202512;3678;2020001918;COTAS;2038684.482223000000000;03322908000100
202512;4738;9970000000;VL_PG_RC;0.000000000000000;
202512;4707;2013000138;COTAS;67034148.062809000000000;
202512;3825;1989001874;COTAS;38860113.707721000000000;
202512;4741;2013001738;COTAS;691765085.078167000000000;59068994000120
202512;4217;2022000374;CAIXA;2368.180000000000000;
202512;4769;2021001083;COTAS;8434.650706000000000;
202512;4755;2014000311;COTAS;8214061.313468000000000;
202512;4371;9970000000;CAIXA;0.000000000000000;
202512;4707;2013000138;COTAS;35927052.184748000000000;
202512;4786;2016000856;COTAS;21348126.999999000000000;
202512;4755;9970000000;COTAS;21922.487691000000000;
202512;4707;2013000138;COTAS;53138067.818184000000000;
202512;4282;2004003065;CAIXA;135462.630000000000000;
202512;3825;1989001874;VL_PG_RC;2754000.290000000000000;
202512;4217;2024000738;CAIXA;74468.900000000000000;
202512;4368;2005004211;COTAS;52578342.645118000000000;
202512;4221;2005000892;COTAS;1165600.311149000000000;
202512;4385;9970000000;COTAS;5284341.649997000000000;
202512;4426;2006003111;COTAS;859729.500000000000000;
202512;4707;2013000138;COTAS;34287619.807345000000000;
202512;4707;2013000219;COTAS;21691234.248905000000000;
202512;4755;9970000000;TIT_PUB;1551679.760000000000000;
202512;3825;1993001956;TIT_PUB;10150828.160000000000000;
202512;4221;2006004247;CAIXA;187765.760000000000000;
202512;4769;2015000429;COTAS;585752.281272000000000;
202512;4011;2014001456;VL_PG_RC;-301.200000000000000;
202512;4221;2006004247;COTAS;1152830.880660000000000;
202512;4786;2016000856;COTAS;2126113.000000000000000;
202512;4621;2010005392;OPERACAO_PARTICIPANTE;1738212.090000000000000;
202512;4234;2004002956;COTAS;170237078.050671000000000;19718324000198
202512;4786;2016000856;COTAS;29998449.000001000000000;
202512;4039;9970000000;VL_PG_RC;0.000000000000000;
202512;4234;9970000000;COTAS;1019454.388191000000000;
202512;3825;1996001574;COTAS;65057934.045494000000000;
202512;4621;2011001765;CAIXA;36698.900000000000000;
202512;4786;2019000611;COTAS;702990.000013000000000;
202512;4385;9970000000;VL_PG_RC;0.000000000000000;
202512;4707;2013000138;COTAS;30933229.993598000000000;
202512;4786;2018001019;COTAS;120841.000002000000000;
202512;4087;2007000156;COTAS;612554453.087037000000000;10638696000130
202512;4474;2006005774;CAIXA;775043.650000000000000;
202512;4621;2022002083;CAIXA;3984.660000000000000;
202512;4529;2008002365;COTAS;4917321.732386000000000;
202512;4621;9970000000;VL_PG_RC;0.000000000000000;
202512;4786;2019000611;COTAS;231494.000004000000000;
202512;4707;2013000219;CAIXA;222539.490000000000000;
202512;4131;2023001218;VL_PG_RC;-700.000000000000000;
202512;3825;1996001574;COTAS;4037885.123273000000000;
202512;3825;1999005074;COTAS;2463321.887822000000000;
202512;4707;2013000219;COTAS;90969658.380166000000000;
202512;3825;1999005074;COTAS;66528.420851000000000;
202512;3825;2004000211;CAIXA;1000.000000000000000;
202512;4791;2016001283;COTAS;294096.240000000000000;
202512;4176;2004002883;COTAS;187763200.397158000000000;31934038000165
202512;4234;9970000000;VL_PG_RC;-3122.290000000000000;
202512;3825;2005004774;COTAS;545265002.733717000000000;
202512;4649;2010003756;CAIXA;395246.620000000000000;
202512;4409;2006000829;COTAS;3541667.999995000000000;
202512;4666;2011000629;COTAS;215562981.166977000000000;
202512;4409;2006000829;COTAS;6744267.130000000000000;
202512;4666;2011000947;COTAS;174992319.228666000000000;59976505000139
202512;4532;2008004856;COTAS;7613201.955926000000000;
202512;4409;2006000829;COTAS;92516274.910000000000000;20833940000179
202512;4683;1990001165;VL_PG_RC;-1500802.090000000000000;
202512;4707;2013000219;COTAS;23968303.113309000000000;
202512;4707;2013000219;COTAS;15800956.896470000000000;
202512;4248;2000001718;COTAS;2310499.790623000000000;18936235000155
202512;4707;2013000219;COTAS;82904498.631694000000000;
202512;4368;9970000000;COTAS;35390095.077785000000000;
202512;3825;2007003619;CAIXA;3000.000000000000000;
202512;4683;2004002311;COTAS;744868.314802000000000;
202512;4176;2018002392;COTAS;1251087.683873000000000;
202512;4412;2006001329;CAIXA;8933.280000000000000;
202512;3825;2021001611;CAIXA;21733.140000000000000;
202512;4412;2006001329;COTAS;5338835.750002000000000;
202512;4707;2013002092;COTAS;6279287.001843000000000;
202512;4409;2006000829;COTAS;60254525.799999000000000;19729240000150
202512;4791;2016001283;COTAS;2282683.200000000000000;
202512;4176;9970000000;VL_PG_RC;0.000000000000000;
202512;4248;2009000838;COTAS;28077190.557729000000000;03497804000136
202512;4546;2009000919;COTAS;2574495.212067000000000;
202512;4461;9970000000;CAIXA;239364.030000000000000;
202512;4546;2009000919;COTAS;2961989.683167000000000;
202512;4203;2000001556;CAIXA;10461.320000000000000;
202512;4412;2006001329;COTAS;4281124.777300000000000;
202512;4412;2006001329;COTAS;4047316.499901000000000;
202512;4786;2019000611;COTAS;123955.000002000000000;
202512;4546;2009000919;VL_PG_RC;-136029.410000000000000;
202512;4707;2013002092;COTAS;44415134.697125000000000;
202512;4801;2016001518;CAIXA;46386.440000000000000;
202512;4801;2016001518;COTAS;49318852.738238000000000;
202512;4412;2006001329;COTAS;25507594.390012000000000;
202512;4101;2002001847;COTAS;39782330.520252000000000;31570069000184
202512;4203;2000002838;COTAS;1471139.357064000000000;
202512;4101;9970000000;COTAS;4744197.586857000000000;30330483000153
202512;4791;2016001283;CAIXA;0.030000000000000;
202512;4426;2006003111;ALUGUEL;3179319.900000000000000;
202512;4203;2000002838;COTAS;2446362596.146354000000000;05316787000119
202512;4707;2018001329;COTAS;3589767.480066000000000;
202512;4203;2000002838;TIT_PRIV;188798296.780000000000000;
202512;4461;9970000000;COTAS;327192.510812000000000;
202512;4203;2000006574;COTAS;1545290774.241537000000000;21596146000111
202512;4529;2008002365;COTAS;5061331.354892000000000;
202512;3839;1998004929;COTAS;150615367.386937000000000;
202512;4529;2008002365;COTAS;1543562.988580000000000;
202512;4683;2004002311;COTAS;168780.729133000000000;29055966000108
202512;4114;2002004129;CAIXA;343207.010000000000000;
202512;4801;2016001518;COTAS;104020844.459997000000000;
202512;4683;2004002311;COTAS;114597.694513000000000;41287925000142
202512;4131;1981000811;COTAS;21229299.349971000000000;
202512;4529;2008002365;COTAS;11175810.793489000000000;
202512;4131;2017000647;OPERACAO_PARTICIPANTE;117288760.860784490200000;
202512;4248;2009000838;COTAS;105196938.099087000000000;20726076000106
202512;4131;1987000374;IMOVEIS;3792000.000000000000000;
202512;4546;9970000000;VL_PG_RC;0.000000000000000;
202512;4801;2016001518;COTAS;6329065.377814000000000;
202512;4577;2008003892;COTAS;889326.766053000000000;
202512;4801;2016001518;COTAS;28857946.502900000000000;
202512;4248;2009000838;COTAS;104784455.850745000000000;20726130000113
202512;4217;1997000792;TIT_PUB;16038450.420000000000000;
202512;4707;2018001329;COTAS;362606.152146000000000;
202512;4529;2008002365;COTAS;3607248.744662000000000;
202512;4426;2006003111;TIT_PRIV;169957713.270000000000000;
202512;4707;2018001329;TIT_PUB;15733129.860000000000000;
202512;4131;1989001165;VL_PG_RC;-41598.720000000000000;
202512;4683;2005000647;COTAS;316019.143390000000000;
202512;4707;2013002092;COTAS;27597287.172010000000000;
202512;4577;2008003892;COTAS;2299144.631203000000000;
202512;4248;2011001919;VL_PG_RC;41959695.440000000000000;
202512;4426;2006003111;TIT_PUB;82234476.140000000000000;
202512;4707;2018001892;COTAS;3129514.085402000000000;
202512;4683;2007002965;VL_PG_RC;-4448.560000000000000;
202512;4801;2016001518;COTAS;9069178.379998000000000;
202512;4443;1982002018;COTAS;118692825.723927000000000;12581016000114
202512;3928;9970000000;COTAS;4850057.184822000000000;
202512;4707;2019003856;COTAS;1807484.976095000000000;
202512;4683;2008000818;CAIXA;5479.610000000000000;
202512;4011;2000002056;COTAS;887317.200000000000000;
202512;4801;9970000000;COTAS;2591049.520018000000000;
202512;4683;2008000818;COTAS;34619289.099493000000000;29055966000108
202512;4707;2022001265;COTAS;7532447.723384000000000;
202512;4683;2022001338;CAIXA;215074.040000000000000;
202512;4011;2000002056;TIT_PUB;23633532.020000000000000;
202512;4827;2018002465;VL_PG_RC;-59307.720000000000000;
202512;4131;2023001218;COTAS;1205.960069000000000;
202512;4131;1998006719;COTAS;630452.509781000000000;
202512;4501;9970000000;CAIXA;38071.750000000000000;
202512;4707;2013002092;COTAS;1576249.240942000000000;
202512;4683;2022001338;COTAS;138957.180497000000000;
202512;4831;1988002729;CAIXA;1490.010000000000000;
202512;4683;2022001338;COTAS;1104397.254458000000000;29055966000108
202512;4577;2008003892;OPERACAO_PARTICIPANTE;248922.570000000000000;
202512;4131;2002000247;COTAS;400534.410463000000000;
202512;4011;2000002218;VL_PG_RC;-784.470000000000000;
202512;4176;2018002392;COTAS;1299241.237924000000000;
202512;4529;2008002365;COTAS;995540.300307000000000;
202512;4176;2018002392;COTAS;14054892.867300000000000;13401162000183
202512;4529;9970000000;CAIXA;3844.920000000000000;
202512;4217;2006004638;OPERACAO_PARTICIPANTE;9117844.290000000000000;
202512;4529;2008002365;TIT_PUB;239264196.980000000000000;
202512;4131;2008004211;COTAS;2961654.068955000000000;
202512;4707;2013002092;COTAS;61931844.907573000000000;
202512;4131;2017000647;COTAS;39193886.676781000000000;
202512;4011;2014001456;COTAS;8241210.552882000000000;
202512;4801;2016001518;VL_PG_RC;0.000000000000000;
202512;4181;9970000000;VL_PG_RC;-4212.840000000000000;
202512;4707;2018001329;COTAS;47564.707186000000000;
202512;4831;1993000429;VL_PG_RC;808452.910000000000000;
202512;4801;9970000000;COTAS;700436.240009000000000;
202512;4831;1998003647;COTAS;12667490.289843000000000;
202512;4248;2020001683;COTAS;1140136.441254000000000;03079923000179
202512;4707;2013000138;COTAS;23071077.247113000000000;
202512;4801;9970000000;COTAS;192509.189999000000000;
202512;4831;1998003647;COTAS;36312954.788551000000000;
202512;4707;2018001329;COTAS;1053823.274403000000000;
202512;4532;9970000000;COTAS;2057078.593969000000000;
202512;4827;2018002465;CAIXA;34927.060000000000000;
202512;4248;2020001683;COTAS;301474.316154000000000;52350495000182
202512;4707;2013000138;COTAS;84539918.118814000000000;
202512;4707;2019003856;COTAS;1286896.876126000000000;
202512;4827;2018002465;COTAS;2773480.791306000000000;
202512;4577;2010001974;COTAS;2729020.747681000000000;
202512;4707;2013000219;COTAS;11449729.140911000000000;
202512;4203;2000002838;COTAS;2076282.670028000000000;
202512;4827;2019003465;VL_PG_RC;-10230.780000000000000;
202512;4831;1981000283;CAIXA;10280.490000000000000;
202512;4042;2000004792;COTAS;5254447.063248000000000;
202512;4831;1998003647;COTAS;470180425.919860000000000;20468585000186
202512;4711;2014000638;COTAS;139317417.197615000000000;26324274000120
202512;4831;2006006811;COTAS;60799666.016761000000000;42774842000140
202512;4707;2019003856;COTAS;310556.325360000000000;
202512;4546;9970000000;CAIXA;179248.230000000000000;
202512;4831;2006006811;OPERACAO_PARTICIPANTE;15373122.970622564500000;
202512;4724;2013000618;CAIXA;161696.000000000000000;
202512;4831;2019001829;COTAS;55287244.177603000000000;42774842000140
202512;4577;2010001974;COTAS;1620155.873196000000000;
202512;4831;2019001829;OPERACAO_PARTICIPANTE;78715370.980064965200000;
202512;4248;9970000000;CAIXA;9730.220000000000000;
202512;4581;1999000919;VL_PG_RC;-205739.820000000000000;
202512;4203;2000002838;COTAS;105675058.929776000000000;40189629000146
202512;4532;2008004856;COTAS;7681563.178837000000000;
202512;4131;2017000647;TIT_PUB;658017205.910000000000000;
202512;4581;9970000000;COTAS;818407.269389000000000;41837660000109
202512;4176;2004002883;COTAS;325013282.304648000000000;13401162000183
202512;4707;2013002092;COTAS;44087092.451040000000000;
202512;4831;1998003647;COTAS;17038350.289903000000000;
202512;4707;2013002092;COTAS;43476800.189955000000000;
202512;4844;2019000547;COTAS;14249655.657081000000000;
202512;4176;2018002392;COTAS;4015160.996130000000000;17759357000150
202512;4087;9970000000;CAIXA;145149.400000000000000;
202512;4203;2000006574;COTAS;3336964.805848000000000;
202512;4128;9970000000;VL_PG_RC;0.000000000000000;
202512;4279;2004002711;COTAS;361597889.775902000000000;24249941000121
202512;4282;2004003065;COTAS;3972256.050192000000000;
202512;4861;2019000474;COTAS;50928499.040001000000000;
202512;4707;2013002092;VL_PG_RC;-1110630.740000000000000;
202512;4203;2000006574;COTAS;2915719054.763299000000000;05362670000171
202512;4282;2004003065;COTAS;1577303.381077000000000;
202512;4724;2013000618;COTAS;19787973.112233000000000;20155943000109
202512;4217;2006004638;TIT_PUB;37478562.620000000000000;
202512;4131;1986000419;COTAS;3783999.308504000000000;
202512;4875;2020002329;VL_PG_RC;-34167.730000000000000;
202512;4831;1998003647;COTAS;82153027.747818000000000;20468746000131
202512;4707;2020000474;COTAS;519486.155690000000000;
202512;4311;2005002747;COTAS;7338450.539998000000000;
202512;4707;2018001329;COTAS;374427.354277000000000;
202512;4724;2013000383;COTAS;400442468.000000000000000;
202512;4368;2005004211;COTAS;52543516.447328000000000;
202512;4724;2013000618;COTAS;20313023.291083000000000;37467600000174
202512;4577;2010001974;COTAS;215953.993863000000000;
202512;4892;9970000000;VL_PG_RC;-2961.020000000000000;
202512;4738;2013001347;COTAS;13131554.252255000000000;
202512;4217;2010004183;VL_PG_RC;-1287.430000000000000;
202512;4707;2018001329;COTAS;2567380.890311000000000;
202512;4546;9970000000;COTAS;622533.748398000000000;
202512;4368;9970000000;COTAS;39904726.787479000000000;
202512;4577;2008003892;COTAS;2022079.149891000000000;
202512;4618;9970000000;VL_PG_RC;0.000000000000000;
202512;4831;2006006811;COTAS;49873.571933000000000;
202512;4203;2004000929;COTAS;550416.525596000000000;40190375000186
202512;4724;2013000383;VL_PG_RC;9400807.950000000000000;
202512;4831;2006006811;IMOVEIS;6786357.630000000000000;
202512;4217;2012001238;CAIXA;9244.400000000000000;
202512;4621;2011001765;OPERACAO_PARTICIPANTE;326980.980000000000000;
202512;4131;1987000374;TIT_PUB;57396071.180000000000000;
202512;4426;2006003111;COTAS;409256.857289000000000;
202512;4217;2022000919;CAIXA;2442.240000000000000;
202512;4831;2019001829;COTAS;10161340.740000000000000;
202512;4217;2006004638;CAIXA;20957.040000000000000;
202512;4426;2007002329;COTAS;2200083.885010000000000;
202512;4217;2012001238;COTAS;79440.216562000000000;11435287000107
202512;4707;2018001892;COTAS;1670805.640605000000000;
202512;4221;2005000892;COTAS;3711739.978233000000000;
202512;4581;1999000919;CAIXA;17615.070000000000000;
202512;4724;9970000000;CAIXA;4530520.880000000000000;
202512;4707;2019003856;COTAS;1009031.594905000000000;
202512;4594;2009003683;VL_PG_RC;0.000000000000000;
202512;4217;2022002156;COTAS;3017444.373836000000000;
202512;4131;2008004465;COTAS;7027199.220485000000000;
202512;4738;2021002519;CAIXA;4205.870000000000000;
202512;4131;2008004465;VL_PG_RC;-13252.060000000000000;
202512;4217;2022002474;CAIXA;2700.920000000000000;
202512;4131;2008004538;CAIXA;525.630000000000000;
202512;4738;2013001347;COTAS;13238319.389568000000000;
202512;4221;2005000892;COTAS;13640067.469931000000000;
202512;4577;2008003892;COTAS;21884768.449246000000000;
202512;4738;9970000000;COTAS;4364723.176361000000000;
202512;4831;2020000611;OPERACAO_PARTICIPANTE;2284287.260000000000000;
202512;4604;2010002083;COTAS;23005968.000000000000000;
202512;4844;2019000547;COTAS;8048095.084484000000000;
202512;4131;2017000647;COTAS;5838632.077883000000000;
202512;4217;9970000000;VL_PG_RC;-2767.500000000000000;
202512;4604;2010002083;VL_PG_RC;-118693.360000000000000;
202512;4131;2017000647;COTAS;92932282.706338000000000;
202512;4652;9970000000;COTAS;39999.960000000000000;
202512;4426;9970000000;CAIXA;0.000000000000000;
202512;4461;9970000000;COTAS;2241123.222823000000000;
202512;4707;2019003856;VL_PG_RC;-34725.730000000000000;
202512;4221;2011002419;COTAS;2021934.180108000000000;
202512;4461;9970000000;COTAS;678066.645741000000000;
202512;4618;9970000000;COTAS;3843160.930000000000000;19366021000153
202512;4741;2013001738;COTAS;613044342.724683000000000;58738052000140
202512;4221;2011002419;COTAS;23483.051059000000000;
202512;4707;2020000474;COTAS;1620131.906017000000000;
202512;4221;2006004247;COTAS;1232129.108190000000000;
202512;4577;2010001974;COTAS;182618.778920000000000;
202512;4666;2011000629;CAIXA;1793087.330000000000000;
202512;4577;9970000000;CAIXA;41977.330000000000000;
202512;4707;2020000474;VL_PG_RC;-12965.520000000000000;
202512;4707;2020002647;COTAS;2664225.866163000000000;
202512;4741;9970000000;CAIXA;10741.880000000000000;
202512;4221;2015001883;COTAS;389458.024784000000000;
202512;4577;9970000000;COTAS;121462.190217000000000;
202512;4234;2004002956;OPERACAO_PARTICIPANTE;140141.150000000000000;
202512;4844;2019000547;COTAS;3575554.029525000000000;
202512;4461;9970000000;COTAS;524761.528804000000000;
202512;4176;2023000319;COTAS;625947.147039000000000;
202512;4581;1999000919;COTAS;3364893869.373882000000000;62191155000100
202512;4738;2021002519;COTAS;115089.979600000000000;
202512;4755;2014000311;COTAS;58904998.658293000000000;61650236000168
202512;4666;2011000947;VL_PG_RC;-9787.480000000000000;
202512;4221;2011002419;COTAS;641589.074755000000000;
202512;4844;2019000547;COTAS;5685470.097442000000000;
202512;4707;2020002647;COTAS;509690.570853000000000;
202512;4755;2015001247;COTAS;226227.979395000000000;
202512;4501;2007002183;CAIXA;60072.370000000000000;
202512;4769;2015000429;COTAS;2044916.189528000000000;
202512;4858;2018002211;CAIXA;126.570000000000000;
202512;4666;9970000000;CAIXA;27091.690000000000000;
202512;4248;2009000838;COTAS;22798497.723628000000000;55198628000135
202512;4581;1999000919;COTAS;251000280.222536000000000;62191841000180
202512;4221;2015001883;COTAS;322698.224402000000000;
202512;4666;2021002756;COTAS;51065284.182935000000000;59976184000172
202512;4683;2005000647;COTAS;1671719.436753000000000;
202512;4707;2022001265;COTAS;4501361.370046000000000;
202512;4861;9970000000;COTAS;2626321.119995000000000;
202512;4786;2016000856;COTAS;21337101.998823000000000;
202512;4683;2008000818;COTAS;2008136.480135000000000;
202512;4248;2011001919;COTAS;1198683138.726973000000000;18936235000155
202512;4621;2022002083;COTAS;6520970.275443000000000;37821719000101
202512;4203;2000001319;COTAS;58908162.533648000000000;24069639000191
202512;4947;1996003747;COTAS;325400625.643223000000000;51763468000179
202512;4707;9970000000;COTAS;16978.030059000000000;
202512;4755;2020002574;COTAS;121898.167587000000000;
202512;4707;2013000138;COTAS;27465941.279536000000000;
202512;4683;2004002311;COTAS;215823.353855000000000;
202512;4683;2004002311;COTAS;8666806.903289000000000;
202512;4786;2016000856;COTAS;2242022.000746000000000;
202512;4755;2020002574;COTAS;226463.199803000000000;62502136000157
202512;4786;2016000856;COTAS;2628752.001862000000000;
202512;4683;2005000647;COTAS;97104.660488000000000;
202512;4532;2008004856;COTAS;4117322.197213000000000;
202512;4532;9970000000;CAIXA;3206.300000000000000;
202512;4711;2018000519;VL_PG_RC;269.960000000000000;
202512;4724;2013000383;COTAS;272643403.487496000000000;
202512;4786;2024000347;COTAS;98892.000037000000000;
202512;4248;2011001919;COTAS;306307176.420501000000000;36617679000100
202512;4786;2016000856;COTAS;7156528.999988000000000;
202512;4786;2016000856;COTAS;1661127.000001000000000;
202512;4577;2010001974;COTAS;1145550.077638000000000;
202512;4786;2018001019;COTAS;5132668.999999000000000;
202512;4666;9970000000;COTAS;8282026.541612000000000;
202512;4248;2011001919;COTAS;519751046.156077000000000;20726061000148
202512;4786;2018001019;VL_PG_RC;-229.510000000000000;
202512;4577;9970000000;COTAS;5358939.922810000000000;
202512;4724;2013000383;COTAS;139813204.607032000000000;42922268000120
202512;4248;2014001847;CAIXA;200.000000000000000;
202512;4724;2013000618;ACOES;22492995.860000000000000;
202512;4786;2024000347;COTAS;3240352.999999000000000;
202512;4707;2013000138;COTAS;17037630.471868000000000;
202512;4248;2020001683;COTAS;330062.443058000000000;32240211000198
202512;4786;2024000347;VL_PG_RC;-96.870000000000000;
202512;4279;2004002711;COTAS;442808948.707736000000000;
202512;4203;2000001319;COTAS;8610877.206464000000000;46171916000105
202512;4786;9970000000;COTAS;57503.000000000000000;
202512;4577;9970000000;VL_PG_RC;-1849.190000000000000;
202512;4279;9970000000;CAIXA;2949705.600000000000000;
202512;4707;2013000138;COTAS;37383481.731356000000000;
202512;4282;2004003065;COTAS;2647718.570001000000000;
202512;4203;2000001556;COTAS;277602.430237000000000;
202512;4282;2004003065;COTAS;3640452.520000000000000;
202512;4368;2005004211;COTAS;20248170.336011000000000;
202512;4707;2013000138;COTAS;10896639.126823000000000;
202512;4368;2005004211;COTAS;10485850.639103000000000;
202512;4724;2013000618;COTAS;180071104.183042000000000;
202512;4368;2005004211;OPERACAO_PARTICIPANTE;3338734.380000000000000;
202512;4707;2013000138;COTAS;180279355.677795000000000;
202512;4203;2000001556;IMOVEIS;3414733.110000000000000;
202512;4385;2005006311;OPERACAO_PARTICIPANTE;2553055.170000000000000;
202512;4581;9970000000;CAIXA;43248.790000000000000;
202512;4426;2007002329;COTAS;5392317.000000000000000;
202512;4203;2000006574;VL_PG_RC;18444010.670000000000000;
202512;4604;9970000000;CAIXA;22634.360000000000000;
202512;4443;9970000000;VL_PG_RC;0.060000000000000;
202512;4652;2010004574;CAIXA;366385.220000000000000;
202512;4203;2004000929;COTAS;1020463.139182000000000;40189032000100
202512;4724;2013000618;VL_PG_RC;-173524.660000000000000;
202512;4707;2013000138;TIT_PUB;390228910.240000000000000;
202512;4652;2010004574;COTAS;100197254.939998000000000;49465951000125
202512;4248;2014001847;COTAS;233863708.509681000000000;21596641000120
202512;4707;2013000219;COTAS;4398622.132635000000000;
202512;4666;2011000947;CAIXA;807201.930000000000000;
202512;4532;2008004856;COTAS;6931876.722164000000000;
202512;4666;2011000947;COTAS;91961120.661646000000000;59976184000172
202512;4203;2020002711;CAIXA;9388.200000000000000;
202512;4707;2013000219;TIT_PUB;242681490.570000000000000;
202512;4724;9970000000;TIT_PUB;34408705.930000000000000;
202512;4221;2006004247;COTAS;2440069.785098000000000;
202512;4707;2013002092;COTAS;25670842.087849000000000;
202512;4248;2020001683;COTAS;15299692.951866000000000;20726076000106
202512;4683;1990001165;COTAS;146523385.979890000000000;
202512;4738;2013001347;COTAS;14363274.882697000000000;
202512;4221;2011002419;COTAS;39397.290929000000000;
202512;4707;2013002092;COTAS;51333291.955391000000000;
202512;4683;1990001165;COTAS;296500154.936561000000000;
202512;4279;2004002711;COTAS;1119231254.699463000000000;24249995000197
202512;4221;2011002419;COTAS;612434.679654000000000;
202512;4683;2004002311;VL_PG_RC;-13133.690000000000000;
202512;4221;2015001883;COTAS;90517.630275000000000;
202512;4683;2005000647;VL_PG_RC;-91698.780000000000000;
202512;4786;2019000611;COTAS;11279278.000001000000000;
202512;4683;2019000792;COTAS;48087777.513347000000000;
202512;4221;2015001883;COTAS;87150.917817000000000;
202512;4707;2013000219;COTAS;39595090.222214000000000;
202512;4707;2013002092;COTAS;13099957.363049000000000;
202512;4707;2013002092;OPERACAO_PARTICIPANTE;2904124.011959714400000;
202512;4279;2004002711;TIT_PRIV;168160138.100000000000000;
202512;4707;2018001329;COTAS;80483.836118000000000;
202512;4786;2019000611;VL_PG_RC;-481.470000000000000;
202512;4707;2018001329;COTAS;4643853.194671000000000;
202512;4707;2013000138;COTAS;74211340.965010000000000;
202512;4707;2018001329;COTAS;398432.076319000000000;
202512;4786;9970000000;VL_PG_RC;-2373.360000000000000;
202512;4546;2009000919;TIT_PUB;137168690.340000000000000;
202512;4707;2013000219;COTAS;8966185.640616000000000;
202512;4791;2016001283;VL_PG_RC;-9206.010000000000000;
202512;4577;2010001974;VL_PG_RC;7771.860000000000000;
202512;4707;2018001329;COTAS;879555.182308000000000;
202512;4707;2018001329;VL_PG_RC;-33419.490000000000000;
202512;4221;9970000000;VL_PG_RC;0.000000000000000;
202512;4248;2000001718;COTAS;629387964.493520000000000;12636386000101
202512;4279;2018000111;CAIXA;4767.570000000000000;
202512;4801;2016001518;COTAS;7623688.259999000000000;
202512;4279;9970000000;COTAS;16621082.925799000000000;
202512;4707;2013000219;COTAS;22190829.124325000000000;
202512;4801;2016001518;COTAS;9700822.399999000000000;
202512;4279;9970000000;VL_PG_RC;-1875.200000000000000;
202512;4813;2017000965;COTAS;1891368.655268000000000;
202512;4282;2004003065;COTAS;5083330.200000000000000;
202512;4827;2018002465;COTAS;11431157.980884000000000;
202512;4282;2004003065;COTAS;1510256.590054000000000;
202512;4248;2009000838;COTAS;31915500.198221000000000;19602288000100
202512;4594;9970000000;COTAS;399962.877065000000000;
202512;4683;1990001165;COTAS;512092142.720345000000000;29055966000108
202512;4707;2013002092;COTAS;6610544.905225000000000;
202512;4707;2018001892;COTAS;301345.702823000000000;
202512;4683;2004002311;CAIXA;9748.840000000000000;
202512;4282;2004003065;COTAS;4485794.300000000000000;
202512;4683;2005000647;CAIXA;19837.330000000000000;
202512;4707;2018001329;COTAS;93978.010439000000000;
202512;4248;2009000838;COTAS;29718715.881064000000000;28206291000198
202512;4282;2004003065;COTAS;324988505.958825000000000;08983443000151
202512;4707;2018001892;COTAS;650444.903598000000000;
202512;4282;9970000000;TIT_PUB;4454708.150000000000000;
202512;4248;2011001919;COTAS;720069095.750500000000000;20726076000106
202512;4621;2011001765;COTAS;30465440.641179000000000;37821719000101
202512;4248;2020001683;VL_PG_RC;560868.140000000000000;
202512;4621;2022002318;VL_PG_RC;0.000000000000000;
202512;4652;2010004329;CAIXA;21484.070000000000000;
202512;4738;2013001347;TIT_PUB;86003935.260000000000000;
202512;4279;2016001992;CAIXA;127580.720000000000000;
202512;4683;2005000647;COTAS;37515776.192681000000000;
202512;4738;2021002519;VL_PG_RC;0.000000000000000;
202512;4741;2013001738;VL_PG_RC;-899.570000000000000;
202512;4707;2018001892;COTAS;1666434.827696000000000;
202512;4652;2010004329;COTAS;4118269.540002000000000;08998851000187
202512;4755;2015001247;COTAS;256415.562042000000000;
202512;4279;2016001992;COTAS;220394824.027061000000000;24249979000102
202512;4683;2007002965;CAIXA;1006.370000000000000;
202512;4755;2015001247;VL_PG_RC;0.000000000000000;
202512;4652;2024000029;CAIXA;1335.860000000000000;
202512;4755;2020002574;CAIXA;8502.350000000000000;
202512;4707;2018001892;COTAS;645535.632760000000000;
202512;4831;1974000583;OPERACAO_PARTICIPANTE;2106438.449962156100000;
202512;4755;9970000000;COTAS;1176294.762120000000000;61650236000168
202512;4707;2019003856;COTAS;4057648.178531000000000;
202512;4769;2015000429;VL_PG_RC;77987.190000000000000;
202512;4282;2004003065;COTAS;1067892.700000000000000;
202512;4707;2019003856;COTAS;131780.279547000000000;
202512;4368;9970000000;CAIXA;624776.450000000000000;
202512;4371;9970000000;VL_PG_RC;0.000000000000000;
202512;4385;2005006311;COTAS;88378161.860001000000000;
202512;4683;2019000792;COTAS;4661659.612495000000000;
202512;4683;2019000792;COTAS;8729111.067350000000000;29055966000108
202512;4707;2019003856;COTAS;1523199.495546000000000;
202512;4831;1981000283;VL_PG_RC;1967548.810000000000000;
202512;4409;9970000000;COTAS;1716334.849962000000000;
202512;4412;2006001329;COTAS;15801914.020612000000000;
202512;4831;1993000429;COTAS;5980.554247000000000;
202512;4412;2006001329;COTAS;46768937.730000000000000;46246589000103
202512;4791;2016001283;TIT_PUB;193074177.810000000000000;
202512;4801;2016001518;COTAS;81898993.703148000000000;
202512;4786;2016000856;COTAS;1700980.000000000000000;
202512;4368;2005004211;COTAS;52588410.855900000000000;
202512;4371;2005004911;VL_PG_RC;0.000000000000000;
202512;4831;2019001829;COTAS;763051154.047926000000000;20468585000186
202512;4707;2020002647;COTAS;894073.520536000000000;
202512;4707;2020000474;COTAS;833077.623796000000000;
202512;4683;9970000000;VL_PG_RC;0.000000000000000;
202512;4786;2018001019;CAIXA;312.730000000000000;
202512;4385;2005006311;CAIXA;66159.230000000000000;
202512;4707;2019003856;COTAS;32581.997101000000000;
202512;4409;2006000829;COTAS;80097.760000000000000;
202512;4666;2021002756;COTAS;50639036.502916000000000;59976505000139
202512;4786;2018001019;COTAS;45662.999945000000000;
202512;4683;1990001165;COTAS;25370610.749846000000000;10377941000100
202512;4683;2008000818;COTAS;2057353.781207000000000;
202512;4683;2008000818;COTAS;28965216.739712000000000;41287925000142
202512;4707;2020002647;COTAS;367471.479434000000000;
202512;4707;2020000474;COTAS;1051688.025892000000000;
202512;4426;9970000000;VL_PG_RC;-1174.630000000000000;
202512;4443;9970000000;COTAS;5458682.168741000000000;
202512;4786;9970000000;COTAS;397083.999638000000000;
202512;4707;2022001265;TIT_PUB;24332081.170000000000000;
202512;4683;2019000792;COTAS;501321.907123000000000;27696713000198
202512;4707;2020002647;COTAS;790330.736643000000000;
202512;4801;2016001518;COTAS;5265421.950021000000000;
202512;4461;2006005065;CAIXA;2562531.980000000000000;
202512;4683;2022001338;COTAS;148817.452118000000000;
202512;4707;2020000474;COTAS;5916.038847000000000;
202512;4707;9970000000;COTAS;26402789.167255000000000;
202512;4707;2013000138;COTAS;6593038.600000000000000;
202512;4801;2016001518;COTAS;11725386.819510000000000;
202512;4707;2013000138;COTAS;9407725.375986000000000;
202512;4724;2013000383;COTAS;345871041.095407000000000;41722175000190
202512;4461;2006005065;COTAS;997948087.720023000000000;08648690000100
202512;4801;2021000818;CAIXA;166.860000000000000;
202512;4707;2020002647;TIT_PUB;10995933.690000000000000;
202512;4827;2022002611;COTAS;1769108.386247000000000;
202512;4831;1974000583;CAIXA;5612.060000000000000;
202512;4801;9970000000;COTAS;70512.479973000000000;
202512;4711;2008002047;COTAS;23195011.642612000000000;46975866000119
202512;4707;2020000474;COTAS;289420.396338000000000;
202512;4813;2017000965;COTAS;8686067.601530000000000;
202512;4738;2013001347;CAIXA;51517.650000000000000;
202512;4831;2020000611;IMOVEIS;2003195.050000000000000;
202512;4711;2014000638;COTAS;21920995.106613000000000;46975834000113
202512;4844;2019000547;CAIXA;34772.310000000000000;
202512;4738;2013001347;COTAS;64755043.159359000000000;
202512;4501;2007002183;COTAS;11855554.879999000000000;19366069000161
202512;4724;2013000383;COTAS;182546410.200000000000000;
202512;4724;2013000383;TIT_PRIV;9492148.940000000000000;
202512;4738;2013001347;VL_PG_RC;0.000000000000000;
202512;4707;2013000138;COTAS;83134230.944607000000000;
202512;4501;9970000000;COTAS;104582.970001000000000;19366069000161
202512;4827;9970000000;COTAS;1554406.496627000000000;
202512;4738;2013001347;COTAS;42578705.025290000000000;
202512;4741;2013001738;COTAS;189101086.680651000000000;58806326000190
202512;4831;1988002729;IMOVEIS;820000.000000000000000;
202512;4844;2019000547;COTAS;24317904.295182000000000;
202512;4426;2007002329;CAIXA;58758.030000000000000;
202512;4707;2013000219;COTAS;8094946.850197000000000;
202512;4831;1998003647;IMOVEIS;13745289.490000000000000;
202512;4707;2013000138;COTAS;3063899.214126000000000;
202512;4707;2013000138;COTAS;42118762.037422000000000;
202512;4831;1998003647;COTAS;29449109.691742000000000;37452344000141
202512;4707;2013000219;COTAS;5783553.796092000000000;
202512;4831;2006006811;CAIXA;1815.860000000000000;
202512;4741;2013001738;COTAS;294752764.091241000000000;63660907000105
202512;4741;9970000000;COTAS;1453117.719523000000000;
202512;4707;2013000219;COTAS;37398773.374540000000000;
202512;4831;2020000611;COTAS;2969332.752349000000000;
202512;4707;2013002092;COTAS;6593038.600000000000000;
202512;4515;2007003538;COTAS;193249111.350012000000000;23216805000172
202512;4707;2020002647;COTAS;2806494.418423000000000;
202512;4831;2019001829;COTAS;10488924.336162000000000;
202512;4844;2019000547;COTAS;3077085.706405000000000;
202512;4738;2021002519;COTAS;109640.034347000000000;
202512;4831;2019001829;COTAS;93676943.118644000000000;20468746000131
202512;4861;9970000000;CAIXA;30952.230000000000000;
202512;4738;9970000000;COTAS;3387296.981892000000000;
202512;4529;2008002365;COTAS;1716070.692644000000000;
202512;4755;2014000311;COTAS;11718171.108040000000000;
202512;4707;2013002092;COTAS;5005354.480383000000000;
202512;4707;2013002092;COTAS;60754565.079907000000000;
202512;4532;2008004856;COTAS;13709709.265124000000000;
202512;4707;2020002647;COTAS;2507445.004595000000000;
202512;4443;1982002018;COTAS;499124574.425633000000000;12580631000106
202512;4529;2008002365;COTAS;447.017210000000000;
202512;4707;2013002092;COTAS;16328964.078148000000000;
202512;4546;2009000919;ACOES;126.410000000000000;
202512;4707;2018001329;COTAS;635178.694687000000000;
202512;4844;2019000547;COTAS;7657718.085373000000000;
202512;4707;2013000219;COTAS;21176140.416028000000000;
202512;4546;2009000919;CAIXA;827803.890000000000000;
202512;4529;2008002365;COTAS;6734202.423987000000000;
202512;4844;2019000547;TIT_PUB;65268470.590000000000000;
202512;4707;2013002092;CAIXA;152989.830000000000000;
202512;4755;2014000311;VL_PG_RC;0.000000000000000;
202512;4707;2020002647;COTAS;8682.029445000000000;
202512;4546;2009000919;COTAS;3648619.434606000000000;
202512;4755;2015001247;COTAS;1349783.812460000000000;61650236000168
202512;4707;2022001265;COTAS;961427.981667000000000;
202512;4546;2009000919;COTAS;5381287.966432000000000;
202512;4707;2018001329;COTAS;946094.230567000000000;
202512;4707;2022001265;COTAS;694978.788811000000000;
202512;4741;2013001738;COTAS;17581521.438802000000000;
202512;4858;2018002211;COTAS;70512.365597000000000;
202512;4711;2019003538;COTAS;2901100.329876000000000;46975866000119
202512;4707;2013002092;COTAS;6833166.482552000000000;
202512;4577;2008003892;COTAS;14435804.134923000000000;
202512;4711;2019003538;VL_PG_RC;283.390000000000000;
202512;4532;2008004856;VL_PG_RC;-0.860000000000000;
202512;4769;2015000429;COTAS;152610118.302546000000000;55536644000190
202512;4861;2019000474;COTAS;35589161.630002000000000;
202512;4577;2010001974;COTAS;500958.048054000000000;
202512;4875;2020002329;TIT_PUB;110806892.110000000000000;
202512;4577;2008003892;COTAS;4149740.584236000000000;
202512;4892;9970000000;COTAS;8988456.639060000000000;
202512;4707;2018001892;COTAS;3830552.921994000000000;
202512;4724;2013000383;ACOES;231674599.980000000000000;
202512;4707;2018001892;COTAS;682033.161724000000000;
202512;4947;1996003747;COTAS;105504044.345083000000000;
202512;4577;2010001974;COTAS;250714.045711000000000;
202512;4707;2019003856;COTAS;384646.485535000000000;
202512;4707;2019003856;COTAS;2307196.269354000000000;
202512;4831;2020000611;VL_PG_RC;1876185.270000000000000;
202512;4755;9970000000;CAIXA;500.660000000000000;
202512;4577;9970000000;COTAS;122392.697994000000000;
202512;4892;2021000583;TIT_PUB;54379185.030000000000000;
202512;4577;2010001974;COTAS;150783.859452000000000;
202512;4844;2019000547;COTAS;1452294.244434000000000;
202512;4769;2021001083;VL_PG_RC;-0.150000000000000;
202512;4947;1996003747;COTAS;26267137.590313000000000;
202512;4707;2018001329;COTAS;460895.103901000000000;
202512;4581;9970000000;COTAS;992556.149213000000000;41687175000104
202512;4707;2020002647;COTAS;366716.015828000000000;
202512;4844;2019000547;COTAS;1381299.989090000000000;
202512;4769;9970000000;CAIXA;650640.790000000000000;
202512;4707;2018001892;COTAS;1379774.813112000000000;
202512;4769;9970000000;COTAS;6416303.852956000000000;
202512;4581;1999000919;COTAS;63695.846510000000000;
202512;4581;9970000000;COTAS;8886408.054593000000000;11005764000196
202512;4604;2010002083;COTAS;12017928.900356000000000;
202512;4618;9970000000;CAIXA;70655.000000000000000;
202512;4892;2021002829;COTAS;1272764.701416000000000;
202512;4594;9970000000;CAIXA;97742.880000000000000;
202512;4652;2019001438;CAIXA;3046.450000000000000;
202512;4707;2020002647;COTAS;237800.032222000000000;
202512;4724;2013000618;COTAS;25729654.009293000000000;
202512;4666;2011000629;COTAS;89483613.280986000000000;
202512;4707;2018001892;COTAS;653790.859857000000000;
202512;4786;2018001019;COTAS;1595547.000039000000000;
202512;4604;2010002083;COTAS;4027025.197006000000000;
202512;4666;2021002756;COTAS;15564768.471333000000000;59982154000179
202512;4947;1996003747;COTAS;61387748.221853000000000;46685235000165
202512;4707;2019003856;COTAS;611193.359711000000000;
202512;4683;2005000647;COTAS;39658891.235213000000000;
202512;4707;2020000474;COTAS;121170.934169000000000;
202512;4769;9970000000;COTAS;4824237.220442000000000;
202512;4724;2013000618;OPERACAO_PARTICIPANTE;27838896.958235038200000;
202512;4947;1996003747;COTAS;291031759.559462000000000;51761747000101
202512;4711;2014000638;COTAS;10357315.974924000000000;46975866000119
202512;4724;2013000383;COTAS;34322600.040000000000000;
202512;4683;2022001338;COTAS;125972.363526000000000;
202512;4707;2013000138;COTAS;27759000.988800000000000;
202512;4707;2022001265;COTAS;7311900.327377000000000;
202512;4604;2010002083;COTAS;81955.508645000000000;
202512;4604;9970000000;COTAS;780919.787568000000000;
202512;4858;2018002211;COTAS;199889.562003000000000;
202512;4707;2013000138;COTAS;6244673.261898000000000;
202512;4707;2013000138;COTAS;4461598.649181000000000;
202512;4875;2020002329;CAIXA;698.660000000000000;
202512;4875;9970000000;CAIXA;12233.340000000000000;
202512;4707;2013000219;COTAS;2644228.010261000000000;
202512;4786;2016000856;COTAS;4169930.996181000000000;
202512;4786;2016000856;COTAS;2345901.000005000000000;
202512;4786;2018001019;COTAS;343915.999993000000000;
202512;4707;2022001265;COTAS;3813700.041777000000000;
202512;4707;2013000219;COTAS;55008689.916853000000000;
202512;4711;2018000519;COTAS;3503788.601219000000000;46975866000119
202512;4724;2013000383;COTAS;1269839684.648716000000000;
202512;4707;2013002092;COTAS;32817070.347599000000000;
202512;4707;2018001892;COTAS;2244904.652549000000000;
202512;4711;2019003538;CAIXA;35780.150000000000000;
202512;4738;2013001347;COTAS;14184819.422840000000000;
202512;4707;2018001892;VL_PG_RC;-26993.610000000000000;
202512;4741;2013001738;COTAS;128880155.036850000000000;58399655000164
202512;4707;2019003856;COTAS;3833634.534895000000000;
202512;4741;2013001738;COTAS;17464141.537000000000000;
202512;4892;9970000000;COTAS;3831053.646571000000000;
202512;4786;2018001019;COTAS;34981.999967000000000;
202512;4707;2019003856;COTAS;1462213.760875000000000;
202512;4786;2019000611;COTAS;488321.000075000000000;
202512;4707;2019003856;COTAS;2458265.083638000000000;
202512;4786;2024000347;COTAS;488699.000002000000000;
202512;4707;2020000474;COTAS;417244.220251000000000;
202512;4786;9970000000;CAIXA;2630.390000000000000;
202512;4707;2020000474;COTAS;230447.551951000000000;
202512;4791;2016001283;COTAS;3726705.450000000000000;
202512;4755;2014000311;TIT_PUB;6394022.860000000000000;
202512;4947;1996003747;CAIXA;830.800000000000000;
202512;4769;2015000429;COTAS;1213309.091000000000000;
202512;4786;2018001019;COTAS;97843.000033000000000;
202512;4707;2020002647;COTAS;3503063.784509000000000;
202512;4786;2019000611;COTAS;880084.000000000000000;
202512;4711;2008002047;COTAS;358199431.355910000000000;26324274000120
202512;4786;2024000347;COTAS;541472.002512000000000;
202512;4791;2016001283;COTAS;2610476.000000000000000;
202512;4791;2016001283;COTAS;918497.760001000000000;
202512;4786;2018001019;COTAS;1593803.998520000000000;
202512;4791;9970000000;VL_PG_RC;-2951.340000000000000;
202512;4711;2018000519;COTAS;10963809.180004000000000;26324274000120
202512;4801;9970000000;COTAS;4642763.960003000000000;
202512;4801;2016001518;COTAS;7397896.247390000000000;
202512;4801;9970000000;COTAS;71308.949996000000000;
202512;4801;2021000818;VL_PG_RC;0.000000000000000;
202512;4813;9970000000;COTAS;3301201.306407000000000;
202512;4801;9970000000;VL_PG_RC;0.000000000000000;
202512;4827;9970000000;VL_PG_RC;-1590.000000000000000;
202512;4786;2018001019;COTAS;63239.000002000000000;
202512;4724;9970000000;VL_PG_RC;0.000000000000000;
202512;4786;2018001019;COTAS;33039.999998000000000;
202512;4738;2013001347;COTAS;223736.617289000000000;
202512;4738;2021002519;COTAS;100918.220049000000000;
202512;4741;2013001738;COTAS;854550631.424567000000000;58805989000190
202512;4786;2019000611;COTAS;3075063.000005000000000;
202512;4813;2017000965;CAIXA;0.000000000000000;
202512;4755;2014000311;COTAS;15538734.011744000000000;
202512;4786;9970000000;COTAS;2464.999996000000000;
202512;4813;9970000000;CAIXA;1809.610000000000000;
202512;4791;9970000000;COTAS;1112774.230001000000000;
202512;4831;1988002729;COTAS;116605580.523151000000000;05058237000147
202512;4801;2016001518;COTAS;10829442.180257000000000;
202512;4831;1993000429;COTAS;1469819.413998000000000;15435379000130
202512;4618;2009002474;CAIXA;1201136.550000000000000;
202512;4769;2015000429;COTAS;1446423.180169000000000;
202512;4831;1981000283;COTAS;-495659.968321000000000;
202512;4786;2016000856;COTAS;8468542.001357000000000;
202512;4831;1981000283;COTAS;303544.742200000000000;
202512;4786;2018001019;COTAS;252393.000028000000000;
202512;4831;1981000283;COTAS;44150237.268939000000000;15435379000130
202512;4813;2017000965;COTAS;2848422.220429000000000;
202512;4831;1993000429;COTAS;120251408.562531000000000;62383089000170
202512;4831;1993000429;CAIXA;2074.750000000000000;
202512;4827;9970000000;COTAS;59093.679617000000000;
202512;4621;2010005392;CAIXA;193857.670000000000000;
202512;4831;1981000283;COTAS;894904074.207238000000000;05134438000186
202512;4947;9970000000;COTAS;3879098.638028000000000;51761747000101
202512;4791;2016001283;COTAS;7029309.210000000000000;
202512;4831;1998003647;COTAS;9281275.167188000000000;
202512;4831;1993000429;COTAS;929970.604332000000000;
202512;4801;2016001518;COTAS;7736839.808558000000000;
202512;4831;2006006811;COTAS;10965873.323055000000000;
202512;4831;2020000611;COTAS;311111946.476769000000000;62589720000191
202512;4786;2019000611;COTAS;27559.000001000000000;
202512;4831;2020000611;CAIXA;4565.770000000000000;
202512;4791;2016001283;COTAS;8658849.389995000000000;
202512;4844;2019000547;COTAS;5910894.710338000000000;
202512;4791;2020001047;COTAS;575176.610000000000000;
202512;4844;2019000547;COTAS;4387027.205562000000000;
202512;4813;2017000965;TIT_PUB;48871140.280000000000000;
202512;4791;2020001047;VL_PG_RC;-4.590000000000000;
202512;4892;2021000583;CAIXA;691.860000000000000;
202512;4813;9970000000;COTAS;3287668.049333000000000;
202512;4844;2019000547;COTAS;7253522.822230000000000;
202512;4858;2018002211;VL_PG_RC;-1934.360000000000000;
202512;4791;9970000000;COTAS;1902459.260001000000000;
202512;4892;2021002829;VL_PG_RC;-1086.970000000000000;
202512;4827;2018002465;TIT_PUB;24128694.610000000000000;
202512;4861;2019000474;COTAS;282556.040066000000000;
202512;4947;1996003747;COTAS;2072480419.412857000000000;51760661000156
202512;4875;9970000000;COTAS;901729.299712000000000;
202512;4892;2021000583;COTAS;18591044.006289000000000;
202512;4892;2021002829;COTAS;3062100.927610000000000;
202512;4813;2017000965;COTAS;20233705.442737000000000;
202512;4827;2019003465;COTAS;11048546.536808000000000;
202512;4649;2010003756;OPERACAO_PARTICIPANTE;5135791.340000000000000;
202512;4827;9970000000;CAIXA;163330.290000000000000;
202512;4649;9970000000;VL_PG_RC;0.000000000000000;
202512;4831;1981000283;IMOVEIS;11610000.000000000000000;
202512;4892;9970000000;COTAS;8800171.934470000000000;
202512;4827;2018002465;COTAS;2121333.239639000000000;
202512;4831;1993000429;COTAS;132029.621845000000000;
202512;4831;1993000429;OPERACAO_PARTICIPANTE;1647818.110000000000000;
202512;4827;2020000547;VL_PG_RC;0.000000000000000;
202512;4831;1998003647;COTAS;70614572.983357000000000;42774871000102
202512;4947;1996003747;COTAS;114833558.374404000000000;51527264000139
202512;4947;1996003747;COTAS;40744878.882884000000000;55575357000190
202512;4652;2010004574;COTAS;99824643.460001000000000;08998851000187
202512;4831;2006006811;COTAS;-16128.311159000000000;
202512;4707;2013000138;COTAS;12393493.663572000000000;
202512;4831;2006006811;TIT_PRIV;4982371.270000000000000;
202512;4707;2013000219;COTAS;53129982.499200000000000;
202512;4844;2019000547;COTAS;6619711.714966000000000;
202512;4707;2013000219;OPERACAO_PARTICIPANTE;2928240.549846708300000;
202512;4844;2019000547;COTAS;4279920.024012000000000;
202512;4831;1998003647;COTAS;151085610.315707000000000;15435379000130
202512;4947;9970000000;CAIXA;600.280000000000000;
202512;4707;2013002092;COTAS;21873666.701294000000000;
202512;4831;2019001829;COTAS;351015.122483000000000;
202512;4844;9970000000;COTAS;1475927.302668000000000;
202512;4707;2013002092;COTAS;368910756.330167000000000;
202512;4844;9970000000;COTAS;324799.089692000000000;
202512;4707;2013002092;COTAS;56105481.101742000000000;
202512;4844;9970000000;VL_PG_RC;-2133.250000000000000;
202512;4858;2018002211;COTAS;65493.031295000000000;
202512;4861;2019000474;CAIXA;70949.720000000000000;
202512;4947;9970000000;COTAS;7294492.645131000000000;51869529000187
202512;4831;2019001829;IMOVEIS;4984915.120000000000000;
202512;4844;9970000000;COTAS;1369163.558867000000000;
202512;4858;2018002211;COTAS;525757.797757000000000;
202512;4892;2021000583;COTAS;2970389.691202000000000;
202512;4875;2020002329;COTAS;7831354.373625000000000;
202512;4707;2018001329;COTAS;2367351.910596000000000;
202512;4875;2020002329;TIT_PRIV;1539135.120000000000000;
202512;4947;1996003747;COTAS;48155705.500000000000000;59051487000184
202512;4892;2021000583;COTAS;8766306.499018000000000;
202512;4707;2018001329;COTAS;936072.656676000000000;
202512;4707;2018001329;COTAS;4213609.353073000000000;
202512;4707;2018001892;COTAS;181088.657251000000000;
202512;4947;9970000000;COTAS;3967781.641958000000000;
202512;4707;2018001892;COTAS;617769.013794000000000;
202512;4707;2019003856;COTAS;947598.171195000000000;
202512;611;1984001019;CAIXA;13031.890000000000000;
202512;611;1984001019;COTAS;82630653.773302000000000;
202512;4707;2020000474;COTAS;2561740.793164000000000;
202512;611;1984001019;COTAS;45882925.216108000000000;
202512;4707;2020000474;COTAS;357824.840368000000000;
202512;611;1990000347;COTAS;70966.222339000000000;
202512;611;2006005383;COTAS;17115063.243792000000000;
202512;4707;2020002647;COTAS;715649.680736000000000;
202512;611;2006005383;TIT_PUB;102799591.890000000000000;
202512;611;2009002611;COTAS;14983964.369968000000000;
202512;611;2010004418;COTAS;119661114.659474000000000;
202512;611;2019002019;CAIXA;12000.000000000000000;
202512;4724;2013000383;TIT_PUB;9576158022.260000000000000;
202512;655;1970000147;ACOES;255503619.430000000000000;
202512;4724;2013000618;COTAS;15950629.214368000000000;42922268000120
202512;655;1970000147;COTAS;127304.159591000000000;
202512;655;1970000147;COTAS;2866988.587002000000000;11965107000190
202512;4738;2013001347;COTAS;64467322.809147000000000;
202512;655;1970000147;COTAS;5645193.854384000000000;20815620000196
202512;655;1970000147;COTAS;61429580.581409000000000;41902409000180
202512;4711;2008002047;CAIXA;351668.760000000000000;
202512;4741;2013001738;COTAS;1103706818.211437000000000;58736115000129
202512;4892;2021000583;COTAS;6627458.412742000000000;
202512;655;2000005918;COTAS;111317.318737000000000;41902409000180
202512;655;2002001911;COTAS;1572756.250219000000000;39997959000189
202512;4741;9970000000;COTAS;5033884.971864000000000;
202512;4724;2013000618;COTAS;38552632.000000000000000;
202512;4755;9970000000;COTAS;5163508.027399000000000;
202512;655;2003002383;COTAS;4722.403637000000000;10430028000112
202512;4724;2013000618;COTAS;17393048.400000000000000;
202512;655;2003002383;COTAS;206901.951529000000000;20815620000196
202512;4769;2015000429;CAIXA;58.190000000000000;
202512;4769;2015000429;COTAS;2485031.248364000000000;
202512;655;2003002456;COTAS;2303822.760537000000000;21397791000105
202512;4769;9970000000;COTAS;6554199.131559000000000;
202512;4786;2019000611;CAIXA;19975.850000000000000;
202512;4786;2019000611;COTAS;110079.999865000000000;
202512;4786;2019000611;COTAS;63642.000001000000000;
202512;4786;9970000000;COTAS;453342.000078000000000;
202512;4801;2016001518;COTAS;49016585.150372000000000;
202512;4801;2016001518;COTAS;48956198.079998000000000;
202512;4801;2016001518;COTAS;81842806.359985000000000;
202512;4801;9970000000;COTAS;28500.209961000000000;
202512;4813;2017000965;COTAS;2843613.474640000000000;
202512;4827;2018002465;COTAS;677023.200000000000000;
202512;4947;9970000000;VL_PG_RC;-8169.150000000000000;
202512;4831;1974000583;VL_PG_RC;53957.110000000000000;
202512;4831;2006006811;TIT_PUB;24863370.880000000000000;
202512;4831;9970000000;COTAS;6454660.331546000000000;15435379000130
202512;4844;2019000547;COTAS;3877061.242551000000000;
202512;4844;2019000547;VL_PG_RC;-6912.870000000000000;
202512;4861;2019000474;VL_PG_RC;-345.610000000000000;
202512;4861;9970000000;VL_PG_RC;-1684.660000000000000;
202512;4724;2013000618;COTAS;34508583.777190000000000;41722175000190
202512;655;2003002456;TIT_PUB;1065060141.580000000000000;
202512;655;2004002638;COTAS;3452039.807518000000000;60627509000190
202512;655;2004002638;COTAS;1796304.114692000000000;60823195000100
202512;655;2004002638;VL_PG_RC;-13032.860000000000000;
202512;655;2010000447;COTAS;10068334.239718000000000;39997959000189
202512;655;2010000447;COTAS;4357680.422926000000000;62992257000124
202512;655;2010001583;COTAS;1615928.880303000000000;32862118000115
202512;655;2010001583;TIT_PUB;144456.830000000000000;
202512;655;2010004019;COTAS;3628142.073185000000000;33255042000122
202512;4741;9970000000;COTAS;30056147.409125000000000;63660907000105
202512;4755;9970000000;COTAS;1409718.091504000000000;
202512;4755;9970000000;VL_PG_RC;0.000000000000000;
202512;4769;2015000429;COTAS;3748698.596312000000000;
202512;655;2018000292;ACOES;825693364.800000000000000;
202512;655;2021000011;COTAS;114639.657867000000000;
202512;4769;9970000000;COTAS;6402671.190679000000000;
202512;655;2021000011;COTAS;438055.396164000000000;23884799000121
202512;4892;9970000000;COTAS;5507505.623620000000000;
202512;4786;2016000856;VL_PG_RC;-4769.110000000000000;
202512;655;2021003183;ACOES;6388327.230000000000000;
202512;4786;2019000611;COTAS;158704.000001000000000;
202512;655;2021003183;COTAS;-30252.635128000000000;
202512;655;2021003183;COTAS;108907368.629201000000000;04118854000128
202512;4786;2019000611;COTAS;703266.000006000000000;
202512;655;2021003183;COTAS;7705397.764332000000000;60823195000100
202512;4786;2019000611;COTAS;180387.000000000000000;
202512;4791;2020001047;CAIXA;3078.860000000000000;
202512;686;2022001818;ACOES;4893574.430000000000000;
202512;4801;2016001518;COTAS;12259295.130000000000000;
202512;691;1981000429;ACOES;0.000000000000000;
202512;4801;2016001518;COTAS;17740148.040000000000000;
202512;691;1981000429;COTAS;-226630.402238000000000;
202512;4801;9970000000;COTAS;8791.059991000000000;
202512;691;2002004765;COTAS;245734429.868427000000000;35179107000123
202512;713;1998006174;COTAS;9713303.742936000000000;
202512;4813;2017000965;COTAS;16778281.742146000000000;
202512;727;9970000000;COTAS;16670120.153687000000000;
202512;731;2006005611;COTAS;423159.958844000000000;
202512;4827;2018002465;COTAS;3110410.389090000000000;
202512;731;2018001647;COTAS;18611416.903148000000000;59475324000129
202512;731;9970000000;CAIXA;11138.560000000000000;
202512;4831;1981000283;COTAS;10161340.740000000000000;
202512;758;2002002411;COTAS;852460803.027532000000000;
202512;4831;1993000429;COTAS;-2789.985266000000000;
202512;758;2002002411;COTAS;107047970.027496000000000;30453303000120
202512;758;2002002411;VL_PG_RC;-44852.400000000000000;
202512;792;1988000718;COTAS;8571875.089522000000000;
202512;792;1998000818;OPERACAO_PARTICIPANTE;192203.080000000000000;
202512;792;1998000974;COTAS;78785.086874000000000;
202512;792;1999002865;COTAS;1657780.297255000000000;
202512;792;1999003047;COTAS;743777.661366000000000;
202512;792;1999003047;COTAS;557288.629454000000000;
202512;792;1999003047;COTAS;1575008.231315000000000;
202512;792;1999003047;COTAS;656874.478347000000000;
202512;792;9970000000;COTAS;50233691.883845000000000;
202512;802;2003001956;COTAS;15886677.830958000000000;
202512;802;9970000000;CAIXA;32467.420000000000000;
202512;802;9970000000;COTAS;1582515.814811000000000;
202512;802;9970000000;TIT_PUB;15331732.430000000000000;
202512;864;2022000692;VL_PG_RC;0.000000000000000;
202512;864;2023000483;COTAS;21490.703778000000000;
202512;878;1999003918;COTAS;89930.654866000000000;
202512;881;1994000929;TIT_PUB;325343107.430000000000000;
202512;881;1999004256;TIT_PUB;3168537971.500000000000000;
202512;881;2000003974;CAIXA;4733.380000000000000;
202512;881;2000003974;TIT_PUB;265325534.230000000000000;
202512;881;2002001065;TIT_PUB;79883034.440000000000000;
202512;881;2008001619;COTAS;13336.381298000000000;
202512;881;9970000000;CAIXA;59650.480000000000000;
202512;881;9970000000;IMOVEIS;45491371.900000000000000;
202512;895;1985000792;IMOVEIS;41196440.000000000000000;
202512;4831;1998003647;CAIXA;73123.290000000000000;
202512;895;2000002511;ACOES;6821247.990000000000000;
202512;895;2014002118;VL_PG_RC;-72091.960000000000000;
202512;895;2021003574;COTAS;57723.059860000000000;59334008000137
202512;919;9970000000;COTAS;13214060.741314000000000;18686761000104
202512;922;2013000847;COTAS;54277290.116897000000000;
202512;4831;1998003647;COTAS;2847641.205497000000000;
202512;4831;1998003647;VL_PG_RC;39197.820000000000000;
202512;4831;2006006811;COTAS;328943947.961342000000000;20468746000131
202512;4831;2019001829;COTAS;1144058.447239000000000;
202512;4831;2019001829;VL_PG_RC;-789780.620000000000000;
202512;4831;2020000611;COTAS;14728.444569000000000;
202512;4831;2020000611;COTAS;6074196.487315000000000;15435379000130
202512;922;2017001392;OPERACAO_PARTICIPANTE;836057.490000000000000;
202512;936;1990001483;CAIXA;49198.910000000000000;
202512;4831;2025000138;VL_PG_RC;-296.490000000000000;
202512;936;1998003256;COTAS;2228106.959984000000000;
202512;936;2022002792;VL_PG_RC;-51.750000000000000;
202512;4831;9970000000;COTAS;30673259.236904000000000;20468585000186
202512;941;1980001618;COTAS;10370413.167180000000000;
202512;941;1980001618;COTAS;19810491.976237000000000;
202512;4858;9970000000;CAIXA;19906.160000000000000;
202512;941;1998007774;COTAS;32247078.605764000000000;
202512;4861;2019000474;COTAS;8450274.550001000000000;
202512;4861;2019000474;COTAS;3943364.789951000000000;
202512;941;1998007774;IMOVEIS;20714446.580000000000000;
202512;4875;2020002329;COTAS;4473110.418998000000000;
202512;953;1976000238;CAIXA;13834.160000000000000;
202512;967;1991001029;ACOES;1965639.560000000000000;
202512;4892;2021002829;COTAS;2496338.065745000000000;
202512;967;2000000819;COTAS;8549116.650769000000000;10462501000143
202512;4892;9970000000;CAIXA;228.810000000000000;
202512;967;2000001947;VL_PG_RC;18141.740000000000000;
202512;967;9970000000;VL_PG_RC;-2049705.250000000000000;
202512;971;2000006711;COTAS;9965969.243212000000000;
202512;971;2000006711;COTAS;4808804.738583000000000;
202512;984;1981000992;COTAS;3140509.794069000000000;
202512;984;1990001629;COTAS;70742.669088000000000;
202512;984;1990001629;COTAS;808312.390406000000000;
202512;984;1994002883;COTAS;293724.132825000000000;
202512;984;2005001538;COTAS;1135571.478313000000000;
202512;4947;1996003747;COTAS;321031871.650042000000000;51869529000187
202512;984;2017001211;COTAS;20653006.115978000000000;
202512;984;2017001211;COTAS;34308207.922335000000000;
202512;984;2017001211;COTAS;1975716.541780000000000;
202512;984;2017001211;COTAS;3017205.699071000000000;
202512;998;1988001129;CAIXA;39160.660000000000000;
202512;998;1988001129;IMOVEIS;254161492.630000000000000;
202512;1033;1975000218;OPERACAO_PARTICIPANTE;4860139.467749644000000;
202512;1033;1975000218;TIT_PUB;932273090.380000000000000;
202512;1033;1979003556;ACOES;203294181.520000000000000;
202512;1033;1979003556;COTAS;8719406.800000000000000;
202512;1033;1979003556;VL_PG_RC;-1221459.090000000000000;
202512;1033;1996003674;COTAS;23510069.602316000000000;
202512;1033;1996003674;COTAS;42708808.970433000000000;
202512;1033;1996003674;COTAS;5054668.703970000000000;
202512;1033;1996003674;COTAS;3641636.481834000000000;
202512;1033;2000007538;COTAS;2754098.000000000000000;
202512;1033;2000007538;COTAS;1231389.600000000000000;
202512;1033;9970000000;COTAS;78931626.129645000000000;18000701000196
202512;1051;1991001411;COTAS;52569502.024817000000000;
202512;1078;1984000918;COTAS;19473655.256296000000000;
202512;1078;1984000918;COTAS;27389754.212602000000000;
202512;1081;1979004447;COTAS;539852885.590780000000000;
202512;4947;1996003747;OPERACAO_PARTICIPANTE;87822792.635971250900000;
202512;1081;1979004447;IMOVEIS;12222637.420000000000000;
202512;1081;1979004447;OPERACAO_PARTICIPANTE;42834277.103293000000000;
202512;1081;2002001456;ACOES;13724310.300000000000000;
202512;1081;2005000329;ACOES;172417.290000000000000;
202512;1081;2005000329;VL_PG_RC;-45788.420000000000000;
202512;1081;2006000365;TIT_PRIV;30401.070000000000000;
202512;1081;2010004256;COTAS;17455.771095000000000;
202512;1081;2010004256;COTAS;173364441.451166000000000;
202512;1081;2016002311;COTAS;3781302.531257000000000;
202512;1105;1997003147;COTAS;1265299.654202000000000;
202512;1105;2010001265;COTAS;110026.053962000000000;
202512;1105;2010001265;COTAS;7397032.591161000000000;
202512;1105;9970000000;CAIXA;6761.250000000000000;
202512;1105;9970000000;COTAS;11013550.635282000000000;48966312000180
202512;1171;9970000000;CAIXA;945.570000000000000;
202512;1171;9970000000;COTAS;5064760.033519000000000;
202512;1198;1998003019;COTAS;10368464.053745000000000;
202512;1198;1998003019;VL_PG_RC;520665.810000000000000;
202512;1198;2019001111;CAIXA;153978.290000000000000;
202512;1198;9970000000;COTAS;5600293.589625000000000;
202512;1208;1979005265;IMOVEIS;144182942.780000000000000;
202512;1208;1998001474;ACOES;11305402.880000000000000;
202512;1208;9970000000;VL_PG_RC;0.000000000000000;
202512;1225;1979002347;VL_PG_RC;0.000000000000000;
202512;1239;1979002819;COTAS;1061336859.359723000000000;09075529000149
202512;1239;1979002819;COTAS;736340888.144099000000000;12580504000107
202512;1239;1979002983;VL_PG_RC;-65542.950000000000000;
202512;1239;1982002174;IMOVEIS;4042560.750000000000000;
202512;1239;1995003311;COTAS;268331661.544955000000000;
202512;1239;2018000918;VL_PG_RC;-177.580000000000000;
202512;1242;1985001683;ACOES;208676.010000000000000;
202512;1242;1985001683;COTAS;557572.330000000000000;
202512;1242;1985001683;COTAS;7797019.041672000000000;
202512;1242;1985001683;VL_PG_RC;-88211.990000000000000;
202512;1242;2021001792;COTAS;6153096.895886000000000;
202512;1273;1985000229;TIT_PUB;307449.780000000000000;
202512;1359;1991002165;COTAS;5996560.420345000000000;
202512;1359;1991002165;OPERACAO_PARTICIPANTE;1418844.060000000000000;
202512;1359;1991002238;COTAS;269819.352863000000000;
202512;1359;1991002238;COTAS;96502260.387836000000000;
202512;1359;1991002238;VL_PG_RC;-112195.230000000000000;
202512;1403;1981000747;COTAS;826754.959148000000000;
202512;1403;2000008038;COTAS;2686725.057589000000000;
202512;1403;2000008038;COTAS;5785238.456910000000000;
202512;1403;2000008038;COTAS;1234052.609710000000000;
202512;1403;9970000000;TIT_PRIV;11055.130000000000000;
202512;1434;1986000192;TIT_PUB;186241551.560000000000000;
202512;1434;1997000474;COTAS;11992288.053412000000000;
202512;1434;2000006965;COTAS;1000.000000000000000;
202512;1434;2015000747;COTAS;2132338.291968000000000;
202512;1434;2015000747;VL_PG_RC;-604.760000000000000;
202512;1451;2022001974;CAIXA;807.930000000000000;
202512;1451;9970000000;COTAS;9484967.077961000000000;
202512;1479;1997002711;COTAS;76209091.880991000000000;52152426000164
202512;1479;1997002892;COTAS;11152009.842613000000000;
202512;1479;2012000738;COTAS;138445.286023000000000;
202512;1479;2012000738;COTAS;1934626.991039000000000;
202512;1482;1979005411;VL_PG_RC;-189.490000000000000;
202512;1482;1982003138;COTAS;7423887.905299000000000;
202512;1482;1987001192;CAIXA;3896413.720000000000000;
202512;1482;1987001192;COTAS;16224099.679295000000000;
202512;1482;1989001238;COTAS;660975.027333000000000;
202512;1482;1989002374;VL_PG_RC;-15.520000000000000;
202512;1482;1992001847;VL_PG_RC;990.350000000000000;
202512;1482;1993001565;VL_PG_RC;-5318.390000000000000;
202512;1482;1993001956;VL_PG_RC;999.550000000000000;
202512;1482;1994004274;VL_PG_RC;-13247.440000000000000;
202512;1482;1995000256;VL_PG_RC;-1614.250000000000000;
202512;1482;1995001856;COTAS;51922.113467000000000;
202512;1482;1996002538;VL_PG_RC;-1492.140000000000000;
202512;1482;1997000156;VL_PG_RC;861.440000000000000;
202512;1482;1998003418;TIT_PUB;2018887.550000000000000;
202512;1482;1998003892;COTAS;12114117.092621000000000;31032327000179
202512;1482;1998004392;COTAS;3787487.055205000000000;31032327000179
202512;1482;2001000383;COTAS;7497714.746696000000000;
202512;1482;2003001174;COTAS;1402346.812917000000000;
202512;1482;2004000392;OPERACAO_PARTICIPANTE;255297.860000000000000;
202512;1482;2004000465;OPERACAO_PARTICIPANTE;3978728.640000000000000;
202512;1482;2004000538;CAIXA;11862492.710000000000000;
202512;1482;2004001518;VL_PG_RC;-53706.410000000000000;
202512;1482;2005004456;CAIXA;0.000000000000000;
202512;1482;2005005665;COTAS;29968715.332720000000000;
202512;1482;2007002711;COTAS;37189463.049356000000000;
202512;1482;2008000265;COTAS;12164944.760305000000000;
202512;1482;2008002438;CAIXA;0.000000000000000;
202512;1482;2010003829;COTAS;1096361.197818000000000;
202512;1482;2011001129;VL_PG_RC;538.690000000000000;
202512;1482;2011002011;COTAS;4177268.533808000000000;
202512;1482;9970000000;CAIXA;0.000000000000000;
202512;1506;9970000000;VL_PG_RC;0.000000000000000;
202512;1511;9970000000;VL_PG_RC;-0.010000000000000;
202512;1523;1977000274;COTAS;3284424.840000000000000;
202512;1523;1977000274;COTAS;53622282.239616000000000;
202512;1523;1977000274;COTAS;1239924.268835000000000;
202512;1523;1977000274;COTAS;2136789.182405000000000;03191766000199
202512;1523;1977000274;COTAS;3559521.374335000000000;16877602000161
202512;1523;1998004465;COTAS;4014509.929945000000000;
202512;1523;1998004465;COTAS;-6428.098852000000000;
202512;1523;1998004465;COTAS;1598870.400000000000000;
202512;1523;2006003674;COTAS;6495.099368000000000;
202512;1523;2006003674;COTAS;26923905.369807000000000;
202512;1523;2006003674;COTAS;1268021043.123225000000000;27455174000103
202512;1523;2006003674;COTAS;709638269.375060000000000;60094635000127
202512;1523;9970000000;COTAS;60506251.500948000000000;14120553000192
202512;1523;9970000000;COTAS;10092549.847306000000000;52982641000192
202512;1523;9970000000;COTAS;2787857.340647000000000;59574097000199
202512;1537;1980001774;COTAS;30090818.124078000000000;
202512;1537;9970000000;COTAS;3896510.281079000000000;
202512;1541;1986000656;COTAS;3233690.091503000000000;
202512;1554;1978000456;OPERACAO_PARTICIPANTE;455571.840000000000000;
202512;1585;2006000911;CAIXA;925386.770000000000000;
202512;1657;1987001338;CAIXA;2438.790000000000000;
202512;1661;9970000000;CAIXA;4418.780000000000000;
202512;1661;9970000000;COTAS;454459.459987000000000;
202512;1674;1989002056;COTAS;398811.449716000000000;
202512;1674;2014000492;COTAS;4096421.200262000000000;
202512;1674;2015000356;COTAS;1496767.446975000000000;
202512;1674;2015000356;COTAS;253820.330963000000000;
202512;1674;2016000783;COTAS;548139.836149000000000;
202512;1674;2016000783;COTAS;1981610.988559000000000;
202512;1674;2016000783;TIT_PRIV;370074.090000000000000;
202512;1674;2019001918;COTAS;8850365.177473000000000;
202512;1674;9970000000;VL_PG_RC;-210.130000000000000;
202512;1688;2021000419;VL_PG_RC;-10633.700000000000000;
202512;1701;1999000838;COTAS;10468340.336613000000000;
202512;1715;1979000174;COTAS;2810274.520217000000000;
202512;1715;1979000174;COTAS;12547883.722779000000000;
202512;1715;1979000174;COTAS;419415.345171000000000;
202512;1715;2008004619;COTAS;4085695.763199000000000;
202512;1715;2008004619;COTAS;30478655.676674000000000;
202512;1715;2008004619;OPERACAO_PARTICIPANTE;69492842.759694901800000;
202512;1715;2008004619;TIT_PUB;515279066.800000000000000;
202512;1715;9970000000;COTAS;2393927.707023000000000;
202512;1715;9970000000;COTAS;2321219.326932000000000;
202512;1746;1982003065;COTAS;9760605.865949000000000;
202512;1763;1990000819;COTAS;3569251.409157000000000;
202512;1763;1990000819;COTAS;4317213.591522000000000;
202512;1763;9970000000;CAIXA;7044.920000000000000;
202512;1781;1904000118;COTAS;728515619.339550000000000;05832319000105
202512;1781;1980000174;COTAS;69524057.460000000000000;
202512;1781;1980000174;TIT_PRIV;280217982.400000000000000;
202512;1781;1998003574;COTAS;6681436861.801683000000000;19294570000160
202512;1794;1981001956;COTAS;50634395.143557000000000;
202512;1818;9970000000;VL_PG_RC;0.000000000000000;
202512;1852;1985001047;COTAS;222625689.086160000000000;17329754000192
202512;1852;9970000000;CAIXA;13798.720000000000000;
202512;1883;2006003356;COTAS;163945510.594414000000000;
202512;1911;1997003211;COTAS;11727961.770150000000000;
202512;1911;1997003211;COTAS;13645144.358782000000000;52277799000161
202512;1911;1997003211;VL_PG_RC;-161044.250000000000000;
202512;1911;1998005518;TIT_PUB;238541946.130000000000000;
202512;1911;2000006183;COTAS;7668908.129109000000000;57235960000158
202512;1911;2005004847;COTAS;7685356.247297000000000;50069086000187
202512;1911;2006001411;COTAS;1002180.368140000000000;52277799000161
202512;1911;2006001411;VL_PG_RC;-43129.460000000000000;
202512;1911;2006005847;COTAS;2521926.248317000000000;25401546000185
202512;1911;2007001292;COTAS;2176739.921016000000000;
202512;1911;2007001292;COTAS;904311.262874000000000;
202512;1911;2009003365;COTAS;5050428.809550000000000;52277799000161
202512;1911;2013001274;COTAS;573326.714889000000000;21791224000139
202512;1911;2015000674;COTAS;138235.308262000000000;
202512;1911;2018001711;COTAS;1070875.900524000000000;42479278000133
202512;1924;1989000274;COTAS;6531349.251442000000000;
202512;1924;9970000000;CAIXA;2368.070000000000000;
202512;1924;9970000000;COTAS;29494.783302000000000;
202512;1969;1999004019;COTAS;60326487.953892000000000;03369970000157
202512;1969;1999004019;COTAS;252311585.741926000000000;46205976000100
202512;1969;9970000000;COTAS;110791.808669000000000;17898668000109
202512;1972;2005001783;COTAS;11901532.115636000000000;
202512;1972;2005001783;COTAS;154658031.986168000000000;
202512;1972;2005001783;COTAS;43297964.903663000000000;11090936000177
202512;1972;2007000229;COTAS;591317.566700000000000;
202512;1972;2007000229;COTAS;12381961.183806000000000;
202512;1972;2007000229;COTAS;35427119.512218000000000;
202512;1972;9970000000;COTAS;11264676.834676000000000;
202512;1972;9970000000;COTAS;1593353.374750000000000;
202512;1991;9970000000;COTAS;1449013.124069000000000;
202512;2021;1991001274;TIT_PUB;53597603.220000000000000;
202512;2066;1974000192;COTAS;13515884.398555000000000;
202512;2066;1974000192;COTAS;170268431.014268000000000;
202512;4131;2017000647;VL_PG_RC;1788400.050000000000000;
202512;2066;1974000192;COTAS;815286.864268000000000;
202512;4131;2023001218;CAIXA;1543.410000000000000;
202512;2066;1974000192;OPERACAO_PARTICIPANTE;903032.879964289300000;
202512;2071;1986000583;CAIXA;49042.380000000000000;
202512;4176;9970000000;CAIXA;48613.320000000000000;
202512;2071;1986000583;COTAS;100545947.144968000000000;05164325000123
202512;2071;9970000000;CAIXA;11686.230000000000000;
202512;4181;2004000147;COTAS;163513816.823687000000000;05508550000130
202512;2083;2000008283;CAIXA;25992.040000000000000;
202512;2083;2000008283;COTAS;145706936.112959000000000;09296055000165
202512;4203;2000001319;OPERACAO_PARTICIPANTE;137927.880000000000000;
202512;2083;2011002265;CAIXA;4060.000000000000000;
202512;2083;2019002329;COTAS;19353150.688966000000000;09296055000165
202512;4203;2000002838;COTAS;470252550.437416000000000;55894074000100
202512;2138;9970000000;VL_PG_RC;0.000000000000000;
202512;2169;1972000111;CAIXA;80128.310000000000000;
202512;2169;1972000111;COTAS;8139.752450000000000;
202512;4203;2000002838;IMOVEIS;41893336.320000000000000;
202512;2169;1972000111;IMOVEIS;146277000.000000000000000;
202512;2213;1991002483;COTAS;1979805.171301000000000;
202512;4203;2000006574;COTAS;5014318.569556000000000;03102070000149
202512;2231;1982002883;CAIXA;9978.290000000000000;
202512;2231;1982002883;COTAS;92865.810761000000000;
202512;4203;2000006574;COTAS;11523325.016903000000000;40170889000170
202512;2231;1992000956;OPERACAO_PARTICIPANTE;68041.599997251400000;
202512;4203;2004000929;COTAS;11073364.680576000000000;40189280000142
202512;4217;1997000792;CAIXA;1761.840000000000000;
202512;2231;1994001518;VL_PG_RC;-3210.790000000000000;
202512;2231;2008003019;COTAS;578.810446000000000;
202512;4217;2012001238;VL_PG_RC;-1199.080000000000000;
202512;4217;2022000919;COTAS;3978777.288014000000000;
202512;4217;2022000919;VL_PG_RC;-1644.080000000000000;
202512;4221;2005000892;COTAS;11483509.488780000000000;
202512;4221;2006004247;COTAS;10991354.412847000000000;
202512;4221;2011002419;COTAS;73266.193842000000000;
202512;4221;2012001629;COTAS;498846.983350000000000;
202512;4221;2012001629;COTAS;480292.870216000000000;
202512;4221;2012001874;COTAS;4692518.078889000000000;
202512;4221;2012001874;COTAS;20844056.793052000000000;
202512;4221;2012001874;COTAS;2397874.116973000000000;
202512;4221;2012001874;COTAS;2308687.594596000000000;
202512;4248;2014001847;COTAS;224888786.280057000000000;21595984000170
202512;4248;2020001683;COTAS;11514622.096322000000000;18936232000111
202512;4248;2020001683;COTAS;2986234.840796000000000;20726061000148
202512;4282;2004003065;COTAS;4725116.090001000000000;
202512;4282;2004003065;VL_PG_RC;-2264.210000000000000;
202512;4368;2005004211;COTAS;84513213.649261000000000;11392037000129
202512;4368;2005004211;COTAS;323562378.915887000000000;46373036000111
202512;4368;2005004211;COTAS;352888560.782509000000000;47541133000139
202512;4412;2006001329;COTAS;33465207.623506000000000;
202512;4426;2006003111;COTAS;414688.156002000000000;
202512;2231;2008003019;COTAS;83464.782984000000000;
202512;2231;2010002229;CAIXA;1135893.150000000000000;
202512;2231;2013001665;COTAS;358158.346681000000000;
202512;2231;2019003074;COTAS;4819.027498000000000;
202512;2258;1990000118;COTAS;7761100.690000000000000;
202512;2258;1990000118;COTAS;1173158.334413000000000;
202512;2258;1990000118;COTAS;643972.576021000000000;
202512;2258;1990000118;COTAS;203605.292946000000000;
202512;4426;2007002329;TIT_PRIV;1370364969.770000000000000;
202512;2258;1990000118;COTAS;2152917.003642000000000;
202512;2258;1992000565;COTAS;109986.369543000000000;
202512;4443;1982002018;COTAS;642664851.551554000000000;12558695000100
202512;2258;1992000719;COTAS;549237.024485000000000;
202512;4443;1982002018;VL_PG_RC;0.000000000000000;
202512;2258;1992000719;VL_PG_RC;-178469.670000000000000;
202512;4515;2007003538;COTAS;225410318.509999000000000;09188149000110
202512;2258;1993003029;CAIXA;11604.260000000000000;
202512;2258;1993003811;COTAS;11128670.705667000000000;50625158000125
202512;2258;1994001747;COTAS;1440593.214033000000000;50620435000107
202512;2258;1994003138;COTAS;21458772.192618000000000;04052631000105
202512;2258;1995000183;COTAS;7523626.004841000000000;51059844000149
202512;2258;1995003174;COTAS;4162471.246490000000000;50620435000107
202512;2258;1995003719;COTAS;13798.607356000000000;
202512;2258;1998006956;COTAS;114225.163523000000000;
202512;4529;2008002365;COTAS;6502344.071366000000000;
202512;2258;1999003829;COTAS;10964480.584055000000000;50625158000125
202512;2258;2006001647;COTAS;229237524.407196000000000;07892341000168
202512;4529;2008002365;COTAS;4703025.593555000000000;
202512;4529;2008002365;TIT_PRIV;41634092.590000000000000;
202512;2258;2006001647;TIT_PUB;45091578.550000000000000;
202512;4546;2009000919;COTAS;2699117.526583000000000;
202512;2258;2006006111;COTAS;473414.693536000000000;
202512;2258;2006006111;COTAS;257946314.793789000000000;50620572000141
202512;4546;2009000919;COTAS;2719320.818862000000000;
202512;4546;2009000919;COTAS;5389246.430864000000000;
202512;4546;9970000000;TIT_PUB;269597.450000000000000;
202512;4577;2008003892;COTAS;4192040.207249000000000;
202512;4581;1999000919;COTAS;136755770.346882000000000;62192415000161
202512;4604;2010002083;CAIXA;38153.410000000000000;
202512;4604;2010002083;COTAS;6150895.886355000000000;
202512;4621;2010002318;VL_PG_RC;-1591.140000000000000;
202512;4621;2010005392;COTAS;52260666.500000000000000;61347280000101
202512;4621;2022002083;VL_PG_RC;-1192.690000000000000;
202512;4652;2019001438;COTAS;1043156.420001000000000;08998851000187
202512;4652;2019001438;VL_PG_RC;-1327.280000000000000;
202512;4652;9970000000;COTAS;2262198.949873000000000;
202512;4683;2005000647;COTAS;1843345.843597000000000;
202512;4683;2008000818;COTAS;21039608.339793000000000;27696713000198
202512;4683;2019000792;COTAS;58878.673877000000000;41287925000142
202512;4683;2022001338;VL_PG_RC;-41108.580000000000000;
202512;4707;2013000138;COTAS;4460759.190000000000000;
202512;4707;2013000138;COTAS;2737016.453602000000000;
202512;4707;2013000138;COTAS;46701983.530632000000000;
202512;4707;2013000219;COTAS;5604290.000000000000000;
202512;4707;2013000219;COTAS;4729830.378733000000000;
202512;4707;2013000219;COTAS;5204222.750000000000000;
202512;4707;2013000219;COTAS;4493144.281749000000000;
202512;4707;2013000219;COTAS;35764273.091580000000000;
202512;4707;2013002092;COTAS;14452934.991592000000000;
202512;4707;2018001329;COTAS;330782.858872000000000;
202512;4707;2018001329;COTAS;721070.986266000000000;
202512;4707;2018001892;COTAS;594738.544932000000000;
202512;4707;2018001892;COTAS;776450.676695000000000;
202512;4707;2018001892;COTAS;2993878.512854000000000;
202512;4707;2018001892;COTAS;405217.500242000000000;
202512;4707;2020002647;COTAS;2625808.546983000000000;
202512;4707;2022001265;COTAS;7874888.739697000000000;
202512;4711;2018000519;CAIXA;10554.990000000000000;
202512;4741;2013001738;CAIXA;619208.860000000000000;
202512;4741;2013001738;COTAS;195063614.252292000000000;58808244000185
202512;4741;2013001738;COTAS;327983787.312640000000000;58809176000179
202512;4741;9970000000;COTAS;12338367.192603000000000;61861865000137
202512;4755;2015001247;CAIXA;3092.560000000000000;
202512;4755;2020002574;COTAS;178887.609243000000000;
202512;2258;2007000547;VL_PG_RC;-1210.770000000000000;
202512;4755;2020002574;VL_PG_RC;0.000000000000000;
202512;2258;2007002892;COTAS;15372.293170000000000;
202512;4755;9970000000;COTAS;1944266.990746000000000;
202512;4755;9970000000;COTAS;1493754.827900000000000;62502136000157
202512;2258;2007003211;COTAS;27589763.493094000000000;50620435000107
202512;4786;9970000000;COTAS;1928393.000002000000000;
202512;4791;2016001283;COTAS;9446745.469560000000000;
202512;2258;2007003211;VL_PG_RC;-61538.560000000000000;
202512;2258;2008001792;OPERACAO_PARTICIPANTE;622927.120000000000000;
202512;4801;2016001518;COTAS;9893204.979999000000000;
202512;2258;2010001656;COTAS;76404.209294000000000;
202512;2258;2010005783;COTAS;1433973.542621000000000;50634601000124
202512;4801;2016001518;COTAS;14238024.709982000000000;
202512;2258;2014000719;COTAS;22016827.107311000000000;50620819000120
202512;2258;2015000518;COTAS;18766433.439272000000000;04052631000105
202512;4801;9970000000;COTAS;249436.789999000000000;
202512;2258;2016001119;COTAS;1066403.490043000000000;04052631000105
202512;4813;2017000965;COTAS;5582130.353652000000000;
202512;2258;2016001119;VL_PG_RC;-1213.170000000000000;
202512;4827;2018002465;COTAS;3491220.067829000000000;
202512;2258;2018001256;VL_PG_RC;-86648.700000000000000;
202512;4827;2018002465;COTAS;1971229.338104000000000;
202512;2258;2019001365;COTAS;41574330.969268000000000;50620435000107
202512;4827;2022002611;VL_PG_RC;-2476.760000000000000;
202512;4831;1981000283;OPERACAO_PARTICIPANTE;10806077.630095726700000;
202512;2258;2019003211;COTAS;58959.640595000000000;50620435000107
202512;4831;1998003647;OPERACAO_PARTICIPANTE;30607991.151094806700000;
202512;4831;2006006811;COTAS;1136110.907876000000000;
202512;2258;2019003211;COTAS;1178750.132813000000000;50634860000155
202512;2258;2020001111;COTAS;26347069.078339000000000;50634860000155
202512;2258;2020002019;COTAS;37357316.985427000000000;50620290000144
202512;4831;2006006811;VL_PG_RC;6520882.730000000000000;
202512;4831;2019001829;COTAS;97498509.469840000000000;42774871000102
202512;4831;2020000611;COTAS;-4665.078263000000000;
202512;4831;9970000000;CAIXA;112227.960000000000000;
202512;4844;9970000000;COTAS;1303579.432926000000000;
202512;4892;9970000000;COTAS;5099258.704363000000000;
202512;4947;1996003747;COTAS;45071155.031860000000000;
202512;4947;1996003747;COTAS;92981004.244492000000000;57888197000164
202512;2258;2020002019;COTAS;205965119.305666000000000;51079513000170
202512;2258;2020002892;COTAS;977199.138261000000000;
202512;2258;2023001129;COTAS;3002405.415032000000000;50620290000144
202512;2292;1990002129;COTAS;59983.295070000000000;
202512;2292;1998002756;COTAS;1973949.900000000000000;
202512;2292;1998002756;COTAS;245866785.849014000000000;
202512;2292;1998002829;COTAS;12464070.335947000000000;
202512;2292;2016000392;CAIXA;163182.810000000000000;
202512;2292;2018002538;COTAS;1302908.438136000000000;
202512;2292;2018002538;OPERACAO_PARTICIPANTE;6639111.489192000000000;
202512;2316;1979000719;CAIXA;1857.760000000000000;
202512;2316;1979000719;COTAS;2654301.795116000000000;
202512;2316;2015001311;COTAS;881745169.063421000000000;27292841000176
202512;2316;2023001447;CAIXA;742.610000000000000;
202512;2316;2023001447;COTAS;241746.297268000000000;
202512;2316;9970000000;TIT_PUB;9671324.400000000000000;
202512;2333;1992001065;COTAS;11948935.895476000000000;
202512;2333;1992001065;OPERACAO_PARTICIPANTE;55342420.310000000000000;
202512;2395;1994001811;CAIXA;393685.320000000000000;
202512;2395;1994001811;COTAS;4323859.378058000000000;
202512;2395;1994001811;COTAS;11180829.999160000000000;
202512;2422;1982001356;IMOVEIS;13561.330000000000000;
202512;2422;1994003383;COTAS;2578905.134172000000000;14205056000197
202512;2422;2002003718;IMOVEIS;981925.420000000000000;
202512;2422;2002004374;CAIXA;11041.760000000000000;
202512;2422;2002004374;IMOVEIS;59294.700000000000000;
202512;2484;2004001992;COTAS;275559522.768743000000000;18138920000136
202512;2525;1979004511;COTAS;41.153099000000000;
202512;2525;1979004511;COTAS;1926418.807454000000000;05194813000183
202512;2525;2009003756;COTAS;4921034.055516000000000;
202512;2525;9970000000;COTAS;35588667.836421000000000;
202512;2556;1993000119;COTAS;138778.738210000000000;
202512;2556;1998007618;COTAS;117419.662481000000000;
202512;2556;1998007618;COTAS;1260943.645983000000000;
202512;2556;2018001574;TIT_PUB;7067670.240000000000000;
202512;2556;9970000000;CAIXA;994937.890000000000000;
202512;2561;1999000447;COTAS;1385377597.267641000000000;21082397000188
202512;2587;9970000000;VL_PG_RC;3397.660000000000000;
202512;2693;1993000811;COTAS;6972814.889065000000000;
202512;2693;1993000811;COTAS;9554487.596236000000000;
202512;2693;1993000811;COTAS;9205412.722010000000000;
202512;2721;2004002018;COTAS;4379885.720429000000000;
202512;2796;2015001174;COTAS;232326821.632502000000000;14298797000160
202512;2811;1993002774;COTAS;1323866.222518000000000;
202512;2811;9970000000;CAIXA;13712.490000000000000;
202512;2823;1994000392;CAIXA;7000.000000000000000;
202512;2823;1994000392;COTAS;415824.116601000000000;
202512;2823;1994000465;COTAS;7161463.516723000000000;
202512;2823;1994000538;COTAS;17556107.941492000000000;
202512;4947;1996003747;VL_PG_RC;-1244084.460000000000000;
202512;2841;2005004529;IMOVEIS;10824799.930000000000000;
202512;2841;2005004611;COTAS;14116.514150000000000;
202512;2841;2005004611;COTAS;290195.178845000000000;
202512;2841;2005004611;COTAS;376263026.132948000000000;63062979000142
202512;2854;2011000319;VL_PG_RC;-119098.370000000000000;
202512;2909;1993003411;CAIXA;465857.630000000000000;
202512;2909;2016000465;OPERACAO_PARTICIPANTE;2576285.660095716000000;
202512;2912;1993003738;COTAS;2448643.394859000000000;09544240000121
202512;2912;1993003738;COTAS;6120219.654411000000000;18138892000157
202512;2931;1994000211;CAIXA;185180.590000000000000;
202512;2931;1994000211;COTAS;3741400.127823000000000;
202512;2931;1994000211;COTAS;50505730.786706000000000;
202512;2991;1985000547;CAIXA;17290.900000000000000;
202512;2991;1985000547;COTAS;5001405.012940000000000;
202512;2991;1994002492;COTAS;267888.500000000000000;
202512;2991;9970000000;COTAS;2830545.415219000000000;
202512;3023;2001001738;COTAS;650824241.745707000000000;
202512;3023;2001001738;COTAS;33238222.929028000000000;
202512;3023;2001001738;OPERACAO_PARTICIPANTE;5444341.719903171100000;
202512;3023;9970000000;VL_PG_RC;-5390.000000000000000;
202512;3037;1994001119;COTAS;18972094.501878000000000;
202512;3099;1999004892;COTAS;240324224.250001000000000;04701028000107
202512;3126;1993002219;COTAS;14335577.028443000000000;
202512;3126;1994002956;CAIXA;31135.560000000000000;
202512;3126;1994002956;COTAS;16580330.851013000000000;
202512;3126;1994002956;COTAS;28472546.012393000000000;
202512;3126;1995000711;COTAS;4375003.363090000000000;
202512;3126;1995002674;VL_PG_RC;42160.060000000000000;
202512;3126;1996004247;CAIXA;435115.370000000000000;
202512;3126;1998002292;VL_PG_RC;-1053.640000000000000;
202512;3126;1999002318;COTAS;73127606.004526000000000;
202512;3126;1999002318;COTAS;5212162.141598000000000;
202512;3126;1999002318;TIT_PUB;83072296.060000000000000;
202512;3126;2000007074;COTAS;281955314.454751000000000;
202512;3126;2001000774;COTAS;1974809.311282000000000;
202512;3126;2005005811;COTAS;13841864.487842000000000;
202512;3126;2006001183;COTAS;7687444.023387000000000;
202512;3126;2006001183;COTAS;1555666.465521000000000;
202512;3126;2006003747;COTAS;195364.220002000000000;
202512;3126;2006003747;COTAS;60645.807606000000000;
202512;3126;2006003992;CAIXA;67332.570000000000000;
202512;3126;2006004011;COTAS;5155834.893980000000000;
202512;3126;2006004711;COTAS;2319071.872610000000000;
202512;3126;2006007165;OPERACAO_PARTICIPANTE;9574372.842881891800000;
202512;3126;2007002019;COTAS;209143.479207000000000;
202512;3126;2007002019;COTAS;7370535.758038000000000;
202512;3126;2008000192;COTAS;8215439.261248000000000;
202512;3126;2008000192;COTAS;580770.164206000000000;
202512;3126;2008000192;COTAS;21172241.093778000000000;
202512;3126;2009000447;COTAS;3083043.962846000000000;
202512;3126;2009000447;COTAS;808912.205132000000000;
202512;3126;2010000129;COTAS;703313.986702000000000;
202512;3126;2012001483;COTAS;1513957.260772000000000;
202512;3126;2013000529;COTAS;1994394.394620000000000;
202512;3126;2013000529;COTAS;2262669.365971000000000;
202512;3126;2021001318;COTAS;569064.890941000000000;
202512;3126;2021001318;COTAS;87750.670695000000000;
202512;3126;2023000874;VL_PG_RC;-0.640000000000000;
202512;3126;2024000118;CAIXA;6000.000000000000000;
202512;3126;2024000665;VL_PG_RC;-103392.590000000000000;
202512;3126;9970000000;COTAS;27488851.100284000000000;
202512;3161;1994004118;COTAS;4071560.253740000000000;
202512;3161;1994004118;COTAS;4729570.239670000000000;
202512;3174;1994004029;COTAS;294083321.926150000000000;37405212000169
202512;3188;1989000983;COTAS;4812005.546060000000000;29298975000120
202512;3188;1994002565;COTAS;10071916.013325000000000;18270776000197
202512;3188;1996001647;OPERACAO_PARTICIPANTE;3527564.350000000000000;
202512;3188;1996004883;COTAS;53572228.287565000000000;10220241000108
202512;3188;1996004883;COTAS;708738.088815000000000;10220247000177
202512;3188;1996004883;COTAS;17913.921999000000000;34613727000166
202512;3188;1997001047;VL_PG_RC;-194976.590000000000000;
202512;3188;1998004856;COTAS;269914.277208000000000;
202512;3188;1999003756;TIT_PUB;140451780.660000000000000;
202512;3188;2000007856;COTAS;3303104.050371000000000;18270776000197
202512;3188;2001000847;COTAS;99068.080172000000000;
202512;3188;2001000847;COTAS;732449.337261000000000;29298975000120
202512;3188;2002000565;COTAS;3471771.974078000000000;10214125000178
202512;3188;2002000565;COTAS;239617.256398000000000;10220247000177
202512;3188;2002000719;COTAS;82323536.442018000000000;25244544000120
202512;3188;2003000747;COTAS;527262.625152000000000;10220241000108
202512;3188;2003000747;COTAS;189841.855437000000000;34613727000166
202512;3188;2004002174;COTAS;27662633.458665000000000;10220241000108
202512;3188;2004002174;COTAS;16056241.385324000000000;34613727000166
202512;3188;2005001211;COTAS;7226392.990769000000000;18270776000197
202512;3188;2010003438;COTAS;75364992.483754000000000;25244544000120
202512;3188;2010005211;COTAS;78458765.219615000000000;18270776000197
202512;3188;2017000574;CAIXA;6337.640000000000000;
202512;3188;2017000711;TIT_PUB;96728213.510000000000000;
202512;3188;2019001047;COTAS;6634.305317000000000;29298975000120
202512;3188;2019001047;VL_PG_RC;-344.190000000000000;
202512;3188;2023000947;COTAS;132097.009869000000000;
202512;3188;2023000947;COTAS;6577229.198766000000000;25244544000120
202512;3251;1995001465;COTAS;4227074.740055000000000;
202512;3251;1995001465;COTAS;671653.410406000000000;
202512;3304;1995002747;COTAS;216314.858427000000000;
202512;3304;1995002747;COTAS;14559724.944303000000000;
202512;3304;1995002747;COTAS;8738671.375612000000000;
202512;3304;1995002811;COTAS;1733392.514182000000000;
202512;3304;1995002811;COTAS;71163.456683000000000;
202512;3321;1995002992;COTAS;31038271.250266000000000;
202512;3349;1995003638;COTAS;3493222.000000000000000;
202512;3349;1995003638;COTAS;1890.000000000000000;
202512;3349;1995003638;COTAS;11450677.639934000000000;
202512;3349;1995003638;VL_PG_RC;-2182182.420000000000000;
202512;3407;1995003247;VL_PG_RC;-77500.850000000000000;
202512;3407;9970000000;COTAS;1857597.460075000000000;
202512;3411;2006000292;COTAS;362117644.226979000000000;13970020000137
202512;3438;2000001238;VL_PG_RC;-209.580000000000000;
202512;3438;2001002092;COTAS;6908844.208146000000000;
202512;3438;2002002029;CAIXA;67117.840000000000000;
202512;3438;2002002029;COTAS;80289.637083000000000;
202512;3438;2005002992;CAIXA;1757037.150000000000000;
202512;3438;2006002147;OPERACAO_PARTICIPANTE;691313.990000000000000;
202512;3438;2006002783;CAIXA;149241.360000000000000;
202512;3438;2006002783;COTAS;147037347.171800000000000;08661367000168
202512;3438;2008003256;COTAS;10095192.480001000000000;
202512;3438;2009002083;COTAS;5495500.687087000000000;
202512;3438;2009002083;OPERACAO_PARTICIPANTE;1111686.660000000000000;
202512;3438;2013001983;OPERACAO_PARTICIPANTE;82071.200000000000000;
202512;3438;2021002438;COTAS;9040765.271989000000000;
202512;3472;1984001183;CAIXA;331353.690000000000000;
202512;3472;1984001183;IMOVEIS;55543767.200000000000000;
202512;3472;2023000718;CAIXA;77079.880000000000000;
202512;3486;1996002074;COTAS;8366496.441017000000000;
202512;3527;1996002619;COTAS;15933850.283893000000000;
202512;3527;2020001365;COTAS;78694207.011388000000000;
202512;3527;2020001756;COTAS;791964.888119000000000;
202512;3531;1996003038;COTAS;55474593.436454000000000;41252666000114
202512;3531;9970000000;CAIXA;210.170000000000000;
202512;3558;1996003992;COTAS;1520893.935542000000000;
202512;3558;9970000000;VL_PG_RC;1466.090000000000000;
202512;3602;1979000638;CAIXA;26368.300000000000000;
202512;3602;1979000638;COTAS;56980714.934813000000000;
202512;3602;1979000638;COTAS;56664027.798541000000000;03162048000194
202512;3602;1979000638;TIT_PUB;2912909907.920000000000000;
202512;3602;2009000511;COTAS;9127380.855773000000000;
202512;3602;2011001692;COTAS;2112994.227090000000000;
202512;3602;2011001692;COTAS;24477446.635105000000000;50927335000128
202512;3602;2020002965;COTAS;104651.335288000000000;
202512;3602;2020002965;COTAS;102638.223980000000000;21321600000121
202512;3647;9970000000;VL_PG_RC;0.000000000000000;
202512;3678;1999002083;CAIXA;1574.160000000000000;
202512;3678;2010001818;COTAS;1832022.697278000000000;03322908000100
202512;3811;1998004783;COTAS;2004437.831071000000000;
202512;3811;1998004783;COTAS;269748363.210524000000000;
202512;3825;1981000674;CAIXA;1000.000000000000000;
202512;3825;1981000674;COTAS;14907436.548961000000000;
202512;3825;1988002265;CAIXA;2000.000000000000000;
202512;3825;1988002265;COTAS;3518367.876354000000000;
202512;3825;1989001092;COTAS;76040870.517979000000000;
202512;3825;1997002574;COTAS;97384600.148386000000000;
202512;3825;1997002574;COTAS;17906981.293740000000000;
202512;3825;1997003783;CAIXA;2000.000000000000000;
202512;3825;1999005074;COTAS;33451.740000000000000;
202512;3825;1999005074;COTAS;28132.160000000000000;
202512;3825;1999005074;COTAS;1027067.375985000000000;
202512;3825;2009002318;COTAS;49268465.416260000000000;
202512;3839;9970000000;CAIXA;17710.700000000000000;
202512;3861;9970000000;VL_PG_RC;0.000000000000000;
202512;3887;1999004965;COTAS;762128.100000000000000;
202512;3887;1999004965;COTAS;928761.899340000000000;
202512;3887;1999004965;COTAS;2396709.501914000000000;
202512;3928;1999001265;CAIXA;11000.030000000000000;
202512;4042;2000004792;COTAS;1778154.598706000000000;
202512;4042;2000004792;COTAS;7938467.690742000000000;
202512;4091;2004002492;COTAS;28959440.369744000000000;
202512;4131;1981000811;OPERACAO_PARTICIPANTE;6489138.500000000000000;
202512;4131;1981000811;TIT_PUB;91670942.360000000000000;
202512;4131;1998006719;VL_PG_RC;-19309.520000000000000;
202512;4131;2002000247;COTAS;5950868.294477000000000;
202512;4131;2008004538;TIT_PUB;44337636.460000000000000;
202512;4131;2017000647;COTAS;2065554.931324000000000;
202512;4181;2004000147;COTAS;5080670.370000000000000;
202512;4203;2000002838;CAIXA;77809.170000000000000;
202512;4203;2000006574;CAIXA;82067.150000000000000;
202512;4203;2000006574;IMOVEIS;42010930.560000000000000;
202512;4203;9970000000;TIT_PRIV;78230689.920000000000000;
202512;4217;2006004638;COTAS;92084895.528776000000000;60711818000144
202512;4217;2021003329;CAIXA;73719.290000000000000;
202512;4217;2022000374;COTAS;165607.048283000000000;11435287000107
202512;4217;2022002156;COTAS;3017424.684984000000000;
202512;4217;2022002156;VL_PG_RC;-16609.520000000000000;
202512;4217;2022002474;COTAS;153336.348886000000000;11435287000107
202512;4217;2024000738;VL_PG_RC;0.000000000000000;
202512;4221;2005000892;COTAS;4251885.767438000000000;
202512;4221;2005000892;COTAS;1275760.523337000000000;
202512;4221;2006004247;COTAS;1176140.032987000000000;
202512;4221;2006004247;COTAS;917956.632564000000000;
202512;4221;2011002419;COTAS;1270582.851553000000000;
202512;4221;2012001629;COTAS;476178.919456000000000;
202512;4221;2012001629;COTAS;466741.840034000000000;
202512;4221;2012001874;OPERACAO_PARTICIPANTE;1364170.383940000000000;
202512;4221;2015001883;CAIXA;100187.110000000000000;
202512;4221;2015001883;COTAS;30283.168679000000000;
202512;4221;2015001883;COTAS;84692.033293000000000;
202512;4248;2011001919;CAIXA;75036.850000000000000;
202512;4279;2004002711;COTAS;41601183.953185000000000;51834466000123
202512;4282;2004003065;COTAS;1565821.750000000000000;
202512;4311;2005002747;CAIXA;470.500000000000000;
202512;4409;2006000829;CAIXA;268414.840000000000000;
202512;4412;2006001329;COTAS;32369605.931536000000000;
202512;4426;2006003111;COTAS;433810.876142000000000;
202512;4426;2007002329;ACOES;28513663.830000000000000;
202512;4426;2007002329;COTAS;10127800.000000000000000;
202512;4426;2007002329;COTAS;2302548.934706000000000;
202512;4443;1982002018;COTAS;3887820.507113000000000;
202512;4443;9970000000;CAIXA;3371.650000000000000;
202512;4515;9970000000;COTAS;1088978.339998000000000;09188149000110
202512;4529;2008002365;COTAS;4546500.384808000000000;
202512;4529;2008002365;IMOVEIS;18603175.700000000000000;
202512;4529;2008002365;OPERACAO_PARTICIPANTE;22419710.619984000000000;
202512;4529;9970000000;VL_PG_RC;0.000000000000000;
202512;4546;2009000919;COTAS;5190425.043866000000000;
202512;4546;2009000919;COTAS;5489943.953226000000000;
202512;4577;2008003892;CAIXA;49390.680000000000000;
202512;4581;1999000919;IMOVEIS;1108000.000000000000000;
202512;4594;1989001629;CAIXA;91421.840000000000000;
202512;4604;2010002083;COTAS;4880302.927102000000000;
202512;4604;2010002083;COTAS;14413551.985586000000000;
202512;4604;2010002083;COTAS;94927291.544803000000000;
202512;4604;2010002083;COTAS;101779799.444411000000000;
202512;4621;2010005392;VL_PG_RC;-79179.820000000000000;
202512;4621;2022002318;CAIXA;0.000000000000000;
202512;4649;2010003756;COTAS;241973041.359337000000000;12440761000143
202512;4652;2010004329;COTAS;5230518.730002000000000;49465951000125
202512;4652;2010004329;VL_PG_RC;-3199.100000000000000;
202512;4666;2011000629;COTAS;46941371.539152000000000;59982154000179
202512;4683;1990001165;COTAS;230500977.600492000000000;27696713000198
202512;4683;1990001165;TIT_PUB;139092971.750000000000000;
202512;4683;2004002311;COTAS;33576.162165000000000;27696713000198
202512;4683;2005000647;COTAS;15985637.308192000000000;41287925000142
202512;4683;9970000000;CAIXA;8122.840000000000000;
202512;4707;2013000138;COTAS;7660430.446866000000000;
202512;4707;2013000138;OPERACAO_PARTICIPANTE;2710550.333472984000000;
202512;4707;2013000219;COTAS;6593038.600000000000000;
202512;4707;2013000219;COTAS;16388208.624000000000000;
202512;4707;2013000219;COTAS;3971721.191292000000000;
202512;4707;2013000219;COTAS;29478436.103315000000000;
202512;4707;2013000219;COTAS;22968342.559356000000000;
202512;4707;2013000219;COTAS;343128472.778945000000000;
202512;4707;2013002092;COTAS;72184362.010887000000000;
202512;4707;2013002092;COTAS;21076286.373866000000000;
202512;4707;2018001329;COTAS;82821.484800000000000;
202512;4707;2018001892;TIT_PUB;15196720.740000000000000;
202512;4707;2019003856;TIT_PUB;16695222.840000000000000;
202512;4707;2020000474;COTAS;598418.951658000000000;
202512;4707;2020000474;COTAS;185233.117145000000000;
202512;4707;2020002647;COTAS;128643.085018000000000;
202512;4707;2022001265;COTAS;1988986.943282000000000;
202512;4707;9970000000;COTAS;540591.599347000000000;
202512;4711;2018000519;COTAS;11313319.331521000000000;46975834000113
202512;4711;2019003538;COTAS;23440849.570922000000000;26324274000120
202512;4711;9970000000;VL_PG_RC;-600.000000000000000;
202512;4738;2013001347;COTAS;43267907.988289000000000;
202512;4738;9970000000;COTAS;28454.164437000000000;
202512;4741;2013001738;COTAS;292868142.979761000000000;58807091000151
202512;4741;9970000000;VL_PG_RC;-56.610000000000000;
202512;4755;2014000311;COTAS;7534.012861000000000;
202512;4755;2014000311;COTAS;58373875.191069000000000;62502136000157
202512;4755;2015001247;COTAS;174396.004843000000000;
202512;4755;9970000000;COTAS;2120739.416520000000000;
202512;4769;2015000429;COTAS;2091158.702889000000000;
202512;4769;2015000429;TIT_PUB;164247802.280000000000000;
202512;4786;2016000856;COTAS;2569651.999998000000000;
202512;4786;2016000856;COTAS;7158469.000000000000000;
202512;4786;2018001019;COTAS;79352.000000000000000;
202512;4786;2019000611;COTAS;188371.000065000000000;
202512;4786;2019000611;COTAS;95410.999914000000000;
202512;4786;2019000611;COTAS;41894.000029000000000;
202512;4786;2024000347;COTAS;98947.999992000000000;
202512;4791;2016001283;COTAS;2121913.760000000000000;
202512;4791;2016001283;COTAS;7658345.119998000000000;
202512;4791;9970000000;COTAS;2671053.470001000000000;
202512;4801;2016001518;COTAS;26159913.219867000000000;
202512;4801;2021000818;COTAS;6098522.539999000000000;
202512;4801;9970000000;COTAS;1652541.399999000000000;
202512;4827;2018002465;COTAS;17027066.465933000000000;
202512;4827;2018002465;COTAS;2421069.414169000000000;
202512;4827;2019003465;CAIXA;9910.940000000000000;
202512;4827;2022002611;CAIXA;38700.900000000000000;
202512;4831;1998003647;COTAS;10153277.171013000000000;
202512;4831;1998003647;COTAS;82960762.631565000000000;42774842000140
202512;4831;2006006811;COTAS;51421650.602068000000000;15435379000130
202512;4831;2006006811;COTAS;304732319.551256000000000;20468585000186
202512;4831;2006006811;COTAS;14094610.537086000000000;42774871000102
202512;4831;2019001829;COTAS;202672449.994180000000000;15435379000130
202512;4831;2019001829;COTAS;42964216.114034000000000;37452344000141
202512;4831;2020000611;COTAS;337678.431509000000000;
202512;4831;2025000138;COTAS;768837.493400000000000;20468585000186
202512;4844;2019000547;COTAS;4318297.875379000000000;
202512;4858;2018002211;TIT_PUB;253193.700000000000000;
202512;4858;9970000000;VL_PG_RC;-200.950000000000000;
202512;4875;9970000000;VL_PG_RC;-2625.430000000000000;
202512;4947;1996003747;COTAS;118313019.315847000000000;46685249000189
