202511;14;1980000883;CAIXA;10880.050000000000000;
202511;14;1980000883;COTAS;9509628.348016000000000;
202511;14;1980000883;COTAS;2425406.940867000000000;
202511;14;1980000883;COTAS;3736326.231402000000000;
202511;14;2008001083;COTAS;2273637.844275000000000;
202511;14;1980000883;COTAS;2865764.137286000000000;
202511;14;2023001692;COTAS;1194760.622657000000000;
202511;14;9970000000;COTAS;977837.227791000000000;
202511;14;1980000883;COTAS;4007884.123856000000000;
202511;14;1980000883;COTAS;4721950.395437000000000;
202511;14;9970000000;COTAS;145445.120999000000000;03100345000105
202511;14;1980000883;COTAS;4323068.278140000000000;
202511;31;1988003156;COTAS;21718002.749174000000000;
202511;14;1980000883;COTAS;9046391.347398000000000;03100345000105
202511;14;1980000883;COTAS;3603463.587246000000000;
202511;14;2008001083;COTAS;26290729.611628000000000;
202511;14;2023001692;COTAS;7909669.896316000000000;
202511;14;2008001083;COTAS;1101401.005535000000000;
202511;14;1980000883;COTAS;15006009.613291000000000;
202511;31;1988003156;COTAS;26721251.772635000000000;
202511;14;1980000883;COTAS;18417468.939694000000000;37037999000153
202511;14;1980000883;COTAS;8918736.648873000000000;
202511;14;1980000883;COTAS;4354247.991168000000000;
202511;14;1980000883;COTAS;3163351.747983000000000;
202511;14;1980000883;COTAS;972902.224558000000000;05290139000130
202511;14;1980000883;COTAS;3386798.221588000000000;
202511;14;1980000883;COTAS;4693167.950509000000000;
202511;14;1980000883;VL_PG_RC;51700.570000000000000;
202511;14;1980000883;COTAS;3255122.815623000000000;
202511;14;1980000883;COTAS;6042468.399841000000000;
202511;14;1980000883;COTAS;3358272.159911000000000;
202511;14;9970000000;COTAS;2955729.234981000000000;
202511;14;2008001083;COTAS;2062857.841649000000000;
202511;14;1980000883;COTAS;6055259.581910000000000;
202511;14;9970000000;COTAS;5405417.553143000000000;37037999000153
202511;31;1988003156;COTAS;2409763.062234000000000;
202511;14;9970000000;COTAS;994160.465530000000000;
202511;14;1980000883;COTAS;2554019.518097000000000;
202511;14;2008001083;COTAS;4149852.544687000000000;
202511;14;2008001083;COTAS;799409.272893000000000;
202511;14;2008001083;COTAS;90381.478549000000000;
202511;31;1988003156;COTAS;1058325.092443000000000;
202511;14;2008001083;COTAS;2096744.953490000000000;
202511;14;2008001083;COTAS;848740.249138000000000;
202511;14;1980000883;COTAS;4604202.788481000000000;
202511;14;1980000883;COTAS;1201128.313512000000000;
202511;14;2008001083;VL_PG_RC;-175784.160000000000000;
202511;14;9970000000;VL_PG_RC;0.000000000000000;
202511;14;1980000883;COTAS;12680301.093427000000000;00836258000122
202511;31;1988003156;CAIXA;4828227.200000000000000;
202511;14;2023001692;COTAS;3270209.733597000000000;
202511;14;2023001692;COTAS;105249318.497081000000000;37037999000153
202511;14;2023001692;COTAS;14530520.429876000000000;05290139000130
202511;14;1980000883;COTAS;24331477.387677000000000;04875086000157
202511;31;1988003156;COTAS;11518446.691328000000000;
202511;14;1980000883;COTAS;27414.921337000000000;
202511;59;1982000783;TIT_PRIV;921541.400000000000000;
202511;45;9970000000;CAIXA;13106.630000000000000;
202511;14;1980000883;COTAS;5784398.813139000000000;
202511;14;2023001692;COTAS;7226693.729550000000000;
202511;14;2023001692;VL_PG_RC;-77467.300000000000000;
202511;14;2008001083;COTAS;1324377.824501000000000;
202511;14;9970000000;COTAS;1347739.426496000000000;
202511;14;2023001692;COTAS;3591895.901368000000000;
202511;59;1982001811;COTAS;21301.531115000000000;
202511;14;1980000883;COTAS;5922053.559705000000000;
202511;59;2000008119;COTAS;4181442.276719000000000;
202511;14;2008001083;COTAS;1484223.443988000000000;
202511;14;9970000000;CAIXA;519806.510000000000000;
202511;14;2023001692;COTAS;90728677.737619000000000;03100345000105
202511;14;2008001083;COTAS;3865087.436447000000000;37037999000153
202511;59;2000008119;COTAS;95379615.832656000000000;
202511;14;2008001083;COTAS;21727294.797977000000000;
202511;14;2008001083;COTAS;1863071.751439000000000;
202511;31;1988003156;COTAS;24653320.066861000000000;
202511;14;1980000883;COTAS;7339463.363486000000000;
202511;59;2000008119;COTAS;64957597.628613000000000;
202511;14;2023001692;COTAS;12530045.161183000000000;
202511;59;2000008119;COTAS;-2483737.903015000000000;
202511;14;2008001083;COTAS;1180255.432366000000000;
202511;14;2023001692;COTAS;102149514.293991000000000;04875086000157
202511;45;1999002474;CAIXA;49776.330000000000000;
202511;14;2023001692;CAIXA;10780.710000000000000;
202511;14;2008001083;COTAS;2324652.502364000000000;
202511;14;9970000000;COTAS;142310.672232000000000;04875086000157
202511;14;2023001692;COTAS;4858683.308506000000000;
202511;59;2000008119;COTAS;58154455.363147000000000;
202511;31;1988003156;COTAS;12918859.021790000000000;
202511;14;2008001083;COTAS;1216951.972400000000000;
202511;14;9970000000;COTAS;3643390.153329000000000;00836258000122
202511;59;2000008119;COTAS;94852106.285424000000000;
202511;14;2023001692;COTAS;13335519.093233000000000;
202511;59;2000008119;COTAS;12941868.523375000000000;05362674000150
202511;14;1980000883;OPERACAO_PARTICIPANTE;4517505.120000000000000;
202511;31;1988003156;COTAS;138199157.594204000000000;
202511;45;1999002474;VL_PG_RC;28259.660000000000000;
202511;14;2023001692;COTAS;81850.657608000000000;
202511;31;1988003156;COTAS;4956006.701111000000000;
202511;14;2023001692;COTAS;111654522.338768000000000;00836258000122
202511;14;2008001083;COTAS;10859249.656348000000000;
202511;14;2023001692;COTAS;4709448.232619000000000;
202511;31;1988003156;COTAS;78887436.999104000000000;
202511;45;9970000000;VL_PG_RC;0.000000000000000;
202511;31;1988003156;COTAS;819687.639547000000000;
202511;59;2000008119;TIT_PRIV;90552433.760000000000000;
202511;14;9970000000;COTAS;967351.265037000000000;
202511;14;9970000000;COTAS;2436887.807337000000000;05290139000130
202511;14;2023001692;COTAS;7032810.119839000000000;
202511;31;1988003156;TIT_PUB;109709852.380000000000000;
202511;45;1999002474;COTAS;56614651.081371000000000;03567283000146
202511;14;2008001083;COTAS;2266684.449713000000000;
202511;81;1998001229;COTAS;5929190.933072000000000;
202511;59;2000008119;COTAS;2246102.417027000000000;
202511;14;2023001692;COTAS;12311550.738123000000000;
202511;31;1988003156;COTAS;59400625.129379000000000;
202511;14;2023001692;COTAS;7307817.205607000000000;
202511;59;1982000783;COTAS;11898.045894000000000;
202511;59;2000008119;COTAS;-120687.059741000000000;
202511;59;2000008119;COTAS;8257975.920000000000000;
202511;14;2023001692;COTAS;3202057.382685000000000;
202511;59;2000008119;COTAS;2547872.622492000000000;
202511;14;2023001692;COTAS;21288394.657362000000000;
202511;59;2000008119;TIT_PUB;2891416784.270000000000000;
202511;59;1982000783;COTAS;164794.069247000000000;05362674000150
202511;59;2000008119;COTAS;36781535.100000000000000;
202511;14;2023001692;COTAS;67299679.518131000000000;
202511;59;2000008119;COTAS;64554336.672094000000000;
202511;14;2023001692;IMOVEIS;68892575.500000000000000;
202511;31;1988003156;COTAS;6204363.573662000000000;
202511;31;1988003156;COTAS;6127966.740356000000000;
202511;59;2000008119;IMOVEIS;110876214.490000000000000;
202511;59;1982001811;COTAS;1078180.127787000000000;
202511;14;2023001692;COTAS;24085666.864102000000000;
202511;31;1988003156;COTAS;4539150.089279000000000;
202511;59;1982000783;TIT_PUB;91714350.230000000000000;
202511;59;2000008119;OPERACAO_PARTICIPANTE;64021003.920000000000000;
202511;59;9970000000;COTAS;1901.935210000000000;
202511;59;2000008119;COTAS;44410849.763839000000000;
202511;59;2000008119;ACOES;103966512.480000000000000;
202511;14;2023001692;COTAS;9801529.441798000000000;
202511;31;1988003156;COTAS;157392692.851477000000000;
202511;81;2017000256;COTAS;641755.649162000000000;
202511;31;9970000000;COTAS;1622455.720009000000000;
202511;59;1982000783;COTAS;15617478.856987000000000;
202511;31;1988003156;COTAS;3802165.452804000000000;
202511;14;2023001692;COTAS;4450678.682714000000000;
202511;81;1998001229;COTAS;12846695.269232000000000;
202511;14;9970000000;COTAS;913405.693653000000000;
202511;59;2000008119;COTAS;224754834.938394000000000;
202511;14;9970000000;COTAS;984725.805889000000000;
202511;81;1998001229;VL_PG_RC;287228.750000000000000;
202511;93;1994000619;OPERACAO_PARTICIPANTE;149685916.250000000000000;
202511;14;9970000000;COTAS;663362.830014000000000;
202511;45;1999002474;COTAS;81424219.489997000000000;
202511;59;1982001811;COTAS;337.974598000000000;
202511;31;1988003156;COTAS;3715365.393044000000000;
202511;59;2000008119;COTAS;5035256.366141000000000;
202511;59;2000008119;COTAS;22790012.413625000000000;
202511;14;9970000000;COTAS;808468.980343000000000;
202511;59;1982000783;COTAS;946240.560789000000000;
202511;59;2000008119;VL_PG_RC;1762364.370000000000000;
202511;59;2012000819;COTAS;2159471.468560000000000;
202511;31;1988003156;COTAS;5937570.685160000000000;
202511;81;2017000256;COTAS;47150494.124955000000000;49051587000157
202511;31;1988003156;COTAS;52438316.769554000000000;
202511;59;2012000819;COTAS;7425481.605763000000000;
202511;31;1988003156;COTAS;62787437.901195000000000;
202511;31;1988003156;COTAS;4185244.243996000000000;
202511;93;1979002592;IMOVEIS;528057.460000000000000;
202511;31;1988003156;COTAS;28125261.386629000000000;42888224000121
202511;59;2012000819;COTAS;2964128.321419000000000;
202511;31;9970000000;CAIXA;236264.840000000000000;
202511;31;1988003156;VL_PG_RC;245805.110000000000000;
202511;81;1998001229;COTAS;12710032.374962000000000;
202511;59;1982000783;COTAS;5341.985881000000000;
202511;59;2000008119;COTAS;3386849.253505000000000;
202511;14;9970000000;COTAS;999565.108916000000000;
202511;81;1998001229;COTAS;6488364.373129000000000;
202511;59;9970000000;IMOVEIS;6534174.480000000000000;
202511;45;1999002474;IMOVEIS;2894500.000000000000000;
202511;59;2012000819;COTAS;64967502.022386000000000;
202511;59;1982001811;COTAS;22798.179858000000000;05362674000150
202511;45;1999002474;COTAS;152357714.069992000000000;04644580000100
202511;93;2005003956;TIT_PUB;12332057.410000000000000;
202511;31;9970000000;VL_PG_RC;0.000000000000000;
202511;14;9970000000;COTAS;1094831.659048000000000;
202511;59;1982000783;VL_PG_RC;-54801.790000000000000;
202511;59;1982000783;COTAS;150039.376634000000000;
202511;93;2015001719;COTAS;10011403.398252000000000;12124223000140
202511;81;2017000256;COTAS;338459.657664000000000;
202511;59;9970000000;COTAS;2561122.949933000000000;
202511;45;9970000000;COTAS;3701270.110002000000000;
202511;93;1987000129;COTAS;10072448.681824000000000;39503903000120
202511;59;1982001811;COTAS;1374575.615101000000000;
202511;81;1998001229;COTAS;109265.581040000000000;
202511;59;2000008119;COTAS;53195577.487697000000000;
202511;59;9970000000;VL_PG_RC;97568.540000000000000;
202511;81;2017000256;COTAS;676386.516645000000000;
202511;81;1998001229;COTAS;61931.760031000000000;
202511;81;1998001229;COTAS;9184318.224998000000000;
202511;59;1982001811;VL_PG_RC;-12425.750000000000000;
202511;81;1998001229;COTAS;203089178.086116000000000;49051587000157
202511;81;2017000256;OPERACAO_PARTICIPANTE;1591392.770053967300000;
202511;81;2017000256;COTAS;385353.472714000000000;
202511;59;1982001811;TIT_PRIV;460770.700000000000000;
202511;59;2000008119;CAIXA;41334.040000000000000;
202511;93;1994000619;COTAS;399339472.873139000000000;12124223000140
202511;59;1982000783;OPERACAO_PARTICIPANTE;401295.560000000000000;
202511;31;1988003156;COTAS;9406515.981093000000000;
202511;59;1982000783;CAIXA;502.810000000000000;
202511;59;2000008119;COTAS;58687.622924000000000;
202511;93;1996002929;CAIXA;692421.090000000000000;
202511;93;1979002592;VL_PG_RC;-11038.650000000000000;
202511;93;1979002592;OPERACAO_PARTICIPANTE;139060.180000000000000;
202511;59;1982000783;COTAS;-52829.718859000000000;
202511;81;1998001229;COTAS;18500229.427920000000000;
202511;93;1996002929;VL_PG_RC;-29071.960000000000000;
202511;59;2000008119;COTAS;581764.320000000000000;
202511;59;1982001811;CAIXA;835.560000000000000;
202511;59;2000008119;OPCOES;7119863.160000000000000;
202511;93;1987000129;COTAS;9015443.163014000000000;27347280000165
202511;59;1982001811;COTAS;-286.887065000000000;
202511;59;2000008119;COTAS;96942717.936232000000000;
202511;59;2000008119;COTAS;49391139.158394000000000;
202511;81;1998001229;ACOES;103084923.830000000000000;
202511;59;2000008119;COTAS;43426729.820219000000000;
202511;59;2012000819;COTAS;2945783.437282000000000;
202511;93;2021002365;COTAS;64591151.558407000000000;19550171000112
202511;81;1998001229;COTAS;17414546.359493000000000;
202511;93;1979002592;COTAS;298912.156335000000000;39488674000112
202511;117;1979004765;IMOVEIS;70059168.560000000000000;
202511;59;2012000819;COTAS;2644949.360364000000000;
202511;93;1996002856;VL_PG_RC;-17890.680000000000000;
202511;59;2012000819;CAIXA;5177.470000000000000;
202511;59;9970000000;CAIXA;694.190000000000000;
202511;93;1987000129;COTAS;10367677.060270000000000;39379846000110
202511;81;2017000256;COTAS;12667929.875376000000000;19531929000175
202511;93;1994000619;COTAS;34276038.096160000000000;39503903000120
202511;59;2000008119;COTAS;130713.192692000000000;
202511;81;1998001229;OPERACAO_PARTICIPANTE;28730181.048963941700000;
202511;93;2005003956;OPERACAO_PARTICIPANTE;926977.970000000000000;
202511;81;1998001229;COTAS;10690534.904711000000000;
202511;93;1994000619;COTAS;19449973.837658000000000;
202511;117;2009001338;COTAS;14711739.235994000000000;
202511;59;2000008119;COTAS;1922819.744154000000000;
202511;93;1996002929;COTAS;5146510.100000000000000;
202511;117;2009001338;COTAS;11570836.893779000000000;
202511;59;9970000000;COTAS;78186130.965694000000000;
202511;59;2012000819;COTAS;2793084.696182000000000;
202511;93;1996002856;COTAS;21616020.470197000000000;12124223000140
202511;81;1998001229;COTAS;6502965.591284000000000;
202511;93;2015001565;COTAS;90516087.848699000000000;23029058000163
202511;59;9970000000;COTAS;17334309.809894000000000;
202511;93;1996002929;IMOVEIS;3982277.960000000000000;
202511;93;2015001638;CAIXA;104.040000000000000;
202511;59;2012000819;VL_PG_RC;-21476.390000000000000;
202511;59;9970000000;COTAS;4236.123532000000000;
202511;93;2000002692;VL_PG_RC;-23174.930000000000000;
202511;81;2017000256;COTAS;615262.338414000000000;
202511;81;1998001229;COTAS;23105533.680000000000000;
202511;93;1996002929;COTAS;35621623.628194000000000;03211696000193
202511;93;2015001565;VL_PG_RC;-26658.240000000000000;
202511;81;1998001229;COTAS;12499064.031980000000000;
202511;81;1998001229;IMOVEIS;46005661.680000000000000;
202511;81;1998001229;COTAS;6477034.673917000000000;
202511;93;2000002692;COTAS;729905769.111799000000000;10786641000177
202511;93;1996002856;COTAS;1024318.460362000000000;39488674000112
202511;93;2015001719;COTAS;1460832.321658000000000;39488674000112
202511;81;2017000256;TIT_PUB;31798552.630000000000000;
202511;93;2000002692;COTAS;7682388.398935000000000;39488674000112
202511;81;2017000256;CAIXA;3869.070000000000000;
202511;93;2021002365;OPERACAO_PARTICIPANTE;6366916.590000000000000;
202511;93;2005003956;COTAS;533706.277996000000000;39379846000110
202511;93;2021002365;COTAS;6548401.434296000000000;12124223000140
202511;81;1998001229;COTAS;6357064.829767000000000;
202511;93;2015001638;COTAS;2010413.351023000000000;39379846000110
202511;93;1979002592;CAIXA;100.890000000000000;
202511;93;2015001638;COTAS;33603446.643918000000000;23029058000163
202511;81;1998001229;COTAS;18438060.811293000000000;
202511;81;2017000256;COTAS;670367.242402000000000;
202511;117;2013002165;CAIXA;11440.850000000000000;
202511;81;1998001229;COTAS;9664314.060190000000000;
202511;81;1998001229;COTAS;11560883.750000000000000;
202511;59;1982001811;COTAS;-7861.513989000000000;
202511;117;2013002165;COTAS;818044.780063000000000;
202511;93;1987000129;COTAS;9949108.042162000000000;39488674000112
202511;93;9970000000;COTAS;38598512.466031000000000;12124223000140
202511;117;2009001338;ACOES;32328254.260000000000000;
202511;93;2015001719;COTAS;38067549.096659000000000;23029058000163
202511;117;2009001338;VL_PG_RC;198585.450000000000000;
202511;59;1982001811;TIT_PUB;14977638.540000000000000;
202511;93;9970000000;COTAS;10370170.921630000000000;39503903000120
202511;59;2000008119;COTAS;41365277.067841000000000;
202511;93;1994000619;COTAS;35280685.361507000000000;39379846000110
202511;93;1996002929;OPERACAO_PARTICIPANTE;18855353.400000000000000;
202511;117;2013002165;COTAS;2312531.279375000000000;
202511;117;1979004765;COTAS;5304640.520313000000000;
202511;81;1998001229;COTAS;6719518.342642000000000;
202511;117;2013002165;ACOES;45889776.150000000000000;
202511;93;1994000619;IMOVEIS;28416067.260000000000000;
202511;93;2015001638;COTAS;1953165.119849000000000;39503903000120
202511;81;9970000000;VL_PG_RC;-6042.780000000000000;
202511;81;1998001229;COTAS;10957032.745742000000000;
202511;93;2000002374;COTAS;99731326.703747000000000;17490583000189
202511;93;1979002592;COTAS;21973629.608869000000000;19550171000112
202511;81;9970000000;CAIXA;1900.600000000000000;
202511;117;1979004765;COTAS;11529469.852784000000000;
202511;81;1998001229;COTAS;13168614.417199000000000;
202511;93;1987000129;OPERACAO_PARTICIPANTE;2280301.030000000000000;
202511;81;1998001229;TIT_PUB;1594881709.280000000000000;
202511;117;2009001338;COTAS;2028536.144834000000000;
202511;81;2017000256;VL_PG_RC;15900.770000000000000;
202511;93;1996002856;IMOVEIS;225664.580000000000000;
202511;81;1998001229;COTAS;9273986.945170000000000;
202511;81;9970000000;COTAS;24460574.247160000000000;49051587000157
202511;117;2013002165;COTAS;4056996.379384000000000;
202511;117;2013002165;VL_PG_RC;741925.190000000000000;
202511;93;2015001638;COTAS;7783223.943321000000000;12124223000140
202511;81;2017000256;COTAS;685140.002102000000000;
202511;93;1994000619;VL_PG_RC;-385409.320000000000000;
202511;93;2015001719;COTAS;1522291.012411000000000;39379846000110
202511;93;1979002592;COTAS;311487.690668000000000;39379846000110
202511;93;1987000129;CAIXA;6245.080000000000000;
202511;93;1996002929;COTAS;1113532334.411820000000000;19549859000182
202511;117;2018002147;COTAS;20078.396476000000000;
202511;93;1996002856;COTAS;1067412.572004000000000;39379846000110
202511;93;1987000129;COTAS;528373419.348040000000000;04682496000181
202511;93;2000002692;COTAS;8005594.250000000000000;39379846000110
202511;93;1987000129;COTAS;40719780.097230000000000;12124223000140
202511;93;1987000129;VL_PG_RC;-15817.410000000000000;
202511;93;1996002929;COTAS;255568418.561436000000000;12124223000140
202511;93;1996002929;COTAS;34690908.405993000000000;39379846000110
202511;93;1994000619;CAIXA;410137.390000000000000;
202511;117;2013002165;COTAS;18124471.847872000000000;
202511;93;1996002856;COTAS;1037017.082830000000000;39503903000120
202511;93;1994000619;COTAS;33856315.962800000000000;39488674000112
202511;93;2005003956;CAIXA;63599.590000000000000;
202511;93;1996002856;OPERACAO_PARTICIPANTE;276672.160000000000000;
202511;93;2000002374;CAIXA;2067.880000000000000;
202511;93;2005003956;VL_PG_RC;-3324.740000000000000;
202511;93;9970000000;VL_PG_RC;-1796.270000000000000;
202511;117;2023000238;COTAS;13220190.413635000000000;
202511;93;2015001719;VL_PG_RC;-13169.080000000000000;
202511;117;2013002238;IMOVEIS;32662774.170000000000000;
202511;117;2013002238;COTAS;16469.154931000000000;
202511;117;2013002238;TIT_PUB;1277544287.580000000000000;
202511;93;2000002692;COTAS;23968319.715020000000000;27347280000165
202511;93;2021002365;COTAS;278327.500000000000000;
202511;93;2006007556;COTAS;11467955845.642238000000000;08399811000119
202511;93;2000002374;OPERACAO_PARTICIPANTE;9548338.630000000000000;
202511;93;2000002692;COTAS;7777628.214555000000000;39503903000120
202511;93;2000002692;OPERACAO_PARTICIPANTE;5051914.020000000000000;
202511;93;2015001638;COTAS;1929247.927727000000000;39488674000112
202511;93;2021002365;COTAS;5156411.824797000000000;39379846000110
202511;117;2023000238;COTAS;14007618.670796000000000;03211632000192
202511;93;2021002365;COTAS;1136066.551946000000000;
202511;93;1996002929;COTAS;33703055.534185000000000;39503903000120
202511;93;2005003956;COTAS;326938.772945000000000;27347280000165
202511;93;2015001719;CAIXA;103.060000000000000;
202511;117;2018002147;COTAS;3423903.160418000000000;
202511;134;1986000818;COTAS;11639187.660000000000000;
202511;117;2018002147;COTAS;2312531.279375000000000;
202511;93;2021002365;VL_PG_RC;-12116.890000000000000;
202511;93;2021002365;COTAS;448699206.240608000000000;27347280000165
202511;81;1998001229;COTAS;130206733.335622000000000;19531929000175
202511;151;1996004174;COTAS;88279957.398624000000000;
202511;117;1979004765;COTAS;17176166.929244000000000;
202511;117;1979004765;COTAS;3042766.262109000000000;
202511;93;1994000619;COTAS;3226207.740000000000000;
202511;151;1996004174;COTAS;27767891.007122000000000;
202511;93;2015001565;COTAS;2387623.630619000000000;39503903000120
202511;93;9970000000;COTAS;92842956.506914000000000;27347280000165
202511;93;9970000000;COTAS;10674125.672004000000000;39379846000110
202511;117;2009001338;COTAS;2652320.260157000000000;
202511;117;1979004765;COTAS;11324264.880991000000000;
202511;117;2013002165;COTAS;5884695.694398000000000;
202511;93;9970000000;COTAS;10243184.557522000000000;39488674000112
202511;117;2013002165;COTAS;4733.825993000000000;
202511;93;2021002365;CAIXA;17790.190000000000000;
202511;117;1979004765;COTAS;11282740.478683000000000;
202511;117;2013002165;COTAS;13683959.992316000000000;
202511;93;9970000000;CAIXA;12654.400000000000000;
202511;93;2021002365;COTAS;153180.720000000000000;
202511;93;2015001565;CAIXA;100.600000000000000;
202511;93;1994000619;COTAS;4624424.500000000000000;
202511;93;2000002374;VL_PG_RC;-137702.700000000000000;
202511;121;1986000265;COTAS;575932595.780001000000000;02561152000199
202511;117;2013002165;COTAS;9550317.987837000000000;
202511;93;9970000000;TIT_PUB;150444291.810000000000000;
202511;93;2015001565;COTAS;148953.692388000000000;12124223000140
202511;93;1996002856;COTAS;92755549.278289000000000;19549886000155
202511;117;2009001338;COTAS;3864948.983716000000000;
202511;93;2005003956;COTAS;512159.222498000000000;39488674000112
202511;117;2009001338;COTAS;468.753991000000000;
202511;134;9970000000;CAIXA;56424.390000000000000;
202511;117;1979004765;COTAS;137676679.506628000000000;03211632000192
202511;117;2009001338;COTAS;4625062.558750000000000;
202511;117;2013002165;IMOVEIS;46784243.070000000000000;
202511;117;1979004765;TIT_PRIV;118873962.930000000000000;
202511;117;1979004765;COTAS;26.962950000000000;
202511;93;2006007556;OPERACAO_PARTICIPANTE;69280644.010000000000000;
202511;151;1996004174;COTAS;31648681.695249000000000;
202511;117;1979004765;COTAS;2648534.024977000000000;
202511;151;1996004174;VL_PG_RC;4752090.360000000000000;
202511;117;2009001338;TIT_PUB;219991214.480000000000000;
202511;117;1979004765;COTAS;4503638.913130000000000;
202511;117;1979004765;CAIXA;10657.520000000000000;
202511;117;2013002165;COTAS;7956960.780470000000000;
202511;117;1979004765;COTAS;2312531.279375000000000;
202511;117;1979004765;COTAS;9856607.914802000000000;
202511;93;2021002365;COTAS;11048763.970959000000000;23029058000163
202511;117;2013002238;COTAS;8842061.923731000000000;
202511;117;2013002165;COTAS;20031862.458035000000000;
202511;117;2009001338;COTAS;10271546.511011000000000;
202511;117;2009001338;COTAS;1473676.987287000000000;
202511;93;2021002365;COTAS;4948234.608562000000000;39488674000112
202511;93;1996002929;COTAS;33290349.800422000000000;39488674000112
202511;117;2013002165;COTAS;4421030.961864000000000;
202511;93;2015001565;COTAS;2358386.341219000000000;39488674000112
202511;117;2013002165;COTAS;18.598276000000000;
202511;134;9970000000;COTAS;5105719.169999000000000;
202511;117;2013002238;COTAS;45083544.807408000000000;
202511;151;1980000956;CAIXA;156662.410000000000000;
202511;151;9970000000;COTAS;657762.733599000000000;
202511;151;9970000000;CAIXA;7592.620000000000000;
202511;117;2009001338;OPERACAO_PARTICIPANTE;24337769.220974343700000;
202511;117;2013002238;COTAS;29183556.935971000000000;
202511;117;2013002238;CAIXA;9818.110000000000000;
202511;182;1967000174;COTAS;560739.917160000000000;
202511;117;2013002165;COTAS;157835330.874837000000000;03211632000192
202511;117;1979004765;ACOES;52234911.080000000000000;
202511;93;2000002692;COTAS;55734201.353580000000000;12124223000140
202511;117;2018002147;COTAS;5663980.786399000000000;
202511;117;1979004765;COTAS;35212.381970000000000;
202511;117;2013002165;COTAS;9418019.723074000000000;
202511;151;1996004174;CAIXA;20865.570000000000000;
202511;117;2013002165;TIT_PUB;693755002.270000000000000;
202511;117;2018002147;COTAS;8210375.996058000000000;
202511;165;1979001911;COTAS;129201924.704554000000000;04899182000135
202511;117;2013002165;OPERACAO_PARTICIPANTE;6728049.219754021500000;
202511;93;2005003956;COTAS;3217999.403028000000000;12124223000140
202511;151;9970000000;VL_PG_RC;398328.900000000000000;
202511;117;2013002238;ACOES;118645881.020000000000000;
202511;117;2013002238;OPERACAO_PARTICIPANTE;21205725.470835001000000;
202511;93;2021002365;COTAS;5009578.635549000000000;39503903000120
202511;117;2018002147;COTAS;17324310.284294000000000;
202511;182;1967000174;COTAS;10252952.335916000000000;
202511;182;1967000174;COTAS;147521349.929998000000000;06137840000187
202511;182;1967000174;SWAP;587220.880000000000000;
202511;117;2013002238;COTAS;950823.529103000000000;
202511;117;2018002147;VL_PG_RC;584389.630000000000000;
202511;117;2013002165;TIT_PRIV;197075653.770000000000000;
202511;117;1979004765;COTAS;12443579.371167000000000;
202511;117;9970000000;CAIXA;532057.740000000000000;
202511;93;2005003956;COTAS;518508.556970000000000;39503903000120
202511;182;2010001419;CAIXA;122914.870000000000000;
202511;182;1967000174;COTAS;15481803.277425000000000;
202511;93;2006007556;VL_PG_RC;-1402135.000000000000000;
202511;182;1967000174;COTAS;3739744660.250436000000000;04320223000197
202511;117;2013002238;COTAS;12.591627000000000;
202511;117;2013002238;COTAS;9982935.940296000000000;
202511;93;9970000000;COTAS;8698263.941082000000000;
202511;182;2010001419;COTAS;9473877.406570000000000;
202511;117;2013002238;COTAS;15008618.881233000000000;
202511;117;2013002238;COTAS;37759416.139458000000000;
202511;182;2010001419;COTAS;25732550.500000000000000;
202511;182;2023000629;VL_PG_RC;-25176.850000000000000;
202511;117;2009001338;COTAS;1629867.092293000000000;
202511;117;2013002238;VL_PG_RC;973995.560000000000000;
202511;117;2013002165;COTAS;6670497.280549000000000;
202511;117;2013002238;COTAS;48478864.007685000000000;
202511;182;2010001419;COTAS;4173543.741327000000000;
202511;117;2013002238;COTAS;627630877.497433000000000;03211632000192
202511;121;1998003711;CAIXA;1000.000000000000000;
202511;196;1999004183;VL_PG_RC;-426621.000000000000000;
202511;134;1986000818;COTAS;3085380.829999000000000;
202511;117;2013002238;COTAS;3210.298989000000000;
202511;117;2018002147;COTAS;12005626.943956000000000;
202511;117;2013002238;TIT_PRIV;220536020.320000000000000;
202511;117;2018002147;COTAS;3978480.390234000000000;
202511;196;1999004183;COTAS;288882391.425659000000000;18079446000119
202511;117;2018002147;COTAS;4775158.993906000000000;
202511;121;1998003711;COTAS;355091435.389966000000000;04738236000180
202511;117;1979004765;COTAS;6883.170604000000000;
202511;182;2023000629;COTAS;1403476.370704000000000;
202511;196;9970000000;CAIXA;4005.870000000000000;
202511;117;9970000000;TIT_PRIV;21916960.200000000000000;
202511;117;2013002238;COTAS;26370455.223286000000000;
202511;134;1986000818;OPERACAO_PARTICIPANTE;606681.949996381900000;
202511;117;2018002147;ACOES;34311373.230000000000000;
202511;117;2018002147;COTAS;2947353.974577000000000;
202511;117;2013002238;COTAS;23875794.969580000000000;
202511;134;1986000818;COTAS;2974965.808951000000000;
202511;151;1980000956;VL_PG_RC;-44062.280000000000000;
202511;206;2010005538;COTAS;110477376.731748000000000;
202511;134;1986000818;COTAS;14452430.741702000000000;
202511;206;2010005538;COTAS;21893863.598801000000000;
202511;206;2010005538;COTAS;21804467.973753000000000;
202511;117;1979004765;COTAS;6366878.658566000000000;
202511;117;2025000219;VL_PG_RC;0.000000000000000;
202511;117;1979004765;VL_PG_RC;1018802.170000000000000;
202511;121;1986000265;VL_PG_RC;117765.550000000000000;
202511;117;2021001474;VL_PG_RC;-3423.350000000000000;
202511;117;2009001338;COTAS;186563039.535088000000000;03211632000192
202511;134;1986000818;COTAS;259622207.009977000000000;
202511;117;2013002238;COTAS;19892401.951175000000000;
202511;117;2018002147;COTAS;15.387637000000000;
202511;134;1986000818;COTAS;11621468.899998000000000;
202511;117;2018002147;COTAS;277022.405956000000000;
202511;134;1986000818;CAIXA;200216.230000000000000;
202511;211;1996005138;TIT_PUB;2639857197.980000000000000;
202511;117;1979004765;COTAS;5298270.842778000000000;
202511;117;2009001338;TIT_PRIV;38450048.440000000000000;
202511;117;2018002147;COTAS;2444800.638440000000000;
202511;117;2025000219;CAIXA;32.400000000000000;
202511;134;1986000818;COTAS;116122950.819922000000000;20934274000165
202511;134;1986000818;COTAS;647330110.290000000000000;18059047000196
202511;117;2021001474;CAIXA;39741.180000000000000;
202511;211;9970000000;COTAS;2633592.169369000000000;
202511;182;1967000174;COTAS;15167757.308034000000000;
202511;117;1979004765;COTAS;5002872.960409000000000;
202511;117;2018002147;COTAS;12213908.036627000000000;
202511;117;2013002238;COTAS;50514892.283428000000000;
202511;134;1986000818;COTAS;90184735.319999000000000;31533242000174
202511;117;2018002147;COTAS;121715996.226720000000000;03211632000192
202511;117;2018002147;COTAS;9394380.881016000000000;
202511;223;1980000492;COTAS;197112470.651063000000000;41745775000173
202511;121;9970000000;VL_PG_RC;0.000000000000000;
202511;223;2002004838;COTAS;14328581.470744000000000;39240107000142
202511;117;2009001338;COTAS;14819140.182252000000000;
202511;182;1967000174;COTAS;3849005.182617000000000;
202511;134;1986000818;COTAS;17894998.164044000000000;
202511;121;1998003711;VL_PG_RC;-6713.190000000000000;
202511;117;2018002147;COTAS;3335248.640275000000000;
202511;117;9970000000;VL_PG_RC;-3323.710000000000000;
202511;134;1986000818;COTAS;6283040.000000000000000;
202511;117;2025000219;COTAS;3825.216620000000000;03211632000192
202511;182;2010001419;COTAS;27657091.246095000000000;
202511;117;2013002165;COTAS;24291.700959000000000;
202511;182;9970000000;CAIXA;36439.350000000000000;
202511;134;1986000818;COTAS;5968936.499831000000000;
202511;121;9970000000;CAIXA;563.540000000000000;
202511;117;2013002165;COTAS;3667200.957661000000000;
202511;134;1986000818;COTAS;63842481.490001000000000;46171893000139
202511;134;1986000818;COTAS;5128433.320000000000000;
202511;117;2013002238;COTAS;6085456.614065000000000;
202511;206;4002060047;COTAS;8927826.196911000000000;
202511;117;2013002165;COTAS;16916686.009372000000000;
202511;134;1986000818;COTAS;8188465.999474000000000;
202511;223;2002004838;VL_PG_RC;2107.830000000000000;
202511;206;1988000874;COTAS;8079398.726958000000000;
202511;206;9970000000;VL_PG_RC;0.000000000000000;
202511;117;2013002238;COTAS;23920679.607906000000000;
202511;117;2018002147;COTAS;3923.026194000000000;
202511;134;1986000818;COTAS;16802249.411723000000000;
202511;211;1996005219;COTAS;149489.396911000000000;
202511;134;1986000818;COTAS;121412785.859995000000000;
202511;206;1988000874;COTAS;95740959.189153000000000;
202511;134;1986000818;COTAS;27348452.930058000000000;
202511;211;1996005138;COTAS;262891375.471089000000000;
202511;223;2019003929;COTAS;2050718.557153000000000;39240107000142
202511;117;2018002147;TIT_PRIV;108641552.130000000000000;
202511;134;1986000818;COTAS;17847159.055337000000000;
202511;182;2010001419;COTAS;9622512.970448000000000;
202511;134;1986000818;COTAS;14553075.790000000000000;
202511;237;1981000119;COTAS;216716.454399000000000;
202511;134;1986000818;COTAS;210363506.860088000000000;21186519000186
202511;134;1986000818;COTAS;101594767.531287000000000;19831152000164
202511;151;1996004174;COTAS;15709669.238776000000000;
202511;134;1986000818;COTAS;40691903.260000000000000;
202511;211;1996005138;COTAS;31877799.707786000000000;
202511;134;1986000818;COTAS;16747388.602813000000000;
202511;182;9970000000;COTAS;107745953.745960000000000;04320223000197
202511;134;9970000000;VL_PG_RC;-3737.640000000000000;
202511;117;2018002147;COTAS;17056108.633607000000000;
202511;211;1996005219;COTAS;2052468.376791000000000;
202511;151;1996004174;COTAS;59840552.387428000000000;
202511;206;1988000874;TIT_PUB;860990820.860000000000000;
202511;165;1979001911;TIT_PUB;207107196.540000000000000;
202511;151;1996004174;COTAS;14750904.501511000000000;
202511;211;1997002329;ACOES;465644.460000000000000;
202511;117;2021001474;COTAS;5691293.146462000000000;
202511;182;1967000174;TIT_PUB;30323029.500000000000000;
202511;134;1986000818;COTAS;11619741.620089000000000;
202511;117;2013002238;COTAS;11562656.396875000000000;
202511;206;9970000000;CAIXA;5670.290000000000000;
202511;117;2018002147;CAIXA;9105.930000000000000;
202511;134;1986000818;VL_PG_RC;-24926.550000000000000;
202511;223;1980000492;COTAS;8173839.360000000000000;
202511;182;2010001419;COTAS;31896060.072674000000000;
202511;182;2010001419;COTAS;468676.005537000000000;
202511;117;2018002147;IMOVEIS;37779514.200000000000000;
202511;182;2010001419;COTAS;11523370.747650000000000;
202511;117;2018002147;TIT_PUB;409400592.220000000000000;
202511;134;9970000000;COTAS;3037654.860005000000000;
202511;151;1996004174;COTAS;258790568.352842000000000;
202511;151;1996004174;COTAS;297663582.992553000000000;
202511;237;1981000119;COTAS;162391.565867000000000;
202511;151;1980000956;TIT_PUB;1329750240.470000000000000;
202511;165;1979001911;OPERACAO_PARTICIPANTE;2868936.270000000000000;
202511;151;1996004174;COTAS;276084556.060573000000000;
202511;151;1996004174;TIT_PUB;261643842.290000000000000;
202511;211;1996005138;CAIXA;172135.990000000000000;
202511;182;2010001419;COTAS;15167757.318284000000000;
202511;211;1996005138;VL_PG_RC;9173096.560000000000000;
202511;211;1996005219;TIT_PUB;373647608.620000000000000;
202511;165;1979001911;CAIXA;74292.830000000000000;
202511;237;1982000147;OPERACAO_PARTICIPANTE;2872388.530691000000000;
202511;117;2018002147;COTAS;3042766.262109000000000;
202511;165;1979001911;COTAS;108631789.448422000000000;07667179000184
202511;165;9970000000;VL_PG_RC;0.000000000000000;
202511;211;1996005219;COTAS;5753636.409488000000000;
202511;165;1979001911;IMOVEIS;12690000.000000000000000;
202511;211;1997002329;COTAS;42040.317109000000000;
202511;117;9970000000;COTAS;113518131.057607000000000;
202511;211;1997002329;COTAS;9503674.696210000000000;
202511;211;1996005138;COTAS;12919890.571620000000000;
202511;223;1980000492;COTAS;332107599.741229000000000;39240107000142
202511;211;1996005138;COTAS;20244208.627736000000000;
202511;196;1999004183;OPERACAO_PARTICIPANTE;6384583.230000000000000;
202511;223;2011000874;COTAS;23955378.880125000000000;
202511;121;1986000265;CAIXA;1000.000000000000000;
202511;182;1967000174;COTAS;7719765.150000000000000;
202511;117;9970000000;COTAS;113887.358266000000000;
202511;223;1980000492;CAIXA;27709.580000000000000;
202511;206;1988000874;COTAS;36206112.890991000000000;
202511;211;1996005138;COTAS;21251757.542224000000000;
202511;206;4002060047;COTAS;35947972.714085000000000;
202511;211;1996005219;OPERACAO_PARTICIPANTE;7079903.129748977800000;
202511;182;2010001419;COTAS;6077740.536341000000000;
202511;182;1967000174;ACOES;28562415.000000000000000;
202511;151;1996004174;COTAS;120665399.851379000000000;
202511;117;2021001474;COTAS;4557066.284706000000000;03211632000192
202511;237;1979000492;COTAS;21832.000000000000000;
202511;121;9970000000;COTAS;3691001.969999000000000;
202511;182;2010001419;COTAS;1404177.170961000000000;
202511;117;2023000238;CAIXA;6967.660000000000000;
202511;121;1998003711;OPERACAO_PARTICIPANTE;4608656.690113785800000;
202511;211;2021000192;COTAS;1661505.197681000000000;
202511;134;1986000818;COTAS;80146479.309977000000000;60742493000167
202511;182;2010001419;COTAS;13432306.954210000000000;
202511;237;1982000856;COTAS;32116.037464000000000;
202511;151;1996004174;COTAS;120533413.255504000000000;
202511;182;2010001419;COTAS;10253045.481458000000000;
202511;182;2010001419;COTAS;8921123.201765000000000;
202511;182;2010001419;VL_PG_RC;-1971111.700000000000000;
202511;134;1986000818;COTAS;9596827.999999000000000;
202511;206;4002060047;COTAS;2716186.214574000000000;
202511;223;2002004838;COTAS;7325261.700000000000000;
202511;211;1997002329;COTAS;18630.346103000000000;
202511;134;1986000818;COTAS;169676.700000000000000;
202511;223;2011000874;COTAS;9433.017320000000000;
202511;151;1996004174;TIT_PRIV;18695885.220000000000000;
202511;151;1996004174;COTAS;39549369.241270000000000;
202511;196;1999004183;COTAS;8755100.616333000000000;
202511;223;1980000492;ALUGUEL;12849653.310000000000000;
202511;223;2019003929;VL_PG_RC;96737.470000000000000;
202511;165;1979001911;COTAS;787953.928274000000000;
202511;223;1980000492;VL_PG_RC;2944960.130000000000000;
202511;237;2005002283;COTAS;7322618.903522000000000;47228177000103
202511;211;1997002329;COTAS;771237.926147000000000;
202511;182;1967000174;COTAS;3449963.518037000000000;
202511;211;1996005138;OPERACAO_PARTICIPANTE;137833866.423389541500000;
202511;211;1997002329;VL_PG_RC;25209.530000000000000;
202511;237;1979000492;COTAS;103535640.613424000000000;
202511;223;2011000874;COTAS;3944719.350000000000000;
202511;211;2021000192;CAIXA;7380.690000000000000;
202511;211;9970000000;TIT_PUB;4953275.600000000000000;
202511;211;1996005219;COTAS;3674509.192486000000000;
202511;211;9970000000;CAIXA;232476.410000000000000;
202511;223;2002004838;COTAS;8560595.997107000000000;
202511;182;1967000174;COTAS;14279835.838626000000000;
202511;151;1996004174;COTAS;23869968.003827000000000;
202511;182;2010001419;COTAS;14279835.864937000000000;
202511;182;2023000629;COTAS;235546.997024000000000;
202511;182;2023000629;COTAS;10070416.570038000000000;
202511;182;1967000174;TIT_PRIV;11432836.610000000000000;
202511;196;9970000000;VL_PG_RC;0.000000000000000;
202511;165;1979001911;VL_PG_RC;49332.030000000000000;
202511;237;1979000492;COTAS;614733669.324994000000000;04733518000195
202511;134;1986000818;COTAS;2025913.490000000000000;
202511;182;2010001419;COTAS;883642.587718000000000;
202511;165;9970000000;COTAS;3181279.287385000000000;
202511;237;1981000119;COTAS;6834901.043728000000000;
202511;182;1967000174;IMOVEIS;172591563.190000000000000;
202511;237;2007000792;COTAS;80902528.623706000000000;
202511;237;1982000147;COTAS;329077.139854000000000;42120328000191
202511;237;2007000865;COTAS;62126.810609000000000;
202511;182;9970000000;VL_PG_RC;-72955.810000000000000;
202511;237;2005002283;COTAS;15898072.678401000000000;
202511;237;2005002356;COTAS;14347726.845344000000000;
202511;206;1988000874;COTAS;62103540.352356000000000;
202511;206;1988000874;COTAS;8058112.149142000000000;
202511;237;2007000865;COTAS;14802.353867000000000;
202511;206;2010005538;CAIXA;299287.700000000000000;
202511;206;4002060047;VL_PG_RC;-154412.710000000000000;
202511;237;2007000865;COTAS;4618267.626768000000000;04733518000195
202511;211;1996005219;COTAS;5933206.497463000000000;
202511;237;2005002356;COTAS;1308513.534469000000000;
202511;237;2007001047;CAIXA;20086.870000000000000;
202511;237;2005002356;COTAS;10200824.431736000000000;41956824000117
202511;237;2007001047;COTAS;162780.267492000000000;08944896000179
202511;237;2007001047;COTAS;268220.618546000000000;41956824000117
202511;237;2007002574;COTAS;12108013.286180000000000;
202511;237;2007003392;CAIXA;23471.260000000000000;
202511;237;2007003392;COTAS;60.000000000000000;
202511;237;2007003392;COTAS;169908.266687000000000;
202511;237;2009001192;COTAS;1037204.394923000000000;42120328000191
202511;237;2014000883;COTAS;3672782.333223000000000;
202511;182;2010001419;COTAS;2735514316.517028000000000;52356027000115
202511;206;1988000874;CAIXA;209849.850000000000000;
202511;237;1979000492;COTAS;192026438.567076000000000;
202511;206;2010005538;COTAS;37355802.794976000000000;
202511;182;9970000000;IMOVEIS;2295000.000000000000000;
202511;182;1967000174;VL_PG_RC;-32704250.490000000000000;
202511;182;9970000000;COTAS;1397183.272987000000000;
202511;206;2010005538;COTAS;110129164.088938000000000;
202511;237;1979000492;COTAS;89223799.721986000000000;08944896000179
202511;196;1999004183;COTAS;4227000.350558000000000;
202511;182;2010001419;COTAS;11602709.406822000000000;53544038000191
202511;206;2010005538;COTAS;110093291.861561000000000;
202511;237;1981000119;COTAS;546.000000000000000;
202511;223;2011000874;COTAS;2342988.720000000000000;
202511;206;4002060047;COTAS;7990515.604862000000000;
202511;165;9970000000;COTAS;383.897441000000000;
202511;237;1982000147;COTAS;15476075.134417000000000;04733518000195
202511;237;1981000119;COTAS;807975.355897000000000;42120328000191
202511;206;4002060047;COTAS;36237822.311442000000000;
202511;237;1982000147;COTAS;1832155.899795000000000;47228177000103
202511;206;1988000874;COTAS;38369371.327459000000000;
202511;206;2010005538;VL_PG_RC;-1408786.110000000000000;
202511;211;1996005138;COTAS;29157837.758794000000000;
202511;196;1999004183;TIT_PRIV;424570.580000000000000;
202511;182;1967000174;CAIXA;367380.310000000000000;
202511;182;2023000629;CAIXA;64119.580000000000000;
202511;211;1997002329;COTAS;701374.856706000000000;
202511;223;2011000874;IMOVEIS;2728834.000000000000000;
202511;211;2021000192;VL_PG_RC;-887.470000000000000;
202511;196;1999004183;CAIXA;179103.930000000000000;
202511;206;4002060047;COTAS;2742199.407057000000000;
202511;223;9970000000;COTAS;1150015.300000000000000;
202511;237;1979000492;COTAS;26835895.325256000000000;
202511;206;1988000874;COTAS;3516198.754253000000000;
202511;237;1981000119;COTAS;2092874.134191000000000;47227862000115
202511;206;4002060047;COTAS;2006750.994206000000000;
202511;223;9970000000;IMOVEIS;4715586.340000000000000;
202511;237;1982000147;COTAS;7328012.448815000000000;
202511;206;1988000874;COTAS;62102389.999838000000000;
202511;211;1997002329;CAIXA;54736.700000000000000;
202511;237;1981000119;VL_PG_RC;1210246.940000000000000;
202511;237;1979000492;COTAS;93418740.046629000000000;42120328000191
202511;211;1996005138;ACOES;154455491.090000000000000;
202511;211;1997002329;COTAS;254902.011755000000000;
202511;206;1988000874;COTAS;63733114.852074000000000;
202511;182;1967000174;COTAS;13432306.954210000000000;
202511;237;2005002283;COTAS;1676.815930000000000;
202511;182;1967000174;OPERACAO_PARTICIPANTE;134904761.740000000000000;
202511;206;1988000874;COTAS;3534377.070084000000000;
202511;211;1996005138;TIT_PRIV;56689373.360000000000000;
202511;237;2005002283;COTAS;67302.295048000000000;
202511;206;2010005538;COTAS;120312094.397218000000000;
202511;237;1982000856;COTAS;2028190.379933000000000;04733518000195
202511;211;1996005138;COTAS;34355619.747429000000000;
202511;237;1979000492;COTAS;77667838.748363000000000;47227862000115
202511;237;2014000883;TIT_PUB;70750465.290000000000000;
202511;182;2023000629;COTAS;293871.264708000000000;
202511;211;9970000000;COTAS;28170106.599554000000000;
202511;237;2018000365;TIT_PUB;11722201.260000000000000;
202511;237;1982000147;TIT_PUB;71660003.100000000000000;
202511;182;2023000629;TIT_PRIV;25771093.430000000000000;
202511;211;9970000000;COTAS;2009028.159997000000000;
202511;211;1997002329;COTAS;730610.952915000000000;
202511;206;2010005538;COTAS;37161918.999167000000000;
202511;206;4002060047;CAIXA;81970.510000000000000;
202511;237;1979000492;VL_PG_RC;44477328.230000000000000;
202511;182;2010001419;OPERACAO_PARTICIPANTE;209944263.930000000000000;
202511;223;2002004838;COTAS;10615101.250000000000000;
202511;211;1996005219;VL_PG_RC;1619528.810000000000000;
202511;211;1997002329;COTAS;602708.448000000000000;
202511;211;1996005138;COTAS;19581169.566079000000000;
202511;223;2011000874;ACOES;0.000000000000000;
202511;206;4002060047;COTAS;8933740.969621000000000;
202511;223;2019003929;ALUGUEL;646948.770000000000000;
202511;211;1996005219;CAIXA;85446.940000000000000;
202511;223;2019003929;COTAS;1468400.250000000000000;
202511;211;1997002329;TIT_PUB;4076537.440000000000000;
202511;196;9970000000;COTAS;4118463.327792000000000;
202511;211;1996005219;COTAS;5718837.861700000000000;
202511;206;1988000874;COTAS;95856511.896712000000000;
202511;237;1981000119;COTAS;19366275.305561000000000;04733518000195
202511;211;1996005219;COTAS;52937101.759362000000000;
202511;237;2005002356;TIT_PUB;353931656.450000000000000;
202511;237;1981000119;OPERACAO_PARTICIPANTE;2533952.827577000000000;
202511;237;1982000147;COTAS;243321.589559000000000;
202511;206;1988000874;VL_PG_RC;-1049510.930000000000000;
202511;237;1982000856;COTAS;452219.793265000000000;
202511;223;2011000874;COTAS;23959719.822087000000000;
202511;237;2005002356;COTAS;1831921.441937000000000;
202511;206;2010005538;COTAS;121033326.940711000000000;
202511;206;2010005538;COTAS;110205424.899125000000000;
202511;211;1996005219;ACOES;25821504.230000000000000;
202511;211;9970000000;COTAS;1422373.565753000000000;
202511;223;2019003929;COTAS;2785215.036112000000000;41745775000173
202511;237;1982000856;CAIXA;20140.410000000000000;
202511;237;2005002283;COTAS;12969552.437457000000000;
202511;237;2007000792;TIT_PUB;1652228396.520000000000000;
202511;211;1996005219;COTAS;2784632.816824000000000;
202511;237;2007000792;COTAS;94491467.871339000000000;
202511;271;1983000256;COTAS;10026470.100000000000000;
202511;237;2007000792;COTAS;3436535.193491000000000;
202511;237;1982000856;COTAS;118.000000000000000;
202511;223;2019003929;CAIXA;3820.060000000000000;
202511;211;9970000000;COTAS;54926001.225691000000000;
202511;271;1983000256;TIT_PRIV;129810806.710000000000000;
202511;237;2007002647;COTAS;640325.869469000000000;
202511;223;9970000000;CAIXA;14133.680000000000000;
202511;206;4002060047;COTAS;8006548.835011000000000;
202511;223;1980000492;COTAS;39134751.000000000000000;
202511;237;1982000856;COTAS;56481.518304000000000;42120328000191
202511;223;2019003929;TIT_PUB;32599365.540000000000000;
202511;211;9970000000;COTAS;1981.539928000000000;
202511;211;1996005138;COTAS;263852347.642468000000000;
202511;223;2011000874;COTAS;38940432.650110000000000;41745775000173
202511;237;2007000865;COTAS;545564.387902000000000;
202511;237;2007000865;COTAS;39037.402980000000000;
202511;237;1982000856;COTAS;20180.127596000000000;
202511;237;2007000865;OPERACAO_PARTICIPANTE;4096986.390208000000000;
202511;223;9970000000;COTAS;45632882.444938000000000;41745775000173
202511;237;2007002647;COTAS;10207196.496575000000000;
202511;211;1996005219;TIT_PRIV;11835849.220000000000000;
202511;237;1979000492;CAIXA;115639.640000000000000;
202511;237;2007000865;TIT_PUB;15870361.410000000000000;
202511;211;1996005138;IMOVEIS;70192840.000000000000000;
202511;237;1979000492;OPERACAO_PARTICIPANTE;98665204.326260000000000;
202511;211;1996005219;COTAS;40344878.395268000000000;
202511;237;2007002647;COTAS;4609232.761861000000000;47227862000115
202511;237;2007002647;VL_PG_RC;117201.530000000000000;
202511;211;1996005219;COTAS;3612909.828511000000000;
202511;237;1982000856;COTAS;197106.537005000000000;08944896000179
202511;223;2019003929;COTAS;191247.720000000000000;
202511;237;2007001047;COTAS;56482.706005000000000;
202511;237;2007003147;COTAS;4146766.929779000000000;
202511;285;1998005283;COTAS;70916410.627412000000000;
202511;211;9970000000;VL_PG_RC;-2670.850000000000000;
202511;285;1998005283;OP_COMP;301077728.720000000000000;
202511;223;9970000000;VL_PG_RC;0.000000000000000;
202511;237;2005002283;COTAS;64398834.745319000000000;04733518000195
202511;237;1979000492;COTAS;18932051.455420000000000;
202511;237;1982000856;COTAS;298766.024613000000000;47227862000115
202511;285;2006000756;VL_PG_RC;0.000000000000000;
202511;223;1980000492;COTAS;289110217.934326000000000;
202511;237;1979000492;COTAS;93561824.156147000000000;41956824000117
202511;237;2009001192;COTAS;243683.680117000000000;
202511;223;1980000492;COTAS;349157.573692000000000;
202511;285;2024000274;COTAS;25262.932619000000000;
202511;237;2005002356;COTAS;2082458.989843000000000;
202511;223;2002004838;ALUGUEL;5621782.770000000000000;
202511;237;1982000856;COTAS;56568.025852000000000;41956824000117
202511;299;1981000518;CAIXA;11778.770000000000000;
202511;237;2007002574;CAIXA;18429.010000000000000;
202511;223;2002004838;TIT_PUB;211537553.090000000000000;
202511;223;1980000492;IMOVEIS;103022937.520000000000000;
202511;223;2002004838;COTAS;8503498.295585000000000;
202511;223;2011000874;OPERACAO_PARTICIPANTE;2972441.920000000000000;
202511;223;2019003929;COTAS;2106283.689299000000000;
202511;223;1980000492;OPERACAO_PARTICIPANTE;10755307.733961779200000;
202511;237;2005002283;COTAS;86087.679649000000000;
202511;237;2007002574;COTAS;641536.300684000000000;
202511;223;1980000492;COTAS;27803795.850000000000000;
202511;237;2009001192;COTAS;119384.616544000000000;
202511;299;1981000518;COTAS;5505906.369611000000000;
202511;237;1982000147;COTAS;191762.892599000000000;
202511;299;1981000518;COTAS;13076545.933286000000000;
202511;237;2005002283;COTAS;1106706.124198000000000;
202511;237;2005002356;COTAS;439047.494857000000000;
202511;237;1979000492;COTAS;129859642.987342000000000;
202511;237;2007002574;TIT_PUB;278279612.330000000000000;
202511;237;2005002283;COTAS;9231191.656117000000000;41956824000117
202511;237;2007003147;COTAS;406.000000000000000;
202511;237;2005002283;COTAS;12738031.030678000000000;
202511;237;1982000147;COTAS;740342.865119000000000;
202511;223;2002004838;COTAS;18832562.550544000000000;41745775000173
202511;237;2005002356;COTAS;14331857.949343000000000;
202511;237;1981000119;COTAS;1575842.213633000000000;
202511;237;2013000911;COTAS;595524.415941000000000;
202511;237;1981000119;CAIXA;17475.560000000000000;
202511;237;2007000792;COTAS;876.000000000000000;
202511;223;2002004838;COTAS;297732.360000000000000;
202511;309;1979003629;COTAS;513935.146618000000000;
202511;237;2007001047;COTAS;481555.700370000000000;
202511;237;2007000865;COTAS;236035.544741000000000;
202511;237;2007001047;COTAS;597905.090431000000000;47227862000115
202511;237;2013000911;COTAS;5563910.077778000000000;04733518000195
202511;237;2007002647;COTAS;33583974.015211000000000;04733518000195
202511;237;2014000883;COTAS;880850.574481000000000;47228177000103
202511;237;2005002283;COTAS;739001.098790000000000;47227862000115
202511;237;1981000119;COTAS;14273663.234080000000000;
202511;237;2018000365;COTAS;524510.284531000000000;41956824000117
202511;223;2011000874;COTAS;11993606.500000000000000;
202511;237;2007000865;COTAS;296261.839904000000000;42120328000191
202511;237;1981000119;COTAS;4694674.407199000000000;
202511;237;2005002356;COTAS;12459885.709317000000000;
202511;223;2019003929;COTAS;993855.450000000000000;
202511;237;1981000119;COTAS;867642.010738000000000;08944896000179
202511;237;9970000000;CAIXA;22571.910000000000000;
202511;237;2018000365;COTAS;3290177.878808000000000;04733518000195
202511;237;9970000000;COTAS;10798652.254121000000000;
202511;237;2007003392;COTAS;1719979.206345000000000;
202511;254;1987000447;TIT_PUB;261382752.770000000000000;
202511;254;9970000000;COTAS;27196352.030864000000000;
202511;271;1983000256;OPERACAO_PARTICIPANTE;8599404.519811628700000;
202511;237;2007003392;COTAS;735451.666034000000000;08944896000179
202511;237;2007003392;COTAS;1291970.268993000000000;41956824000117
202511;271;2008002111;TIT_PUB;6153260.990000000000000;
202511;285;1979001774;COTAS;54367348.239227000000000;52342548000113
202511;285;2024000274;COTAS;25345.680128000000000;41373641000179
202511;14;1980000883;IMOVEIS;16444443.580000000000000;
202511;285;9970000000;VL_PG_RC;0.000000000000000;
202511;299;9970000000;VL_PG_RC;0.000000000000000;
202511;14;2023001692;COTAS;3295130.481497000000000;
202511;309;1979003629;COTAS;11703748.200872000000000;
202511;309;2019001519;COTAS;59699.033017000000000;34793104000112
202511;237;2005002283;COTAS;23634768.621475000000000;
202511;223;2011000874;COTAS;13611672.111107000000000;39240107000142
202511;237;2007002574;COTAS;11616442.378561000000000;
202511;237;1982000147;IMOVEIS;15320701.740000000000000;
202511;223;2011000874;CAIXA;5042.870000000000000;
202511;237;1981000119;COTAS;1136920.306968000000000;
202511;31;1988003156;COTAS;7445120.430269000000000;
202511;223;1980000492;TIT_PUB;3492503256.450000000000000;
202511;237;1981000119;COTAS;1054567.727896000000000;
202511;31;1988003156;COTAS;45768405.547163000000000;
202511;31;1988003156;COTAS;5482648.094700000000000;
202511;223;2019003929;COTAS;2149007.808136000000000;
202511;59;1982000783;COTAS;-1912.580432000000000;
202511;312;1978000138;COTAS;827699.674829000000000;
202511;237;1982000856;COTAS;1759724.316796000000000;
202511;59;1982000783;COTAS;999820.522394000000000;
202511;312;1978000138;OPERACAO_PARTICIPANTE;102137012.146312100000000;
202511;59;1982001811;COTAS;752.760606000000000;
202511;312;9970000000;VL_PG_RC;0.000000000000000;
202511;59;1982001811;OPERACAO_PARTICIPANTE;53387.080000000000000;
202511;237;2005002283;IMOVEIS;28904205.490000000000000;
202511;223;2011000874;VL_PG_RC;82365.630000000000000;
202511;309;1979003629;COTAS;56348550.950482000000000;34793104000112
202511;223;9970000000;COTAS;35670225.395912000000000;39240107000142
202511;237;2007000865;CAIXA;20046.450000000000000;
202511;237;2007003147;OPERACAO_PARTICIPANTE;333979.390000000000000;
202511;326;1979002118;VL_PG_RC;931834.180000000000000;
202511;237;2007003392;TIT_PUB;59402794.050000000000000;
202511;223;2002004838;OPERACAO_PARTICIPANTE;1704968.604598014000000;
202511;237;1982000856;IMOVEIS;1383640.410000000000000;
202511;241;1979003947;TIT_PUB;170635861.830000000000000;
202511;237;1982000856;COTAS;462920.344539000000000;
202511;309;1979003629;TIT_PUB;829157990.280000000000000;
202511;237;2007000865;COTAS;281731.102596000000000;47227862000115
202511;326;2021002111;COTAS;1349408.144803000000000;
202511;237;2009001192;COTAS;924083.062070000000000;47228177000103
202511;237;1982000856;COTAS;311200.369462000000000;47228177000103
202511;237;2013000911;COTAS;78145.674289000000000;
202511;241;2010003683;OPERACAO_PARTICIPANTE;11388338.199583387600000;
202511;309;2011000165;COTAS;7963564.072932000000000;
202511;254;1987000447;COTAS;64158630.657673000000000;
202511;237;1982000856;OPERACAO_PARTICIPANTE;309637.990000000000000;
202511;237;2007001047;COTAS;352988.674642000000000;
202511;254;2020003147;VL_PG_RC;6504.840000000000000;
202511;237;1982000856;TIT_PUB;12192170.260000000000000;
202511;237;2005002356;COTAS;7253850.661797000000000;47228177000103
202511;326;1979002118;COTAS;140236397.521722000000000;49997061000164
202511;237;2005002283;COTAS;9217074.380780000000000;42120328000191
202511;223;2011000874;ALUGUEL;8676454.200000000000000;
202511;237;1981000119;COTAS;809212.889639000000000;41956824000117
202511;237;1979000492;COTAS;116081319.724647000000000;
202511;237;2007001047;COTAS;35490.919765000000000;
202511;237;1979000492;COTAS;86472961.213471000000000;47228177000103
202511;237;2005002283;VL_PG_RC;5717456.110000000000000;
202511;237;2007003392;COTAS;573702.808978000000000;
202511;237;2007003392;COTAS;1815180.207297000000000;
202511;237;2005002283;TIT_PUB;409675906.080000000000000;
202511;237;2013000911;COTAS;45201.457622000000000;
202511;237;2007001047;COTAS;267810.439331000000000;42120328000191
202511;237;2014000883;CAIXA;20033.010000000000000;
202511;223;9970000000;COTAS;27065655.770466000000000;
202511;237;1979000492;IMOVEIS;226561063.870000000000000;
202511;268;1979003874;CAIXA;300968.090000000000000;
202511;237;2005002356;COTAS;11725068.766529000000000;
202511;237;2005002356;CAIXA;23089.260000000000000;
202511;237;2007000865;COTAS;24.000000000000000;
202511;326;2006001574;CAIXA;22429.260000000000000;
202511;237;2014000883;COTAS;146766.129322000000000;
202511;326;9970000000;COTAS;26616692.007655000000000;49995995000167
202511;237;2007000792;COTAS;66596105.756298000000000;
202511;237;2005002356;COTAS;346015.401899000000000;
202511;268;1979003874;COTAS;39761996.449999000000000;
202511;237;2014000883;COTAS;233573.765980000000000;
202511;237;2005002356;OPERACAO_PARTICIPANTE;17706074.666764000000000;
202511;326;2023001838;COTAS;4118431.260047000000000;49995995000167
202511;237;2018000365;COTAS;523708.199686000000000;42120328000191
202511;237;2007000792;COTAS;39541348.759886000000000;41956824000117
202511;237;1981000119;COTAS;126955.740054000000000;
202511;237;2007000792;COTAS;14655371.535486000000000;
202511;237;2007000865;COTAS;758208.115285000000000;
202511;237;1982000147;COTAS;768832.140432000000000;
202511;237;1981000119;COTAS;136173.828056000000000;
202511;237;2018000365;COTAS;78366.386327000000000;
202511;361;1980002029;OPERACAO_PARTICIPANTE;45133225.230000000000000;
202511;237;9970000000;COTAS;13840351.494203000000000;
202511;241;2010003683;COTAS;39707966.756276000000000;06290652000194
202511;254;2020003147;CAIXA;1215.620000000000000;
202511;271;1983000256;COTAS;104174.550000000000000;
202511;271;1983000256;COTAS;4548663.714717000000000;
202511;237;2007000865;COTAS;257567.574006000000000;08944896000179
202511;237;1982000147;CAIXA;21359.120000000000000;
202511;81;1998001229;CAIXA;36047.930000000000000;
202511;268;1979003874;TIT_PUB;1473868943.320000000000000;
202511;271;1983000256;TIT_PUB;644130016.400000000000000;
202511;81;1998001229;COTAS;6610058.966174000000000;
202511;223;9970000000;COTAS;27065123.602833000000000;
202511;237;2007001047;VL_PG_RC;231730.280000000000000;
202511;271;2008002111;CAIXA;15180.240000000000000;
202511;326;9970000000;TIT_PUB;83429475.090000000000000;
202511;271;2008002111;COTAS;188974.434893000000000;
202511;271;9970000000;COTAS;260756.602308000000000;
202511;81;1998001229;COTAS;1620730.795765000000000;
202511;285;1979001774;VL_PG_RC;39255361.700000000000000;
202511;237;1982000147;COTAS;5741981.993019000000000;
202511;81;1998001229;COTAS;16886139.548205000000000;
202511;285;1998005283;COTAS;310227577.279328000000000;
202511;271;1983000256;COTAS;0.272353000000000;
202511;237;1982000147;COTAS;572525.175361000000000;08944896000179
202511;271;1983000256;COTAS;181461.720000000000000;
202511;361;2001002165;COTAS;19602813.888438000000000;
202511;237;2005002356;COTAS;4067457.853376000000000;08944896000179
202511;93;1979002592;COTAS;2953956.222809000000000;12124223000140
202511;237;1982000147;COTAS;329581.172722000000000;41956824000117
202511;271;1983000256;COTAS;1165364.637500000000000;
202511;93;1979002592;COTAS;302617.820432000000000;39503903000120
202511;361;1980002029;COTAS;74399474.207777000000000;55167531000165
202511;93;1994000619;COTAS;6915844062.180048000000000;10786628000118
202511;237;2005002356;COTAS;59246344.238007000000000;04733518000195
202511;237;1982000856;COTAS;55137.814334000000000;
202511;93;1996002856;CAIXA;12711.950000000000000;
202511;237;2007000865;COTAS;296715.624614000000000;41956824000117
202511;237;1979000492;COTAS;30129776.943794000000000;
202511;237;2005002283;COTAS;11906310.482851000000000;
202511;237;1979000492;COTAS;34326317.671389000000000;
202511;237;2007000792;COTAS;55554430.681619000000000;
202511;237;2007000792;COTAS;39480878.203489000000000;42120328000191
202511;237;9970000000;COTAS;10190987.816974000000000;
202511;237;2005002283;COTAS;427268.108293000000000;08944896000179
202511;237;2007000792;COTAS;23750865.360308000000000;47227862000115
202511;237;2007001047;COTAS;2248300.878331000000000;04733518000195
202511;237;2007000792;VL_PG_RC;481701.110000000000000;
202511;237;2007002574;COTAS;5641308.158083000000000;
202511;237;2007001047;COTAS;622789.331814000000000;47228177000103
202511;237;9970000000;COTAS;1367012.188935000000000;
202511;237;1979000492;TIT_PUB;4541569528.010000000000000;
202511;237;2007000792;COTAS;367099340.453255000000000;04733518000195
202511;237;1981000119;IMOVEIS;6183881.700000000000000;
202511;237;9970000000;VL_PG_RC;-4006.010000000000000;
202511;237;2005002283;OPERACAO_PARTICIPANTE;815787.000000000000000;
202511;237;2007002574;COTAS;3136555.903440000000000;
202511;237;1982000147;COTAS;9871908.673528000000000;
202511;237;2007002574;COTAS;930969.003175000000000;
202511;237;1982000147;COTAS;417689.531616000000000;
202511;237;2005002356;COTAS;626.000000000000000;
202511;237;1982000147;COTAS;1718599.875808000000000;47227862000115
202511;237;2007002647;COTAS;7397047.687829000000000;
202511;237;2007002574;COTAS;8854227.308887000000000;
202511;361;2001002238;COTAS;248341.936343000000000;
202511;237;2007000865;COTAS;394777.593349000000000;47228177000103
202511;237;1982000147;VL_PG_RC;3029584.610000000000000;
202511;237;2007000792;COTAS;5752325.117264000000000;
202511;241;2010003683;COTAS;112124176.371658000000000;
202511;254;2020003147;COTAS;366587.731545000000000;
202511;268;1979003874;COTAS;5527218.792250000000000;
202511;271;2008002111;VL_PG_RC;-601.160000000000000;
202511;285;1998005283;COTAS;311364709.044778000000000;
202511;361;2001002238;COTAS;11908221.183674000000000;57188854000160
202511;285;2024000274;COTAS;444636.497509000000000;
202511;309;1979003629;CAIXA;65490821.520000000000000;
202511;237;2007000792;COTAS;35768544.579526000000000;08944896000179
202511;361;2022002938;CAIXA;1510.440000000000000;
202511;309;1979003629;IMOVEIS;22612349.170000000000000;
202511;312;1978000138;COTAS;4525255.264567000000000;
202511;391;1979001529;COTAS;59109838.914319000000000;
202511;312;1978000383;OPERACAO_PARTICIPANTE;2857991.030000000000000;
202511;237;2007001047;COTAS;445390.649477000000000;
202511;237;2007002574;COTAS;6302073.210100000000000;41956824000117
202511;312;1978000383;TIT_PRIV;3931916.690000000000000;
202511;237;2007002574;COTAS;6292435.468274000000000;42120328000191
202511;326;1979002118;COTAS;28348355.310000000000000;
202511;391;1979001529;COTAS;18975819.849887000000000;
202511;237;2007002647;COTAS;1444176.880032000000000;
202511;237;2007002647;COTAS;232035.871803000000000;
202511;391;1979001529;COTAS;848457980.664448000000000;17405933000161
202511;326;2000005683;COTAS;15924804.420000000000000;
202511;237;2007003147;COTAS;411158.201213000000000;
202511;237;2007003147;COTAS;16973572.481695000000000;04733518000195
202511;326;2009002938;CAIXA;8693.470000000000000;
202511;237;2007003147;COTAS;1150089.328230000000000;42120328000191
202511;391;1979001529;COTAS;686871856.644926000000000;19351264000118
202511;237;2007003392;COTAS;2297410.675403000000000;
202511;326;2021002111;VL_PG_RC;191304.700000000000000;
202511;391;2019000156;COTAS;174259.141935000000000;17405933000161
202511;237;2009001192;COTAS;3568441.424800000000000;
202511;361;2001002165;COTAS;9758824.480375000000000;
202511;361;2001002238;COTAS;4178266.943238000000000;
202511;391;9970000000;VL_PG_RC;-6233.470000000000000;
202511;237;2014000883;COTAS;1070171.420254000000000;41956824000117
202511;361;2019002647;COTAS;71415888.296493000000000;
202511;361;2019002647;COTAS;34035903.993351000000000;55167531000165
202511;477;1985000318;COTAS;156533.241176000000000;
202511;361;2022002938;COTAS;4815946.746502000000000;
202511;388;1985001438;COTAS;258009665.925585000000000;04337571000177
202511;237;2018000365;CAIXA;51704.210000000000000;
202511;237;2007003392;COTAS;270403.750789000000000;
202511;309;1979003629;TIT_PRIV;4449463.100000000000000;
202511;237;2005002356;COTAS;18443812.623079000000000;
202511;477;9970000000;CAIXA;62686.460000000000000;
202511;237;2018000365;COTAS;394339.564169000000000;08944896000179
202511;237;2007000792;COTAS;9154648.313741000000000;
202511;391;1979001529;COTAS;81342841.139870000000000;
202511;237;2007001047;COTAS;14202.127129000000000;
202511;361;2001002165;COTAS;73664449.918009000000000;
202511;285;1998005283;COTAS;463243362.509329000000000;
202511;237;2007002647;CAIXA;27474.220000000000000;
202511;237;1982000856;COTAS;43106.068880000000000;
202511;237;2007000865;COTAS;11572.299212000000000;
202511;237;2007002574;COTAS;39341265.381627000000000;04733518000195
202511;477;9970000000;COTAS;14739.769208000000000;
202511;268;9970000000;COTAS;11580403.900000000000000;
202511;237;2007002574;OPERACAO_PARTICIPANTE;949481.430000000000000;
202511;237;2007001047;TIT_PUB;23061112.810000000000000;
202511;237;2007001047;COTAS;2098013.588520000000000;
202511;237;2007000792;COTAS;4395739.263064000000000;
202511;237;2007003147;COTAS;1151850.851083000000000;41956824000117
202511;237;2007002574;COTAS;3462402.205603000000000;47228177000103
202511;237;2007002574;COTAS;2740421.821227000000000;47227862000115
202511;237;2009001192;COTAS;2539678.193748000000000;
202511;237;2007002647;TIT_PUB;244830993.960000000000000;
202511;237;2007000865;COTAS;708649.072417000000000;
202511;237;2007003147;COTAS;412242.800914000000000;
202511;237;2007002574;COTAS;898.000000000000000;
202511;268;9970000000;VL_PG_RC;-1870.300000000000000;
202511;237;2005002356;COTAS;10185224.327628000000000;42120328000191
202511;391;2020001519;CAIXA;3864.980000000000000;
202511;237;2007002574;COTAS;1481608.488787000000000;
202511;285;1998005283;COTAS;72288876.063487000000000;
202511;312;1978000138;COTAS;75342073.835045000000000;
202511;237;2007002574;COTAS;814024.185424000000000;
202511;237;1982000856;COTAS;131959.360244000000000;
202511;312;2006003429;VL_PG_RC;-815634.160000000000000;
202511;271;1983000256;COTAS;450501.406529000000000;
202511;326;2009002938;VL_PG_RC;-62197.490000000000000;
202511;271;1983000256;COTAS;6089655.799703000000000;
202511;285;2006000756;CAIXA;347.830000000000000;
202511;237;2005002356;COTAS;6964014.994049000000000;47227862000115
202511;285;2024000274;COTAS;370578.900020000000000;
202511;237;2007001047;COTAS;11192.763392000000000;
202511;237;2013000911;COTAS;1147013.116443000000000;
202511;326;2021002111;COTAS;157297427.979448000000000;49995995000167
202511;237;2013000911;OPERACAO_PARTICIPANTE;2772353.030000000000000;
202511;237;2007001047;COTAS;376842.071372000000000;
202511;237;2007002574;VL_PG_RC;1675859.470000000000000;
202511;237;2007001047;IMOVEIS;1174196.890000000000000;
202511;237;2007002647;COTAS;2100079.622402000000000;08944896000179
202511;237;2007003147;COTAS;1618316.527301000000000;
202511;494;1981001174;COTAS;10753691.361138000000000;
202511;237;2007003392;COTAS;64166.126572000000000;
202511;237;2007003147;COTAS;2587418.944604000000000;
202511;237;2007002647;COTAS;7074759.214146000000000;
202511;237;2007003147;COTAS;707214.875289000000000;47227862000115
202511;361;2001002165;VL_PG_RC;4875766.090000000000000;
202511;237;2009001192;COTAS;1339642.302722000000000;
202511;237;1982000856;VL_PG_RC;271630.490000000000000;
202511;237;2007003147;CAIXA;16789.050000000000000;
202511;285;1979001774;OP_COMP;103599841.350000000000000;
202511;237;2007003392;COTAS;403830.586990000000000;
202511;494;1981001174;COTAS;17205382.712513000000000;
202511;361;1980002029;COTAS;4775162.236735000000000;
202511;285;1998005283;COTAS;102256849.704473000000000;
202511;285;1998005283;FUTURO;201460.500000000000000;
202511;237;2007003392;COTAS;1289994.478903000000000;42120328000191
202511;285;9970000000;COTAS;12895023.487672000000000;
202511;237;2007003392;COTAS;1119558.742668000000000;47227862000115
202511;285;9970000000;COTAS;4174007.189876000000000;52342548000113
202511;237;2007003392;VL_PG_RC;28510.490000000000000;
202511;361;1980002029;COTAS;55828174.061776000000000;
202511;237;2009001192;COTAS;15740944.016314000000000;04733518000195
202511;494;2010000838;VL_PG_RC;0.000000000000000;
202511;361;2001002165;COTAS;111288959.138470000000000;55167531000165
202511;361;2022002938;COTAS;5992614.672558000000000;05855398000161
202511;361;2019002647;CAIXA;11609.480000000000000;
202511;388;9970000000;CAIXA;2080.650000000000000;
202511;237;2009001192;COTAS;1459473.610791000000000;
202511;237;2009001192;COTAS;573702.808978000000000;
202511;237;2007000792;CAIXA;51001.200000000000000;
202511;237;2014000883;COTAS;2110008.497472000000000;
202511;237;2007002647;COTAS;254.000000000000000;
202511;391;1979001529;COTAS;557082.768154000000000;
202511;237;2007002647;COTAS;12068650.517556000000000;
202511;504;1982001119;CAIXA;52000.000000000000000;
202511;237;2014000883;COTAS;1068534.809700000000000;42120328000191
202511;237;2007002574;COTAS;4230229.973953000000000;08944896000179
202511;391;9970000000;COTAS;9810626.123191000000000;
202511;237;2009001192;OPERACAO_PARTICIPANTE;3422367.048140000000000;
202511;237;2007000792;COTAS;76727082.805353000000000;
202511;237;2007003392;COTAS;1318135.375446000000000;47228177000103
202511;237;2014000883;COTAS;505200.731104000000000;47227862000115
202511;237;2013000911;COTAS;448124.496676000000000;
202511;391;1979001529;COTAS;47766252.141659000000000;
202511;237;2014000883;VL_PG_RC;-3343.620000000000000;
202511;237;2014000883;COTAS;77903.562034000000000;
202511;285;2024000274;COTAS;76903.205733000000000;
202511;477;1991000138;COTAS;34380802.171285000000000;
202511;391;1979001529;COTAS;434772503.536180000000000;63088704000188
202511;237;2007002647;COTAS;907448.844224000000000;
202511;285;2024000274;COTAS;75854.860328000000000;52342548000113
202511;237;2007000792;COTAS;40646767.595239000000000;47228177000103
202511;237;2018000365;COTAS;1831921.441937000000000;
202511;494;2010000838;COTAS;37488077.462231000000000;
202511;237;2018000365;COTAS;50508.107947000000000;
202511;237;2009001192;COTAS;93333.433070000000000;
202511;237;2007002647;COTAS;4801064.646070000000000;47228177000103
202511;237;2009001192;COTAS;595342.165020000000000;47227862000115
202511;504;1982001119;SWAP;593726949.850000000000000;
202511;391;2019000156;COTAS;217235.050000000000000;
202511;237;2007002647;COTAS;7265060.786351000000000;41956824000117
202511;237;2007003147;COTAS;1040611.818501000000000;47228177000103
202511;237;2007003392;COTAS;586709.320357000000000;
202511;237;2018000365;COTAS;17895675.502405000000000;
202511;237;2007003147;COTAS;1763819.612093000000000;
202511;241;1979003947;VL_PG_RC;173822.700000000000000;
202511;237;2007003147;COTAS;359236.244404000000000;
202511;504;1982001119;VL_PG_RC;161069.030000000000000;
202511;237;2013000911;COTAS;489323.832103000000000;
202511;254;1987000447;CAIXA;44076.760000000000000;
202511;237;2009001192;VL_PG_RC;6330.480000000000000;
202511;237;2007003147;COTAS;2144637.905574000000000;08944896000179
202511;237;2007003392;OPERACAO_PARTICIPANTE;8345216.804072000000000;
202511;391;2020001519;COTAS;208235.458772000000000;
202511;391;1979001529;OPERACAO_PARTICIPANTE;516900145.878029183300000;
202511;254;1987000447;COTAS;896016577.844371000000000;19226038000105
202511;504;1998002918;COTAS;3691891.331480000000000;
202511;237;2009001192;TIT_PUB;72525445.480000000000000;
202511;391;2019000156;COTAS;3017787.945385000000000;05097813000165
202511;391;2020001519;COTAS;936810.699603000000000;19351264000118
202511;237;2018000365;COTAS;124717.681122000000000;
202511;504;1998002918;TIT_PUB;2034076.630000000000000;
202511;254;9970000000;VL_PG_RC;-8293.520000000000000;
202511;237;2014000883;OPERACAO_PARTICIPANTE;3722147.810000000000000;
202511;391;2019000156;VL_PG_RC;-2659.640000000000000;
202511;391;2022002865;COTAS;428654.920009000000000;
202511;237;2014000883;COTAS;573702.808978000000000;
202511;237;2009001192;COTAS;153118.692603000000000;
202511;237;2018000365;COTAS;936310.714773000000000;
202511;237;2013000911;CAIXA;20816.510000000000000;
202511;285;9970000000;TIT_PUB;46244052.580000000000000;
202511;477;9970000000;IMOVEIS;1070246.880000000000000;
202511;285;9970000000;CAIXA;17867.840000000000000;
202511;504;1982001119;COTAS;22303641.361954000000000;
202511;309;2011000165;COTAS;698532.053723000000000;
202511;237;2009001192;COTAS;1970599.194668000000000;
202511;237;2013000911;TIT_PUB;17135466.190000000000000;
202511;237;2018000365;VL_PG_RC;-961.560000000000000;
202511;237;2007003147;VL_PG_RC;785868.330000000000000;
202511;237;2014000883;COTAS;60904.051995000000000;
202511;271;1983000256;COTAS;13955064.294425000000000;
202511;299;1981000518;COTAS;5496520.124742000000000;
202511;241;1979003947;COTAS;1588736.701156000000000;
202511;309;2011000165;VL_PG_RC;-1970.720000000000000;
202511;237;2007003392;COTAS;50164.292965000000000;
202511;237;2007000865;COTAS;416876.710678000000000;
202511;237;2013000911;COTAS;895752.240391000000000;
202511;241;9970000000;COTAS;8784574.100926000000000;
202511;237;2014000883;COTAS;1503559.306950000000000;
202511;401;1997000611;COTAS;69719717.835568000000000;
202511;271;1983000256;IMOVEIS;56417999.680000000000000;
202511;237;9970000000;TIT_PUB;26365628.420000000000000;
202511;241;2010003683;COTAS;14248283.999676000000000;
202511;237;2007000865;VL_PG_RC;2421.070000000000000;
202511;237;2014000883;COTAS;985623.510612000000000;08944896000179
202511;237;2013000911;COTAS;218066.625807000000000;08944896000179
202511;237;2018000365;COTAS;6892387.441931000000000;
202511;241;2010003683;VL_PG_RC;-588813.100000000000000;
202511;309;9970000000;CAIXA;66261.380000000000000;
202511;401;1997000611;COTAS;106354719.400196000000000;37242190000163
202511;271;2008002111;COTAS;186125.526819000000000;
202511;504;1982001119;IMOVEIS;65139630.000000000000000;
202511;504;1982001119;COTAS;4395579161.169921000000000;
202511;504;9970000000;COTAS;3741371.812838000000000;
202511;535;1982000538;COTAS;11161745.651050000000000;
202511;237;2013000911;COTAS;318956.519713000000000;41956824000117
202511;237;2018000365;COTAS;736921.526942000000000;
202511;241;1979003947;COTAS;9272157.739790000000000;
202511;535;1982000538;COTAS;12349197.985869000000000;
202511;535;1982000538;COTAS;8180792.098410000000000;
202511;241;1979003947;OPERACAO_PARTICIPANTE;2122293.749893754300000;
202511;241;2010003683;IMOVEIS;2664585.130000000000000;
202511;237;2007001047;OPERACAO_PARTICIPANTE;2437783.636136000000000;
202511;237;2018000365;COTAS;193863.646957000000000;47227862000115
202511;241;1979003947;COTAS;8682147.143422000000000;
202511;535;1982000538;COTAS;7902226.146866000000000;18364675000185
202511;241;9970000000;COTAS;814571.184275000000000;
202511;237;2014000883;COTAS;4882232.576092000000000;
202511;241;2010003683;TIT_PUB;130699380.990000000000000;
202511;241;2010003683;CAIXA;20040.070000000000000;
202511;271;2008002111;COTAS;190638.113403000000000;
202511;237;2007002574;COTAS;16469512.677793000000000;
202511;477;9970000000;COTAS;11723717.504979000000000;
202511;254;2020003147;OPERACAO_PARTICIPANTE;138187.030000000000000;
202511;504;1998002918;COTAS;478076.300163000000000;
202511;271;1983000256;COTAS;53015.614880000000000;
202511;254;1987000447;IMOVEIS;4488088.080000000000000;
202511;535;2019002574;COTAS;1594295.150581000000000;09125491000171
202511;309;9970000000;COTAS;845899.291644000000000;34793104000112
202511;268;1979003874;OPERACAO_PARTICIPANTE;13493005.914386439000000;
202511;535;1982000538;COTAS;6674029.764172000000000;
202511;271;1983000256;CAIXA;24272.480000000000000;
202511;237;2007002647;COTAS;181402.806644000000000;
202511;549;1979001456;COTAS;59203711.170037000000000;33913663000156
202511;309;2019001519;COTAS;33650.500000000000000;
202511;312;1978000138;COTAS;17304633.621076000000000;
202511;241;9970000000;VL_PG_RC;218394.440000000000000;
202511;268;1979003874;COTAS;261769057.769999000000000;
202511;241;1979003947;IMOVEIS;3857545.440000000000000;
202511;309;2019001519;COTAS;868070.609400000000000;
202511;241;2010003683;COTAS;37006663.761740000000000;
202511;271;1983000256;COTAS;5644975.953213000000000;
202511;237;2014000883;COTAS;1920132.823242000000000;
202511;285;1979001774;COTAS;94547735.727774000000000;
202511;271;1983000256;COTAS;164436.000000000000000;
202511;312;9970000000;COTAS;52603834.571440000000000;
202511;552;1979002665;COTAS;1103516.546012000000000;
202511;535;1982000538;COTAS;80553934.337364000000000;09125491000171
202511;254;9970000000;CAIXA;88868.160000000000000;
202511;271;2008002111;COTAS;389889.356946000000000;
202511;285;1998005283;CAIXA;1333.380000000000000;
202511;237;2007002647;COTAS;7253950.361762000000000;42120328000191
202511;549;2005003883;OPERACAO_PARTICIPANTE;19371661.780000000000000;
202511;309;9970000000;COTAS;11153857.014125000000000;
202511;552;1979002665;COTAS;672986.914789000000000;
202511;504;9970000000;VL_PG_RC;-954.490000000000000;
202511;535;2019002574;COTAS;18842392.757865000000000;02846259000183
202511;268;1979003874;COTAS;129119467.520001000000000;
202511;271;1983000256;COTAS;416386.646877000000000;
202511;326;1979002118;TIT_PUB;951071093.730000000000000;
202511;552;2002000638;COTAS;2282156.050000000000000;
202511;552;2002000638;COTAS;1772314.452685000000000;
202511;552;1979002665;TIT_PRIV;9147097.630000000000000;
202511;271;1983000256;COTAS;1228321.027918000000000;
202511;312;1978000138;COTAS;10031968.600295000000000;
202511;271;2008002111;TIT_PRIV;915549.420000000000000;
202511;285;2024000274;COTAS;224870.702518000000000;
202511;535;2021002292;COTAS;162345.782744000000000;
202511;237;9970000000;COTAS;11151005.847389000000000;04733518000195
202511;535;2021002292;COTAS;2964637.377472000000000;05092810000139
202511;254;1987000447;VL_PG_RC;252260.570000000000000;
202511;312;1978000219;OPERACAO_PARTICIPANTE;9083280.310000000000000;
202511;571;1988001218;COTAS;1112258.680534000000000;
202511;535;2021002292;COTAS;710930.862405000000000;55983603000142
202511;268;1979003874;VL_PG_RC;10427533.450000000000000;
202511;285;1979001774;CAIXA;247.120000000000000;
202511;285;1979001774;COTAS;37013357.688019000000000;
202511;535;9970000000;COTAS;1084577.932643000000000;17689994000106
202511;549;1979001456;CAIXA;860118.560000000000000;
202511;254;1987000447;OPERACAO_PARTICIPANTE;16612856.611228260700000;
202511;549;1979001456;COTAS;476845147.874199000000000;33913650000187
202511;549;9970000000;VL_PG_RC;-2665.760000000000000;
202511;552;1979002665;COTAS;1452236.400000000000000;
202511;271;1983000256;COTAS;13489649.033947000000000;
202511;552;2002000638;COTAS;999866.269128000000000;
202511;552;2002000638;COTAS;115012628.765131000000000;05142777000104
202511;285;1979001774;COTAS;12072264.604556000000000;
202511;552;2002004692;COTAS;173053.781309000000000;
202511;271;1983000256;VL_PG_RC;881216.700000000000000;
202511;552;2002004692;COTAS;24880336.403072000000000;05142777000104
202511;571;2020002418;COTAS;483704.250000000000000;
202511;285;1979001774;TIT_PRIV;1129204.360000000000000;
202511;285;1979001774;COTAS;90307018.903752000000000;41373641000179
202511;571;2023001511;COTAS;174957.294270000000000;
202511;535;1982000538;CAIXA;14463.530000000000000;
202511;285;2017001465;VL_PG_RC;-0.010000000000000;
202511;271;2008002111;COTAS;231597.210091000000000;
202511;571;2023001511;COTAS;2395708.084327000000000;
202511;326;2000005683;OPERACAO_PARTICIPANTE;11346864.941140529000000;
202511;309;2019001683;VL_PG_RC;-10.720000000000000;
202511;285;1998005283;COTAS;66524239.083204000000000;
202511;285;1998005283;COTAS;68231750.219252000000000;
202511;312;1978000138;CAIXA;92200.540000000000000;
202511;535;1982000538;COTAS;5312319.763037000000000;
202511;285;2006000756;OP_COMP;11899093.710000000000000;
202511;312;1978000138;COTAS;891302.700000000000000;
202511;571;2023001511;TIT_PUB;64615219.660000000000000;
202511;285;1998005283;TIT_PRIV;1228486.780000000000000;
202511;535;2019002574;COTAS;109649.307081000000000;
202511;607;9970000000;CAIXA;72710.430000000000000;
202511;535;2021002292;COTAS;1561755.389508000000000;17689994000106
202511;309;1979003629;COTAS;136581.968906000000000;
202511;535;2021002292;VL_PG_RC;0.780000000000000;
202511;611;1979004056;COTAS;1066089128.401488000000000;
202511;309;1979003629;COTAS;3582468.912917000000000;
202511;611;1979004056;COTAS;70569136.918173000000000;
202511;535;9970000000;COTAS;3516404.924623000000000;
202511;312;1978000138;COTAS;336180.712582000000000;
202511;268;1979003874;IMOVEIS;95360694.000000000000000;
202511;611;1980001529;VL_PG_RC;-4991.260000000000000;
202511;549;2005003883;VL_PG_RC;2500185.710000000000000;
202511;312;1978000138;COTAS;5825.979782000000000;
202511;549;2010005929;COTAS;24318840.342557000000000;33913659000198
202511;611;1984001019;COTAS;2150353.758686000000000;
202511;326;2000005683;COTAS;283701140.435043000000000;49995995000167
202511;268;9970000000;CAIXA;89472.480000000000000;
202511;611;1984001019;COTAS;361502642.772107000000000;
202511;549;9970000000;COTAS;235078.036794000000000;
202511;611;1984001019;COTAS;13863939.018883000000000;42378811000170
202511;361;1980002029;COTAS;39731800.401668000000000;
202511;611;1997004038;COTAS;188898429.151994000000000;
202511;361;2001002165;COTAS;591653068.392755000000000;
202511;611;2006005383;COTAS;1469959.963758000000000;
202511;552;2002000638;CAIXA;182475.210000000000000;
202511;611;2009002865;CAIXA;32022.410000000000000;
202511;285;2006000756;TIT_PUB;28281404.850000000000000;
202511;571;2020002418;COTAS;68816.995209000000000;
202511;611;2010004418;COTAS;117879948.248486000000000;
202511;571;2020002418;COTAS;923468.692591000000000;
202511;361;2001002238;CAIXA;17626.860000000000000;
202511;571;2020002418;COTAS;268307.318848000000000;
202511;312;1978000138;IMOVEIS;145239500.000000000000000;
202511;391;1979001529;COTAS;18675942.171780000000000;
202511;611;2010004418;COTAS;378314.175432000000000;
202511;391;1979001529;COTAS;89893408.384763000000000;
202511;271;1983000256;ACOES;9859785.840000000000000;
202511;285;1979001774;COTAS;159768668.530682000000000;
202511;271;2008002111;COTAS;1182273.716086000000000;
202511;299;1981000518;COTAS;61853.660902000000000;
202511;285;1979001774;COTAS;105892.697332000000000;
202511;326;2000005683;TIT_PUB;575421804.860000000000000;
202511;299;1981000518;COTAS;68290.983839000000000;
202511;285;1979001774;COTAS;60107265.856712000000000;
202511;571;2023001511;COTAS;2111611.650000000000000;
202511;285;1979001774;IMOVEIS;192719121.910000000000000;
202511;312;1978000219;COTAS;16290596.541728000000000;
202511;571;9970000000;VL_PG_RC;-474.470000000000000;
202511;312;1978000383;CAIXA;10662.700000000000000;
202511;285;1998005283;COTAS;341375103.259965000000000;
202511;361;1980002029;COTAS;46865392.344311000000000;57188854000160
202511;285;2024000274;VL_PG_RC;0.000000000000000;
202511;237;2007003147;COTAS;523081.250202000000000;
202511;361;2001002165;CAIXA;20530.560000000000000;
202511;571;2023001511;COTAS;364362.604831000000000;
202511;607;1986000338;IMOVEIS;5845000.000000000000000;
202511;326;1979002118;COTAS;154155212.625202000000000;49995995000167
202511;391;2019000156;COTAS;129065.170490000000000;54546764000106
202511;299;1981000518;TIT_PUB;542070378.730000000000000;
202511;271;1983000256;COTAS;2886753.864032000000000;
202511;611;2019002183;COTAS;37370122.907411000000000;
202511;299;1981000518;COTAS;12632745.351017000000000;
202511;237;2007003147;COTAS;258351.341871000000000;
202511;571;2020002418;COTAS;664301.639995000000000;
202511;237;2007003147;IMOVEIS;3971972.780000000000000;
202511;285;1998005283;COTAS;98203867.091950000000000;41373641000179
202511;271;1983000256;COTAS;1644000.000000000000000;
202511;312;2006003429;COTAS;2199245179.477589000000000;
202511;326;1979002118;COTAS;14331592.136277000000000;49996708000133
202511;237;2007003147;TIT_PUB;79367350.480000000000000;
202511;285;1998005283;COTAS;282576902.817458000000000;45127083000112
202511;299;1981000518;OPERACAO_PARTICIPANTE;4351576.189878744100000;
202511;326;2021002111;COTAS;10218053.040000000000000;
202511;285;1998005283;VL_PG_RC;172527690.990000000000000;
202511;326;2021002111;COTAS;56116467.041057000000000;49997061000164
202511;571;2020002418;COTAS;7545434.520455000000000;
202511;271;1983000256;COTAS;6133695.013807000000000;
202511;326;2009002938;OPERACAO_PARTICIPANTE;3128886.770137978700000;
202511;571;2023001511;COTAS;2383546.663602000000000;
202511;285;1998005283;COTAS;31225413.056973000000000;
202511;309;1979003629;COTAS;99558738.304606000000000;
202511;571;2023001511;COTAS;1150074.242514000000000;
202511;391;2020001519;COTAS;211833.880184000000000;
202511;309;2019001519;CAIXA;219.980000000000000;
202511;312;1978000138;COTAS;2895574.381711000000000;
202511;312;2006003429;COTAS;2060075.403240000000000;
202511;326;2000005683;VL_PG_RC;-350101.680000000000000;
202511;93;2000002374;COTAS;2873417772.840425000000000;05971921000115
202511;93;2000002692;CAIXA;163593.520000000000000;
202511;93;2006007556;CAIXA;4391.660000000000000;
202511;93;2015001565;COTAS;2457606.021311000000000;39379846000110
202511;93;2015001638;VL_PG_RC;-13113.800000000000000;
202511;93;2015001719;COTAS;1478942.491397000000000;39503903000120
202511;117;1979004765;COTAS;7534415.778789000000000;
202511;117;1979004765;COTAS;2947353.974577000000000;
202511;326;2006001574;OPERACAO_PARTICIPANTE;20404938.202231143200000;
202511;117;1979004765;OPERACAO_PARTICIPANTE;3161814.099818442500000;
202511;326;2021002111;COTAS;27516469.232957000000000;49996708000133
202511;326;2022001419;CAIXA;3301.230000000000000;
202511;571;2020002418;TIT_PUB;945768.370000000000000;
202511;361;1980002029;COTAS;1356432191.219185000000000;55907888000132
202511;285;2006000756;COTAS;7368823.171039000000000;
202511;361;9970000000;VL_PG_RC;-8920.400000000000000;
202511;285;1998005283;COTAS;57515155.543265000000000;
202511;391;1979001529;COTAS;4278003.629597000000000;
202511;611;1979000956;COTAS;189260885.167507000000000;
202511;326;2021002111;IMOVEIS;42435925.120000000000000;
202511;391;1979001529;COTAS;12067347.395196000000000;
202511;571;2023001511;CAIXA;26126.070000000000000;
202511;237;2009001192;COTAS;2.000000000000000;
202511;391;1979001529;VL_PG_RC;-12064603.220000000000000;
202511;271;1983000256;COTAS;6453213.532704000000000;
202511;391;2019000156;COTAS;213874.329996000000000;
202511;285;2006000756;COTAS;2972994.848556000000000;52342548000113
202511;285;1998005283;COTAS;240934713.031321000000000;
202511;571;2023001511;COTAS;725729.250000000000000;
202511;391;2019000156;COTAS;703487.357851000000000;19351264000118
202511;285;2017001465;COTAS;192253105.129574000000000;
202511;117;1979004765;TIT_PUB;613165657.090000000000000;
202511;299;1981000518;COTAS;4001490.797662000000000;
202511;271;2008002111;COTAS;811954.106373000000000;
202511;299;9970000000;CAIXA;12657.730000000000000;
202511;285;2024000274;COTAS;101325.295031000000000;
202511;237;2013000911;COTAS;35623.481991000000000;
202511;285;2024000274;COTAS;183888.584128000000000;
202511;361;2001002165;COTAS;66904631.300000000000000;
202511;285;9970000000;COTAS;8427630.793149000000000;
202511;299;1981000518;COTAS;5489555.741342000000000;
202511;611;1979004056;COTAS;70871367.628073000000000;
202511;309;1979003629;COTAS;7958279.042854000000000;
202511;361;2001002238;OPERACAO_PARTICIPANTE;8546417.470000000000000;
202511;285;1979001774;COTAS;75737257.561820000000000;
202511;299;9970000000;COTAS;9047998.520889000000000;
202511;611;2019002183;COTAS;1419360.737335000000000;
202511;285;2017001465;OP_COMP;13464688.500000000000000;
202511;611;9970000000;CAIXA;173987.240000000000000;
202511;285;2024000274;CAIXA;351.290000000000000;
202511;571;2023001511;COTAS;13953871.236858000000000;
202511;391;2020001519;OP_COMP;215279.520000000000000;
202511;285;2024000274;COTAS;75812.938693000000000;
202511;285;1979001774;TIT_PUB;6105831780.670000000000000;
202511;309;1979003629;VL_PG_RC;75197.440000000000000;
202511;309;1979003629;OPERACAO_PARTICIPANTE;8510503.320270087700000;
202511;326;2021002111;TIT_PUB;271905141.330000000000000;
202511;309;2011000165;COTAS;1642225.000000000000000;
202511;391;2022002865;CAIXA;3688.080000000000000;
202511;285;9970000000;OP_COMP;19736843.950000000000000;
202511;285;1998005283;COTAS;177589688.713272000000000;
202511;309;2019001683;COTAS;33404.225722000000000;
202511;391;2020001519;VL_PG_RC;-4452.480000000000000;
202511;237;2013000911;COTAS;422643.770100000000000;47228177000103
202511;285;1998005283;COTAS;123509463.835318000000000;52342548000113
202511;571;2023001511;COTAS;28900389.107588000000000;
202511;655;1970000147;ACOES;274392818.520000000000000;
202511;391;2022002865;OP_COMP;668864.620000000000000;
202511;309;2011000165;CAIXA;715.640000000000000;
202511;361;2019002647;COTAS;12417.096813000000000;
202511;607;1986000338;CAIXA;68307.280000000000000;
202511;361;1980002029;COTAS;44768407.020601000000000;04165971000142
202511;285;2006000756;COTAS;4976668.933925000000000;
202511;571;2023001511;COTAS;624864.489786000000000;
202511;312;1978000138;COTAS;1451506.793880000000000;
202511;361;2001002165;COTAS;10452943.056598000000000;
202511;312;1978000138;COTAS;1782501.512957000000000;
202511;611;1980001529;CAIXA;12000.000000000000000;
202511;326;9970000000;VL_PG_RC;-600.690000000000000;
202511;285;2024000274;COTAS;24014.764510000000000;
202511;494;1981001174;TIT_PRIV;715909.870000000000000;
202511;312;1978000219;CAIXA;10662.700000000000000;
202511;299;1981000518;IMOVEIS;45085402.860000000000000;
202511;611;1979000956;COTAS;12366102.128688000000000;
202511;361;2022002938;COTAS;905771.303201000000000;55167531000165
202511;309;2019001683;COTAS;1776.601842000000000;34793104000112
202511;611;1979004056;OPERACAO_PARTICIPANTE;18738867.338393962800000;
202511;285;2024000274;COTAS;50455.740732000000000;45127083000112
202511;611;1983000418;COTAS;18947605.325837000000000;
202511;504;1998002918;VL_PG_RC;-1206.990000000000000;
202511;391;1979001529;COTAS;15381257.237862000000000;
202511;611;1979004056;TIT_PRIV;37928133.480000000000000;
202511;309;2011000165;COTAS;5186.547531000000000;
202511;401;1997000611;VL_PG_RC;-13541.220000000000000;
202511;494;9970000000;CAIXA;115681.630000000000000;
202511;391;1979001529;COTAS;47751622.799548000000000;
202511;611;1983000418;COTAS;65327.034200000000000;
202511;611;1983000418;CAIXA;12000.000000000000000;
202511;535;1999005147;COTAS;472607884.998258000000000;
202511;312;1978000138;COTAS;17912344.556156000000000;
202511;611;1983000418;COTAS;1360762.518902000000000;
202511;312;1978000383;VL_PG_RC;-13363.140000000000000;
202511;391;2019000156;COTAS;117982.830000000000000;
202511;312;1978000219;TIT_PRIV;6578479.870000000000000;
202511;391;9970000000;CAIXA;17020.910000000000000;
202511;611;1984001019;COTAS;9716626.609667000000000;
202511;309;1979003629;COTAS;4181442.276719000000000;
202511;312;2006003429;CAIXA;26273.030000000000000;
202511;326;2006001574;COTAS;38874725.850000000000000;
202511;504;1982001119;COTAS;19006007.480622000000000;
202511;401;1988000629;COTAS;771098658.806453000000000;05024903000126
202511;611;1984001019;COTAS;5011045.104966000000000;40188751000106
202511;504;1982001119;TIT_PUB;1170153505.640000000000000;
202511;535;1982000538;COTAS;2090721.153647000000000;
202511;655;1970000147;COTAS;628944.208839000000000;
202511;237;2014000883;COTAS;12859605.839686000000000;04733518000195
202511;361;2001002165;COTAS;152878025.106612000000000;39725887000110
202511;312;2006003429;COTAS;206924.916373000000000;
202511;535;1982000538;COTAS;1048118616.406933000000000;10586926000164
202511;655;1970000147;COTAS;28564669.466267000000000;18330535000196
202511;312;2006003429;TIT_PRIV;187964597.660000000000000;
202511;611;1983000418;COTAS;5405814.097783000000000;
202511;535;2019002574;COTAS;923665.461961000000000;
202511;312;1978000138;COTAS;5695988.952004000000000;
202511;312;1978000138;TIT_PRIV;131499598.800000000000000;
202511;309;1979003629;COTAS;12244913.970371000000000;33269204000181
202511;326;2006001574;COTAS;228984375.778764000000000;49997061000164
202511;477;1985000318;CAIXA;9793.360000000000000;
202511;361;2022002938;COTAS;501681.493410000000000;18681157000195
202511;312;1978000383;COTAS;17695694.144258000000000;
202511;326;2006001574;TIT_PUB;1096128244.990000000000000;
202511;326;2006001574;IMOVEIS;61078006.260000000000000;
202511;611;1984001019;COTAS;57617873.286946000000000;
202511;361;9970000000;CAIXA;9563.370000000000000;
202511;655;2000005918;COTAS;2476026.322723000000000;32862087000100
202511;326;2000005683;COTAS;43998592.272340000000000;49996708000133
202511;655;2000005918;TIT_PUB;142722.100000000000000;
202511;611;1984001019;COTAS;47321861.700610000000000;
202511;477;9970000000;VL_PG_RC;517845.690000000000000;
202511;361;1980002029;COTAS;2940422.082741000000000;
202511;237;2018000365;COTAS;5436778.089792000000000;
202511;312;1978000383;TIT_PUB;47289239.940000000000000;
202511;391;1979001529;COTAS;19401435.000688000000000;
202511;326;2009002938;COTAS;8091883.357194000000000;49996708000133
202511;494;1981001174;TIT_PUB;258340095.040000000000000;
202511;535;1982000538;OPERACAO_PARTICIPANTE;89831404.640422084800000;
202511;552;2002000638;OPERACAO_PARTICIPANTE;22636957.839311605100000;
202511;391;1979001529;COTAS;89955720.574052000000000;
202511;326;2009002938;TIT_PUB;102306230.200000000000000;
202511;361;2001002238;COTAS;20586040.400000000000000;
202511;361;1980002029;VL_PG_RC;4260435.400000000000000;
202511;309;2011000165;COTAS;1316771.825961000000000;34793104000112
202511;611;1984001019;COTAS;6646353.528408000000000;42378671000130
202511;326;2009002938;COTAS;59055917.443181000000000;49995995000167
202511;504;1998002918;COTAS;119389.309438000000000;
202511;611;1998003183;CAIXA;12000.000000000000000;
202511;237;2018000365;COTAS;454646.246081000000000;47228177000103
202511;535;1982000538;VL_PG_RC;953713.640000000000000;
202511;611;1984001019;OPERACAO_PARTICIPANTE;13275152.805096010400000;
202511;535;2019002574;COTAS;329728.533964000000000;
202511;391;1979001529;COTAS;255362286.546046000000000;05097813000165
202511;535;1999005147;VL_PG_RC;8067475.480000000000000;
202511;611;2009002611;VL_PG_RC;-58939.640000000000000;
202511;535;2019002574;COTAS;1536253.323234000000000;
202511;241;9970000000;CAIXA;3308.990000000000000;
202511;535;2021002292;COTAS;118533.306345000000000;
202511;361;2001002165;OPERACAO_PARTICIPANTE;43577601.950000000000000;
202511;655;2002001911;COTAS;461023.336050000000000;62992257000124
202511;552;2002004692;CAIXA;239978.870000000000000;
202511;254;2020003147;COTAS;5609762.937720000000000;
202511;611;2009002865;COTAS;1330087.891842000000000;
202511;611;1997004674;COTAS;112670895.499881000000000;
202511;611;2009002611;COTAS;13867058.765013000000000;
202511;611;2009002611;COTAS;14847277.658534000000000;
202511;117;2009001338;CAIXA;11855.080000000000000;
202511;611;2009002865;VL_PG_RC;13160459.020000000000000;
202511;611;2019002183;VL_PG_RC;-38644.550000000000000;
202511;117;2009001338;COTAS;22021.639946000000000;
202511;117;2009001338;COTAS;1667624.320134000000000;
202511;117;2009001338;COTAS;8277406.642781000000000;
202511;655;1970000147;COTAS;-51611.437131000000000;
202511;117;2009001338;COTAS;5473583.996258000000000;
202511;655;1970000147;COTAS;88945.734100000000000;
202511;117;2009001338;COTAS;3183439.329271000000000;
202511;655;1970000147;COTAS;2901149.642646000000000;11965107000190
202511;655;2000005918;COTAS;331642.651030000000000;29045373000160
202511;655;2000005918;COTAS;1619583.198708000000000;32862118000115
202511;117;2009001338;COTAS;6262920.587345000000000;
202511;655;2003002138;VL_PG_RC;-76.490000000000000;
202511;117;2013002165;COTAS;5629528.270132000000000;
202511;655;2003002383;COTAS;38923707.797335000000000;04118854000128
202511;117;2013002165;COTAS;19100983.857261000000000;
202511;655;2003002529;COTAS;26297654.733363000000000;04118854000128
202511;117;2013002238;COTAS;64590136.608926000000000;
202511;655;2003002618;IMOVEIS;8799477.950000000000000;
202511;117;2018002147;OPERACAO_PARTICIPANTE;4914070.539964514700000;
202511;655;2004001747;CAIXA;0.000000000000000;
202511;117;2023000238;VL_PG_RC;-3.230000000000000;
202511;655;2004002638;COTAS;22676122.529732000000000;19587206000198
202511;655;2004002638;COTAS;25733724.386760000000000;29045373000160
202511;655;2004002638;COTAS;124040040.485967000000000;34791568000190
202511;117;9970000000;TIT_PUB;15399643.750000000000000;
202511;655;2004002638;COTAS;4234240.320832000000000;60627509000190
202511;655;2004002638;VL_PG_RC;-11775.080000000000000;
202511;361;2001002238;COTAS;37970850.076335000000000;
202511;549;2010005929;OPERACAO_PARTICIPANTE;7198131.480000000000000;
202511;611;1990000592;CAIXA;12000.000000000000000;
202511;254;9970000000;COTAS;22898806.472166000000000;
202511;655;2007001519;COTAS;2607677013.551200000000000;36615983000118
202511;271;1983000256;COTAS;122765.260000000000000;
202511;611;1990000592;COTAS;2580211.161208000000000;
202511;391;1979001529;COTAS;4034462.409868000000000;
202511;391;1979001529;COTAS;165728082.338217000000000;54546764000106
202511;271;1983000256;COTAS;2426994.420819000000000;
202511;477;1991000138;CAIXA;358838.170000000000000;
202511;611;2009002865;COTAS;1391882950.243422000000000;
202511;361;2001002238;COTAS;1205602643.062844000000000;55752247000156
202511;391;2020001519;COTAS;123988.596358000000000;54546764000106
202511;611;2006005383;CAIXA;12007.860000000000000;
202511;361;2019002647;COTAS;28131143.881262000000000;39725887000110
202511;655;2003002383;OPERACAO_PARTICIPANTE;2768475.860000000000000;
202511;535;2021002292;COTAS;352442.081459000000000;
202511;391;2022002865;VL_PG_RC;-76816.320000000000000;
202511;611;2010004418;COTAS;45796454.662588000000000;
202511;611;2009002611;COTAS;2058327.661901000000000;
202511;361;2019002647;TIT_PUB;14709263.540000000000000;
202511;552;2002004692;OPERACAO_PARTICIPANTE;3213936.260000000000000;
202511;477;1991000138;IMOVEIS;3426707.560000000000000;
202511;655;2007001519;COTAS;430296937.367542000000000;60627509000190
202511;549;1979001456;COTAS;3552415.414761000000000;
202511;309;2011000165;OPERACAO_PARTICIPANTE;201056.340000000000000;
202511;271;1983000256;COTAS;6155329.410451000000000;
202511;401;9970000000;VL_PG_RC;0.000000000000000;
202511;655;2007001519;COTAS;424192630.409933000000000;60823195000100
202511;477;1991000138;VL_PG_RC;1640559.190000000000000;
202511;309;2011000165;TIT_PUB;14922977.200000000000000;
202511;494;1981001174;ACOES;62093.230000000000000;
202511;494;9970000000;VL_PG_RC;0.000000000000000;
202511;611;2009002865;COTAS;279288433.973912000000000;
202511;552;2002004692;TIT_PUB;241912874.640000000000000;
202511;655;2003002456;CAIXA;40391.460000000000000;
202511;312;2006003429;OPERACAO_PARTICIPANTE;212367777.611466520000000;
202511;494;1981001174;VL_PG_RC;0.000000000000000;
202511;611;2010004418;VL_PG_RC;309882.130000000000000;
202511;326;2009002938;COTAS;27544767.079962000000000;49997061000164
202511;504;1998002918;CAIXA;12000.000000000000000;
202511;655;2003002618;OPERACAO_PARTICIPANTE;5997386.710326762400000;
202511;504;1998002918;COTAS;526034.051302000000000;
202511;271;1983000256;COTAS;16725094.698014000000000;
202511;326;1979002118;CAIXA;7035.520000000000000;
202511;655;2008002756;COTAS;7846737.481629000000000;33255042000122
202511;309;2019001519;VL_PG_RC;-300.500000000000000;
202511;326;2022001419;COTAS;761791.526742000000000;49995995000167
202511;312;1978000138;VL_PG_RC;-480947.540000000000000;
202511;271;9970000000;VL_PG_RC;-512.940000000000000;
202511;504;1982001119;COTAS;4696994.303871000000000;
202511;312;1978000219;TIT_PUB;72148741.470000000000000;
202511;655;2004002638;COTAS;26459470.156179000000000;32862087000100
202511;611;2019002019;CAIXA;12000.000000000000000;
202511;535;1982000538;COTAS;7958951.559243000000000;
202511;285;1979001774;COTAS;68367139.784573000000000;
202511;535;1982000538;COTAS;20244353.712309000000000;
202511;571;1988001218;COTAS;11597057.579240000000000;
202511;611;2019002183;COTAS;169354839.157497000000000;
202511;552;9970000000;COTAS;38706.886509000000000;
202511;361;1980002029;CAIXA;253661.970000000000000;
202511;388;1985001438;CAIXA;73898.340000000000000;
202511;535;1982000538;COTAS;23343695.573356000000000;
202511;552;9970000000;VL_PG_RC;-1110995.710000000000000;
202511;535;1982000538;COTAS;14769650.621828000000000;
202511;552;1979002665;CAIXA;102241.580000000000000;
202511;477;9970000000;COTAS;17256.309437000000000;
202511;655;2010000447;COTAS;10802015.875751000000000;39997959000189
202511;361;2001002238;COTAS;76444251.031499000000000;55167531000165
202511;361;9970000000;COTAS;285611692.305042000000000;05855398000161
202511;312;2006003429;COTAS;182320520.675880000000000;
202511;326;1979002118;OPERACAO_PARTICIPANTE;45087395.600525119100000;
202511;285;1979001774;COTAS;205462363.940385000000000;45127083000112
202511;535;1982000538;COTAS;128520806.875682000000000;02846259000183
202511;504;1998002918;COTAS;1423293.927013000000000;
202511;611;2019002183;TIT_PUB;27164497.290000000000000;
202511;655;2008002756;COTAS;9708392.237097000000000;04118854000128
202511;535;1982000538;COTAS;588656864.563201000000000;42867858000106
202511;504;1998002918;COTAS;415567.089959000000000;
202511;535;1999005147;CAIXA;7004.950000000000000;
202511;388;1985001438;COTAS;105914345.562178000000000;
202511;312;2006003429;TIT_PUB;1046619216.650000000000000;
202511;611;2019002019;COTAS;64837.150711000000000;
202511;312;9970000000;CAIXA;13453.800000000000000;
202511;655;2008002756;COTAS;6144577.930520000000000;34791568000190
202511;391;1979001529;ACOES;200.000000000000000;
202511;535;2019002574;COTAS;185981.165150000000000;
202511;326;2009002938;COTAS;3376282.170000000000000;
202511;655;2021000011;COTAS;0.000008000000000;
202511;535;1982000538;COTAS;94560890.192660000000000;17689994000106
202511;552;9970000000;COTAS;13725467.387961000000000;05142777000104
202511;391;1979001529;IMOVEIS;86191999.990000000000000;
202511;391;1979001529;COTAS;13337479589.824001000000000;01912197000106
202511;655;1970000147;COTAS;1588163.689560000000000;19587206000198
202511;535;2021002292;CAIXA;51376.420000000000000;
202511;655;1970000147;COTAS;6973603.462666000000000;20815620000196
202511;655;2021000011;COTAS;7202374.479186000000000;
202511;312;9970000000;TIT_PUB;3197507.500000000000000;
202511;655;1970000147;COTAS;874840348.293490000000000;34791568000190
202511;535;2021002292;COTAS;77642.974264000000000;
202511;535;1982000538;COTAS;78857456.390849000000000;55983603000142
202511;326;2023001838;VL_PG_RC;0.000000000000000;
202511;655;2008002756;OPCOES;-142301.000000000000000;
202511;535;9970000000;CAIXA;10032.100000000000000;
202511;552;9970000000;TIT_PRIV;1143387.200000000000000;
202511;535;2021002292;COTAS;2881469.405160000000000;02846259000183
202511;285;1998005283;TIT_PUB;4115094364.800000000000000;
202511;549;2010005929;VL_PG_RC;1877655.160000000000000;
202511;285;2017001465;CAIXA;340.200000000000000;
202511;655;2002001911;COTAS;568738.566687000000000;34081202000127
202511;552;1979002665;IMOVEIS;46690550.360000000000000;
202511;655;2010001583;COTAS;2470808.765829000000000;32862087000100
202511;535;9970000000;COTAS;1784723.310724000000000;02846259000183
202511;326;1979002118;COTAS;6631528.028170000000000;
202511;361;1980002029;IMOVEIS;25756000.000000000000000;
202511;552;2002000638;COTAS;641695875.273336000000000;04592305000190
202511;361;2001002165;COTAS;893861253.061739000000000;05855398000161
202511;571;2020002418;COTAS;796551.794982000000000;
202511;391;2019000156;COTAS;219582.689995000000000;
202511;326;2000005683;CAIXA;15739.510000000000000;
202511;285;2024000274;COTAS;286006.360789000000000;
202511;571;2020002418;COTAS;675026.468003000000000;
202511;552;2002004692;COTAS;334398.953337000000000;
202511;571;2020002418;COTAS;55000.000000000000000;
202511;326;2006001574;VL_PG_RC;-70364.990000000000000;
202511;571;1988001218;COTAS;26955592.000000000000000;
202511;391;2020001519;TIT_PUB;181199.090000000000000;
202511;552;2002004692;COTAS;100442040.041470000000000;04592305000190
202511;655;2018000292;COTAS;63427265.204088000000000;19587206000198
202511;655;2021003183;ACOES;6843054.760000000000000;
202511;611;1979000956;CAIXA;11999.630000000000000;
202511;571;1988001218;COTAS;50008092.003341000000000;
202511;655;2021003183;COTAS;24304088.493081000000000;29045373000160
202511;571;9970000000;COTAS;10395270.906800000000000;
202511;655;2018000292;COTAS;22612943.461332000000000;20815620000196
202511;285;2024000274;OP_COMP;579742.610000000000000;
202511;552;2002000638;COTAS;503189.110170000000000;
202511;309;2011000165;COTAS;118219.064906000000000;
202511;391;2022002865;COTAS;432309.639997000000000;
202511;655;2021003183;COTAS;17081526.546161000000000;62992257000124
202511;326;9970000000;CAIXA;38983.920000000000000;
202511;361;1980002029;COTAS;36025570.700000000000000;
202511;361;2001002165;IMOVEIS;4829000.000000000000000;
202511;391;2022002865;COTAS;386715.545771000000000;17405933000161
202511;655;2002003874;COTAS;223106.342363000000000;04118854000128
202511;391;2022002865;COTAS;231022.664267000000000;54546764000106
202511;552;2002000638;VL_PG_RC;-13766186.990000000000000;
202511;611;1979004056;COTAS;481602082.928289000000000;
202511;611;1979004056;COTAS;18935789.466375000000000;40188751000106
202511;391;9970000000;COTAS;506498668.850122000000000;
202511;655;2003002456;COTAS;2293733.540883000000000;21397791000105
202511;401;1997000611;COTAS;777923969.114652000000000;37240914000130
202511;361;1980002029;COTAS;682203251.811512000000000;05855398000161
202511;552;2002004692;COTAS;415009.020000000000000;
202511;611;1983000418;COTAS;328250410.430200000000000;
202511;361;2001002165;COTAS;1688155112.702613000000000;55907076000197
202511;361;2001002238;COTAS;8372969.955689000000000;
202511;611;1990000347;COTAS;863375.981423000000000;
202511;655;2003002618;COTAS;18192.860963000000000;
202511;361;2001002238;COTAS;1960281.388494000000000;
202511;655;2004002638;COTAS;17618870.360293000000000;36615983000118
202511;611;1990000347;COTAS;409214.808108000000000;
202511;655;2004002638;COTAS;1770633.765041000000000;60823195000100
202511;388;9970000000;VL_PG_RC;-2785.780000000000000;
202511;611;1997004674;COTAS;190946293.954171000000000;
202511;391;1979001529;CAIXA;1638541.490000000000000;
202511;611;2009002547;COTAS;1257910.195366000000000;
202511;361;2001002238;COTAS;38000118.948510000000000;39725887000110
202511;611;2009002611;COTAS;26637964.947644000000000;
202511;655;2007001519;ACOES;52942777.120000000000000;
202511;361;2022002938;VL_PG_RC;-4076.300000000000000;
202511;655;2007001519;COTAS;-395073.423907000000000;
202511;655;2007001519;COTAS;103103896.980650000000000;62680015000103
202511;655;2010000447;COTAS;2951247.918056000000000;62992257000124
202511;391;2019000156;CAIXA;1609.150000000000000;
202511;655;1970000147;OPERACAO_PARTICIPANTE;180023296.520066688400000;
202511;391;2019000156;OP_COMP;207676.710000000000000;
202511;361;9970000000;COTAS;3749550.100469000000000;04165971000142
202511;655;2018000292;COTAS;221156943.042748000000000;41902409000180
202511;401;1997000611;TIT_PUB;367638757.290000000000000;
202511;571;1988001218;COTAS;79258713.057689000000000;
202511;494;9970000000;COTAS;226864.254405000000000;
202511;655;2000005918;COTAS;1633021.289459000000000;33255042000122
202511;655;2010001583;COTAS;1619229.381447000000000;32862118000115
202511;309;9970000000;VL_PG_RC;-1632.950000000000000;
202511;611;1979000956;COTAS;164047473.935887000000000;
202511;391;2020001519;COTAS;214102.058557000000000;
202511;611;1979004056;COTAS;340664025.656796000000000;
202511;655;2002001911;COTAS;471570.940637000000000;29045373000160
202511;655;2010004019;OPCOES;-121261.870000000000000;
202511;611;1983000418;COTAS;296738.003973000000000;
202511;571;1988001218;COTAS;56862851.882775000000000;
202511;312;1978000138;COTAS;678706.799767000000000;
202511;611;1984001019;COTAS;297833243.026648000000000;
202511;611;2009002865;COTAS;608441779.970140000000000;
202511;655;2018000292;COTAS;234712525.049248000000000;62680015000103
202511;611;2019002019;COTAS;4155295.886671000000000;
202511;552;2002004692;IMOVEIS;12537459.930000000000000;
202511;611;1990000347;CAIXA;12000.000000000000000;
202511;655;2018000292;ACOES;886736204.470000000000000;
202511;571;1988001218;COTAS;22695191.808033000000000;
202511;549;2005003883;CAIXA;7000.000000000000000;
202511;655;2021003183;IMOVEIS;19081506.770000000000000;
202511;549;2005003883;COTAS;46524468.537774000000000;33913659000198
202511;655;9970000000;COTAS;19318.208741000000000;10430028000112
202511;655;2021000011;COTAS;218011373.918654000000000;62680015000103
202511;571;9970000000;TIT_PUB;20414043.910000000000000;
202511;549;2005003883;COTAS;52150405.056258000000000;33913663000156
202511;607;1986000338;VL_PG_RC;231687.390000000000000;
202511;611;1990000347;COTAS;14819.915520000000000;
202511;552;9970000000;COTAS;46056158.476476000000000;04592305000190
202511;655;2019003619;OPERACAO_PARTICIPANTE;147501075.577556727600000;
202511;655;1970000147;COTAS;21897.894893000000000;
202511;401;1997000611;CAIXA;63159.330000000000000;
202511;549;2010005929;COTAS;27521920.869156000000000;33913663000156
202511;312;1978000138;COTAS;125967528.253145000000000;
202511;571;2020002418;COTAS;310053.775695000000000;
202511;391;2022002865;COTAS;227743.860000000000000;
202511;388;1985001438;VL_PG_RC;-8251.670000000000000;
202511;571;2023001511;COTAS;3430377.691202000000000;
202511;611;1990000592;COTAS;1284018.226377000000000;
202511;655;2021003183;COTAS;107415.018870000000000;
202511;571;1988001218;COTAS;10271430.395936000000000;
202511;611;1998003183;COTAS;1258806.626714000000000;
202511;549;2010005929;COTAS;26484813.289405000000000;33913669000123
202511;571;2020002418;CAIXA;5781.390000000000000;
202511;391;2022002865;COTAS;435114.469983000000000;
202511;535;1982000538;COTAS;11937905.169232000000000;
202511;391;2022002865;COTAS;1978970.977236000000000;19351264000118
202511;326;2000005683;COTAS;147203411.753177000000000;49997061000164
202511;611;1983000418;OPERACAO_PARTICIPANTE;691232.060000000000000;
202511;571;2020002418;COTAS;733239.472315000000000;
202511;686;2022000765;COTAS;62287584.807592000000000;
202511;535;1982000538;COTAS;5014689.696180000000000;
202511;611;2006005383;OPERACAO_PARTICIPANTE;446379.400000000000000;
202511;535;2019002574;CAIXA;6063.000000000000000;
202511;655;2019003783;COTAS;149678333.370053000000000;04118854000128
202511;549;2005003883;COTAS;3652540.662279000000000;
202511;571;2023001511;COTAS;28296040.031524000000000;
202511;391;1979001529;COTAS;2.500007000000000;
202511;401;1997000611;COTAS;55076221.691760000000000;
202511;477;1985000318;VL_PG_RC;-6638.590000000000000;
202511;552;2002000638;TIT_PRIV;14635356.200000000000000;
202511;611;2009002547;COTAS;2424353.540697000000000;
202511;391;2019000156;TIT_PUB;219124.530000000000000;
202511;571;2023001511;COTAS;2139625.118600000000000;
202511;686;2022001192;COTAS;3481827.795030000000000;
202511;401;9970000000;CAIXA;6310.540000000000000;
202511;655;1970000147;COTAS;3468681.271660000000000;23884799000121
202511;571;9970000000;CAIXA;41759.360000000000000;
202511;655;2021003183;COTAS;73885.696311000000000;21397715000108
202511;655;2002001911;COTAS;1320789.065206000000000;36615983000118
202511;535;1982000538;COTAS;56580447.320544000000000;05092810000139
202511;655;2021000011;COTAS;115048.777665000000000;
202511;535;2019002574;COTAS;321014.437741000000000;
202511;326;2006001574;COTAS;442132000.981821000000000;49995995000167
202511;391;2022002865;COTAS;16573697.939049000000000;05097813000165
202511;611;1983000418;TIT_PUB;1101123.110000000000000;
202511;477;1991000138;COTAS;41390.349634000000000;
202511;611;1979004056;COTAS;47774313.899822000000000;
202511;494;1981001174;CAIXA;115448.170000000000000;
202511;691;2002004765;COTAS;208486730.725819000000000;39504822000145
202511;611;2009002611;COTAS;47032373.411982000000000;
202511;326;2006001574;COTAS;93427055.324645000000000;49996708000133
202511;326;2021002111;OPERACAO_PARTICIPANTE;14098534.231744041600000;
202511;655;2003002138;CAIXA;0.000000000000000;
202511;713;1998006174;COTAS;7123326.456281000000000;
202511;552;2002004692;COTAS;87090.366046000000000;
202511;655;2003002383;COTAS;340207.935762000000000;21397791000105
202511;535;2019002574;COTAS;3172400.721937000000000;
202511;552;9970000000;TIT_PUB;106199610.080000000000000;
202511;611;1979004056;COTAS;181512407.976573000000000;
202511;535;2019002574;COTAS;9645956.284019000000000;17689994000106
202511;611;1990000592;TIT_PUB;6510975.500000000000000;
202511;535;2019002574;VL_PG_RC;-12711.120000000000000;
202511;571;9970000000;COTAS;2885469.468550000000000;
202511;611;1979004056;COTAS;72723679.814878000000000;
202511;655;1970000147;COTAS;128588.352322000000000;10430028000112
202511;713;1998006174;VL_PG_RC;-78376.440000000000000;
202511;361;1980002029;COTAS;496683.872686000000000;
202511;655;2021000011;COTAS;145367.161828000000000;21397837000196
202511;655;1999003111;COTAS;5129133.877021000000000;32862118000115
202511;611;1980000638;VL_PG_RC;0.000000000000000;
202511;549;2010005929;COTAS;3282937.577866000000000;
202511;611;1980001529;TIT_PRIV;1033062.000000000000000;
202511;655;9970000000;ACOES;17758331.110000000000000;
202511;611;1984001019;COTAS;3427522.812732000000000;
202511;571;1988001218;COTAS;2084368.749756000000000;
202511;655;9970000000;COTAS;103063235.614023000000000;19587206000198
202511;713;2021003418;COTAS;7974877.500000000000000;57233773000135
202511;571;1988001218;COTAS;188511.472147000000000;
202511;571;1988001218;VL_PG_RC;-10062103.150000000000000;
202511;655;9970000000;COTAS;1046823.792576000000000;20815620000196
202511;713;2021003418;TIT_PRIV;6924781.160000000000000;
202511;535;2021002292;COTAS;1098956.083870000000000;
202511;571;2020002418;COTAS;957698.250000000000000;
202511;713;9970000000;COTAS;2126941.297779000000000;
202511;655;2021003183;COTAS;2513.593607000000000;
202511;571;1988001218;COTAS;39566618.635013000000000;
202511;571;2020002418;COTAS;5941680.616887000000000;
202511;611;1979000956;IMOVEIS;9202410.000000000000000;
202511;655;9970000000;COTAS;83069312.095905000000000;32862118000115
202511;611;1979004056;COTAS;307373325.704582000000000;
202511;655;1999003111;COTAS;1264461.169195000000000;34081202000127
202511;655;2003002618;COTAS;1889644.251598000000000;21397791000105
202511;571;2020002418;COTAS;670180.384639000000000;
202511;611;1990000347;COTAS;149027.365041000000000;40188751000106
202511;552;1979002665;VL_PG_RC;-8365936.530000000000000;
202511;611;1980001529;COTAS;732686.711441000000000;
202511;655;2021003183;COTAS;115468059.656378000000000;04118854000128
202511;504;1982001119;COTAS;1634009.197094000000000;
202511;571;1988001218;COTAS;10554096.500000000000000;
202511;361;2001002165;COTAS;3381589.366483000000000;
202511;571;1988001218;COTAS;85298085.739630000000000;
202511;361;2001002238;VL_PG_RC;-44865.750000000000000;
202511;571;1988001218;TIT_PUB;5029990533.990000000000000;
202511;611;1998003183;VL_PG_RC;-19937.350000000000000;
202511;571;2023001511;VL_PG_RC;269285.810000000000000;
202511;611;2006005383;VL_PG_RC;-11845.030000000000000;
202511;655;2000005918;COTAS;1756061.949246000000000;34791568000190
202511;535;9970000000;VL_PG_RC;0.000000000000000;
202511;535;1999005147;COTAS;144323159.398020000000000;
202511;655;2002000492;CAIXA;0.000000000000000;
202511;655;2003002618;VL_PG_RC;-2189173.810000000000000;
202511;611;1990000347;COTAS;1262521.129518000000000;
202511;655;2002000883;COTAS;43092.483815000000000;04118854000128
202511;571;1988001218;IMOVEIS;29110400.000000000000000;
202511;611;1997004038;VL_PG_RC;4345477.240000000000000;
202511;361;2019002647;COTAS;9897576.211889000000000;18681157000195
202511;611;2009002547;COTAS;216701080.639756000000000;
202511;611;1979000956;OPERACAO_PARTICIPANTE;13747429.994077806000000;
202511;611;1990000592;COTAS;11378815.205158000000000;
202511;611;1979004056;COTAS;3680897.823952000000000;
202511;655;2021003183;COTAS;81592.631444000000000;11965107000190
202511;611;1983000418;COTAS;9670832.459181000000000;
202511;549;2010005929;CAIXA;10111.450000000000000;
202511;535;1999005147;OPERACAO_PARTICIPANTE;8250629.350000000000000;
202511;713;9970000000;VL_PG_RC;-2145.860000000000000;
202511;571;2023001511;COTAS;10516160.546085000000000;
202511;611;1979000956;COTAS;2743124572.843627000000000;
202511;571;2023001511;COTAS;1361072.244282000000000;
202511;727;1971000256;COTAS;26918462.800000000000000;
202511;391;2020001519;COTAS;182578.695660000000000;17405933000161
202511;655;1970000147;COTAS;-1067090.909189000000000;
202511;655;1970000147;VL_PG_RC;193609581.620000000000000;
202511;607;9970000000;VL_PG_RC;0.000000000000000;
202511;655;1999003111;COTAS;3751519.340877000000000;39997959000189
202511;727;1971000256;COTAS;196.809914000000000;
202511;611;1979004056;COTAS;38399606.460607000000000;
202511;611;2009002865;COTAS;63363749.844519000000000;14097532000101
202511;611;2010004418;COTAS;26156479.232726000000000;
202511;611;1997004674;CAIXA;63986.200000000000000;
202511;611;1979004056;COTAS;26710926.012156000000000;42378671000130
202511;549;2010005929;COTAS;192948033.789522000000000;33913650000187
202511;391;2022002865;TIT_PUB;227552.340000000000000;
202511;535;2019002574;COTAS;126244.451962000000000;
202511;611;1979000956;COTAS;11070788.219248000000000;
202511;655;2002001911;OPCOES;-57776.530000000000000;
202511;611;2010004418;COTAS;778723.091697000000000;
202511;611;1997004674;COTAS;79236627.161005000000000;
202511;401;1988000629;VL_PG_RC;0.000000000000000;
202511;655;2004001747;COTAS;613038.397779000000000;04118854000128
202511;611;1984001019;COTAS;17147293.239366000000000;
202511;655;2002001911;COTAS;1687397.872950000000000;39997959000189
202511;611;1984001019;COTAS;18398002.251707000000000;
202511;655;2003002138;COTAS;321511.352060000000000;04118854000128
202511;655;2021003183;COTAS;59865965.496021000000000;36615983000118
202511;552;1979002665;COTAS;338684.870342000000000;
202511;535;2021002292;COTAS;172861.918648000000000;
202511;611;1984001019;VL_PG_RC;-192968.740000000000000;
202511;611;2009002547;COTAS;10137193.494152000000000;
202511;611;1990000347;COTAS;397091.234874000000000;
202511;655;2003002383;ACOES;2892411.390000000000000;
202511;611;1984001019;COTAS;17852935.154362000000000;
202511;655;2003002383;COTAS;0.000002000000000;
202511;401;9970000000;COTAS;702026.120002000000000;
202511;611;1979004056;CAIXA;101999.590000000000000;
202511;655;9970000000;COTAS;629036.829084000000000;60823195000100
202511;655;1970000147;COTAS;9968079.876541000000000;
202511;691;1981000429;COTAS;14409949.550065000000000;13089217000161
202511;611;2009002547;COTAS;3634156.764708000000000;
202511;611;1990000592;COTAS;4426407.457477000000000;
202511;611;1997004038;COTAS;310291945.592401000000000;
202511;611;1997004038;COTAS;5260001.400239000000000;
202511;477;1991000138;COTAS;48456.978593000000000;
202511;655;2003002618;COTAS;0.000009000000000;
202511;121;1986000265;IMOVEIS;31220000.000000000000000;
202511;121;1986000265;OPERACAO_PARTICIPANTE;5225395.750170198900000;
202511;134;1986000818;COTAS;11368189.100001000000000;
202511;134;1986000818;COTAS;8819874.090000000000000;
202511;134;1986000818;COTAS;343135894.190002000000000;44544136000138
202511;165;9970000000;CAIXA;9966.110000000000000;
202511;182;2010001419;COTAS;290486.642833000000000;
202511;196;9970000000;COTAS;1077678.392160000000000;
202511;206;4002060047;COTAS;1960487.848346000000000;
202511;211;1996005138;COTAS;116102.002362000000000;
202511;211;1996005138;COTAS;1318658.993830000000000;
202511;211;1996005219;COTAS;18444.094975000000000;
202511;211;1997002329;COTAS;377.786876000000000;
202511;655;2003002618;TIT_PUB;102905745.680000000000000;
202511;223;1980000492;ACOES;0.000000000000000;
202511;655;2004002638;COTAS;16121254.099726000000000;62680015000103
202511;655;2007001519;COTAS;785066090.449548000000000;41902409000180
202511;655;2008002756;TIT_PUB;535207.850000000000000;
202511;223;1980000492;COTAS;289110337.010240000000000;
202511;655;2010001583;COTAS;744869.283753000000000;62680015000103
202511;223;2002004838;CAIXA;3387.490000000000000;
202511;655;2018000292;COTAS;-166804.409573000000000;
202511;655;2018000292;COTAS;9389903.449821000000000;11965107000190
202511;655;2018000292;COTAS;191189168.327729000000000;36617506000191
202511;655;2021000011;COTAS;-9441.649141000000000;
202511;655;1970000147;COTAS;64836533.257573000000000;32862087000100
202511;611;2009002865;COTAS;796084.977490000000000;
202511;504;1982001119;OPERACAO_PARTICIPANTE;42233314.218325309400000;
202511;552;1979002665;COTAS;136804332.871364000000000;04592305000190
202511;655;9970000000;COTAS;3708843.731631000000000;41902409000180
202511;611;1997004038;COTAS;1907533.062946000000000;
202511;535;2021002292;COTAS;385351.597442000000000;09125491000171
202511;727;1971000256;TIT_PRIV;18732368.940000000000000;
202511;549;1979001456;COTAS;29190313.394027000000000;33913669000123
202511;655;2003002383;COTAS;-39926.404654000000000;
202511;611;1997004674;COTAS;15438464.185055000000000;
202511;552;1979002665;COTAS;21673046.174359000000000;05142777000104
202511;611;1990000347;COTAS;742774.724616000000000;
202511;655;2003002383;COTAS;3277.370844000000000;
202511;655;2000005918;COTAS;327494.866243000000000;60627509000190
202511;731;2006005611;COTAS;892146776.740058000000000;59475324000129
202511;552;2002004692;TIT_PRIV;2515451.850000000000000;
202511;504;1998002918;COTAS;846791.504348000000000;
202511;655;2021000011;IMOVEIS;129150645.660000000000000;
202511;535;1982000538;COTAS;5035534.549173000000000;
202511;655;9970000000;COTAS;15176132.700866000000000;60627509000190
202511;731;2018001647;VL_PG_RC;-13689.870000000000000;
202511;552;9970000000;CAIXA;70044.320000000000000;
202511;655;2021003183;CAIXA;2575.120000000000000;
202511;691;2002004765;COTAS;0.000000000000000;
202511;611;1998003183;COTAS;196492022.410781000000000;
202511;731;9970000000;CAIXA;101360.690000000000000;
202511;611;2010004418;COTAS;30776237.886007000000000;
202511;655;2003002383;COTAS;106376.586791000000000;11965107000190
202511;655;2004002638;COTAS;1099798.693000000000000;36617506000191
202511;535;1982000538;IMOVEIS;39843500.000000000000000;
202511;655;2004002638;COTAS;2978147.062698000000000;46502938000100
202511;655;9970000000;VL_PG_RC;-3163173.520000000000000;
202511;611;1979004056;COTAS;9676591.908294000000000;
202511;611;2009002865;COTAS;94650776.593546000000000;
202511;571;1988001218;OPERACAO_PARTICIPANTE;115603580.921892157000000;
202511;686;2022000765;IMOVEIS;65814328.240000000000000;
202511;655;2021003183;COTAS;2934915.727502000000000;18330535000196
202511;552;9970000000;COTAS;76912.791934000000000;
202511;713;1998006174;COTAS;9589761.116525000000000;
202511;549;1979001456;OPERACAO_PARTICIPANTE;7149750.000000000000000;
202511;611;1979004056;COTAS;24082325.199468000000000;
202511;549;2005003883;COTAS;50823497.688223000000000;33913669000123
202511;686;2022001656;TIT_PUB;43379157.300000000000000;
202511;611;1990000347;COTAS;144759.886439000000000;
202511;611;1990000347;VL_PG_RC;-4766.920000000000000;
202511;571;2020002418;COTAS;1187315.811616000000000;
202511;713;2011000556;COTAS;100138531.044817000000000;
202511;655;2002001911;COTAS;2315469.819223000000000;19587206000198
202511;611;2010004418;CAIXA;31966.610000000000000;
202511;655;2004002638;COTAS;6898782.466701000000000;62992257000124
202511;611;1997004674;VL_PG_RC;1454823.120000000000000;
202511;655;2003002219;VL_PG_RC;-41.830000000000000;
202511;571;2020002418;VL_PG_RC;76445.330000000000000;
202511;611;2010004418;COTAS;3834017.340658000000000;
202511;713;2021003418;COTAS;24239984.801863000000000;
202511;655;2004002638;COTAS;5393637.724593000000000;34081202000127
202511;571;2023001511;COTAS;700355.334980000000000;
202511;792;1988000718;COTAS;7462296.881715000000000;
202511;611;2009002611;COTAS;215417960.454885000000000;
202511;571;2023001511;COTAS;2442199.538809000000000;
202511;792;1998000818;COTAS;461071.960786000000000;
202511;611;1984001019;COTAS;1692307031.345095000000000;
202511;691;2002004765;COTAS;246104382.570285000000000;35179107000123
202511;611;2019002019;VL_PG_RC;-21139.950000000000000;
202511;611;2009002611;TIT_PUB;112022460.600000000000000;
202511;611;1997004674;COTAS;2382439.330644000000000;
202511;552;2002000638;IMOVEIS;74640347.050000000000000;
202511;611;2009002865;COTAS;595220311.729186000000000;
202511;731;2006005611;COTAS;430180.385964000000000;
202511;713;1983000183;OPERACAO_PARTICIPANTE;312134.788800452800000;
202511;611;2010004418;COTAS;3595998.749222000000000;14097532000101
202511;571;2023001511;COTAS;262000.000000000000000;
202511;611;2019002183;COTAS;5557.461550000000000;
202511;792;1998000974;COTAS;730803.950428000000000;
202511;611;2009002547;CAIXA;12000.000000000000000;
202511;655;2007001519;COTAS;46498.186099000000000;10430028000112
202511;571;1988001218;CAIXA;151924745.550000000000000;
202511;571;1988001218;COTAS;5980041.449043000000000;
202511;655;2007001519;COTAS;0.000016000000000;
202511;655;2007001519;COTAS;3241129962.545308000000000;32862087000100
202511;655;2007001519;COTAS;1630416660.699700000000000;19587206000198
202511;731;2006005611;COTAS;210888381.815690000000000;61708895000108
202511;792;1998000974;COTAS;3461556.548890000000000;
202511;655;2007001519;COTAS;2519664.257027000000000;20815620000196
202511;611;1979000956;TIT_PUB;6236830.110000000000000;
202511;655;1970000147;COTAS;91182.361565000000000;
202511;611;1990000347;COTAS;70372.596805000000000;
202511;792;1999002938;COTAS;239478662.370464000000000;10740536000105
202511;655;2007001519;COTAS;813883111.066234000000000;29045373000160
202511;731;2018001647;COTAS;18446306.159083000000000;59475324000129
202511;655;2004002638;COTAS;11366818.504466000000000;39997959000189
202511;611;2019002019;COTAS;307880.111020000000000;
202511;611;2019002183;COTAS;12115950.326995000000000;
202511;611;1990000347;TIT_PRIV;1032362.850000000000000;
202511;792;1999002938;IMOVEIS;31872116.290000000000000;
202511;611;1997004038;COTAS;38638961.901846000000000;
202511;792;1999003047;CAIXA;3547.940000000000000;
202511;655;2007001519;CAIXA;3780932.570000000000000;
202511;758;2002002411;COTAS;836385061.144064000000000;
202511;655;2007001519;COTAS;3423253.807030000000000;21397791000105
202511;611;1997004674;COTAS;110482871.905296000000000;
202511;655;1970000147;COTAS;2128611.186615000000000;
202511;655;2007001519;COTAS;56745980.783031000000000;
202511;713;2006001892;OPERACAO_PARTICIPANTE;3615461.477970350200000;
202511;655;2021003183;COTAS;418292.228141000000000;05117292000160
202511;758;2002002411;COTAS;114795043.193770000000000;30453303000120
202511;611;2019002183;CAIXA;14000.000000000000000;
202511;611;1997004674;COTAS;1110820.069346000000000;
202511;792;1999003047;COTAS;1103662.856858000000000;
202511;552;2002000638;TIT_PUB;1053937022.880000000000000;
202511;655;2007001519;COTAS;12676985404.579433000000000;34791568000190
202511;611;2009002611;CAIXA;14000.000000000000000;
202511;611;2009002865;COTAS;6315940.741858000000000;
202511;655;2021003183;COTAS;34231.103160000000000;21397837000196
202511;552;2002004692;VL_PG_RC;-2207589.970000000000000;
202511;571;1988001218;COTAS;10271588.015074000000000;
202511;655;2007001519;COTAS;641675643.690248000000000;62992257000124
202511;792;9970000000;COTAS;46700722.341561000000000;
202511;571;1988001218;COTAS;99849198.750000000000000;
202511;611;1990000592;COTAS;82666.429035000000000;
202511;611;2009002547;COTAS;9715569.271131000000000;
202511;611;1990000592;VL_PG_RC;-3694.660000000000000;
202511;571;2020002418;COTAS;143671.460518000000000;
202511;655;2007001519;TIT_PUB;21228278617.690000000000000;
202511;713;2011000556;COTAS;36152778.000000000000000;57233773000135
202511;655;1999003111;COTAS;5547034.018658000000000;04118854000128
202511;611;1997004038;COTAS;708281929.497553000000000;
202511;655;2008002756;COTAS;1134245.053001000000000;62992257000124
202511;655;1999003111;COTAS;7818898.811793000000000;32862087000100
202511;611;2009002865;COTAS;2938180846.648584000000000;
202511;789;9970000000;VL_PG_RC;332420.910000000000000;
202511;655;2007001519;COTAS;5457197.352912000000000;05117292000160
202511;713;2021003418;COTAS;37488212.825866000000000;
202511;655;2008002756;COTAS;2453106.170602000000000;36617506000191
202511;571;1988001218;COTAS;1485417.926066000000000;
202511;611;2009002865;COTAS;16947175.376915000000000;
202511;655;2010000447;COTAS;15985986.802318000000000;34791568000190
202511;655;9970000000;COTAS;435688.256902000000000;11965107000190
202511;727;1971000256;OPERACAO_PARTICIPANTE;10288562.610000000000000;
202511;571;2020002418;COTAS;972398.363266000000000;
202511;655;1999003111;OPCOES;-128586.610000000000000;
202511;655;2010004019;COTAS;966805.632424000000000;62992257000124
202511;611;1997004038;COTAS;1550936685.517004000000000;
202511;655;1970000147;COTAS;0.000044000000000;
202511;686;1978000529;CAIXA;376755.270000000000000;
202511;792;1988000718;COTAS;12338402.895403000000000;
202511;655;2008002756;COTAS;2609045.015734000000000;62680015000103
202511;686;2022001192;ACOES;5626797.830000000000000;
202511;792;1988000718;COTAS;20303751.548523000000000;18959722000133
202511;571;2020002418;COTAS;7442494.686392000000000;
202511;655;2010000447;CAIXA;755211.670000000000000;
202511;686;2022001192;COTAS;5200322.552328000000000;
202511;655;2018000292;COTAS;70766.893892000000000;
202511;792;1988000718;VL_PG_RC;-478817.580000000000000;
202511;611;2019002183;COTAS;952753.607312000000000;
202511;655;2018000292;COTAS;47861372.804188000000000;05117292000160
202511;611;9970000000;VL_PG_RC;-19231.610000000000000;
202511;655;1970000147;COTAS;3463048.717400000000000;21397715000108
202511;655;1970000147;COTAS;4083650.094313000000000;60823195000100
202511;655;1970000147;COTAS;9242490.178987000000000;21397791000105
202511;731;2018001647;CAIXA;111650.490000000000000;
202511;686;2022001192;VL_PG_RC;-7279.420000000000000;
202511;655;2002000883;CAIXA;0.000000000000000;
202511;655;2000005918;OPCOES;-40642.690000000000000;
202511;611;1997004674;COTAS;11402021.230629000000000;14097532000101
202511;655;1970000147;COTAS;60320201.792143000000000;62680015000103
202511;655;2010000447;COTAS;1003851.511920000000000;41902409000180
202511;655;1970000147;IMOVEIS;706036084.830000000000000;
202511;731;9970000000;VL_PG_RC;-3369.000000000000000;
202511;655;2010000447;TIT_PUB;1373700.150000000000000;
202511;655;2018000292;COTAS;415555.834638000000000;10430028000112
202511;655;2002000883;VL_PG_RC;0.000000000000000;
202511;611;1998003183;OPERACAO_PARTICIPANTE;112555.550000000000000;
202511;571;2023001511;COTAS;667372.704812000000000;
202511;655;2010001583;COTAS;1626516.883933000000000;19587206000198
202511;691;1981000429;ACOES;0.000000000000000;
202511;655;2010004019;CAIXA;216360.580000000000000;
202511;691;1981000429;COTAS;11393129.432622000000000;
202511;655;2010004019;COTAS;2219422.171688000000000;36617506000191
202511;571;1988001218;COTAS;24124424.030320000000000;
202511;802;1977000118;OPERACAO_PARTICIPANTE;8762613.650000000000000;
202511;691;1981000429;VL_PG_RC;-945256035.360000000000000;
202511;571;1988001218;COTAS;34623791.489644000000000;
202511;758;2002002411;COTAS;35073201.233795000000000;
202511;792;1998000818;OPERACAO_PARTICIPANTE;195059.370000000000000;
202511;571;9970000000;COTAS;10698179.144457000000000;
202511;691;2002004765;ACOES;90493536.000000000000000;
202511;655;2002001911;COTAS;986864.001318000000000;62680015000103
202511;655;1999003111;COTAS;2357437.526286000000000;62680015000103
202511;571;1988001218;COTAS;77862085.299986000000000;
202511;792;1998000974;COTAS;89879.873825000000000;
202511;691;2002004765;COTAS;12379270.507978000000000;
202511;655;2019003619;CAIXA;83897.810000000000000;
202511;655;2003002456;ACOES;19489880.090000000000000;
202511;655;2010001583;VL_PG_RC;90210.000000000000000;
202511;758;4007580065;COTAS;10932213.484099000000000;
202511;691;2002004765;VL_PG_RC;-19734762.750000000000000;
202511;611;2019002183;COTAS;1673662.181995000000000;
202511;655;2018000292;COTAS;2032555.150167000000000;
202511;655;2010004019;COTAS;5237543.802972000000000;34791568000190
202511;655;2018000292;COTAS;92311744.251943000000000;18330535000196
202511;655;1970000147;TIT_PUB;8021929558.050000000000000;
202511;611;2009002547;COTAS;7150673.832421000000000;
202511;571;2020002418;COTAS;732297.047314000000000;
202511;758;4007580065;VL_PG_RC;-752.440000000000000;
202511;691;9970000000;CAIXA;348785.740000000000000;
202511;655;2019003619;VL_PG_RC;-860634.690000000000000;
202511;792;1999002865;COTAS;3257823.997856000000000;
202511;571;2023001511;COTAS;318847.845942000000000;
202511;792;1999002938;CAIXA;9816.250000000000000;
202511;655;2019003619;COTAS;454700475.082136000000000;04118854000128
202511;655;2021000011;ACOES;50203406.320000000000000;
202511;802;2003001956;ACOES;13949867.000000000000000;
202511;655;1970000147;COTAS;1206557.826101000000000;21397837000196
202511;655;2021000011;COTAS;478224709.087324000000000;19587206000198
202511;655;2003002456;COTAS;22077.259311000000000;
202511;655;1970000147;TIT_PRIV;8973274.220000000000000;
202511;611;2009002547;TIT_PRIV;16528992.020000000000000;
202511;611;2009002611;COTAS;7549067.194984000000000;
202511;655;2019003619;TIT_PUB;3316123821.790000000000000;
202511;611;1979000956;COTAS;51313836.566259000000000;
202511;611;2009002611;TIT_PRIV;4530685.630000000000000;
202511;611;1979000956;COTAS;90050093.197817000000000;
202511;655;2021000011;CAIXA;20183.090000000000000;
202511;758;9970000000;TIT_PUB;3378942.380000000000000;
202511;655;2002001911;COTAS;991171.564937000000000;36617506000191
202511;655;2021000011;COTAS;1173679.290572000000000;20815620000196
202511;655;2021000011;COTAS;1774124.143610000000000;
202511;655;1999003111;COTAS;1024946.278734000000000;62992257000124
202511;655;1999003111;COTAS;5552311.967184000000000;34791568000190
202511;655;2002001911;CAIXA;10188.370000000000000;
202511;655;2002001911;COTAS;2294935.081315000000000;32862118000115
202511;611;2010004418;COTAS;21995397.207414000000000;
202511;792;1999002938;COTAS;23593466.886259000000000;
202511;655;2000005918;COTAS;399971.171702000000000;34081202000127
202511;713;1983000183;COTAS;28423011.059770000000000;
202511;655;2003002618;COTAS;741146.721646000000000;60823195000100
202511;655;2004001747;VL_PG_RC;0.000000000000000;
202511;655;2002001911;COTAS;3267959.011013000000000;04118854000128
202511;611;1979004056;COTAS;712642.143458000000000;
202511;713;1983000183;COTAS;113534.481287000000000;10948647000101
202511;655;2021000011;COTAS;896645289.641687000000000;34791568000190
202511;655;2021000011;COTAS;634503.666717000000000;23884799000121
202511;655;2003002383;CAIXA;182.090000000000000;
202511;655;2021000011;COTAS;217301702.645469000000000;33255042000122
202511;655;2004002638;COTAS;545634.424376000000000;
202511;655;2003002456;COTAS;0.000011000000000;
202511;655;2008002756;COTAS;5695306.274946000000000;32862118000115
202511;655;2002001911;COTAS;2497798.951791000000000;34791568000190
202511;655;2021000011;TIT_PUB;163303627.400000000000000;
202511;713;2006001892;COTAS;4043655.952893000000000;
202511;655;2021000011;COTAS;5225152.188339000000000;18330535000196
202511;792;1988000718;COTAS;8331721.623310000000000;
202511;655;2021003183;COTAS;13510015.087721000000000;41902409000180
202511;611;2019002019;COTAS;9301846.407070000000000;
202511;655;2008002756;COTAS;385819.368476000000000;41902409000180
202511;792;1999003047;COTAS;3367942.694411000000000;
202511;655;2002001911;COTAS;93645.808814000000000;41902409000180
202511;611;1979004056;COTAS;23883126.082727000000000;
202511;655;2021000011;COTAS;633473.344600000000000;21397715000108
202511;655;2021003183;OPERACAO_PARTICIPANTE;35756418.162127799300000;
202511;655;1999003111;TIT_PUB;463846.810000000000000;
202511;792;1999003047;COTAS;549239.571563000000000;
202511;655;2021000011;COTAS;307290.033319000000000;23884789000196
202511;655;2010001583;COTAS;4826319.268739000000000;04118854000128
202511;713;2006001892;COTAS;4502679.866093000000000;
202511;655;2000005918;COTAS;110272.662515000000000;41902409000180
202511;611;1979004056;COTAS;7212163846.687625000000000;13411036000100
202511;655;2000005918;COTAS;746075.053730000000000;62680015000103
202511;611;2019002019;TIT_PUB;207655710.820000000000000;
202511;655;2021000011;OPERACAO_PARTICIPANTE;145597589.620423753100000;
202511;655;2021000011;OPCOES;-5294217.820000000000000;
202511;792;1999003047;COTAS;1595418.553014000000000;
202511;655;2002001911;COTAS;3189255.456937000000000;33255042000122
202511;792;1988000718;COTAS;1074778.104239000000000;
202511;713;2006001892;COTAS;9036795.776337000000000;
202511;802;2003001956;COTAS;12921009.996831000000000;
202511;655;2003002219;CAIXA;0.000000000000000;
202511;655;2021003183;COTAS;87301620.090880000000000;33255042000122
202511;655;2021000011;VL_PG_RC;47723950.700000000000000;
202511;655;2002001911;COTAS;493165.556813000000000;60627509000190
202511;655;2021003183;COTAS;98024.349324000000000;23884799000121
202511;655;2002001911;VL_PG_RC;128139.810000000000000;
202511;792;1998000818;COTAS;371431.794765000000000;
202511;802;9970000000;TIT_PUB;15182807.030000000000000;
202511;713;2021003418;COTAS;14895.230565000000000;10948652000106
202511;655;2003002383;COTAS;127810.031954000000000;23884799000121
202511;792;1999003047;COTAS;4116375.943962000000000;
202511;655;2003002383;COTAS;553583.313755000000000;05117292000160
202511;792;1998000818;COTAS;76162.887375000000000;29983445000110
202511;655;2004002638;COTAS;33424031.375405000000000;33255042000122
202511;713;9970000000;COTAS;2960378.458875000000000;
202511;655;2004002638;TIT_PUB;170548746.890000000000000;
202511;655;2003002383;COTAS;4716.682576000000000;10430028000112
202511;792;2023001056;CAIXA;5117.080000000000000;
202511;611;1979000956;COTAS;11999738.688759000000000;
202511;655;2007001519;COTAS;5745432.274239000000000;
202511;655;2007001519;COTAS;16075671.937033000000000;
202511;821;1988000238;COTAS;9062068.350550000000000;
202511;655;2003002456;COTAS;1028909.986731000000000;60823195000100
202511;821;1988000238;COTAS;5934112.980027000000000;
202511;655;2010001583;COTAS;331189.413991000000000;29045373000160
202511;655;2003002383;COTAS;44086.745506000000000;21397837000196
202511;655;2007001519;COTAS;1284705.744833000000000;23884799000121
202511;655;2003002383;VL_PG_RC;-912606.480000000000000;
202511;655;9970000000;COTAS;40379056.726975000000000;39997959000189
202511;655;2003002618;COTAS;709480.140598000000000;23884799000121
202511;655;2003002529;VL_PG_RC;0.000000000000000;
202511;655;2003002456;VL_PG_RC;-2727297.250000000000000;
202511;802;1977000118;CAIXA;28947591.100000000000000;
202511;655;2008002756;COTAS;5697684.524254000000000;19587206000198
202511;802;1977000118;COTAS;23515455.179623000000000;
202511;792;1998000974;COTAS;55224.458216000000000;
202511;611;1979004056;IMOVEIS;494368116.280000000000000;
202511;655;2021003183;COTAS;10977456.334982000000000;60627509000190
202511;821;1988000238;VL_PG_RC;-40141.520000000000000;
202511;655;2008002756;COTAS;1198966.286060000000000;60627509000190
202511;655;2010001583;COTAS;927549.421112000000000;36615983000118
202511;802;2003001956;COTAS;14627728.714309000000000;
202511;611;2019002183;COTAS;22426959.706540000000000;
202511;611;1980001529;COTAS;3247908.024376000000000;
202511;655;9970000000;COTAS;7479226.069281000000000;46502938000100
202511;611;1980001529;TIT_PUB;45874280.230000000000000;
202511;792;1998000974;COTAS;578463.479668000000000;
202511;655;2004002638;OPERACAO_PARTICIPANTE;8921801.330505581300000;
202511;655;2003002618;ACOES;16626284.710000000000000;
202511;792;1998000974;COTAS;77662.792187000000000;
202511;727;1971000256;COTAS;176552522.055579000000000;07995583000187
202511;655;2003002618;CAIXA;1969.210000000000000;
202511;802;2003001956;COTAS;15604900.181120000000000;
202511;821;9970000000;VL_PG_RC;0.000000000000000;
202511;611;1983000418;COTAS;1402307.893371000000000;
202511;655;2010000447;COTAS;14766187.056351000000000;32862118000115
202511;655;2008002756;VL_PG_RC;312624.530000000000000;
202511;655;2010004019;COTAS;4799847.627974000000000;32862118000115
202511;611;1979004056;VL_PG_RC;24569918.960000000000000;
202511;611;1984001019;COTAS;6020576.228415000000000;
202511;655;2004002638;CAIXA;272848.720000000000000;
202511;655;9970000000;COTAS;120003302.573159000000000;33255042000122
202511;655;2021003183;COTAS;54248449.882724000000000;39997959000189
202511;655;1999003111;COTAS;5148751.286423000000000;19587206000198
202511;655;9970000000;COTAS;48808349.273331000000000;62680015000103
202511;655;2004002638;COTAS;41822424.753523000000000;04118854000128
202511;802;2003001956;VL_PG_RC;133959.690000000000000;
202511;864;2022000692;VL_PG_RC;0.000000000000000;
202511;655;2004002638;COTAS;152203.153477000000000;
202511;655;2010004019;TIT_PUB;428166.280000000000000;
202511;655;9970000000;COTAS;14719818.269557000000000;34081202000127
202511;655;2018000292;CAIXA;990785.410000000000000;
202511;655;2007001519;COTAS;7315085.122201000000000;23884789000196
202511;727;1971000256;IMOVEIS;151980080.590000000000000;
202511;655;1999003111;COTAS;3304528.501076000000000;36617506000191
202511;655;2018000292;COTAS;32213600.076526000000000;
202511;655;9970000000;TIT_PUB;3585892.610000000000000;
202511;611;1984001019;CAIXA;11999.800000000000000;
202511;686;2022000765;TIT_PUB;106006764.020000000000000;
202511;655;2000005918;COTAS;1186588.531219000000000;39997959000189
202511;686;2022000765;COTAS;156992.820032000000000;
202511;727;1971000256;TIT_PUB;22266439.390000000000000;
202511;686;1978000529;COTAS;21278.415863000000000;
202511;881;1979000247;CAIXA;136100.100000000000000;
202511;655;2007001519;COTAS;48107628.427110000000000;
202511;655;2018000292;COTAS;294671.809555000000000;
202511;686;2022001192;COTAS;22492.590805000000000;
202511;686;9970000000;CAIXA;4857.710000000000000;
202511;655;2019003783;VL_PG_RC;-138336.220000000000000;
202511;691;1981000429;COTAS;-398446.331040000000000;
202511;655;2010001583;COTAS;323741.661615000000000;62992257000124
202511;686;2022000765;ACOES;39965224.490000000000000;
202511;691;1981000429;COTAS;6342185.930105000000000;
202511;655;2007001519;COTAS;3253186105.151477000000000;33255042000122
202511;881;1979000247;COTAS;3000988.056949000000000;
202511;727;9970000000;COTAS;374782.399211000000000;
202511;881;1994000929;COTAS;-68787.139228000000000;
202511;655;2021000011;COTAS;16270.272559000000000;
202511;655;2007001519;COTAS;2215812499.015289000000000;39997959000189
202511;802;9970000000;COTAS;1563301.545491000000000;
202511;758;1981001719;VL_PG_RC;-5499.980000000000000;
202511;821;1988000238;COTAS;3720512.114053000000000;
202511;655;2010000447;COTAS;54375523.202054000000000;04118854000128
202511;611;1990000592;COTAS;194082.366507000000000;
202511;655;2010000447;COTAS;8455099.762990000000000;36615983000118
202511;691;1981000429;OPERACAO_PARTICIPANTE;334083596.965603182800000;
202511;655;2021000011;COTAS;102748959.669805000000000;36615983000118
202511;686;2022001729;COTAS;4941264.424141000000000;
202511;655;2021003183;COTAS;261192.824512000000000;21397791000105
202511;655;9970000000;CAIXA;1128065.460000000000000;
202511;881;1999004256;TIT_PUB;3157535940.910000000000000;
202511;655;2010004019;COTAS;7415762.276045000000000;32862087000100
202511;881;2000003729;COTAS;512236.536795000000000;
202511;655;2010000447;OPCOES;-370333.700000000000000;
202511;881;2000003729;OPERACAO_PARTICIPANTE;0.000000000000000;
202511;864;2022000692;COTAS;44145260.262307000000000;56430125000106
202511;655;2007001519;COTAS;767565124.414708000000000;34081202000127
202511;655;2018000292;COTAS;11191449.907050000000000;21397715000108
202511;655;9970000000;COTAS;382326164.635024000000000;04118854000128
202511;611;1997004038;CAIXA;20793.600000000000000;
202511;686;2022000765;COTAS;153.994023000000000;
202511;686;2022001656;COTAS;13529788.187446000000000;
202511;864;2023000483;COTAS;21228.070572000000000;
202511;878;1999003918;COTAS;822873.305464000000000;
202511;792;1998000974;COTAS;239077.242361000000000;44432479000100
202511;792;1998000974;TIT_PUB;50342474.250000000000000;
202511;655;2000005918;COTAS;324152.047815000000000;62992257000124
202511;611;1984001019;COTAS;904015.158155000000000;
202511;686;2022001656;CAIXA;560009.560000000000000;
202511;878;1999003918;COTAS;7006721.872278000000000;
202511;655;2010000447;COTAS;3018650.853723000000000;29045373000160
202511;655;2002000492;VL_PG_RC;0.000000000000000;
202511;686;2022001656;VL_PG_RC;66894.230000000000000;
202511;686;2022001729;COTAS;7179857.865316000000000;
202511;611;1997004038;COTAS;277204141.767569000000000;
202511;686;2022001818;COTAS;18546.522243000000000;
202511;611;1997004038;IMOVEIS;5043160.000000000000000;
202511;686;2022001818;COTAS;8024755.446130000000000;
202511;611;1997004674;COTAS;461024091.043977000000000;
202511;686;2022001818;VL_PG_RC;-3950.120000000000000;
202511;611;2009002547;COTAS;264906.077934000000000;
202511;792;1999003047;COTAS;984419.439511000000000;
202511;686;9970000000;COTAS;1416957.698257000000000;
202511;686;9970000000;VL_PG_RC;312.570000000000000;
202511;611;2009002547;COTAS;2626607.256857000000000;40188751000106
202511;691;2002004765;COTAS;8835880.131013000000000;
202511;713;2006001892;COTAS;18119453.086779000000000;
202511;713;2006001892;COTAS;557745.100953000000000;
202511;713;2006001892;COTAS;38279412.000000000000000;57233773000135
202511;713;2011000556;COTAS;178760330.752279000000000;
202511;713;2011000556;VL_PG_RC;1358346.380000000000000;
202511;713;2021003418;VL_PG_RC;468183.970000000000000;
202511;727;1971000256;VL_PG_RC;10591119.410000000000000;
202511;731;1982002956;VL_PG_RC;-114799.130000000000000;
202511;223;2011000874;TIT_PUB;608166060.750000000000000;
202511;223;9970000000;COTAS;55655707.090000000000000;
202511;802;1977000118;TIT_PUB;665858064.410000000000000;
202511;611;2009002547;TIT_PUB;540958613.070000000000000;
202511;864;2002000311;COTAS;2271478558.648969000000000;07192293000103
202511;611;2009002865;COTAS;7418784.422565000000000;
202511;611;2019002183;COTAS;11294584.434726000000000;
202511;864;2023000483;COTAS;231705.213505000000000;
202511;655;1970000147;COTAS;1679881.888955000000000;23884789000196
202511;655;1970000147;COTAS;74662412.890444000000000;36617506000191
202511;655;1999003111;COTAS;1048386.356214000000000;29045373000160
202511;655;1999003111;COTAS;2936427.795681000000000;36615983000118
202511;655;1999003111;COTAS;348634.271384000000000;41902409000180
202511;731;2006005611;VL_PG_RC;-891851.590000000000000;
202511;655;2000005918;COTAS;1628221.288534000000000;19587206000198
202511;864;9970000000;CAIXA;38214.430000000000000;
202511;878;1999003918;COTAS;11160655.169769000000000;
202511;655;2000005918;VL_PG_RC;90320.000000000000000;
202511;655;2000007392;VL_PG_RC;0.000000000000000;
202511;878;9970000000;CAIXA;1020.410000000000000;
202511;758;2002002411;COTAS;74446047.890692000000000;
202511;223;9970000000;TIT_PUB;460025722.110000000000000;
202511;237;1979000492;COTAS;133765353.780296000000000;
202511;789;2006001965;VL_PG_RC;0.000000000000000;
202511;237;1979000492;COTAS;131451607.784384000000000;
202511;691;2002004765;COTAS;148531692.054327000000000;43122405000105
202511;792;1998000818;COTAS;133092.769350000000000;
202511;237;1981000119;COTAS;2483940.876767000000000;47228177000103
202511;655;2003002219;COTAS;390550.035937000000000;04118854000128
202511;878;1999003918;TIT_PUB;16576861.550000000000000;
202511;611;1984001019;COTAS;81876880.469448000000000;
202511;792;1998000974;COTAS;46171.572610000000000;
202511;691;9970000000;TIT_PUB;349127973.020000000000000;
202511;655;2003002383;COTAS;152824.250432000000000;60823195000100
202511;611;1997004038;COTAS;22791487.490004000000000;14097532000101
202511;655;2003002456;COTAS;860962.905541000000000;23884799000121
202511;655;2003002383;TIT_PUB;150242004.350000000000000;
202511;655;2006001256;CAIXA;0.000000000000000;
202511;713;1983000183;COTAS;7168.963010000000000;10948652000106
202511;611;1998003183;COTAS;5016570.054462000000000;
202511;713;2006001892;COTAS;2483153.636069000000000;
202511;881;1979000247;IMOVEIS;127378662.630000000000000;
202511;686;2022001656;COTAS;10061509.309377000000000;
202511;881;1979000247;COTAS;68674.418007000000000;
202511;758;2002002411;COTAS;114641442.334819000000000;30453307000109
202511;713;2011000556;CAIXA;157990.150000000000000;
202511;655;2003002456;COTAS;-268892.786387000000000;
202511;686;2022001656;IMOVEIS;25742410.220000000000000;
202511;655;2003002456;COTAS;196072959.790428000000000;04118854000128
202511;686;2022001729;CAIXA;132313.680000000000000;
202511;758;2002002411;TIT_PUB;525301265.330000000000000;
202511;881;2000003974;TIT_PUB;263806512.940000000000000;
202511;655;2004002638;COTAS;21067412.134140000000000;32862118000115
202511;655;2010001583;COTAS;666426.149936000000000;36617506000191
202511;655;2007001519;COTAS;370871215.354342000000000;46502938000100
202511;881;1999004256;CAIXA;244718.130000000000000;
202511;691;9970000000;VL_PG_RC;-2531.670000000000000;
202511;655;2006001256;VL_PG_RC;0.000000000000000;
202511;655;2021000011;COTAS;1135915.425870000000000;20820603000147
202511;713;1998006174;CAIXA;54804.710000000000000;
202511;655;2010001583;COTAS;2239715.742506000000000;33255042000122
202511;881;1979000247;COTAS;2762300.881128000000000;
202511;655;2021000011;COTAS;6638176.081651000000000;05117292000160
202511;881;2000003729;COTAS;471850.474840000000000;
202511;758;4007580065;COTAS;1358824.749829000000000;30453303000120
202511;686;2022001729;IMOVEIS;5670989.850000000000000;
202511;881;2000003974;COTAS;21826694.260684000000000;
202511;655;2007001519;VL_PG_RC;160138463.670000000000000;
202511;792;1998000974;COTAS;85097.215186000000000;
202511;655;2010001583;COTAS;399421.207206000000000;34081202000127
202511;655;2010004019;COTAS;988907.132340000000000;29045373000160
202511;655;2018000292;COTAS;6878980.755708000000000;
202511;655;2010004019;COTAS;1192771.519540000000000;34081202000127
202511;655;2018000292;COTAS;20067996.173514000000000;20820603000147
202511;792;1998000974;OPERACAO_PARTICIPANTE;1489888.805063642000000;
202511;655;2021000011;COTAS;23521.838521000000000;10430028000112
202511;792;1999002865;COTAS;36071668.007359000000000;
202511;792;1999002865;COTAS;41750939.288036000000000;18959722000133
202511;792;1999002865;VL_PG_RC;-203267.160000000000000;
202511;792;1999002938;COTAS;27458707.168988000000000;
202511;655;2021000011;COTAS;98880831.549534000000000;29045373000160
202511;655;2007001519;IMOVEIS;214911716.500000000000000;
202511;792;1999002938;COTAS;23181318.438107000000000;
202511;655;2021003183;COTAS;0.000001000000000;
202511;686;2022001818;COTAS;5936175.552837000000000;
202511;655;2021003183;COTAS;467.201291000000000;
202511;655;2008002756;COTAS;1160197.144521000000000;29045373000160
202511;881;2000003974;COTAS;12901721.735628000000000;
202511;655;2008002756;OPERACAO_PARTICIPANTE;1522301.140000000000000;
202511;691;1981000429;COTAS;1322705641.172096000000000;11375619000105
202511;792;1999003047;COTAS;9950369.681084000000000;10740536000105
202511;691;1981000429;COTAS;116453782.945784000000000;
202511;881;2002001065;CAIXA;93534.720000000000000;
202511;655;2010000447;COTAS;5901509.061401000000000;36617506000191
202511;691;2002004765;COTAS;5450958.228419000000000;
202511;655;2021003183;COTAS;56006178.527418000000000;32862087000100
202511;655;2010000447;COTAS;6789117.317711000000000;62680015000103
202511;691;2002004765;COTAS;244235050.595887000000000;
202511;792;1999003047;IMOVEIS;483970.220000000000000;
202511;792;9970000000;COTAS;24169014.406954000000000;
202511;655;2018000292;TIT_PRIV;29057124.260000000000000;
202511;691;2002004765;TIT_PRIV;83411071.950000000000000;
202511;895;2000002511;ACOES;7049933.280000000000000;
202511;655;2021000011;COTAS;44656863.018712000000000;60627509000190
202511;792;9970000000;COTAS;187793.450790000000000;18959722000133
202511;713;1983000183;COTAS;19834049.897317000000000;
202511;895;2012001718;VL_PG_RC;-30973.040000000000000;
202511;655;2021003183;COTAS;22423128.386736000000000;34081202000127
202511;792;9970000000;VL_PG_RC;-4192.690000000000000;
202511;655;2021003183;COTAS;172601.732676000000000;23884789000196
202511;802;2003001956;COTAS;92511177.018579000000000;34546439000136
202511;864;2023000483;CAIXA;3622.650000000000000;
202511;864;2023000483;COTAS;495180.984362000000000;52316309000199
202511;895;2020001829;CAIXA;3949.630000000000000;
202511;881;1979000247;COTAS;312833.223868000000000;
202511;895;2020001829;COTAS;104360.296246000000000;58528785000150
202511;655;2018000292;OPERACAO_PARTICIPANTE;1264929844.793401959900000;
202511;895;9970000000;COTAS;21284.859587000000000;
202511;789;9970000000;CAIXA;353.220000000000000;
202511;881;1979000247;TIT_PUB;601161494.120000000000000;
202511;881;1994000929;COTAS;7069927.521735000000000;
202511;881;1999004256;COTAS;2045066.776587000000000;
202511;655;2021003183;VL_PG_RC;8579917.960000000000000;
202511;881;2000003656;COTAS;147855883.420372000000000;
202511;655;2019003783;OPERACAO_PARTICIPANTE;39788384.530202826700000;
202511;655;9970000000;COTAS;2267269.976955000000000;05117292000160
202511;881;2000003656;VL_PG_RC;183761.400000000000000;
202511;792;1999002865;COTAS;2281343.164257000000000;
202511;655;9970000000;COTAS;180636.558232000000000;21397837000196
202511;655;2021000011;COTAS;4005.641899000000000;
202511;881;2000003729;TIT_PUB;82378439.110000000000000;
202511;713;1983000183;IMOVEIS;12302011.910000000000000;
202511;881;2000003974;COTAS;68982.055447000000000;
202511;655;2021000011;COTAS;389373.222283000000000;
202511;881;2002001065;COTAS;364088.295498000000000;
202511;611;1998003183;COTAS;4059622.884454000000000;
202511;881;2008001619;OPERACAO_PARTICIPANTE;0.000000000000000;
202511;713;2021003418;COTAS;252143.078896000000000;10948647000101
202511;881;9970000000;COTAS;138624.367541000000000;
202511;655;2021000011;COTAS;489342397.031056000000000;32862087000100
202511;655;2018000292;COTAS;-3448519.463166000000000;
202511;655;2021000011;COTAS;44943642.262147000000000;62992257000124
202511;713;1998006174;COTAS;2247.262087000000000;10948647000101
202511;922;1981001018;COTAS;25176392.432921000000000;
202511;713;2006001892;CAIXA;32961.620000000000000;
202511;881;9970000000;TIT_PUB;241678751.430000000000000;
202511;881;2002001065;COTAS;37953.813891000000000;
202511;922;2013000847;COTAS;54027466.049292000000000;
202511;611;1998003183;TIT_PUB;4133714.920000000000000;
202511;895;1985000792;CAIXA;717323.860000000000000;
202511;922;2017001392;OPERACAO_PARTICIPANTE;806347.060000000000000;
202511;611;2006005383;COTAS;17620498.666197000000000;
202511;655;2018000292;COTAS;29868731.541907000000000;21397791000105
202511;713;2021003418;CAIXA;95944.910000000000000;
202511;655;2010000447;COTAS;22516304.348460000000000;32862087000100
202511;655;2021003183;COTAS;132488.436009000000000;20820603000147
202511;881;2000003974;VL_PG_RC;751434.410000000000000;
202511;895;2000002511;COTAS;8404078.239669000000000;59334008000137
202511;727;1971000256;CAIXA;240652.420000000000000;
202511;936;1990001483;COTAS;5773034.584292000000000;
202511;655;2010001583;CAIXA;170741.640000000000000;
202511;792;1999002865;COTAS;1640570.488879000000000;
202511;895;2014002118;COTAS;6166.392960000000000;
202511;727;1971000256;COTAS;1880423.498633000000000;
202511;727;9970000000;CAIXA;306664.100000000000000;
202511;895;2014002118;COTAS;4015499.227303000000000;59334008000137
202511;655;2010004019;COTAS;2863876.315601000000000;04118854000128
202511;713;1998006174;IMOVEIS;3052378.870000000000000;
202511;727;1971000256;COTAS;50578862.239907000000000;
202511;655;2018000292;COTAS;3215435413.886006000000000;34791568000190
202511;655;2007001519;COTAS;146593096.583475000000000;18330535000196
202511;731;1982002956;COTAS;1131613767.417674000000000;01634642000105
202511;655;2010004019;COTAS;2769819.863333000000000;36615983000118
202511;655;2021003183;TIT_PUB;323302834.230000000000000;
202511;922;1981001018;CAIXA;2740.090000000000000;
202511;686;1978000529;ACOES;4508666.700000000000000;
202511;713;2011000556;COTAS;63950845.756206000000000;
202511;792;1999002865;COTAS;3699786.391884000000000;
202511;655;2018000292;COTAS;287443.755239000000000;
202511;655;9970000000;COTAS;-164391.196684000000000;
202511;686;1978000529;COTAS;56099765.986254000000000;
202511;792;1999002865;COTAS;2355346.976133000000000;
202511;686;1978000529;VL_PG_RC;-697180.720000000000000;
202511;936;1990001483;COTAS;8554021.575660000000000;
202511;881;2002001065;COTAS;-1088.217639000000000;
202511;792;1999002865;COTAS;28710844.269596000000000;44432479000100
202511;936;1990001483;OPERACAO_PARTICIPANTE;14485534.260039493200000;
202511;655;2018000292;COTAS;7103841512.026999000000000;04118854000128
202511;922;9970000000;CAIXA;123489.880000000000000;
202511;713;2011000556;COTAS;97118157.127386000000000;
202511;936;1998003256;COTAS;1898889.919946000000000;
202511;655;2007001519;COTAS;434784.278171000000000;21397837000196
202511;611;2006005383;TIT_PUB;103591396.640000000000000;
202511;731;1982002956;OPERACAO_PARTICIPANTE;609432.470027798700000;
202511;611;2009002547;COTAS;1492815.095466000000000;
202511;881;2002001065;COTAS;-9550.667092000000000;
202511;936;1990001483;COTAS;12000533.948666000000000;
202511;713;2011000556;COTAS;804857.669912000000000;10948647000101
202511;655;2007001519;OPERACAO_PARTICIPANTE;1569635043.976459662400000;
202511;655;2007001519;TIT_PRIV;73790541.040000000000000;
202511;655;2008002756;CAIXA;472404.590000000000000;
202511;655;2008002756;COTAS;8632643.527126000000000;32862087000100
202511;655;2010001583;COTAS;1753451.073198000000000;34791568000190
202511;655;2010001583;COTAS;110125.479096000000000;41902409000180
202511;655;2010001583;COTAS;375857.011430000000000;60627509000190
202511;655;2010004019;COTAS;3538589.137436000000000;39997959000189
202511;655;2018000292;COTAS;0.000142000000000;
202511;655;2018000292;COTAS;5428833.026026000000000;23884789000196
202511;655;2018000292;COTAS;11209652.470738000000000;23884799000121
202511;655;2018000292;COTAS;167693719.834394000000000;32862087000100
202511;237;1981000119;TIT_PUB;123483465.230000000000000;
202511;237;1982000147;COTAS;1424.000000000000000;
202511;731;2006005611;COTAS;1161350198.008542000000000;61707575000133
202511;655;2019003783;TIT_PUB;1693453389.600000000000000;
202511;237;1982000147;COTAS;156989.547793000000000;
202511;237;1982000147;COTAS;98644.414180000000000;
202511;237;1982000856;COTAS;746766.501297000000000;
202511;237;1982000856;COTAS;127069.582627000000000;
202511;881;9970000000;CAIXA;103061.510000000000000;
202511;731;2006005611;COTAS;308418089.864871000000000;61710021000195
202511;881;2002001065;IMOVEIS;5335830.130000000000000;
202511;655;2021000011;COTAS;431038793.906857000000000;04118854000128
202511;237;2005002283;CAIXA;14875.700000000000000;
202511;237;2005002283;COTAS;2812.000000000000000;
202511;731;2018001647;OPERACAO_PARTICIPANTE;155965.140779653200000;
202511;237;2005002283;COTAS;1761288.715558000000000;
202511;727;9970000000;VL_PG_RC;0.000000000000000;
202511;744;1986000729;COTAS;207083666.779839000000000;
202511;686;2022001192;CAIXA;227937.990000000000000;
202511;792;1999002865;TIT_PUB;82766300.110000000000000;
202511;655;2021003183;COTAS;6734689.303606000000000;46502938000100
202511;237;2005002356;VL_PG_RC;221195.340000000000000;
202511;731;2018001647;COTAS;9269567.918359000000000;61710021000195
202511;611;2009002547;COTAS;3526489.679340000000000;
202511;895;1985000792;COTAS;17.503660000000000;
202511;686;2022000765;CAIXA;1590666.950000000000000;
202511;686;2022001656;COTAS;71181.005989000000000;
202511;936;1990001483;COTAS;37829243.391462000000000;
202511;686;2022001729;COTAS;13052.380629000000000;
202511;655;2021000011;COTAS;67128629.672470000000000;34081202000127
202511;792;1999002938;COTAS;40092690.455540000000000;
202511;744;9970000000;VL_PG_RC;-4247.720000000000000;
202511;713;2011000556;COTAS;146868723.429086000000000;20183830000109
202511;655;2021000011;COTAS;98702327.160355000000000;39997959000189
202511;792;1999002938;COTAS;14425706.022863000000000;
202511;744;1986000729;COTAS;180509975.504364000000000;09613212000119
202511;686;2022001729;TIT_PUB;24033114.100000000000000;
202511;686;2022001818;TIT_PUB;25050008.970000000000000;
202511;792;1999002938;COTAS;33859999.210909000000000;
202511;655;2021003183;COTAS;-1101.234853000000000;
202511;611;2009002547;VL_PG_RC;-78416.860000000000000;
202511;655;2018000292;IMOVEIS;2281679625.650000000000000;
202511;895;2014002118;COTAS;1804680.982616000000000;58528785000150
202511;895;2000002511;OPERACAO_PARTICIPANTE;13387196.469921087900000;
202511;758;2002002411;COTAS;1064214574.205613000000000;
202511;686;2022001729;VL_PG_RC;-9006.790000000000000;
202511;758;2002002411;CAIXA;372281.140000000000000;
202511;691;1981000429;COTAS;7675311.672000000000000;
202511;655;9970000000;COTAS;379914251.225304000000000;32862087000100
202511;792;1999002938;COTAS;298790976.006391000000000;18959722000133
202511;936;1990001483;TIT_PUB;2577323240.110000000000000;
202511;758;4007580065;COTAS;14128265.479921000000000;
202511;758;9970000000;VL_PG_RC;-2868.310000000000000;
202511;686;1978000529;TIT_PUB;6072896.450000000000000;
202511;792;1988000718;COTAS;904670.565136000000000;
202511;691;1981000429;COTAS;8726821.367321000000000;
202511;713;2011000556;TIT_PUB;335205688.850000000000000;
202511;936;1998003256;COTAS;350562.847286000000000;
202511;936;1998003256;COTAS;1767026.804270000000000;
202511;792;1988000718;COTAS;919205.520134000000000;
202511;936;2010002156;COTAS;16934604.500000000000000;
202511;655;2021000011;COTAS;-195177.424406000000000;
202511;713;9970000000;COTAS;2897344.132471000000000;
202511;691;1981000429;COTAS;9389153.873878000000000;
202511;792;1999002938;TIT_PUB;763141194.850000000000000;
202511;655;2021000011;COTAS;1690669.686941000000000;21397791000105
202511;792;1999003047;COTAS;604793.187166000000000;
202511;936;1998003256;COTAS;4957.390739000000000;
202511;686;2022000765;VL_PG_RC;965173.270000000000000;
202511;686;2022001656;ACOES;13706379.300000000000000;
202511;691;2002004765;CAIXA;1001507.330000000000000;
202511;792;1988000718;COTAS;650571.055999000000000;
202511;655;2018000292;TIT_PUB;33204681417.090000000000000;
202511;936;1998003256;COTAS;667655.795389000000000;
202511;713;9970000000;COTAS;5551405.212822000000000;
202511;655;9970000000;COTAS;22634902.453342000000000;36615983000118
202511;936;2010002156;COTAS;4545867.485642000000000;
202511;895;2012001718;COTAS;11126236.481605000000000;59334008000137
202511;941;1980001618;COTAS;19104026.000629000000000;04644612000178
202511;941;1980001618;COTAS;36195280.796364000000000;
202511;941;1998007774;COTAS;2180978.183418000000000;
202511;792;1988000718;COTAS;6941190.745644000000000;
202511;941;1998007774;COTAS;2016663.412622000000000;
202511;941;1998007774;COTAS;1331097105.477424000000000;60506047000153
202511;941;1998007774;COTAS;1599347614.029814000000000;60506753000103
202511;967;2000001947;COTAS;2626605.367859000000000;
202511;792;1988000718;COTAS;915402.419373000000000;
202511;655;2021000011;COTAS;511560.216295000000000;11965107000190
202511;895;2014002118;VL_PG_RC;-72893.350000000000000;
202511;792;1988000718;COTAS;13019206.180006000000000;29983445000110
202511;792;1998000974;COTAS;75857.469747000000000;
202511;895;2017000183;COTAS;122218.602673000000000;58528785000150
202511;611;2009002611;COTAS;1217227.432869000000000;
202511;655;9970000000;OPCOES;-968700.110000000000000;
202511;895;2017000183;CAIXA;8199.910000000000000;
202511;936;2010002156;COTAS;13461595.096287000000000;
202511;686;2022001192;TIT_PUB;13772218.630000000000000;
202511;655;1970000147;COTAS;6209780.587651000000000;20820603000147
202511;686;9970000000;COTAS;37786383.235477000000000;
202511;731;2018001647;COTAS;360961.081936000000000;
202511;655;2021003183;COTAS;212673.391878000000000;
202511;792;1999003047;COTAS;239043.211640000000000;
202511;686;9970000000;TIT_PUB;26390000.340000000000000;
202511;691;1981000429;COTAS;7102755.556310000000000;08432295000187
202511;691;2002004765;COTAS;0.000250000000000;
202511;967;2000004318;CAIXA;0.000000000000000;
202511;655;2021000011;COTAS;22403830.679971000000000;46502938000100
202511;792;2023001056;VL_PG_RC;-591.610000000000000;
202511;691;2002004765;IMOVEIS;85818749.230000000000000;
202511;655;1970000147;COTAS;2547607523.331710000000000;04118854000128
202511;744;1986000729;COTAS;175133765.620721000000000;
202511;936;2010002156;COTAS;124892003.601003000000000;
202511;744;1986000729;COTAS;319404729.920608000000000;18272304000173
202511;792;1998000818;CAIXA;9805.470000000000000;
202511;691;1981000429;COTAS;0.000250000000000;
202511;895;2017000183;COTAS;426993.946242000000000;
202511;792;1998000818;VL_PG_RC;-15551.110000000000000;
202511;758;1981001719;COTAS;820611716.134119000000000;
202511;895;2020001829;TIT_PUB;6569615.710000000000000;
202511;655;2021003183;COTAS;1945.417557000000000;
202511;727;1971000256;COTAS;111097800.348388000000000;
202511;655;2021000011;COTAS;23451177.247539000000000;60823195000100
202511;792;1998000974;COTAS;60174.691599000000000;
202511;792;1998000974;COTAS;91184.234158000000000;
202511;792;1988000718;COTAS;939192.875966000000000;
202511;792;1999002865;CAIXA;6567.350000000000000;
202511;792;1999002865;COTAS;953852.038680000000000;
202511;895;9970000000;COTAS;1452363.699815000000000;59334008000137
202511;792;1998000974;COTAS;69664.607398000000000;
202511;792;1999002938;COTAS;21705936.049970000000000;
202511;655;2021003183;COTAS;45414.871430000000000;
202511;792;1999002938;COTAS;8569583.096900000000000;
202511;895;2020001829;COTAS;223169.458915000000000;
202511;919;1980000719;COTAS;537225979.893345000000000;14172627000134
202511;792;1998000974;COTAS;56116.582512000000000;
202511;792;1999003047;COTAS;387918.145145000000000;
202511;922;2017001392;VL_PG_RC;-334550.070000000000000;
202511;792;1998000974;COTAS;245070.779562000000000;29983445000110
202511;792;1999003047;COTAS;1049492.132485000000000;
202511;655;2021003183;COTAS;7595282.637834000000000;60823195000100
202511;792;1999003047;COTAS;589473.324297000000000;
202511;792;1999002865;COTAS;29444938.398256000000000;29983445000110
202511;655;2021003183;TIT_PRIV;1574587.250000000000000;
202511;895;9970000000;VL_PG_RC;0.000000000000000;
202511;792;1999002938;COTAS;39345091.778009000000000;
202511;655;9970000000;COTAS;0.000005000000000;
202511;919;1980000719;COTAS;121294089.352613000000000;14172036000167
202511;792;1999002938;COTAS;14658746.309702000000000;
202511;655;9970000000;COTAS;9158.378253000000000;
202511;802;1977000118;ACOES;109276900.000000000000000;
202511;922;1981001018;IMOVEIS;4667601.530000000000000;
202511;802;1977000118;COTAS;3360474.384843000000000;
202511;792;1999002938;COTAS;239152322.992946000000000;
202511;936;2010002156;TIT_PUB;507798607.460000000000000;
202511;731;2006005611;COTAS;459465284.742568000000000;61707947000121
202511;792;9970000000;CAIXA;14959.810000000000000;
202511;792;1999002938;COTAS;20060086.444318000000000;
202511;922;2017001392;COTAS;311.877800000000000;
202511;936;2022002792;COTAS;368167.788024000000000;
202511;802;2003001956;TIT_PRIV;20641687.290000000000000;
202511;691;2002004765;TIT_PUB;8304984244.750000000000000;
202511;936;1998003256;OPCOES;70850.960000000000000;
202511;936;1990001483;COTAS;20243338.919317000000000;
202511;792;1999002938;COTAS;237237488.457420000000000;29983445000110
202511;802;9970000000;CAIXA;40110.840000000000000;
202511;802;2003001956;OPERACAO_PARTICIPANTE;976796.530000000000000;
202511;936;1990001483;COTAS;15571107.609754000000000;
202511;792;1999002938;OPERACAO_PARTICIPANTE;64742211.072996795600000;
202511;864;2023000483;COTAS;470761.302258000000000;
202511;802;2003001956;COTAS;10539463.502941000000000;
202511;713;1983000183;TIT_PRIV;5227436.690000000000000;
202511;967;2000004318;COTAS;73671468.568998000000000;10462501000143
202511;878;9970000000;COTAS;2535655.119971000000000;
202511;821;1988000238;COTAS;8608378.151552000000000;
202511;864;1971000183;COTAS;15628913799.683349000000000;03958061000154
202511;655;1970000147;COTAS;60853095.320071000000000;41902409000180
202511;713;1998006174;COTAS;1089.277065000000000;10948652000106
202511;792;1999002938;COTAS;21156108.487787000000000;
202511;713;1998006174;TIT_PRIV;1131102.170000000000000;
202511;936;2010002156;COTAS;17693094.945314000000000;
202511;967;2002003947;COTAS;883624424.287948000000000;05113533000101
202511;881;1979000247;OPERACAO_PARTICIPANTE;0.000000000000000;
202511;941;1980001618;COTAS;-324914.449333000000000;
202511;655;2000005918;COTAS;716381.545536000000000;36617506000191
202511;713;2006001892;COTAS;9235665.221681000000000;
202511;655;2003002383;COTAS;255589.215460000000000;20815620000196
202511;713;2006001892;VL_PG_RC;58774.660000000000000;
202511;881;1994000929;CAIXA;28863.450000000000000;
202511;792;1999003047;COTAS;9133124.215416000000000;
202511;941;1998007774;COTAS;8282449.040988000000000;
202511;731;2006005611;OPERACAO_PARTICIPANTE;29429557.371149282500000;
202511;744;9970000000;CAIXA;51497.200000000000000;
202511;864;9970000000;VL_PG_RC;0.000000000000000;
202511;881;1999004256;COTAS;-56273.999876000000000;
202511;655;2003002456;OPERACAO_PARTICIPANTE;23854696.550869765300000;
202511;821;1988000238;COTAS;591806.718181000000000;
202511;713;2011000556;COTAS;6991797.099085000000000;
202511;655;9970000000;COTAS;357156.039884000000000;23884799000121
202511;936;2022002792;VL_PG_RC;-39.910000000000000;
202511;655;9970000000;IMOVEIS;12009000.000000000000000;
202511;655;2021003183;OPCOES;-2279182.390000000000000;
202511;967;2002003947;OPERACAO_PARTICIPANTE;2122980.040000000000000;
202511;821;1988000238;COTAS;166998162.346422000000000;
202511;758;4007580065;COTAS;432035.648843000000000;
202511;713;2021003418;OPERACAO_PARTICIPANTE;2900872.080783796000000;
202511;655;2003002456;TIT_PUB;942680055.020000000000000;
202511;727;9970000000;COTAS;17139564.641555000000000;
202511;936;9970000000;VL_PG_RC;-6043.220000000000000;
202511;971;2000006711;COTAS;13421619.321504000000000;
202511;691;1981000429;TIT_PUB;1969432871.610000000000000;
202511;936;1998003256;COTAS;11685.042836000000000;
202511;967;2000001947;COTAS;65312557.421924000000000;10462501000143
202511;967;2000004318;COTAS;936808310.629454000000000;05113533000101
202511;691;1981000429;TIT_PRIV;0.000000000000000;
202511;691;2002004765;COTAS;13011933.000000000000000;
202511;731;2018001647;COTAS;19878770.754707000000000;61707575000133
202511;655;9970000000;COTAS;950641.060920000000000;21397791000105
202511;967;2000004318;OPERACAO_PARTICIPANTE;4444417.260000000000000;
202511;941;1980001618;COTAS;10695928.994370000000000;
202511;936;1998003256;COTAS;2586853.437774000000000;
202511;655;9970000000;COTAS;436105633.718192000000000;34791568000190
202511;686;9970000000;COTAS;27626739.954671000000000;
202511;655;2003002529;CAIXA;35318.460000000000000;
202511;792;1999003047;COTAS;3100601.319793000000000;
202511;686;1978000529;COTAS;38518710.862618000000000;
202511;655;2007001519;COTAS;32943.091279000000000;
202511;792;1999003047;COTAS;452335.282568000000000;
202511;821;1988000238;COTAS;1642337.942853000000000;
202511;792;1998000818;COTAS;174981.178712000000000;
202511;691;2002004765;COTAS;5334735.055399000000000;
202511;713;1983000183;CAIXA;156522.380000000000000;
202511;936;2010002156;CAIXA;737093.620000000000000;
202511;936;2010002156;COTAS;14739238.937112000000000;
202511;864;1971000183;OPERACAO_PARTICIPANTE;29291110.950977242300000;
202511;941;1980001618;COTAS;42858736.679666000000000;
202511;881;1999004256;COTAS;-493884.811703000000000;
202511;792;9970000000;IMOVEIS;685109.210000000000000;
202511;971;2000006711;COTAS;8384108.923568000000000;
202511;731;9970000000;COTAS;30821417.387463000000000;
202511;655;2007001519;COTAS;3700621809.201977000000000;04118854000128
202511;713;1998006174;COTAS;8188537.443011000000000;
202511;744;9970000000;COTAS;996559.500001000000000;05464910000149
202511;941;1998007774;COTAS;157261194.258170000000000;
202511;758;4007580065;COTAS;847556.961745000000000;
202511;713;2006001892;COTAS;7925412.166548000000000;
202511;878;9970000000;VL_PG_RC;0.000000000000000;
202511;936;2010002156;COTAS;25294357.753162000000000;
202511;792;1998000818;COTAS;73685.379639000000000;44432479000100
202511;802;2003001956;COTAS;1380330.096570000000000;
202511;864;1971000183;TIT_PRIV;89752325.110000000000000;
202511;686;1978000529;IMOVEIS;9439180.490000000000000;
202511;936;2010002156;COTAS;10388443.166479000000000;
202511;713;2011000556;COTAS;52893.267722000000000;10948652000106
202511;881;1994000929;COTAS;13603.769108000000000;
202511;655;2007001519;COTAS;1048685.640984000000000;11965107000190
202511;881;1999004256;IMOVEIS;226702699.450000000000000;
202511;936;2010002156;OPERACAO_PARTICIPANTE;38075098.259223924400000;
202511;802;2003001956;TIT_PUB;149107659.670000000000000;
202511;941;1998007774;COTAS;32636916.400903000000000;
202511;758;9970000000;CAIXA;63116.530000000000000;
202511;881;2000003729;CAIXA;16498.400000000000000;
202511;691;2002004765;OPERACAO_PARTICIPANTE;941275306.789141800500000;
202511;713;2006001892;COTAS;1331902.898100000000000;
202511;686;2022001818;IMOVEIS;7724786.000000000000000;
202511;941;1980001618;COTAS;357700.638445000000000;
202511;967;2013001592;COTAS;1181609.187961000000000;
202511;691;9970000000;COTAS;9822287.698487000000000;
202511;881;2000003656;COTAS;-128732.372549000000000;
202511;941;1998007774;IMOVEIS;21184361.600000000000000;
202511;731;1982002956;CAIXA;5960741.400000000000000;
202511;941;2023000165;COTAS;1269902.215734000000000;
202511;878;1999003918;COTAS;12112074.069330000000000;
202511;941;1980001618;COTAS;2469395.697763000000000;
202511;967;9970000000;IMOVEIS;43206436.890000000000000;
202511;971;2000006711;COTAS;3257278.619948000000000;
202511;953;1976000238;COTAS;3264718.450433000000000;
202511;789;2006001965;CAIXA;3724872.650000000000000;
202511;655;2007001519;OPCOES;-90192131.800000000000000;
202511;792;1998000974;COTAS;2672674.696561000000000;
202511;792;1988000718;OPERACAO_PARTICIPANTE;3504613.478052778100000;
202511;971;2000006711;TIT_PUB;51490688.820000000000000;
202511;792;1998000974;COTAS;4817402.256884000000000;18959722000133
202511;941;1998007774;COTAS;58006987.168864000000000;
202511;713;2021003418;COTAS;39349568.892293000000000;
202511;792;1988000718;COTAS;1003031.110129000000000;
202511;881;2000003974;CAIXA;4362.200000000000000;
202511;881;2000003729;COTAS;8509875.356459000000000;
202511;941;1998007774;COTAS;26009692.670924000000000;
202511;881;2000003729;VL_PG_RC;845054.140000000000000;
202511;967;1991001029;ACOES;1965639.560000000000000;
202511;802;9970000000;COTAS;1258271.791533000000000;
202511;792;1988000718;COTAS;11037814.984195000000000;10740536000105
202511;792;1998000818;COTAS;81150.973929000000000;18959722000133
202511;655;2008002756;COTAS;1399320.272194000000000;34081202000127
202511;881;2000003974;COTAS;4085717.330445000000000;
202511;881;2000003974;COTAS;423.721700000000000;
202511;881;2008001619;IMOVEIS;2207184.880000000000000;
202511;655;2008002756;COTAS;4151703.229265000000000;39997959000189
202511;881;9970000000;COTAS;30431.382752000000000;
202511;984;1981000992;COTAS;364346.050548000000000;
202511;895;1985000792;COTAS;28741970.221798000000000;58528785000150
202511;792;1998000974;COTAS;79681.175848000000000;
202511;821;9970000000;COTAS;1000582.399886000000000;
202511;971;2000006711;COTAS;6588716.741645000000000;
202511;713;1998006174;COTAS;6225705.538424000000000;
202511;713;9970000000;CAIXA;12473983.680000000000000;
202511;881;1994000929;COTAS;2214698.831189000000000;
202511;967;2013001592;COTAS;2449800.000000000000000;
202511;792;1999002865;COTAS;1649648.267047000000000;
202511;691;1981000429;IMOVEIS;466933251.550000000000000;
202511;792;1999002865;COTAS;5558230.722726000000000;
202511;655;2010000447;COTAS;20416184.386854000000000;33255042000122
202511;792;1999002865;COTAS;2499703.229905000000000;
202511;691;2002004765;COTAS;6348806.222584000000000;
202511;792;1999002865;COTAS;2580817.181833000000000;
202511;744;1986000729;COTAS;186910616.567654000000000;05464910000149
202511;655;2010000447;COTAS;3640934.399978000000000;34081202000127
202511;967;4009670029;VL_PG_RC;-266982.910000000000000;
202511;941;1998007774;COTAS;33905771.835895000000000;
202511;792;1998000974;COTAS;31330.906380000000000;
202511;881;1999004256;COTAS;50761370.985641000000000;
202511;984;1981000992;COTAS;296888.354477000000000;
202511;971;2000006711;COTAS;2181169.544617000000000;
202511;895;2012001718;COTAS;5105732.706922000000000;58528785000150
202511;881;2000003656;COTAS;74785.624215000000000;
202511;881;2008001619;COTAS;13688.891942000000000;
202511;691;2002004765;COTAS;154283920.558874000000000;42067084000120
202511;792;1999002865;COTAS;2765423.494913000000000;
202511;713;1998006174;OPERACAO_PARTICIPANTE;30187.760000000000000;
202511;864;9970000000;COTAS;115596893.812271000000000;09564251000173
202511;792;1999002865;OPERACAO_PARTICIPANTE;20078047.787454259500000;
202511;655;2010000447;COTAS;3598741.378383000000000;60627509000190
202511;895;2017000183;COTAS;65592.476064000000000;
202511;878;1999003918;COTAS;13804258.095091000000000;
202511;895;2017000183;COTAS;5122407.634404000000000;59334008000137
202511;792;2023001056;COTAS;681347.408781000000000;
202511;971;2000006711;COTAS;3998535.628686000000000;
202511;878;1999003918;COTAS;13504959.504224000000000;
202511;744;1986000729;VL_PG_RC;642105.070000000000000;
202511;895;9970000000;COTAS;103762.837599000000000;58528785000150
202511;984;1981000992;COTAS;504713.417277000000000;
202511;922;2013000847;COTAS;19742539.627603000000000;
202511;655;2010000447;VL_PG_RC;822320.000000000000000;
202511;881;1979000247;COTAS;18433.544122000000000;
202511;878;1999003918;COTAS;48804017.074300000000000;
202511;941;9970000000;COTAS;1506180.821225000000000;
202511;792;1999002865;COTAS;2683178.587104000000000;
202511;881;9970000000;COTAS;1329814.199283000000000;
202511;971;2000006711;COTAS;10850163.424435000000000;
202511;881;9970000000;COTAS;5635662.455716000000000;
202511;881;1999004256;ACOES;57621710.350000000000000;
202511;971;2000006711;COTAS;2857135.016124000000000;
202511;881;1999004256;COTAS;413983737.677355000000000;
202511;895;1985000792;COTAS;142498.330826000000000;
202511;878;1999003918;VL_PG_RC;-55052.180000000000000;
202511;922;2017001392;CAIXA;2793.340000000000000;
202511;881;1994000929;COTAS;-7837.712940000000000;
202511;758;2002002411;COTAS;708650953.566501000000000;
202511;792;1999003047;COTAS;9255738.786581000000000;44432479000100
202511;655;2010001583;COTAS;1184998.648044000000000;39997959000189
202511;792;9970000000;COTAS;29261205.132754000000000;
202511;936;1998003256;COTAS;1066966.857177000000000;
202511;655;2010001583;TIT_PUB;142722.100000000000000;
202511;984;1990001629;COTAS;111288.143810000000000;
202511;971;2000006711;COTAS;71451860.757586000000000;50132470000187
202511;655;2010004019;COTAS;4856638.667307000000000;19587206000198
202511;881;1999004256;VL_PG_RC;1932463.590000000000000;
202511;881;1994000929;COTAS;50681.025851000000000;
202511;758;4007580065;COTAS;1357084.554557000000000;30453307000109
202511;713;2011000556;COTAS;6875317.160423000000000;
202511;713;1983000183;COTAS;9331625.348180000000000;
202511;655;2010004019;COTAS;3592813.560328000000000;33255042000122
202511;881;2000003656;COTAS;340671.645396000000000;
202511;971;2000006711;TIT_PRIV;22222748.700000000000000;
202511;941;9970000000;COTAS;37893851.264489000000000;22150448000124
202511;971;2000006711;COTAS;5927.302424000000000;
202511;713;2011000556;COTAS;4433853.329638000000000;
202511;655;2010004019;COTAS;893948.455300000000000;60627509000190
202511;802;2003001956;COTAS;17045616.400112000000000;
202511;984;1981000992;COTAS;3397134.728551000000000;
202511;881;2000003656;COTAS;3268040.292555000000000;
202511;881;2000003656;COTAS;20073.910251000000000;
202511;792;1999002938;COTAS;35786502.319081000000000;
202511;713;2021003418;COTAS;6812632.959447000000000;
202511;895;1985000792;VL_PG_RC;2706920.060000000000000;
202511;984;1994002883;COTAS;977964.825980000000000;
202511;971;2000006711;COTAS;9860135.653051000000000;
202511;881;1994000929;VL_PG_RC;57882.510000000000000;
202511;984;1994002883;COTAS;6774351.430764000000000;
202511;984;1981000992;COTAS;1251239.781214000000000;
202511;881;2000003656;OPERACAO_PARTICIPANTE;0.000000000000000;
202511;881;2000003729;COTAS;11721.988013000000000;
202511;792;1999002938;COTAS;24839482.278364000000000;
202511;792;1999002938;VL_PG_RC;-1417152.510000000000000;
202511;953;9970000000;COTAS;408138.289993000000000;
202511;984;1981000992;COTAS;4064008.305818000000000;
202511;802;9970000000;COTAS;1057603.813543000000000;
202511;727;1971000256;COTAS;10916865.888364000000000;04150705000146
202511;713;2011000556;OPERACAO_PARTICIPANTE;39753430.075203876000000;
202511;713;2011000556;TIT_PRIV;30685470.760000000000000;
202511;792;1999003047;COTAS;394184.774715000000000;
202511;984;1985001292;CAIXA;12832.340000000000000;
202511;802;9970000000;COTAS;1632613.996223000000000;
202511;984;1990001629;COTAS;2983538.598946000000000;
202511;713;2021003418;COTAS;26183111.182230000000000;
202511;984;1994002883;COTAS;281642.916906000000000;
202511;802;9970000000;VL_PG_RC;-600.000000000000000;
202511;984;2000007783;COTAS;7014690.934203000000000;
202511;984;1990001629;COTAS;808882.520641000000000;
202511;792;1988000718;COTAS;661080.715928000000000;
202511;881;2000003729;COTAS;3146.408657000000000;
202511;984;2000007783;COTAS;1799675.753654000000000;
202511;984;2000007783;COTAS;648190.904220000000000;
202511;881;2000003729;COTAS;53397.286999000000000;
202511;713;2021003418;IMOVEIS;16649339.380000000000000;
202511;881;2002001065;COTAS;2236.409319000000000;
202511;936;2010002156;COTAS;6008902.781033000000000;
202511;881;2000003729;IMOVEIS;11920985.150000000000000;
202511;953;9970000000;VL_PG_RC;0.000000000000000;
202511;792;2023001056;COTAS;585105.110114000000000;
202511;967;2000001947;VL_PG_RC;18146.180000000000000;
202511;984;2005001538;COTAS;18432728.163291000000000;
202511;984;1990001629;COTAS;1898254.105577000000000;
202511;984;1990001629;COTAS;528040.461919000000000;
202511;967;9970000000;VL_PG_RC;-1299510.900000000000000;
202511;895;2021003574;TIT_PUB;534649.990000000000000;
202511;731;2006005611;IMOVEIS;3843614.080000000000000;
202511;881;2002001065;OPERACAO_PARTICIPANTE;0.000000000000000;
202511;655;2010004019;VL_PG_RC;269390.000000000000000;
202511;919;1980000719;COTAS;152605456.554661000000000;06095452000180
202511;821;1988000238;CAIXA;21789.380000000000000;
202511;971;2000006711;OPERACAO_PARTICIPANTE;7223897.850000000000000;
202511;792;1988000718;COTAS;12665532.400093000000000;44432479000100
202511;984;2017001211;COTAS;34187202.478747000000000;
202511;881;2008001619;ACOES;292897.500000000000000;
202511;984;2005001538;COTAS;451285.668564000000000;
202511;881;2008001619;CAIXA;9028.390000000000000;
202511;655;2018000292;COTAS;13196541.244457000000000;60823195000100
202511;744;1986000729;COTAS;71914627.796072000000000;
202511;655;2018000292;VL_PG_RC;630065519.840000000000000;
202511;984;2017001211;COTAS;2988167.731965000000000;
202511;821;1988000238;COTAS;2350205.741413000000000;
202511;792;2023001056;COTAS;84137.344642000000000;29983445000110
202511;984;1994002883;CAIXA;66346.380000000000000;
202511;802;1977000118;IMOVEIS;89657221.480000000000000;
202511;936;1998003256;COTAS;468388.920000000000000;
202511;792;1998000818;COTAS;323080.377474000000000;
202511;984;2005001538;COTAS;4722800.282199000000000;
202511;821;1988000238;TIT_PUB;22621060.270000000000000;
202511;984;1990001629;OPERACAO_PARTICIPANTE;1254.290000000000000;
202511;998;1988001129;IMOVEIS;254161492.630000000000000;
202511;941;1980001618;COTAS;36438463.956161000000000;
202511;744;1986000729;COTAS;60033485.519719000000000;
202511;881;2008001619;COTAS;1009332.743692000000000;
202511;744;1986000729;CAIXA;33792.510000000000000;
202511;984;1994002883;COTAS;350227.152503000000000;
202511;744;1986000729;COTAS;88112902.842452000000000;
202511;984;1994002883;COTAS;313047.065460000000000;
202511;941;1998007774;COTAS;25353461.006585000000000;
202511;881;2008001619;VL_PG_RC;146112.470000000000000;
202511;936;1998003256;COTAS;8460505.941810000000000;
202511;758;4007580065;CAIXA;180116.220000000000000;
202511;864;2023000483;COTAS;3347410.209977000000000;52315713000148
202511;792;1988000718;TIT_PUB;627795339.140000000000000;
202511;881;9970000000;COTAS;8168.372632000000000;
202511;792;1998000974;CAIXA;9947.580000000000000;
202511;758;4007580065;TIT_PUB;14045113.200000000000000;
202511;984;2005001538;COTAS;296497.678145000000000;
202511;936;2010002156;COTAS;16360866.435095000000000;
202511;998;1998006638;COTAS;16553720.543631000000000;
202511;941;1980001618;COTAS;32709606.312473000000000;
202511;792;1999002865;COTAS;31163913.412676000000000;
202511;792;1998000974;COTAS;4216565.289039000000000;
202511;792;1999002865;COTAS;43387193.628753000000000;
202511;881;2000003656;TIT_PUB;992434211.240000000000000;
202511;792;1999002938;COTAS;110783408.508332000000000;
202511;895;2000002511;COTAS;554980.850000000000000;
202511;895;2012001718;TIT_PUB;51672817.780000000000000;
202511;984;2000007783;COTAS;1025512.779277000000000;
202511;792;1988000718;COTAS;1064019.094892000000000;
202511;984;2017001211;COTAS;5243945.393697000000000;
202511;984;2000007783;COTAS;4711286.166688000000000;
202511;881;2008001619;COTAS;3005.043419000000000;
202511;881;9970000000;COTAS;-6247.691907000000000;
202511;1033;1975000218;COTAS;209928359.821421000000000;18000701000196
202511;881;9970000000;COTAS;-54832.431581000000000;
202511;792;1988000718;IMOVEIS;17902749.160000000000000;
202511;941;2023000165;COTAS;1270221.206739000000000;
202511;984;2017001211;COTAS;6867467.401945000000000;
202511;941;1998007774;COTAS;-653146.270667000000000;
202511;881;9970000000;COTAS;11065999.276570000000000;
202511;792;1999002938;COTAS;20382383.271304000000000;
202511;792;9970000000;TIT_PUB;7506140.080000000000000;
202511;1033;1975000218;TIT_PUB;925252073.570000000000000;
202511;802;9970000000;COTAS;1410409.876630000000000;
202511;1033;1979003556;COTAS;8409072.000000000000000;
202511;881;9970000000;VL_PG_RC;281355.780000000000000;
202511;984;2017001211;COTAS;50634857.196699000000000;
202511;984;9970000000;COTAS;1044096.781526000000000;
202511;1033;1996003674;COTAS;42478261.951755000000000;
202511;802;1977000118;TIT_PRIV;36144365.660000000000000;
202511;802;9970000000;TIT_PRIV;13583378.810000000000000;
202511;984;2017001211;COTAS;20439602.043878000000000;
202511;895;2000002511;COTAS;2432937.146570000000000;
202511;655;2021000011;COTAS;16679.405885000000000;
202511;967;2000000819;VL_PG_RC;10809.380000000000000;
202511;792;1998000974;VL_PG_RC;-56636.720000000000000;
202511;998;1988001129;CAIXA;17329.280000000000000;
202511;821;1988000238;COTAS;1456368.382134000000000;
202511;895;1985000792;OPERACAO_PARTICIPANTE;23391006.959432428600000;
202511;864;2002000311;VL_PG_RC;-17661.380000000000000;
202511;941;9970000000;IMOVEIS;15895000.000000000000000;
202511;895;2000002511;TIT_PRIV;44039561.430000000000000;
202511;792;1999002865;COTAS;2416560.251094000000000;
202511;895;2014002118;COTAS;608234.286642000000000;
202511;792;1999003047;COTAS;1085976.954755000000000;
202511;864;2023000483;COTAS;201708.185364000000000;
202511;895;2020001829;VL_PG_RC;-4593.080000000000000;
202511;895;2014002118;CAIXA;27230.560000000000000;
202511;984;9970000000;COTAS;113262.758752000000000;
202511;922;1981001018;VL_PG_RC;-265163.800000000000000;
202511;792;1999002865;COTAS;2317996.528955000000000;
202511;1033;1996003674;COTAS;679680415.438769000000000;18000701000196
202511;984;2017001211;CAIXA;54500.810000000000000;
202511;998;1998006638;VL_PG_RC;699192.750000000000000;
202511;1033;9970000000;COTAS;77770720.112621000000000;18000701000196
202511;895;2014002118;TIT_PUB;137332014.280000000000000;
202511;967;2002003947;COTAS;326309342.474448000000000;05091139000101
202511;984;2017001211;COTAS;2572376.333048000000000;
202511;922;2013000847;COTAS;31932241.874752000000000;
202511;878;1999003918;COTAS;88843.674226000000000;
202511;922;1981001018;OPERACAO_PARTICIPANTE;1263479.460000000000000;
202511;967;2000000819;CAIXA;958.380000000000000;
202511;792;1999002865;COTAS;28352305.562486000000000;10740536000105
202511;1033;1996003674;COTAS;1015669.459417000000000;
202511;922;9970000000;VL_PG_RC;2484.240000000000000;
202511;1033;1996003674;OPERACAO_PARTICIPANTE;54061588.561333699800000;
202511;792;1999002865;IMOVEIS;1842133.070000000000000;
202511;967;2000000819;COTAS;45682948.112778000000000;05113533000101
202511;922;2013000847;VL_PG_RC;-158973.360000000000000;
202511;1033;1975000218;OPERACAO_PARTICIPANTE;5093659.134095196000000;
202511;792;1999003047;COTAS;4300012.589901000000000;18959722000133
202511;936;1998003256;COTAS;1560781.362108000000000;
202511;881;1979000247;COTAS;-22539.624963000000000;
202511;792;1999002938;COTAS;281704017.106557000000000;
202511;922;2017001392;COTAS;25229165.607129000000000;
202511;792;1999002938;COTAS;230655008.212057000000000;44432479000100
202511;792;9970000000;COTAS;135824.708176000000000;10740536000105
202511;655;2021003183;COTAS;-30159.284177000000000;
202511;967;2000000819;COTAS;8780406.646998000000000;10462501000143
202511;936;2010002156;COTAS;1279032.250875000000000;
202511;792;1999003047;COTAS;9438526.484272000000000;29983445000110
202511;936;1990001483;COTAS;4646903.327469000000000;
202511;1051;1991001411;COTAS;42562175.451927000000000;
202511;1051;1991001411;CAIXA;42192.320000000000000;
202511;936;2010002156;COTAS;18437393.220947000000000;
202511;655;2021003183;COTAS;3612.809996000000000;10430028000112
202511;792;1999003047;TIT_PUB;16739766.960000000000000;
202511;1078;1984000918;COTAS;19234211.015407000000000;
202511;967;2000000983;CAIXA;0.000000000000000;
202511;821;1988000238;COTAS;40379736.671020000000000;
202511;936;1990001483;COTAS;429227.795504000000000;
202511;1078;1984000918;COTAS;27128993.496555000000000;
202511;802;1977000118;COTAS;12805431.390741000000000;
202511;922;2013000847;OPERACAO_PARTICIPANTE;2433340.360000000000000;
202511;802;1977000118;COTAS;65840066.115516000000000;
202511;1033;1996003674;COTAS;23210887.874049000000000;
202511;984;2017001211;COTAS;2126401.058727000000000;
202511;936;1998003256;COTAS;9019057.649223000000000;
202511;1081;1979004447;COTAS;-457931.511179000000000;
202511;936;1998003256;COTAS;363669.386839000000000;
202511;1051;1991001411;COTAS;47204678.205118000000000;
202511;881;1979000247;COTAS;-197817.437292000000000;
202511;936;2022002792;TIT_PUB;1244110.450000000000000;
202511;984;9970000000;COTAS;963665.749684000000000;
202511;864;1971000183;IMOVEIS;305510006.580000000000000;
202511;802;1977000118;VL_PG_RC;968427.840000000000000;
202511;967;2000000983;COTAS;1197012.017330000000000;10462501000143
202511;941;1980001618;COTAS;2104780460.563275000000000;
202511;967;2000001947;COTAS;106062.463116000000000;
202511;1078;1984000918;VL_PG_RC;-11824.560000000000000;
202511;1033;1996003674;TIT_PRIV;599514768.180000000000000;
202511;821;1988000238;COTAS;9054148.759123000000000;
202511;984;1981000992;COTAS;6747851.688250000000000;
202511;881;1994000929;OPERACAO_PARTICIPANTE;0.000000000000000;
202511;1081;1979004374;TIT_PRIV;13677845.550000000000000;
202511;941;1980001618;COTAS;295991148.884976000000000;58443848000175
202511;878;1999003918;COTAS;4959116.111329000000000;
202511;922;2013000847;TIT_PUB;346844025.460000000000000;
202511;936;2010002156;ACOES;8288.390000000000000;
202511;998;1988001129;COTAS;264011.940000000000000;
202511;1033;9970000000;TIT_PRIV;13987749.280000000000000;
202511;936;2010002156;COTAS;5082812.893830000000000;
202511;881;1994000929;COTAS;230867.759988000000000;
202511;967;2000004318;COTAS;4511411.813842000000000;
202511;998;1998006638;COTAS;1111198400.623614000000000;04701088000120
202511;655;2021003183;COTAS;196372.458247000000000;20815620000196
202511;878;1999003918;COTAS;90228639.196041000000000;
202511;984;2000007783;COTAS;17377435.870329000000000;
202511;881;1999004256;OPERACAO_PARTICIPANTE;0.000000000000000;
202511;936;2022002792;CAIXA;1128.410000000000000;
202511;922;2017001392;COTAS;38888608.684890000000000;
202511;878;1999003918;COTAS;1063820.167634000000000;
202511;1033;1979003556;ACOES;180099543.360000000000000;
202511;1081;1979004447;OPERACAO_PARTICIPANTE;43740098.365656000000000;
202511;941;1980001618;IMOVEIS;36381838.400000000000000;
202511;1051;1991001411;TIT_PUB;1793101964.580000000000000;
202511;941;9970000000;COTAS;47649797.565379000000000;58443848000175
202511;984;2000007783;COTAS;2846195.646443000000000;
202511;1033;1979003556;COTAS;26861548.981906000000000;
202511;1081;1979004374;TIT_PUB;403705972.420000000000000;
202511;895;2017000183;VL_PG_RC;-22419.460000000000000;
202511;1081;2002001456;ACOES;13261382.120000000000000;
202511;881;1994000929;TIT_PUB;323362259.090000000000000;
202511;655;2021003183;COTAS;6067302.926054000000000;34791568000190
202511;881;1994000929;IMOVEIS;22944250.040000000000000;
202511;895;2021003574;VL_PG_RC;-68.390000000000000;
202511;936;1990001483;ACOES;28646.550000000000000;
202511;881;2000003974;COTAS;-39752.136809000000000;
202511;936;1990001483;VL_PG_RC;1965491.460000000000000;
202511;984;2005001538;COTAS;1987386.516507000000000;
202511;919;1980000719;COTAS;288132881.847231000000000;14172204000114
202511;967;2002003947;CAIXA;0.000000000000000;
202511;1078;1984000918;COTAS;12675707.853299000000000;
202511;1081;2010004256;COTAS;-1754.900450000000000;
202511;998;1988001129;COTAS;333403.873386000000000;
202511;967;2002003947;COTAS;144560210.020155000000000;10462501000143
202511;881;1999004256;COTAS;46799.176808000000000;
202511;967;2013001592;OPERACAO_PARTICIPANTE;9395467.975976760300000;
202511;881;1999004256;COTAS;3512439.919205000000000;
202511;941;1980001618;CAIXA;1170.270000000000000;
202511;967;1991001029;CAIXA;50111.860000000000000;
202511;881;2000003656;CAIXA;348174.440000000000000;
202511;941;1980001618;VL_PG_RC;164588430.650000000000000;
202511;1081;1979004374;COTAS;2873.816121000000000;
202511;919;1980000719;COTAS;623516943.253585000000000;18686761000104
202511;802;2003001956;CAIXA;57914.060000000000000;
202511;998;9970000000;VL_PG_RC;0.000000000000000;
202511;881;2000003656;COTAS;13231085.214301000000000;
202511;919;1980000719;VL_PG_RC;85487336.470000000000000;
202511;1033;1979003556;COTAS;31510841.036918000000000;
202511;941;1998007774;COTAS;18494331.741496000000000;
202511;881;2000003729;COTAS;-2518.471537000000000;
202511;1033;1979003556;VL_PG_RC;-457745.430000000000000;
202511;967;4009670029;CAIXA;212.190000000000000;
202511;922;1981001018;COTAS;459.719586000000000;
202511;967;2000000819;COTAS;276544.467173000000000;
202511;1081;1979004374;OPERACAO_PARTICIPANTE;10807816.142431000000000;
202511;881;2000003729;COTAS;-22103.188337000000000;
202511;1081;1979004447;CAIXA;59732.480000000000000;
202511;922;2013000847;CAIXA;2521.770000000000000;
202511;1081;2010004256;COTAS;17458.289274000000000;
202511;821;1988000238;COTAS;366118.626138000000000;
202511;967;2013001592;COTAS;47551.299939000000000;
202511;1033;1996003674;COTAS;3499663.047511000000000;
202511;881;2000003974;OPERACAO_PARTICIPANTE;0.000000000000000;
202511;1033;1975000218;COTAS;67.716809000000000;
202511;881;2002001065;COTAS;981615.844799000000000;
202511;881;2008001619;TIT_PUB;27255645.890000000000000;
202511;936;1990001483;COTAS;4164588.356128000000000;
202511;967;9970000000;COTAS;229375123.436224000000000;10462501000143
202511;895;2000002511;COTAS;49844.848667000000000;
202511;1081;1979004692;TIT_PUB;399576825.980000000000000;
202511;967;9970000000;COTAS;1047029132.346111000000000;20726687000154
202511;655;2021003183;COTAS;33245634.397292000000000;62680015000103
202511;984;1981000992;CAIXA;289727.220000000000000;
202511;686;2022001192;IMOVEIS;9761762.140000000000000;
202511;881;2008001619;COTAS;806.611865000000000;
202511;941;1998007774;COTAS;25668587.534802000000000;
202511;984;1981000992;COTAS;793096.878365000000000;
202511;1081;2002001456;IMOVEIS;15199192.360000000000000;
202511;984;1990001629;COTAS;125293.127831000000000;
202511;881;2000003974;COTAS;-4529.419647000000000;
202511;941;9970000000;CAIXA;608.790000000000000;
202511;1033;2000007538;COTAS;815198.940053000000000;
202511;967;2000004318;COTAS;181627.017028000000000;
202511;1033;2000007538;COTAS;407234494.910748000000000;18000701000196
202511;971;2000006711;COTAS;7701367.110051000000000;
202511;1051;1991001411;COTAS;35407629.578834000000000;
202511;971;2000006711;COTAS;7700400.897530000000000;
202511;864;1971000183;ACOES;200.000000000000000;
202511;881;2008001619;COTAS;131316.721337000000000;
202511;1051;1991001411;OPERACAO_PARTICIPANTE;115564275.740000000000000;
202511;881;2008001619;COTAS;344627.727381000000000;
202511;1033;1996003674;COTAS;7639299.450000000000000;
202511;971;2000006711;COTAS;4641167.785655000000000;
202511;1081;2010004256;OPERACAO_PARTICIPANTE;5599.655448000000000;
202511;1033;1996003674;COTAS;2434068.850000000000000;
202511;1078;1984000918;COTAS;31052447.273611000000000;
202511;1081;1979004447;COTAS;556830907.868730000000000;
202511;895;2017000183;COTAS;364940.571987000000000;
202511;1078;1984000918;COTAS;136609292.527832000000000;
202511;864;1971000183;CAIXA;2799975.010000000000000;
202511;1081;2003001311;COTAS;-6930.715122000000000;
202511;936;1998003256;COTAS;6372570.286061000000000;
202511;971;2000006711;COTAS;2163279.583498000000000;
202511;686;2022001729;ACOES;3534885.120000000000000;
202511;971;2000006711;COTAS;9168865.474161000000000;
202511;895;2021003574;COTAS;8062.137124000000000;
202511;936;1998003256;COTAS;7644632.228630000000000;
202511;864;2002000311;CAIXA;50747.520000000000000;
202511;984;1981000992;COTAS;934635.070136000000000;
202511;686;2022001818;ACOES;4797203.840000000000000;
202511;1081;2016002247;TIT_PUB;228917.380000000000000;
202511;1081;1979004447;VL_PG_RC;-34231109.850000000000000;
202511;936;1998003256;COTAS;1987692.205092000000000;
202511;1081;1979004692;CAIXA;35795.820000000000000;
202511;984;1990001629;COTAS;277817.271322000000000;
202511;691;1981000429;COTAS;603373.529835000000000;
202511;881;2000003974;COTAS;7190.924663000000000;
202511;936;2010002156;COTAS;142872.360137000000000;
202511;1081;1979004447;IMOVEIS;11850741.230000000000000;
202511;895;9970000000;CAIXA;7129.390000000000000;
202511;936;2010002156;OPCOES;795625.480000000000000;
202511;881;2002001065;COTAS;8331.773172000000000;
202511;1033;1996003674;COTAS;42974622.841914000000000;
202511;936;2010002156;COTAS;23046469.929045000000000;
202511;984;1981000992;COTAS;717409.386414000000000;
202511;936;9970000000;CAIXA;11073.200000000000000;
202511;895;2021003574;COTAS;58598.968792000000000;58528785000150
202511;984;1981000992;COTAS;7311051.816838000000000;
202511;864;2023000483;VL_PG_RC;0.000000000000000;
202511;1033;1996003674;COTAS;53465562.860825000000000;
202511;984;1981000992;VL_PG_RC;51434.530000000000000;
202511;941;1998007774;COTAS;1038465040.180892000000000;04822739000130
202511;691;1981000429;COTAS;-181411.484275000000000;
202511;1081;2003001311;OPERACAO_PARTICIPANTE;4122372.292032000000000;
202511;895;9970000000;TIT_PUB;92845044.140000000000000;
202511;984;1994002883;COTAS;1292521.355461000000000;
202511;984;1985001365;CAIXA;8165.810000000000000;
202511;1033;2000007538;COTAS;28794907.781475000000000;
202511;941;9970000000;VL_PG_RC;-6465.430000000000000;
202511;919;9970000000;VL_PG_RC;-3027.970000000000000;
202511;1081;1979004447;TIT_PUB;1139894087.110000000000000;
202511;984;1990001629;COTAS;404649.192377000000000;
202511;984;1994002883;COTAS;1319343.769569000000000;
202511;984;1994002883;COTAS;1255399.915744000000000;
202511;1081;1979004692;COTAS;2355.912056000000000;
202511;1081;1979004692;COTAS;-83479.659644000000000;
202511;1105;1974000419;CAIXA;1479.240000000000000;
202511;984;1985001292;COTAS;1470588.561461000000000;
202511;984;2005001538;COTAS;24249865.415427000000000;
202511;984;2000007783;COTAS;2356854.170742000000000;
202511;878;1999003918;COTAS;18388012.818124000000000;
202511;984;2000007783;VL_PG_RC;678000.670000000000000;
202511;1081;2016002247;CAIXA;2781.190000000000000;
202511;919;9970000000;COTAS;13144968.258844000000000;18686761000104
202511;953;1976000165;CAIXA;403992.270000000000000;
202511;713;1983000183;COTAS;20389695.284136000000000;
202511;881;1979000247;ACOES;13555369.560000000000000;
202511;1051;1991001411;OPCOES;1038819.960000000000000;
202511;922;1981001018;COTAS;17916020.101914000000000;
202511;936;2010002156;COTAS;13649817.387173000000000;
202511;953;1976000165;IMOVEIS;2305736.140000000000000;
202511;984;2017001211;COTAS;32216048.953834000000000;
202511;1105;1974000419;COTAS;74224174.151367000000000;48966312000180
202511;881;1979000247;COTAS;37921869.689873000000000;
202511;1105;1997003147;COTAS;1253746.100061000000000;
202511;984;2017001211;COTAS;8747151.406006000000000;
202511;881;1979000247;VL_PG_RC;3316104.920000000000000;
202511;1081;2016002311;COTAS;3660476.495141000000000;
202511;984;1985001292;VL_PG_RC;278600.780000000000000;
202511;922;2017001392;TIT_PUB;353427442.630000000000000;
202511;984;1990001629;COTAS;176070.680595000000000;
202511;1081;2010004256;TIT_PUB;9449382.640000000000000;
202511;1033;1996003674;VL_PG_RC;-535806.320000000000000;
202511;1081;1979004692;COTAS;-19.200511000000000;
202511;1105;1974000419;COTAS;3512.784430000000000;
202511;1078;1984000918;COTAS;494746.614075000000000;
202511;1081;2002001456;COTAS;16575.010025000000000;
202511;881;1999004256;COTAS;12561.805625000000000;
202511;1081;2015000992;VL_PG_RC;-14474.900000000000000;
202511;984;2000007783;OPERACAO_PARTICIPANTE;407088.190000000000000;
202511;1081;2005000329;COTAS;22286.550000000000000;
202511;881;2000003656;COTAS;4509076.284885000000000;
202511;984;2005001538;COTAS;768241.470835000000000;
202511;953;9970000000;CAIXA;30424.080000000000000;
202511;1081;2016002247;COTAS;2813130.441553000000000;
202511;881;2000003729;ACOES;1582076.620000000000000;
202511;1081;2005000329;COTAS;5131.504132000000000;
202511;1105;2010001265;COTAS;7462834.972924000000000;
202511;1081;2010004256;COTAS;172298649.603117000000000;
202511;1136;1980001911;IMOVEIS;20421000.000000000000000;
202511;1081;2015000992;CAIXA;2479.500000000000000;
202511;1171;9970000000;CAIXA;1335.080000000000000;
202511;941;1998007774;COTAS;48398657.277907000000000;
202511;967;2000000983;COTAS;2987.032188000000000;
202511;984;2017001211;OPERACAO_PARTICIPANTE;2500903.010000000000000;
202511;1081;9970000000;ACOES;6041653.100000000000000;
202511;984;9970000000;COTAS;580384.067649000000000;
202511;936;1990001483;COTAS;182100.236323000000000;
202511;1078;1984000918;COTAS;21300184.231764000000000;
202511;998;1998006638;COTAS;324695951.106552000000000;11462883000178
202511;1171;9970000000;COTAS;0.029511000000000;
202511;881;2002001065;ACOES;717534.030000000000000;
202511;1078;1984000918;COTAS;6822806.335502000000000;
202511;922;2017001392;COTAS;35817471.939492000000000;
202511;713;1983000183;VL_PG_RC;308990.670000000000000;
202511;1105;1974000419;TIT_PUB;86899.300000000000000;
202511;1171;9970000000;COTAS;5002666.515711000000000;
202511;1081;2002001456;TIT_PUB;1778359655.650000000000000;
202511;936;1990001483;CAIXA;2210812.860000000000000;
202511;941;1998007774;COTAS;52912592.322356000000000;
202511;1105;1997003147;COTAS;71195513.929013000000000;
202511;1184;1984000292;CAIXA;1126.420000000000000;
202511;967;2000001947;CAIXA;0.000000000000000;
202511;1078;1984000918;TIT_PRIV;1090513.870000000000000;
202511;967;2000004318;COTAS;65800382.611625000000000;05091139000101
202511;1081;1979004447;COTAS;12923.460208000000000;
202511;1136;1980001911;CAIXA;62594.580000000000000;
202511;881;2002001065;COTAS;63835.339960000000000;
202511;713;2011000556;COTAS;42492076.967154000000000;
202511;1033;1979003556;COTAS;119953185.202336000000000;
202511;967;2000004318;VL_PG_RC;11875.060000000000000;
202511;971;2000006711;COTAS;138626261.956501000000000;
202511;936;1990001483;COTAS;7235368.263161000000000;
202511;936;1998003256;COTAS;114747.316633000000000;
202511;1033;1979003556;IMOVEIS;2343378.760000000000000;
202511;971;2000006711;COTAS;4131770.958971000000000;
202511;936;1990001483;COTAS;17206620.060000000000000;
202511;881;9970000000;IMOVEIS;43063923.450000000000000;
202511;1081;1979004447;COTAS;-105.367015000000000;
202511;1105;1974000419;OPERACAO_PARTICIPANTE;12835721.889998581500000;
202511;936;1990001483;COTAS;3457011.218118000000000;
202511;1171;2000008429;COTAS;1529871.533437000000000;
202511;936;1998003256;COTAS;1637693.170565000000000;
202511;881;2002001065;COTAS;12504100.442133000000000;
202511;1081;2003001311;VL_PG_RC;-551752.590000000000000;
202511;984;2005001538;COTAS;4493903.115374000000000;
202511;1184;9970000000;TIT_PUB;804119.160000000000000;
202511;1184;1984000292;IMOVEIS;40805550.410000000000000;
202511;1081;2003001311;COTAS;242035.050000000000000;
202511;1105;1997003147;COTAS;7606542.484927000000000;
202511;936;1998003256;COTAS;466436.182875000000000;
202511;1198;1998003019;COTAS;32637286.407621000000000;
202511;936;1998003256;COTAS;853844.665704000000000;
202511;895;2000002511;VL_PG_RC;-399492.050000000000000;
202511;971;2000006711;COTAS;1267135.044862000000000;
202511;953;1976000238;VL_PG_RC;-6812.830000000000000;
202511;936;1998003256;COTAS;1091480.663439000000000;
202511;936;1998003256;COTAS;564756.987161000000000;
202511;895;2017000183;TIT_PUB;43566333.150000000000000;
202511;971;9970000000;CAIXA;45388.230000000000000;
202511;1033;1979003556;TIT_PUB;3879003290.040000000000000;
202511;984;1981000992;COTAS;2708449.043288000000000;
202511;881;2002001065;VL_PG_RC;70863.810000000000000;
202511;936;1998003256;VL_PG_RC;-5544.890000000000000;
202511;1105;1997003147;IMOVEIS;30108578.510000000000000;
202511;936;2010002156;COTAS;3166031.510179000000000;
202511;1081;2003001311;COTAS;69002.001155000000000;
202511;936;2010002156;COTAS;45921965.535514000000000;
202511;1105;1997003147;COTAS;10063307.324905000000000;
202511;1198;1998003019;COTAS;10245458.915502000000000;
202511;1184;2022000218;CAIXA;14986.930000000000000;
202511;895;2021003574;COTAS;88272.837405000000000;59334008000137
202511;895;1985000792;ACOES;66370.630000000000000;
202511;936;2010002156;COTAS;769943.811116000000000;
202511;1081;2003001311;COTAS;56270535.464057000000000;
202511;936;2010002156;COTAS;145305.277436000000000;
202511;1081;2003001311;TIT_PRIV;3213281.690000000000000;
202511;1198;2019001111;CAIXA;393406.130000000000000;
202511;1081;2010004256;TIT_PRIV;6798375.810000000000000;
202511;1105;1997003147;TIT_PUB;5312224.470000000000000;
202511;984;2017001211;VL_PG_RC;1938150.940000000000000;
202511;922;1981001018;TIT_PUB;271045784.120000000000000;
202511;1105;2010001265;OPERACAO_PARTICIPANTE;16950386.960062571200000;
202511;1033;1996003674;CAIXA;859259.010000000000000;
202511;1105;9970000000;CAIXA;3406.160000000000000;
202511;998;1998006638;COTAS;2992104949.360728000000000;05808851000189
202511;936;2010002156;COTAS;16405656.010443000000000;
202511;1184;9970000000;CAIXA;13420.900000000000000;
202511;713;2011000556;COTAS;78841684.867797000000000;
202511;1033;1996003674;COTAS;2522772.000000000000000;
202511;1105;9970000000;TIT_PUB;2543947.520000000000000;
202511;984;1981000992;IMOVEIS;926000.000000000000000;
202511;1136;1998005992;CAIXA;2125.380000000000000;
202511;1081;2015000992;TIT_PUB;297638.180000000000000;
202511;922;2017001392;IMOVEIS;3166542.810000000000000;
202511;1033;9970000000;CAIXA;215397.740000000000000;
202511;967;2000001947;OPERACAO_PARTICIPANTE;352695.180000000000000;
202511;731;2018001647;COTAS;6041716.133997000000000;61708895000108
202511;922;9970000000;TIT_PUB;5971232.550000000000000;
202511;1171;9970000000;VL_PG_RC;-11087.020000000000000;
202511;1198;1998003019;COTAS;3933126.406824000000000;
202511;936;2010002156;COTAS;17935851.690900000000000;
202511;1051;9970000000;CAIXA;3842.720000000000000;
202511;1198;1998003019;COTAS;3192587.774243000000000;
202511;967;2002003947;COTAS;4397804.074740000000000;
202511;967;2013001592;COTAS;16036953.781926000000000;10462501000143
202511;971;2000006711;ACOES;303.140000000000000;
202511;1198;1998003019;COTAS;1578801.957387000000000;
202511;941;1980001618;COTAS;4371925.641773000000000;
202511;895;1985000792;COTAS;4994827.650000000000000;
202511;984;1990001629;COTAS;50456.333145000000000;
202511;1198;9970000000;COTAS;5834965.400591000000000;
202511;984;1994002883;COTAS;126069.471395000000000;
202511;1208;1998001474;ACOES;10822886.880000000000000;
202511;1136;9970000000;COTAS;55735577.132095000000000;17804124000122
202511;895;2000002511;TIT_PUB;902290800.450000000000000;
202511;744;1986000729;OPERACAO_PARTICIPANTE;66669378.691672857400000;
202511;1208;9970000000;VL_PG_RC;-2088.670000000000000;
202511;1078;1984000918;CAIXA;12321812.870000000000000;
202511;758;1981001719;CAIXA;32725.590000000000000;
202511;895;2012001718;CAIXA;640.650000000000000;
202511;1198;2019001111;COTAS;8410780.850214000000000;
202511;1136;9970000000;CAIXA;15316.480000000000000;
202511;971;2000006711;COTAS;125571.197144000000000;
202511;1239;1979002983;ACOES;17306.080000000000000;
202511;971;2000006711;COTAS;3081592.527079000000000;
202511;1033;1996003674;COTAS;5138109.604253000000000;
202511;758;2002002411;VL_PG_RC;-41663.420000000000000;
202511;1171;1981001492;COTAS;15160.981258000000000;
202511;1081;1979004692;COTAS;830767.318790000000000;
202511;1198;1998003019;VL_PG_RC;601379.850000000000000;
202511;984;1994002883;COTAS;693606.001966000000000;
202511;936;2010002156;COTAS;4276330.282372000000000;
202511;1081;2005000329;COTAS;14.552056000000000;
202511;1081;2003001311;CAIXA;20114.280000000000000;
202511;1171;2000008429;COTAS;3106891.778747000000000;
202511;758;4007580065;COTAS;9263097.241121000000000;
202511;984;1985001365;COTAS;46742861.011170000000000;
202511;1081;2002001456;COTAS;-587320.613922000000000;
202511;941;1980001618;COTAS;44431.531607000000000;
202511;1239;1982002311;VL_PG_RC;-318176.930000000000000;
202511;941;1980001618;COTAS;20049982.771886000000000;
202511;1239;1995003311;COTAS;266839078.739185000000000;
202511;941;2023000165;COTAS;7712561.748560000000000;
202511;1171;1981001492;COTAS;92630.749197000000000;
202511;1239;2018000918;VL_PG_RC;-15.180000000000000;
202511;1239;2019000229;CAIXA;69.880000000000000;
202511;792;1998000818;COTAS;28553.097046000000000;10740536000105
202511;895;2014002118;OPERACAO_PARTICIPANTE;3202544.919951663700000;
202511;1171;9970000000;COTAS;6925615.488430000000000;
202511;984;1994002883;COTAS;82828.479076000000000;
202511;1081;2003001311;COTAS;195.677713000000000;
202511;1239;2020000083;VL_PG_RC;-503.480000000000000;
202511;1198;1998003019;COTAS;17992201.095100000000000;
202511;1081;2003001311;COTAS;-1.600043000000000;
202511;936;1998003256;COTAS;107801.611575000000000;
202511;1171;9970000000;COTAS;2172750.753635000000000;
202511;1081;2016002311;ACOES;97972.560000000000000;
202511;984;1994002883;COTAS;1022236.409449000000000;
202511;1171;9970000000;COTAS;2063133.784830000000000;
202511;936;1998003256;COTAS;11666.181559000000000;
202511;1184;1984000292;OPERACAO_PARTICIPANTE;80169.940705990800000;
202511;936;1998003256;COTAS;1152337.056234000000000;
202511;792;1998000818;TIT_PUB;11228959.250000000000000;
202511;1184;2023001765;VL_PG_RC;0.000000000000000;
202511;984;1994002883;COTAS;756457.514926000000000;
202511;1198;1998003019;IMOVEIS;9543000.000000000000000;
202511;1198;1998003019;COTAS;1303388.318201000000000;
202511;1081;9970000000;CAIXA;5321.570000000000000;
202511;1208;1995003956;COTAS;1808292396.079998000000000;04667988000106
202511;1208;1995003956;VL_PG_RC;21854846.720000000000000;
202511;984;1994002883;VL_PG_RC;375921.260000000000000;
202511;1105;1974000419;COTAS;5943825.525941000000000;
202511;1081;2005000329;COTAS;3981438.738103000000000;
202511;1208;2013001411;CAIXA;2249.720000000000000;
202511;984;2000007783;COTAS;1618129.498241000000000;
202511;936;1998003256;COTAS;6525939.582828000000000;
202511;1208;1995003956;COTAS;1209349874.910000000000000;21377854000161
202511;792;1998000974;COTAS;77647.174324000000000;
202511;936;2010002156;COTAS;14756943.243430000000000;
202511;1239;1979002819;COTAS;530549.211558000000000;
202511;792;1998000974;COTAS;852672.915304000000000;10740536000105
202511;1239;1979003092;VL_PG_RC;-96121.730000000000000;
202511;895;2017000183;TIT_PRIV;684848.260000000000000;
202511;941;2023000165;VL_PG_RC;0.000000000000000;
202511;1198;9970000000;VL_PG_RC;347.170000000000000;
202511;792;1998000974;IMOVEIS;427146.000000000000000;
202511;984;2017001211;COTAS;8961591.243632000000000;
202511;1239;1979003165;IMOVEIS;19619160.260000000000000;
202511;1105;1974000419;VL_PG_RC;34305528.810000000000000;
202511;1208;1979005265;CAIXA;40114.460000000000000;
202511;1239;1979003238;COTAS;6805598566.738540000000000;05754033000140
202511;1239;2022002547;VL_PG_RC;-38.140000000000000;
202511;953;1976000165;COTAS;9381480.940128000000000;
202511;984;2017001211;COTAS;5138204.605240000000000;
202511;792;1999002938;COTAS;43745336.127912000000000;
202511;984;2000007783;COTAS;11056263.524470000000000;
202511;984;2000007783;COTAS;293879.788785000000000;
202511;1242;1985001683;ACOES;206939.170000000000000;
202511;936;2010002156;VL_PG_RC;-36396.640000000000000;
202511;1239;1982002174;CAIXA;1360284.200000000000000;
202511;984;9970000000;COTAS;102453.771381000000000;
202511;1239;1982002247;VL_PG_RC;-2165013.660000000000000;
202511;1081;2010004256;COTAS;-0.404221000000000;
202511;984;2000007783;COTAS;194750.910174000000000;
202511;1081;2016002247;ACOES;77556.920000000000000;
202511;1239;1979002819;OPERACAO_PARTICIPANTE;36789816.562991120000000;
202511;1239;1982002174;ACOES;36264.980000000000000;
202511;1105;1997003147;ACOES;59482340.850000000000000;
202511;1081;2016002247;VL_PG_RC;-4575.050000000000000;
202511;941;1998007774;CAIXA;11116.110000000000000;
202511;1242;1985001683;COTAS;165475.180000000000000;
202511;941;1998007774;COTAS;28605837.327481000000000;
202511;1081;2005000329;TIT_PUB;491841.730000000000000;
202511;1105;1997003147;COTAS;10238220.517017000000000;
202511;1081;2016002311;VL_PG_RC;-5917.290000000000000;
202511;792;1999002938;COTAS;293462882.822067000000000;
202511;967;1991001029;COTAS;5574547059.861695000000000;04519681000150
202511;1242;1985001683;COTAS;328636.000000000000000;
202511;1136;1980001911;COTAS;573452184.746868000000000;04573104000146
202511;922;1981001018;COTAS;23706079.748702000000000;
202511;941;1980001618;COTAS;20829484.404304000000000;
202511;1242;1985001683;COTAS;15413398.641532000000000;
202511;1208;2013001411;COTAS;353346387.309999000000000;26355036000181
202511;1239;1982002174;IMOVEIS;4164825.230000000000000;
202511;1136;1998005992;VL_PG_RC;-113.000000000000000;
202511;984;2005001538;COTAS;18131784.081566000000000;
202511;998;1988001129;ACOES;284020.600000000000000;
202511;1239;1982002247;COTAS;11907553799.414907000000000;05754101000171
202511;984;2005001538;COTAS;1008185.492016000000000;
202511;1105;1997003147;COTAS;2657320.247562000000000;
202511;941;1998007774;COTAS;1061710006.067792000000000;58443848000175
202511;1239;1998007383;TIT_PUB;2890517.540000000000000;
202511;1105;1997003147;COTAS;964195926.367089000000000;
202511;922;9970000000;COTAS;6167232.514330000000000;
202511;1242;2021001792;COTAS;167922.240000000000000;
202511;941;1998007774;VL_PG_RC;63168777.650000000000000;
202511;1239;2020000792;VL_PG_RC;-2839689.650000000000000;
202511;1171;2000008429;CAIXA;162.330000000000000;
202511;998;1998006638;COTAS;283035062.957924000000000;09075867000180
202511;792;1999003047;COTAS;755337.442050000000000;
202511;936;1990001483;COTAS;115709718.126633000000000;
202511;1239;2022000511;CAIXA;81.300000000000000;
202511;998;1998006638;COTAS;516735121.876305000000000;18138767000147
202511;1105;1997003147;COTAS;272060815.541823000000000;48966312000180
202511;1242;1985001683;COTAS;258075.000000000000000;
202511;1136;1998006018;VL_PG_RC;-249.980000000000000;
202511;1242;2021001792;COTAS;6151328.067268000000000;
202511;1239;1979002983;VL_PG_RC;-71384.000000000000000;
202511;967;2000000819;COTAS;10926.627257000000000;
202511;1171;2000008429;COTAS;1.668939000000000;
202511;1081;2006000365;TIT_PRIV;30384.550000000000000;
202511;1171;2000008429;COTAS;7511054.934334000000000;
202511;1081;2010004256;COTAS;719715.300000000000000;
202511;1225;1979002347;CAIXA;108901.300000000000000;
202511;792;1999003047;COTAS;635767.931302000000000;
202511;1239;1979003092;COTAS;534451463.772444000000000;05754041000197
202511;792;1999003047;COTAS;645901.813615000000000;
202511;1242;2021001792;COTAS;207037009.938750000000000;09087799000170
202511;967;2000000983;COTAS;75582.609300000000000;
202511;1261;1980000311;CAIXA;3248785.220000000000000;
202511;1033;1979003556;COTAS;8114235.430000000000000;
202511;1242;1985001683;COTAS;6320482.008407000000000;
202511;1171;2000008429;IMOVEIS;6975622.600000000000000;
202511;1239;1982002311;ACOES;100994.970000000000000;
202511;1171;9970000000;COTAS;2278114.652163000000000;
202511;1239;1982002174;COTAS;1551142799.388811000000000;05754026000149
202511;1239;1998007383;COTAS;84541.680501000000000;
202511;1273;1985000229;TIT_PUB;303740.870000000000000;
202511;1239;1979002819;COTAS;2002231426.043964000000000;04912431000185
202511;941;2023000165;CAIXA;700.000000000000000;
202511;1239;1979002983;CAIXA;1411.480000000000000;
202511;1239;1995003311;COTAS;64815481.477588000000000;
202511;967;1991001029;COTAS;724163.567596000000000;
202511;1239;1998007383;OPERACAO_PARTICIPANTE;95506.660000000000000;
202511;936;1998003256;CAIXA;78546.610000000000000;
202511;792;1999003047;OPERACAO_PARTICIPANTE;4391228.790000000000000;
202511;1359;1991002165;COTAS;5968952.781534000000000;
202511;878;1999003918;CAIXA;38235.420000000000000;
202511;953;1976000165;VL_PG_RC;0.000000000000000;
202511;881;1999004256;COTAS;213184.725528000000000;
202511;936;1998003256;COTAS;2486749.250000000000000;
202511;967;2013001592;COTAS;189020235.112746000000000;05091139000101
202511;1242;2021001792;COTAS;135699.130000000000000;
202511;1359;1991002165;TIT_PRIV;0.020000000000000;
202511;1033;1979003556;COTAS;48460891.044779000000000;
202511;1171;2000008429;ACOES;611280.670000000000000;
202511;1239;1998007383;COTAS;61572.781265000000000;
202511;1033;1979003556;TIT_PRIV;289169893.940000000000000;
202511;1239;2020000083;OPERACAO_PARTICIPANTE;9695379.605056920000000;
202511;1171;2000008429;COTAS;6180839.712865000000000;
202511;1239;2018001418;COTAS;10002979.093616000000000;17518976000153
202511;1239;2020000792;OPERACAO_PARTICIPANTE;65556146.813574860000000;
202511;1184;1979005583;VL_PG_RC;0.000000000000000;
202511;967;1991001029;COTAS;2172151.500000000000000;
202511;1239;2022002547;CAIXA;0.000000000000000;
202511;1184;2022000218;TIT_PUB;1937054.690000000000000;
202511;936;2010002156;COTAS;2048431.275736000000000;
202511;967;2000001947;COTAS;365447709.520624000000000;05113533000101
202511;984;2017001211;COTAS;856315.123225000000000;
202511;1081;2016002311;CAIXA;2886.270000000000000;
202511;967;1991001029;COTAS;5384308296.352873000000000;21082121000108
202511;967;9970000000;CAIXA;1168.000000000000000;
202511;1239;9970000000;VL_PG_RC;-1937791.810000000000000;
202511;984;2017001211;COTAS;0.027838000000000;
202511;881;2000003656;ACOES;8348954.240000000000000;
202511;1033;2000007538;CAIXA;84595.030000000000000;
202511;1081;9970000000;TIT_PRIV;6463589.530000000000000;
202511;1239;2022000511;VL_PG_RC;-50.810000000000000;
202511;1359;1991002165;TIT_PUB;1350794147.790000000000000;
202511;936;2010002156;COTAS;60613.714492000000000;
202511;967;2002003947;COTAS;197173.409951000000000;
202511;1256;2009001265;COTAS;73796384.687754000000000;
202511;967;2013001592;COTAS;41709160.079210000000000;36521658000196
202511;1184;1979005583;CAIXA;17335.760000000000000;
202511;1314;2005000965;COTAS;11226208.102559000000000;
202511;1242;1985001683;COTAS;222768.000000000000000;
202511;1105;1974000419;COTAS;545107.009774000000000;
202511;967;9970000000;COTAS;2403845.341971000000000;
202511;971;2000006711;CAIXA;27313830.580000000000000;
202511;1239;2022001011;COTAS;266910734.090315000000000;04087244000104
202511;1242;1985001683;COTAS;221384.640000000000000;
202511;967;2013001592;COTAS;21076456.000000000000000;59846133000126
202511;1239;2020000083;ACOES;111133.450000000000000;
202511;1242;1985001683;COTAS;15035273.389672000000000;
202511;1033;2000007538;COTAS;1261428.000000000000000;
202511;984;2017001211;COTAS;4714950.852405000000000;
202511;1184;1984000292;VL_PG_RC;-214.410000000000000;
202511;1239;2020000156;VL_PG_RC;2629.470000000000000;
202511;1105;1974000419;COTAS;30839186.814547000000000;
202511;971;2000006711;COTAS;110544.130535000000000;
202511;1198;1998003019;COTAS;1012956.740231000000000;
202511;1359;1991002238;COTAS;230517.458598000000000;
202511;971;2000006711;COTAS;38902158.954117000000000;
202511;1242;1985001683;COTAS;526078.270000000000000;
202511;984;1981000992;COTAS;119561.734520000000000;
202511;1359;1991002238;COTAS;374032.846612000000000;
202511;984;1981000992;COTAS;742753.394382000000000;
202511;1184;2023001765;CAIXA;3312.880000000000000;
202511;984;1985001365;VL_PG_RC;-71552.290000000000000;
202511;1184;9970000000;COTAS;4162585.970412000000000;
202511;936;2010002156;COTAS;34885667.211266000000000;
202511;1359;1991002238;COTAS;47073424.806542000000000;
202511;1359;1991002238;COTAS;28460495.408410000000000;
202511;1239;2022001011;ACOES;16071.690000000000000;
202511;1359;2014001774;COTAS;20966940.471835000000000;
202511;1239;2022001011;IMOVEIS;1916977.350000000000000;
202511;1105;1997003147;OPERACAO_PARTICIPANTE;40499601.498173897100000;
202511;967;1991001029;OPERACAO_PARTICIPANTE;76412996.667180576100000;
202511;1198;2019001111;COTAS;4095931.438314000000000;
202511;1359;2014001774;COTAS;1002757.025488000000000;
202511;1198;9970000000;COTAS;5964766.660625000000000;
202511;1242;1985001683;COTAS;378972.840000000000000;
202511;1403;2000008038;COTAS;2651128.312110000000000;
202511;1208;1998001474;IMOVEIS;30882384.050000000000000;
202511;1403;2000008038;COTAS;9796866.550281000000000;
202511;1403;2000008038;COTAS;5146510.100000000000000;
202511;967;2000000983;COTAS;12485461.305960000000000;05113533000101
202511;1105;2010001265;COTAS;2281962.666187000000000;
202511;1403;2016000619;VL_PG_RC;-69926.340000000000000;
202511;967;2013001592;CAIXA;0.000000000000000;
202511;1403;2000008038;COTAS;2934482.054016000000000;
202511;1434;1985000474;COTAS;23863256.020641000000000;04495282000104
202511;1105;2010001265;TIT_PUB;42257415.640000000000000;
202511;881;2002001065;TIT_PUB;79410712.390000000000000;
202511;967;2013001592;VL_PG_RC;173453.750000000000000;
202511;1105;9970000000;COTAS;11350215.365626000000000;48966312000180
202511;1434;1986000192;COTAS;4450088.718791000000000;
202511;967;4009670029;COTAS;566827.208281000000000;
202511;1403;2000008038;IMOVEIS;1591445.410000000000000;
202511;1136;1980001911;OPERACAO_PARTICIPANTE;47965455.410000000000000;
202511;1136;9970000000;VL_PG_RC;-4370.930000000000000;
202511;971;2000006711;COTAS;2073494.442896000000000;
202511;1171;2000008429;COTAS;876080.291185000000000;
202511;895;1985000792;COTAS;28661299.182423000000000;59334008000137
202511;1198;1998003019;COTAS;68290.984673000000000;
202511;1434;1980002347;OPERACAO_PARTICIPANTE;20877.040000000000000;
202511;1434;1986000192;COTAS;14942650.545324000000000;04495282000104
202511;1208;1979005265;IMOVEIS;142323907.540000000000000;
202511;1208;9970000000;COTAS;186356974.890000000000000;11377292000100
202511;1434;2000006965;VL_PG_RC;-5938.190000000000000;
202511;1225;1979002347;VL_PG_RC;0.000000000000000;
202511;1434;9970000000;COTAS;21404614.394650000000000;
202511;1225;9970000000;CAIXA;0.000000000000000;
202511;984;2017001211;COTAS;567470.632559000000000;
202511;1239;1979003319;COTAS;199109.825932000000000;
202511;1451;2006002929;COTAS;15876648.139213000000000;35491278000193
202511;895;1985000792;IMOVEIS;46124723.840000000000000;
202511;1239;1979003319;OPERACAO_PARTICIPANTE;5411934.863934080000000;
202511;1451;2006002929;OPERACAO_PARTICIPANTE;179501.359999289600000;
202511;1434;1985000474;OPERACAO_PARTICIPANTE;6934960.959987291500000;
202511;984;9970000000;COTAS;17074.700780000000000;
202511;1479;1997002892;COTAS;11402356.625609000000000;
202511;971;2000006711;VL_PG_RC;373390.800000000000000;
202511;1434;1997000474;VL_PG_RC;-350847.890000000000000;
202511;1479;1997002892;COTAS;106850343.388558000000000;52322683000105
202511;984;1985001365;COTAS;76927030.352371000000000;
202511;1239;1995003018;VL_PG_RC;6000.000000000000000;
202511;1479;2012000738;COTAS;1907430.703179000000000;
202511;1239;1998007383;VL_PG_RC;-53847.740000000000000;
202511;1434;2000000411;TIT_PUB;10513093.830000000000000;
202511;984;1990001629;CAIXA;3211.330000000000000;
202511;1482;1985000547;COTAS;210214.735472000000000;
202511;984;9970000000;COTAS;178690.489587000000000;
202511;1434;2000006965;COTAS;31250.586210000000000;
202511;1239;2018000829;COTAS;26139721.323304000000000;17518976000153
202511;984;1990001629;COTAS;33436.858120000000000;
202511;1242;2021001792;COTAS;300832.000000000000000;
202511;1482;1985000865;CAIXA;3469.970000000000000;
202511;1239;2018000829;VL_PG_RC;-95.540000000000000;
202511;1482;1987001192;CAIXA;3896413.720000000000000;
202511;1033;2000007538;COTAS;683343.949655000000000;
202511;1239;1979002738;IMOVEIS;59082326.490000000000000;
202511;967;4009670029;COTAS;2096471075.235075000000000;04437639000190
202511;1434;2000006965;COTAS;35050530.775929000000000;33624828000170
202511;1242;1985001683;COTAS;296015442.740624000000000;17435331000157
202511;1239;2020000156;COTAS;49784174.227348000000000;17518976000153
202511;984;1990001629;COTAS;308987.017242000000000;
202511;984;9970000000;COTAS;72078.500841000000000;
202511;1261;2005006165;CAIXA;10165.610000000000000;
202511;1482;1987001192;COTAS;17116052.679390000000000;
202511;984;1990001629;COTAS;0.001638000000000;
202511;895;1985000792;TIT_PUB;2660967510.990000000000000;
202511;1208;2013001411;VL_PG_RC;-36230.990000000000000;
202511;1242;1985001683;COTAS;70097623.614234000000000;43651064000165
202511;1239;1979002983;COTAS;433937151.856227000000000;05753821000112
202511;936;2010002156;COTAS;76784700.259678000000000;
202511;1242;1985001683;COTAS;150953.040000000000000;
202511;1261;2005006165;COTAS;91253432.652878000000000;10787165000109
202511;1051;1991001411;COTAS;152777417.250000000000000;
202511;941;1998007774;COTAS;44733.283266000000000;
202511;1051;1991001411;COTAS;18042561.215872000000000;
202511;1314;1985000156;CAIXA;107757.450000000000000;
202511;984;1994002883;COTAS;2032706.417507000000000;
202511;1225;1979002347;TIT_PRIV;3909433.810000000000000;
202511;1359;1991002165;COTAS;430086.076123000000000;
202511;998;1998006638;OPERACAO_PARTICIPANTE;45717657.109308661700000;
202511;984;1994002883;COTAS;5149297.790610000000000;
202511;1239;2022002547;COTAS;4255474.627233000000000;17518976000153
202511;984;2000007783;COTAS;0.009560000000000;
202511;1242;2021001792;COTAS;2022101.969044000000000;
202511;984;2005001538;CAIXA;237497.390000000000000;
202511;1273;1985000229;CAIXA;37559.750000000000000;
202511;971;2000006711;COTAS;983817.623494000000000;
202511;1078;9970000000;COTAS;17312.713002000000000;01424041000178
202511;895;2000002511;CAIXA;5140.290000000000000;
202511;1239;1979003165;ACOES;169264.780000000000000;
202511;1359;1991002165;COTAS;936068.871734000000000;
202511;1359;2014001774;OPERACAO_PARTICIPANTE;2655694.330000000000000;
202511;1381;2006005138;CAIXA;842.670000000000000;
202511;1434;2005005029;OPERACAO_PARTICIPANTE;39060760.170000000000000;
202511;1033;1979003556;COTAS;283032276.783769000000000;18000701000196
202511;1081;1979004374;VL_PG_RC;-7960421.780000000000000;
202511;1381;2006005138;COTAS;16918539.011673000000000;
202511;984;1994002883;COTAS;555188.841708000000000;
202511;1434;2015000747;COTAS;1.360000000000000;
202511;1359;1991002165;COTAS;2753956.800620000000000;
202511;1242;1985001683;COTAS;137857.860000000000000;
202511;1403;2000008038;OPERACAO_PARTICIPANTE;3466525.639857369400000;
202511;1451;9970000000;COTAS;5066556.536161000000000;
202511;1239;1979003165;CAIXA;2271439.980000000000000;
202511;1359;1991002165;COTAS;4879566.379956000000000;
202511;1242;1985001683;COTAS;380575.080000000000000;
202511;1242;1985001683;COTAS;201016.620000000000000;
202511;1479;1997002711;COTAS;158923242.258731000000000;52285421000100
202511;984;2000007783;CAIXA;18704.190000000000000;
202511;971;2000006711;COTAS;1133787.585031000000000;
202511;1479;2012000738;COTAS;1294271.319159000000000;52285421000100
202511;984;2005001538;COTAS;10845080.741877000000000;
202511;1359;1991002165;COTAS;26409.951685000000000;
202511;1403;2008004783;COTAS;6650077.144883000000000;
202511;1239;1979003092;CAIXA;1748.950000000000000;
202511;1403;9970000000;ACOES;8764.300000000000000;
202511;1359;1991002238;COTAS;217608.054188000000000;
202511;1359;1991002238;OPERACAO_PARTICIPANTE;3223438.380000000000000;
202511;1242;1985001683;COTAS;45354800.467135000000000;11541979000121
202511;1033;1979003556;OPERACAO_PARTICIPANTE;8879811.463504821800000;
202511;1482;1988002656;VL_PG_RC;-20153.220000000000000;
202511;1434;1996002211;OPERACAO_PARTICIPANTE;2161074.800000000000000;
202511;967;1991001029;COTAS;1918233440.320520000000000;21082123000199
202511;984;2000007783;COTAS;3075538.981521000000000;
202511;895;2000002511;COTAS;6528055.507409000000000;58528785000150
202511;1081;1979004692;VL_PG_RC;-6884650.740000000000000;
202511;1359;1991002238;COTAS;1919139.017060000000000;
202511;1479;2012000738;OPERACAO_PARTICIPANTE;6411267.392263896900000;
202511;1239;1995003311;VL_PG_RC;-838363.540000000000000;
202511;1359;1991002238;COTAS;2828622.432082000000000;
202511;1239;2019000229;COTAS;234567953.650360000000000;59769297000105
202511;1033;1996003674;COTAS;7687235.520152000000000;
202511;895;2017000183;OPERACAO_PARTICIPANTE;766258.049992945200000;
202511;1381;1980002411;COTAS;1223410512.448842000000000;03185374000117
202511;1359;1991002238;COTAS;6205466.200927000000000;
202511;984;2017001211;COTAS;8293324.238787000000000;
202511;1359;2014001774;COTAS;23400396.721121000000000;
202511;1381;1980002411;VL_PG_RC;5714810.120000000000000;
202511;984;9970000000;COTAS;106073.168127000000000;
202511;1381;2006005138;VL_PG_RC;-3350.660000000000000;
202511;984;9970000000;VL_PG_RC;-917.700000000000000;
202511;1403;2000008038;COTAS;5716444.373706000000000;
202511;984;1990001629;COTAS;70029.193905000000000;
202511;1403;2000008038;COTAS;1193672.168204000000000;
202511;984;1990001629;COTAS;151571.160772000000000;
202511;1434;1997000474;COTAS;26.750000000000000;
202511;1242;2021001792;COTAS;395150.520000000000000;
202511;1081;2002001456;COTAS;1652010.000000000000000;
202511;1033;2000007538;COTAS;24372752.958405000000000;
202511;984;2000007783;COTAS;407880.704647000000000;
202511;1051;1991001411;ACOES;21518112.000000000000000;
202511;895;2020001829;COTAS;2095921.363727000000000;59334008000137
202511;1051;1991001411;COTAS;246264373.975876000000000;
202511;1482;1989001238;COTAS;654371.665884000000000;
202511;1482;1989001483;CAIXA;516638.420000000000000;
202511;984;2000007783;COTAS;882816.842722000000000;
202511;1403;2008004783;VL_PG_RC;-57865.390000000000000;
202511;1482;1992001847;VL_PG_RC;991.760000000000000;
202511;1078;1984000918;COTAS;82121110.470323000000000;01424041000178
202511;1482;1981000674;COTAS;265672.283588000000000;
202511;1239;2020000083;COTAS;810764129.251393000000000;46205770000171
202511;1434;2000006965;COTAS;1845710.800020000000000;
202511;1242;2021001792;COTAS;5653825.683201000000000;
202511;895;2021003574;CAIXA;6491.050000000000000;
202511;1239;1979003165;COTAS;4915870623.915532000000000;07325929000130
202511;984;2000007783;COTAS;729762.066652000000000;
202511;1239;1979003238;VL_PG_RC;-1184879.220000000000000;
202511;1403;1981000747;ACOES;18009.570000000000000;
202511;1482;1982000211;COTAS;6213.366471000000000;
202511;1434;1980002347;COTAS;571645.776869000000000;
202511;1081;2005000329;COTAS;-515.674299000000000;
202511;1239;1979003319;VL_PG_RC;-562.620000000000000;
202511;1434;1997000474;COTAS;14929410.293724000000000;
202511;1239;1982002311;COTAS;74473.844952000000000;
202511;984;2005001538;COTAS;1253693.641325000000000;
202511;919;1980000719;CAIXA;7637.260000000000000;
202511;1434;2005005029;COTAS;54302233.348045000000000;17285268000110
202511;1403;1981000747;COTAS;1180398.745690000000000;
202511;1434;2009003292;COTAS;14521932.924842000000000;05508422000196
202511;967;1991001029;IMOVEIS;358588679.260000000000000;
202511;1451;1979001618;COTAS;139165.989060000000000;
202511;1482;1992001911;VL_PG_RC;-0.680000000000000;
202511;967;4009670029;COTAS;515251059.916270000000000;10462501000143
202511;1081;2002001456;TIT_PRIV;83849815.170000000000000;
202511;1451;9970000000;COTAS;5067577.201807000000000;
202511;971;2000006711;COTAS;2481383.187645000000000;
202511;984;2017001211;COTAS;13727877.003430000000000;
202511;984;1981000992;OPERACAO_PARTICIPANTE;37178.300000000000000;
202511;1081;2005000329;OPERACAO_PARTICIPANTE;0.000000000000000;
202511;1434;1997000474;COTAS;19437286.172435000000000;04495282000104
202511;1081;2015000992;COTAS;6151954.757772000000000;
202511;984;9970000000;COTAS;42398.848094000000000;
202511;1081;9970000000;COTAS;805744.500000000000000;
202511;1403;1981000747;VL_PG_RC;-532.640000000000000;
202511;919;1980000719;COTAS;90914969.676162000000000;39240301000128
202511;1242;2021001792;COTAS;49842328.193293000000000;18820186000190
202511;1239;1982002311;OPERACAO_PARTICIPANTE;28135284.142116810000000;
202511;1403;2000008038;COTAS;3171425.084317000000000;
202511;1239;2018000918;CAIXA;107.500000000000000;
202511;1403;2008004783;COTAS;3053785.424103000000000;
202511;1479;1997002892;COTAS;32579010.941865000000000;52285421000100
202511;1482;1993001565;VL_PG_RC;42103.310000000000000;
202511;998;1988001129;COTAS;3859254206.858406000000000;05681154000100
202511;919;1980000719;OPERACAO_PARTICIPANTE;4657149.980000000000000;
202511;984;1985001292;COTAS;1753123.298808000000000;
202511;1239;2019002965;COTAS;8930687.095401000000000;17518976000153
202511;998;1998006638;CAIXA;2074114.960000000000000;
202511;919;9970000000;CAIXA;5247.760000000000000;
202511;1256;2009001265;CAIXA;2417.200000000000000;
202511;1434;1997000474;COTAS;3982760.479133000000000;41799499000126
202511;1479;2012000738;COTAS;368543.259030000000000;
202511;1239;2020000156;CAIXA;25.590000000000000;
202511;1482;1987000692;CAIXA;0.000000000000000;
202511;998;1988001129;VL_PG_RC;-785751.170000000000000;
202511;984;2005001538;COTAS;1120601.622720000000000;
202511;1033;2000007538;COTAS;130342.962226000000000;
202511;984;9970000000;CAIXA;41376.170000000000000;
202511;984;9970000000;COTAS;133475.933837000000000;
202511;998;1998006638;COTAS;135757181.802783000000000;41559542000186
202511;1403;2008004783;IMOVEIS;4967145.270000000000000;
202511;1482;1987001011;COTAS;21459477.161506000000000;
202511;1239;9970000000;CAIXA;6852753.880000000000000;
202511;1482;1993001956;VL_PG_RC;999.610000000000000;
202511;936;1990001483;COTAS;4451039.086898000000000;
202511;1403;2016000619;ACOES;119054.360000000000000;
202511;1482;1994004274;VL_PG_RC;-9504.350000000000000;
202511;1242;1985001683;CAIXA;1622551.820000000000000;
202511;984;9970000000;COTAS;52032.532154000000000;
202511;1256;9970000000;COTAS;247960.129875000000000;
202511;936;1998003256;COTAS;1076970.999366000000000;
202511;1081;2005000329;TIT_PRIV;1056630.060000000000000;
202511;1482;1995001856;COTAS;51395.932961000000000;
202511;1033;2000007538;COTAS;43982338.374646000000000;
202511;1479;2012000738;COTAS;125822.538853000000000;41570019000150
202511;1239;2020000792;CAIXA;79.730000000000000;
202511;1434;2000000411;OPERACAO_PARTICIPANTE;200680.810000000000000;
202511;1081;2006000365;COTAS;4466582.669753000000000;
202511;1033;1975000218;COTAS;40550.341375000000000;
202511;1273;1985000229;COTAS;217863920.484813000000000;
202511;1081;2002001456;COTAS;5844860.211748000000000;
202511;1242;1985001683;TIT_PUB;761089533.770000000000000;
202511;1033;9970000000;VL_PG_RC;-0.090000000000000;
202511;1136;1998006018;CAIXA;2133.480000000000000;
202511;1242;1985001519;TIT_PUB;2500005981.140000000000000;
202511;1403;2016000619;COTAS;10806852.695563000000000;
202511;1171;9970000000;COTAS;3049390.945932000000000;
202511;1273;1985000229;IMOVEIS;636000.000000000000000;
202511;1434;2000006965;COTAS;1000.000000000000000;
202511;1051;1991001411;COTAS;52773845.791717000000000;
202511;1314;2005000965;COTAS;95968539.366324000000000;62571380000171
202511;1242;2021001792;ACOES;165650.630000000000000;
202511;1479;9970000000;VL_PG_RC;0.000000000000000;
202511;1434;2000006965;COTAS;16152.000000000000000;
202511;984;1990001629;COTAS;1204354.964561000000000;
202511;1171;9970000000;COTAS;379715.183148000000000;
202511;1051;1991001411;VL_PG_RC;-604248.530000000000000;
202511;1081;2006000365;IMOVEIS;1155000.000000000000000;
202511;1078;1984000918;COTAS;13884266.155376000000000;
202511;1482;1987001265;VL_PG_RC;-6769.320000000000000;
202511;998;1988001129;COTAS;10445646.121863000000000;
202511;1242;2021001792;COTAS;144714.830000000000000;
202511;1081;2016002247;COTAS;9974.400000000000000;
202511;1171;9970000000;TIT_PRIV;5161.210000000000000;
202511;1081;2002001456;COTAS;1031003103.895457000000000;
202511;1184;1979005583;TIT_PUB;15960513.930000000000000;
202511;1081;2002001456;OPERACAO_PARTICIPANTE;73576397.955996000000000;
202511;1434;2005005029;COTAS;6480747.236157000000000;
202511;1482;1996002538;VL_PG_RC;958.390000000000000;
202511;1403;2016000619;COTAS;9389276.544147000000000;
202511;936;1998003256;COTAS;1103744.719440000000000;
202511;1482;1982000211;CAIXA;0.000000000000000;
202511;1403;9970000000;TIT_PRIV;10884.880000000000000;
202511;1184;2022000218;VL_PG_RC;0.000000000000000;
202511;1482;1982000211;VL_PG_RC;-2.090000000000000;
202511;984;1990001629;COTAS;515405.104221000000000;
202511;1081;2006000365;OPERACAO_PARTICIPANTE;17.092658000000000;
202511;1033;1996003674;COTAS;378992.560417000000000;
202511;1033;1996003674;COTAS;34764190.004678000000000;
202511;1198;9970000000;CAIXA;122997.560000000000000;
202511;1482;1982000465;CAIXA;2688351.570000000000000;
202511;1078;9970000000;VL_PG_RC;-2524.060000000000000;
202511;1081;2010004256;COTAS;49.508700000000000;
202511;1208;1979005265;ACOES;168164694.400000000000000;
202511;1434;1985000474;COTAS;18501326.838840000000000;
202511;984;1990001629;COTAS;302756.492617000000000;
202511;1081;1979004692;COTAS;76611542.382912000000000;
202511;936;1998003256;COTAS;1403928.130942000000000;
202511;1081;2015000992;ACOES;153128.500000000000000;
202511;1482;1982000929;CAIXA;1941190.680000000000000;
202511;1081;2016002311;COTAS;13558.950000000000000;
202511;1242;2021001792;COTAS;134904.000000000000000;
202511;1081;9970000000;VL_PG_RC;-3376483.520000000000000;
202511;1081;9970000000;OP_COMP;183384078.510000000000000;
202511;1081;9970000000;TIT_PUB;30926569.500000000000000;
202511;984;1990001629;VL_PG_RC;118998.180000000000000;
202511;1482;1988002338;COTAS;11822628.538499000000000;
202511;1434;2005005029;IMOVEIS;29142500.160000000000000;
202511;1482;1997000156;VL_PG_RC;879.100000000000000;
202511;1242;2021001792;COTAS;287605.000000000000000;
202511;1105;9970000000;VL_PG_RC;0.000000000000000;
202511;1033;2000007538;COTAS;7475.474834000000000;
202511;1105;1997003147;VL_PG_RC;56943061.580000000000000;
202511;1136;1998006018;COTAS;13416183.832344000000000;17804124000122
202511;1482;1989001556;CAIXA;745863.530000000000000;
202511;1242;2021001792;COTAS;10198845.803985000000000;
202511;1105;2010001265;ACOES;742320.510000000000000;
202511;1033;2000007538;OPERACAO_PARTICIPANTE;7617499.033826457600000;
202511;936;2010002156;COTAS;92636311.691401000000000;
202511;1482;1989000665;TIT_PUB;16032188.770000000000000;
202511;1434;2015000747;VL_PG_RC;-19.570000000000000;
202511;936;2010002156;COTAS;80641883.474908000000000;
202511;1208;1979005265;VL_PG_RC;24851337.680000000000000;
202511;1482;1990001947;COTAS;78057834.311608000000000;
202511;1482;1989002129;CAIXA;16712.130000000000000;
202511;1482;1991001347;CAIXA;0.000000000000000;
202511;984;2000007783;COTAS;3001945.122824000000000;
202511;1171;1981001492;IMOVEIS;4385378.120000000000000;
202511;1105;2010001265;CAIXA;740.370000000000000;
202511;1482;1997001683;COTAS;56021086.285065000000000;
202511;1242;2021001792;VL_PG_RC;1479147.540000000000000;
202511;1171;2000008429;COTAS;886125.808950000000000;
202511;1256;9970000000;VL_PG_RC;-1606.810000000000000;
202511;1482;1993001492;CAIXA;1351351.170000000000000;
202511;1451;2022001974;CAIXA;542.590000000000000;
202511;1171;9970000000;COTAS;2077006.902866000000000;
202511;1434;1997000474;OPERACAO_PARTICIPANTE;1788162.100000000000000;
202511;1171;9970000000;COTAS;346235.900396000000000;
202511;984;2000007783;COTAS;1763386.448774000000000;
202511;1434;2000000411;COTAS;890247.443205000000000;
202511;1051;1991001411;TIT_PRIV;2082528.210000000000000;
202511;984;2005001538;COTAS;3500780.208107000000000;
202511;1451;9970000000;COTAS;9995923.876423000000000;
202511;1434;2000006965;COTAS;579572.402232000000000;
202511;1105;2010001265;COTAS;1516796.598521000000000;
202511;941;1980001618;COTAS;51674202.725376000000000;
202511;1482;1993003983;COTAS;1678.329100000000000;
202511;1105;2010001265;COTAS;2004391.482872000000000;
202511;1482;1997005011;CAIXA;0.000000000000000;
202511;1261;9970000000;COTAS;3934676.900853000000000;
202511;1198;1998003019;COTAS;5234221.083400000000000;
202511;1434;2009003292;COTAS;6950458.904188000000000;33624828000170
202511;1198;1998003019;COTAS;24713315.227630000000000;
202511;998;1988001129;COTAS;676236.160000000000000;
202511;1105;2010001265;COTAS;47051582.382750000000000;48966312000180
202511;941;1980001618;COTAS;639929.529587000000000;
202511;1136;1980001911;VL_PG_RC;36911.380000000000000;
202511;1482;1997005011;COTAS;71.418195000000000;
202511;1225;9970000000;VL_PG_RC;0.000000000000000;
202511;1482;1998003418;TIT_PUB;2001767.410000000000000;
202511;1239;1979002738;COTAS;4620604376.641980000000000;04912456000189
202511;1171;2000008429;VL_PG_RC;61513.270000000000000;
202511;1482;1991001347;COTAS;10180921.915878000000000;
202511;1479;1997002711;COTAS;648424267.300266000000000;17138135000110
202511;1434;2015000747;COTAS;159389.658223000000000;04495282000104
202511;1171;9970000000;COTAS;7901687.894688000000000;
202511;1239;1979002738;VL_PG_RC;-1315766.990000000000000;
202511;1482;1998003474;CAIXA;974.460000000000000;
202511;1479;2012000738;COTAS;3353998.765947000000000;32320637000151
202511;1081;1979004692;IMOVEIS;2160357.820000000000000;
202511;1482;1995000256;CAIXA;0.000000000000000;
202511;1051;9970000000;VL_PG_RC;0.000000000000000;
202511;1482;1996003811;COTAS;14042551.901043000000000;
202511;1451;1979001618;COTAS;20394972.549259000000000;
202511;1482;1998004211;CAIXA;0.000000000000000;
202511;1081;1979004692;TIT_PRIV;12055732.870000000000000;
202511;1184;1984000111;OPERACAO_PARTICIPANTE;517789.002646414200000;
202511;1482;1997000156;CAIXA;0.000000000000000;
202511;1078;1984000918;COTAS;11810733.002974000000000;
202511;1081;2010004256;CAIXA;10819.840000000000000;
202511;998;1998006638;COTAS;1393469303.528126000000000;05024715000106
202511;998;9970000000;CAIXA;89300.900000000000000;
202511;1482;1999001419;VL_PG_RC;-14194.450000000000000;
202511;941;1998007774;COTAS;28313706.050949000000000;
202511;941;1998007774;COTAS;9125657.494016000000000;04644612000178
202511;1482;1997002574;CAIXA;1000.000000000000000;
202511;1198;1998003019;COTAS;50725059.619998000000000;
202511;1078;9970000000;CAIXA;876337.020000000000000;
202511;1451;1979001618;COTAS;14552582.282857000000000;
202511;998;9970000000;COTAS;46193288.462272000000000;04701088000120
202511;1482;1998004392;COTAS;3741855.831991000000000;31032327000179
202511;1239;1979002983;COTAS;1978019.174428000000000;
202511;1198;1998003019;OPERACAO_PARTICIPANTE;16861259.818742712800000;
202511;1451;1979001618;IMOVEIS;5414889.800000000000000;
202511;1314;1985000156;VL_PG_RC;-21167.010000000000000;
202511;1239;1979002983;OPERACAO_PARTICIPANTE;5607013.043530550000000;
202511;1105;1997003147;CAIXA;1140.530000000000000;
202511;1239;1982002247;COTAS;1437160.566906000000000;
202511;1314;2005000965;COTAS;122275295.458339000000000;
202511;1081;1979004374;CAIXA;9984.810000000000000;
202511;1314;2005000965;COTAS;3519677.148332000000000;
202511;941;1998007774;COTAS;79594796.690809000000000;
202511;1314;9970000000;VL_PG_RC;-87.940000000000000;
202511;1482;1998005747;COTAS;3439110.870204000000000;31032327000179
202511;1359;1991002165;COTAS;43053561.151137000000000;
202511;941;2023000165;COTAS;29192690.613748000000000;49684938000167
202511;1081;1979004374;COTAS;-23.427992000000000;
202511;1033;1975000218;VL_PG_RC;-2087479.650000000000000;
202511;1239;1982002247;OPERACAO_PARTICIPANTE;70096066.963592850000000;
202511;1482;1998002683;VL_PG_RC;0.000000000000000;
202511;1482;1979005411;VL_PG_RC;-163.790000000000000;
202511;1198;2019001111;COTAS;3661246.341988000000000;
202511;1239;2018000829;CAIXA;81.560000000000000;
202511;1033;1979003556;COTAS;33088045.137780000000000;
202511;1359;1991002165;COTAS;18849476.511235000000000;
202511;1482;1998003474;VL_PG_RC;-41.780000000000000;
202511;1482;1999000218;CAIXA;0.000000000000000;
202511;1482;1982003138;CAIXA;90909.020000000000000;
202511;1482;1987001192;TIT_PUB;40415083.310000000000000;
202511;1482;1999001818;COTAS;34740720.309355000000000;
202511;1239;2018001418;CAIXA;0.000000000000000;
202511;1359;1991002165;VL_PG_RC;-347490.280000000000000;
202511;1239;2020000083;CAIXA;66.280000000000000;
202511;1482;1999001818;CAIXA;0.000000000000000;
202511;1081;1979004447;COTAS;4557211.017900000000000;
202511;1482;1988001447;VL_PG_RC;0.000000000000000;
202511;1482;2001000383;COTAS;7399793.700617000000000;
202511;1105;1997003147;COTAS;8466093.737181000000000;
202511;1208;1998001474;OPERACAO_PARTICIPANTE;5322675.330127457600000;
202511;1482;1989000592;CAIXA;360007.720000000000000;
202511;953;1976000238;CAIXA;15652.070000000000000;
202511;1081;1979004447;TIT_PRIV;60016347.490000000000000;
202511;1239;1979003238;ACOES;559702.540000000000000;
202511;1482;2000003192;COTAS;5438197.062347000000000;32273402000156
202511;1359;1991002238;CAIXA;75524.890000000000000;
202511;1381;1980002411;CAIXA;444757.210000000000000;
202511;1239;1979003238;CAIXA;95910849.380000000000000;
202511;1381;2006005138;COTAS;8856756.300452000000000;
202511;1482;2002001618;COTAS;76908208.435651000000000;
202511;1482;2000007211;COTAS;24354689.869202000000000;
202511;1081;2005000329;ACOES;166606.020000000000000;
202511;1482;1999001818;COTAS;7715236.251924000000000;
202511;1081;2005000329;CAIXA;3603.030000000000000;
202511;1033;1979003556;COTAS;44035613.383887000000000;
202511;1451;1979001618;TIT_PUB;1741221670.360000000000000;
202511;1198;1998003019;TIT_PRIV;830455.450000000000000;
202511;1482;2000004083;CAIXA;0.000000000000000;
202511;1242;1985001519;CAIXA;2001087.350000000000000;
202511;1033;1996003674;COTAS;57589802.588085000000000;
202511;1482;2002001618;COTAS;18445556.165012000000000;32273485000183
202511;1198;1998003019;TIT_PUB;402671571.480000000000000;
202511;1403;2000008038;TIT_PRIV;12031012.080000000000000;
202511;1033;2000007538;COTAS;9322110.958102000000000;
202511;1451;2006002929;COTAS;827732.831093000000000;
202511;1105;2010001265;VL_PG_RC;1014689.130000000000000;
202511;1451;2006002929;COTAS;25425612.318590000000000;
202511;1482;1989002129;COTAS;1310716.334047000000000;
202511;1033;2000007538;TIT_PUB;46383419.860000000000000;
202511;1198;2019001111;VL_PG_RC;0.000000000000000;
202511;1105;9970000000;TIT_PRIV;6362250.860000000000000;
202511;1239;1995003018;COTAS;422614595.772366000000000;
202511;1482;2000004083;COTAS;15704424.391859000000000;
202511;1482;2003000119;CAIXA;0.000000000000000;
202511;1482;2000007211;CAIXA;0.000000000000000;
202511;1242;1985001683;COTAS;331165.000000000000000;
202511;1208;2013001411;ACOES;24309951.320000000000000;
202511;1242;2021001792;COTAS;325482.300000000000000;
202511;1403;2008004783;OPERACAO_PARTICIPANTE;843035.060000000000000;
202511;967;1991001029;VL_PG_RC;1869108.490000000000000;
202511;1482;2004000392;OPERACAO_PARTICIPANTE;230718.980000000000000;
202511;1081;2005000329;COTAS;-0.117898000000000;
202511;1482;2004000465;OPERACAO_PARTICIPANTE;4085647.840000000000000;
202511;1136;1998005992;COTAS;6050007.976346000000000;17804124000122
202511;1171;1981001492;CAIXA;417.500000000000000;
202511;1482;2001000383;COTAS;1170839.449301000000000;
202511;1081;2015000992;COTAS;21039.750000000000000;
202511;1451;9970000000;COTAS;5068812.030908000000000;
202511;971;2000006711;COTAS;3902508.456748000000000;
202511;1482;2000007211;COTAS;30964758.963619000000000;
202511;1081;2021001547;VL_PG_RC;-1229.550000000000000;
202511;1479;1997002711;COTAS;112189740.425171000000000;
202511;1239;2019002965;CAIXA;91.280000000000000;
202511;1482;2005006092;COTAS;40451235.414288000000000;
202511;1033;9970000000;COTAS;5941435.096802000000000;
202511;1359;1991002165;COTAS;11628201.063377000000000;
202511;1403;2016000619;COTAS;5146510.100000000000000;
202511;1242;2021001792;COTAS;225897.000000000000000;
202511;1171;1981001492;VL_PG_RC;51227.250000000000000;
202511;1242;2021001792;COTAS;1840249.347745000000000;
202511;1482;2008002438;CAIXA;0.000000000000000;
202511;1482;2002001618;OPERACAO_PARTICIPANTE;1377427.100000000000000;
202511;1479;1997002711;COTAS;18857937.561810000000000;
202511;1239;1979002819;CAIXA;2008147.760000000000000;
202511;1482;2003001174;CAIXA;0.000000000000000;
202511;1171;2000008429;COTAS;3780430.039750000000000;
202511;1434;1980002347;COTAS;3848.000000000000000;
202511;1078;1984000918;COTAS;19917240.301492000000000;
202511;1482;1989002374;VL_PG_RC;-13.410000000000000;
202511;1184;1984000111;IMOVEIS;6886949.590000000000000;
202511;1482;1990001947;VL_PG_RC;-56980.570000000000000;
202511;1479;1997002711;TIT_PUB;1005098666.320000000000000;
202511;1242;2021001792;COTAS;4205752.774171000000000;
202511;1482;1994000783;CAIXA;706067.580000000000000;
202511;1105;1974000419;ACOES;33563156.640000000000000;
202511;1184;1984000111;TIT_PUB;233896816.920000000000000;
202511;1482;2004000465;CAIXA;29284202.610000000000000;
202511;1359;1991002165;COTAS;9960200.616528000000000;
202511;1105;1974000419;COTAS;7898601.367026000000000;
202511;1482;2005001392;COTAS;1163392.045289000000000;31032327000179
202511;1482;2010001729;CAIXA;0.000000000000000;
202511;1482;2005004138;VL_PG_RC;-16358.880000000000000;
202511;1482;1998003418;CAIXA;0.000000000000000;
202511;1261;1980000311;VL_PG_RC;-3524.120000000000000;
202511;1482;2010002938;CAIXA;0.000000000000000;
202511;1359;1991002238;TIT_PUB;281702863.300000000000000;
202511;1482;1998003892;COTAS;11923558.392642000000000;31032327000179
202511;971;9970000000;VL_PG_RC;0.000000000000000;
202511;1482;2007002711;TIT_PUB;870177.610000000000000;
202511;1261;2005006165;COTAS;171121925.909057000000000;
202511;1479;1997002892;OPERACAO_PARTICIPANTE;149354655.050434240400000;
202511;984;1990001629;COTAS;2014399.641524000000000;
202511;1105;1974000419;COTAS;10996618.836777000000000;
202511;1479;2012000738;COTAS;29019.425775000000000;
202511;1242;1985001683;COTAS;191930.080000000000000;
202511;1482;1982003138;COTAS;7349653.416466000000000;
202511;1482;2008000265;COTAS;65910976.311462000000000;
202511;1359;2014001774;COTAS;1165914.052282000000000;
202511;1482;1998004392;COTAS;50581465.689723000000000;
202511;1381;2006005138;COTAS;5971743.575628000000000;
202511;984;1994002883;COTAS;5065227.180889000000000;
202511;1105;1974000419;COTAS;121219054.899600000000000;
202511;1482;2010003111;COTAS;9911711.193203000000000;31032327000179
202511;1239;1979002819;IMOVEIS;57200000.000000000000000;
202511;1482;1987000692;COTAS;56020.098184000000000;
202511;1242;1985001683;COTAS;449794.960000000000000;
202511;1403;1981000747;COTAS;1153955.448151000000000;
202511;1482;1987001419;OPERACAO_PARTICIPANTE;322214.240000000000000;
202511;1482;2008000265;COTAS;88562547.112149000000000;
202511;1482;1989002129;VL_PG_RC;-591.090000000000000;
202511;1242;1985001683;COTAS;4477730.714986000000000;
202511;1482;1989002374;COTAS;29742.835263000000000;
202511;1208;1998001474;COTAS;337721338.399998000000000;10820311000150
202511;984;2000007783;COTAS;11732746.008406000000000;
202511;1081;2003001311;ACOES;1817750.060000000000000;
202511;1482;1995000892;CAIXA;0.000000000000000;
202511;1261;2005006165;COTAS;196554292.148598000000000;20468287000196
202511;1208;9970000000;CAIXA;24972.900000000000000;
202511;1482;2000004083;COTAS;6567003.372204000000000;32273402000156
202511;1482;2010003111;CAIXA;0.000000000000000;
202511;1434;1980002347;VL_PG_RC;-230.130000000000000;
202511;1482;2000007211;COTAS;237142780.971777000000000;
202511;1105;1974000419;COTAS;2139661.434355000000000;
202511;984;2005001538;COTAS;4626785.196598000000000;
202511;1105;1997003147;COTAS;625496843.524987000000000;
202511;984;2005001538;COTAS;3659257.362903000000000;
202511;1239;1979002738;ACOES;511391.000000000000000;
202511;1403;1981000747;COTAS;989308.576307000000000;
202511;1242;1985001683;COTAS;77039109.577768000000000;18820186000190
202511;1482;2001000383;COTAS;12379107.675753000000000;
202511;1239;1982002311;IMOVEIS;8006091.980000000000000;
202511;984;2005001538;COTAS;2707859.655191000000000;
202511;1136;1980001911;COTAS;1728629409.180959000000000;13199182000113
202511;1239;1995003311;COTAS;120063286.556543000000000;
202511;1403;2000008038;COTAS;3081122.442216000000000;
202511;1482;2000007211;COTAS;11949901.718863000000000;
202511;1242;2021001792;COTAS;333080.440000000000000;
202511;1239;2020000083;IMOVEIS;12914004.900000000000000;
202511;1482;2003000119;COTAS;27142119.269944000000000;
202511;1403;2000008038;TIT_PUB;182383783.890000000000000;
202511;1239;1979002819;ACOES;79747.480000000000000;
202511;1239;2022000511;COTAS;24041719.960377000000000;17518976000153
202511;1239;2022001011;OPERACAO_PARTICIPANTE;1305408.994224680000000;
202511;1171;9970000000;COTAS;196774.623570000000000;
202511;1482;1997002574;VL_PG_RC;0.000000000000000;
202511;1273;9970000000;CAIXA;114663.780000000000000;
202511;1482;2010004965;COTAS;24909855.434728000000000;
202511;1261;9970000000;COTAS;2958670.355643000000000;
202511;1482;2011000483;COTAS;448.355278000000000;
202511;1239;1979003092;COTAS;52624.080918000000000;
202511;1359;1991002165;COTAS;11523370.735296000000000;
202511;1239;1979003092;OPERACAO_PARTICIPANTE;6226125.912929290000000;
202511;1482;2011000483;COTAS;39878509.463296000000000;32273485000183
202511;1198;1998003019;CAIXA;2156377.720000000000000;
202511;1359;9970000000;COTAS;803520.587293000000000;
202511;1208;1979005265;OPERACAO_PARTICIPANTE;24714572.820520148000000;
202511;1482;2010003829;COTAS;1093988.659074000000000;
202511;984;2005001538;VL_PG_RC;1382910.970000000000000;
202511;1273;1985000229;VL_PG_RC;-726504.910000000000000;
202511;1242;1985001683;COTAS;155107.540000000000000;
202511;1482;2011000238;VL_PG_RC;-714.200000000000000;
202511;1242;2021001792;COTAS;132147.740000000000000;
202511;1482;2006003038;COTAS;21826471.649350000000000;
202511;1239;2020000792;ACOES;226545.430000000000000;
202511;1242;2021001792;COTAS;194805.000000000000000;
202511;1239;2020000792;COTAS;2368848330.008881000000000;36620612000124
202511;1482;2003001174;COTAS;1397339.316677000000000;
202511;1482;1998002683;CAIXA;0.460000000000000;
202511;1208;1995003956;IMOVEIS;187526595.660000000000000;
202511;1482;2011002011;CAIXA;0.000000000000000;
202511;1081;2006000365;CAIXA;2907.720000000000000;
202511;1434;1986000192;CAIXA;53968.410000000000000;
202511;984;2017001211;COTAS;1888716.731100000000000;
202511;1482;2011001129;VL_PG_RC;2441.460000000000000;
202511;1314;2005000965;COTAS;7028864.752856000000000;
202511;1482;2008000265;VL_PG_RC;-105742.080000000000000;
202511;1359;1991002165;COTAS;6478422.242979000000000;
202511;984;9970000000;COTAS;386795.634867000000000;
202511;1081;2010004256;ACOES;5120944.220000000000000;
202511;1239;1979003319;CAIXA;20317.260000000000000;
202511;1081;2010004256;VL_PG_RC;-409634.040000000000000;
202511;1434;1997000474;CAIXA;17713.980000000000000;
202511;1242;2021001792;COTAS;127984.000000000000000;
202511;1208;9970000000;ACOES;8884934.520000000000000;
202511;1242;2021001792;COTAS;328128.090000000000000;
202511;1482;2018001965;TIT_PUB;27380237.150000000000000;
202511;1261;2005006165;VL_PG_RC;-1957.650000000000000;
202511;1403;2016000619;COTAS;8269499.169462000000000;
202511;1033;1975000218;CAIXA;6441398.930000000000000;
202511;1403;2016000619;COTAS;3349372.975542000000000;
202511;1359;1991002238;COTAS;1201647.951857000000000;
202511;1434;1980002347;CAIXA;23220.290000000000000;
202511;1482;1998003418;COTAS;895414.779307000000000;
202511;1482;1998003418;COTAS;2343075.464461000000000;31032327000179
202511;1482;2001000383;VL_PG_RC;-20540.340000000000000;
202511;1482;2002001618;CAIXA;0.000000000000000;
202511;1482;2005004065;COTAS;20258294.750162000000000;
202511;1482;2005004456;CAIXA;0.000000000000000;
202511;1482;2007002711;CAIXA;0.000000000000000;
202511;237;2007000792;OPERACAO_PARTICIPANTE;33289830.331227000000000;
202511;1482;2008001156;VL_PG_RC;-6736.990000000000000;
202511;1482;2010002938;COTAS;8450396.003692000000000;
202511;237;2007000865;COTAS;569171.118131000000000;
202511;1482;2010003829;COTAS;16752763.765106000000000;
202511;237;2007001047;COTAS;122.000000000000000;
202511;1482;2011000483;COTAS;134577824.312671000000000;
202511;237;2007001047;COTAS;464309.897955000000000;
202511;1482;2011002338;COTAS;28708676.371678000000000;
202511;1482;2016002174;CAIXA;0.000000000000000;
202511;1482;2018001965;CAIXA;0.000000000000000;
202511;1482;2018001965;COTAS;277606438.597339000000000;
202511;237;2007002574;IMOVEIS;8325899.790000000000000;
202511;1482;2021003256;COTAS;274000.365216000000000;
202511;237;2007002647;COTAS;7790410.419064000000000;
202511;1482;2021003256;COTAS;1077586.992607000000000;
202511;1506;1979001383;VL_PG_RC;-16789.870000000000000;
202511;237;2007002647;OPERACAO_PARTICIPANTE;13887079.049034000000000;
202511;237;2007003147;COTAS;7041121.955427000000000;
202511;237;2007003392;COTAS;16370670.532794000000000;04733518000195
202511;237;2009001192;CAIXA;22460.680000000000000;
202511;1482;2011002011;COTAS;42092948.821029000000000;
202511;1239;1979002819;VL_PG_RC;13942.270000000000000;
202511;1482;2009001011;COTAS;3822089.882601000000000;
202511;237;2009001192;COTAS;1148214.125363000000000;08944896000179
202511;237;2009001192;COTAS;1038793.025414000000000;41956824000117
202511;1479;2012000738;COTAS;123639.727287000000000;41610657000158
202511;1359;1991002165;COTAS;4317258.436223000000000;
202511;237;2013000911;COTAS;196930.665544000000000;
202511;237;2013000911;COTAS;49102.850281000000000;
202511;237;2013000911;COTAS;318468.726616000000000;42120328000191
202511;1081;2021001547;CAIXA;1653.460000000000000;
202511;1434;1980002347;COTAS;77229.442577000000000;
202511;1239;9970000000;COTAS;134972765.712557000000000;
202511;1033;1979003556;COTAS;96323335.511463000000000;
202511;1081;2021001547;COTAS;1029548.969112000000000;
202511;1033;1979003556;COTAS;115179613.746010000000000;
202511;1239;1979003165;VL_PG_RC;-763768.240000000000000;
202511;1359;1991002238;COTAS;948583.675815000000000;
202511;1482;2004000465;COTAS;402431264.290541000000000;
202511;1482;2021003256;VL_PG_RC;75073.960000000000000;
202511;1105;9970000000;COTAS;1299660.730119000000000;
202511;1171;2000008429;COTAS;4281542.796507000000000;
202511;1359;1991002238;COTAS;6450.508294000000000;
202511;1482;2022000129;COTAS;2152503.350725000000000;
202511;1033;1996003674;TIT_PUB;1402543472.450000000000000;
202511;1239;1995003311;COTAS;816367035.287173000000000;
202511;1482;2016002174;VL_PG_RC;16616.070000000000000;
202511;1482;1985000865;COTAS;268434.770696000000000;
202511;1239;1979003319;COTAS;281047500.577767000000000;46205698000182
202511;1239;1982002174;VL_PG_RC;-239733.310000000000000;
202511;1033;2000007538;COTAS;2716621.350000000000000;
202511;1359;2014001774;CAIXA;40599.660000000000000;
202511;1434;1985000474;COTAS;5656162.849928000000000;17285268000110
202511;1482;2004000538;CAIXA;11862492.710000000000000;
202511;1523;1977000274;OPERACAO_PARTICIPANTE;2154260786.970000000000000;
202511;1239;1982002247;CAIXA;209859597.110000000000000;
202511;1239;2022001011;CAIXA;2542989.590000000000000;
202511;1523;1998004465;CAIXA;9120.020000000000000;
202511;1239;9970000000;COTAS;2744336.657679000000000;
202511;1482;2022000129;COTAS;818158.656776000000000;
202511;1242;1985001683;COTAS;145920.000000000000000;
202511;1482;2005005665;COTAS;9898918.168231000000000;
202511;1242;1985001683;COTAS;374819.610000000000000;
202511;1381;1980002411;COTAS;36514065.154865000000000;34626114000163
202511;1239;1982002311;COTAS;1939155600.926755000000000;05754046000110
202511;1403;2000008038;CAIXA;104211.030000000000000;
202511;1359;2014001774;TIT_PUB;32056352.370000000000000;
202511;1242;1985001683;COTAS;9012290.845377000000000;
202511;1239;2022001011;VL_PG_RC;-1697.350000000000000;
202511;1242;2021001792;COTAS;1229187.207606000000000;
202511;1434;1985000474;VL_PG_RC;-17334.890000000000000;
202511;1482;2010003829;CAIXA;0.000000000000000;
202511;1033;2000007538;COTAS;22560.240000000000000;
202511;1242;2021001792;COTAS;30542404.169347000000000;11541979000121
202511;1434;1986000192;OPERACAO_PARTICIPANTE;1411648.630000000000000;
202511;1403;1981000747;COTAS;1130325.694268000000000;
202511;1482;2023001374;VL_PG_RC;-3931.760000000000000;
202511;1403;1981000747;COTAS;1175518.612814000000000;
202511;1171;2000008429;COTAS;7277767.381748000000000;
202511;1242;2021001792;COTAS;36065817.768991000000000;17435331000157
202511;1242;1985001683;COTAS;154224.000000000000000;
202511;1033;2000007538;COTAS;1216551.910000000000000;
202511;1242;1985001683;COTAS;4470883.653459000000000;
202511;1242;4012420038;VL_PG_RC;-30600.940000000000000;
202511;1482;2022000129;COTAS;1721752.274738000000000;
202511;1184;2023001765;TIT_PUB;199690.820000000000000;
202511;1482;9970000000;CAIXA;0.000000000000000;
202511;1482;2005006092;VL_PG_RC;-54525.530000000000000;
202511;1242;2021001792;COTAS;117735.750000000000000;
202511;1184;9970000000;VL_PG_RC;0.000000000000000;
202511;1482;1987000692;VL_PG_RC;-25.260000000000000;
202511;1242;1985001683;COTAS;343744.800000000000000;
202511;1033;2000007538;VL_PG_RC;-256446.830000000000000;
202511;1381;2006005138;COTAS;96132.648630000000000;
202511;1523;1977000274;COTAS;1149959.678415000000000;
202511;1359;1991002165;CAIXA;28469.410000000000000;
202511;1242;2021001792;COTAS;289863.000000000000000;
202511;1403;1981000747;COTAS;1439621.269343000000000;
202511;1198;1998003019;COTAS;10781076.700000000000000;
202511;1403;2000008038;COTAS;6228762.279136000000000;
202511;1198;1998003019;COTAS;9522166.254758000000000;
202511;1506;9970000000;VL_PG_RC;0.000000000000000;
202511;1051;1991001411;COTAS;53238065.758188000000000;
202511;1482;1987001265;CAIXA;6251592.310000000000000;
202511;1434;1997000474;TIT_PUB;302130279.000000000000000;
202511;1242;2021001792;COTAS;175976.640000000000000;
202511;1403;2000008038;COTAS;6113951.138919000000000;
202511;1434;2000000411;VL_PG_RC;43645.090000000000000;
202511;1434;1980002347;COTAS;59090.490371000000000;
202511;1198;1998003019;COTAS;12495717.688856000000000;
202511;1523;1977000274;COTAS;9411462.375137000000000;
202511;1381;1980002411;OPERACAO_PARTICIPANTE;10996216.000000000000000;
202511;1482;2007002711;COTAS;37073496.446774000000000;
202511;1381;2006005138;COTAS;8932866.423757000000000;
202511;1078;1984000918;COTAS;8342266.481340000000000;
202511;1403;2008004783;COTAS;5866642.272154000000000;
202511;1482;2010004965;CAIXA;0.000000000000000;
202511;1482;1987001811;VL_PG_RC;-5830.530000000000000;
202511;1434;1980002347;COTAS;25337.582639000000000;
202511;1482;1988002338;CAIXA;1294588.990000000000000;
202511;1434;2000006965;COTAS;135.135674000000000;
202511;1482;1989000592;VL_PG_RC;355.790000000000000;
202511;1434;1980002347;COTAS;4181153.009133000000000;33624828000170
202511;1242;1985001683;COTAS;267087310.563722000000000;18731304000194
202511;1434;1986000192;VL_PG_RC;-8403.640000000000000;
202511;1403;2008004783;COTAS;1298587.122318000000000;41300431000150
202511;1482;2010002938;COTAS;406770.551665000000000;
202511;1482;1989002447;COTAS;1209909.648980000000000;
202511;1081;1979004374;COTAS;-101832.595485000000000;
202511;1482;2011000483;COTAS;405.582770000000000;32273477000137
202511;1523;1977000274;COTAS;1193640.336267000000000;04194710000150
202511;1242;2021001792;COTAS;232638.340000000000000;
202511;1381;2006005138;COTAS;201134866.338586000000000;08759871000103
202511;1403;2008004783;COTAS;271082.611726000000000;
202511;1403;2016000619;COTAS;7044337.051338000000000;
202511;1511;1988002419;CAIXA;228442.040000000000000;
202511;1242;2021001792;COTAS;3158062.375008000000000;
202511;1434;2000000411;COTAS;16.160000000000000;
202511;1403;2016000619;COTAS;943710.654738000000000;
202511;1434;2000006965;COTAS;10067266.748097000000000;
202511;1482;2011000483;CAIXA;0.000000000000000;
202511;1198;2019001111;COTAS;21289053.523695000000000;
202511;1482;2018001965;COTAS;115266777.252999000000000;
202511;1434;2005005029;CAIXA;10005009.120000000000000;
202511;1242;4012420038;CAIXA;753031.070000000000000;
202511;1403;2016000619;COTAS;9289290.567195000000000;
202511;1482;2018001965;COTAS;21924304.028756000000000;31032327000179
202511;1523;1977000274;COTAS;2424052187.669482000000000;27455174000103
202511;1381;9970000000;VL_PG_RC;-11808.650000000000000;
202511;1482;2011001129;CAIXA;0.000000000000000;
202511;1434;1980002347;COTAS;10730800.058479000000000;
202511;1403;9970000000;CAIXA;100164.410000000000000;
202511;1434;2005005029;TIT_PUB;177675747.820000000000000;
202511;1242;2021001792;COTAS;460463.160000000000000;
202511;1511;1988002419;COTAS;43376320.040819000000000;23872743000157
202511;1434;9970000000;COTAS;48321939.973471000000000;
202511;1511;9970000000;VL_PG_RC;2500.000000000000000;
202511;1403;1981000747;IMOVEIS;224482.650000000000000;
202511;1523;1998004465;COTAS;4007776.292092000000000;
202511;1482;2011002338;CAIXA;0.000000000000000;
202511;1482;1991001347;VL_PG_RC;-39698.510000000000000;
202511;1242;4012420038;COTAS;39485301.494295000000000;
202511;1403;2008004783;CAIXA;42581.980000000000000;
202511;1482;2011002338;VL_PG_RC;614.080000000000000;
202511;1451;1979001618;ACOES;5.180000000000000;
202511;1081;1979004692;OPERACAO_PARTICIPANTE;8250863.101344000000000;
202511;1242;2021001792;COTAS;194562.720000000000000;
202511;1482;1992001911;COTAS;1755.943336000000000;
202511;1434;1996002211;COTAS;11312325.699856000000000;17285268000110
202511;1482;2013001029;COTAS;25847532.982504000000000;31032327000179
202511;1523;1998004465;COTAS;15851110.966200000000000;04684251000193
202511;1434;2005005029;COTAS;96039229.406399000000000;04495282000104
202511;1523;1998004465;COTAS;9054407.634545000000000;15154395000154
202511;1242;2021001792;COTAS;225268.910000000000000;
202511;1523;1998004465;COTAS;3501538.165473000000000;50190791000138
202511;1403;9970000000;COTAS;1016045.415902000000000;
202511;1434;2009003292;TIT_PUB;42622910.520000000000000;
202511;1451;1979001618;COTAS;37673554.447561000000000;
202511;1434;2015000747;OPERACAO_PARTICIPANTE;101990.600000000000000;
202511;1273;9970000000;VL_PG_RC;-6949.490000000000000;
202511;1434;2005005029;COTAS;13685632.188898000000000;
202511;1523;1977000274;VL_PG_RC;1530046510.550000000000000;
202511;1451;1979001618;COTAS;369094.344743000000000;
202511;1523;1977000274;COTAS;580433997.847491000000000;
202511;1523;1977000274;COTAS;5125338.384163000000000;
202511;1523;1977000274;COTAS;53622282.239616000000000;
202511;1081;2002001456;CAIXA;197249.630000000000000;
202511;1434;2009003292;VL_PG_RC;-998.200000000000000;
202511;1523;1977000274;COTAS;1225931.277593000000000;
202511;1434;2005005029;COTAS;62654372.387751000000000;41799499000126
202511;1242;9970000000;COTAS;10424454.031371000000000;
202511;1482;2020000938;VL_PG_RC;-5870.900000000000000;
202511;1451;2006002929;CAIXA;38489.970000000000000;
202511;1523;1977000274;TIT_PRIV;120983491.300000000000000;
202511;1208;1979005265;COTAS;1787844046.830007000000000;04682806000168
202511;1403;9970000000;COTAS;494371.001341000000000;
202511;1208;1995003956;CAIXA;130969.870000000000000;
202511;1434;1980002347;COTAS;3488.173590000000000;
202511;1523;1998004465;COTAS;1934264.851200000000000;63404696000131
202511;1523;1998004465;ACOES;61335725.900000000000000;
202511;1523;2006003674;ACOES;278132468.200000000000000;
202511;1482;1993001492;VL_PG_RC;-0.790000000000000;
202511;1523;1998004465;COTAS;101227.597768000000000;
202511;1482;1993001956;COTAS;831.985004000000000;
202511;1314;1985000156;COTAS;6597482.067144000000000;
202511;1434;1985000474;IMOVEIS;5477017.720000000000000;
202511;1242;9970000000;VL_PG_RC;-9427.610000000000000;
202511;1451;2022001974;VL_PG_RC;-362.550000000000000;
202511;1314;1985000156;TIT_PUB;871506893.710000000000000;
202511;1451;1979001618;COTAS;5794127.168907000000000;
202511;1451;2006002929;TIT_PUB;29898324.590000000000000;
202511;1482;1994004274;COTAS;45780955.550377000000000;
202511;1434;9970000000;CAIXA;25889.990000000000000;
202511;1523;1998004465;COTAS;2161981.417462000000000;
202511;1482;1995000892;COTAS;30696667.629449000000000;
202511;1081;2002001456;COTAS;-135.144650000000000;
202511;1451;1979001618;COTAS;970749.511592000000000;
202511;1482;1995002429;COTAS;327.155425000000000;
202511;1523;2006003674;COTAS;2031294.472993000000000;
202511;1523;1998004465;COTAS;3544.282404000000000;
202511;1434;2000006965;COTAS;38006.374291000000000;
202511;1081;2003001311;IMOVEIS;179435.160000000000000;
202511;1434;2000006965;COTAS;9173831.725072000000000;
202511;1523;1998004465;COTAS;756565.737779000000000;
202511;1451;1979001618;OPERACAO_PARTICIPANTE;29616461.149486970900000;
202511;1523;2006003674;COTAS;544771619.126058000000000;14387403000140
202511;1451;9970000000;TIT_PUB;12292543.470000000000000;
202511;1451;2006002929;COTAS;6035563.707630000000000;
202511;1451;2006002929;COTAS;2174523.710345000000000;
202511;1479;1997002711;COTAS;32811391.149422000000000;
202511;1208;1995003956;COTAS;19409325.020000000000000;19673072000128
202511;1523;2006003674;COTAS;95643940.873970000000000;15154356000157
202511;1523;1977000274;COTAS;296926.967712000000000;
202511;1479;2012000738;COTAS;1035733.460598000000000;
202511;1523;1977000274;COTAS;345793.508477000000000;
202511;1434;2000006965;COTAS;6480747.236157000000000;
202511;1239;1979002983;IMOVEIS;1998323.970000000000000;
202511;1523;1998004465;COTAS;839887.379292000000000;
202511;1523;1977000274;COTAS;12342482.932896000000000;
202511;1081;2003001311;TIT_PUB;4955354.880000000000000;
202511;1523;1977000274;COTAS;24133436.161741000000000;39753127000117
202511;1479;1997002711;COTAS;74219410.238167000000000;
202511;1523;2006003674;COTAS;71740345.731783000000000;15154385000119
202511;1451;9970000000;VL_PG_RC;-2285.440000000000000;
202511;1081;2005000329;VL_PG_RC;-55141.390000000000000;
202511;1482;1982003211;COTAS;71904.957192000000000;
202511;1239;1979003092;IMOVEIS;2834640.380000000000000;
202511;1523;1977000274;COTAS;186068346.026469000000000;50190791000138
202511;1523;1998004465;COTAS;203910066.787105000000000;14120553000192
202511;1261;9970000000;CAIXA;2597029.410000000000000;
202511;1105;1974000419;IMOVEIS;18041172.670000000000000;
202511;1479;1997002711;COTAS;50860834.008395000000000;52170037000161
202511;1451;9970000000;COTAS;17141.588653000000000;
202511;1479;1997002892;COTAS;79313724.113941000000000;
202511;1314;1985000156;COTAS;13370715.917622000000000;
202511;1482;1996004956;COTAS;13820487.157948000000000;
202511;1314;2005000965;COTAS;22545872.810744000000000;
202511;1523;1998004465;COTAS;297804.276598000000000;39753127000117
202511;1523;1998004465;COTAS;682195.750000000000000;
202511;1239;1979003238;COTAS;4933122.888115000000000;
202511;1482;1997005011;VL_PG_RC;0.000000000000000;
202511;1434;2000006965;OPERACAO_PARTICIPANTE;139090.250000000000000;
202511;1523;1998004465;COTAS;97276.782916000000000;04714699000102
202511;1523;1998004465;COTAS;153135372.183598000000000;03524814000113
202511;1523;2006003674;COTAS;703395465.611054000000000;60094635000127
202511;1523;1998004465;COTAS;92282058.700206000000000;52982641000192
202511;1239;1979003238;OPERACAO_PARTICIPANTE;86359393.664191070000000;
202511;1479;1997002892;COTAS;226444055.893535000000000;32320637000151
202511;1314;9970000000;CAIXA;272261.450000000000000;
202511;1359;1991002238;COTAS;1063173.295108000000000;
202511;1523;2006003674;TIT_PRIV;12376181.780000000000000;
202511;1479;1997002711;COTAS;9456618350.387058000000000;08576322000195
202511;1434;2005005029;VL_PG_RC;44148.190000000000000;
202511;1523;2006003674;COTAS;1670.990905000000000;
202511;1359;1991002238;TIT_PRIV;0.010000000000000;
202511;1523;1998004465;COTAS;891874.624486000000000;12547115000180
202511;1482;1987001011;VL_PG_RC;-19344.610000000000000;
202511;1314;9970000000;COTAS;3798234.334642000000000;
202511;1105;1997003147;COTAS;5862.377904000000000;
202511;1482;1998004211;VL_PG_RC;-0.190000000000000;
202511;1479;2012000738;COTAS;483685.218768000000000;52152426000164
202511;1359;1991002165;COTAS;5128433.319247000000000;
202511;1523;1998004465;COTAS;11872824.075223000000000;51891082000142
202511;1482;1987001192;VL_PG_RC;-7125.180000000000000;
202511;1359;2014001774;COTAS;21850.740427000000000;
202511;1479;2012000738;COTAS;443186.789556000000000;51918188000192
202511;1359;1991002165;COTAS;101023177.366101000000000;
202511;1482;1999001818;VL_PG_RC;-38037.400000000000000;
202511;1482;1988001447;CAIXA;42278.640000000000000;
202511;1523;1998004465;COTAS;20583.022146000000000;
202511;1479;1997002711;COTAS;55874502.345475000000000;
202511;1434;2009003292;COTAS;1478267.681678000000000;04495282000104
202511;1482;1981000674;VL_PG_RC;-119.990000000000000;
202511;1403;1981000747;COTAS;1101236.635339000000000;
202511;1239;1982002311;CAIXA;5414.720000000000000;
202511;1105;1997003147;COTAS;144308398.690000000000000;
202511;1482;2000007211;COTAS;7898582.670713000000000;
202511;1523;9970000000;COTAS;2761783.053279000000000;59574097000199
202511;1523;2006003674;COTAS;53117.042397000000000;
202511;1434;2009003292;COTAS;8680228.508370000000000;41799499000126
202511;1523;2006003674;COTAS;5863.962101000000000;
202511;1434;2015000747;CAIXA;103293.280000000000000;
202511;1523;2006003674;COTAS;15580632.450617000000000;
202511;1523;2006003674;COTAS;7109.354968000000000;
202511;1523;1998004465;COTAS;-5887.793737000000000;
202511;1359;1991002238;COTAS;27869234.471584000000000;
202511;1523;1998004465;COTAS;968.129942000000000;
202511;1479;1997002711;COTAS;58353820.053964000000000;
202511;1479;1997002711;OPERACAO_PARTICIPANTE;401735589.498769094900000;
202511;1523;1998004465;COTAS;8385063.093202000000000;62698192000109
202511;1105;2010001265;COTAS;109021.397107000000000;
202511;1451;2006002929;COTAS;6919.568602000000000;
202511;1523;1998004465;VL_PG_RC;25746377.080000000000000;
202511;1239;1995003311;COTAS;62813354.112982000000000;
202511;1482;1981000674;CAIXA;3751.240000000000000;
202511;1403;2008004783;TIT_PUB;165613351.050000000000000;
202511;1523;2006003674;COTAS;2049157090.446381000000000;49382099000122
202511;1523;9970000000;COTAS;690694.649621000000000;60094635000127
202511;1482;1989000592;COTAS;3953003.295210000000000;
202511;1359;2014001774;VL_PG_RC;-17617.230000000000000;
202511;1482;1987000838;COTAS;20281391.981561000000000;21287281000185
202511;1359;9970000000;COTAS;2559787.933404000000000;
202511;1482;2004000465;VL_PG_RC;-32166.090000000000000;
202511;1171;1981001492;COTAS;8078607.024448000000000;
202511;1482;1989001483;VL_PG_RC;990.140000000000000;
202511;1451;2006002929;VL_PG_RC;-41011.450000000000000;
202511;1482;1987001419;CAIXA;0.000000000000000;
202511;1523;2006003674;COTAS;-2413.836570000000000;
202511;1523;1998004465;COTAS;3271219.743772000000000;
202511;1523;2006003674;COTAS;390870413.003354000000000;52982641000192
202511;1482;1989002211;CAIXA;12.470000000000000;
202511;1523;2006003674;COTAS;10952324.505826000000000;
202511;1451;2022001974;COTAS;1603463.595736000000000;
202511;1482;1991001347;COTAS;64500956.516362000000000;
202511;1523;2006003674;COTAS;38377234.324139000000000;59574097000199
202511;1482;1992001847;CAIXA;157102.670000000000000;
202511;1523;1998004465;COTAS;8885118.232752000000000;15154385000119
202511;1482;1993001565;COTAS;6159602.965815000000000;
202511;1482;2005004138;CAIXA;0.000000000000000;
202511;1523;2006003674;COTAS;410075292.655926000000000;16916048000184
202511;1171;2000008429;COTAS;228703.129929000000000;
202511;1523;2006003674;COTAS;26878745.230333000000000;
202511;1482;1995002429;CAIXA;0.000000000000000;
202511;1482;1989000665;VL_PG_RC;-2923.290000000000000;
202511;1239;1998007383;COTAS;19923272.752105000000000;17518976000153
202511;1482;1989001238;VL_PG_RC;-295.240000000000000;
202511;1523;2006003674;COTAS;2375590727.619727000000000;14120553000192
202511;1523;2006003674;COTAS;401248.805357000000000;17098803000123
202511;1523;2006003674;COTAS;18151559.148800000000000;63404696000131
202511;1171;2000008429;COTAS;3600253.419353000000000;
202511;1523;9970000000;COTAS;132321.315498000000000;50198930000170
202511;1359;9970000000;VL_PG_RC;0.000000000000000;
202511;1523;2006003674;COTAS;297410397.487623000000000;53275192000105
202511;1537;1980001774;COTAS;7927737.939444000000000;
202511;1537;1980001774;COTAS;3108667.526885000000000;
202511;1403;2016000619;COTAS;1193672.168204000000000;
202511;1381;1980002411;COTAS;2403316.240896000000000;
202511;1537;1988000165;COTAS;311855926.405298000000000;61948557000143
202511;1171;9970000000;COTAS;31777.273406000000000;
202511;1537;1980001774;TIT_PRIV;46404676.800000000000000;
202511;1482;1996000756;VL_PG_RC;-0.170000000000000;
202511;1403;2016000619;OPERACAO_PARTICIPANTE;5861493.040105179100000;
202511;1482;1998002683;COTAS;0.000000000000000;
202511;1479;1997002711;COTAS;160915201.566265000000000;41326144000110
202511;1482;1998003418;COTAS;13865959.593522000000000;
202511;1482;2005004383;TIT_PUB;5695689.990000000000000;
202511;1482;1998003892;COTAS;187669790.992548000000000;
202511;1479;9970000000;CAIXA;8823.950000000000000;
202511;1482;1992001911;CAIXA;0.000000000000000;
202511;1482;2005004456;COTAS;7695739.324817000000000;
202511;1479;1997002892;COTAS;1922768.175601000000000;41326144000110
202511;1239;2019000229;VL_PG_RC;-539426.920000000000000;
202511;1239;2020000792;IMOVEIS;25293925.050000000000000;
202511;1482;1998004392;COTAS;810413.054656000000000;
202511;1242;1985001683;COTAS;11550992.020062000000000;
202511;1537;1988000165;TIT_PRIV;70199168.940000000000000;
202511;1171;9970000000;COTAS;3112603.001693000000000;
202511;1482;1993002911;CAIXA;1393067.690000000000000;
202511;1482;1982003211;CAIXA;0.000000000000000;
202511;1171;9970000000;COTAS;69791.119551000000000;
202511;1242;2021001792;COTAS;294727.980000000000000;
202511;1482;1990001947;CAIXA;2806119.100000000000000;
202511;1242;2021001792;COTAS;9093136.531128000000000;43651064000165
202511;1403;1981000747;TIT_PUB;4708489.040000000000000;
202511;1479;1997002892;IMOVEIS;559812390.100000000000000;
202511;1482;2007002711;COTAS;775049.070603000000000;
202511;1482;1992001847;COTAS;22303.391043000000000;
202511;1198;1998003019;COTAS;1266491.577281000000000;
202511;1482;1993002911;COTAS;41620403.798446000000000;
202511;1571;1996000365;COTAS;2930046116.457515000000000;02294026000115
202511;1242;9970000000;CAIXA;279402.840000000000000;
202511;1434;1985000474;COTAS;5326638.195177000000000;33624828000170
202511;1198;1998003019;COTAS;5687828.969359000000000;
202511;1482;1983000329;CAIXA;0.000000000000000;
202511;1482;1995000418;CAIXA;0.000000000000000;
202511;1403;2000008038;COTAS;2109085.170307000000000;
202511;1482;2008001156;CAIXA;0.000000000000000;
202511;1434;1996002211;CAIXA;14536.840000000000000;
202511;1482;1993003983;VL_PG_RC;-0.670000000000000;
202511;1482;2009001818;VL_PG_RC;-573.440000000000000;
202511;1479;2012000738;COTAS;2044387.668690000000000;41326144000110
202511;1261;1980000311;COTAS;705633800.104858000000000;
202511;1482;2011002011;VL_PG_RC;-1129.380000000000000;
202511;1403;2000008038;COTAS;339027.868813000000000;
202511;1482;1982000465;COTAS;538431.924577000000000;
202511;1403;2000008038;COTAS;11129019.851658000000000;41300431000150
202511;1523;2006003674;IMOVEIS;348646531.240000000000000;
202511;1554;1978000456;ACOES;17564025.000000000000000;
202511;1523;2006003674;COTAS;1917394.577277000000000;
202511;1482;1996002538;CAIXA;0.000000000000000;
202511;1482;1996004956;CAIXA;0.000000000000000;
202511;1482;1998005747;VL_PG_RC;-74846.010000000000000;
202511;1571;4015710029;COTAS;36016654.065425000000000;
202511;1482;1997000156;COTAS;233347.926039000000000;
202511;1482;1987001265;TIT_PUB;84845541.080000000000000;
202511;1537;1988000165;VL_PG_RC;29996133.290000000000000;
202511;1482;1987001419;VL_PG_RC;2139.870000000000000;
202511;1571;4015710029;VL_PG_RC;0.000000000000000;
202511;1482;2013001029;VL_PG_RC;-33858.380000000000000;
202511;1523;2006003674;COTAS;34458420.114016000000000;50198930000170
202511;1482;2000003192;OPERACAO_PARTICIPANTE;381992.110000000000000;
202511;1482;1989000665;CAIXA;1980610.370000000000000;
202511;1434;1996002211;COTAS;11757684.472233000000000;41799499000126
202511;1482;1989000665;COTAS;5065098.135893000000000;
202511;1482;1998004211;COTAS;259.587115000000000;
202511;1541;1986000656;ACOES;17664803.840000000000000;
202511;1261;9970000000;VL_PG_RC;-2012.760000000000000;
202511;1585;9970000000;VL_PG_RC;-426.100000000000000;
202511;1537;1980001774;COTAS;19298534.316170000000000;
202511;1599;2001002483;IMOVEIS;241499.080000000000000;
202511;1482;1998003418;COTAS;14283886.798019000000000;
202511;1198;2019001111;COTAS;17281467.909762000000000;
202511;1599;9970000000;COTAS;2294561.082933000000000;35726949000158
202511;1208;1995003956;ACOES;235539451.760000000000000;
202511;1585;9970000000;CAIXA;7100.050000000000000;
202511;1523;9970000000;COTAS;59938425.659413000000000;14120553000192
202511;1541;1986000656;COTAS;4327879.339490000000000;
202511;1482;2023001374;CAIXA;0.000000000000000;
202511;1239;1979002738;COTAS;1874001.985374000000000;
202511;1599;1979001219;COTAS;855189968.787400000000000;26179528000163
202511;1482;1998003892;CAIXA;0.000000000000000;
202511;1482;1983000329;COTAS;13886223.649268000000000;
202511;1314;2005000965;ACOES;36683168.850000000000000;
202511;1482;1998004392;COTAS;139997102.138951000000000;
202511;1523;1977000274;COTAS;97124943.954737000000000;53275192000105
202511;1482;1989002374;CAIXA;822.890000000000000;
202511;1537;1988000165;COTAS;23433934.526779000000000;
202511;1599;1979001219;OPERACAO_PARTICIPANTE;5332362.670000000000000;
202511;1599;2001002483;OPERACAO_PARTICIPANTE;5487807.970000000000000;
202511;1239;1979002738;OPERACAO_PARTICIPANTE;38674926.367971080000000;
202511;1482;1998005747;CAIXA;0.000000000000000;
202511;1482;1999000218;VL_PG_RC;89891.570000000000000;
202511;1482;1998005747;COTAS;204677379.302098000000000;
202511;1482;2003001247;VL_PG_RC;-3957.230000000000000;
202511;1239;1979003092;ACOES;24546.160000000000000;
202511;1599;2024000592;VL_PG_RC;-359.840000000000000;
202511;1482;2004000538;COTAS;343350455.874139000000000;28428255000179
202511;1482;2000007211;COTAS;100425636.051386000000000;
202511;1482;1987001011;CAIXA;4465685.530000000000000;
202511;1482;2005001392;COTAS;5401663.948024000000000;
202511;1661;1990001718;VL_PG_RC;-15094.770000000000000;
202511;1482;2005006092;CAIXA;0.000000000000000;
202511;1482;2008001318;COTAS;417925960.721833000000000;39807355000122
202511;1482;2008003329;VL_PG_RC;-4197.340000000000000;
202511;1482;2009001011;COTAS;762919.125026000000000;31032327000179
202511;1482;2000007211;COTAS;135840031.324810000000000;
202511;1482;2009001818;COTAS;10857371.182011000000000;
202511;1482;2010002938;COTAS;65801.705121000000000;
202511;1482;2000007211;VL_PG_RC;-104846.200000000000000;
202511;1482;2000003192;COTAS;19103152.458667000000000;32273477000137
202511;1482;1987001265;COTAS;22560744.890861000000000;
202511;1661;9970000000;CAIXA;19250.140000000000000;
202511;1482;2001001665;COTAS;12210.311741000000000;
202511;1239;1979003238;IMOVEIS;68561797.750000000000000;
202511;1314;2005000965;VL_PG_RC;-674771.460000000000000;
202511;1239;1982002247;ACOES;866804.530000000000000;
202511;1674;1989002056;COTAS;4263581.417094000000000;
202511;1482;1987001811;CAIXA;1899802.420000000000000;
202511;1523;1998004465;COTAS;6928421.793957000000000;
202511;1482;2010003829;COTAS;25889641.197081000000000;
202511;1482;2002001618;COTAS;13835924.874459000000000;32273402000156
202511;1434;1996002211;VL_PG_RC;-107834.070000000000000;
202511;1537;1980001774;COTAS;28421362.471142000000000;
202511;1359;1991002165;COTAS;11486268.445669000000000;
202511;1674;1989002056;TIT_PUB;196477.450000000000000;
202511;1482;2003000119;TIT_PUB;360006879.930000000000000;
202511;1482;1989002447;CAIXA;14960.470000000000000;
202511;1482;2004000392;VL_PG_RC;226424.760000000000000;
202511;1674;1989002056;COTAS;116579.019420000000000;
202511;1523;1998004465;COTAS;-88536.590668000000000;
202511;1482;2022000056;COTAS;3294810.864481000000000;
202511;1674;1989002056;COTAS;360274.742946000000000;
202511;1482;1988001447;COTAS;0.000000000000000;
202511;1537;1980001774;COTAS;195879600.954411000000000;61972123000189
202511;1482;1990002056;VL_PG_RC;-1259.770000000000000;
202511;1403;2000008038;VL_PG_RC;-73153.590000000000000;
202511;1674;1989002056;COTAS;58803.574015000000000;
202511;1482;1988002338;VL_PG_RC;-5873.200000000000000;
202511;1541;9970000000;CAIXA;40440.440000000000000;
202511;1674;2014000492;COTAS;4558200.650036000000000;
202511;1537;1988000165;COTAS;18453715.249983000000000;
202511;1482;1991001118;CAIXA;341168.820000000000000;
202511;1537;9970000000;COTAS;3726679.683862000000000;
202511;1674;2014000492;VL_PG_RC;604957.370000000000000;
202511;1434;2000000411;COTAS;309539.336272000000000;04495282000104
202511;1482;1989001556;VL_PG_RC;-1.950000000000000;
202511;1434;2000006965;CAIXA;268961.140000000000000;
202511;1482;2022000056;COTAS;4073363.984307000000000;
202511;1403;2008004783;COTAS;1193672.168204000000000;
202511;1585;2006000911;COTAS;23736375.469828000000000;
202511;1482;1989002211;COTAS;45.752707000000000;
202511;1434;2000006965;COTAS;1067630.420166000000000;
202511;1482;1993001565;TIT_PUB;7640090.110000000000000;
202511;1239;1995003311;CAIXA;0.000000000000000;
202511;1674;2014000492;COTAS;1488308.819378000000000;
202511;1523;1998004465;COTAS;2107523.489723000000000;03191766000199
202511;1541;1986000656;COTAS;1541502.060650000000000;
202511;1482;1990002056;CAIXA;35966.110000000000000;
202511;1541;1986000656;COTAS;4185906.001944000000000;
202511;1523;1998004465;COTAS;8744479.051047000000000;15154481000167
202511;1585;2006000911;COTAS;24281032.607261000000000;
202511;1403;2016000619;COTAS;4038639.168994000000000;
202511;1482;2000004083;COTAS;3689373.093645000000000;32273485000183
202511;1585;2006000911;COTAS;12782271.809057000000000;
202511;1523;1998004465;OPERACAO_PARTICIPANTE;170880004.030000000000000;
202511;1482;2022000129;VL_PG_RC;2455.110000000000000;
202511;1599;1979001219;COTAS;105575338.353502000000000;35726949000158
202511;1674;2015000356;COTAS;1273061.434634000000000;
202511;1511;1988002419;COTAS;32448890.260008000000000;03168115000188
202511;1482;1993001956;CAIXA;789321.670000000000000;
202511;1599;2024000592;CAIXA;110.550000000000000;
202511;1482;2000007211;COTAS;66654325.345907000000000;
202511;1482;1995000418;VL_PG_RC;998.710000000000000;
202511;1523;2006003674;COTAS;73875.474282000000000;
202511;1482;2001001665;VL_PG_RC;1122.380000000000000;
202511;1482;1996003811;VL_PG_RC;-7082.310000000000000;
202511;1482;2004001518;VL_PG_RC;-44756.260000000000000;
202511;1523;1977000274;ACOES;1946517688.480000000000000;
202511;1359;1991002165;COTAS;1518845.931788000000000;
202511;1482;2004000538;VL_PG_RC;-9781.480000000000000;
202511;1482;1997000938;VL_PG_RC;-6.300000000000000;
202511;1434;2000006965;COTAS;7166249.560259000000000;
202511;1403;2016000619;TIT_PUB;97646366.610000000000000;
202511;1482;2004001518;TIT_PUB;82681906.450000000000000;
202511;1482;1993001565;COTAS;4628429.628964000000000;
202511;1239;2018000918;COTAS;19907619.375649000000000;17518976000153
202511;1434;2009003292;CAIXA;97082.010000000000000;
202511;1239;2019002965;VL_PG_RC;-38.600000000000000;
202511;1674;2015000356;COTAS;6223737.005608000000000;
202511;1541;1986000656;VL_PG_RC;592780.870000000000000;
202511;1434;1980002347;COTAS;3486474.936090000000000;04495282000104
202511;1359;1991002238;COTAS;2863574.936353000000000;
202511;1242;1985001683;COTAS;421668.600000000000000;
202511;1482;2005004383;COTAS;139624405.628111000000000;
202511;1242;1985001683;COTAS;558473.360000000000000;
202511;1523;2006003674;COTAS;2100284.344787000000000;03191766000199
202511;1482;1995000256;VL_PG_RC;883.430000000000000;
202511;1674;2015000356;COTAS;30727256.963760000000000;
202511;1523;1977000274;COTAS;145877713.499996000000000;
202511;1585;2006000911;CAIXA;944047.130000000000000;
202511;1381;1980002411;IMOVEIS;98881050.000000000000000;
202511;1242;1985001683;COTAS;59292798.213576000000000;
202511;1482;1997001683;COTAS;204442.592995000000000;
202511;1523;1977000274;COTAS;13049372.500000000000000;
202511;1482;1998003418;VL_PG_RC;-964.420000000000000;
202511;1434;1980002347;COTAS;2280966.347559000000000;41799499000126
202511;1242;1985001683;COTAS;10103706.675841000000000;
202511;1242;1985001683;COTAS;7748020.291632000000000;
202511;1599;9970000000;CAIXA;116.570000000000000;
202511;1523;2006003674;COTAS;4144036451.421352000000000;24651208000139
202511;1523;1977000274;COTAS;24749.093900000000000;
202511;1674;2015000356;COTAS;1459155.252490000000000;
202511;1523;1977000274;COTAS;33418656.640623000000000;
202511;1434;1985000474;TIT_PUB;462763313.470000000000000;
202511;1537;1988000165;OPERACAO_PARTICIPANTE;0.000000000000000;
202511;1674;2015000356;COTAS;1482267.062323000000000;
202511;1537;1988000165;TIT_PUB;41785007.070000000000000;
202511;1523;1998004465;COTAS;166457190.477924000000000;49382099000122
202511;1381;2006005138;OPERACAO_PARTICIPANTE;3373225.990000000000000;
202511;1482;1998004392;COTAS;88220938.616667000000000;
202511;1482;2005006092;COTAS;45599564.820144000000000;
202511;1674;2015000356;COTAS;2845634.380486000000000;
202511;1585;2006000911;COTAS;3384400.377218000000000;
202511;1434;2009003292;COTAS;1590453.094379000000000;
202511;1242;1985001683;VL_PG_RC;489362.830000000000000;
202511;1674;2016000783;COTAS;101540.657923000000000;
202511;1599;2001002483;COTAS;197725916.415657000000000;26179544000156
202511;1482;2008001156;COTAS;50840081.998452000000000;
202511;1661;9970000000;COTAS;354285.200016000000000;
202511;1482;1995001856;VL_PG_RC;-15.020000000000000;
202511;1482;2006003038;VL_PG_RC;-6793.070000000000000;
202511;1482;1995002429;VL_PG_RC;-0.390000000000000;
202511;1523;9970000000;COTAS;277324.445129000000000;49534273000105
202511;1482;1998005747;COTAS;64307923.016868000000000;
202511;1612;2022002229;CAIXA;7013618.350000000000000;
202511;1242;2021001792;CAIXA;620637.810000000000000;
202511;1256;2009001265;VL_PG_RC;-49248.670000000000000;
202511;1537;1980001774;TIT_PUB;216788026.330000000000000;
202511;1256;9970000000;CAIXA;105290.550000000000000;
202511;1482;2008001318;CAIXA;0.000000000000000;
202511;1657;1987001338;CAIXA;2280.860000000000000;
202511;1434;2015000747;TIT_PUB;5639042.730000000000000;
202511;1381;9970000000;COTAS;20561053.229779000000000;
202511;1674;1989002056;COTAS;322049.483811000000000;
202511;1403;2008004783;COTAS;5182621.994254000000000;
202511;1434;1996002211;COTAS;17010388.525991000000000;
202511;1537;1988000165;COTAS;48128585.603812000000000;
202511;1482;1999001419;CAIXA;0.000000000000000;
202511;1523;1998004465;COTAS;72167440.990519000000000;60094635000127
202511;1482;2008002438;VL_PG_RC;238.690000000000000;
202511;1541;1986000656;COTAS;1416822.737683000000000;
202511;1482;2009001011;COTAS;70070922.023704000000000;
202511;1554;1978000456;COTAS;142317.341936000000000;
202511;1403;2016000619;COTAS;3163627.755461000000000;
202511;1482;2010001729;COTAS;29236238.767042000000000;
202511;1541;1986000656;COTAS;1753214.673961000000000;
202511;1482;1996003811;TIT_PUB;8316762.350000000000000;
202511;1674;2016000783;COTAS;951400.502530000000000;
202511;1482;2000007211;COTAS;7653.473499000000000;
202511;1482;1997000938;COTAS;13952.917605000000000;
202511;1403;2016000619;IMOVEIS;818005.270000000000000;
202511;1541;9970000000;VL_PG_RC;0.010000000000000;
202511;1434;2000006965;TIT_PUB;363435244.340000000000000;
202511;1451;1979001618;CAIXA;12155.090000000000000;
202511;1482;2011002011;COTAS;4121086.315844000000000;
202511;1482;2001000383;COTAS;38117650.769791000000000;
202511;1674;2014000492;COTAS;1962047.584832000000000;
202511;1554;1978000456;IMOVEIS;20219211.200000000000000;
202511;1674;2014000492;COTAS;301730.398200000000000;
202511;1434;2005005029;COTAS;12114309.391363000000000;
202511;1482;2001001665;CAIXA;0.000000000000000;
202511;1434;2015000747;COTAS;2119327.778836000000000;
202511;1674;2015000356;COTAS;251227.874619000000000;
202511;1273;9970000000;COTAS;32233755.230683000000000;
202511;1482;2010003829;VL_PG_RC;-9096.650000000000000;
202511;1554;1978000456;TIT_PRIV;1555514.900000000000000;
202511;1674;1989002056;COTAS;2747787.244421000000000;
202511;1554;1978000456;VL_PG_RC;-167840.690000000000000;
202511;1523;1998004465;COTAS;7272474.465868000000000;63423574000192
202511;1571;1996000365;COTAS;2286066370.961469000000000;
202511;1674;1989002056;COTAS;1455444.119095000000000;
202511;1482;2011002011;COTAS;5608.169800000000000;
202511;1451;1979001618;COTAS;417555955.600178000000000;35491278000193
202511;1482;2022000056;OPERACAO_PARTICIPANTE;26646.370000000000000;
202511;1674;1989002056;COTAS;385400.579792000000000;
202511;1451;9970000000;CAIXA;17637.400000000000000;
202511;1674;2014000492;COTAS;518181.393824000000000;
202511;1482;2005001074;TIT_PUB;52344869.870000000000000;
202511;1482;1997001683;COTAS;2025876.123200000000000;
202511;1482;2022000129;CAIXA;0.000000000000000;
202511;1403;9970000000;COTAS;529262.454267000000000;
202511;1511;9970000000;CAIXA;85519.200000000000000;
202511;1451;9970000000;COTAS;12374816.774799000000000;35491278000193
202511;1434;9970000000;VL_PG_RC;126296.170000000000000;
202511;1523;2006003674;COTAS;124479.823329000000000;
202511;1523;1977000274;CAIXA;3421636.090000000000000;
202511;1482;2011001129;COTAS;50154554.918306000000000;
202511;1674;2014000492;COTAS;765559.643376000000000;
202511;1482;2020000938;CAIXA;0.000000000000000;
202511;1314;2005000965;COTAS;616089477.242897000000000;20077406000180
202511;1674;2015000356;COTAS;3373909.390031000000000;
202511;1674;2016000783;COTAS;1831699.793163000000000;
202511;1674;2019001918;COTAS;13131272.709158000000000;
202511;1523;2006003674;COTAS;179097.127470000000000;
202511;1571;1996000365;COTAS;308386072.788822000000000;
202511;1674;2016000783;COTAS;435275.580634000000000;
202511;1585;2006000911;COTAS;49780035.484386000000000;09521007000123
202511;1674;2015000356;COTAS;128877.001993000000000;
202511;1585;2006000911;COTAS;12879595.381045000000000;
202511;1674;2016000783;COTAS;4275.511055000000000;
202511;1479;1997002711;COTAS;491384705.931883000000000;32320637000151
202511;1674;2016000783;COTAS;1050234.322081000000000;
202511;1674;2016000783;COTAS;1957345.170058000000000;
202511;1585;2006000911;COTAS;66112558.381465000000000;51564188000131
202511;1482;2021003256;COTAS;1607521.755052000000000;
202511;1482;2000007211;COTAS;30221181.202955000000000;
202511;1674;2019001918;COTAS;2037607.766133000000000;
202511;1359;1991002165;COTAS;3852079.042405000000000;
202511;1674;2019001918;COTAS;20297.503165000000000;
202511;1523;2006003674;COTAS;2121872.131387000000000;12547115000180
202511;1674;2019001918;CAIXA;11797.200000000000000;
202511;1479;1997002711;COTAS;1457967255.280827000000000;37037679000101
202511;1674;2019001918;COTAS;591499.822397000000000;
202511;1674;2019001918;COTAS;638039.556587000000000;
202511;1523;1977000274;COTAS;-3827273.245711000000000;
202511;1674;1989002056;COTAS;944938.770523000000000;
202511;1674;2019001918;COTAS;8716614.149880000000000;
202511;1674;1989002056;COTAS;223829.391135000000000;
202511;1674;2019001918;COTAS;867575.363778000000000;
202511;1674;2019001918;COTAS;641737.532824000000000;
202511;1674;1989002056;COTAS;32148.667714000000000;
202511;1479;1997002711;COTAS;75272882.729084000000000;51918188000192
202511;1674;2019001918;COTAS;3833637.881885000000000;
202511;1688;2021001865;CAIXA;48.760000000000000;
202511;1359;1991002165;OPERACAO_PARTICIPANTE;1375296.650000000000000;
202511;1674;2014000492;COTAS;3648855.430187000000000;
202511;1482;2001000383;COTAS;5424701.174565000000000;
202511;1479;1997002711;COTAS;26744509.536824000000000;52324000000140
202511;1523;1977000274;COTAS;-1218251.255359000000000;
202511;1482;2022000056;CAIXA;0.000000000000000;
202511;1523;2006003674;COTAS;201952089.353721000000000;53245893000100
202511;1523;2006003674;COTAS;266801387.073327000000000;57752951000134
202511;1482;2005004383;CAIXA;0.000000000000000;
202511;1523;2006003674;COTAS;103623367.106798000000000;62698192000109
202511;1674;9970000000;VL_PG_RC;-197.820000000000000;
202511;1674;2019001918;TIT_PUB;2226744.500000000000000;
202511;1523;9970000000;COTAS;96566.816931000000000;50190791000138
202511;1688;2021000419;VL_PG_RC;-9723.130000000000000;
202511;1482;2010001729;VL_PG_RC;-10135.970000000000000;
202511;1482;2022000056;COTAS;3425021.678609000000000;
202511;1688;1979002274;TIT_PRIV;8965522.470000000000000;
202511;1506;1979001383;ACOES;8754.860000000000000;
202511;1537;1980001774;COTAS;11339941.258827000000000;
202511;1715;1979000174;COTAS;3154939.921275000000000;
202511;1506;1979001383;CAIXA;0.000000000000000;
202511;1715;1979000174;COTAS;5104360.257626000000000;
202511;1537;1988000165;COTAS;26996684.104580000000000;
202511;1506;9970000000;CAIXA;8888.630000000000000;
202511;1715;2008004619;COTAS;4039570.969890000000000;
202511;1523;1977000274;COTAS;16263219.584615000000000;
202511;1715;2008004619;COTAS;30355057.641393000000000;
202511;1523;1977000274;COTAS;724248.907926000000000;17098803000123
202511;1523;1998004465;COTAS;14688.319093000000000;
202511;1715;2008004619;COTAS;7142275.039535000000000;
202511;1523;1998004465;COTAS;48877.857735000000000;
202511;1523;1998004465;COTAS;2274053.493198000000000;
202511;1541;1986000656;COTAS;5698810.761591000000000;
202511;1523;1998004465;COTAS;957989116.933459000000000;24651157000145
202511;1701;1999000838;COTAS;23738083.364750000000000;
202511;1674;2015000356;COTAS;7433733.300000000000000;
202511;1541;1986000656;COTAS;6439331.671137000000000;
202511;1359;1991002238;COTAS;94199396.845933000000000;
202511;1523;1998004465;COTAS;159715917.288714000000000;27455174000103
202511;1715;2008004619;TIT_PUB;511496273.690000000000000;
202511;1523;1977000274;COTAS;331091961.907144000000000;16916048000184
202511;1359;1991002238;VL_PG_RC;-111003.650000000000000;
202511;1451;1979001618;COTAS;14702110.377557000000000;
202511;1359;9970000000;CAIXA;49092.370000000000000;
202511;1479;1997002711;COTAS;179186165.044725000000000;60778282000184
202511;1434;2000006965;COTAS;7.811262000000000;
202511;1674;2019001918;VL_PG_RC;274183.180000000000000;
202511;1434;2000006965;COTAS;31726850.705237000000000;
202511;1482;2001000383;COTAS;1333664.144095000000000;
202511;1434;2005005029;COTAS;62255166.131604000000000;
202511;1523;1998004465;COTAS;18241940.349288000000000;28586408000106
202511;1523;1998004465;COTAS;6524407.802318000000000;49599183000100
202511;1479;1997002711;CAIXA;356514.750000000000000;
202511;1701;1999000838;COTAS;9871332.733056000000000;
202511;1479;1997002892;COTAS;25430417.002500000000000;52170037000161
202511;1482;2010002938;VL_PG_RC;732.910000000000000;
202511;1434;2005005029;COTAS;56801245.660782000000000;33624828000170
202511;1554;1978000456;CAIXA;185525.850000000000000;
202511;1701;1999000838;TIT_PUB;2985272.230000000000000;
202511;1479;1997002892;COTAS;46029602.257664000000000;17138135000110
202511;1482;2003001174;COTAS;1869489.738393000000000;31032327000179
202511;1674;2015000356;COTAS;56450360.901708000000000;
202511;1479;1997002711;COTAS;10293020.212763000000000;
202511;1715;1979000174;VL_PG_RC;-7054011.780000000000000;
202511;1715;2008004619;COTAS;25048768.787897000000000;
202511;1585;2006000911;OPERACAO_PARTICIPANTE;11702116.130541086200000;
202511;1674;2016000783;COTAS;3781766.028938000000000;
202511;1479;1997002892;CAIXA;350652.300000000000000;
202511;1715;2008004619;COTAS;4868172.640243000000000;
202511;1479;1997002892;COTAS;1335154407.510865000000000;37037679000101
202511;1482;2010003111;VL_PG_RC;-19611.640000000000000;
202511;1674;2016000783;COTAS;97523.572525000000000;
202511;1482;2003001174;VL_PG_RC;181231.600000000000000;
202511;1523;2006003674;COTAS;-548909.763161000000000;
202511;1571;1980001383;CAIXA;2803.780000000000000;
202511;1451;1979001618;VL_PG_RC;1021151.450000000000000;
202511;1729;1990001092;COTAS;1346968.021061000000000;
202511;1674;2016000783;COTAS;99506.773461000000000;
202511;1571;1980001383;COTAS;333116177.380961000000000;12610779000146
202511;1715;9970000000;CAIXA;109404.170000000000000;
202511;1715;2008004619;COTAS;22016154.504085000000000;
202511;1523;2006003674;COTAS;7295018.945590000000000;
202511;1482;1979005411;CAIXA;4338.740000000000000;
202511;1523;2006003674;COTAS;110391107.946346000000000;28586408000106
202511;1585;2006000911;TIT_PUB;46677038.190000000000000;
202511;1715;9970000000;COTAS;2273978.959115000000000;
202511;1585;2006000911;COTAS;25582782.864242000000000;
202511;1674;2016000783;COTAS;395712.199731000000000;
202511;1482;2005001074;VL_PG_RC;-26683.340000000000000;
202511;1482;1985000547;VL_PG_RC;-94.950000000000000;
202511;1674;2016000783;TIT_PUB;523939.890000000000000;
202511;1479;1997002892;VL_PG_RC;13428191.840000000000000;
202511;1715;2008004619;COTAS;62866516.184331000000000;
202511;1523;1998004465;COTAS;3357165.972725000000000;60184714000129
202511;1715;2008004619;OPERACAO_PARTICIPANTE;68617435.436914159900000;
202511;1482;2005004138;COTAS;70598693.353924000000000;
202511;1523;2006003674;COTAS;19107.765407000000000;
202511;1482;2005004456;VL_PG_RC;383.480000000000000;
202511;1729;1990001092;TIT_PUB;843769581.340000000000000;
202511;1715;9970000000;COTAS;2311949.672370000000000;
202511;1715;9970000000;COTAS;9552878.206217000000000;
202511;1479;2012000738;CAIXA;19200.100000000000000;
202511;1715;9970000000;COTAS;2360539.616949000000000;
202511;1482;1987001811;COTAS;5308793.761204000000000;
202511;1585;2006000911;COTAS;23875811.271906000000000;
202511;1688;1979002274;COTAS;200727376.002557000000000;06041391000179
202511;1482;1988002338;TIT_PUB;19176365.030000000000000;
202511;1482;2005005665;VL_PG_RC;-14368.300000000000000;
202511;1479;1997002711;COTAS;2400592.516474000000000;
202511;1381;9970000000;CAIXA;44860.150000000000000;
202511;1403;1981000747;TIT_PRIV;1162303.850000000000000;
202511;1523;9970000000;COTAS;56397965.687606000000000;16916048000184
202511;1729;9970000000;COTAS;500024.188353000000000;
202511;1482;1989001238;CAIXA;6263.830000000000000;
202511;1482;2006003038;CAIXA;0.000000000000000;
202511;1746;1982003065;COTAS;46095152.005345000000000;
202511;1523;2006003674;COTAS;1896797351.395418000000000;03524814000113
202511;1554;1978000456;COTAS;43988257.066024000000000;
202511;1674;2019001918;COTAS;3205688.705115000000000;
202511;1715;9970000000;COTAS;943549.478747000000000;
202511;1554;9970000000;CAIXA;17313.180000000000000;
202511;1523;2006003674;COTAS;17221697044.578886000000000;14120568000150
202511;1715;1979000174;ACOES;7805235.630000000000000;
202511;1715;1979000174;COTAS;4180619.210664000000000;
202511;1482;2007002711;VL_PG_RC;-8098.780000000000000;
202511;1763;9970000000;COTAS;1840813.823913000000000;
202511;1571;1980001383;COTAS;115063777.072355000000000;
202511;1479;2012000738;COTAS;12284534.529782000000000;17138135000110
202511;1482;1991001118;VL_PG_RC;-0.010000000000000;
202511;1571;9970000000;COTAS;340056483.228695000000000;
202511;1482;1991001347;TIT_PUB;28523782.960000000000000;
202511;1781;1980000174;COTAS;68630533.380000000000000;
202511;1479;2012000738;COTAS;6933817.520834000000000;60778282000184
202511;1732;1985001111;VL_PG_RC;1214.610000000000000;
202511;1479;2012000738;VL_PG_RC;-1000.110000000000000;
202511;1781;1980000174;TIT_PRIV;305441758.410000000000000;
202511;1482;1979005411;COTAS;363178.296695000000000;
202511;1585;2006000911;COTAS;22551962.333600000000000;
202511;1482;1983000329;COTAS;23157345.826099000000000;
202511;1585;2006000911;COTAS;39558472.759700000000000;
202511;1482;2008000265;COTAS;24226839.071913000000000;
202511;1482;2011000238;CAIXA;0.000000000000000;
202511;1732;9970000000;CAIXA;1155.750000000000000;
202511;1482;1993001565;COTAS;1435158.710027000000000;
202511;1479;1997002711;VL_PG_RC;784454.720000000000000;
202511;1715;1979000174;COTAS;13991294.734215000000000;
202511;1746;1982003065;VL_PG_RC;-13988865.860000000000000;
202511;1482;1995000256;TIT_PUB;4168629.880000000000000;
202511;1482;1985000547;CAIXA;2002424.730000000000000;
202511;1585;2006000911;COTAS;4554941.391371000000000;
202511;1585;2006000911;COTAS;34577387.694552000000000;19091575000195
202511;1715;1979000174;COTAS;415493.605645000000000;
202511;1585;2006000911;COTAS;143079394.533521000000000;
202511;1746;9970000000;VL_PG_RC;0.000000000000000;
202511;1482;2011000483;COTAS;2084967.890143000000000;32273402000156
202511;1729;1990001092;COTAS;127807888.200116000000000;19821512000147
202511;1523;1977000274;COTAS;2516407.281811000000000;
202511;1763;1990000819;COTAS;3451993.158335000000000;
202511;1612;2022002229;COTAS;1598129276.383037000000000;18000683000142
202511;1523;9970000000;COTAS;9765806.540225000000000;52982641000192
202511;1612;2022002229;COTAS;429265039.269171000000000;51992822000137
202511;1537;1980001774;COTAS;16165677.594859000000000;
202511;1585;2006000911;COTAS;25755542.132430000000000;17453712000169
202511;1781;1998003574;COTAS;2306491685.342538000000000;49766712000105
202511;1715;2008004619;COTAS;33158552.973232000000000;
202511;1715;1979000174;COTAS;46568118.957833000000000;
202511;1661;1990001718;COTAS;8002338.716199000000000;
202511;1763;1990000819;COTAS;10362692.217240000000000;
202511;1523;1977000274;COTAS;2681314.041501000000000;
202511;1482;2008000265;COTAS;36501428.451883000000000;
202511;1482;1987001419;COTAS;70483313.456296000000000;
202511;1537;1980001774;COTAS;53775982.695952000000000;
202511;1479;1997002892;COTAS;6175812.120000000000000;
202511;1523;1977000274;COTAS;65946794.217549000000000;53245893000100
202511;1763;1990000819;COTAS;18380148.588136000000000;
202511;1715;9970000000;COTAS;180565.243493000000000;
202511;1674;1989002056;CAIXA;13929.690000000000000;
202511;1763;1990000819;TIT_PUB;77736567.210000000000000;
202511;1585;2006000911;VL_PG_RC;-268089.280000000000000;
202511;1403;2016000619;COTAS;6268176.533298000000000;
202511;1479;1997002892;COTAS;3849413485.361061000000000;05983533000154
202511;1781;1980000174;COTAS;143646847053.425021000000000;00822055000187
202511;1599;1979001219;COTAS;72370339.364386000000000;58037777000100
202511;1479;2012000738;COTAS;41172.080800000000000;
202511;1482;1995000418;COTAS;3313.701510000000000;
202511;1781;1998003574;COTAS;59937852.671386000000000;48400668000152
202511;1599;1979001219;COTAS;41168087.135413000000000;36440234000105
202511;1674;2014000492;COTAS;9633749.023222000000000;
202511;1781;2019002711;COTAS;3811315.942380000000000;49766087000100
202511;1715;9970000000;COTAS;4938858.437648000000000;
202511;1482;1996002538;COTAS;4781865.485314000000000;
202511;1403;2016000619;TIT_PRIV;27785752.550000000000000;
202511;1781;2019002711;OP_COMP;688840.380000000000000;
202511;1781;9970000000;CAIXA;256976.210000000000000;
202511;1599;1979001219;IMOVEIS;6476326.490000000000000;
202511;1523;1998004465;COTAS;9159243.659012000000000;15154356000157
202511;1763;1990000819;COTAS;4331406.477216000000000;
202511;1482;2011000483;VL_PG_RC;-54781.580000000000000;
202511;1523;1998004465;COTAS;2296149.457839000000000;16877602000161
202511;1482;2013001819;VL_PG_RC;785.940000000000000;
202511;1482;1996003811;CAIXA;0.000000000000000;
202511;1482;2020000938;COTAS;25614722.490123000000000;
202511;1479;2012000738;COTAS;38987746.787479000000000;37037679000101
202511;1612;2022002229;VL_PG_RC;-25136.690000000000000;
202511;1794;1981001956;VL_PG_RC;4857786.390000000000000;
202511;1657;1987001338;COTAS;4510451.117449000000000;
202511;1523;1998004465;COTAS;11095809.566815000000000;22791114000130
202511;1763;9970000000;CAIXA;7148.740000000000000;
202511;1804;1988001838;VL_PG_RC;-161429.020000000000000;
202511;1674;2014000492;COTAS;17872399.885365000000000;
202511;1781;9970000000;COTAS;2563553.142706000000000;
202511;1657;1987001338;VL_PG_RC;-22558.500000000000000;
202511;1852;1985001047;COTAS;2387914094.136953000000000;58332017000126
202511;1729;9970000000;CAIXA;152016.130000000000000;
202511;1482;1996003811;COTAS;1093016.100890000000000;
202511;1746;9970000000;CAIXA;2398.500000000000000;
202511;1482;1990001947;COTAS;16963795.123877000000000;
202511;1537;1988000165;COTAS;12857644.991486000000000;
202511;1523;1998004465;COTAS;131324867.720843000000000;50866507000109
202511;1541;9970000000;COTAS;17248459.109394000000000;
202511;1661;1990001718;CAIXA;11880684.820000000000000;
202511;1852;1985001047;COTAS;295969002.340000000000000;58899415000129
202511;1883;2006003356;COTAS;89467270.445233000000000;
202511;1763;1990000819;VL_PG_RC;55047.050000000000000;
202511;1523;1998004465;COTAS;11890717.467531000000000;63445061000182
202511;1715;9970000000;COTAS;1374369.734011000000000;
202511;1661;1990001718;COTAS;12657.486367000000000;
202511;1715;9970000000;COTAS;2022739.954218000000000;
202511;1482;2022000056;VL_PG_RC;1634.220000000000000;
202511;1674;1989002056;COTAS;359758.413189000000000;
202511;1482;1991001118;COTAS;1219.987598000000000;
202511;1883;2006003356;COTAS;11958595.261379000000000;
202511;1482;1993001565;CAIXA;510064.170000000000000;
202511;1911;1997003211;COTAS;334597.601929000000000;
202511;1781;1998003574;COTAS;6676000041.527186000000000;49766541000114
202511;1781;1998003574;VL_PG_RC;148202.160000000000000;
202511;1781;2019002711;COTAS;41056292.659895000000000;19294570000160
202511;1482;2023001374;COTAS;13829699.931462000000000;
202511;1674;2014000492;COTAS;771622.074636000000000;
202511;1479;9970000000;COTAS;28146993.713031000000000;37037679000101
202511;1585;2006000911;COTAS;78883447.307352000000000;41054683000147
202511;1911;1997003211;COTAS;8831714.250000000000000;57235960000158
202511;1599;2001002483;COTAS;27175625.219606000000000;35726949000158
202511;1523;1998004465;TIT_PRIV;3649710.750000000000000;
202511;1612;2022002229;COTAS;42814217.709286000000000;63114418000140
202511;1661;9970000000;VL_PG_RC;0.000000000000000;
202511;1482;1993002911;VL_PG_RC;-17902.960000000000000;
202511;1482;1982000929;COTAS;126044.800156000000000;
202511;1523;1977000274;COTAS;1097559.103903000000000;
202511;1482;1998003892;VL_PG_RC;-12686.020000000000000;
202511;1781;2019002711;COTAS;28713370.118696000000000;49766905000166
202511;1523;1977000274;COTAS;46474121.418046000000000;
202511;1804;1988001838;COTAS;65631390.211847000000000;
202511;1523;1977000274;COTAS;5887139.567012000000000;12547115000180
202511;1883;2006003356;COTAS;71071194.973994000000000;
202511;1434;1986000192;TIT_PUB;184730031.180000000000000;
202511;1911;2000006183;COTAS;3718440.483232000000000;
202511;1911;1992001618;COTAS;414594.211881000000000;25401546000185
202511;1911;2000006183;COTAS;53259400.470401000000000;52277799000161
202511;1674;1989002056;COTAS;90265.802529000000000;
202511;1804;9970000000;VL_PG_RC;0.000000000000000;
202511;1674;1989002056;COTAS;170196.730590000000000;
202511;1911;1999002156;COTAS;1435481.659143000000000;36521640000194
202511;1674;2015000356;COTAS;2510666.975276000000000;
202511;1482;1998005747;COTAS;2383824.891458000000000;
202511;1523;2006003674;COTAS;851172.796724000000000;04714699000102
202511;1781;9970000000;COTAS;27496982.414556000000000;49766712000105
202511;1674;2014000492;COTAS;1200708.349004000000000;
202511;1657;9970000000;VL_PG_RC;0.000000000000000;
202511;1482;1993003983;CAIXA;0.000000000000000;
202511;1818;9970000000;VL_PG_RC;0.000000000000000;
202511;1674;2015000356;COTAS;6313495.261349000000000;
202511;1674;1989002056;COTAS;93510.000000000000000;
202511;1523;2006003674;COTAS;120721278.540351000000000;28581662000111
202511;1674;2015000356;TIT_PUB;2685191.910000000000000;
202511;1674;1989002056;COTAS;376712.805610000000000;
202511;1821;9970000000;COTAS;4206099.632861000000000;
202511;1674;1989002056;COTAS;539692.147066000000000;
202511;1674;2014000492;COTAS;510936.515094000000000;
202511;1523;2006003674;COTAS;1795187687.984070000000000;50866507000109
202511;1674;2014000492;COTAS;3485360.098243000000000;
202511;1482;1999001419;COTAS;33599585.237627000000000;
202511;1794;1981001956;COTAS;50023005.848019000000000;
202511;1523;1977000274;COTAS;908744792.521006000000000;14120553000192
202511;1804;1988001838;COTAS;8112969.938636000000000;
202511;1523;1977000274;COTAS;3528879.313763000000000;16877602000161
202511;1715;9970000000;COTAS;2034571.126960000000000;
202511;1804;1988001838;COTAS;611263.527172000000000;
202511;1911;2005004847;COTAS;7468753.468907000000000;50069086000187
202511;1674;2015000356;COTAS;210121.852150000000000;
202511;1523;1977000274;COTAS;226818689.091801000000000;50198930000170
202511;1911;2009003365;COTAS;4158605.696977000000000;26304143000180
202511;1821;9970000000;VL_PG_RC;0.000000000000000;
202511;1911;1999002156;COTAS;29363803.157058000000000;50069086000187
202511;1482;1996000756;COTAS;279.608570000000000;
202511;1674;2015000356;COTAS;1467475.344914000000000;
202511;1804;9970000000;CAIXA;1287463.040000000000000;
202511;1674;2016000783;COTAS;891328.374269000000000;
202511;1818;2002000174;VL_PG_RC;0.000000000000000;
202511;1674;2016000783;COTAS;10339149.538791000000000;
202511;1911;2000006183;VL_PG_RC;-331391.260000000000000;
202511;1482;1996004956;VL_PG_RC;-5264.040000000000000;
202511;1523;2006003674;OPERACAO_PARTICIPANTE;2034465635.770000000000000;
202511;1674;1989002056;TIT_PRIV;231077.230000000000000;
202511;1883;1988001056;VL_PG_RC;-5707.530000000000000;
202511;1911;2005004847;COTAS;853534.800000000000000;57235960000158
202511;1674;2014000492;COTAS;12232598.016851000000000;
202511;1674;2016000783;COTAS;1381135.346897000000000;
202511;1482;1999001818;TIT_PUB;54259127.470000000000000;
202511;1852;9970000000;CAIXA;25692.140000000000000;
202511;1911;2009003365;COTAS;912808.050000000000000;57235960000158
202511;1674;2014000492;COTAS;5654127.729392000000000;
202511;1729;1990001092;COTAS;1409895323.742589000000000;
202511;1911;2009003365;COTAS;3583304.634759000000000;36521640000194
202511;1482;1998004392;VL_PG_RC;-41006.710000000000000;
202511;1674;2016000783;COTAS;185784.601523000000000;
202511;1674;2015000356;COTAS;1139983.089608000000000;
202511;1482;1982003138;VL_PG_RC;-3314.560000000000000;
202511;1523;1977000274;IMOVEIS;4925655568.290000000000000;
202511;1674;2016000783;COTAS;4529482.730819000000000;
202511;1911;2009003365;COTAS;10738328.768551000000000;50069086000187
202511;1911;2009003365;VL_PG_RC;-14284.510000000000000;
202511;1434;1997000474;COTAS;5656162.849928000000000;17285268000110
202511;1911;2013001274;COTAS;12845.195326000000000;54366569000102
202511;1482;1988002656;CAIXA;805456.710000000000000;
202511;1674;2016000783;COTAS;176048.599355000000000;
202511;1482;2000003192;COTAS;19924845.338030000000000;
202511;1674;2016000783;COTAS;1107441.245306000000000;
202511;1674;2015000356;VL_PG_RC;-31256.780000000000000;
202511;1674;2016000783;COTAS;70241.156167000000000;
202511;1883;2006003356;COTAS;179504752.518754000000000;
202511;1523;1998004465;COTAS;548411.792285000000000;
202511;1674;2016000783;COTAS;404218.848333000000000;
202511;1674;2019001918;COTAS;3829697.967280000000000;
202511;1729;1990001092;COTAS;46218244.246287000000000;
202511;1924;1989000274;VL_PG_RC;-2919648.340000000000000;
202511;1523;1998004465;COTAS;13204246.093456000000000;53245893000100
202511;1674;2019001918;COTAS;642265.240545000000000;
202511;1523;2006003674;COTAS;19644.500000000000000;
202511;1523;9970000000;COTAS;18213872.435776000000000;14387403000140
202511;1688;1979002274;CAIXA;72473.520000000000000;
202511;1911;2013001274;COTAS;566209.949276000000000;21791224000139
202511;1688;9970000000;CAIXA;16012.310000000000000;
202511;1911;9970000000;CAIXA;5424.280000000000000;
202511;1523;2006003674;COTAS;6439.186051000000000;
202511;1924;1989000347;COTAS;21054425.170000000000000;15060248000115
202511;1674;2016000783;COTAS;891557.132919000000000;
202511;1523;2006003674;COTAS;124902439.647373000000000;09606345000168
202511;1674;2016000783;COTAS;1382066.433644000000000;
202511;1523;2006003674;COTAS;4403127961.234994000000000;16916054000131
202511;1688;1979002274;COTAS;979887792.450967000000000;04786973000159
202511;1924;1989000347;VL_PG_RC;-11909.290000000000000;
202511;1523;2006003674;COTAS;1304441149.799070000000000;27455174000103
202511;1924;9970000000;COTAS;1709907.339999000000000;15060252000183
202511;1523;2006003674;COTAS;53749526.596864000000000;51891082000142
202511;1972;2005001783;COTAS;11507058.520565000000000;
202511;1688;9970000000;VL_PG_RC;-3067.630000000000000;
202511;1523;2006003674;COTAS;68246471.181770000000000;63423574000192
202511;1701;1999000838;COTAS;10091303.791094000000000;
202511;1523;9970000000;COTAS;16585290.677768000000000;16916054000131
202511;1972;2005001783;COTAS;7290773.379550000000000;
202511;1701;1999000838;COTAS;329141090.483154000000000;11960212000137
202511;1523;9970000000;COTAS;233335356.593624000000000;27455174000103
202511;1482;2000007211;OPERACAO_PARTICIPANTE;244763.060000000000000;
202511;1715;1979000174;CAIXA;61401.500000000000000;
202511;1715;2008004619;COTAS;18357901.714194000000000;
202511;1523;9970000000;COTAS;217467.573156000000000;51891082000142
202511;1482;1999000218;COTAS;11084612.564679000000000;
202511;1715;2008004619;COTAS;17952280.992430000000000;
202511;1482;2003001174;COTAS;25481723.513258000000000;
202511;1688;1979002274;COTAS;691584167.241329000000000;00856751000104
202511;1715;9970000000;COTAS;4140663.179678000000000;
202511;1732;1985001111;OPERACAO_PARTICIPANTE;276166.540902239400000;
202511;1482;2003001247;CAIXA;0.000000000000000;
202511;1554;9970000000;VL_PG_RC;-5832.310000000000000;
202511;1715;9970000000;COTAS;969365.738641000000000;
202511;1482;2004000538;OPERACAO_PARTICIPANTE;1924483.710000000000000;
202511;1972;2005001783;COTAS;69348602.044340000000000;36945569000177
202511;1972;9970000000;COTAS;7089041.238537000000000;04822511000140
202511;1688;1979002274;COTAS;1445959027.521598000000000;51531685000133
202511;1482;2000004083;OPERACAO_PARTICIPANTE;208451.940000000000000;
202511;1991;1980000565;COTAS;32059494.592404000000000;
202511;1482;2004001518;CAIXA;0.000000000000000;
202511;1746;1982003065;COTAS;2066413.234156000000000;
202511;1688;2021000419;COTAS;22563085.586881000000000;04786973000159
202511;1482;2000007211;COTAS;30583839.264387000000000;
202511;1482;2004003138;CAIXA;0.000000000000000;
202511;1746;1982003065;COTAS;480482.323616000000000;
202511;1991;1980000565;VL_PG_RC;-197624.040000000000000;
202511;1482;2004003138;COTAS;2501313.876203000000000;
202511;1991;2017000892;COTAS;9527209.548464000000000;
202511;1991;2017000892;COTAS;4817026.073551000000000;
202511;1781;1980000174;COTAS;25735958.800000000000000;
202511;1482;2005004456;COTAS;2201264.988950000000000;31032327000179
202511;2021;1979001138;CAIXA;2064.080000000000000;
202511;1482;2005005983;VL_PG_RC;997.990000000000000;
202511;1701;1999000838;VL_PG_RC;-84305.650000000000000;
202511;1482;2001000383;COTAS;9663433.290282000000000;
202511;1482;2011000238;COTAS;8568068.958563000000000;
202511;1701;9970000000;VL_PG_RC;-79.330000000000000;
202511;1482;2003000119;VL_PG_RC;-75182.180000000000000;
202511;1781;1980000174;COTAS;1519783904.200097000000000;35302796000111
202511;1715;1979000174;COTAS;9054845.884437000000000;
202511;1523;1977000274;COTAS;3493686.800000000000000;
202511;1482;2004000392;CAIXA;2862008.320000000000000;
202511;2066;1974000192;CAIXA;860897.280000000000000;
202511;2066;1974000192;COTAS;56709930.440292000000000;
202511;1482;2004003138;VL_PG_RC;-5703.370000000000000;
202511;1523;1977000274;COTAS;-427492.997184000000000;
202511;1781;1998003574;CAIXA;2647733.780000000000000;
202511;2066;1974000192;COTAS;65279872.345177000000000;
202511;2066;1974000192;COTAS;6739701.215785000000000;
202511;1781;1998003574;COTAS;970068895.191135000000000;48400629000155
202511;1781;2019002711;COTAS;9471739.474893000000000;48400629000155
202511;1482;1994000783;VL_PG_RC;999.400000000000000;
202511;1537;1980001774;CAIXA;34233.110000000000000;
202511;1482;2005001392;CAIXA;0.000000000000000;
202511;1674;2014000492;COTAS;7943733.616389000000000;
202511;2071;1986000583;COTAS;170501963.539885000000000;04885601000180
202511;1482;2005001392;COTAS;11492706.166247000000000;
202511;1434;2005005029;COTAS;125853304.447819000000000;05508422000196
202511;1818;2002000174;COTAS;903910288.220088000000000;02498096000195
202511;1482;1994004274;CAIXA;0.000000000000000;
202511;1883;1988001056;CAIXA;10450.290000000000000;
202511;1701;1999000838;COTAS;2459523.759570000000000;
202511;1571;1980001383;COTAS;33039334.624268000000000;
202511;1883;2006003356;COTAS;2208826.425852000000000;
202511;1674;2015000356;COTAS;1343946.434171000000000;
202511;1883;2006003356;COTAS;8238917.378362000000000;
202511;1537;1980001774;COTAS;156192.900908000000000;
202511;1537;1988000165;CAIXA;184341.770000000000000;
202511;1911;1992001618;COTAS;157390.725045000000000;36521640000194
202511;2071;1986000583;TIT_PUB;13184762.120000000000000;
202511;1911;1998005518;COTAS;23647834.870901000000000;36521640000194
202511;1715;1979000174;TIT_PUB;959320407.040000000000000;
202511;1701;9970000000;COTAS;1148406.281341000000000;11960212000137
202511;1482;1995000256;COTAS;309684.442972000000000;
202511;1523;1977000274;COTAS;23364533.789291000000000;
202511;1715;1979000174;COTAS;8200759.178367000000000;
202511;1523;1977000274;COTAS;279037243.220352000000000;04684251000193
202511;1911;1992001618;OPERACAO_PARTICIPANTE;57220.240000000000000;
202511;1482;1997002574;COTAS;10.734911000000000;
202511;1479;1997002711;COTAS;9184519.731663000000000;41570019000150
202511;1715;2008004619;COTAS;6712492.962924000000000;
202511;1911;1999002156;COTAS;2092125.445662000000000;
202511;1571;1996000365;COTAS;119793678.397194000000000;
202511;1924;1989000274;COTAS;150609588.024388000000000;15060252000183
202511;1911;1997003211;VL_PG_RC;-131116.020000000000000;
202511;1523;1977000274;COTAS;22866387.571372000000000;08070787000170
202511;1482;2005001392;VL_PG_RC;1300.610000000000000;
202511;1715;2008004619;COTAS;27732656.121944000000000;
202511;1541;1986000656;CAIXA;309095.690000000000000;
202511;1523;1998004465;COTAS;41700.800000000000000;
202511;1571;9970000000;CAIXA;145609.050000000000000;
202511;1541;1986000656;COTAS;4977285.251731000000000;
202511;1479;1997002711;COTAS;72357055.594363000000000;52152426000164
202511;2083;1973000156;COTAS;34105789.191613000000000;03519674000195
202511;1924;1989000274;COTAS;506296982.487154000000000;15102065000115
202511;1482;2005005983;COTAS;62700.777517000000000;
202511;1715;2008004619;COTAS;25537066.716376000000000;
202511;1541;1986000656;IMOVEIS;23093000.000000000000000;
202511;1482;1998004392;CAIXA;6652485.440000000000000;
202511;1883;2006003356;COTAS;4798340.503455000000000;
202511;1911;1998004147;TIT_PUB;9953187.210000000000000;
202511;1911;1998005518;TIT_PUB;236644804.560000000000000;
202511;1715;1979000174;COTAS;5241941.548593000000000;
202511;1479;1997002711;IMOVEIS;179269684.770000000000000;
202511;1924;1989000347;COTAS;2554351.979998000000000;
202511;1715;9970000000;COTAS;3631723.370254000000000;
202511;1729;1990001092;COTAS;131015538.893898000000000;
202511;1715;9970000000;COTAS;1472636.919722000000000;
202511;1479;2012000738;COTAS;136869.212494000000000;
202511;1715;9970000000;COTAS;535871.499885000000000;
202511;1924;2008003711;COTAS;13221400.680004000000000;
202511;1585;2006000911;COTAS;68295137.275093000000000;20214858000166
202511;1911;2006001411;COTAS;14059.556032000000000;
202511;1911;2000006183;COTAS;169488.372216000000000;
202511;1911;2006005847;COTAS;1173920.746757000000000;57235960000158
202511;1482;2005006092;COTAS;105810869.853414000000000;
202511;1729;1990001092;COTAS;71868232.347686000000000;
202511;1482;2000003192;CAIXA;0.000000000000000;
202511;1523;1998004465;COTAS;1011.977916000000000;
202511;2083;1973000156;VL_PG_RC;135726219.150000000000000;
202511;1732;1985001111;COTAS;152007754.670001000000000;
202511;1715;9970000000;TIT_PUB;30609159.530000000000000;
202511;1729;1990001092;COTAS;7951.221677000000000;
202511;1924;9970000000;COTAS;187466.839724000000000;
202511;1746;1982003065;COTAS;14438965.985561000000000;
202511;1911;1994001992;COTAS;237093.000000000000000;57235960000158
202511;1969;1981000356;COTAS;204872.953461000000000;
202511;2083;1999005211;COTAS;384226766.292524000000000;16569908000150
202511;1715;2008004619;COTAS;837110.808623000000000;
202511;1482;2008000265;COTAS;34634021.657558000000000;
202511;1715;2008004619;COTAS;22823926.002563000000000;
202511;1674;2016000783;COTAS;6784550.825669000000000;
202511;1715;2008004619;COTAS;17738572.793510000000000;
202511;1911;2000006183;COTAS;75348029.222916000000000;
202511;1763;1990000819;COTAS;15897715.999945000000000;
202511;1674;2019001918;COTAS;21903594.809342000000000;
202511;1599;2024000592;COTAS;889916.833416000000000;
202511;2083;1999005211;COTAS;1632652331.489928000000000;60286869000176
202511;1911;2006005847;VL_PG_RC;-32508.580000000000000;
202511;1482;2001000138;CAIXA;0.000000000000000;
202511;1911;1997003211;TIT_PUB;38699972.280000000000000;
202511;1482;2008000265;COTAS;4806983.908544000000000;
202511;1763;9970000000;VL_PG_RC;-84.260000000000000;
202511;1781;1998003574;COTAS;3470880858.097757000000000;61836671000181
202511;1612;9970000000;COTAS;1454225.178310000000000;
202511;2083;2000008283;COTAS;228227075.929286000000000;60289800000104
202511;1612;9970000000;VL_PG_RC;-1328.030000000000000;
202511;1972;2005001783;COTAS;4311430.002253000000000;
202511;1781;1998003574;OPERACAO_PARTICIPANTE;4172054580.570000000000000;
202511;1674;2019001918;COTAS;247691.306835000000000;
202511;1482;2008002438;COTAS;13569066.819758000000000;
202511;2083;2000008283;TIT_PUB;326540787.390000000000000;
202511;1482;2009001011;VL_PG_RC;1308.780000000000000;
202511;1715;9970000000;COTAS;1404337.061307000000000;
202511;1523;1998004465;COTAS;332239176.431716000000000;16916054000131
202511;1911;2005004847;COTAS;926459.702819000000000;
202511;1911;2007001292;COTAS;1593887.819864000000000;25401546000185
202511;1729;1990001092;VL_PG_RC;-61894.000000000000000;
202511;2083;2011002265;TIT_PUB;1545605.970000000000000;
202511;1972;2005001783;COTAS;16537467.442088000000000;
202511;1479;2012000738;COTAS;837577.992087000000000;42449329000184
202511;1482;2013001029;CAIXA;0.000000000000000;
202511;1781;1980000174;COTAS;13203869.040000000000000;
202511;1523;1998004465;COTAS;6889161.265646000000000;50198930000170
202511;1661;1990001718;COTAS;898441.031451000000000;
202511;1781;2019002711;CAIXA;1405237.340000000000000;
202511;1482;1982000465;VL_PG_RC;-242.840000000000000;
202511;1482;2001000383;CAIXA;0.000000000000000;
202511;1781;2019002711;COTAS;62388594.537932000000000;49766712000105
202511;2083;2019002329;COTAS;164024929.089915000000000;05170419000105
202511;1781;1904000118;CAIXA;293441.810000000000000;
202511;1482;2001000383;COTAS;11134619.491980000000000;
202511;2083;2020000229;COTAS;11270995.550673000000000;03573959000104
202511;1482;2021003256;CAIXA;0.000000000000000;
202511;1911;2005004847;COTAS;2683565.480074000000000;52277799000161
202511;1541;1986000656;TIT_PUB;349194394.770000000000000;
202511;1688;2021000338;COTAS;5028559.760475000000000;04786973000159
202511;1911;2007001292;COTAS;704063.841723000000000;57235960000158
202511;1781;1980000174;COTAS;30581370.600000000000000;
202511;1883;2006003356;COTAS;29357742.208434000000000;
202511;1911;1998005518;COTAS;3142391.436052000000000;
202511;1911;1992001618;COTAS;47418.600000000000000;57235960000158
202511;1541;9970000000;COTAS;228757.251107000000000;
202511;2083;2020000229;VL_PG_RC;-18801.940000000000000;
202511;1674;1989002056;COTAS;116812.946700000000000;
202511;1571;1996000365;CAIXA;246495.390000000000000;
202511;1688;2021001865;VL_PG_RC;-2746.010000000000000;
202511;1911;1998005518;COTAS;38394649.150043000000000;26304143000180
202511;1482;1987001011;TIT_PUB;104904588.070000000000000;
202511;1781;1980000174;COTAS;22861069324.009541000000000;18015618000190
202511;2083;2020001438;VL_PG_RC;0.000000000000000;
202511;1482;9970000000;COTAS;7320701.071206000000000;
202511;1701;1999000838;COTAS;3267496.458691000000000;
202511;1482;9970000000;VL_PG_RC;-14916.220000000000000;
202511;1482;2001000383;TIT_PUB;1242576.110000000000000;
202511;1523;1977000274;COTAS;3543741.848400000000000;
202511;1482;1989001483;COTAS;21809.094736000000000;
202511;1523;1998004465;COTAS;19466977.205229000000000;53275192000105
202511;1674;1989002056;COTAS;85395.117033000000000;
202511;1482;2004000465;COTAS;1110177267.629841000000000;09523179000136
202511;1911;2006001411;COTAS;3260028.750000000000000;57235960000158
202511;2138;1981001311;IMOVEIS;16990109.270000000000000;
202511;1523;1998004465;COTAS;11477551.552587000000000;63405106000195
202511;2155;1985000938;CAIXA;480966.150000000000000;
202511;1523;1977000274;COTAS;1483476.058564000000000;04714699000102
202511;1482;2004001518;COTAS;6681258.129833000000000;
202511;1715;1979000174;COTAS;5174018.609147000000000;
202511;1781;2019002711;COTAS;3775796.903691000000000;49768506000134
202511;1482;1989001556;COTAS;5772.120950000000000;
202511;1911;1999002156;OPERACAO_PARTICIPANTE;2311735.648406349400000;
202511;1911;2006001411;COTAS;5753234.038696000000000;25401546000185
202511;1781;1980000174;COTAS;180482712.909452000000000;29306138000103
202511;1674;1989002056;COTAS;139363.803855000000000;
202511;2169;9970000000;CAIXA;77123.670000000000000;
202511;1911;2013001274;COTAS;587996.649065000000000;
202511;1482;1989002211;VL_PG_RC;0.000000000000000;
202511;1482;1990002056;COTAS;2788947.220782000000000;
202511;1972;2007000229;VL_PG_RC;-3410.360000000000000;
202511;1911;2006005847;COTAS;15364994.842422000000000;50069086000187
202511;1482;2005001074;COTAS;4637469.185956000000000;
202511;1911;2008003183;COTAS;578302.183447000000000;57235960000158
202511;1674;2014000492;CAIXA;38388.960000000000000;
202511;1794;1981001956;COTAS;402815774.226065000000000;
202511;1674;2014000492;COTAS;1894310.531109000000000;
202511;1523;1998004465;IMOVEIS;72645397.490000000000000;
202511;1804;1988001838;COTAS;7660885.907705000000000;
202511;1911;2013001274;COTAS;252407.664007000000000;
202511;1911;2006005847;CAIXA;3000.000000000000000;
202511;1482;1995001856;CAIXA;0.000000000000000;
202511;1585;2006000911;COTAS;221459.069145000000000;
202511;1911;2008003183;VL_PG_RC;-24650.280000000000000;
202511;1781;1980000174;IMOVEIS;12742120382.170000000000000;
202511;1585;2006000911;COTAS;13458504.794453000000000;
202511;1523;2006003674;CAIXA;17110.200000000000000;
202511;1482;1997000938;CAIXA;0.000000000000000;
202511;1804;1988001838;COTAS;24153451.618848000000000;
202511;1911;2015000674;COTAS;8498437.186623000000000;52277799000161
202511;1911;2013001274;COTAS;394618.351249000000000;26304143000180
202511;1911;2015000674;VL_PG_RC;-27066.630000000000000;
202511;1715;2008004619;COTAS;8794194.024216000000000;
202511;1523;2006003674;COTAS;3718600.500000000000000;
202511;1715;2008004619;COTAS;4893295.368618000000000;
202511;1599;1979001219;ACOES;259597.090000000000000;
202511;1715;9970000000;COTAS;620540.312184000000000;
202511;1599;1979001219;COTAS;101087267.223044000000000;58037689000109
202511;1972;9970000000;COTAS;1643675.333233000000000;
202511;1732;1985001111;CAIXA;21009.300000000000000;
202511;1781;1998003574;COTAS;690455450.861121000000000;40021645000125
202511;1911;2006005847;COTAS;2491541.884893000000000;25401546000185
202511;1781;1998003574;COTAS;498249680.139389000000000;49767200000163
202511;1482;2005004383;COTAS;2830151.643410000000000;
202511;1818;2002000174;COTAS;195138482.579999000000000;19941775000190
202511;1911;2015000674;COTAS;136140.122846000000000;
202511;1674;2014000492;COTAS;96282.691887000000000;
202511;2004;1987001729;CAIXA;1339.910000000000000;
202511;1804;1988001838;TIT_PUB;1054661179.260000000000000;
202511;1482;1997001683;TIT_PUB;2780088.200000000000000;
202511;1911;2018001711;COTAS;733855.908488000000000;
202511;1911;1994001992;COTAS;772766.247106000000000;21791224000139
202511;1482;2005005665;COTAS;3832869.871564000000000;31032327000179
202511;1523;2006003674;COTAS;17293964.707038000000000;
202511;2018;1980001065;COTAS;15448440.494141000000000;
202511;1911;1994001992;COTAS;1848880.548781000000000;26304143000180
202511;1599;1979001219;VL_PG_RC;-616563.590000000000000;
202511;1732;9970000000;COTAS;18360448.640002000000000;
202511;1599;2001002483;ACOES;18998.490000000000000;
202511;2018;2016001811;TIT_PUB;24053191.150000000000000;
202511;1911;2015000674;COTAS;19522807.347297000000000;50069086000187
202511;1911;1994001992;OPERACAO_PARTICIPANTE;125473.200000000000000;
202511;1911;2018001711;COTAS;8912610.471769000000000;50069086000187
202511;1911;1997003211;CAIXA;1621.860000000000000;
202511;1482;2008000265;CAIXA;0.000000000000000;
202511;1523;2006003674;COTAS;9810070.937507000000000;16877602000161
202511;1911;2015000674;COTAS;6581689.270331000000000;54366569000102
202511;1674;2016000783;CAIXA;12271.060000000000000;
202511;1911;1997003211;COTAS;85870745.533629000000000;50069086000187
202511;2169;9970000000;COTAS;4145530.579594000000000;
202511;1674;2016000783;COTAS;1201458.705863000000000;
202511;1599;2001002483;VL_PG_RC;-127428.860000000000000;
202511;1523;1998004465;COTAS;472908.730860000000000;
202511;1482;1998003474;COTAS;92666.531673000000000;
202511;1911;2018001711;COTAS;4444198.786443000000000;57235960000158
202511;2172;2020000865;COTAS;18093607.101123000000000;31615254000148
202511;1911;1997003211;COTAS;250729.558208000000000;54366569000102
202511;1523;1998004465;COTAS;25017339.810771000000000;16916048000184
202511;2213;1991002483;COTAS;14493947.486245000000000;
202511;1482;2009001011;CAIXA;725695.450000000000000;
202511;1482;2000003192;VL_PG_RC;-9811.080000000000000;
202511;1482;2010004965;VL_PG_RC;-8204.110000000000000;
202511;1599;9970000000;VL_PG_RC;-2714.780000000000000;
202511;1911;2018001711;VL_PG_RC;-29608.550000000000000;
202511;2231;1982002719;VL_PG_RC;-28588.740000000000000;
202511;1523;2006003674;COTAS;86076166.854464000000000;22791114000130
202511;1818;9970000000;CAIXA;95080.340000000000000;
202511;1924;1989000347;COTAS;8973527.169844000000000;
202511;1911;2007001292;COTAS;892516.357755000000000;
202511;1674;2016000783;COTAS;103442.546001000000000;
202511;2231;1982002883;OPERACAO_PARTICIPANTE;387737.709985820500000;
202511;1924;1989000347;COTAS;5370365.040000000000000;
202511;1523;9970000000;VL_PG_RC;-462901.690000000000000;
202511;1924;1989000347;OPERACAO_PARTICIPANTE;276287.520000000000000;
202511;2231;1992000956;IMOVEIS;691379.040000000000000;
202511;1523;1998004465;COTAS;56124.246150000000000;17098803000123
202511;1523;2006003674;COTAS;6471.956026000000000;
202511;1924;2008003711;VL_PG_RC;-50745.600000000000000;
202511;1523;2006003674;COTAS;9364369.956741000000000;
202511;1821;1980002274;VL_PG_RC;-8844569.020000000000000;
202511;1911;2009003365;COTAS;4990861.384249000000000;52277799000161
202511;1852;1985001047;CAIXA;407522.200000000000000;
202511;1482;2001000138;VL_PG_RC;695.940000000000000;
202511;2018;9970000000;VL_PG_RC;-3697.170000000000000;
202511;1969;1981000356;COTAS;8181066.987427000000000;
202511;1924;2008003711;COTAS;320581481.969999000000000;15060252000183
202511;1852;9970000000;VL_PG_RC;-718.260000000000000;
202511;2021;1979001138;IMOVEIS;113605.560000000000000;
202511;2021;1979001138;TIT_PUB;58278968.130000000000000;
202511;2231;1998000583;CAIXA;3.880000000000000;
202511;1674;1989002056;COTAS;693241.766156000000000;
202511;1746;1982003065;TIT_PRIV;13960647.000000000000000;
202511;1969;1981000356;COTAS;503978730.805676000000000;04551365000165
202511;1482;2011002338;COTAS;9970217.804126000000000;
202511;1852;1985001047;COTAS;156423020.879863000000000;
202511;1482;2013001029;COTAS;106223770.591243000000000;
202511;1883;2006003356;COTAS;1904363.488500000000000;
202511;1523;2006003674;COTAS;10774.021053000000000;
202511;1883;2006003356;COTAS;1623734.986631000000000;
202511;1972;2005001783;COTAS;29753056.858199000000000;54759045000173
202511;1911;1998005518;COTAS;189777.245062000000000;
202511;1972;2005001783;OPERACAO_PARTICIPANTE;18013643.360000000000000;
202511;1852;1985001047;COTAS;84755776.405445000000000;42287499000100
202511;1763;1990000819;COTAS;8768096.739275000000000;
202511;1482;2004001518;COTAS;32359941.336888000000000;
202511;1911;2018001711;COTAS;1072397.475048000000000;42479278000133
202511;2231;2008003019;COTAS;62994.508978000000000;
202511;1674;2014000492;COTAS;502524.964133000000000;
202511;2231;2008003019;VL_PG_RC;-10769.550000000000000;
202511;1972;2007000229;COTAS;517370.661727000000000;
202511;2231;2010002229;TIT_PUB;723024421.670000000000000;
202511;1991;9970000000;CAIXA;5000.000000000000000;
202511;1674;2016000783;COTAS;544361.476162000000000;
202511;1674;2019001918;COTAS;46770862.492860000000000;
202511;2066;1974000192;COTAS;306652715.675190000000000;
202511;1763;1990000819;COTAS;2564309.312113000000000;
202511;1911;1987000218;COTAS;195781.934887000000000;50069086000187
202511;1537;1980001774;COTAS;13602977.827305000000000;
202511;1911;1987000218;VL_PG_RC;-76.510000000000000;
202511;2066;1974000192;TIT_PUB;61666313.880000000000000;
202511;1911;2018001711;COTAS;3753620.100954000000000;54366569000102
202511;1852;1985001047;COTAS;186885589.631074000000000;49442251000115
202511;1911;1992001618;COTAS;98878.891638000000000;26304143000180
202511;1482;2013001819;COTAS;22211523.597971000000000;
202511;2018;1980001065;IMOVEIS;39430168.580000000000000;
202511;1674;2019001918;COTAS;535972.489839000000000;
202511;1674;2014000492;COTAS;501593.619209000000000;
202511;1674;2015000356;COTAS;3479958.860453000000000;
202511;2231;2010002474;COTAS;2022655.547306000000000;
202511;1911;1994001992;COTAS;2926979.042844000000000;52277799000161
202511;1482;2005001074;CAIXA;0.000000000000000;
202511;1924;1989000274;COTAS;25692204.472492000000000;
202511;1911;2005004847;COTAS;1338231.111729000000000;26304143000180
202511;2071;1986000583;CAIXA;56499.240000000000000;
202511;1911;2006001411;COTAS;4557301.160639000000000;
202511;1674;2015000356;TIT_PRIV;2196740.150000000000000;
202511;1482;2018001965;COTAS;89348246.447018000000000;
202511;1537;1980001774;VL_PG_RC;-116507.850000000000000;
202511;2083;1999005211;COTAS;0.000000000000000;
202511;1688;1979002274;COTAS;95164538.346088000000000;41881550000144
202511;1763;1990000819;COTAS;4314224.660354000000000;
202511;1482;2005005665;COTAS;29376514.126504000000000;
202511;1911;1994001992;COTAS;786793.352473000000000;
202511;1911;1994001992;TIT_PUB;3796868.510000000000000;
202511;1924;1989000274;COTAS;6374519.021434000000000;
202511;2018;1980001065;TIT_PUB;721072224.370000000000000;
202511;1763;1990000819;IMOVEIS;5729000.000000000000000;
202511;1911;1997003211;COTAS;42101.651655000000000;
202511;1781;1980000174;CAIXA;241986396.830000000000000;
202511;2231;2010002474;IMOVEIS;60355521.600000000000000;
202511;1781;1980000174;COTAS;27679509.000000000000000;
202511;1911;2006005847;COTAS;4620.634164000000000;
202511;1482;2005005983;CAIXA;88124.290000000000000;
202511;1674;2016000783;COTAS;397069.309518000000000;
202511;1972;2007000229;COTAS;41354821.378058000000000;
202511;1781;1980000174;COTAS;502550623.611046000000000;49766712000105
202511;2083;2000008283;CAIXA;2536.690000000000000;
202511;1972;9970000000;COTAS;247253.535600000000000;
202511;2018;2016001811;CAIXA;0.000000000000000;
202511;2138;1981001311;CAIXA;98103.520000000000000;
202511;2021;2013001118;VL_PG_RC;0.000000000000000;
202511;1537;1988000165;COTAS;12058160.111928000000000;
202511;2231;2012001947;COTAS;2448938.463556000000000;
202511;2169;1999000374;COTAS;2000.000000000000000;
202511;1924;1989000347;COTAS;4391263.649998000000000;
202511;1911;1997003211;COTAS;28190946.214750000000000;36521640000194
202511;1674;2016000783;COTAS;11224754.630437000000000;
202511;1781;1980000174;VL_PG_RC;553029772.470000000000000;
202511;1781;1998003574;COTAS;5037861922.048378000000000;49766905000166
202511;1537;9970000000;CAIXA;10470.670000000000000;
202511;1911;2007001292;COTAS;10637351.255142000000000;50069086000187
202511;1523;2006003674;COTAS;137799147.270096000000000;04684251000193
202511;1911;1998004147;COTAS;1576989.453842000000000;
202511;1537;9970000000;VL_PG_RC;0.000000000000000;
202511;2231;2014001383;COTAS;3551420.277059000000000;44900441000115
202511;1482;2008000265;COTAS;230241350.752452000000000;
202511;2066;1974000192;COTAS;41720832.107030000000000;
202511;1688;1979002274;IMOVEIS;51610000.000000000000000;
202511;1911;1998004147;OPERACAO_PARTICIPANTE;35436.950000000000000;
202511;1781;1998003574;COTAS;708681020.625358000000000;49768506000134
202511;1523;2006003674;COTAS;152189481.420116000000000;15154395000154
202511;2169;1999000374;COTAS;10157551.367210000000000;
202511;1924;1989000347;COTAS;87699603.480001000000000;15044971000100
202511;2172;1988003229;COTAS;518493521.976740000000000;97519502000165
202511;1482;2022000129;OPERACAO_PARTICIPANTE;3720.980000000000000;
202511;1911;2007001292;COTAS;41183.171638000000000;54366569000102
202511;1482;2008000265;COTAS;11805932.241998000000000;
202511;1991;1980000565;COTAS;289741618.630777000000000;
202511;1688;2021000338;VL_PG_RC;-2163.360000000000000;
202511;1911;1998004147;COTAS;1069062.092774000000000;52277799000161
202511;1482;2008001318;VL_PG_RC;-115813.630000000000000;
202511;1701;1999000838;COTAS;3982869.175474000000000;
202511;1924;2008003711;COTAS;123315205.919999000000000;15060248000115
202511;1554;1978000456;COTAS;838531.609892000000000;
202511;1715;1979000174;COTAS;2695319.117126000000000;
202511;1911;1998005518;COTAS;22137914.121982000000000;54366569000102
202511;1911;2009003365;COTAS;3220930.201092000000000;
202511;1969;1999004019;COTAS;60743205.955454000000000;03369970000157
202511;1911;2015000674;COTAS;5155453.055634000000000;42479278000133
202511;1969;9970000000;COTAS;109616.436055000000000;17898668000109
202511;1911;2018001711;COTAS;1105935.763715000000000;
202511;1523;2006003674;COTAS;61112736.680759000000000;50190791000138
202511;1924;1989000347;COTAS;2075261.900071000000000;
202511;1911;1998005518;COTAS;23299182.935774000000000;
202511;1972;2005001783;COTAS;11821968.550627000000000;
202511;1924;2008003711;CAIXA;7115.710000000000000;
202511;1715;2008004619;COTAS;2576086.850412000000000;
202511;1972;2005001783;COTAS;24346762.759847000000000;
202511;1482;2008003329;CAIXA;0.000000000000000;
202511;1972;2007000229;COTAS;11523370.747650000000000;
202511;1715;2008004619;COTAS;19379163.583223000000000;
202511;2172;1988003229;VL_PG_RC;-5009.920000000000000;
202511;2231;2018002074;COTAS;242245.480149000000000;44703472000186
202511;1674;2016000783;COTAS;5055512.670404000000000;
202511;1554;1978000456;TIT_PUB;66501095.450000000000000;
202511;1991;1980000565;IMOVEIS;2501874.560000000000000;
202511;1715;2008004619;COTAS;22582001.959433000000000;
202511;1523;9970000000;CAIXA;38603.390000000000000;
202511;1715;2008004619;COTAS;18637482.274606000000000;
202511;1781;2019002711;COTAS;75589710.398896000000000;49766341000161
202511;1911;1999002156;COTAS;2269105.385590000000000;54366569000102
202511;1715;9970000000;COTAS;3250218.827607000000000;
202511;1537;1988000165;COTAS;289750.947193000000000;
202511;1674;2016000783;COTAS;2460998.829747000000000;
202511;1537;1988000165;COTAS;6419665.352501000000000;
202511;2213;1991002483;COTAS;23539917.130305000000000;
202511;1674;2019001918;COTAS;435133.200000000000000;
202511;1972;2007000229;COTAS;29039547.173945000000000;
202511;1482;2009001818;COTAS;51613765.598950000000000;
202511;1674;9970000000;COTAS;1078943.969893000000000;
202511;1911;2000006183;COTAS;2859584.413572000000000;
202511;1571;1980001383;VL_PG_RC;14823111.830000000000000;
202511;1972;9970000000;CAIXA;64670.910000000000000;
202511;1991;2017000892;CAIXA;8242.650000000000000;
202511;1729;1990001092;COTAS;101835757.760008000000000;29092126000115
202511;1911;1998005518;OPERACAO_PARTICIPANTE;10665041.042322234100000;
202511;1911;2000006183;TIT_PUB;199354643.120000000000000;
202511;1511;1988002419;VL_PG_RC;-64394.920000000000000;
202511;2231;1979003483;VL_PG_RC;131745848.680000000000000;
202511;1794;1981001956;CAIXA;140414.260000000000000;
202511;1911;2005004847;COTAS;1420601.109739000000000;25401546000185
202511;1804;4018040083;CAIXA;926481.800000000000000;
202511;1924;2008003711;COTAS;22345010.079999000000000;
202511;1482;2010003111;COTAS;7074610.086509000000000;
202511;1541;1986000656;COTAS;11312834.286852000000000;
202511;2231;1982002638;VL_PG_RC;0.000000000000000;
202511;1541;1986000656;COTAS;5136801.965916000000000;
202511;1732;1985001111;IMOVEIS;1090219.920000000000000;
202511;1911;2006001411;OPERACAO_PARTICIPANTE;2205818.978823152300000;
202511;1781;1904000118;VL_PG_RC;-114932.830000000000000;
202511;1924;2008003711;COTAS;379141539.820001000000000;15044971000100
202511;1523;1977000274;COTAS;-148049.119798000000000;
202511;1969;1981000356;COTAS;6942526.559324000000000;
202511;1911;2006001411;COTAS;4684190.159097000000000;
202511;2231;1982002719;COTAS;346428.083176000000000;
202511;2231;2019003074;COTAS;366248.059947000000000;
202511;2066;1974000192;COTAS;16335556.384691000000000;
202511;1911;2006001411;COTAS;9677029.126397000000000;21791224000139
202511;1482;2013001029;COTAS;81494289.371912000000000;
202511;1969;1981000356;VL_PG_RC;-109107.180000000000000;
202511;1818;2002000174;COTAS;155458678.929999000000000;19941813000104
202511;1972;2005001783;COTAS;4409936.991463000000000;
202511;2018;1980001065;COTAS;3097877.969983000000000;
202511;1911;2006005847;COTAS;3212457.906710000000000;21791224000139
202511;1911;2006005847;COTAS;1727679.022637000000000;
202511;1599;1979001219;COTAS;73706314.290649000000000;41272558000103
202511;1523;1977000274;COTAS;27705.680902000000000;
202511;2231;2019003074;COTAS;3320581.409376000000000;44703472000186
202511;1554;1978000456;COTAS;6191834.320732000000000;
202511;1523;1977000274;COTAS;4567219101.963887000000000;16916054000131
202511;2066;1974000192;COTAS;40688949.868745000000000;
202511;2231;1982002883;IMOVEIS;655705.920000000000000;
202511;1554;9970000000;COTAS;884432.050330000000000;
202511;1506;1979001383;TIT_PRIV;3309900.220000000000000;
202511;2231;1982002883;TIT_PUB;104397173.670000000000000;
202511;1599;2001002483;COTAS;10644534.184163000000000;36440234000105
202511;2231;2019003074;COTAS;2717164.009588000000000;44703483000166
202511;1781;1980000174;OPERACAO_PARTICIPANTE;6532833575.420000000000000;
202511;1612;2022002229;COTAS;11899863.420307000000000;
202511;1511;1988002419;IMOVEIS;1090500.000000000000000;
202511;2066;1974000192;VL_PG_RC;-171848.570000000000000;
202511;1852;1985001047;COTAS;422010758.360070000000000;00974902000129
202511;2083;1973000156;COTAS;61409268.408723000000000;03256787000145
202511;2231;1987000511;COTAS;4041616.348819000000000;
202511;2083;1973000156;COTAS;268501299.649631000000000;05170419000105
202511;1972;2005001783;COTAS;40037031.465896000000000;04822511000140
202511;1852;1985001047;COTAS;84930923.865715000000000;42287704000137
202511;2018;2016001811;OPERACAO_PARTICIPANTE;521754.810000000000000;
202511;1911;2007001292;COTAS;809172.293182000000000;36521640000194
202511;2231;1992000956;OPERACAO_PARTICIPANTE;71016.889988740000000;
202511;1911;2008003183;COTAS;8667.321315000000000;
202511;1991;1996003119;CAIXA;16295.580000000000000;
202511;1781;1998003574;COTAS;2434133378.437464000000000;49766341000161
202511;2004;1987001729;COTAS;597179478.999941000000000;42479235000158
202511;2231;1994001518;COTAS;42236.911232000000000;
202511;1523;1977000274;COTAS;74931411.576582000000000;51891082000142
202511;1523;1998004465;COTAS;129560.172467000000000;
202511;1661;1990001718;COTAS;5686859.906564000000000;
202511;2231;9970000000;CAIXA;19088.130000000000000;
202511;1911;2008003183;COTAS;4202587.336964000000000;36521640000194
202511;1523;1977000274;COTAS;2111982.981138000000000;03191766000199
202511;1883;1988001056;TIT_PUB;282852961.380000000000000;
202511;2083;1999005211;COTAS;320769380.492519000000000;03573959000104
202511;2231;2008003019;COTAS;83552.657875000000000;
202511;2018;1980001065;TIT_PRIV;243881139.040000000000000;
202511;1883;2006003356;COTAS;13037541.626412000000000;
202511;1781;2019002711;COTAS;1976789.034191000000000;49767385000106
202511;2231;2010002229;COTAS;6514387.678281000000000;
202511;1911;2015000674;COTAS;3940.543123000000000;
202511;1657;9970000000;CAIXA;1080.000000000000000;
202511;1523;1998004465;COTAS;-23080.368907000000000;
202511;1523;1998004465;COTAS;202088.093714000000000;
202511;2021;1979001138;OPERACAO_PARTICIPANTE;3193.289995921700000;
202511;1661;2009003438;VL_PG_RC;152808.460000000000000;
202511;2018;9970000000;COTAS;23986107.097570000000000;
202511;1781;2019002711;TIT_PUB;54532384.460000000000000;
202511;2021;1991001274;TIT_PUB;53173847.200000000000000;
202511;2018;2016001811;VL_PG_RC;-1499.200000000000000;
202511;2021;1979001138;VL_PG_RC;798989.460000000000000;
202511;1674;1989002056;COTAS;375893.672429000000000;
202511;1523;1998004465;COTAS;979799.081133000000000;
202511;1674;1989002056;COTAS;985008.702897000000000;
202511;1911;2015000674;COTAS;2777192.352124000000000;36521640000194
202511;1911;2008003183;COTAS;5259401.525678000000000;52277799000161
202511;1883;2006003356;COTAS;1605867.215540000000000;
202511;2021;9970000000;IMOVEIS;16845.000000000000000;
202511;1661;1990001718;COTAS;1261919.803817000000000;
202511;2258;1981001565;COTAS;27781.041729000000000;
202511;1523;1998004465;COTAS;587694.887612000000000;08070787000170
202511;2066;1974000192;COTAS;6542582.962423000000000;
202511;2066;1974000192;COTAS;806721.929189000000000;
202511;1911;1992001618;CAIXA;0.000000000000000;
202511;2231;2010002474;CAIXA;889151.200000000000000;
202511;2071;1986000583;COTAS;99869430.410854000000000;05164325000123
202511;1911;2018001711;TIT_PUB;17152607.110000000000000;
202511;2066;1974000192;COTAS;50077327.816937000000000;
202511;1781;9970000000;VL_PG_RC;5624504.800000000000000;
202511;1911;9970000000;COTAS;1678197.077539000000000;
202511;1911;1992001618;COTAS;104032.740403000000000;
202511;2066;1974000192;COTAS;482333.954199000000000;
202511;1674;1989002056;COTAS;121074.914195000000000;
202511;2083;2000008283;COTAS;53844524.850349000000000;16569908000150
202511;2021;9970000000;COTAS;5944268.074457000000000;
202511;1924;2008003711;COTAS;49356566.019837000000000;
202511;1523;1998004465;COTAS;1769828712.156616000000000;14387389000184
202511;2071;1986000583;OPERACAO_PARTICIPANTE;1326910.800000000000000;
202511;1688;1979002274;COTAS;96861847.303891000000000;07733030000156
202511;1523;1998004465;COTAS;6666922.864547000000000;49534273000105
202511;1674;1989002056;COTAS;2475437.948005000000000;
202511;2083;2000008283;VL_PG_RC;-92553.760000000000000;
202511;1674;1989002056;COTAS;940614.815220000000000;
202511;2071;9970000000;CAIXA;2860.180000000000000;
202511;2083;2011002192;COTAS;11710857.385802000000000;09296055000165
202511;1688;1979002274;COTAS;725813218.314404000000000;17545746000183
202511;2258;1990000118;COTAS;42687016.401233000000000;
202511;1924;2008003711;COTAS;118055821.000002000000000;15060258000150
202511;1818;2002000174;CAIXA;756857.210000000000000;
202511;1688;1979002274;VL_PG_RC;40738505.360000000000000;
202511;2258;1990000118;COTAS;67563557.651379000000000;50634860000155
202511;1969;1999004019;COTAS;9852829.954059000000000;
202511;2258;1992000565;VL_PG_RC;-35790.320000000000000;
202511;1911;1992001618;TIT_PUB;6229361.190000000000000;
202511;2083;2019002329;COTAS;18515289.783919000000000;09296055000165
202511;2021;9970000000;VL_PG_RC;-850.020000000000000;
202511;1852;1985001047;COTAS;474318171.609781000000000;11419800000168
202511;1523;1998004465;COTAS;-3713.510334000000000;
202511;1523;2006003674;COTAS;3266463.725055000000000;
202511;2083;2019002329;COTAS;1676252.874850000000000;11308040000111
202511;2231;2011001218;COTAS;126019.479132000000000;
202511;1523;1998004465;COTAS;18081668.435783000000000;09606345000168
202511;2083;2020000229;COTAS;10897636.790543000000000;35600762000103
202511;1911;2009003365;COTAS;2261422.685853000000000;25401546000185
202511;2083;2020001438;COTAS;187759004.720056000000000;05170419000105
202511;2258;1992000719;COTAS;32130655.074677000000000;
202511;1523;1998004465;COTAS;3944333.222558000000000;59574097000199
202511;1674;2014000492;COTAS;3652097.728977000000000;
202511;2258;1993000992;TIT_PUB;5743429.560000000000000;
202511;2052;9970000000;CAIXA;135970.440000000000000;
202511;1883;1988001056;COTAS;24773632.717190000000000;
202511;2083;1973000156;COTAS;0.000000000000000;
202511;1715;1979000174;OPERACAO_PARTICIPANTE;27117915.989649859900000;
202511;2083;2019002329;COTAS;7068481.260505000000000;16569908000150
202511;2231;2011001218;COTAS;308755.397045000000000;
202511;1674;2014000492;COTAS;451029.900000000000000;
202511;2258;1993003811;COTAS;556124.798959000000000;
202511;2083;1999005211;COTAS;5482972267.368435000000000;05170419000105
202511;1715;9970000000;COTAS;3059020.906308000000000;
202511;1969;1999004019;COTAS;226264916.000706000000000;13969771000133
202511;1715;9970000000;VL_PG_RC;-4305.990000000000000;
202511;1883;2006003356;COTAS;260287.221630000000000;
202511;2083;2012000274;COTAS;1692828.627645000000000;35600762000103
202511;2258;1994001747;COTAS;61780.238409000000000;
202511;1969;1999004019;COTAS;37303716.977677000000000;18391324000163
202511;2141;1980001219;VL_PG_RC;298352.370000000000000;
202511;2083;2020000229;OPERACAO_PARTICIPANTE;11743325.060271743300000;
202511;2258;1994003138;COTAS;24956658.539452000000000;
202511;2231;2012001947;COTAS;30135.930090000000000;
202511;1969;9970000000;VL_PG_RC;-2.550000000000000;
202511;2231;2012001947;COTAS;216471979.060009000000000;
202511;1674;2014000492;COTAS;4063008.274213000000000;
202511;2141;9970000000;CAIXA;2594.290000000000000;
202511;2258;1981001565;COTAS;422075.533460000000000;50620435000107
202511;1523;2006003674;COTAS;-18059.006327000000000;
202511;1911;2013001274;COTAS;197624.671129000000000;36521640000194
202511;1729;1990001092;CAIXA;635513.770000000000000;
202511;1674;2016000783;COTAS;423224.723817000000000;
202511;2258;1981001565;VL_PG_RC;-23930.650000000000000;
202511;1523;2006003674;COTAS;-65902.494125000000000;
202511;1883;2006003356;VL_PG_RC;-30530.620000000000000;
202511;2083;1999005211;COTAS;383969545.010058000000000;35600762000103
202511;1729;1990001092;COTAS;15319899.477155000000000;
202511;1674;2015000356;CAIXA;4477.980000000000000;
202511;1523;2006003674;COTAS;24087251.806303000000000;39753127000117
202511;1674;2016000783;COTAS;1054197.547894000000000;
202511;1972;2005001783;COTAS;8188466.004943000000000;
202511;1523;2006003674;COTAS;6051883.828713000000000;
202511;2083;2020001438;TIT_PUB;1538451722.020000000000000;
202511;1781;1980000174;COTAS;51465101.000000000000000;
202511;2258;1996000829;COTAS;117617.133939000000000;
202511;1911;2013001274;COTAS;2658134.308236000000000;50069086000187
202511;1674;2016000783;TIT_PRIV;365540.180000000000000;
202511;1523;2006003674;COTAS;8308485.193250000000000;08070787000170
202511;1674;2019001918;COTAS;4042902.416516000000000;
202511;1523;2006003674;COTAS;106766868.545795000000000;49599183000100
202511;1523;2006003674;VL_PG_RC;-93882413.960000000000000;
202511;1674;2015000356;COTAS;4593661.410831000000000;
202511;2083;9970000000;CAIXA;9256.690000000000000;
202511;1537;1980001774;COTAS;22778348.126228000000000;
202511;1674;2015000356;COTAS;975336.693923000000000;
202511;2258;1989000118;CAIXA;16060.630000000000000;
202511;1674;2016000783;COTAS;3733075.050000000000000;
202511;1781;9970000000;TIT_PRIV;31491429.020000000000000;
202511;2258;1990000118;COTAS;90916.634070000000000;
202511;1911;2015000674;COTAS;2294886.182809000000000;57235960000158
202511;2083;9970000000;VL_PG_RC;0.000000000000000;
202511;1674;2019001918;COTAS;1354756.992618000000000;
202511;2083;1999005211;COTAS;21775648.250261000000000;42102159000167
202511;2083;2011002192;OPERACAO_PARTICIPANTE;653657.270000000000000;
202511;1537;1988000165;COTAS;27836553.193799000000000;
202511;1674;2019001918;COTAS;606918.512554000000000;
202511;2258;1992000565;COTAS;57976.105917000000000;
202511;1537;1980001774;COTAS;9550051.244869000000000;
202511;2258;1993003811;COTAS;5596124.415528000000000;50620435000107
202511;2155;1985000938;OPERACAO_PARTICIPANTE;8521090.150000000000000;
202511;2258;1994001429;VL_PG_RC;-29363.940000000000000;
202511;1804;1988001838;CAIXA;407425.350000000000000;
202511;1972;2005001783;VL_PG_RC;-24887.490000000000000;
202511;1674;2016000783;COTAS;5529493.509070000000000;
202511;2083;2011002265;COTAS;12704808.959926000000000;09296055000165
202511;1972;2007000229;COTAS;17990955.469913000000000;
202511;1537;1988000165;COTAS;10689969.282035000000000;
202511;2258;1994001747;COTAS;6744494.594382000000000;50625158000125
202511;2258;1994001747;VL_PG_RC;-54584.820000000000000;
202511;2258;1996000829;COTAS;448408.629623000000000;
202511;2258;1996000829;COTAS;1486523.113653000000000;
202511;2258;1996000829;COTAS;43486795.564519000000000;51059284000122
202511;2258;1996001329;COTAS;26959.946590000000000;
202511;2258;1996001329;COTAS;4738863.190225000000000;50625158000125
202511;2004;1987001729;COTAS;606405158.130027000000000;42479262000120
202511;2258;1996002147;COTAS;34768.416742000000000;
202511;2258;1996000829;COTAS;312176104.230989000000000;52985327000163
202511;1541;1986000656;COTAS;4873404.045423000000000;
202511;2258;1996002465;CAIXA;81795.810000000000000;
202511;2258;1997004356;CAIXA;130.420000000000000;
202511;2258;1997004356;COTAS;342579583.203770000000000;50620290000144
202511;2258;1998006956;COTAS;27150.251465000000000;
202511;2018;1980001065;ACOES;14525565.960000000000000;
202511;2141;9970000000;VL_PG_RC;0.000000000000000;
202511;2258;1996002147;COTAS;33473.811076000000000;
202511;1674;2016000783;COTAS;272390.198624000000000;
202511;1911;1994001992;COTAS;133576.585790000000000;25401546000185
202511;1924;1989000274;COTAS;4818543.001502000000000;
202511;1911;1997003211;COTAS;11574994.310823000000000;
202511;2169;1972000111;COTAS;7550468.389233000000000;
202511;1911;1992001618;COTAS;1025.137418000000000;
202511;2258;1998005356;COTAS;254395941.455183000000000;50620290000144
202511;1537;1988000165;COTAS;20547507.340163000000000;
202511;2258;1999002229;VL_PG_RC;-129146.690000000000000;
202511;2258;1998006956;VL_PG_RC;-91482.710000000000000;
202511;1911;1997003211;COTAS;16994527.694927000000000;26304143000180
202511;2258;1999003829;COTAS;12460.810322000000000;
202511;2169;9970000000;COTAS;2251212.344754000000000;
202511;2155;9970000000;CAIXA;11223.090000000000000;
202511;2258;2001000618;COTAS;5435758.630392000000000;50620290000144
202511;1688;9970000000;COTAS;23496967.143227000000000;04786973000159
202511;2018;1980001065;CAIXA;0.000000000000000;
202511;2258;2006001647;COTAS;678153.117022000000000;
202511;2258;2006001647;COTAS;26422334.146112000000000;22282955000111
202511;1554;1978000456;OPERACAO_PARTICIPANTE;481043.310000000000000;
202511;1674;2016000783;COTAS;394630.668949000000000;
202511;1911;1997003211;OPERACAO_PARTICIPANTE;7001231.804401014100000;
202511;1911;1997003211;COTAS;16936797.541323000000000;25401546000185
202511;2169;1972000111;IMOVEIS;146277000.000000000000000;
202511;2169;1972000111;COTAS;563256937.440712000000000;03149243000184
202511;2169;1999000374;VL_PG_RC;130887.070000000000000;
202511;2083;2012000274;TIT_PRIV;0.540000000000000;
202511;2213;1991002483;COTAS;77797095.613476000000000;
202511;2169;1999000374;COTAS;69328669.919497000000000;
202511;2083;2020000229;COTAS;1021558.039705000000000;34792991000104
202511;1911;1998005518;COTAS;37164575.104228000000000;21791224000139
202511;1701;1999000838;CAIXA;12835.920000000000000;
202511;2258;2007002418;COTAS;43653912.680047000000000;50620435000107
202511;1701;1999000838;COTAS;12491733.437724000000000;
202511;2258;2007002892;COTAS;493079.114947000000000;
202511;1911;1997003211;COTAS;3738248.521299000000000;42479278000133
202511;1541;1986000656;OPERACAO_PARTICIPANTE;4483487.950000000000000;
202511;2018;1980001065;VL_PG_RC;615735.650000000000000;
202511;1911;1998004147;COTAS;5501.872214000000000;
202511;1571;1996000365;COTAS;624354432.769138000000000;09323724000140
202511;1911;1999002156;COTAS;3933176.563040000000000;52277799000161
202511;2172;2005005592;CAIXA;382854.060000000000000;
202511;1821;9970000000;CAIXA;41716.510000000000000;
202511;2021;9970000000;TIT_PUB;8370193.340000000000000;
202511;1701;1999000838;COTAS;3061511.050923000000000;
202511;2258;2008001792;COTAS;105555996.429181000000000;50620435000107
202511;1852;1985001047;COTAS;316975908.605705000000000;58396943000165
202511;2258;2005005411;COTAS;8081.243065000000000;
202511;2083;2020000229;TIT_PRIV;331788.020000000000000;
202511;2066;9970000000;COTAS;4988166.175806000000000;
202511;2231;1979003483;COTAS;70523667.545814000000000;
202511;1715;1979000174;COTAS;804756.074525000000000;
202511;2169;1972000111;COTAS;27676346.249550000000000;
202511;2231;1982002719;CAIXA;49290.810000000000000;
202511;1674;2019001918;COTAS;1137743.658791000000000;
202511;2258;2006000683;CAIXA;355.150000000000000;
202511;1585;2006000911;COTAS;20234426.130231000000000;57961397000103
202511;2172;2005005592;COTAS;1962861.257624000000000;
202511;1571;1996000365;VL_PG_RC;0.000000000000000;
202511;1911;1998004147;COTAS;47745.454684000000000;
202511;2231;1982002719;IMOVEIS;3305199.470000000000000;
202511;2213;1991002483;OPERACAO_PARTICIPANTE;4298476.499929242400000;
202511;2258;2006001647;COTAS;22798065.888832000000000;49927877000111
202511;2231;1992000956;VL_PG_RC;-9886.310000000000000;
202511;1585;2006000911;COTAS;5218862.280870000000000;
202511;2083;1973000156;TIT_PRIV;114094541.020000000000000;
202511;1911;1999002156;COTAS;5724163.762244000000000;21791224000139
202511;2231;1982002719;COTAS;5547.156058000000000;
202511;2258;2006003283;VL_PG_RC;-17841.130000000000000;
202511;2258;2010005783;COTAS;1444286.607078000000000;50634601000124
202511;1924;1989000274;COTAS;5966575.870351000000000;
202511;1674;2019001918;COTAS;2024950.510309000000000;
202511;1911;1992001618;COTAS;1412805.187982000000000;50069086000187
202511;2213;1991002483;COTAS;3061610.451538000000000;
202511;2169;1999000374;COTAS;15198927.954016000000000;
202511;2258;2007002418;COTAS;6269928.534100000000000;50625158000125
202511;2231;1987000511;CAIXA;86.470000000000000;
202511;1911;2005004847;VL_PG_RC;-11179.820000000000000;
202511;1674;9970000000;CAIXA;2544.920000000000000;
202511;1585;2006000911;COTAS;39154991.120906000000000;
202511;2258;2012001092;CAIXA;1118.010000000000000;
202511;2231;1982002719;TIT_PUB;57165141.220000000000000;
202511;1599;2001002483;COTAS;17248167.537771000000000;41272558000103
202511;1911;2006001411;COTAS;29230100.807027000000000;50069086000187
202511;1715;1979000174;COTAS;4103378.512554000000000;
202511;2258;2007002892;VL_PG_RC;-39460.720000000000000;
202511;2258;2014000719;COTAS;21542325.561961000000000;50620819000120
202511;2083;1999005211;COTAS;132701526.562686000000000;34792991000104
202511;1911;2006005847;COTAS;332955.438908000000000;52277799000161
202511;1911;1992001618;VL_PG_RC;-7113.970000000000000;
202511;1911;1993001311;COTAS;2775506.899949000000000;50069086000187
202511;2258;2007003465;CAIXA;0.000000000000000;
202511;1715;2008004619;COTAS;961337.041215000000000;
202511;2258;2015000518;COTAS;11775415.413859000000000;50620290000144
202511;2231;1992000956;COTAS;1044.458339000000000;
202511;1924;1989000347;COTAS;85265735.710002000000000;15060252000183
202511;1911;2007001292;COTAS;971019.163173000000000;52277799000161
202511;1599;1979001219;CAIXA;54.970000000000000;
202511;1911;2008003183;COTAS;8511230.820680000000000;21791224000139
202511;2258;2009001656;COTAS;100399455.115046000000000;50620290000144
202511;1599;9970000000;COTAS;13183085.266961000000000;
202511;2083;1999005211;IMOVEIS;124998053.400000000000000;
202511;1715;2008004619;COTAS;898440.575581000000000;
202511;1599;9970000000;COTAS;4414651.324241000000000;58037689000109
202511;1911;2015000674;COTAS;5449468.477779000000000;
202511;2231;1994001518;COTAS;11007.165150000000000;
202511;1599;2001002483;CAIXA;64.220000000000000;
202511;2231;1982002883;CAIXA;9859.070000000000000;
202511;2258;2016001119;COTAS;1047451.758495000000000;04052631000105
202511;1911;2008003183;COTAS;19297797.301557000000000;50069086000187
202511;2083;2000008283;COTAS;16251871.636866000000000;28849695000108
202511;1661;1990001718;IMOVEIS;14355196.800000000000000;
202511;2231;1982002883;COTAS;153274127.657883000000000;
202511;1715;2008004619;COTAS;9412387.222344000000000;
202511;2231;2008003019;OPERACAO_PARTICIPANTE;86194.520000000000000;
202511;1911;1993001311;VL_PG_RC;-1037.890000000000000;
202511;2083;2012000274;COTAS;4188388.256012000000000;09296055000165
202511;2231;1982002883;COTAS;92877.015777000000000;
202511;1911;2018001711;COTAS;1921031.892412000000000;52277799000161
202511;2231;1992000956;COTAS;9106826.226607000000000;
202511;2231;2010002229;COTAS;2157800.949208000000000;
202511;1924;9970000000;VL_PG_RC;-1325.460000000000000;
202511;1911;2013001274;COTAS;169557.191007000000000;52277799000161
202511;2231;1994001518;CAIXA;7621.120000000000000;
202511;1715;2008004619;COTAS;25402577.039714000000000;
202511;1911;1994001992;COTAS;14678.984905000000000;36521640000194
202511;2231;2011001218;CAIXA;50609.320000000000000;
202511;1715;9970000000;COTAS;2364461.844521000000000;
202511;2258;2016001119;COTAS;272830.673271000000000;50620435000107
202511;1674;1989002056;COTAS;1484058.171289000000000;
202511;2231;2008003019;COTAS;777594.517958000000000;44703483000166
202511;2231;1992000956;COTAS;21731.445086000000000;
202511;1599;2001002483;COTAS;56202942.520505000000000;58037777000100
202511;2083;2012000274;COTAS;903641.601183000000000;11308040000111
202511;2231;2011001218;COTAS;134649.141000000000000;
202511;2258;2019001365;COTAS;9790.842622000000000;
202511;1969;1999004019;COTAS;46199854.800000000000000;42870959000128
202511;1715;1979000174;COTAS;12887193.275667000000000;
202511;1911;2015000674;COTAS;2987171.990017000000000;
202511;1715;1979000174;COTAS;6259651.316994000000000;
202511;2231;2012001947;COTAS;3600636.374674000000000;
202511;2258;2010001656;VL_PG_RC;-62464.580000000000000;
202511;1729;1990001092;COTAS;1102259.678409000000000;
202511;1729;1990001092;COTAS;221735.535907000000000;
202511;1911;1994001992;COTAS;5229692.820012000000000;50069086000187
202511;1924;1989000274;CAIXA;2902527.750000000000000;
202511;2231;2013001665;COTAS;236577.788519000000000;
202511;2231;1992000956;TIT_PUB;17712468.330000000000000;
202511;1746;1982003065;COTAS;228190.829090000000000;
202511;2231;1994001518;COTAS;59557.147778000000000;
202511;2231;1994001518;VL_PG_RC;-3091.720000000000000;
202511;1763;1990000819;COTAS;8750826.597119000000000;
202511;2231;1994001518;TIT_PUB;12749009.810000000000000;
202511;1674;1989002056;COTAS;52488.175490000000000;
202511;1924;1989000347;COTAS;4134981.750002000000000;
202511;2258;2019001365;COTAS;49394362.678297000000000;50625158000125
202511;2231;2008003019;TIT_PUB;8133163.460000000000000;
202511;1674;1989002056;COTAS;117957.418156000000000;
202511;2258;1989000738;TIT_PUB;113239562.540000000000000;
202511;1674;1989002056;COTAS;5159728.387296000000000;
202511;2231;2008003019;COTAS;43812.462686000000000;
202511;2231;2010002229;COTAS;114216.007314000000000;
202511;1924;1989000347;CAIXA;6595.220000000000000;
202511;2258;2012001165;COTAS;13243181.208004000000000;50620290000144
202511;1763;1990000819;COTAS;50670730.000000000000000;
202511;1911;1998005518;VL_PG_RC;-404302.360000000000000;
202511;1715;2008004619;VL_PG_RC;1585237.570000000000000;
202511;2231;2010002229;COTAS;716955127.346078000000000;
202511;2258;2019001365;VL_PG_RC;-57362.050000000000000;
202511;1924;2008003711;COTAS;30615862.040000000000000;
202511;2231;2010002229;COTAS;5286927.420584000000000;
202511;2231;2010002229;COTAS;12934721.087245000000000;
202511;2258;2012001319;COTAS;9643869.310640000000000;50620290000144
202511;2083;2020000229;TIT_PUB;125517992.170000000000000;
202511;2231;2010002229;COTAS;2272005.081095000000000;
202511;2258;2012001319;OPERACAO_PARTICIPANTE;57093.614487000000000;
202511;1674;1989002056;COTAS;113521.854670000000000;
202511;2231;2010002229;VL_PG_RC;-1009545.480000000000000;
202511;2258;2019002256;COTAS;65713.293429000000000;
202511;1924;2008003711;COTAS;309268135.389999000000000;15060253000128
202511;1911;2006005847;COTAS;2199967.113119000000000;36521640000194
202511;1674;1989002056;COTAS;117509.643749000000000;
202511;1674;1989002056;COTAS;17162.528327000000000;
202511;1924;9970000000;COTAS;28141.840091000000000;
202511;2258;1990000118;COTAS;9821275.588061000000000;
202511;2258;2014000247;COTAS;54453.467406000000000;
202511;1911;2007001292;VL_PG_RC;-12907.010000000000000;
202511;2258;2014001529;CAIXA;0.000000000000000;
202511;1674;1989002056;COTAS;214969.523009000000000;
202511;2083;9970000000;COTAS;181253288.637061000000000;05170419000105
202511;1911;2008003183;COTAS;6694883.900096000000000;
202511;1969;1981000356;COTAS;16007429.177504000000000;
202511;1969;1999004019;CAIXA;194382.010000000000000;
202511;2169;1972000111;VL_PG_RC;251051.510000000000000;
202511;1911;2008003183;COTAS;2746356.878279000000000;
202511;1969;1999004019;COTAS;169310386.429746000000000;17898668000109
202511;1911;2013001274;COTAS;560.063325000000000;
202511;2169;1999000374;COTAS;10186934.157212000000000;
202511;1924;9970000000;COTAS;2210980.169999000000000;15060253000128
202511;1991;1996003119;VL_PG_RC;-13621.920000000000000;
202511;2172;9970000000;VL_PG_RC;-3936.060000000000000;
202511;1991;9970000000;COTAS;1583818.581707000000000;
202511;2213;1991002483;COTAS;78711761.521674000000000;
202511;1763;1990000819;COTAS;77233489.720349000000000;15612416000138
202511;1991;9970000000;VL_PG_RC;-2683.720000000000000;
202511;2231;1979003483;CAIXA;73.180000000000000;
202511;2004;9970000000;COTAS;1551424.480002000000000;
202511;1674;2014000492;COTAS;311087.922461000000000;
202511;2258;2019003147;CAIXA;0.000000000000000;
202511;2018;1980001065;OPERACAO_PARTICIPANTE;10576586.710149829100000;
202511;1969;9970000000;CAIXA;298021.240000000000000;
202511;2021;1991001274;VL_PG_RC;1628522.440000000000000;
202511;2231;1982002719;COTAS;666261.802974000000000;
202511;2021;2013001118;COTAS;8583033.035545000000000;
202511;1972;2007000229;COTAS;827806.454200000000000;
202511;1972;2007000229;COTAS;2314136.598039000000000;
202511;1911;2013001274;OPERACAO_PARTICIPANTE;472422.038705043400000;
202511;1674;2015000356;COTAS;4156392.730154000000000;
202511;1911;9970000000;VL_PG_RC;0.000000000000000;
202511;2258;2020001292;VL_PG_RC;-31988.660000000000000;
202511;2021;9970000000;CAIXA;80918.290000000000000;
202511;1924;2008003711;OPERACAO_PARTICIPANTE;9410439.922995840000000;
202511;2066;1974000192;COTAS;144228978.323628000000000;
202511;1969;1981000356;CAIXA;90667.220000000000000;
202511;1969;1999004019;COTAS;246058324.765100000000000;21596653000155
202511;2021;1991001274;OPERACAO_PARTICIPANTE;13990.002112563200000;
202511;1781;1998003574;COTAS;52448729.351448000000000;49767689000173
202511;2231;1994001518;COTAS;502.914633000000000;
202511;1674;1989002056;COTAS;165155.877224000000000;
202511;2231;2010002474;COTAS;11904928.219867000000000;
202511;1715;9970000000;COTAS;2190681.564852000000000;
202511;2066;1974000192;COTAS;16963700.225067000000000;
202511;2231;2011001218;COTAS;782877.510682000000000;
202511;2231;2010002474;COTAS;99839.343080000000000;
202511;2258;2016000929;COTAS;2768085.773124000000000;50620290000144
202511;2258;2020003465;COTAS;1066012.810571000000000;50620435000107
202511;2258;2017001538;COTAS;67643.921801000000000;
202511;2258;2023000092;VL_PG_RC;-6112.090000000000000;
202511;1674;1989002056;VL_PG_RC;51507.850000000000000;
202511;2258;1994001356;CAIXA;0.000000000000000;
202511;1818;9970000000;COTAS;1042148.119969000000000;02498096000195
202511;2231;1994001518;COTAS;10070.226938000000000;
202511;2258;2017001538;COTAS;12943171.009555000000000;50634860000155
202511;1674;2019001918;COTAS;634206.905081000000000;
202511;2292;1990002129;COTAS;159460.874568000000000;
202511;1972;2005001783;COTAS;135963597.578754000000000;
202511;2231;2011001218;COTAS;312713.492577000000000;
202511;2052;1990000983;VL_PG_RC;0.000000000000000;
202511;1674;2014000492;COTAS;284981.421908000000000;
202511;1852;1985001047;COTAS;333583655.130000000000000;58331524000145
202511;1715;9970000000;COTAS;785150.475347000000000;
202511;2258;1994001429;CAIXA;0.480000000000000;
202511;1972;2005001783;COTAS;26054894.146066000000000;
202511;2231;2010002229;COTAS;462169272.061283000000000;44900441000115
202511;1969;9970000000;COTAS;167338.083859000000000;46205976000100
202511;2292;1998002829;COTAS;2782459.867503000000000;
202511;1674;2019001918;COTAS;2035751.205015000000000;
202511;2258;2019000318;COTAS;3387564.499141000000000;50620435000107
202511;2292;1998002829;COTAS;4490472.596722000000000;
202511;1715;9970000000;COTAS;615506.776884000000000;
202511;2258;1996002147;COTAS;225832.325331000000000;
202511;2083;1999005211;VL_PG_RC;52775849.700000000000000;
202511;2258;2019001756;COTAS;193537.156622000000000;50620435000107
202511;2258;2019002256;VL_PG_RC;-189087.180000000000000;
202511;1883;2006003356;COTAS;4541722.320000000000000;
202511;1972;2005001783;CAIXA;133233.820000000000000;
202511;1674;2014000492;COTAS;44169912.189301000000000;
202511;2231;2012001947;COTAS;1931964.271274000000000;
202511;1746;1982003065;COTAS;204872.941500000000000;
202511;2083;2000008283;COTAS;44938946.402073000000000;03573959000104
202511;1746;1982003065;COTAS;9973181.960852000000000;
202511;2231;2010002474;COTAS;6145774.216020000000000;
202511;2258;1997004356;COTAS;59487.473935000000000;
202511;1688;1979002274;OPERACAO_PARTICIPANTE;23385063.109711509400000;
202511;2292;2016000392;CAIXA;109210.810000000000000;
202511;2083;2000008283;COTAS;11025349.822279000000000;11308040000111
202511;1972;2005001783;COTAS;148739122.754008000000000;
202511;2231;2012001947;COTAS;27600927.968459000000000;44703472000186
202511;2292;2016000392;COTAS;932648.209391000000000;
202511;2258;2019003147;COTAS;6125688.137731000000000;50620290000144
202511;1674;2014000492;COTAS;3542622.988649000000000;
202511;2258;2019003392;COTAS;540211.036090000000000;50620435000107
202511;1701;1999000838;COTAS;7033193.728856000000000;
202511;1674;2014000492;COTAS;25873593.750654000000000;
202511;1746;1982003065;COTAS;63202688.961546000000000;
202511;2231;2010002474;COTAS;106427072.006109000000000;
202511;2258;2020001292;COTAS;25399.184472000000000;
202511;2231;2012001947;COTAS;22762435.456378000000000;44703483000166
202511;2258;1997004356;VL_PG_RC;-199584.810000000000000;
202511;2258;2020002019;CAIXA;1423329.460000000000000;
202511;1883;2006003356;COTAS;63344635.571689000000000;
202511;2231;2012001947;OPERACAO_PARTICIPANTE;5261213.159992984300000;
202511;2231;2011001218;COTAS;425352.245451000000000;
202511;2066;1974000192;COTAS;26085463.285296000000000;
202511;1715;1979000174;COTAS;12561094.610936000000000;
202511;2231;1994001518;IMOVEIS;492968.570000000000000;
202511;1715;1979000174;TIT_PRIV;249736.000000000000000;
202511;1883;9970000000;CAIXA;4856.170000000000000;
202511;2258;2020002892;COTAS;6667732.054894000000000;51059511000110
202511;2231;2014001383;OPERACAO_PARTICIPANTE;757158.670000000000000;
202511;1763;1990000819;COTAS;136581.968789000000000;
202511;2231;2008003019;COTAS;137446.813150000000000;
202511;1911;1994001992;VL_PG_RC;-14351.660000000000000;
202511;2083;2012000274;VL_PG_RC;-15216.150000000000000;
202511;1763;1990000819;COTAS;9923436.960958000000000;
202511;2258;1998006956;COTAS;109521431.931889000000000;50620290000144
202511;2258;1999002229;COTAS;107420628.186827000000000;50620290000144
202511;2083;2020000229;COTAS;3713934.355591000000000;28849695000108
202511;2231;2018002074;COTAS;2095547.254980000000000;44900441000115
202511;2258;2020002892;VL_PG_RC;-10581.950000000000000;
202511;2066;1974000192;COTAS;81211087.965492000000000;
202511;2258;2001000618;COTAS;32854.484901000000000;
202511;1781;1904000118;COTAS;726329965.832771000000000;05832319000105
202511;1781;1980000174;ACOES;51480416874.380000000000000;
202511;2231;2013001665;COTAS;358789.852101000000000;
202511;2066;1974000192;COTAS;1656148.478513000000000;
202511;2258;1990000118;COTAS;8754579.410000000000000;
202511;2258;1989000118;COTAS;99283968.482432000000000;50634860000155
202511;1911;1998004147;COTAS;1313801.274854000000000;21791224000139
202511;1781;1980000174;COTAS;11535942.964490000000000;
202511;1715;2008004619;CAIXA;68112.050000000000000;
202511;2258;2001000618;VL_PG_RC;-16309.610000000000000;
202511;2169;1972000111;COTAS;8054.342253000000000;
202511;2213;1991002483;TIT_PUB;64257118.840000000000000;
202511;2292;2018002538;COTAS;409194.000000000000000;
202511;2231;2011001218;COTAS;12383465.112565000000000;44900441000115
202511;2066;9970000000;VL_PG_RC;0.000000000000000;
202511;2258;2023000092;COTAS;1338.947181000000000;
202511;2258;1990000118;COTAS;788281.697376000000000;
202511;2231;1979003483;OPERACAO_PARTICIPANTE;0.000000000000000;
202511;1972;2007000229;COTAS;8188466.070137000000000;
202511;2292;1990002129;VL_PG_RC;-1354.940000000000000;
202511;2231;2013001665;OPERACAO_PARTICIPANTE;1110961.560000000000000;
202511;1911;1998004147;COTAS;10276224.201625000000000;50069086000187
202511;2292;1998002756;COTAS;3198775.805359000000000;
202511;2083;1995002356;VL_PG_RC;-13148.850000000000000;
202511;2231;2010002474;OPERACAO_PARTICIPANTE;5272280.890046879900000;
202511;2258;1990000118;COTAS;1015614.410526000000000;
202511;1972;2005001783;COTAS;1551995.247237000000000;
202511;2258;1992000492;COTAS;43358.725169000000000;
202511;2231;1982002719;OPERACAO_PARTICIPANTE;358388.090000000000000;
202511;2231;2013001665;COTAS;24514008.175310000000000;
202511;1972;2005001783;COTAS;149190168.587270000000000;46449503000140
202511;2231;1987000511;TIT_PUB;748508.080000000000000;
202511;1674;2014000492;COTAS;296082.814433000000000;
202511;2231;1992000956;COTAS;133488.803790000000000;
202511;2258;1989000118;COTAS;53813.964439000000000;
202511;1911;1998005518;COTAS;7936520.460889000000000;25401546000185
202511;2258;1990000118;COTAS;644171.494346000000000;
202511;1781;1980000174;COTAS;39205627.775709000000000;
202511;1972;2007000229;CAIXA;34318.080000000000000;
202511;2292;2018002538;COTAS;11840071.958510000000000;
202511;2258;2002001138;COTAS;967626.171197000000000;50620435000107
202511;1972;2007000229;TIT_PUB;860774119.870000000000000;
202511;1991;1980000565;COTAS;286419536.086363000000000;
202511;1991;2017000892;VL_PG_RC;-872.920000000000000;
202511;2258;1990000118;COTAS;444147.225730000000000;
202511;2083;1999005211;COTAS;108556288.448602000000000;28849695000108
202511;2258;1992000565;COTAS;660034.550470000000000;
202511;2083;2000008283;TIT_PRIV;219044.950000000000000;
202511;2258;1993002847;COTAS;4559568.835952000000000;50620435000107
202511;2258;1990000118;COTAS;3874083.298554000000000;
202511;1715;2008004619;COTAS;14499219.337554000000000;
202511;1991;2017000892;COTAS;3270975.707514000000000;
202511;2258;1992000565;COTAS;4112050.593149000000000;50634601000124
202511;2231;2018002074;CAIXA;19763.960000000000000;
202511;2018;9970000000;COTAS;10573495.782773000000000;
202511;2258;2003003029;VL_PG_RC;-67004.690000000000000;
202511;2302;1988000483;COTAS;6636474.595692000000000;
202511;2258;1993002847;VL_PG_RC;-61333.180000000000000;
202511;2292;1998002756;COTAS;10494322.132966000000000;
202511;1781;2019002711;VL_PG_RC;-171.680000000000000;
202511;2083;2011002192;COTAS;2075889.985602000000000;03573959000104
202511;2258;2005005347;CAIXA;0.000000000000000;
202511;1804;4018040083;VL_PG_RC;0.000000000000000;
202511;2018;1980001065;COTAS;2208621.138231000000000;
202511;2258;1981001565;COTAS;3317450.881360000000000;50620572000141
202511;2021;1991001274;IMOVEIS;86879.730000000000000;
202511;2083;2019002329;CAIXA;13207.580000000000000;
202511;2258;1992000565;COTAS;12411805.182571000000000;50634860000155
202511;2258;1993003029;COTAS;1618776.594130000000000;50620435000107
202511;2258;2005005347;COTAS;7899.388853000000000;
202511;2258;1993003029;COTAS;49397561.149499000000000;50620290000144
202511;2052;9970000000;VL_PG_RC;0.000000000000000;
202511;2231;2008003019;CAIXA;151.260000000000000;
202511;1715;9970000000;COTAS;4530387.925514000000000;
202511;2258;2006000683;COTAS;16220452.059028000000000;50625158000125
202511;2083;2019002329;VL_PG_RC;-61982.970000000000000;
202511;1729;1990001092;COTAS;32838255.443740000000000;
202511;2258;1992000719;VL_PG_RC;-156835.330000000000000;
202511;1911;1998005518;COTAS;323045093.113059000000000;50069086000187
202511;2018;9970000000;CAIXA;0.000000000000000;
202511;2258;1994001356;COTAS;21770276.663174000000000;50634601000124
202511;1746;1982003065;COTAS;5949931.604909000000000;
202511;1674;2014000492;TIT_PUB;2117590.380000000000000;
202511;1911;1999002156;COTAS;13699.634595000000000;
202511;1674;2015000356;COTAS;20255790.555575000000000;
202511;2258;1990000118;COTAS;641330.829702000000000;
202511;2021;1979001138;COTAS;43810219.720825000000000;
202511;2316;1979000719;COTAS;1001155.890834000000000;
202511;2021;1991001274;CAIXA;1630.720000000000000;
202511;2231;2010002229;CAIXA;1062688.950000000000000;
202511;2258;1993002847;CAIXA;236594.730000000000000;
202511;2083;9970000000;COTAS;67168765.251008000000000;00856171000117
202511;2258;1990000118;COTAS;1220031.275013000000000;
202511;1821;1980002274;CAIXA;19618870.470000000000000;
202511;2292;1998002756;COTAS;13735114.584397000000000;
202511;2066;1974000192;COTAS;269587.038970000000000;
202511;1852;1985001047;VL_PG_RC;1468704.990000000000000;
202511;2258;2006006411;VL_PG_RC;-18553.370000000000000;
202511;2258;1993003811;COTAS;12337584.640170000000000;50625158000125
202511;2231;2010002474;COTAS;5832290.003051000000000;
202511;2292;1998002756;COTAS;627813997.773857000000000;14549707000166
202511;2316;1979000719;IMOVEIS;510886.450000000000000;
202511;2066;1974000192;COTAS;11659735.688095000000000;
202511;2258;1994001747;COTAS;1512725.454622000000000;50620435000107
202511;2066;1974000192;COTAS;36020.911649000000000;
202511;2258;1995003719;COTAS;7392223.490140000000000;50620435000107
202511;2316;2015001311;COTAS;91641373.297899000000000;30509257000134
202511;2258;2007002256;VL_PG_RC;-26762.900000000000000;
202511;1911;1999002156;COTAS;95364.313534000000000;
202511;2231;2012001947;COTAS;649710.017779000000000;
202511;2231;2013001665;COTAS;2063092.121669000000000;44703493000100
202511;1852;9970000000;COTAS;21736525.977400000000000;58332017000126
202511;2258;1990000118;COTAS;48040946.294226000000000;07892341000168
202511;2083;9970000000;COTAS;131221233.619970000000000;03256787000145
202511;2258;1990000118;COTAS;3037589.128214000000000;29983486000107
202511;2316;2015001492;COTAS;1806476.103396000000000;
202511;1746;1982003065;COTAS;68649649.651956000000000;17041023000147
202511;2107;9970000000;VL_PG_RC;0.000000000000000;
202511;1911;1992001618;COTAS;91586.711057000000000;21791224000139
202511;2316;2015001492;IMOVEIS;40023285.640000000000000;
202511;2052;2006001011;VL_PG_RC;0.000000000000000;
202511;2258;1994003138;COTAS;36740032.139695000000000;51059511000110
202511;2258;2007002418;COTAS;6452676.730401000000000;50620572000141
202511;1911;2000006183;OPERACAO_PARTICIPANTE;13489036.739194839600000;
202511;2258;1990000118;VL_PG_RC;938601.500000000000000;
202511;1674;2016000783;COTAS;11065717.931737000000000;
202511;1911;2006001411;COTAS;990360.123470000000000;52277799000161
202511;1674;2016000783;COTAS;73358.627026000000000;
202511;2395;1994001811;CAIXA;709639.900000000000000;
202511;2231;2013001665;TIT_PUB;24020836.730000000000000;
202511;2258;1992000719;TIT_PRIV;372123.960000000000000;
202511;1674;2019001918;COTAS;5583368.546729000000000;
202511;2258;1993000992;VL_PG_RC;-81563.600000000000000;
202511;2292;1998002756;TIT_PUB;37473571.090000000000000;
202511;2052;9970000000;COTAS;476159.800006000000000;
202511;2258;1994001747;CAIXA;79169.980000000000000;
202511;2071;1986000583;VL_PG_RC;111804.730000000000000;
202511;2258;1994001356;COTAS;99784880.771525000000000;50620290000144
202511;1911;2006005847;COTAS;3022316.610971000000000;
202511;1781;1904000118;COTAS;25958472.563851000000000;49766712000105
202511;1911;2006005847;COTAS;1515063.210084000000000;26304143000180
202511;2258;2007002418;COTAS;682185.169164000000000;50641862000171
202511;2083;1973000156;COTAS;33778977.776681000000000;00856171000117
202511;2071;9970000000;VL_PG_RC;0.000000000000000;
202511;1911;1998004147;COTAS;867832.113824000000000;26304143000180
202511;2138;1981001311;COTAS;48764045.515091000000000;
202511;2395;1994001811;COTAS;4276920.322306000000000;
202511;2258;2007003465;COTAS;2130058.398198000000000;50620435000107
202511;2138;9970000000;VL_PG_RC;0.000000000000000;
202511;2258;1994003138;COTAS;89023.316754000000000;
202511;2231;2014001383;TIT_PUB;81269540.180000000000000;
202511;1911;2006005847;OPERACAO_PARTICIPANTE;2357666.523058721600000;
202511;1911;1999002156;COTAS;1388932.826309000000000;
202511;1911;2007001292;COTAS;1342202.547604000000000;26304143000180
202511;2258;1994003138;VL_PG_RC;-98316.120000000000000;
202511;2292;2016000392;COTAS;352615.395137000000000;
202511;2395;1994001811;COTAS;26277747.568281000000000;
202511;2258;1996000829;COTAS;119194727.454023000000000;51059844000149
202511;2083;1973000156;COTAS;191900442.562128000000000;41881531000118
202511;2292;2016000392;TIT_PUB;1476541.420000000000000;
202511;1674;2019001918;COTAS;1333043.756228000000000;
202511;2258;1994003138;COTAS;8260562.108622000000000;52980608000123
202511;2258;2008000338;COTAS;7319922.554613000000000;50634860000155
202511;2231;2019003074;COTAS;93721.823199000000000;
202511;2258;1995000183;CAIXA;6027.570000000000000;
202511;2395;9970000000;CAIXA;206032.300000000000000;
202511;2231;2019003074;IMOVEIS;3172359.660000000000000;
202511;2169;1972000111;COTAS;18834368.014105000000000;
202511;2258;1990000118;COTAS;2980276.673204000000000;
202511;2083;1999005211;CAIXA;1126180.870000000000000;
202511;2258;1990000118;COTAS;126824.352478000000000;
202511;1688;2021001865;COTAS;6379026.583250000000000;04786973000159
202511;1911;1999002156;VL_PG_RC;-34878.630000000000000;
202511;2258;1995000183;COTAS;2267958.258487000000000;50620572000141
202511;1911;2000006183;COTAS;11466417.706586000000000;42479278000133
202511;2292;2018002538;CAIXA;102352.300000000000000;
202511;1911;2009003365;COTAS;2799.459167000000000;
202511;2258;1996002147;COTAS;27394899.725616000000000;51059511000110
202511;1701;9970000000;CAIXA;0.000000000000000;
202511;2258;1995000183;COTAS;7512325.400884000000000;51059844000149
202511;2292;2018002538;COTAS;4781844.464211000000000;
202511;2083;1973000156;TIT_PUB;8785653641.560000000000000;
202511;1715;1979000174;COTAS;1922675.797576000000000;
202511;1781;1998003574;COTAS;6413790040.264339000000000;19294570000160
202511;1911;2013001274;COTAS;106691.850000000000000;57235960000158
202511;2258;2010005783;COTAS;5733753.298301000000000;50620435000107
202511;2169;1999000374;COTAS;15208633.327627000000000;
202511;2083;1999005211;COTAS;77148488.843895000000000;11308040000111
202511;2422;1982001356;CAIXA;2538.870000000000000;
202511;1781;2019002711;COTAS;71602490.421005000000000;49766541000114
202511;2258;1995003174;CAIXA;665298.580000000000000;
202511;1715;1979000174;COTAS;20189282.321049000000000;
202511;2172;2020000865;CAIXA;230289.430000000000000;
202511;2258;1995003174;COTAS;18332.485907000000000;
202511;2083;1999005211;TIT_PUB;6392613495.250000000000000;
202511;2258;1996002147;VL_PG_RC;-59263.520000000000000;
202511;2083;2011002192;COTAS;152448960.137558000000000;05170419000105
202511;2258;1996002465;COTAS;323214670.344287000000000;50620290000144
202511;2172;2020000865;VL_PG_RC;-1423.800000000000000;
202511;2083;2011002265;COTAS;2029607.828361000000000;03573959000104
202511;2258;1996001329;VL_PG_RC;-42247.550000000000000;
202511;2258;1995003719;COTAS;10731245.344841000000000;50634860000155
202511;2422;2002002665;OPERACAO_PARTICIPANTE;1337.020001946600000;
202511;2083;2011002192;COTAS;109236389.338343000000000;14437383000174
202511;2258;1996000829;CAIXA;20437.060000000000000;
202511;2422;2002003238;VL_PG_RC;-20824.750000000000000;
202511;1911;2000006183;COTAS;216409979.684699000000000;50069086000187
202511;2083;2012000274;COTAS;3427612.834637000000000;03573959000104
202511;2258;2012001319;COTAS;1674.355480000000000;
202511;2258;1996000829;COTAS;310760524.762403000000000;51059511000110
202511;2083;2011002265;VL_PG_RC;-5069.710000000000000;
202511;1715;1979000174;COTAS;14381678.255352000000000;
202511;2258;1992000492;VL_PG_RC;-43492.560000000000000;
202511;2083;9970000000;COTAS;67802609.708251000000000;03519674000195
202511;2258;1997000547;COTAS;433399.680887000000000;
202511;2083;2012000274;COTAS;1674096.741325000000000;34792991000104
202511;2258;1993002847;COTAS;64404.415046000000000;
202511;2258;1995003174;COTAS;117853748.475766000000000;50620290000144
202511;2258;2014000247;COTAS;634720.594189000000000;50620290000144
202511;2333;2019000938;CAIXA;47155.280000000000000;
202511;2258;2014001529;COTAS;4467654.442190000000000;50620435000107
202511;1715;1979000174;COTAS;8347635.063861000000000;
202511;2107;9970000000;CAIXA;66973.530000000000000;
202511;2213;9970000000;VL_PG_RC;0.000000000000000;
202511;2138;1981001311;VL_PG_RC;-87570.200000000000000;
202511;1911;2000006183;COTAS;83836639.901108000000000;54366569000102
202511;2231;2010002229;COTAS;98917413.482916000000000;44703472000186
202511;1911;2005004847;COTAS;3661.966052000000000;
202511;2231;2011001218;COTAS;137744.452928000000000;
202511;2258;1993002847;COTAS;6255280.330077000000000;50625158000125
202511;2231;2012001947;COTAS;1616078.737596000000000;
202511;2258;1996000829;VL_PG_RC;-301901.820000000000000;
202511;2231;2012001947;COTAS;20480820.219032000000000;44703493000100
202511;2258;1993003029;COTAS;10591665.708673000000000;50625158000125
202511;1852;1985001047;COTAS;219843262.646315000000000;17329754000192
202511;2231;2012001947;VL_PG_RC;-278427.620000000000000;
202511;2231;2013001665;COTAS;238946.722391000000000;
202511;2231;2014001383;COTAS;603324.351627000000000;
202511;2231;2019003074;COTAS;2445297.828050000000000;44703493000100
202511;2258;1993003811;VL_PG_RC;-115361.380000000000000;
202511;1883;2006003356;COTAS;90539164.112167000000000;
202511;2258;1994001429;COTAS;96588175.552703000000000;50620290000144
202511;2258;1998002365;VL_PG_RC;-120601.570000000000000;
202511;2258;1994001747;COTAS;14285693.091814000000000;50634860000155
202511;1911;1997003211;COTAS;22247277.515160000000000;21791224000139
202511;2231;2019003074;TIT_PUB;22893468.590000000000000;
202511;2258;1999002229;CAIXA;1374913.170000000000000;
202511;2258;1994003138;COTAS;8277915.431100000000000;51059284000122
202511;2231;9970000000;VL_PG_RC;0.000000000000000;
202511;1911;1997003211;COTAS;13484206.318081000000000;52277799000161
202511;2258;1999003829;COTAS;26332863.832084000000000;50620572000141
202511;2258;1995003719;CAIXA;3760571.250000000000000;
202511;1911;1999002156;COTAS;3252202.445296000000000;26304143000180
202511;2258;1981001565;COTAS;3778391.369588000000000;
202511;1715;1979000174;IMOVEIS;3292643.960000000000000;
202511;2258;1981001565;COTAS;3919761.752941000000000;50634860000155
202511;2395;1994001811;COTAS;29649233.313063000000000;
202511;2258;1995003719;VL_PG_RC;-3817748.160000000000000;
202511;1715;9970000000;COTAS;2317958.112140000000000;
202511;2258;2015000518;COTAS;46933849.571742000000000;50634860000155
202511;2258;1998006956;CAIXA;0.000000000000000;
202511;2258;1996001329;COTAS;67051543.420441000000000;50620290000144
202511;1911;2006001411;VL_PG_RC;-37246.260000000000000;
202511;2155;1985000938;COTAS;73036340.583298000000000;38066095000119
202511;2258;2000004156;VL_PG_RC;-17255.960000000000000;
202511;2395;1994001811;COTAS;6587821.136335000000000;
202511;2258;1998005356;CAIXA;1581172.720000000000000;
202511;2395;1994001811;COTAS;4841669.818239000000000;
202511;2258;2003002911;COTAS;29673.478130000000000;
202511;2258;1996002147;COTAS;10040095.551287000000000;50620435000107
202511;2422;1982001747;IMOVEIS;1726474.320000000000000;
202511;2258;1990000118;COTAS;192886.287662000000000;
202511;2258;1998005356;COTAS;328598.501367000000000;
202511;1911;2000006183;COTAS;6462467.443728000000000;
202511;2258;2016000929;COTAS;21378684.438059000000000;50620572000141
202511;2422;2002003718;IMOVEIS;981925.420000000000000;
202511;2258;1999002229;COTAS;2305217.785892000000000;50620435000107
202511;2258;1999003683;VL_PG_RC;-999877.500000000000000;
202511;2258;2017001619;VL_PG_RC;-3123.700000000000000;
202511;1911;2007001292;OPERACAO_PARTICIPANTE;2488210.238733806500000;
202511;2422;1994003847;VL_PG_RC;-896.840000000000000;
202511;1911;2000006183;COTAS;7642668.921280000000000;57235960000158
202511;2258;2006000683;COTAS;261690021.190468000000000;50620290000144
202511;2258;1999000765;CAIXA;0.640000000000000;
202511;2155;1985000938;VL_PG_RC;-12293.880000000000000;
202511;1911;2006005847;COTAS;57059.404325000000000;54366569000102
202511;2258;1999000765;VL_PG_RC;-18927.160000000000000;
202511;2258;2019001292;COTAS;73.829149000000000;
202511;2083;2020000229;COTAS;27529957.704668000000000;09296055000165
202511;2258;2006000683;COTAS;1482789.271106000000000;50620819000120
202511;2258;1999003829;COTAS;10862150.672994000000000;50625158000125
202511;2258;1999002229;COTAS;25602744.801554000000000;50634860000155
202511;1746;1982003065;COTAS;4657110.331809000000000;
202511;2422;2002004218;COTAS;160411654.256376000000000;14205056000197
202511;1911;9970000000;COTAS;7551837.629042000000000;50069086000187
202511;1911;2008003183;COTAS;4547966.296461000000000;26304143000180
202511;2258;1990000118;COTAS;6058124.554079000000000;
202511;2141;1980001219;CAIXA;2014.980000000000000;
202511;1746;1982003065;TIT_PUB;497767934.340000000000000;
202511;2258;2000006019;COTAS;24030293.408310000000000;50620290000144
202511;2422;2002003238;ACOES;1876.190000000000000;
202511;1911;2007001292;COTAS;3866.418124000000000;
202511;1911;2009003365;COTAS;1520788.694425000000000;
202511;2258;2003002911;VL_PG_RC;-109295.080000000000000;
202511;2258;2019001292;COTAS;2233218.751865000000000;50620572000141
202511;2258;2005005347;COTAS;7235918.774810000000000;50620435000107
202511;1911;2013001274;VL_PG_RC;-2908.960000000000000;
202511;2258;2006003283;CAIXA;3477.030000000000000;
202511;2258;1990000118;COTAS;5535206.078839000000000;
202511;2258;2005005411;VL_PG_RC;-25397.630000000000000;
202511;2155;1985000938;COTAS;50094911.826742000000000;38090040000144
202511;2258;2006003283;COTAS;1778.974018000000000;
202511;2422;2002003556;VL_PG_RC;-40899.570000000000000;
202511;2258;2006006411;CAIXA;1731.610000000000000;
202511;2258;2006000683;COTAS;103583.049169000000000;
202511;2258;2006001647;COTAS;226929701.450806000000000;07892341000168
202511;1911;2007001292;COTAS;2149893.653438000000000;
202511;2258;2006001647;CAIXA;9484.820000000000000;
202511;2258;1990000118;COTAS;57379323.700072000000000;50625158000125
202511;2258;2019001756;CAIXA;0.000000000000000;
202511;2422;2002003718;CAIXA;181339.490000000000000;
202511;2258;2007000611;VL_PG_RC;-60068.530000000000000;
202511;1924;1989000347;COTAS;10912992.590001000000000;41888673000107
202511;2169;1999000374;CAIXA;93947.340000000000000;
202511;1763;1990000819;COTAS;15915464.771634000000000;
202511;2155;1985000938;COTAS;805032141.167671000000000;55947120000192
202511;2169;9970000000;COTAS;4529562.101692000000000;
202511;1911;2008003183;COTAS;4629001.914856000000000;25401546000185
202511;2258;2019002256;CAIXA;174652.880000000000000;
202511;2258;2002001138;COTAS;2873.178007000000000;
202511;2422;2002004218;VL_PG_RC;-145543.690000000000000;
202511;2258;1999002229;COTAS;240561.822168000000000;
202511;2258;1992000565;COTAS;11526089.995080000000000;50625158000125
202511;2169;1999000374;COTAS;16859883.793437000000000;
202511;2422;9970000000;ACOES;2281.540000000000000;
202511;2258;1993000992;COTAS;14014113.571788000000000;50620435000107
202511;2258;2007002256;COTAS;53131085.931194000000000;50625158000125
202511;1924;1989000274;COTAS;7724553.636742000000000;
202511;2258;2006001647;COTAS;11340879.162218000000000;
202511;2258;2007003211;COTAS;29659553.873741000000000;50625158000125
202511;2258;2006006111;COTAS;3647331.457363000000000;50620435000107
202511;2258;2006001647;COTAS;293187483.539668000000000;10412071000155
202511;2484;9970000000;VL_PG_RC;-737.420000000000000;
202511;2169;9970000000;VL_PG_RC;-103.530000000000000;
202511;2258;2006001647;TIT_PUB;44734950.180000000000000;
202511;1781;1980000174;COTAS;64353744.000000000000000;
202511;2525;1979004511;COTAS;41.153099000000000;
202511;2258;2000004156;COTAS;36608.875975000000000;50620290000144
202511;1781;1998003574;COTAS;3811994.199992000000000;
202511;1924;2008003711;COTAS;11103143.840013000000000;
202511;2258;2019003147;VL_PG_RC;-8033.150000000000000;
202511;2169;1999000374;COTAS;19384087.134169000000000;
202511;2258;2008000338;COTAS;20744362.582160000000000;50620290000144
202511;2258;2008001792;TIT_PUB;32534427.070000000000000;
202511;2172;1988003229;CAIXA;14487.060000000000000;
202511;2258;2019003211;CAIXA;0.000000000000000;
202511;2258;2007002256;COTAS;8622277.031064000000000;50620290000144
202511;2172;2005005592;COTAS;39340776.914963000000000;31615302000106
202511;1781;1998003574;COTAS;4346899904.972135000000000;01873685000143
202511;2258;2007002256;COTAS;2406317.543914000000000;50620819000120
202511;1781;1998003574;COTAS;295549329.310437000000000;49767385000106
202511;2258;2012000983;VL_PG_RC;-19770.080000000000000;
202511;2258;2000004474;COTAS;149125621.876090000000000;04052631000105
202511;2525;1979004511;COTAS;2101038.976723000000000;05194813000183
202511;1924;9970000000;COTAS;1581805.689998000000000;15044971000100
202511;2525;2009003756;COTAS;63116254.424410000000000;45521758000103
202511;2213;1991002483;COTAS;40070685.290288000000000;
202511;2422;2002004447;IMOVEIS;16896325.210000000000000;
202511;1924;9970000000;CAIXA;2370.020000000000000;
202511;1972;2005001783;COTAS;11523345.804234000000000;
202511;2258;2000004474;COTAS;149766227.052332000000000;50625158000125
202511;2213;1991002483;VL_PG_RC;-23432.310000000000000;
202511;2213;1991002483;COTAS;226094003.750001000000000;28581086000102
202511;2258;1993002847;COTAS;100497184.897251000000000;50620290000144
202511;2258;2007002418;COTAS;9164452.206641000000000;50620290000144
202511;1972;9970000000;COTAS;1190840.583754000000000;
202511;2231;1982002638;COTAS;3468918.975663000000000;
202511;2525;2020002256;COTAS;4352029.239344000000000;04573108000124
202511;2258;2002001138;COTAS;2776798.766554000000000;50625158000125
202511;2525;9970000000;CAIXA;270675.500000000000000;
202511;2231;1982002719;COTAS;124706.803352000000000;
202511;2556;1993000119;CAIXA;286385.020000000000000;
202511;1969;1981000356;OPERACAO_PARTICIPANTE;8117051.010000000000000;
202511;2258;2006006111;COTAS;255275530.116399000000000;50620572000141
202511;1969;1999004019;COTAS;146020459.765364000000000;04519722000108
202511;2231;1992000956;COTAS;20426.986917000000000;
202511;1991;1996003119;COTAS;269452979.729970000000000;
202511;2258;2022003047;COTAS;60.137677000000000;
202511;2258;2007000547;COTAS;1960234.756318000000000;50620290000144
202511;2258;2007002418;COTAS;7024221.264850000000000;50620819000120
202511;2231;1994001518;COTAS;29772972.032129000000000;
202511;2231;1982002719;COTAS;128769.759410000000000;
202511;2292;1990002129;COTAS;407888.707062000000000;
202511;2258;2000004474;VL_PG_RC;-176585.830000000000000;
202511;2258;2008000338;COTAS;737060.959501000000000;50620435000107
202511;1911;2013001274;COTAS;311525.003308000000000;25401546000185
202511;2258;2008001792;COTAS;99592.476877000000000;
202511;2484;2004001992;COTAS;60133975.994032000000000;49361982000136
202511;2258;2002001138;CAIXA;146274.330000000000000;
202511;2231;2010002229;COTAS;13588365.271189000000000;
202511;2258;2012001165;COTAS;63423606.279475000000000;50625158000125
202511;2258;2007002418;COTAS;39550.400110000000000;
202511;1781;1998003574;COTAS;744628113.774310000000000;49769782000117
202511;1969;9970000000;COTAS;159305.268812000000000;21596653000155
202511;2258;1994001429;COTAS;112050.339304000000000;
202511;2258;2007003211;VL_PG_RC;-53728.400000000000000;
202511;2484;2004001992;COTAS;16039606.368050000000000;49498790000176
202511;2258;2008001792;COTAS;138044920.410541000000000;50625158000125
202511;2258;2010001338;CAIXA;146694.610000000000000;
202511;2258;2010005783;COTAS;25275.633653000000000;
202511;2004;9970000000;CAIXA;835.100000000000000;
202511;2258;2006006111;COTAS;38632076.724982000000000;50634860000155
202511;2556;1993000119;COTAS;92777.326040000000000;
202511;1972;2005001783;COTAS;152665651.686095000000000;
202511;2556;1993000119;OPERACAO_PARTICIPANTE;10625448.624305000000000;
202511;1781;1998003574;IMOVEIS;1326533273.270000000000000;
202511;2525;1974000265;COTAS;12074128.999539000000000;
202511;2258;2010001338;COTAS;22507.991366000000000;
202511;2231;2013001665;COTAS;157753.614002000000000;
202511;2258;2007000611;COTAS;49810.737886000000000;50620435000107
202511;2018;1980001065;COTAS;12389689.203891000000000;
202511;2556;1998007618;COTAS;6497607.015602000000000;
202511;2258;2014001529;COTAS;7822202.558315000000000;50620290000144
202511;2231;2014001383;COTAS;213525.598776000000000;
202511;2556;1998007618;VL_PG_RC;65803638.930000000000000;
202511;2231;1987000511;VL_PG_RC;-0.500000000000000;
202511;2231;2014001383;COTAS;216768.362204000000000;
202511;2231;2018002074;COTAS;773583.694502000000000;44703493000100
202511;2258;2007002418;CAIXA;0.000000000000000;
202511;2258;2007003211;COTAS;27322658.766302000000000;50620435000107
202511;2258;2014001618;CAIXA;69748.240000000000000;
202511;2231;1992000956;COTAS;120940.010258000000000;
202511;2231;2008003019;COTAS;10604.132377000000000;
202511;2258;2012000983;CAIXA;242657.280000000000000;
202511;1911;2018001711;OPERACAO_PARTICIPANTE;3918781.577933474700000;
202511;2231;2008003019;COTAS;66408.229419000000000;
202511;2231;2019003074;CAIXA;47349.780000000000000;
202511;2258;2018001256;CAIXA;0.000000000000000;
202511;2231;2008003019;COTAS;7440000.787826000000000;
202511;1972;2005001783;COTAS;43078326.367647000000000;11090936000177
202511;1924;2008003711;COTAS;55018015.519999000000000;41888673000107
202511;2231;2019003074;COTAS;99707.078999000000000;
202511;2258;2012000983;COTAS;3676890.880789000000000;50620435000107
202511;2258;2008001792;OPERACAO_PARTICIPANTE;683182.676132000000000;
202511;2258;2015000518;COTAS;18969301.452035000000000;04052631000105
202511;2292;1990002129;COTAS;4586687.410358000000000;61521870000109
202511;2231;2019003074;COTAS;102441.892136000000000;
202511;1969;1999004019;COTAS;258465579.273435000000000;46205976000100
202511;2292;1998002756;COTAS;39046233.454026000000000;50765883000107
202511;2258;2012001165;VL_PG_RC;-47983.090000000000000;
202511;2018;2016001811;COTAS;21518432.934723000000000;
202511;2258;2019000318;COTAS;13123038.033228000000000;50620819000120
202511;2292;1998002829;TIT_PUB;1366285509.990000000000000;
202511;2258;2010005783;CAIXA;0.000000000000000;
202511;2231;2019003074;COTAS;513556.306041000000000;
202511;2258;2012000983;COTAS;26963.484095000000000;
202511;2231;2010002474;COTAS;4057853.851834000000000;
202511;1969;1999004019;COTAS;19150136.200000000000000;59196694000127
202511;1972;2005001783;COTAS;35988733.295598000000000;15166133000100
202511;2258;2014000719;VL_PG_RC;-57354.920000000000000;
202511;2258;2016000929;CAIXA;0.160000000000000;
202511;2258;2012001092;VL_PG_RC;-94813.900000000000000;
202511;2258;2015000518;CAIXA;0.000000000000000;
202511;2231;2011001218;OPERACAO_PARTICIPANTE;1605248.260000000000000;
202511;2525;1974000265;IMOVEIS;3351027.210000000000000;
202511;2258;2017001074;COTAS;2018081.327857000000000;50620290000144
202511;1969;9970000000;COTAS;146490.444115000000000;13969771000133
202511;1972;2007000229;COTAS;41197042.763176000000000;
202511;1972;2007000229;COTAS;7943173.289139000000000;
202511;2066;1974000192;COTAS;4548952.132717000000000;
202511;2066;9970000000;CAIXA;240796.370000000000000;
202511;2258;2016000929;COTAS;2587.622438000000000;
202511;2083;1995002356;COTAS;11385093.194579000000000;05170419000105
202511;2083;2011002192;VL_PG_RC;-655.590000000000000;
202511;2258;2016000929;COTAS;7584788.762149000000000;50625158000125
202511;2083;2019002329;COTAS;6358201.942381000000000;03573959000104
202511;2525;2009003756;COTAS;763235742.346136000000000;
202511;1972;9970000000;COTAS;11160877.955982000000000;
202511;2258;2016001038;CAIXA;0.000000000000000;
202511;2083;2019002329;COTAS;7060972.538093000000000;35600762000103
202511;2525;2009003756;COTAS;57711472.369350000000000;54874511000161
202511;2258;2017001147;COTAS;97461.127622000000000;
202511;2525;2020002256;COTAS;5574113.350078000000000;05194813000183
202511;2525;2020002256;COTAS;1304750.481856000000000;54874511000161
202511;2021;1991001274;COTAS;18552458.563944000000000;
202511;2083;2020000229;CAIXA;3913.770000000000000;
202511;2258;2017001147;COTAS;48689638.937682000000000;50625158000125
202511;2525;2023000556;COTAS;3501703.829178000000000;04573108000124
202511;2525;2023000556;COTAS;700538.710333000000000;45494526000103
202511;2066;1974000192;COTAS;226775210.559737000000000;
202511;2556;1993000119;COTAS;4900703.472401000000000;
202511;2258;2017001619;COTAS;2434967.511721000000000;04052631000105
202511;2066;1974000192;COTAS;760349.283782000000000;
202511;2083;2020000229;COTAS;248505541.899679000000000;05170419000105
202511;2258;2019001292;CAIXA;11816.070000000000000;
202511;2083;2020000229;COTAS;2718045.221258000000000;11308040000111
202511;2066;1974000192;COTAS;167987728.389259000000000;
202511;1991;1996003119;COTAS;37225082.230246000000000;
202511;2258;2019002256;COTAS;96804051.948462000000000;50620572000141
202511;2258;2019003147;COTAS;2761231.633553000000000;50634860000155
202511;2004;1987001729;VL_PG_RC;-0.270000000000000;
202511;2258;2020001111;COTAS;25019506.160387000000000;50620290000144
202511;2018;1980001065;COTAS;28668755.106485000000000;
202511;2258;2020001292;COTAS;19650458.806493000000000;50634860000155
202511;2018;2016001811;COTAS;6807178.749675000000000;
202511;2258;2021000974;COTAS;89905.139181000000000;
202511;2258;2021000974;COTAS;134111847.612290000000000;50625158000125
202511;2258;2017001147;CAIXA;122286.240000000000000;
202511;2258;2019000318;OPERACAO_PARTICIPANTE;296497.500000000000000;
202511;2231;2012001947;COTAS;603433.714648000000000;
202511;2258;1996002147;COTAS;13675357.911590000000000;50634860000155
202511;2169;1972000111;COTAS;48099219.660095000000000;
202511;2556;2018001574;CAIXA;4763.080000000000000;
202511;2258;1981001565;CAIXA;1000.000000000000000;
202511;2169;1972000111;COTAS;37345067.289618000000000;
202511;2231;2012001947;COTAS;2474071.365521000000000;
202511;2258;2015000811;COTAS;100022437.153633000000000;50620572000141
202511;2169;1999000374;OPERACAO_PARTICIPANTE;3773574.280009262900000;
202511;2258;1998002365;COTAS;112878132.319207000000000;50620435000107
202511;2258;2019001756;COTAS;2153115.583227000000000;50634601000124
202511;2231;2013001665;COTAS;2284096.312584000000000;44703483000166
202511;2587;9970000000;VL_PG_RC;3397.660000000000000;
202511;2258;1999000765;COTAS;21399911.579911000000000;50620290000144
202511;2258;2021000974;VL_PG_RC;1272.170000000000000;
202511;2231;1982002638;TIT_PUB;673631.190000000000000;
202511;2258;2017001538;COTAS;224228272.355425000000000;50620290000144
202511;2556;1993000119;TIT_PUB;1219202381.530000000000000;
202511;2258;2000004474;COTAS;173871376.754071000000000;50620290000144
202511;2258;2019002256;COTAS;108923641.741636000000000;50620435000107
202511;2292;2018002538;VL_PG_RC;150174.020000000000000;
202511;2258;2019002256;COTAS;57310632.845699000000000;50634860000155
202511;2083;1995002356;TIT_PUB;21646606.800000000000000;
202511;2083;2000008283;COTAS;141155796.978777000000000;09296055000165
202511;2231;2013001665;COTAS;10229822.095325000000000;44900441000115
202511;2083;2000008283;OPERACAO_PARTICIPANTE;66643339.542780999300000;
202511;2302;1988000319;COTAS;20758673.985564000000000;29106500000194
202511;2258;2020002892;CAIXA;1580.200000000000000;
202511;2258;1981001565;TIT_PUB;32177643.510000000000000;
202511;2556;1998007618;COTAS;885098.691953000000000;
202511;2231;2013001665;VL_PG_RC;-35743.940000000000000;
202511;2258;2017001074;COTAS;35800.378364000000000;
202511;2258;2017001538;COTAS;1288778.181987000000000;50620819000120
202511;2258;2000006019;CAIXA;0.000000000000000;
202511;2231;1982002719;COTAS;14474003.744856000000000;
202511;2302;1988000483;COTAS;327305196.451652000000000;
202511;2258;2003003029;COTAS;87529.898304000000000;
202511;2561;1999000447;COTAS;118719474.594301000000000;
202511;2258;2023000092;COTAS;1897347.127822000000000;50620435000107
202511;2561;2014000174;COTAS;686260809.511609000000000;
202511;2258;2019003211;COTAS;2019991.356760000000000;50620290000144
202511;2258;2016001038;COTAS;26753902.808215000000000;50620290000144
202511;2258;2020002892;COTAS;4150.873900000000000;
202511;2659;2000002447;COTAS;21631725.321407000000000;
202511;2561;2014001219;COTAS;27861017.846595000000000;40226038000100
202511;2258;2006000683;COTAS;35419447.684281000000000;50634860000155
202511;2258;2006000683;VL_PG_RC;-109053.330000000000000;
202511;2258;2023001129;VL_PG_RC;-9166.530000000000000;
202511;2395;1994001811;COTAS;65411191.325102000000000;
202511;2561;9970000000;COTAS;523164.364272000000000;
202511;1781;2019002711;COTAS;6390973.846185000000000;40021645000125
202511;1781;2019002711;COTAS;11639279.266986000000000;49769782000117
202511;2258;2016001119;VL_PG_RC;-1062.450000000000000;
202511;2292;1998002756;COTAS;111232.893259000000000;
202511;2231;2018002074;COTAS;25370.880426000000000;
202511;2693;1993000811;OPERACAO_PARTICIPANTE;945153.420000000000000;
202511;2292;1998002756;COTAS;1114493.499000000000000;
202511;2258;2019003211;COTAS;2072337.082203000000000;50641862000171
202511;2258;2006001647;COTAS;29995202.002183000000000;50620435000107
202511;2659;2000002447;CAIXA;6938.940000000000000;
202511;2258;2006006111;CAIXA;0.000000000000000;
202511;2292;1998002756;COTAS;877256.187000000000000;
202511;2258;2017001074;VL_PG_RC;-8297.330000000000000;
202511;2258;2017001538;VL_PG_RC;-52707.170000000000000;
202511;2258;1989000118;COTAS;2855418.220602000000000;50620435000107
202511;2231;1982002883;VL_PG_RC;-39758.660000000000000;
202511;2258;2017001147;VL_PG_RC;-15089.200000000000000;
202511;2292;1998002756;IMOVEIS;4840558.090000000000000;
202511;2258;2018001256;VL_PG_RC;-75411.950000000000000;
202511;2083;2011002265;CAIXA;59.790000000000000;
202511;2231;1992000956;COTAS;22327.556770000000000;
202511;2021;2013001118;TIT_PUB;3748169.650000000000000;
202511;1781;9970000000;COTAS;1490217772.626458000000000;11328936000162
202511;2693;2021001938;COTAS;117930.229943000000000;
202511;2258;2007000547;CAIXA;0.000000000000000;
202511;2066;1974000192;OPERACAO_PARTICIPANTE;898888.769964981000000;
202511;2258;2007002418;COTAS;7552418.496810000000000;50634601000124
202511;2693;2021001938;COTAS;153148.859479000000000;
202511;2659;2000002447;COTAS;10738040.595120000000000;
202511;2258;1989000738;CAIXA;4049.480000000000000;
202511;2292;1998002829;COTAS;2065645.901656000000000;
202511;2258;2007002892;COTAS;84544517.940824000000000;50641862000171
202511;2083;2012000274;COTAS;1598391.238210000000000;16569908000150
202511;2659;2000002447;COTAS;248674904.021612000000000;04982274000184
202511;2292;1998002829;COTAS;23329765.432377000000000;
202511;2659;2000002447;COTAS;370293679.705003000000000;23964361000153
202511;2292;1998002829;COTAS;28977521.105680000000000;41562294000122
202511;2083;2020001438;TIT_PRIV;27287934.100000000000000;
202511;2659;9970000000;COTAS;13317374.725364000000000;
202511;2258;1989000118;COTAS;38897761.235351000000000;50625158000125
202511;2258;2019001365;COTAS;40920683.631788000000000;50620435000107
202511;2231;1994001518;COTAS;10842.485664000000000;
202511;2258;1989000118;VL_PG_RC;-79553.460000000000000;
202511;2258;2007003211;COTAS;36326782.733292000000000;50620290000144
202511;1804;1988001838;COTAS;11241443.347931000000000;
202511;2258;2021000974;CAIXA;375.140000000000000;
202511;2395;1994001811;COTAS;21616428.854144000000000;
202511;2258;1992000565;COTAS;21294723.593797000000000;50620290000144
202511;2107;9970000000;TIT_PUB;232203.300000000000000;
202511;2693;1993000811;COTAS;61172201.344385000000000;41727284000108
202511;1818;2002000174;COTAS;191464949.199866000000000;01631246000124
202511;2258;1992000719;COTAS;297882.046714000000000;
202511;2292;2016000392;COTAS;47757.856128000000000;
202511;2258;2020003465;COTAS;2525374.356115000000000;50625158000125
202511;2258;2019003392;VL_PG_RC;-937.940000000000000;
202511;2066;1974000192;TIT_PRIV;73279087.960000000000000;
202511;2258;2008001792;VL_PG_RC;-17850.310000000000000;
202511;2258;1992000719;OPERACAO_PARTICIPANTE;93567.550000000000000;
202511;2292;2018002538;COTAS;14429075.479812000000000;61521870000109
202511;1883;2006003356;COTAS;6631729.200000000000000;
202511;2258;1990000118;COTAS;1658281.980149000000000;22282955000111
202511;2693;2021001938;COTAS;122265.151244000000000;
202511;2258;2021000974;COTAS;46217690.805683000000000;50634860000155
202511;2258;2020001111;COTAS;37153650.969192000000000;50625158000125
202511;2721;2004002018;COTAS;4384589.271658000000000;
202511;2258;2010001656;CAIXA;22.090000000000000;
202511;2302;1988000319;COTAS;24585474.450401000000000;29092660000121
202511;2796;2015001174;VL_PG_RC;599.820000000000000;
202511;2258;2014001618;COTAS;10547449.126231000000000;50620290000144
202511;2292;1990002129;COTAS;60395.205518000000000;
202511;2258;2015000518;COTAS;32744.036024000000000;
202511;1883;2006003356;COTAS;15052168.192266000000000;
202511;2395;9970000000;COTAS;9097394.218066000000000;
202511;2811;1993002774;COTAS;5647246.408321000000000;
202511;2302;1988000483;COTAS;26488007.444366000000000;
202511;1883;9970000000;VL_PG_RC;0.000000000000000;
202511;2302;1988000483;COTAS;10158266.628445000000000;03100395000192
202511;2258;2015000811;COTAS;15283.480618000000000;
202511;2083;1973000156;IMOVEIS;692345378.360000000000000;
202511;1911;1992001618;COTAS;702474.970280000000000;52277799000161
202511;2302;1988000483;COTAS;701073696.872521000000000;20887247000189
202511;2141;1980001219;COTAS;4177096.228969000000000;
202511;2258;2019003211;COTAS;2751.657981000000000;
202511;2258;1993002847;COTAS;17520499.696162000000000;50634860000155
202511;2231;1998000583;COTAS;1999691.658288000000000;
202511;2292;1998002756;COTAS;68290.976426000000000;
202511;2258;2019003211;COTAS;1184772.852901000000000;50634860000155
202511;1911;1994001992;COTAS;3462937.925914000000000;
202511;2258;1992000492;CAIXA;0.000000000000000;
202511;2258;2020001111;COTAS;36602.606833000000000;
202511;2258;1992000565;TIT_PUB;36691878.120000000000000;
202511;2231;1998000583;VL_PG_RC;0.000000000000000;
202511;2302;9970000000;CAIXA;14798.580000000000000;
202511;2811;1993002774;COTAS;1418139.443920000000000;
202511;2316;1979000719;COTAS;403793.834103000000000;
202511;2292;1998002756;COTAS;448409.353594000000000;
202511;2231;2008003019;COTAS;4241.875118000000000;
202511;2155;9970000000;COTAS;921858.354711000000000;
202511;2231;2010002229;OPERACAO_PARTICIPANTE;29509807.950975233700000;
202511;2083;1999005211;TIT_PRIV;41640456.450000000000000;
202511;2231;2011001218;VL_PG_RC;-25987.950000000000000;
202511;2169;1972000111;CAIXA;81202.400000000000000;
202511;2292;1998002829;COTAS;1481455.000000000000000;
202511;2258;2023000092;CAIXA;0.000000000000000;
202511;2258;2015000811;VL_PG_RC;-197199.460000000000000;
202511;2258;2023001129;CAIXA;50624.740000000000000;
202511;2258;2020001111;COTAS;25979780.619580000000000;50634860000155
202511;2422;1994003847;OPERACAO_PARTICIPANTE;64.910494809200000;
202511;2292;1998002829;COTAS;8337347.139638000000000;
202511;2258;2017001074;CAIXA;38562.180000000000000;
202511;2258;2020002019;COTAS;36849994.056284000000000;50620290000144
202511;2231;2013001665;COTAS;2796811.662470000000000;44703472000186
202511;2316;2023001447;COTAS;22208.573962000000000;27292841000176
202511;2811;9970000000;COTAS;226171.448105000000000;
202511;2258;1993000992;COTAS;7460024.471749000000000;50634860000155
202511;2083;2011002192;CAIXA;59.940000000000000;
202511;2316;9970000000;VL_PG_RC;-2976.080000000000000;
202511;2231;2014001383;COTAS;9904.097450000000000;
202511;2258;1993002847;COTAS;5622407.070441000000000;50620572000141
202511;2258;1993003811;CAIXA;233363.550000000000000;
202511;2292;1990002129;TIT_PUB;66426571.490000000000000;
202511;2258;1993003029;VL_PG_RC;-41137.530000000000000;
202511;2169;1999000374;COTAS;35056965.150651000000000;
202511;2811;1993002774;COTAS;2007092.499217000000000;
202511;2231;2014001383;COTAS;803070.713800000000000;
202511;2083;2012000274;COTAS;64211485.682177000000000;05170419000105
202511;2811;1993002774;COTAS;23473521.752828000000000;
202511;2258;1995000183;VL_PG_RC;-87276.210000000000000;
202511;2333;1992001065;VL_PG_RC;-8806.800000000000000;
202511;2292;2016000392;COTAS;5433262.923989000000000;61521870000109
202511;2258;1994003138;CAIXA;9761.250000000000000;
202511;2811;1993002774;COTAS;4852905.833765000000000;
202511;2258;1995000183;COTAS;132635.170330000000000;
202511;2395;1994001811;COTAS;1337309.117449000000000;
202511;2258;2017001147;COTAS;626584.044426000000000;50620819000120
202511;2258;2020002892;COTAS;770784.944912000000000;
202511;2258;1996002147;COTAS;18831528.839586000000000;51059844000149
202511;2258;2020003465;VL_PG_RC;-43739.400000000000000;
202511;2258;1996001329;CAIXA;0.000000000000000;
202511;2292;2016000392;VL_PG_RC;143619.250000000000000;
202511;2258;9970000000;CAIXA;423377.680000000000000;
202511;2823;1994000392;COTAS;316263.860040000000000;
202511;2292;1998002756;COTAS;1890585.500000000000000;
202511;2172;2005005592;COTAS;263951718.627090000000000;31615254000148
202511;2292;1998002756;COTAS;26765650.925970000000000;
202511;2422;2002002738;COTAS;11186378.627016000000000;14205056000197
202511;2213;1991002483;CAIXA;2167579.910000000000000;
202511;2422;2002003483;COTAS;10433361.678758000000000;14205056000197
202511;2083;2012000274;OPERACAO_PARTICIPANTE;47721.020000000000000;
202511;2231;2014001383;COTAS;13663982.769166000000000;
202511;2258;2018001256;COTAS;165155280.951793000000000;50620290000144
202511;2823;1994000465;COTAS;25148816.947946000000000;
202511;2231;2018002074;COTAS;471967.311858000000000;44703483000166
202511;2138;9970000000;CAIXA;1432.490000000000000;
202511;2231;9970000000;COTAS;25438096.118256000000000;
202511;2231;1987000511;OPERACAO_PARTICIPANTE;0.000000000000000;
202511;2141;9970000000;COTAS;1153439.598733000000000;
202511;2823;1994000392;COTAS;1731782.402323000000000;
202511;2231;1992000956;CAIXA;10597.920000000000000;
202511;2172;9970000000;CAIXA;17081.780000000000000;
202511;2231;2010002229;COTAS;8006771.439991000000000;
202511;2258;1996002147;CAIXA;345166.950000000000000;
202511;1911;1997003211;COTAS;15340870.241699000000000;
202511;2823;1994000538;COTAS;26264947.147278000000000;
202511;1911;1998004147;COTAS;497737.237514000000000;
202511;2292;2018002538;COTAS;929163.679337000000000;
202511;2258;1999003683;COTAS;9625373.529843000000000;50620819000120
202511;2302;1988000483;COTAS;63604177.475556000000000;17786475000158
202511;2258;2000006019;COTAS;10698.541200000000000;
202511;2258;2007002892;CAIXA;0.000000000000000;
202511;1911;1998005518;COTAS;30606321.109431000000000;52277799000161
202511;2422;2002003556;IMOVEIS;840474.270000000000000;
202511;2823;1994000538;COTAS;4584738.885162000000000;
202511;2292;1998002756;COTAS;240192929.678368000000000;
202511;2422;2002003718;VL_PG_RC;-179137.990000000000000;
202511;2292;1998002829;COTAS;12474238.851319000000000;
202511;2292;1998002829;VL_PG_RC;276786.280000000000000;
202511;2258;2020001292;CAIXA;0.000000000000000;
202511;2422;2002004218;IMOVEIS;4519013.840000000000000;
202511;2292;2016000392;COTAS;58551208.037674000000000;
202511;2258;2020002892;COTAS;4258065.915642000000000;51059844000149
202511;2841;1993003592;COTAS;814741.215495000000000;51911677000112
202511;2292;2016000392;COTAS;5862473.569856000000000;41562294000122
202511;2292;1998002756;COTAS;5845308.761430000000000;
202511;1911;2006001411;COTAS;11129715.203024000000000;36521640000194
202511;2841;2005004529;CAIXA;278442.870000000000000;
202511;2292;2018002538;COTAS;893577.996424000000000;
202511;2292;2018002538;COTAS;1283160.699350000000000;
202511;2841;2005004529;COTAS;-6119.402137000000000;
202511;2292;2018002538;OPERACAO_PARTICIPANTE;6420800.018850000000000;
202511;2422;2002004218;OPERACAO_PARTICIPANTE;2584412.601387275000000;
202511;2841;2005004529;COTAS;24657.554750000000000;
202511;1911;2007001292;COTAS;2578248.750676000000000;21791224000139
202511;2841;2005004529;COTAS;6736934.557773000000000;
202511;2422;2002004374;COTAS;175403.354669000000000;14205056000197
202511;2292;1998002756;VL_PG_RC;1465457.150000000000000;
202511;2302;1988000483;COTAS;64346820.010996000000000;17786540000145
202511;2841;2005004611;ACOES;6384000.000000000000000;
202511;2484;2004001992;COTAS;205603956.321480000000000;14985743000172
202511;2302;9970000000;COTAS;692608.746671000000000;
202511;2258;1998002365;COTAS;103971.192563000000000;
202511;2395;1994001811;COTAS;1083336.344202000000000;
202511;2292;2016000392;COTAS;18279.143586000000000;
202511;2316;2015001311;COTAS;181413.182439000000000;
202511;2316;2015001492;OPERACAO_PARTICIPANTE;9391367.829975187900000;
202511;2292;2018002538;COTAS;1168839.539045000000000;
202511;2258;1998005356;COTAS;9615081.959329000000000;50620435000107
202511;2841;2005004611;COTAS;63105673.277346000000000;
202511;2258;2019000318;COTAS;16399090.082484000000000;50634860000155
202511;2841;2005004611;COTAS;210328033.650649000000000;51911677000112
202511;2213;1991002483;IMOVEIS;8117872.780000000000000;
202511;2302;1988000483;COTAS;66028661.714499000000000;41799343000145
202511;2316;2023001447;COTAS;377356.496194000000000;
202511;2484;2004001992;VL_PG_RC;-15985.290000000000000;
202511;2292;9970000000;CAIXA;106468.630000000000000;
202511;2484;2005000183;COTAS;53983829.302009000000000;18138920000136
202511;2231;1982002719;COTAS;114091.696665000000000;
202511;1911;9970000000;COTAS;1788041.029325000000000;52277799000161
202511;1924;1989000274;COTAS;30393468.100738000000000;15060248000115
202511;2258;2019002256;COTAS;23205241.866514000000000;50620819000120
202511;2292;9970000000;VL_PG_RC;0.000000000000000;
202511;2823;1994000392;COTAS;6034285.187887000000000;
202511;2258;1990000118;CAIXA;1106670.180000000000000;
202511;2258;1999002229;COTAS;427544825.386738000000000;51079513000170
202511;2316;2023001447;COTAS;69172.809327000000000;
202511;2854;1995002518;VL_PG_RC;-1712.460000000000000;
202511;2302;1988000319;COTAS;25578122.591093000000000;03100395000192
202511;2909;1993003411;COTAS;643310034.318316000000000;34867805000159
202511;2302;1988000319;VL_PG_RC;0.000000000000000;
202511;2292;1998002756;COTAS;1541374.348245000000000;
202511;2258;2008000338;COTAS;8688.056910000000000;
202511;2395;1994001811;COTAS;23913867.757621000000000;
202511;2258;2010005783;COTAS;2450507.595446000000000;04052631000105
202511;2258;1990000118;COTAS;511466.897102000000000;
202511;2395;1994001811;COTAS;36146080.444544000000000;
202511;1924;1989000347;COTAS;91262904.740002000000000;15060253000128
202511;2912;1993003738;COTAS;150669.064318000000000;
202511;1924;2008003711;COTAS;20410587.230001000000000;
202511;2912;1993003738;COTAS;1372130.449863000000000;27619757000114
202511;1924;9970000000;COTAS;331608.619999000000000;15060248000115
202511;2231;2010002229;COTAS;80004766.987649000000000;44703483000166
202511;1972;2005001783;COTAS;5693203.240643000000000;
202511;2422;2002002665;CAIXA;19273.060000000000000;
202511;2258;1999003683;COTAS;61086979.812794000000000;50620290000144
202511;2258;2001000618;COTAS;6290542.994884000000000;
202511;2422;2002004447;VL_PG_RC;-572236.740000000000000;
202511;2258;2001000618;COTAS;17388094.846125000000000;50625158000125
202511;2823;1994000538;COTAS;17561530.892273000000000;
202511;2316;1979000719;CAIXA;2291.770000000000000;
202511;2484;2004001992;COTAS;272645787.152831000000000;18138920000136
202511;2231;1982002883;COTAS;319817.041788000000000;
202511;2258;2010005783;COTAS;17911982.825257000000000;50620572000141
202511;2231;1994001518;COTAS;59540.564626000000000;
202511;2912;9970000000;VL_PG_RC;0.000000000000000;
202511;2302;1988000483;COTAS;27292987.360570000000000;
202511;2258;2003003029;COTAS;111696139.075624000000000;50625158000125
202511;2258;2010005783;COTAS;13343123.278610000000000;50625158000125
202511;1972;2007000229;COTAS;3040607.233054000000000;
202511;2258;2006001647;COTAS;236544.602353000000000;
202511;2231;2010002474;COTAS;2017605.300551000000000;
202511;2258;2010005783;VL_PG_RC;-20595.870000000000000;
202511;2823;1994000538;COTAS;15008550.035735000000000;
202511;2525;1974000265;COTAS;36289714.683372000000000;05194813000183
202511;2525;1974000265;COTAS;63277248.353346000000000;45494526000103
202511;2931;1994000211;COTAS;35439157.723132000000000;
202511;2231;2010002474;COTAS;2210843.076633000000000;
202511;2302;1988000483;COTAS;67102369.466744000000000;
202511;2258;2019003147;COTAS;1086511.091768000000000;50620435000107
202511;1972;2007000229;OPERACAO_PARTICIPANTE;1210401.840000000000000;
202511;2231;2008003019;COTAS;575.578429000000000;
202511;2258;2020001111;CAIXA;3531.040000000000000;
202511;2258;2007000611;COTAS;31651.076707000000000;
202511;2258;2020002019;VL_PG_RC;-56421.240000000000000;
202511;2292;1998002756;COTAS;835259.618056000000000;
202511;2302;1988000483;COTAS;9979390.961964000000000;29092660000121
202511;2231;2008003019;COTAS;9701.346611000000000;
202511;2525;1979004511;COTAS;272853.011169000000000;
202511;2991;1985000547;TIT_PUB;71052808.370000000000000;
202511;2292;1998002829;COTAS;2440844.021545000000000;
202511;2316;9970000000;CAIXA;32649.940000000000000;
202511;2258;2022003047;CAIXA;13661.950000000000000;
202511;2258;1992000565;CAIXA;704120.460000000000000;
202511;2316;1979000719;COTAS;2622215.783478000000000;
202511;2292;1998002756;COTAS;735879.753011000000000;
202511;2258;2012001092;COTAS;62459567.574496000000000;50625158000125
202511;2231;2011001218;COTAS;206472.184210000000000;
202511;2258;1993000992;COTAS;22664.231307000000000;
202511;2525;2009003756;COTAS;7139917.939046000000000;
202511;2258;2012001165;COTAS;29771627.172361000000000;50620572000141
202511;2525;2009003756;COTAS;216442431.394125000000000;04573108000124
202511;2525;2009003756;TIT_PUB;31539348.670000000000000;
202511;2231;2008003019;COTAS;3591975.830956000000000;44900441000115
202511;2292;1998002829;IMOVEIS;23332585.610000000000000;
202511;2258;2007003211;CAIXA;0.000000000000000;
202511;2292;1998002756;COTAS;1291259.810073000000000;
202511;2316;2015001492;CAIXA;10257.640000000000000;
202511;2292;1998002756;COTAS;3858263.237714000000000;50799566000101
202511;2525;2023000556;COTAS;22194002.509706000000000;
202511;2258;2012001319;VL_PG_RC;-2895.330000000000000;
202511;2316;9970000000;COTAS;51619.724278000000000;
202511;2991;1994002492;COTAS;4416717.149600000000000;
202511;2258;1994001356;COTAS;17186.988087000000000;
202511;2231;2010002229;IMOVEIS;71566903.730000000000000;
202511;2316;9970000000;COTAS;1793709.104082000000000;
202511;2316;2023001447;CAIXA;308.350000000000000;
202511;2556;1998007618;COTAS;3818372.503519000000000;
202511;2316;1979000719;COTAS;9929007.645744000000000;27292841000176
202511;2258;2014001529;COTAS;3782.710868000000000;
202511;2292;2018002538;COTAS;408123.455994000000000;
202511;2292;1998002829;CAIXA;215725.910000000000000;
202511;2231;2010002474;TIT_PUB;955142412.700000000000000;
202511;2823;1994000538;VL_PG_RC;4912504.300000000000000;
202511;2556;1998007618;COTAS;2091360.588132000000000;
202511;2231;2012001947;COTAS;155287136.300344000000000;44900441000115
202511;2231;2011001218;COTAS;2355548.695585000000000;44703483000166
202511;2292;2018002538;COTAS;100683847.469372000000000;50765883000107
202511;1972;9970000000;COTAS;469885.220954000000000;
202511;2302;1988000483;COTAS;701489023.139366000000000;14399693000141
202511;2258;1995000183;COTAS;7252511.030881000000000;50625158000125
202511;2258;2008001792;CAIXA;7632.350000000000000;
202511;2556;1998007618;COTAS;85864492.783821000000000;41672376000120
202511;2316;2023001447;COTAS;369029.757955000000000;
202511;2231;2011001218;COTAS;2178266.206052000000000;44703493000100
202511;2525;2020002256;COTAS;37527.799789000000000;
202511;2231;2012001947;CAIXA;319604.630000000000000;
202511;2556;9970000000;COTAS;3997045.682814000000000;
202511;2231;2012001947;TIT_PUB;151265170.340000000000000;
202511;2841;1993003592;VL_PG_RC;-11852.550000000000000;
202511;2258;2009001656;COTAS;4285520.359035000000000;50620435000107
202511;2525;2020002256;COTAS;1440997.110743000000000;45494526000103
202511;2316;2015001311;COTAS;7931961.229846000000000;
202511;2561;1999000447;COTAS;526234.657955000000000;
202511;2316;2023001447;COTAS;482498.713389000000000;
202511;2258;2014001529;COTAS;5905174.323235000000000;50625158000125
202511;2231;2013001665;CAIXA;1079.400000000000000;
202511;2292;2018002538;COTAS;3414694.255927000000000;
202511;2231;2012001947;COTAS;659577.154286000000000;
202511;2302;1988000483;COTAS;8674791.733464000000000;29106500000194
202511;2525;2023000556;COTAS;75055.599577000000000;
202511;2231;2013001665;COTAS;5671.991973000000000;
202511;1972;9970000000;VL_PG_RC;-75.400000000000000;
202511;2231;2014001383;COTAS;453070.343993000000000;
202511;2561;2014000174;VL_PG_RC;-12648.350000000000000;
202511;2258;1995000183;COTAS;90087980.764916000000000;51059511000110
202511;2258;1995003174;VL_PG_RC;-57370.710000000000000;
202511;2231;2018002074;COTAS;42786521.085662000000000;
202511;2258;2012001092;COTAS;50015669.611556000000000;50620435000107
202511;2333;2019000938;COTAS;7108397.448449000000000;
202511;2231;2019003074;COTAS;554889.371039000000000;
202511;2841;2005004529;IMOVEIS;10568699.980000000000000;
202511;2302;1988000483;VL_PG_RC;-88914.860000000000000;
202511;2231;2014001383;COTAS;1172882.126288000000000;
202511;2231;2019003074;COTAS;4792.118549000000000;
202511;2231;2014001383;COTAS;687305.083764000000000;
202511;2991;1994002492;COTAS;11821968.550621000000000;
202511;2292;2018002538;COTAS;29368.626570000000000;
202511;2659;2000002447;COTAS;9889408.281360000000000;
202511;2292;2018002538;COTAS;442353.511860000000000;
202511;2395;1994001811;COTAS;40262099.148878000000000;
202511;2258;1995003719;COTAS;49597250.059721000000000;50620290000144
202511;2231;2019003074;COTAS;14942335.517178000000000;44900441000115
202511;2258;1995003719;COTAS;10626402.568947000000000;50620819000120
202511;2333;1992001065;COTAS;764998532.713909000000000;04288830000117
202511;2395;1994001811;COTAS;17217667.766852000000000;
202511;1991;1980000565;CAIXA;14048.420000000000000;
202511;2292;2018002538;COTAS;1727026.779539000000000;
202511;2991;1994002492;COTAS;8066359.541886000000000;
202511;2991;9970000000;CAIXA;25129.280000000000000;
202511;2556;1998007618;COTAS;290292.238116000000000;
202511;1991;1980000565;COTAS;447253766.516091000000000;35153518000140
202511;2302;1988002011;COTAS;253861501.054526000000000;03100395000192
202511;2422;1982001356;IMOVEIS;13561.330000000000000;
202511;2258;1995003719;COTAS;3663337.941265000000000;50641862000171
202511;2231;2014001383;VL_PG_RC;-41438.730000000000000;
202511;2302;1988002011;COTAS;206601255.642637000000000;29106500000194
202511;2258;2015000811;CAIXA;190189.240000000000000;
202511;2316;2015001311;OPERACAO_PARTICIPANTE;35512363.059666967000000;
202511;2556;1998007618;TIT_PRIV;329937477.760000000000000;
202511;2841;2005004611;COTAS;9863.021900000000000;
202511;2316;1979000719;COTAS;367360.881878000000000;27292836000163
202511;2693;1993000811;COTAS;40766657.700513000000000;48330517000175
202511;2561;1999000447;COTAS;28775263.167737000000000;
202511;2302;9970000000;VL_PG_RC;0.000000000000000;
202511;2004;9970000000;VL_PG_RC;-10295.620000000000000;
202511;2231;2018002074;VL_PG_RC;-22404.690000000000000;
202511;2258;1996000829;COTAS;330138.648993000000000;
202511;3037;1994001119;COTAS;185237.558850000000000;
202511;2561;2014001219;CAIXA;35710.120000000000000;
202511;2693;2021001938;COTAS;1302625.672299000000000;
202511;2021;2013001118;IMOVEIS;12669.710000000000000;
202511;2316;2015001492;COTAS;1550190.952126000000000;
202511;2395;1994001811;COTAS;14033782.157066000000000;
202511;2659;2000002447;COTAS;11469655.344579000000000;
202511;2422;1994003383;COTAS;2556578.808687000000000;14205056000197
202511;2721;2004002018;COTAS;7213530.294468000000000;13425746000199
202511;2258;2019001365;TIT_PUB;5025825.260000000000000;
202511;2231;2019003074;OPERACAO_PARTICIPANTE;7179914.280082656200000;
202511;2258;1996000829;COTAS;119086544.145535000000000;04052631000105
202511;3037;1994001119;COTAS;13638340.242173000000000;
202511;2422;2002002738;OPERACAO_PARTICIPANTE;76.530107587800000;
202511;2841;2005004611;COTAS;1538265.056637000000000;
202511;2258;1989000738;VL_PG_RC;-47181.510000000000000;
202511;2258;1996000829;COTAS;43594349.615003000000000;52980608000123
202511;2422;2002004374;OPERACAO_PARTICIPANTE;389038.671799663300000;
202511;2258;1996002147;COTAS;9909685.820398000000000;51059284000122
202511;2422;2002004447;ACOES;61843.480000000000000;
202511;2258;1996002465;COTAS;116364.266116000000000;
202511;2841;9970000000;COTAS;2185249.380530000000000;51854557000120
202511;2071;1986000583;COTAS;155566984.427860000000000;05164317000187
202511;2912;1993003738;COTAS;17614656.216831000000000;
202511;2316;1979000719;OPERACAO_PARTICIPANTE;16964.840000000000000;
202511;2316;2023001447;COTAS;93934.992133000000000;
202511;2659;2000002447;COTAS;12637454.197606000000000;
202511;2316;1979000719;VL_PG_RC;-12407.260000000000000;
202511;2231;2019003074;VL_PG_RC;-46191.820000000000000;
202511;2395;1994001811;COTAS;6669338.240247000000000;
202511;2258;1989000118;COTAS;29805491.353663000000000;50620290000144
202511;2693;1993000811;CAIXA;53027.420000000000000;
202511;2258;1997000547;VL_PG_RC;0.000000000000000;
202511;2258;2014000247;CAIXA;24064.340000000000000;
202511;2511;1992001529;CAIXA;204677.580000000000000;
202511;2721;2004002018;COTAS;344121443.987080000000000;13914334000112
202511;2258;2019003147;COTAS;2651.428600000000000;
202511;2796;2015001174;COTAS;44370547.127286000000000;14298820000116
202511;2395;1994001811;COTAS;49099369.062986000000000;
202511;2422;1982001747;OPERACAO_PARTICIPANTE;2365.810076211300000;
202511;2811;1993002774;ACOES;8956068.000000000000000;
202511;2258;2019003147;COTAS;16655.624805000000000;50625158000125
202511;2811;1993002774;COTAS;8663379.571122000000000;
202511;2525;1974000265;COTAS;2843359.923890000000000;
202511;2422;1994003847;COTAS;797645.200526000000000;14205056000197
202511;2525;2009003756;COTAS;4900703.414098000000000;
202511;2422;2002002819;CAIXA;68653.060000000000000;
202511;2258;2014000719;COTAS;82506997.292699000000000;50625158000125
202511;2912;1993003738;COTAS;2425329.314093000000000;09544240000121
202511;2258;2000004156;COTAS;6534.499909000000000;
202511;2395;1994001811;COTAS;2746107.252747000000000;
202511;2258;2000006019;VL_PG_RC;-11948.470000000000000;
202511;2258;1989000118;COTAS;12743916.561736000000000;50641862000171
202511;2693;2021001938;COTAS;1093335.026635000000000;41727284000108
202511;2258;2019003392;COTAS;311950.975859000000000;50641862000171
202511;2316;2015001311;COTAS;6895637.200955000000000;
202511;2258;2001000618;CAIXA;5000.000000000000000;
202511;2071;9970000000;COTAS;397667.186616000000000;
202511;2258;1990000118;COTAS;3034032.757691000000000;
202511;2395;1994001811;COTAS;6323000.012842000000000;
202511;2083;1973000156;OPERACAO_PARTICIPANTE;156503876.843408828400000;
202511;2258;1989000738;COTAS;126726.416466000000000;
202511;2422;1982001356;VL_PG_RC;-437.380000000000000;
202511;2556;1993000119;IMOVEIS;63031869.170000000000000;
202511;2556;1998007618;COTAS;1261919.189386000000000;
202511;2258;2003002911;CAIXA;0.000000000000000;
202511;3037;9970000000;COTAS;1759692.679995000000000;
202511;2931;1994000211;COTAS;45062324.981218000000000;
202511;2693;2021001938;OPERACAO_PARTICIPANTE;1734.070000000000000;
202511;2991;1994002492;COTAS;324521.066948000000000;
202511;2422;1994003383;OPERACAO_PARTICIPANTE;2650.710051150200000;
202511;2316;2015001311;COTAS;868499022.786641000000000;27292841000176
202511;2316;2015001311;IMOVEIS;25422822.550000000000000;
202511;2422;2002003483;ACOES;3617.020000000000000;
202511;2556;2018001574;TIT_PUB;6981730.930000000000000;
202511;2422;2002003483;CAIXA;157584.480000000000000;
202511;2316;2015001492;COTAS;489470609.506761000000000;27292841000176
202511;2422;1994003911;VL_PG_RC;-64098.100000000000000;
202511;2258;1990000118;COTAS;32147440.082665000000000;
202511;2422;2002002738;IMOVEIS;1311168.180000000000000;
202511;2258;1990000118;COTAS;203097.566347000000000;
202511;2258;2014001618;COTAS;624.959924000000000;
202511;3099;1996002392;VL_PG_RC;-2667.890000000000000;
202511;2556;9970000000;CAIXA;823402.840000000000000;
202511;2422;2002004218;ACOES;7269.090000000000000;
202511;2083;1999005211;COTAS;1007264150.723322000000000;09296055000165
202511;2422;2002004374;ACOES;134.010000000000000;
202511;2258;2005005347;COTAS;8614277.314284000000000;50625158000125
202511;2258;1992000492;COTAS;61195305.703819000000000;50620290000144
202511;2333;2019000938;OPERACAO_PARTICIPANTE;6916802.320000000000000;
202511;2811;1993002774;COTAS;40871176.238325000000000;
202511;3099;1999004647;COTAS;6392897.699963000000000;04701028000107
202511;2258;1990000118;COTAS;2135128.246220000000000;
202511;2991;1994002492;COTAS;5128433.319245000000000;
202511;2556;9970000000;COTAS;9052.416307000000000;
202511;2258;1990000118;COTAS;13985337.630447000000000;50620435000107
202511;2258;2005005347;VL_PG_RC;-6086.960000000000000;
202511;2796;2015001174;COTAS;246832055.185290000000000;14298810000180
202511;2422;2002004447;OPERACAO_PARTICIPANTE;1418400.527140716000000;
202511;2083;1999005211;OPERACAO_PARTICIPANTE;832992644.365536921600000;
202511;2258;1992000719;COTAS;2865911.156623000000000;
202511;2811;1993002774;COTAS;1052564.214810000000000;
202511;2395;1994001811;COTAS;35930405.253115000000000;
202511;3099;1999005392;CAIXA;933.950000000000000;
202511;2258;2016001038;COTAS;27283.759660000000000;
202511;2258;2016001038;VL_PG_RC;-18762.460000000000000;
202511;2484;2004001992;CAIXA;23703.530000000000000;
202511;2258;2017001147;COTAS;1361031.593206000000000;50620290000144
202511;2811;1993002774;COTAS;1955305.987770000000000;
202511;2258;1992000565;COTAS;2299247.991485000000000;50620435000107
202511;2811;1993002774;COTAS;11744463.809445000000000;
202511;2395;1994001811;COTAS;30269368.121082000000000;
202511;2823;1994000392;COTAS;1438306.447849000000000;
202511;3099;9970000000;VL_PG_RC;-1917.200000000000000;
202511;2823;9970000000;COTAS;773400.766725000000000;
202511;2561;1999000447;COTAS;1374060138.157232000000000;21082397000188
202511;2991;1994002492;COTAS;4309736.103711000000000;
202511;2258;1992000719;COTAS;310061280.895343000000000;
202511;2395;1994001811;COTAS;4015251.088922000000000;
202511;3126;1993001492;COTAS;696266.449415000000000;
202511;2155;9970000000;VL_PG_RC;-2412.380000000000000;
202511;2811;1993002774;COTAS;2572225.290710000000000;
202511;2991;1994002492;COTAS;1215548.105609000000000;
202511;2258;1992000719;COTAS;259858.606824000000000;
202511;2316;9970000000;COTAS;748.005892000000000;
202511;2561;1999000447;COTAS;31679230.275222000000000;40226038000100
202511;2172;9970000000;COTAS;5071202.450011000000000;
202511;2333;1992001065;COTAS;626453218.707541000000000;04682817000148
202511;2841;2005004611;COTAS;-2971.654136000000000;
202511;3126;1993002219;COTAS;7381889.323403000000000;
202511;2991;1994002492;COTAS;55701632.787686000000000;47716645000199
202511;2484;2005000183;CAIXA;11838.860000000000000;
202511;3126;1993002219;COTAS;54106497.490289000000000;
202511;2258;1992000719;COTAS;167600898.654390000000000;
202511;2561;1999000447;COTAS;27766686.706410000000000;41545586000157
202511;2258;2020002892;COTAS;4236651.788105000000000;51059284000122
202511;2258;2019001292;COTAS;49787.995682000000000;50625158000125
202511;2841;2005004611;COTAS;2714716.927593000000000;
202511;2258;1993000992;CAIXA;797105.240000000000000;
202511;2484;2005000183;COTAS;53922837.563251000000000;14985743000172
202511;2823;1994000392;COTAS;787101.140973000000000;
202511;3126;1995000711;COTAS;73211671.360699000000000;
202511;2484;2005000183;COTAS;26391999.435631000000000;49962448000185
202511;2333;2019000938;COTAS;63098456.947517000000000;
202511;2258;1993003029;CAIXA;11602.460000000000000;
202511;2258;1993000992;COTAS;34907626.026648000000000;50625158000125
202511;3126;1995000711;COTAS;1558215.887438000000000;
202511;2991;9970000000;COTAS;2614589.044238000000000;
202511;2841;2005004611;COTAS;94759975.093647000000000;51983827000101
202511;2258;2022003047;VL_PG_RC;-5950.610000000000000;
202511;3037;1994001119;COTAS;3036495.981529000000000;
202511;3126;1995001147;COTAS;29695335.745405000000000;
202511;2484;9970000000;COTAS;4898207.565169000000000;18138920000136
202511;2258;2005005411;COTAS;30659109.561517000000000;50620435000107
202511;2258;1994001356;VL_PG_RC;-30354.010000000000000;
202511;3099;1994004411;CAIXA;1069.480000000000000;
202511;2258;2019001365;CAIXA;7593.450000000000000;
202511;3126;1995001147;COTAS;17902232.141155000000000;
202511;2561;2014000174;COTAS;98942842.099676000000000;
202511;2395;1994001811;COTAS;8675918.179764000000000;
202511;3126;1995002674;COTAS;462313.813699000000000;
202511;2231;1982002638;CAIXA;8.560000000000000;
202511;2258;1994003138;COTAS;21081677.852153000000000;51059844000149
202511;3099;1997000318;VL_PG_RC;-700.630000000000000;
202511;3126;1997001918;COTAS;1378652.117828000000000;
202511;2231;1982002719;COTAS;487632.052243000000000;
202511;2484;9970000000;COTAS;1963177.649666000000000;61111715000106
202511;2561;2014000174;COTAS;32543917.724905000000000;40226038000100
202511;3126;1997001918;COTAS;12443621.271408000000000;
202511;2258;9970000000;COTAS;26011676.528914000000000;
202511;3099;2020003074;COTAS;57064.194678000000000;
202511;3126;1998002292;TIT_PRIV;136106.130000000000000;
202511;2395;1994001811;COTAS;36504306.506464000000000;
202511;2422;1994003383;IMOVEIS;149498.440000000000000;
202511;3126;1999002318;COTAS;40388751.749422000000000;
202511;2258;2019003392;COTAS;105186.249640000000000;50634860000155
202511;2258;9970000000;VL_PG_RC;0.000000000000000;
202511;2511;9970000000;COTAS;11157946.044325000000000;06095361000145
202511;3126;1993001492;CAIXA;372375.730000000000000;
202511;2422;2002002665;IMOVEIS;120332.360000000000000;
202511;3126;1999002318;COTAS;19378701.434503000000000;
202511;3126;1993002219;COTAS;3764185.305756000000000;
202511;2422;2002002819;VL_PG_RC;-12185.060000000000000;
202511;3126;1999002318;COTAS;116807031.996065000000000;
202511;2258;2006001647;COTAS;278009.631620000000000;
202511;2823;1994000465;COTAS;45616683.544785000000000;
202511;3126;1994001674;TIT_PUB;115526128.920000000000000;
202511;2854;2011000319;VL_PG_RC;-119978.450000000000000;
202511;2395;1994001811;COTAS;41645978.073179000000000;
202511;2258;1994003138;COTAS;21016374.174926000000000;04052631000105
202511;3126;1994002956;CAIXA;32000.170000000000000;
202511;2561;2014001219;COTAS;611213211.464995000000000;
202511;3126;1994002956;COTAS;5908314.728390000000000;
202511;2258;1995000183;COTAS;2034371.366959000000000;50620435000107
202511;3126;1994002956;COTAS;27274879.117889000000000;
202511;2561;9970000000;VL_PG_RC;-113.180000000000000;
202511;3126;1995000711;CAIXA;422951.550000000000000;
202511;2258;1995003174;COTAS;4053754.376443000000000;50620435000107
202511;3126;1995000711;COTAS;4826414.590683000000000;
202511;2659;2000002447;COTAS;9886442.460785000000000;
202511;2258;1996002147;COTAS;27359518.209596000000000;50620290000144
202511;2693;1993000811;COTAS;9608109.379080000000000;
202511;3126;1995001147;COTAS;18410429.252373000000000;
202511;2693;2021001938;COTAS;159989.952535000000000;
202511;2258;1996002465;VL_PG_RC;-145212.460000000000000;
202511;2721;2004002018;COTAS;38079168.480950000000000;13911092000103
202511;2823;1994000465;TIT_PUB;141350894.370000000000000;
202511;2721;2004002018;OPERACAO_PARTICIPANTE;2300419.040000000000000;
202511;2395;1994001811;COTAS;8757314.818188000000000;
202511;2796;1993002529;COTAS;53391326.796132000000000;14298820000116
202511;2231;1992000956;COTAS;79824.928260000000000;
202511;3126;1995001147;COTAS;4991376.849463000000000;
202511;2258;1998002365;CAIXA;728.040000000000000;
202511;3126;2000007074;COTAS;3966035.345500000000000;
202511;2258;1998002365;COTAS;177482300.045033000000000;50625158000125
202511;2292;1998002829;COTAS;107213.350465000000000;
202511;2231;1994001518;OPERACAO_PARTICIPANTE;0.000000000000000;
202511;2811;1993002774;COTAS;68218942.931754000000000;
202511;2823;1994000538;COTAS;23624734.481567000000000;
202511;2525;1974000265;OPERACAO_PARTICIPANTE;32822930.319994285400000;
202511;2811;1993002774;COTAS;1308840.124118000000000;
202511;2823;1994000538;COTAS;20585445.904583000000000;
202511;3126;1996004247;COTAS;91182890.730018000000000;
202511;2395;1994001811;COTAS;97035690.032379000000000;
202511;2258;1999003683;COTAS;89090953.243838000000000;50634860000155
202511;3126;1997000938;COTAS;9296837.106400000000000;
202511;2525;1979004511;CAIXA;41454.400000000000000;
202511;2258;2006006111;VL_PG_RC;-123665.360000000000000;
202511;3126;2000007074;COTAS;10762520.712209000000000;
202511;2258;2020002019;COTAS;43009.428888000000000;
202511;2231;2008003019;COTAS;961488.363432000000000;44703472000186
202511;2912;1993003738;VL_PG_RC;-2642.020000000000000;
202511;3126;1997000938;COTAS;93107182.964532000000000;
202511;2231;2010002229;COTAS;2078610.470234000000000;
202511;2231;2011001218;COTAS;312912.759817000000000;
202511;2258;2007000547;COTAS;0.393020000000000;
202511;2258;2023001129;COTAS;2342045.525093000000000;50634860000155
202511;2422;2002003238;COTAS;6742635.370460000000000;14205056000197
202511;2422;2002003483;VL_PG_RC;-31731.420000000000000;
202511;2258;1995000183;COTAS;86325320.643693000000000;50620290000144
202511;2292;1990002129;CAIXA;9293.190000000000000;
202511;3126;1997001918;CAIXA;27000.000000000000000;
202511;2511;9970000000;VL_PG_RC;-2771.710000000000000;
202511;2841;1993003592;OPERACAO_PARTICIPANTE;279763.290000000000000;
202511;3126;1998002292;COTAS;38088841.465424000000000;
202511;2525;1974000265;COTAS;7139917.952202000000000;
202511;2258;2008000338;VL_PG_RC;-20623.290000000000000;
202511;2931;1994000211;COTAS;6901644.038037000000000;
202511;2292;1998002829;COTAS;6871659.625359000000000;
202511;2258;1999003829;COTAS;62870082.183649000000000;50620290000144
202511;2292;1998002829;COTAS;2249700.000000000000000;
202511;2231;2011001218;IMOVEIS;3422750.970000000000000;
202511;2525;1979004511;COTAS;1422857.359331000000000;41763054000196
202511;2292;1998002829;COTAS;503481.303017000000000;
202511;3126;2001000774;COTAS;1797156.970376000000000;
202511;2811;1993002774;TIT_PUB;23532961.050000000000000;
202511;2525;1979004511;COTAS;-15.536167000000000;
202511;2258;1999003829;COTAS;9492446.246837000000000;50620819000120
202511;3126;1998002292;VL_PG_RC;32462.600000000000000;
202511;2258;1995003174;COTAS;17993063.716644000000000;50625158000125
202511;2931;1994000211;COTAS;5179570.864978000000000;
202511;2854;1995002518;COTAS;3497656.744571000000000;
202511;2258;2010001338;VL_PG_RC;-171258.090000000000000;
202511;3126;2001000774;COTAS;1795010.341486000000000;
202511;2823;1994000392;COTAS;415215.810340000000000;
202511;2292;2018002538;COTAS;408161.160534000000000;
202511;2258;2012000983;COTAS;10757734.146606000000000;50620290000144
202511;2912;1993003738;COTAS;4322929.406954000000000;08830058000174
202511;2525;2009003756;COTAS;2648744.000000000000000;
202511;2231;2011001218;TIT_PUB;21501472.000000000000000;
202511;2525;2009003756;COTAS;310322560.823760000000000;05194813000183
202511;2258;2000004156;CAIXA;663.070000000000000;
202511;2823;1994000392;COTAS;4247687.275588000000000;
202511;2422;2002004447;COTAS;576093830.098172000000000;14205056000197
202511;3126;1999002318;COTAS;72837307.737791000000000;
202511;2422;2002002819;IMOVEIS;382319.440000000000000;
202511;2422;9970000000;CAIXA;1160695.100000000000000;
202511;2258;2005005411;COTAS;37130436.445844000000000;50625158000125
202511;3126;1999002318;COTAS;41000273.501572000000000;
202511;2422;2002003556;COTAS;7375336.962943000000000;14205056000197
202511;2484;2005000183;VL_PG_RC;-4594.270000000000000;
202511;2823;1994000465;COTAS;7176586.509419000000000;
202511;2258;2006001647;COTAS;14834419.502181000000000;29983486000107
202511;2511;1992001529;COTAS;2290684391.146890000000000;06095361000145
202511;2258;2012000983;COTAS;479354.531045000000000;50620819000120
202511;2511;1992001529;VL_PG_RC;-35656.640000000000000;
202511;2931;1994000211;COTAS;35858451.059544000000000;
202511;2525;2009003756;IMOVEIS;1533696.990000000000000;
202511;2258;2006001647;VL_PG_RC;-183742.970000000000000;
202511;2912;1993003738;COTAS;5606262.519037000000000;09564278000166
202511;2258;1995003719;COTAS;56957.958381000000000;
202511;2525;2009003756;OPERACAO_PARTICIPANTE;26959771.288838883400000;
202511;2258;1999000765;COTAS;4988.935976000000000;
202511;2292;2018002538;COTAS;2433949.743824000000000;
202511;2525;2020002256;OPERACAO_PARTICIPANTE;624265.060019306800000;
202511;2258;1999003683;COTAS;144299.386093000000000;
202511;2525;2009003756;COTAS;84692880.043498000000000;58436786000174
202511;3126;2000007074;COTAS;279516645.825265000000000;
202511;2912;2005006711;OPERACAO_PARTICIPANTE;8621850.387362000000000;
202511;2258;2006006411;COTAS;52946890.268891000000000;20163867000175
202511;2556;1998007618;CAIXA;230728.250000000000000;
202511;2231;2012001947;COTAS;3568815.308960000000000;
202511;2931;1994000211;COTAS;15533442.581048000000000;
202511;2258;2012001092;COTAS;92928.988830000000000;
202511;2231;2014001383;CAIXA;93723.570000000000000;
202511;2556;1998007618;COTAS;24410.979203000000000;
202511;2525;2023000556;OPERACAO_PARTICIPANTE;80335.070000000000000;
202511;2823;1994000465;COTAS;57272536.130042000000000;
202511;2823;1994000538;COTAS;286049294.590753000000000;
202511;3126;2001001983;COTAS;8488181.473369000000000;
202511;2525;2020002256;CAIXA;5178.650000000000000;
202511;2258;1999003829;VL_PG_RC;-36485.420000000000000;
202511;2292;1990002129;COTAS;11704.833221000000000;
202511;2258;2007000547;VL_PG_RC;-1077.820000000000000;
202511;2258;2000004156;COTAS;53163443.159598000000000;50625158000125
202511;3126;2005005811;COTAS;13735293.388300000000000;
202511;2912;9970000000;COTAS;19168.120735000000000;09636594000104
202511;2231;2014001383;COTAS;198316.978608000000000;
202511;2823;1994000538;COTAS;9366132.352106000000000;
202511;2841;2005004611;COTAS;287885.538617000000000;
202511;2931;1994000211;COTAS;4897571.563653000000000;
202511;2556;1993000119;COTAS;46494.285237000000000;
202511;2841;9970000000;COTAS;2181836.195978000000000;51983612000182
202511;2302;1988000483;COTAS;701702209.336005000000000;00977449000104
202511;2231;2014001383;IMOVEIS;6299363.340000000000000;
202511;3126;2005005811;COTAS;2457756.018160000000000;
202511;2258;2014001529;VL_PG_RC;-14577.450000000000000;
202511;2258;1990000118;COTAS;5529826.792858000000000;
202511;3126;2006003747;COTAS;332818.420762000000000;
202511;2556;1998007618;COTAS;20586045.915927000000000;
202511;2302;1988002011;CAIXA;16001.460000000000000;
202511;3126;2006003811;COTAS;279323.459863000000000;
202511;2422;9970000000;IMOVEIS;6178142.540000000000000;
202511;2556;1998007618;COTAS;19356938.163587000000000;
202511;3126;2005005811;COTAS;8679749.177551000000000;
202511;2316;2015001492;COTAS;35023427.136409000000000;27292836000163
202511;3126;2006003992;CAIXA;67022.190000000000000;
202511;2484;9970000000;COTAS;68554.751128000000000;42865356000138
202511;2258;2015000811;COTAS;3074792.247925000000000;50634860000155
202511;2931;1994000211;COTAS;8823779.058169000000000;
202511;2258;2016001119;CAIXA;0.000000000000000;
202511;2511;1992001529;COTAS;1078938232.520645000000000;06095367000112
202511;2556;1998007618;COTAS;375983.446326000000000;
202511;2258;1990000118;COTAS;1532938.860203000000000;
202511;2258;2017001538;CAIXA;2870.230000000000000;
202511;2525;1979004511;COTAS;6081913.617128000000000;
202511;2909;2016000465;COTAS;110780853.410313000000000;34867805000159
202511;2258;2017001538;COTAS;8133959.795741000000000;50620435000107
202511;2258;2019000318;COTAS;8797.719666000000000;
202511;2316;9970000000;COTAS;2691817.106266000000000;
202511;2258;2019001756;COTAS;7866.961691000000000;
202511;2292;1990002129;COTAS;11224790.595406000000000;
202511;2931;1994000211;COTAS;10276407.193255000000000;
202511;3126;2006003992;COTAS;1133718.721429000000000;
202511;2556;9970000000;COTAS;37598.342706000000000;
202511;2991;1985000547;COTAS;792314.108969000000000;
202511;2316;9970000000;COTAS;2809708.874892000000000;
202511;3126;2006004011;COTAS;6953219.918542000000000;
202511;2292;1998002756;COTAS;1261919.184969000000000;
202511;2258;2002001138;COTAS;27612369.575618000000000;50620290000144
202511;2561;1999000447;COTAS;126574.514415000000000;
202511;3126;2006001183;COTAS;2016000.000297000000000;
202511;2258;2003003029;CAIXA;1487479.980000000000000;
202511;2316;9970000000;COTAS;4084305.301494000000000;
202511;3126;2006003747;COTAS;583963.851295000000000;
202511;2556;1998007618;COTAS;11264540.341297000000000;
202511;3126;2007002019;COTAS;7105776.960650000000000;
202511;2525;9970000000;COTAS;35236452.058235000000000;
202511;2258;2007000611;COTAS;98623401.658762000000000;50620290000144
202511;2931;1994000211;COTAS;34565130.130063000000000;
202511;2931;1994000211;COTAS;57410966.061512000000000;
202511;3126;2006003811;COTAS;1068170.668557000000000;
202511;2292;1998002756;COTAS;3494340.920258000000000;
202511;2395;1994001811;COTAS;55558057.545018000000000;
202511;2258;2003003029;COTAS;52364380.819060000000000;50620290000144
202511;3126;2006003992;TIT_PUB;123438476.400000000000000;
202511;2525;1979004511;COTAS;917.162313000000000;04573108000124
202511;2556;2018001574;COTAS;662430.988060000000000;
202511;2258;1990000118;COTAS;283370.027020000000000;
202511;2292;1998002756;COTAS;1154701.506417000000000;
202511;2561;2014001219;COTAS;84199280.361956000000000;
202511;2991;1994002492;COTAS;671777.400000000000000;
202511;2561;1999000447;CAIXA;50019.250000000000000;
202511;2258;2019001756;COTAS;5628192.115055000000000;50634860000155
202511;2292;1998002756;COTAS;794763.407126000000000;
202511;2556;1993000119;COTAS;4180802.826946000000000;
202511;2991;1994002492;COTAS;4591093.874849000000000;
202511;3126;2006004011;COTAS;962402.245493000000000;
202511;2556;1993000119;TIT_PRIV;121043571.420000000000000;
202511;2258;1990000118;COTAS;36688727.902536000000000;04052631000105
202511;2561;2014001219;COTAS;69347994.862217000000000;41545586000157
202511;2395;1994001811;COTAS;622299.649053000000000;
202511;2258;2009001656;COTAS;651805.904401000000000;
202511;2561;1999000447;COTAS;509724.215990000000000;
202511;2561;2014001219;COTAS;84036184.718667000000000;
202511;2258;2003003029;COTAS;7487968.156388000000000;50620819000120
202511;2659;1995001783;OPERACAO_PARTICIPANTE;235475.309992170600000;
202511;2395;1994001811;COTAS;48266636.474360000000000;
202511;3126;2007002019;COTAS;1792771.542840000000000;
202511;2561;2014000174;CAIXA;78399.790000000000000;
202511;2258;2005005411;CAIXA;0.000000000000000;
202511;3126;2008000192;COTAS;50509987.027148000000000;
202511;2659;2000002447;COTAS;16959145.704677000000000;
202511;2292;1998002756;COTAS;96361960.925623000000000;04764252000148
202511;2258;1990000118;COTAS;58336197.726595000000000;51059844000149
202511;2258;2010001338;COTAS;3481863.404659000000000;50620435000107
202511;2991;1994002492;COTAS;16133303.200000000000000;
202511;2931;1994000211;COTAS;31013755.995587000000000;
202511;2991;1994002492;COTAS;3803271.253791000000000;
202511;2258;2014000247;COTAS;78897973.791036000000000;50625158000125
202511;2258;2019003392;COTAS;27.120904000000000;
202511;2292;2016000392;COTAS;76980.072275000000000;
202511;2991;1994002492;COTAS;9428222.234784000000000;
202511;2693;1993000811;COTAS;7164745.596163000000000;
202511;2561;2014000174;COTAS;141323127.447665000000000;
202511;2525;1979004511;COTAS;11867680.839712000000000;45494526000103
202511;3126;2006004011;COTAS;7199467.518798000000000;
202511;3126;2008001229;COTAS;68683772.693623000000000;
202511;2991;1994002492;COTAS;4107224.280000000000000;
202511;2525;1979004511;COTAS;3707490.250275000000000;45521758000103
202511;2931;1994000211;COTAS;3173939.150801000000000;
202511;2931;1994000211;COTAS;9821654.645122000000000;
202511;3126;2008001229;COTAS;35734348.913702000000000;
202511;2991;1985000547;COTAS;4868030.440129000000000;
202511;2258;1992000719;CAIXA;12635.570000000000000;
202511;2292;2016000392;COTAS;47347.907021000000000;
202511;3126;2008001229;COTAS;14136091.731261000000000;
202511;2258;1992000719;TIT_PUB;342501403.170000000000000;
202511;2292;2016000392;COTAS;839774.545709000000000;50799566000101
202511;2258;2006006111;COTAS;89606.612651000000000;
202511;2258;2015000518;VL_PG_RC;-51607.330000000000000;
202511;2292;2018002538;COTAS;33094580.290371000000000;50799566000101
202511;2258;2007003211;COTAS;10727.299877000000000;
202511;2422;1982001356;ACOES;49.610000000000000;
202511;3126;2008001229;VL_PG_RC;518767.320000000000000;
202511;2525;1979004511;IMOVEIS;1722200.000000000000000;
202511;2659;1995001783;CAIXA;64223.160000000000000;
202511;2991;1994002492;COTAS;247075.400000000000000;
202511;2316;2015001311;COTAS;7098545.065142000000000;
202511;3126;2006004711;COTAS;15725584.453964000000000;
202511;2258;2015000811;COTAS;1343731.732535000000000;50620435000107
202511;3126;2007002019;COTAS;655331.915252000000000;
202511;2292;1998002756;COTAS;2394416.447155000000000;
202511;2258;2016001119;COTAS;392.008390000000000;
202511;3126;2007002019;COTAS;733050.246018000000000;
202511;2258;2017001074;COTAS;30155009.027361000000000;50625158000125
202511;2931;1994000211;COTAS;2204678.304541000000000;
202511;2659;2000002447;COTAS;17888966.007516000000000;
202511;3126;2009000447;COTAS;19518.776283000000000;
202511;2931;9970000000;COTAS;506830.770004000000000;
202511;2693;2021001938;COTAS;85990.296678000000000;
202511;3126;2009000447;COTAS;3055708.549107000000000;
202511;2292;1998002756;COTAS;65730193.741654000000000;61521870000109
202511;2258;1993003029;COTAS;7607.544394000000000;
202511;2693;1993000811;COTAS;57831245.529925000000000;
202511;2991;1994002492;COTAS;7932070.691000000000000;
202511;2991;1994002492;TIT_PUB;1255335875.460000000000000;
202511;2258;1993003811;COTAS;126292389.929912000000000;50620290000144
202511;2258;2017001538;COTAS;9639214.389953000000000;50625158000125
202511;2991;9970000000;COTAS;3380070.547111000000000;
202511;2525;9970000000;COTAS;6013320.354710000000000;54874511000161
202511;2721;2004002018;CAIXA;2590248.160000000000000;
202511;2991;1985000547;COTAS;83194.547819000000000;
202511;2258;2010001656;COTAS;54889.629248000000000;
202511;2991;1994002492;CAIXA;21551.460000000000000;
202511;3126;2008000192;COTAS;27239932.803337000000000;
202511;2316;2015001311;COTAS;49030834.629469000000000;27292836000163
202511;2422;1982001356;COTAS;571827.751764000000000;14205056000197
202511;3126;2010002547;COTAS;10590656.400068000000000;
202511;2556;1993000119;COTAS;188014.614758000000000;
202511;2991;1994002492;COTAS;9814306.248680000000000;
202511;2258;2012001165;COTAS;34667540.274416000000000;04052631000105
202511;2316;2023001447;VL_PG_RC;29821.740000000000000;
202511;2693;1993000811;COTAS;6915509.161269000000000;
202511;2258;2014000247;VL_PG_RC;-27761.800000000000000;
202511;2659;2000002447;COTAS;303384478.576532000000000;04899165000106
202511;2258;1994001429;COTAS;21153481.641834000000000;50634601000124
202511;2693;2021001938;COTAS;12697029.466563000000000;60185223000100
202511;2333;1992001065;CAIXA;18634.470000000000000;
202511;3126;2010002792;VL_PG_RC;16066.280000000000000;
202511;2796;9970000000;COTAS;6333908.122430000000000;
202511;2292;1998002829;COTAS;1514696.288377000000000;
202511;3126;2012001483;COTAS;315416.156552000000000;
202511;3126;2008000192;COTAS;30401871.735090000000000;
202511;3006;9970000000;VL_PG_RC;0.000000000000000;
202511;3126;2008000192;COTAS;5179186.042359000000000;
202511;2258;1994001747;COTAS;55270534.352319000000000;50620290000144
202511;2811;1993002774;COTAS;20417278.185620000000000;
202511;2991;1994002492;COTAS;7583878.616604000000000;
202511;2991;9970000000;VL_PG_RC;-648.500000000000000;
202511;3023;1979003718;TIT_PUB;205263232.380000000000000;
202511;2721;2004002018;COTAS;31539861.000000000000000;
202511;3126;2008000192;COTAS;10092422.835070000000000;
202511;2258;2017001619;COTAS;3397447.816887000000000;50634860000155
202511;2258;1995000183;COTAS;1335940.795878000000000;51059284000122
202511;3006;1994002174;COTAS;11153729.629998000000000;
202511;2333;2019000938;COTAS;9473029.989856000000000;
202511;2292;1998002829;COTAS;7455424.836816000000000;
202511;2258;2014000719;CAIXA;513.460000000000000;
202511;3023;2001001738;COTAS;38540558.931419000000000;
202511;2811;1993002774;COTAS;280362108.608900000000000;54864529000182
202511;2258;2017001538;COTAS;5471735.088034000000000;50620572000141
202511;3006;1994002174;COTAS;8690822.538947000000000;
202511;2721;2004002018;COTAS;165461894.398819000000000;28021980000128
202511;3037;1994001119;COTAS;49595389.337578000000000;
202511;3023;2001001738;COTAS;32799904.341408000000000;
202511;2796;1993002529;CAIXA;47812.390000000000000;
202511;3126;2013000529;COTAS;2238537.077053000000000;
202511;3037;1994001119;COTAS;4043699.882905000000000;
202511;3023;2001001738;OPERACAO_PARTICIPANTE;5241388.160354233200000;
202511;2333;9970000000;COTAS;17751902.381018000000000;
202511;2796;2015001174;CAIXA;54255.720000000000000;
202511;3023;9970000000;VL_PG_RC;-6873.960000000000000;
202511;3126;2021001229;COTAS;1938106.121318000000000;
202511;2258;2017001619;CAIXA;0.000000000000000;
202511;2395;1994001811;COTAS;98719751.757872000000000;
202511;3006;9970000000;COTAS;68804.349058000000000;
202511;2258;2018001256;COTAS;26347.957466000000000;
202511;2395;1994001811;COTAS;37803178.428902000000000;
202511;2556;1993000119;COTAS;1481411.695452000000000;
202511;2796;1993002529;COTAS;119125815.324994000000000;14298810000180
202511;3037;1994001119;COTAS;11490504.628265000000000;
202511;2258;1996001329;COTAS;361715.293831000000000;50620819000120
202511;3037;1994001119;COTAS;847519.940623000000000;
202511;2811;1993002774;COTAS;4970856.378012000000000;
202511;2395;1994001811;VL_PG_RC;3207310.760000000000000;
202511;2258;1998005356;COTAS;290919468.692341000000000;50625158000125
202511;3126;2008000192;OPERACAO_PARTICIPANTE;839.379979254600000;
202511;2811;1993002774;COTAS;4888950.775280000000000;
202511;2556;1993000119;VL_PG_RC;70627900.610000000000000;
202511;2422;1982001747;COTAS;40127027.520504000000000;14205056000197
202511;3037;1994001119;COTAS;4343932.163146000000000;
202511;2258;1998005356;VL_PG_RC;-207758.150000000000000;
202511;3126;2021001318;COTAS;6802620.344139000000000;
202511;2258;2019000318;CAIXA;48.690000000000000;
202511;2258;1999003683;CAIXA;960364.250000000000000;
202511;3126;2021001318;COTAS;87531.848537000000000;
202511;2292;1998002829;COTAS;3034828.157193000000000;
202511;3037;1994001119;COTAS;4066801.339053000000000;
202511;3126;2023000874;VL_PG_RC;-0.900000000000000;
202511;2258;2019000318;COTAS;5449131.370751000000000;50620572000141
202511;2422;1994003383;CAIXA;28859.050000000000000;
202511;2823;1994000392;CAIXA;6000.000000000000000;
202511;2258;2019003211;VL_PG_RC;-2759.720000000000000;
202511;2823;1994000392;COTAS;224598.801969000000000;
202511;2823;1994000392;COTAS;263648.960682000000000;
202511;2258;2019003392;CAIXA;0.970000000000000;
202511;2422;1994003911;ACOES;6260.540000000000000;
202511;2258;2020001111;COTAS;25662581.095375000000000;51059511000110
202511;2422;1994003911;CAIXA;308913.810000000000000;
202511;2823;1994000465;COTAS;450489275.089132000000000;
202511;2422;2002002665;COTAS;1056396.716366000000000;14205056000197
202511;2823;1994000465;COTAS;34430402.759045000000000;
202511;2422;2002002665;VL_PG_RC;-3812.550000000000000;
202511;2823;1994000465;COTAS;76913203.461251000000000;
202511;2422;2002002738;ACOES;4799.050000000000000;
202511;2823;1994000465;COTAS;13078220.606233000000000;
202511;2258;2020001111;VL_PG_RC;-57263.560000000000000;
202511;2258;2021000974;COTAS;233676409.242095000000000;50620290000144
202511;2823;1994000538;COTAS;60392010.606620000000000;
202511;2422;2002003718;ACOES;2186.540000000000000;
202511;2258;2021000974;COTAS;33088510.317881000000000;50620819000120
202511;2258;2021000974;OPERACAO_PARTICIPANTE;3067900.324712000000000;
202511;2823;1994000538;COTAS;35402932.203305000000000;
202511;2422;2002004218;CAIXA;641444.200000000000000;
202511;2422;2002003238;CAIXA;85087.640000000000000;
202511;2258;2022003047;COTAS;4513767.907101000000000;51059511000110
202511;2258;2023000092;COTAS;4041528.925681000000000;50620290000144
202511;2258;2019000318;VL_PG_RC;-18248.940000000000000;
202511;2258;2023001129;COTAS;2956587.376151000000000;50620290000144
202511;2292;1998002756;CAIXA;379265.100000000000000;
202511;2292;1998002756;COTAS;274357.321033000000000;
202511;2422;2002003238;IMOVEIS;512631.420000000000000;
202511;2292;1998002756;COTAS;9837531.779388000000000;
202511;2556;9970000000;COTAS;0.284064000000000;
202511;2292;2016000392;COTAS;11387.900832000000000;
202511;2292;1998002829;COTAS;3334042.282772000000000;
202511;2258;1999003829;CAIXA;0.000000000000000;
202511;2422;2002003556;CAIXA;148228.900000000000000;
202511;2292;1998002829;COTAS;1732052.315419000000000;
202511;3126;2024000118;COTAS;457591.239041000000000;
202511;3126;2009000447;COTAS;4696258.064512000000000;
202511;2258;2019001756;VL_PG_RC;-6012.810000000000000;
202511;2525;2009003756;VL_PG_RC;-6088.760000000000000;
202511;3099;1997000318;OPERACAO_PARTICIPANTE;92645.099999105900000;
202511;2556;9970000000;TIT_PUB;10302861.680000000000000;
202511;2292;2016000392;COTAS;14399.184858000000000;
202511;2258;2000004474;COTAS;363740.051463000000000;
202511;2422;2002004374;VL_PG_RC;-3952.160000000000000;
202511;2292;1998002829;COTAS;80572726.567002000000000;
202511;3126;2024000665;COTAS;7409930.332101000000000;
202511;3099;1999005465;COTAS;59401763.199987000000000;04701028000107
202511;2823;1994000392;COTAS;671723.002268000000000;
202511;3099;1999004647;COTAS;1018049.110001000000000;
202511;3126;2024000665;COTAS;139092789.228637000000000;
202511;2823;1994000538;TIT_PUB;184960217.010000000000000;
202511;2823;1994000465;COTAS;69508678.664436000000000;
202511;3099;2020003074;COTAS;2265783.330598000000000;04701028000107
202511;2292;2016000392;COTAS;18796.484222000000000;
202511;2561;2014000174;COTAS;89349991.395240000000000;
202511;3099;9970000000;COTAS;5053.687654000000000;
202511;2292;2018002538;COTAS;52133.571789000000000;
202511;2258;2006000683;COTAS;24595578.349543000000000;50620435000107
202511;2292;2018002538;COTAS;99462351.028555000000000;
202511;2258;2006001647;COTAS;86929635.489305000000000;50634860000155
202511;3126;1988000947;COTAS;739380.881800000000000;
202511;2258;2019003211;COTAS;58037.302493000000000;50620435000107
202511;3126;2024000665;VL_PG_RC;-73318.750000000000000;
202511;2292;1998002829;COTAS;78673556.302904000000000;04764252000148
202511;2484;2005000183;COTAS;11026262.771272000000000;49498790000176
202511;2292;2016000392;COTAS;7737.751161000000000;
202511;2258;2019003392;COTAS;322340.007028000000000;50625158000125
202511;2292;2018002538;COTAS;1035.249687000000000;
202511;2823;2009000218;CAIXA;313.070000000000000;
202511;2811;1993002774;COTAS;36227330.532745000000000;
202511;2292;2018002538;COTAS;271312.624904000000000;
202511;2561;2014001219;COTAS;68504598.355398000000000;
202511;3161;2005005111;COTAS;2304757.600000000000000;
202511;2292;2018002538;COTAS;566122.661099000000000;
202511;3126;1993002219;COTAS;65270530.824799000000000;
202511;3126;1993001492;COTAS;17852815.789245000000000;
202511;3037;1994001119;TIT_PUB;81751492.480000000000000;
202511;3174;1994004029;COTAS;15385299.803887000000000;
202511;2841;2005004611;COTAS;96254597.530466000000000;51854557000120
202511;2258;2020002019;COTAS;202898863.538595000000000;51079513000170
202511;2292;2018002538;COTAS;16155703.680087000000000;41562294000122
202511;2292;1990002129;COTAS;326924.551061000000000;
202511;2292;2018002538;COTAS;1853055.309305000000000;
202511;2811;1993002774;COTAS;4859667.963473000000000;
202511;2302;1988000319;CAIXA;53279333.550000000000000;
202511;3126;1993002219;COTAS;1394689.798008000000000;
202511;2811;1993002774;COTAS;649839.594534000000000;
202511;3126;1994002956;COTAS;16612648.140640000000000;
202511;2302;1988000483;COTAS;701156357.662499000000000;14399804000110
202511;2811;9970000000;COTAS;372437.979016000000000;
202511;2302;1988000483;OPERACAO_PARTICIPANTE;182988232.190000000000000;
202511;2823;1994000392;COTAS;586359.105957000000000;
202511;2302;1988002011;OPERACAO_PARTICIPANTE;1971466.240000000000000;
202511;2823;1994000465;COTAS;18742.333937000000000;
202511;2316;2023001447;COTAS;216764.977055000000000;
202511;3126;1995000711;COTAS;4373745.682400000000000;
202511;2823;1994000538;CAIXA;2866177.230000000000000;
202511;2316;9970000000;COTAS;2136834.271077000000000;
202511;3126;1995001147;COTAS;7143757.507081000000000;
202511;3126;1994001674;VL_PG_RC;-33946.260000000000000;
202511;2333;1992001065;OPERACAO_PARTICIPANTE;55741751.100000000000000;
202511;2823;1994000538;COTAS;73568562.110014000000000;
202511;3126;1995001147;COTAS;4135794.593432000000000;
202511;3126;1994002956;COTAS;47790662.316026000000000;
202511;3126;1995002674;COTAS;8117805.476765000000000;
202511;2395;1994001811;OPERACAO_PARTICIPANTE;9819465.130000000000000;
202511;3126;1995000711;COTAS;2820882.793076000000000;
202511;2823;1994000538;COTAS;13584550.753325000000000;
202511;2525;2023000556;COTAS;417770.057005000000000;41763054000196
202511;2511;1992001529;COTAS;470253306.970268000000000;06095369000101
202511;2525;1974000265;COTAS;3973116.000000000000000;
202511;3126;1995000711;COTAS;7166853.803990000000000;
202511;2823;9970000000;VL_PG_RC;-605.990000000000000;
202511;2422;1994003847;IMOVEIS;28009.810000000000000;
202511;3126;1995000711;COTAS;1896218.442861000000000;
202511;3188;1989000983;COTAS;13744082.509298000000000;10220241000108
202511;2292;1990002129;COTAS;295755.416905000000000;
202511;3099;1999005465;COTAS;1080063.157718000000000;
202511;2561;9970000000;COTAS;2513198.170887000000000;
202511;2422;1994003911;COTAS;45245415.011191000000000;14205056000197
202511;2292;1998002756;OPERACAO_PARTICIPANTE;42657220.710896000000000;
202511;3188;1989000983;COTAS;18369272.164875000000000;34613727000166
202511;2841;2005004529;ACOES;13566000.000000000000000;
202511;2525;2020002256;COTAS;17101963.670382000000000;
202511;2258;2006003283;COTAS;29264225.715279000000000;50620290000144
202511;3188;1989000983;VL_PG_RC;-148589.060000000000000;
202511;3126;1995000711;COTAS;1806974.161331000000000;
202511;2302;1988000483;COTAS;701034383.060358000000000;14399722000175
202511;2841;9970000000;COTAS;2183464.605235000000000;51983827000101
202511;2525;2020002256;COTAS;2176916.402314000000000;45521758000103
202511;2909;1993003411;COTAS;1376673331.156881000000000;34867797000140
202511;2841;2005004529;VL_PG_RC;-997601.270000000000000;
202511;2909;1993003411;COTAS;212629007.500737000000000;34867818000128
202511;2841;1993003592;CAIXA;26630.650000000000000;
202511;3126;2009000447;VL_PG_RC;102324.010000000000000;
202511;2556;1993000119;COTAS;10481.822125000000000;
202511;3126;1999002318;COTAS;84270617.847394000000000;
202511;2659;2000002447;ACOES;660432.540000000000000;
202511;3188;1996001647;COTAS;154856.940967000000000;
202511;2258;2007000611;CAIXA;0.000000000000000;
202511;2659;2000002447;COTAS;10516005.345236000000000;
202511;2316;2015001492;VL_PG_RC;-540546.780000000000000;
202511;2659;2000002447;COTAS;6591446.251296000000000;
202511;2316;9970000000;COTAS;1034780.673829000000000;
202511;2693;1993000811;VL_PG_RC;-3394.710000000000000;
202511;2912;1993003738;COTAS;344667.837163000000000;60617918000106
202511;3188;1996001647;TIT_PUB;30586600.930000000000000;
202511;2841;1993003592;COTAS;23520467.639752000000000;50825985000162
202511;2556;1993000119;COTAS;2155715.000000000000000;
202511;3126;2010000129;CAIXA;4000.000000000000000;
202511;2316;9970000000;TIT_PUB;9594902.380000000000000;
202511;3126;2010002792;COTAS;461613.185189000000000;
202511;2841;9970000000;VL_PG_RC;-1330.710000000000000;
202511;2422;1994003911;OPERACAO_PARTICIPANTE;24675.633201363100000;
202511;3126;2012001483;COTAS;1103247.210415000000000;
202511;2841;2005004529;COTAS;66269.518600000000000;
202511;2422;2002003718;COTAS;3273561.458663000000000;14205056000197
202511;2841;2005004529;COTAS;46871846.929754000000000;51911677000112
202511;2556;1993000119;COTAS;10293014.684073000000000;
202511;2422;2002004374;IMOVEIS;59294.700000000000000;
202511;3188;1996004883;COTAS;68138473.615767000000000;10214125000178
202511;2525;1979004511;COTAS;1905.723133000000000;
202511;3126;1999002318;COTAS;4990030.019402000000000;
202511;3188;1998004856;COTAS;332014.087288000000000;
202511;2333;2019000938;COTAS;9393623.633836000000000;
202511;2912;2005006711;COTAS;154010879.289341000000000;36180787000168
202511;2525;2023000556;CAIXA;3013.700000000000000;
202511;2292;1998002829;COTAS;3651.670574000000000;
202511;2333;9970000000;COTAS;23178719.853533000000000;
202511;3126;2012001483;COTAS;2498457.011520000000000;
202511;3188;1998004856;COTAS;1257408.077478000000000;
202511;2556;1998007618;COTAS;25340794.110747000000000;
202511;2258;2007002418;COTAS;71755909.661409000000000;50634860000155
202511;2841;2005004611;COTAS;64323341.830333000000000;
202511;2525;1979004511;VL_PG_RC;-4586753.790000000000000;
202511;2258;2007003465;COTAS;7591.429028000000000;
202511;2561;2014000174;COTAS;139549212.659815000000000;
202511;2525;2009003756;COTAS;24380119.509182000000000;
202511;2693;9970000000;CAIXA;3347.430000000000000;
202511;3126;2000007074;COTAS;5934634.303779000000000;
202511;2258;2007003465;COTAS;58034646.013639000000000;50620572000141
202511;3188;1998004856;COTAS;9645472.953869000000000;10214125000178
202511;2909;9970000000;VL_PG_RC;-2712.070000000000000;
202511;3126;2001001983;COTAS;14118326.058831000000000;
202511;2525;2009003756;COTAS;17855398.688931000000000;45494526000103
202511;3126;2001001983;VL_PG_RC;-45139.490000000000000;
202511;2525;2020002256;COTAS;318333.639371000000000;
202511;2561;2014001219;COTAS;39219937.817043000000000;
202511;2912;9970000000;CAIXA;55150.560000000000000;
202511;2525;2023000556;COTAS;5704357.753851000000000;05194813000183
202511;3099;1999005465;COTAS;6992186.390001000000000;
202511;3126;1995000711;COTAS;75891051.807581000000000;
202511;2931;1994000211;COTAS;8075761.183538000000000;
202511;2258;2007003465;COTAS;531071.956528000000000;50625158000125
202511;2693;9970000000;VL_PG_RC;-16842.640000000000000;
202511;2525;2023000556;COTAS;926648.605556000000000;45521758000103
202511;3188;2000007856;COTAS;3449852.552327000000000;10220241000108
202511;2841;2005004611;VL_PG_RC;215497.930000000000000;
202511;3188;2000007856;COTAS;3272665.077329000000000;18270776000197
202511;3099;2020003074;VL_PG_RC;-33756.680000000000000;
202511;2931;1994000211;COTAS;10025055.106289000000000;
202511;3188;2000007856;COTAS;549640.928501000000000;34613727000166
202511;3126;1993001492;COTAS;20725981.001476000000000;
202511;3126;1995000711;VL_PG_RC;-126747.440000000000000;
202511;2258;2007003465;VL_PG_RC;-34918.690000000000000;
202511;3126;1993002219;CAIXA;11881.330000000000000;
202511;3126;1995001147;COTAS;40878948.152276000000000;
202511;2912;1993003738;COTAS;6053109.048960000000000;18138892000157
202511;2292;1998002829;COTAS;142384746.187979000000000;50765883000107
202511;2561;9970000000;CAIXA;134053.860000000000000;
202511;2292;1998002829;COTAS;135945391.308780000000000;50799566000101
202511;2721;2004002018;COTAS;56646745.478689000000000;55768938000148
202511;3126;2012001483;OPERACAO_PARTICIPANTE;1039533.907852721600000;
202511;3126;1993002219;COTAS;743285.736121000000000;
202511;3188;2001000847;COTAS;218517.819076000000000;
202511;3188;2002000719;COTAS;3174251.167474000000000;
202511;3188;2003000283;COTAS;4072350.734248000000000;10220241000108
202511;2931;1994000211;COTAS;4286519.051372000000000;
202511;3188;2003000283;COTAS;9077.289693000000000;34613727000166
202511;3188;2007003074;COTAS;228753.967320000000000;29298975000120
202511;2587;9970000000;CAIXA;206160.140000000000000;
202511;2556;1998007618;COTAS;9801406.943636000000000;
202511;2659;2000002447;COTAS;18894262.755082000000000;
202511;2292;1998002829;COTAS;25163537.946398000000000;61521870000109
202511;2659;9970000000;COTAS;12146952.087992000000000;
202511;3188;2007003074;COTAS;861785.107445000000000;34613727000166
202511;2693;1993000811;COTAS;55788484.875974000000000;06877846000190
202511;2991;1994002492;COTAS;9548795.796062000000000;
202511;2556;1998007618;COTAS;20023676.591909000000000;
202511;3188;2009002156;CAIXA;16430.520000000000000;
202511;2292;2016000392;COTAS;793795.135205000000000;
202511;2991;1994002492;COTAS;5968952.757239000000000;
202511;3188;2009002229;CAIXA;129266.480000000000000;
202511;2693;2021001938;COTAS;667128.195894000000000;48330517000175
202511;2796;1993002529;COTAS;394943978.889341000000000;14298797000160
202511;2395;1994001811;COTAS;39397286.733771000000000;
202511;2556;9970000000;VL_PG_RC;337.790000000000000;
202511;3023;1979003718;COTAS;18096898.983041000000000;
202511;2721;2004002018;VL_PG_RC;-1583041.750000000000000;
202511;3126;2013000529;COTAS;1203843.038043000000000;
202511;3188;2010003292;COTAS;2436035.547048000000000;
202511;2823;1994000392;COTAS;3859787.876938000000000;
202511;2811;1993002774;COTAS;36844525.918691000000000;
202511;2395;1994001811;COTAS;109156039.036295000000000;
202511;3126;1995001147;COTAS;2502092.340156000000000;
202511;3126;2018000756;COTAS;559265.567512000000000;
202511;2912;2005006711;COTAS;163497512.675429000000000;09544240000121
202511;3126;2005005811;COTAS;5014354.301429000000000;
202511;3126;2018000756;COTAS;1984123.131344000000000;
202511;2525;9970000000;VL_PG_RC;-161517.030000000000000;
202511;2811;1993002774;COTAS;18403966.003792000000000;
202511;3126;1995001147;COTAS;5871480.979204000000000;
202511;2931;1994000211;COTAS;48731967.944541000000000;
202511;2811;1993002774;OPERACAO_PARTICIPANTE;1012533.230000000000000;
202511;3126;2018000756;COTAS;192859.965479000000000;
202511;3126;2005005811;COTAS;107517.315432000000000;
202511;2258;2008000338;CAIXA;0.000000000000000;
202511;2556;1998007618;COTAS;4177.353381000000000;
202511;2931;1994000211;COTAS;10210524.099412000000000;
202511;2556;1998007618;COTAS;2155715.000000000000000;
202511;2561;2014000174;COTAS;63739178.937013000000000;
202511;3023;2001001738;CAIXA;159236.080000000000000;
202511;2991;1985000547;COTAS;2595521.958025000000000;47716645000199
202511;3126;1995002674;COTAS;1370008.637790000000000;
202511;2561;2014001219;VL_PG_RC;-7075.650000000000000;
202511;2823;1994000392;COTAS;89544.102487000000000;
202511;2811;9970000000;COTAS;619632.557023000000000;
202511;2991;1994002492;COTAS;46568789.161942000000000;41978492000171
202511;2659;2000002447;COTAS;11570765.166262000000000;
202511;3188;2010003292;TIT_PUB;365813229.900000000000000;
202511;3126;2006001183;COTAS;47790053.951608000000000;
202511;2823;1994000465;CAIXA;1966336.070000000000000;
202511;2841;9970000000;COTAS;16310308.808776000000000;51911677000112
202511;2841;2005004611;OPERACAO_PARTICIPANTE;40011657.719222318000000;
202511;2991;1994002492;OPERACAO_PARTICIPANTE;10347478.990000000000000;
202511;2258;2009001656;COTAS;1454703.875860000000000;50625158000125
202511;2854;1995002518;TIT_PUB;4783059.400000000000000;
202511;3037;1994001119;COTAS;1035065.913280000000000;
202511;2258;2009001656;VL_PG_RC;-95418.810000000000000;
202511;2823;1994000392;COTAS;3506714.002409000000000;
202511;2395;1994001811;TIT_PUB;314386796.130000000000000;
202511;2556;2018001574;VL_PG_RC;-13242.530000000000000;
202511;2258;2010001656;COTAS;88689299.001375000000000;50620290000144
202511;2292;2016000392;OPERACAO_PARTICIPANTE;2508436.689158000000000;
202511;2823;1994000465;COTAS;24425928.157257000000000;
202511;3126;1995000711;COTAS;12986654.708265000000000;
202511;2823;1994000465;COTAS;21655855.618042000000000;
202511;2561;2014000174;COTAS;142141107.078619000000000;
202511;2823;1994000538;COTAS;16142451.038752000000000;
202511;3188;2010003365;COTAS;1666573.124677000000000;
202511;2909;2016000465;VL_PG_RC;-16232.690000000000000;
202511;2841;9970000000;CAIXA;6290.200000000000000;
202511;3126;1995002674;COTAS;6200760.610172000000000;
202511;2912;1993003738;COTAS;2769755.945536000000000;36180787000168
202511;2659;1995001783;VL_PG_RC;-51253.490000000000000;
202511;2422;1994003383;ACOES;547.580000000000000;
202511;2659;2000002447;COTAS;11898689.482375000000000;
202511;2693;1993000811;COTAS;735044489.005932000000000;60185223000100
202511;2854;2011000319;COTAS;92358072.181827000000000;
202511;3126;1995001147;COTAS;17279331.771738000000000;
202511;2292;2018002538;COTAS;22070820.011929000000000;
202511;3006;1994002174;IMOVEIS;615000.000000000000000;
202511;3126;2021001156;COTAS;374710.410627000000000;
202511;2909;1993003411;TIT_PUB;8116173.050000000000000;
202511;2854;2011000319;CAIXA;2117.050000000000000;
202511;2693;9970000000;COTAS;4620196.503450000000000;
202511;2854;9970000000;COTAS;3218113.110093000000000;
202511;2422;2002002738;CAIXA;195571.740000000000000;
202511;3023;2001001738;COTAS;641687973.556027000000000;
202511;3188;2010003365;TIT_PUB;586441728.220000000000000;
202511;2258;2014000719;COTAS;32044842.757498000000000;50620435000107
202511;3126;1995002674;COTAS;2993655.332256000000000;
202511;3126;2006003747;COTAS;189665.919998000000000;
202511;2909;2010004711;CAIXA;7287.600000000000000;
202511;3037;1994001119;COTAS;1404902.820339000000000;
202511;3126;1995002674;COTAS;366101.921461000000000;
202511;3188;2010003438;COTAS;1153603.765478000000000;
202511;3126;1997001918;COTAS;19927260.473128000000000;
202511;2292;2018002538;TIT_PUB;230365003.780000000000000;
202511;3023;9970000000;COTAS;4044246.473261000000000;
202511;2422;2002002819;ACOES;1399.350000000000000;
202511;3126;2006003747;COTAS;60664.540643000000000;
202511;2721;2004002018;COTAS;3966035.345500000000000;
202511;3126;2021001156;VL_PG_RC;112771.180000000000000;
202511;2909;2010004711;COTAS;827131.670144000000000;34867797000140
202511;3126;1997001918;COTAS;30147189.082093000000000;
202511;2931;1994000211;COTAS;5949931.604909000000000;
202511;3126;1995002674;COTAS;3261352.294315000000000;
202511;2909;2010004711;TIT_PUB;5258992.000000000000000;
202511;2721;2004002018;COTAS;2281962.745478000000000;
202511;3126;2006003811;COTAS;168711.790673000000000;
202511;2302;1988000483;CAIXA;644017.790000000000000;
202511;2909;2016000465;CAIXA;36765.550000000000000;
202511;2796;1993002529;COTAS;35761399.511572000000000;21624743000102
202511;2909;2016000465;COTAS;161860429.283536000000000;34867797000140
202511;2422;2002003556;OPERACAO_PARTICIPANTE;131113.001092794000000;
202511;2909;2016000465;COTAS;39876929.496556000000000;34867818000128
202511;3188;2010005074;COTAS;156624.101148000000000;
202511;3126;1997001918;COTAS;7190463.429826000000000;
202511;2796;2015001174;COTAS;21448231.264109000000000;21624743000102
202511;3188;2012000665;COTAS;41187626.099088000000000;25244544000120
202511;3037;1994001119;COTAS;24297589.656256000000000;
202511;2909;2010004711;VL_PG_RC;-2127.700000000000000;
202511;3126;1995002674;VL_PG_RC;170697.730000000000000;
202511;3126;2021001229;COTAS;2843740.160618000000000;
202511;2659;9970000000;VL_PG_RC;0.000000000000000;
202511;2912;1993003738;TIT_PUB;37055038.530000000000000;
202511;3126;1996004247;CAIXA;1234790.220000000000000;
202511;2302;1988002011;VL_PG_RC;0.000000000000000;
202511;3188;2012000665;COTAS;1897111.782960000000000;27565843000191
202511;3099;1994003065;CAIXA;769.060000000000000;
202511;3037;1994001119;COTAS;7314376.993046000000000;
202511;3188;2013000456;COTAS;3815381.170354000000000;27565843000191
202511;2422;9970000000;VL_PG_RC;-195989.510000000000000;
202511;3126;2021001318;COTAS;519344.460466000000000;
202511;2316;2023001447;COTAS;170034.179206000000000;
202511;2484;2004001992;COTAS;36990500.719607000000000;42865470000168
202511;3126;1997001918;COTAS;68678143.136363000000000;
202511;3188;2013000456;TIT_PUB;95570255.030000000000000;
202511;2484;2005000183;COTAS;11543614.997747000000000;42865356000138
202511;3099;1994003065;OPERACAO_PARTICIPANTE;129885.279999959800000;
202511;2931;1994000211;COTAS;572902.729314000000000;
202511;2912;2005006711;CAIXA;668643.750000000000000;
202511;2484;2005000183;COTAS;9963798.690850000000000;42865470000168
202511;3126;1999002318;CAIXA;29967.620000000000000;
202511;2511;1992001529;COTAS;1895978731.018166000000000;05211523000109
202511;2693;2021001938;CAIXA;3461.900000000000000;
202511;3126;1999002318;COTAS;644794.760706000000000;
202511;2316;2023001447;COTAS;380029.081698000000000;
202511;3126;1999002318;COTAS;10297713.755023000000000;
202511;3126;1999002318;COTAS;28417676.856940000000000;
202511;2912;2005006711;COTAS;148905079.101219000000000;14435448000142
202511;2721;9970000000;VL_PG_RC;-4483.500000000000000;
202511;2796;9970000000;CAIXA;111125.240000000000000;
202511;2912;2005006711;COTAS;76231806.023531000000000;27619757000114
202511;3126;2006003992;COTAS;9081089.289890000000000;
202511;3188;2016000538;COTAS;6815176.020636000000000;10220241000108
202511;2931;1994000211;COTAS;15566632.032740000000000;
202511;3099;1999004647;CAIXA;1034.700000000000000;
202511;2811;1993002774;COTAS;2646606.183877000000000;
202511;2796;9970000000;VL_PG_RC;4261.260000000000000;
202511;2909;9970000000;COTAS;4597800.398670000000000;34867797000140
202511;3126;2006003992;COTAS;7841109.423687000000000;
202511;3126;2023000874;COTAS;8762786.695387000000000;
202511;3126;1999002318;COTAS;2146438.786918000000000;
202511;3099;1994004411;VL_PG_RC;-27.620000000000000;
202511;3188;2016000538;COTAS;8307926.423869000000000;34613727000166
202511;2991;1994002492;COTAS;6173911.862300000000000;
202511;3126;2006003992;COTAS;8248226.112387000000000;
202511;3126;2024000665;COTAS;7027372.361011000000000;
202511;2991;1994002492;COTAS;3897435.703602000000000;
202511;2333;1992001065;COTAS;11662019.013115000000000;
202511;2811;1993002774;COTAS;1262993.802718000000000;
202511;2811;1993002774;COTAS;22216369.150703000000000;
202511;2395;1994001811;COTAS;306263.745368000000000;
202511;3188;2017000711;COTAS;53654.914404000000000;
202511;3099;1999004892;OPERACAO_PARTICIPANTE;16709662.069695148800000;
202511;3023;2001001738;COTAS;22187483.832392000000000;03618274000137
202511;3188;2017000711;COTAS;3628814.796052000000000;27565843000191
202511;3126;1999002318;COTAS;13490522.444120000000000;
202511;2422;1982001747;CAIXA;295077.860000000000000;
202511;3126;2000007074;OPERACAO_PARTICIPANTE;1114296.370000000000000;
202511;3126;1999002318;COTAS;2228509.216093000000000;
202511;3126;2006004011;COTAS;18024983.387570000000000;
202511;3126;2001001983;COTAS;1568104.358985000000000;
202511;3099;1999005392;COTAS;25718077.290007000000000;04701028000107
202511;3126;2006004011;COTAS;5119343.630299000000000;
202511;3037;1994001119;COTAS;2716806.613361000000000;
202511;3188;2019001047;COTAS;8458.437932000000000;
202511;2811;9970000000;COTAS;15754.010979000000000;
202511;2931;1994000211;COTAS;16575339.250808000000000;
202511;2991;1985000547;COTAS;2624306.408035000000000;41978492000171
202511;2258;2014001618;VL_PG_RC;-4990.860000000000000;
202511;2422;1994003383;VL_PG_RC;-4757.810000000000000;
202511;2991;1994002492;COTAS;335123.575907000000000;
202511;3099;1999004647;COTAS;120694.991263000000000;
202511;3037;1994001119;COTAS;6243706.635005000000000;
202511;3099;1999004892;CAIXA;8710.580000000000000;
202511;2991;1994002492;COTAS;11692524.030332000000000;
202511;2422;2002003483;IMOVEIS;988274.900000000000000;
202511;2811;1993002774;VL_PG_RC;552050.190000000000000;
202511;3037;1994001119;COTAS;7373289.290870000000000;
202511;3037;1994001119;OPERACAO_PARTICIPANTE;744049.280000000000000;
202511;3126;2024000665;COTAS;16760295.368954000000000;
202511;2811;9970000000;COTAS;164993.116712000000000;
202511;3126;2006004711;COTAS;2278856.295220000000000;
202511;3006;9970000000;CAIXA;13408.070000000000000;
202511;3126;2007002019;COTAS;5341700.774811000000000;
202511;3037;9970000000;CAIXA;66778.910000000000000;
202511;2422;2002003556;ACOES;3076.020000000000000;
202511;2258;2015000518;COTAS;12626256.278716000000000;50620572000141
202511;3099;1999005392;VL_PG_RC;-58855.350000000000000;
202511;2422;2002004374;CAIXA;11041.760000000000000;
202511;3126;2001001983;COTAS;13171642.490282000000000;
202511;3161;1994004118;COTAS;0.671077000000000;
202511;3126;1999002318;COTAS;3192838.995282000000000;
202511;3126;1988000947;COTAS;205625722.038418000000000;
202511;3126;1999002318;COTAS;339107.210454000000000;
202511;3126;1993001492;COTAS;625745.478601000000000;
202511;3188;2019001047;COTAS;18352.357274000000000;10214125000178
202511;3037;1994001119;COTAS;702986.803941000000000;
202511;3126;2008000192;CAIXA;71413.760000000000000;
202511;2422;2002004447;CAIXA;3066364.100000000000000;
202511;3126;2000007074;IMOVEIS;880000.000000000000000;
202511;2931;1994000211;COTAS;130999.292300000000000;
202511;3126;2001001983;COTAS;15455449.336162000000000;
202511;2991;1985000547;VL_PG_RC;-22832.400000000000000;
202511;2525;1974000265;COTAS;16396226.603546000000000;04573108000124
202511;2258;2016001038;COTAS;6471018.645377000000000;50620435000107
202511;3126;2008001229;COTAS;19511823.549672000000000;
202511;3174;1994004029;COTAS;133512271.582378000000000;
202511;2525;1974000265;COTAS;26821423.081633000000000;45521758000103
202511;2484;2004001992;COTAS;37662009.236391000000000;42865537000164
202511;2525;2020002256;VL_PG_RC;-447.820000000000000;
202511;2811;9970000000;COTAS;39146.447919000000000;
202511;3099;1999005465;COTAS;2569882.170001000000000;
202511;3188;2019001047;COTAS;95845.118130000000000;25244544000120
202511;3126;1993001492;COTAS;4133919.455504000000000;
202511;3188;2023000947;COTAS;46265.397013000000000;29298975000120
202511;3174;1994004029;COTAS;318325433.840035000000000;20142612000126
202511;3126;1993002219;COTAS;7177134.104776000000000;
202511;2258;2016001119;COTAS;1440979.920910000000000;50620290000144
202511;2811;9970000000;COTAS;94623.636439000000000;
202511;237;2013000911;COTAS;308483.871309000000000;47227862000115
202511;2823;1994000392;COTAS;436663.301777000000000;
202511;2811;9970000000;VL_PG_RC;-1745.970000000000000;
202511;3126;2005005811;COTAS;8664728.666064000000000;
202511;3126;2009000447;COTAS;800284.827514000000000;
202511;3126;1994002956;COTAS;48967246.397603000000000;
202511;2823;1994000392;COTAS;645171.076454000000000;
202511;2258;2017001619;COTAS;12578.596332000000000;
202511;3126;1994002956;COTAS;76251.890001000000000;
202511;3126;2006003747;COTAS;21128.324976000000000;
202511;237;2013000911;VL_PG_RC;-2024.720000000000000;
202511;3126;2010000129;COTAS;698651.368563000000000;
202511;3126;2005005811;COTAS;4144075.218006000000000;
202511;2823;1994000392;COTAS;543342.068785000000000;
202511;3126;1995000711;COTAS;303812.968861000000000;
202511;237;2018000365;COTAS;64605.907026000000000;
202511;2258;2019001365;OPERACAO_PARTICIPANTE;708926.026521000000000;
202511;3126;2010002547;COTAS;13959522.287111000000000;
202511;2823;1994000392;VL_PG_RC;235915.750000000000000;
202511;3126;1995001147;CAIXA;2704474.620000000000000;
202511;3126;2006003747;COTAS;147776.570254000000000;
202511;2258;2020001111;COTAS;8910517.921961000000000;50620819000120
202511;2823;1994000465;COTAS;41397030.674269000000000;
202511;3126;2006004011;COTAS;603320.144795000000000;
202511;241;1979003947;CAIXA;14890.750000000000000;
202511;3126;1997001918;COTAS;66526330.136099000000000;
202511;2258;2020001111;OPERACAO_PARTICIPANTE;368369.355956000000000;
202511;2991;1994002492;COTAS;10902.100000000000000;
202511;3126;2005005811;COTAS;2741511.873880000000000;
202511;2823;1994000465;COTAS;24866616.140820000000000;
202511;2823;1994000538;COTAS;5528018.594458000000000;
202511;3126;2006001183;VL_PG_RC;64057695.800000000000000;
202511;3174;1994004029;TIT_PRIV;2594909.410000000000000;
202511;2556;1993000119;COTAS;-10589.260945000000000;
202511;3126;2006003747;COTAS;100694.799757000000000;
202511;3126;1999002318;TIT_PUB;83281367.670000000000000;
202511;3126;2010002547;VL_PG_RC;-15460.420000000000000;
202511;2258;2020001292;COTAS;17784364.441539000000000;50620290000144
202511;3099;1994003065;VL_PG_RC;-5265.630000000000000;
202511;2556;1993000119;COTAS;1892878.780924000000000;
202511;2484;2004001992;COTAS;98881528.151633000000000;49962448000185
202511;2823;1994000538;COTAS;6203323.573376000000000;
202511;3126;1993001492;COTAS;2392567.913025000000000;
202511;2258;2020001292;COTAS;8230439.235785000000000;50620819000120
202511;3099;1996002392;COTAS;68810.510000000000000;
202511;2484;2004001992;COTAS;67956161.913699000000000;61111715000106
202511;3126;2001000774;COTAS;1973789.785528000000000;
202511;2258;2020001292;COTAS;16254496.647897000000000;50641862000171
202511;3188;1989000983;COTAS;6289998.141730000000000;10214125000178
202511;3126;2001001983;CAIXA;4000.000000000000000;
202511;2991;1994002492;COTAS;1924502.576283000000000;
202511;3099;1999004647;OPERACAO_PARTICIPANTE;142557.780000000000000;
202511;3188;1989000983;COTAS;66136761.867790000000000;25244544000120
202511;2823;1994000538;COTAS;89704578.168664000000000;
202511;3099;1997000318;COTAS;5825718.641242000000000;
202511;3126;2006004711;COTAS;24213766.526951000000000;
202511;3099;1999005392;COTAS;471781.743205000000000;
202511;3126;2007002019;COTAS;209585.131294000000000;
202511;2258;2020002019;COTAS;671367.673250000000000;50620435000107
202511;3126;2007002019;COTAS;739107.759315000000000;
202511;3126;2012001483;COTAS;334251.061743000000000;
202511;2258;2020002019;COTAS;15733685.641424000000000;50634860000155
202511;3126;1993002219;COTAS;3245789.203509000000000;
202511;2258;2020003465;CAIXA;48.850000000000000;
202511;3099;1999005392;COTAS;3138201.520000000000000;
202511;2823;1994000538;COTAS;54118556.803381000000000;
202511;3126;2005005811;COTAS;1785616.527442000000000;
202511;3188;1994002565;OPERACAO_PARTICIPANTE;456702.560011213400000;
202511;2484;2005000183;COTAS;22433750.242652000000000;42865537000164
202511;2823;1994000538;COTAS;31575264.592800000000000;
202511;3099;9970000000;CAIXA;42739.030000000000000;
202511;3126;2010000129;COTAS;5403701.872024000000000;
202511;3099;1999005465;VL_PG_RC;-173771.690000000000000;
202511;3188;9970000000;VL_PG_RC;-1312.290000000000000;
202511;3126;2012001483;COTAS;3482087.635418000000000;
202511;3188;1998004856;VL_PG_RC;-101613.290000000000000;
202511;3126;2006004011;COTAS;21767647.409434000000000;
202511;3126;1988000947;CAIXA;4581.880000000000000;
202511;3126;2012001483;COTAS;3344355.392070000000000;
202511;3126;1988000947;OPERACAO_PARTICIPANTE;157921.020000000000000;
202511;3201;9970000000;CAIXA;0.000000000000000;
202511;3126;2013000529;COTAS;1968084.783048000000000;
202511;3126;1993002219;COTAS;4676163.259976000000000;
202511;3126;1993002219;COTAS;1786589.576956000000000;
202511;3251;1995001465;COTAS;7897624.148718000000000;
202511;3188;1998006247;COTAS;394071.483808000000000;
202511;2823;9970000000;CAIXA;2018.060000000000000;
202511;3188;1998006247;COTAS;23818565.291550000000000;25244544000120
202511;3126;2021001229;COTAS;686224.618600000000000;
202511;3099;2020003074;COTAS;20859.717414000000000;
202511;3251;1995001465;COTAS;2973738.803726000000000;
202511;3126;2006004011;COTAS;41159854.772269000000000;
202511;3126;2006003747;CAIXA;4000.000000000000000;
202511;2556;1998007618;COTAS;987608.011060000000000;
202511;2484;2005000183;COTAS;9362848.410992000000000;61111715000106
202511;3126;1995000711;COTAS;1063668.032971000000000;
202511;2823;2009000218;VL_PG_RC;0.000000000000000;
202511;2556;1998007618;COTAS;18189811.375341000000000;
202511;3006;1994002174;ACOES;1.880000000000000;
202511;2556;1998007618;COTAS;87281624.500000000000000;35939526000116
202511;3126;1994002956;COTAS;65828340.102725000000000;
202511;2841;9970000000;COTAS;651720.935689000000000;
202511;3304;1995002747;COTAS;14423319.709144000000000;
202511;3188;1998006247;COTAS;5751013.986104000000000;27565843000191
202511;2841;2005004611;COTAS;95607906.567506000000000;51983612000182
202511;3304;1995002747;COTAS;1332342.056937000000000;
202511;3126;2006004011;TIT_PUB;23532105.670000000000000;
202511;3126;2012001483;COTAS;142887.869022000000000;
202511;3304;1995002747;COTAS;3942002.688893000000000;
202511;3304;1995002811;COTAS;869771.366975000000000;
202511;3188;1999002792;COTAS;166804.307288000000000;
202511;2525;1974000265;CAIXA;84648.310000000000000;
202511;3304;1995002811;COTAS;1325349.207008000000000;
202511;3126;2021001229;COTAS;8194812.000268000000000;
202511;3126;2021001318;COTAS;569240.670841000000000;
202511;3161;1994004118;CAIXA;23875.630000000000000;
202511;2909;1993003411;VL_PG_RC;-24113.070000000000000;
202511;3188;1999002792;COTAS;631055.160925000000000;29298975000120
202511;3161;2005005111;COTAS;1827725.058937000000000;
202511;3304;1995002811;COTAS;1945406.426385000000000;
202511;3174;1994004029;COTAS;13773281.478417000000000;
202511;3188;1999003756;COTAS;1140835.002110000000000;
202511;3304;1995002811;COTAS;70415.854320000000000;
202511;3174;1994004029;COTAS;186921116.933716000000000;19602004000178
202511;2525;1974000265;COTAS;61368958.261364000000000;41763054000196
202511;3188;2003000283;COTAS;4143160.883946000000000;10214125000178
202511;3304;2011001838;COTAS;3558059.056372000000000;
202511;3321;1995002992;COTAS;18254014.267438000000000;
202511;3188;2003000283;COTAS;5955.380441000000000;10220247000177
202511;2258;2020003465;COTAS;94714210.407840000000000;50620290000144
202511;3126;2006007165;VL_PG_RC;-32768.100000000000000;
202511;3006;1994002174;COTAS;56714.210440000000000;
202511;3126;2024000118;CAIXA;4100.020000000000000;
202511;3321;1995002992;COTAS;31917622.548850000000000;
202511;3126;2008000192;COTAS;7163389.341174000000000;
202511;2556;1998007618;TIT_PUB;1357405360.620000000000000;
202511;3126;2008000192;COTAS;33700884.486462000000000;
202511;3126;1993001492;COTAS;781822.869992000000000;
202511;3126;1994002956;COTAS;64850514.088199000000000;
202511;3174;1994004029;COTAS;220527520.676939000000000;26811773000141
202511;3126;2008000192;VL_PG_RC;675274.540000000000000;
202511;3188;1989000983;COTAS;30486.961955000000000;10220247000177
202511;3188;2003000747;CAIXA;3136.250000000000000;
202511;3126;2008001229;COTAS;66429891.149413000000000;
202511;2258;2023001129;COTAS;4793.848923000000000;
202511;3023;1979003718;VL_PG_RC;-9586.580000000000000;
202511;3126;2009000447;CAIXA;6000.000000000000000;
202511;2525;1979004511;OPERACAO_PARTICIPANTE;8609002.410073867200000;
202511;3126;1993002219;COTAS;1102685.672928000000000;
202511;3126;1995001147;COTAS;2149372.402318000000000;
202511;2561;1999000447;VL_PG_RC;-9741.280000000000000;
202511;3126;1995000711;COTAS;236300.617987000000000;
202511;2258;2023001129;COTAS;1748363.612699000000000;50625158000125
202511;3188;2003000747;COTAS;47291.503683000000000;
202511;3126;2009000447;COTAS;2050579.855862000000000;
202511;3126;1995001147;COTAS;31183916.613243000000000;
202511;3188;2004002174;COTAS;4038078.497210000000000;
202511;2912;1993003738;CAIXA;58574.850000000000000;
202511;3126;9970000000;COTAS;27183134.472996000000000;
202511;2841;4028410029;CAIXA;186861.000000000000000;
202511;3161;1994004118;COTAS;135741.359462000000000;
202511;2912;2005006711;COTAS;22820498.716794000000000;60617918000106
202511;2561;2014001219;COTAS;6918303.160326000000000;
202511;3161;1994004118;COTAS;4064379.760344000000000;
202511;2659;2000002447;OPERACAO_PARTICIPANTE;52919366.827712649500000;
202511;3188;2005006483;COTAS;817234.906618000000000;
202511;2931;1994000211;COTAS;504613.086123000000000;
202511;2854;2011000319;TIT_PUB;206059282.000000000000000;
202511;2931;1994000211;COTAS;12007183.142946000000000;
202511;3321;9970000000;COTAS;1183090.549985000000000;
202511;3126;1995002674;COTAS;1026531.356247000000000;
202511;3126;1993002219;VL_PG_RC;321465.590000000000000;
202511;3161;1994004118;OPERACAO_PARTICIPANTE;3474617.140000000000000;
202511;3349;1995003638;COTAS;128332106.334802000000000;
202511;3126;1994002956;COTAS;60288625.479230000000000;
202511;3188;2007003074;COTAS;694800.888309000000000;10214125000178
202511;2931;1994000211;COTAS;10031217.405884000000000;
202511;3126;1997000938;COTAS;18392222.688057000000000;
202511;2525;2009003756;CAIXA;61726.420000000000000;
202511;3126;2006003747;COTAS;32631.413804000000000;
202511;3126;1995001147;COTAS;2219302.821110000000000;
202511;3126;2010000129;COTAS;345909.974739000000000;
202511;2525;2009003756;COTAS;25821099.663089000000000;41763054000196
202511;3126;1995002674;COTAS;2103544.916749000000000;
202511;3126;2006003811;COTAS;1635661.439126000000000;
202511;3188;2007003074;COTAS;2369954.582502000000000;25244544000120
202511;3126;1995000711;COTAS;1094749.008711000000000;
202511;3161;2005005111;COTAS;46160.745120000000000;
202511;3126;1997001918;COTAS;5914136.728701000000000;
202511;3126;2010002792;CAIXA;6000.000000000000000;
202511;2525;2023000556;VL_PG_RC;-25.670000000000000;
202511;3188;2010000374;COTAS;230469.864731000000000;
202511;3037;1994001119;COTAS;14613687.856737000000000;
202511;3126;1997001918;COTAS;2142736.089802000000000;
202511;2556;1998007618;COTAS;222833.106535000000000;
202511;3161;2005005111;VL_PG_RC;-112159.760000000000000;
202511;3126;1998002292;CAIXA;1367721.430000000000000;
202511;2556;1998007618;COTAS;60984056.327231000000000;
202511;3126;2012001483;COTAS;8048212.131687000000000;
202511;3126;2006003992;COTAS;19321465.707717000000000;
202511;3188;2010003438;COTAS;10735635.354531000000000;18270776000197
202511;3126;1995001147;COTAS;141178554.871507000000000;
202511;2561;2014001219;COTAS;92231855.836862000000000;55174203000196
202511;2854;2022000447;CAIXA;295.550000000000000;
202511;3126;2012001483;COTAS;14898350.779852000000000;
202511;2931;1994000211;COTAS;3901586.301197000000000;
202511;2659;1995001783;COTAS;59662857.253520000000000;13130811000159
202511;3126;1998002292;COTAS;4813294.647299000000000;
202511;3126;2006004011;COTAS;16959803.794563000000000;
202511;2292;1990002129;COTAS;1031941.246928000000000;
202511;2292;1990002129;COTAS;5135544.739871000000000;41562294000122
202511;3126;2006004011;COTAS;262660067.239532000000000;
202511;2292;1998002829;COTAS;213599.794872000000000;
202511;3126;2006004711;COTAS;656955.730318000000000;
202511;2292;1998002829;COTAS;3533103.967220000000000;
202511;2292;1998002829;COTAS;21954.428211000000000;
202511;3349;1995003638;COTAS;9534780.611515000000000;
202511;3126;2007002019;COTAS;19274466.112155000000000;
202511;2292;2016000392;COTAS;112511.264331000000000;
202511;2292;2016000392;COTAS;2210790.315475000000000;04764252000148
202511;3126;2007002019;COTAS;776042.465246000000000;
202511;3126;2008000192;COTAS;2767894.058017000000000;
202511;3349;1995003638;VL_PG_RC;-2196674.820000000000000;
202511;2292;2016000392;COTAS;27252951.334181000000000;50765883000107
202511;3126;1995002674;CAIXA;131833.350000000000000;
202511;3188;1989000983;COTAS;4771997.612957000000000;29298975000120
202511;3188;2010003438;VL_PG_RC;-184030.820000000000000;
202511;3126;1998002292;COTAS;4460111.501154000000000;
202511;3174;1994004029;COTAS;290996601.965167000000000;37405212000169
202511;3126;1995002674;COTAS;1085875.916971000000000;
202511;2693;2021001938;COTAS;866866.360004000000000;06877846000190
202511;3126;1995002674;COTAS;245897.428673000000000;
202511;3411;2014001065;VL_PG_RC;-1525.290000000000000;
202511;3126;1998002292;COTAS;472550722.258136000000000;
202511;3126;2008000192;COTAS;8122714.841907000000000;
202511;3126;2012001483;VL_PG_RC;684209.930000000000000;
202511;3188;1994002565;COTAS;4352664.546425000000000;
202511;3126;2008000192;COTAS;50456637.162114000000000;
202511;3188;1996004883;COTAS;388331.681664000000000;18270776000197
202511;2292;2018002538;COTAS;1972125.969122000000000;
202511;2721;9970000000;COTAS;1177631.968074000000000;13914334000112
202511;3411;2016001429;COTAS;15132629.070084000000000;13425757000179
202511;3126;1999002318;COTAS;3749675.438250000000000;
202511;2931;1994000211;COTAS;2599639.900667000000000;
202511;3188;1989000983;COTAS;4802767.454903000000000;
202511;3411;2016001429;COTAS;1916918.908335000000000;45017499000188
202511;2854;9970000000;VL_PG_RC;0.000000000000000;
202511;3188;1999002792;COTAS;8034683.920619000000000;25244544000120
202511;3037;1994001119;COTAS;6188196.366802000000000;
202511;2302;1988002011;COTAS;244727734.646355000000000;29092660000121
202511;3188;2010005211;CAIXA;148146.120000000000000;
202511;2909;1993003411;CAIXA;4386828.420000000000000;
202511;3099;1994003065;COTAS;160096098.520006000000000;13411833000197
202511;3188;1999003756;COTAS;3104394.268808000000000;29298975000120
202511;2316;2015001311;COTAS;38750820.835996000000000;56479808000158
202511;3099;1994004411;OPERACAO_PARTICIPANTE;13342.780000000000000;
202511;3188;2012000665;COTAS;3502215.393775000000000;29298975000120
202511;3126;2008000192;COTAS;2834865.172014000000000;
202511;3126;1999002318;COTAS;1718269.460365000000000;
202511;3099;1996002392;COTAS;7375530.399985000000000;13411833000197
202511;2931;1994000211;VL_PG_RC;304405.070000000000000;
202511;3188;2016000538;COTAS;1491352.855726000000000;
202511;2796;1993002529;COTAS;19344392.995847000000000;26218376000160
202511;2991;1985000547;ACOES;252.820000000000000;
202511;2659;2000002447;COTAS;12681146.130874000000000;
202511;3126;1999002318;COTAS;4926313.710392000000000;
202511;2316;2015001492;COTAS;26249813.818582000000000;56479808000158
202511;2912;1993003738;OPERACAO_PARTICIPANTE;233903.100000000000000;
202511;3126;2001000774;CAIXA;4000.000000000000000;
202511;3126;1999002318;COTAS;633646.868696000000000;
202511;3438;1989001238;COTAS;68517004.641977000000000;
202511;3126;1999002318;COTAS;491003.072627000000000;
202511;3126;2001000774;COTAS;5833416.887455000000000;
202511;3126;2001000774;VL_PG_RC;136563.730000000000000;
202511;3188;1999003756;COTAS;1383872.504933000000000;34613727000166
202511;3126;2010002792;COTAS;1242604.593980000000000;
202511;3099;1999004892;COTAS;4277391.699404000000000;
202511;2796;1993002529;VL_PG_RC;-856.080000000000000;
202511;3126;1993001492;COTAS;127457.515673000000000;
202511;2991;1994002492;COTAS;2508865.338504000000000;
202511;2991;1994002492;COTAS;41870720.984555000000000;
202511;3126;2010002792;COTAS;4456353.937843000000000;
202511;3438;2000001092;COTAS;27276978.266022000000000;17706099000144
202511;3126;2013000529;COTAS;25336791.746167000000000;
202511;3188;1999003756;OPERACAO_PARTICIPANTE;1623912.440000000000000;
202511;3126;2005005811;COTAS;7334.468349000000000;
202511;2659;2000002447;COTAS;11366044.237021000000000;
202511;2931;1994000211;COTAS;10469120.400000000000000;
202511;3126;2005005811;COTAS;3570831.402118000000000;
202511;2659;2000002447;COTAS;17961936.258260000000000;
202511;3188;1994002565;TIT_PUB;191591714.180000000000000;
202511;3188;2016000538;COTAS;28414329.460488000000000;25244544000120
202511;2811;1993002774;COTAS;1949735.409286000000000;
202511;3126;2006001183;CAIXA;13015.970000000000000;
202511;3438;2002000956;CAIXA;124864.260000000000000;
202511;3126;2006003992;COTAS;9725115.052690000000000;
202511;2991;1994002492;IMOVEIS;3611000.000000000000000;
202511;3126;2006001183;COTAS;4891165.347828000000000;
202511;3126;1993002219;COTAS;7431442.297902000000000;
202511;3188;2000007856;COTAS;2441600.344460000000000;29298975000120
202511;3126;2012001483;COTAS;253022.434196000000000;
202511;3188;1996001647;OPERACAO_PARTICIPANTE;3559153.710000000000000;
202511;3126;2006004011;CAIXA;71433.790000000000000;
202511;3438;2005002992;COTAS;10185850.100348000000000;
202511;3126;2006003811;COTAS;532661.750003000000000;
202511;3188;2003000283;COTAS;1190739.035261000000000;29298975000120
202511;3126;2006004011;COTAS;1653969.476225000000000;
202511;2931;1994000211;COTAS;119249865.034442000000000;
202511;3126;2005005811;COTAS;26869076.031716000000000;
202511;3126;1993002219;COTAS;6100654.314044000000000;
202511;3126;2012001483;COTAS;11151365.003690000000000;
202511;3188;1996004883;COTAS;53240076.717074000000000;10220241000108
202511;3126;2021001156;COTAS;821644.753325000000000;
202511;2931;1994000211;COTAS;9109965.629471000000000;
202511;3126;1994001674;CAIXA;39457.840000000000000;
202511;2931;1994000211;COTAS;2931076.695221000000000;
202511;3126;1994002956;COTAS;81677965.746560000000000;
202511;3188;2003000747;COTAS;523993.559918000000000;10220241000108
202511;3126;2006003811;COTAS;2217964.046194000000000;
202511;3188;1996004883;COTAS;33600.282104000000000;34613727000166
202511;3126;2005005811;COTAS;1760173.545667000000000;
202511;2811;1993002774;COTAS;3918689.161612000000000;
202511;3188;1997001047;VL_PG_RC;-125899.750000000000000;
202511;3126;2005005811;COTAS;98722.462471000000000;
202511;3006;1994002174;COTAS;10859644.889999000000000;
202511;3126;2006003992;COTAS;10580962.360019000000000;
202511;2316;2015001492;TIT_PUB;503119537.620000000000000;
202511;3126;1995000711;COTAS;6519316.670027000000000;
202511;3438;2005006556;COTAS;49636692.594387000000000;
202511;3126;2006004711;COTAS;3760977.352000000000000;
202511;3126;2012001483;COTAS;1999160.573614000000000;
202511;3438;2006000438;COTAS;5031995.052895000000000;
202511;3023;2001001738;COTAS;34589002.867905000000000;
202511;2991;1985000547;COTAS;25134.589915000000000;
202511;3126;2006003992;COTAS;8183225.941679000000000;
202511;2811;9970000000;CAIXA;12033.310000000000000;
202511;3126;2021001156;COTAS;3544046.276212000000000;
202511;3126;2006003992;COTAS;38727495.624520000000000;
202511;2823;1994000392;COTAS;1919084.760414000000000;
202511;3126;1995001147;COTAS;4439616.290087000000000;
202511;3126;2006004711;COTAS;1449905.246657000000000;
202511;2823;1994000392;COTAS;10971607.854709000000000;
202511;3126;2018000756;COTAS;1105684.747754000000000;
202511;3126;2021001318;COTAS;1608456.971827000000000;
202511;2659;2000002447;IMOVEIS;1849792.050000000000000;
202511;2991;1994002492;COTAS;10950925.510078000000000;
202511;3126;1995001147;VL_PG_RC;1253696.100000000000000;
202511;3023;2001001738;COTAS;533862589.997070000000000;38049520000161
202511;3126;1995002674;COTAS;2701615.377861000000000;
202511;3438;2006002465;COTAS;1838958.420878000000000;
202511;3161;1994004118;COTAS;18438060.800000000000000;
202511;3188;2003000747;COTAS;355222.967748000000000;34613727000166
202511;3188;1998004856;COTAS;1778282.805297000000000;27565843000191
202511;3188;2017000574;TIT_PUB;70357087.470000000000000;
202511;2333;2019000938;VL_PG_RC;-2604.130000000000000;
202511;3126;2007001918;CAIXA;42987.490000000000000;
202511;3161;1994004118;COTAS;11523370.747650000000000;
202511;3188;2004002174;COTAS;21744262.793397000000000;10214125000178
202511;3126;2006001183;COTAS;680943.516373000000000;
202511;3126;2021001229;COTAS;1450795.537183000000000;
202511;3188;1998005674;COTAS;723638.530088000000000;18270776000197
202511;2333;9970000000;CAIXA;23550.210000000000000;
202511;3023;2001001738;VL_PG_RC;-145773.870000000000000;
202511;2823;1994000392;COTAS;4129939.904668000000000;
202511;3126;2007002019;COTAS;784332.650728000000000;
202511;3023;9970000000;CAIXA;11047.500000000000000;
202511;3023;1979003718;CAIXA;3948493.560000000000000;
202511;2823;1994000392;COTAS;1747495.817117000000000;
202511;3188;2019000865;CAIXA;2092.680000000000000;
202511;2659;9970000000;CAIXA;41441.300000000000000;
202511;3188;1998006247;VL_PG_RC;-62876.690000000000000;
202511;3438;2006002611;VL_PG_RC;0.000000000000000;
202511;3099;1997000318;CAIXA;1627.240000000000000;
202511;3126;2007002019;COTAS;1929800.790016000000000;
202511;3438;2006002856;OPERACAO_PARTICIPANTE;260419.530000000000000;
202511;3126;1996004247;COTAS;98387421.730001000000000;
202511;3126;2007002019;COTAS;2399809.588170000000000;
202511;3099;9970000000;COTAS;20026370.295208000000000;
202511;3188;2004002174;VL_PG_RC;-148341.560000000000000;
202511;3126;1997001918;COTAS;10216181.906143000000000;
202511;3126;1993001492;COTAS;218668.704142000000000;
202511;2693;1993000811;COTAS;9167175.291054000000000;
202511;3438;2007001111;VL_PG_RC;0.000000000000000;
202511;3126;1993001492;COTAS;609835.085607000000000;
202511;2823;1994000392;COTAS;945322.272262000000000;
202511;3126;1998002292;OPERACAO_PARTICIPANTE;2025913.745495036000000;
202511;3126;2008000192;COTAS;15892.977845000000000;
202511;3126;2021001318;CAIXA;4000.000000000000000;
202511;3438;2009002083;OPERACAO_PARTICIPANTE;1139351.650000000000000;
202511;3126;2006003747;COTAS;148896.098136000000000;
202511;3126;1999002318;COTAS;1904830.595323000000000;
202511;3438;2009003519;COTAS;84359863.063246000000000;
202511;3126;2006003747;COTAS;706471.240443000000000;
202511;3023;2001001738;COTAS;69290545.747116000000000;32265496000111
202511;2693;1993000811;COTAS;5512198.505000000000000;
202511;3126;2021001318;COTAS;157819.768769000000000;
202511;3188;2019000865;COTAS;39076.793283000000000;
202511;3037;1994001119;COTAS;22188179.800830000000000;
202511;3188;2005000256;COTAS;13612.534569000000000;18270776000197
202511;3037;1994001119;COTAS;62844192.955056000000000;
202511;3188;2005001211;COTAS;458420.865084000000000;
202511;3438;2012000347;VL_PG_RC;0.000000000000000;
202511;3438;2020002183;VL_PG_RC;0.000000000000000;
202511;2796;2015001174;COTAS;227190864.602428000000000;14298797000160
202511;3438;2021002918;COTAS;268900.312562000000000;
202511;3126;2010000129;COTAS;3025537.074404000000000;
202511;3438;2021002918;COTAS;4258885.175377000000000;
202511;2811;1993002774;COTAS;1794.870243000000000;
202511;3438;9970000000;CAIXA;583084.200000000000000;
202511;3126;1993002219;COTAS;5794731.872801000000000;
202511;2811;1993002774;COTAS;6637074.237589000000000;
202511;3472;1984001183;CAIXA;69957.790000000000000;
202511;3188;2019001047;COTAS;23432.359643000000000;10220241000108
202511;3188;1999002792;COTAS;1368272.214543000000000;10214125000178
202511;2811;1993002774;COTAS;54669495.937198000000000;
202511;3126;2012001483;COTAS;5796063.758020000000000;
202511;3472;1984001183;COTAS;1142505994.011225000000000;07420547000195
202511;3126;2021001318;COTAS;214116.521298000000000;
202511;3126;1994002956;COTAS;8645768.353680000000000;
202511;2823;1994000465;COTAS;45194426.955508000000000;
202511;3161;2005005111;CAIXA;13652.260000000000000;
202511;3099;1997000318;COTAS;6835291.811942000000000;
202511;2823;1994000465;COTAS;58432621.900495000000000;
202511;3472;1984001183;COTAS;340305712.572698000000000;12081486000119
202511;3126;2012001483;COTAS;838400.649857000000000;
202511;3472;1988001374;CAIXA;59395.700000000000000;
202511;3126;1994002956;VL_PG_RC;5754720.510000000000000;
202511;2823;1994000465;COTAS;5097259.872365000000000;
202511;3099;1999004647;VL_PG_RC;-298.760000000000000;
202511;3472;2023000718;CAIXA;30370.870000000000000;
202511;3126;1995000711;COTAS;11930848.250448000000000;
202511;3099;1999004892;COTAS;11844338.950000000000000;
202511;3126;2021001318;COTAS;302652.375010000000000;
202511;3126;1995000711;COTAS;235414.809375000000000;
202511;3126;2012001483;COTAS;10714.155428000000000;
202511;2823;1994000465;COTAS;4165876.784881000000000;
202511;3126;1995002674;COTAS;1692560.122885000000000;
202511;3188;2019001047;COTAS;25764.141431000000000;34613727000166
202511;3126;2024000665;COTAS;1146796.987908000000000;
202511;2333;9970000000;COTAS;2666959.837626000000000;
202511;3099;1999005465;OPERACAO_PARTICIPANTE;7724645.289985574200000;
202511;3126;1996004247;COTAS;126446856.899995000000000;
202511;3126;2024000665;COTAS;9295503.370622000000000;
202511;3188;2021003019;COTAS;337879.481288000000000;
202511;2823;1994000538;COTAS;20410966.613741000000000;
202511;3126;1996004247;VL_PG_RC;0.000000000000000;
202511;3161;2005005111;COTAS;1837993.267437000000000;
202511;3472;2023000718;COTAS;5892199.220912000000000;
202511;3126;2007002019;COTAS;9404553.685466000000000;
202511;2395;1994001811;COTAS;706426.774373000000000;
202511;3126;2008000192;COTAS;14725872.001664000000000;
202511;3126;1999002318;COTAS;70969681.644531000000000;
202511;3126;2006003747;COTAS;60302.888327000000000;
202511;3161;2005005111;COTAS;1561689.164077000000000;
202511;3126;1997001918;COTAS;5374631.433889000000000;
202511;2823;2009000218;COTAS;92249.087839000000000;
202511;3126;2006003747;COTAS;47937.413248000000000;
202511;3188;1999003756;TIT_PUB;139263814.330000000000000;
202511;3161;1994004118;COTAS;8072794.920693000000000;
202511;3472;2023000718;COTAS;9585941.441302000000000;12081486000119
202511;2823;1994000538;COTAS;443513300.073732000000000;
202511;3188;2000007856;COTAS;1472980.132453000000000;
202511;3161;2005005111;COTAS;10272048.940368000000000;
202511;3126;2008000192;COTAS;22449247.913363000000000;
202511;3188;2001000847;COTAS;108816.439428000000000;
202511;2395;1994001811;COTAS;18006636.373215000000000;
202511;3126;2008001229;COTAS;4776452.255666000000000;
202511;3126;2018000756;CAIXA;69256.520000000000000;
202511;2841;2005004529;COTAS;285044892.311822000000000;50819097000137
202511;3188;2001000847;COTAS;726359.613588000000000;29298975000120
202511;2841;2005004611;COTAS;1709214.010375000000000;
202511;3161;2005005111;COTAS;5332971.994148000000000;
202511;3161;2024000819;CAIXA;1524.410000000000000;
202511;3126;2006003747;VL_PG_RC;10999.900000000000000;
202511;3188;2005001211;COTAS;1311295.413631000000000;29298975000120
202511;3486;1996002074;COTAS;104717164.701486000000000;
202511;3188;2002000565;COTAS;718170.370395000000000;
202511;3126;2021001156;COTAS;4510174.898051000000000;
202511;3188;2023000947;VL_PG_RC;-337.710000000000000;
202511;3126;1993001492;COTAS;27371739.961424000000000;
202511;2841;2005004529;OPERACAO_PARTICIPANTE;4019012.399986399400000;
202511;3251;1995001465;COTAS;4399293.711907000000000;
202511;3174;9970000000;COTAS;681236.290008000000000;
202511;2395;1994001811;COTAS;9952608.676368000000000;
202511;3188;2005006483;COTAS;2110274.892466000000000;29298975000120
202511;3126;2006004011;COTAS;2306892.644182000000000;
202511;3126;1994002956;COTAS;17459460.462771000000000;
202511;3126;2000007074;CAIXA;82066.220000000000000;
202511;3527;1996002619;COTAS;216794096.807151000000000;
202511;3126;1995001147;COTAS;4133004.515557000000000;
202511;3174;9970000000;VL_PG_RC;5333.320000000000000;
202511;2841;2005004611;COTAS;274445642.571365000000000;63062979000142
202511;3126;2008001229;TIT_PUB;31021549.230000000000000;
202511;3126;2000007074;COTAS;7824342.258852000000000;
202511;2854;2022000447;VL_PG_RC;-1225.080000000000000;
202511;3251;1995001465;COTAS;11884671.576025000000000;
202511;3188;2007003074;COTAS;786318.142174000000000;10220241000108
202511;3126;2001000774;COTAS;530823.658560000000000;
202511;3188;1997001047;COTAS;53499689.414469000000000;18270776000197
202511;3126;2010002792;COTAS;12515460.246513000000000;
202511;3188;2002000565;COTAS;1877270.158996000000000;29298975000120
202511;3527;2020001365;COTAS;77739302.509755000000000;
202511;3251;1995001465;COTAS;10566552.165510000000000;
202511;3527;2020001365;COTAS;1398195.917486000000000;
202511;3188;1997002183;VL_PG_RC;-6941.400000000000000;
202511;2422;1982001747;VL_PG_RC;-55125.680000000000000;
202511;3126;2021001156;COTAS;377381.514730000000000;
202511;3126;1997000938;VL_PG_RC;-31564.460000000000000;
202511;3188;2010003047;COTAS;3879582.367968000000000;25244544000120
202511;3161;2005005111;COTAS;679831.657221000000000;
202511;3126;1998002292;COTAS;138033145.937955000000000;
202511;3126;2006007165;COTAS;422876932.620155000000000;
202511;3527;2020001365;COTAS;2515865.752943000000000;
202511;3126;2007001918;COTAS;27493000.659999000000000;
202511;3251;1995001465;COTAS;19653979.664871000000000;
202511;3188;2002000565;COTAS;1860412.709504000000000;34613727000166
202511;2909;1993003411;COTAS;198161599.463791000000000;34867829000108
202511;3188;2002000719;COTAS;8391398.965962000000000;34613727000166
202511;2909;1993003411;OPERACAO_PARTICIPANTE;12426375.289882353400000;
202511;3531;1996003038;COTAS;28474299.909347000000000;
202511;3126;2008001229;CAIXA;63033.090000000000000;
202511;3304;1995002747;COTAS;11926372.336306000000000;
202511;3188;1998005674;COTAS;110821.855046000000000;
202511;3174;1994004029;COTAS;3369152.150169000000000;
202511;3126;1998002292;COTAS;69770.825989000000000;
202511;3188;2003000283;COTAS;1247716.677195000000000;
202511;3126;2013000529;COTAS;3294357.792095000000000;
202511;2841;2005004611;CAIXA;1053582.210000000000000;
202511;3174;1994004029;COTAS;19830176.517011000000000;
202511;2854;9970000000;CAIXA;529.290000000000000;
202511;3126;2001000774;COTAS;155751.690665000000000;
202511;3188;2003000747;COTAS;1704962.559986000000000;18270776000197
202511;2912;1993003738;COTAS;4929996.202855000000000;09636594000104
202511;3602;1979000638;TIT_PUB;2895025738.810000000000000;
202511;3126;2021001318;COTAS;546366.584899000000000;
202511;2909;2016000465;OPERACAO_PARTICIPANTE;2793339.579955061600000;
202511;3188;2010003438;COTAS;5820398.653860000000000;29298975000120
202511;2912;2005006711;VL_PG_RC;-875.280000000000000;
202511;2912;1993003738;COTAS;2131980.540012000000000;14435448000142
202511;3188;2010005074;COTAS;10344861.619900000000000;25244544000120
202511;3188;2004002174;COTAS;78538495.715856000000000;18270776000197
202511;2422;1994003847;CAIXA;4908.150000000000000;
202511;3188;2010005211;COTAS;674295.118852000000000;
202511;2931;1994000211;CAIXA;105310.830000000000000;
202511;3602;2009000511;COTAS;1182197.243100000000000;
202511;3126;2005005811;COTAS;7523359.038616000000000;
202511;3126;1999002318;COTAS;26497389.400478000000000;
202511;3126;2005005811;COTAS;13820669.996704000000000;
202511;3188;1998005674;COTAS;216603.059417000000000;
202511;3126;2008001229;COTAS;21364663.368585000000000;
202511;3188;2010005211;COTAS;19930420.267389000000000;10220241000108
202511;3126;2018000756;COTAS;1092245.933185000000000;
202511;3188;2010005211;COTAS;22175128.360167000000000;34613727000166
202511;3126;2024000665;COTAS;12449319.456356000000000;
202511;3126;2006003992;COTAS;32410612.765521000000000;
202511;2931;1994000211;COTAS;8095235.302081000000000;
202511;3304;1995002811;COTAS;2467304.576819000000000;
202511;3188;1998006247;OPERACAO_PARTICIPANTE;1232438.319985287000000;
202511;3126;1999002318;COTAS;7720976.705240000000000;
202511;3188;2005006483;COTAS;276934.162845000000000;
202511;2931;1994000211;COTAS;3700784.147090000000000;
202511;2931;1994000211;COTAS;1813510.574155000000000;
202511;3126;1999002318;VL_PG_RC;1034074.810000000000000;
202511;3188;1994002565;COTAS;30170128.379048000000000;25244544000120
202511;2931;9970000000;CAIXA;1805.040000000000000;
202511;3161;2005005111;COTAS;1587606.035611000000000;
202511;3126;2006001183;COTAS;4017434.284049000000000;
202511;3161;2024000819;COTAS;37643.719834000000000;
202511;3126;2008001229;COTAS;76616433.143400000000000;
202511;3188;2010000374;TIT_PUB;26355325.550000000000000;
202511;3174;9970000000;COTAS;17915229.090009000000000;
202511;3126;2001000774;COTAS;23392854.171441000000000;
202511;3126;2010000129;COTAS;1684243.686681000000000;
202511;3126;2001001983;COTAS;3880972.907851000000000;
202511;3602;2020002965;COTAS;103755.283482000000000;21321600000121
202511;2991;1985000547;TIT_PRIV;5293934.900000000000000;
202511;3126;2018000756;COTAS;8992628.208704000000000;
202511;3188;2010005211;OPERACAO_PARTICIPANTE;1412053.389945421400000;
202511;3304;1995002811;COTAS;3513148.102338000000000;
202511;2991;1994002492;ACOES;2537.880000000000000;
202511;2422;1994003911;IMOVEIS;1710551.270000000000000;
202511;3188;2012000665;COTAS;297241.797356000000000;
202511;3126;2005005811;CAIXA;8000.130000000000000;
202511;2991;1985000547;CAIXA;17604.980000000000000;
202511;3188;1989000983;COTAS;7031570.900136000000000;27565843000191
202511;3188;2010003292;CAIXA;12383.600000000000000;
202511;3678;1999002083;CAIXA;1945.340000000000000;
202511;3188;2010003438;COTAS;1392185.634583000000000;10220241000108
202511;3188;1998006247;TIT_PUB;80399722.560000000000000;
202511;3188;2010003438;COTAS;9774087.660082000000000;10220247000177
202511;3126;2018000756;VL_PG_RC;-7118.420000000000000;
202511;3126;2005005811;COTAS;4981240.878148000000000;
202511;2422;2002002665;ACOES;440.420000000000000;
202511;3126;2021001156;COTAS;1314203.140807000000000;
202511;3188;1999002792;TIT_PUB;21165226.640000000000000;
202511;3126;2006001183;COTAS;106799598.301922000000000;
202511;3188;2012000665;COTAS;1098456.972971000000000;
202511;3126;2006001183;COTAS;498362.469757000000000;
202511;3304;1995002811;COTAS;9613420.908159000000000;
202511;3188;2010003438;COTAS;2065424.863807000000000;34613727000166
202511;3188;2010005074;TIT_PUB;6535324.080000000000000;
202511;3126;2006001183;COTAS;2293188.957807000000000;
202511;3188;1996001647;CAIXA;84941.800000000000000;
202511;3126;2006003992;VL_PG_RC;514282.660000000000000;
202511;3188;2000007856;COTAS;427614.274900000000000;
202511;3678;2010001818;COTAS;1825213.727355000000000;03322908000100
202511;2991;1985000547;COTAS;1100720.040513000000000;
202511;3126;2006003747;COTAS;189580.917486000000000;
202511;3126;2006001183;COTAS;6625489.959999000000000;
202511;2991;1994002492;TIT_PRIV;122282780.420000000000000;
202511;3126;2006003747;COTAS;148669.647593000000000;
202511;3188;1996001647;COTAS;516475.397691000000000;10220241000108
202511;3126;2010000129;COTAS;650004.392092000000000;
202511;2991;1994002492;COTAS;95607.372978000000000;
202511;3825;1981000674;COTAS;15021639.435426000000000;
202511;3188;2016000538;CAIXA;86.460000000000000;
202511;3188;2001000847;COTAS;8814.286221000000000;18270776000197
202511;3006;1994002174;CAIXA;4129.100000000000000;
202511;3188;1996004883;TIT_PUB;1056189083.530000000000000;
202511;3126;2006004711;VL_PG_RC;155473.540000000000000;
202511;3188;1994002565;COTAS;2088164.653850000000000;27565843000191
202511;3037;1994001119;COTAS;4814509.407063000000000;
202511;3126;2006003747;COTAS;142083.943654000000000;
202511;3126;2006003811;COTAS;569596.378177000000000;
202511;3188;2002000565;COTAS;792084.687170000000000;
202511;3126;2006003992;COTAS;3365917.828315000000000;
202511;2422;2002002738;VL_PG_RC;-41536.820000000000000;
202511;3126;2006007165;CAIXA;1360280.260000000000000;
202511;3188;2002000719;COTAS;1837798.618921000000000;
202511;3188;1997001047;COTAS;172495035.991114000000000;25244544000120
202511;3188;2017000574;COTAS;2832230.331679000000000;10214125000178
202511;3188;2003000283;COTAS;171179.455655000000000;
202511;3188;1996004883;CAIXA;3000.000000000000000;
202511;3126;2010000129;VL_PG_RC;-5244.080000000000000;
202511;3825;1988002265;TIT_PUB;4909010.060000000000000;
202511;3126;2007002019;COTAS;1757633.756403000000000;
202511;3188;1996004883;COTAS;5056375.815715000000000;
202511;3126;2006003992;COTAS;5637562.974869000000000;
202511;3188;1998004856;TIT_PUB;154763965.290000000000000;
202511;3188;2003001638;COTAS;2399927.375949000000000;10214125000178
202511;3304;1995002811;COTAS;3177922.639775000000000;
202511;2991;1994002492;COTAS;1955084.507316000000000;
202511;3126;2006004011;COTAS;1196621.031306000000000;
202511;3126;2007002019;COTAS;2041192.639155000000000;
202511;3304;2011001838;COTAS;611595.465856000000000;
202511;3126;2006004011;TIT_PRIV;9891226.970000000000000;
202511;3037;1994001119;COTAS;1143196.580064000000000;
202511;3188;1998004074;VL_PG_RC;0.000000000000000;
202511;3188;2003001638;VL_PG_RC;-26645.130000000000000;
202511;2991;1994002492;VL_PG_RC;-10589340.970000000000000;
202511;3037;1994001119;COTAS;64691415.739502000000000;
202511;3188;2005000256;COTAS;546734.710390000000000;
202511;3321;1995002992;COTAS;3952604.855164000000000;
202511;3037;1994001119;COTAS;20107703.683944000000000;
202511;3188;2010005211;COTAS;77735747.051530000000000;18270776000197
202511;3126;2010002547;COTAS;104583362.031719000000000;
202511;3126;2006003992;COTAS;3324975.578719000000000;
202511;3349;1995003638;COTAS;13913111.730046000000000;
202511;3126;2010002792;COTAS;879326.374491000000000;
202511;3825;1989001874;CAIXA;60377.180000000000000;
202511;3126;2006004711;CAIXA;7000.000000000000000;
202511;3188;2017000574;VL_PG_RC;-49724.360000000000000;
202511;3825;1996001574;COTAS;5982643.303132000000000;
202511;3126;2007002019;COTAS;740220.783279000000000;
202511;3188;2019000865;COTAS;7787227.808943000000000;10214125000178
202511;3126;2012001483;COTAS;2283687.725016000000000;
202511;3126;2012001483;COTAS;858586.205665000000000;
202511;3126;2008000192;COTAS;719047.419248000000000;
202511;3188;1998005674;COTAS;6586399.180441000000000;25244544000120
202511;3126;2006003992;COTAS;2661254.874918000000000;
202511;3349;1995003638;COTAS;14864220.632007000000000;
202511;3126;2018000756;COTAS;242835.500013000000000;
202511;3188;1998006247;COTAS;7757962.462962000000000;10214125000178
202511;3188;1998004856;COTAS;45128.379156000000000;10220247000177
202511;3126;2021001156;CAIXA;4000.000000000000000;
202511;2422;2002003483;OPERACAO_PARTICIPANTE;58688.321458428700000;
202511;3188;2005006483;COTAS;1538033.933447000000000;
202511;3407;1995003247;COTAS;539932427.193212000000000;
202511;3188;2017000574;COTAS;2788384.726373000000000;27565843000191
202511;3188;2019001047;COTAS;86568.033674000000000;10220247000177
202511;3126;2009000447;COTAS;13580176.590548000000000;
202511;3126;2006004011;COTAS;9114427.781041000000000;
202511;3188;2019001047;COTAS;6579.146436000000000;29298975000120
202511;3825;1997000229;COTAS;31024693.762898000000000;
202511;3188;2019000865;COTAS;31259480.599760000000000;18270776000197
202511;3188;1998004856;COTAS;21372184.566063000000000;25244544000120
202511;2484;2005000183;COTAS;36516269.509468000000000;49361982000136
202511;3407;1995003247;COTAS;13308646.381441000000000;
202511;3126;2006004011;COTAS;15202475.545336000000000;
202511;3126;2009000447;COTAS;2306452.807517000000000;
202511;3825;1997002574;COTAS;96219432.209142000000000;
202511;3438;1989001238;COTAS;2945497.572574000000000;
202511;3825;1997002574;COTAS;17694621.976276000000000;
202511;3188;2002000565;COTAS;3193911.546531000000000;18270776000197
202511;3161;1994004118;COTAS;4181351.832995000000000;
202511;3126;2012001483;COTAS;830161.298017000000000;
202511;3161;2005005111;COTAS;740451.593410000000000;
202511;3126;2018000756;TIT_PUB;16691884.490000000000000;
202511;2484;9970000000;CAIXA;90377.060000000000000;
202511;3188;2005006483;COTAS;3118713.565314000000000;10220241000108
202511;3126;2009000447;COTAS;515878.223737000000000;
202511;3037;1994001119;VL_PG_RC;-86604.400000000000000;
202511;3188;2023000947;COTAS;187067.592077000000000;10220241000108
202511;3126;2010000129;COTAS;8251970.314011000000000;
202511;3825;1998001083;VL_PG_RC;0.000000000000000;
202511;3438;2002002029;COTAS;1951300.360814000000000;20030716000149
202511;3126;2012001483;CAIXA;11300.260000000000000;
202511;2525;1974000265;COTAS;1281199693.430587000000000;58437280000180
202511;3126;2021001156;COTAS;493943.116670000000000;
202511;3188;2019001047;VL_PG_RC;-307.570000000000000;
202511;3188;2005006483;COTAS;1780212.515614000000000;34613727000166
202511;3099;1997000318;COTAS;5288047.122948000000000;
202511;2525;2009003756;COTAS;5406210.696513000000000;
202511;3188;2002000719;COTAS;26713704.239640000000000;10214125000178
202511;3188;2007003074;TIT_PUB;6133018.780000000000000;
202511;3023;2001001738;COTAS;584024673.060196000000000;
202511;3188;2002000719;VL_PG_RC;-198254.020000000000000;
202511;3126;2021001229;COTAS;539476.418322000000000;
202511;3438;2005006556;COTAS;2471573.724780000000000;
202511;3126;2006004011;COTAS;4010841.880138000000000;
202511;3188;2021003019;TIT_PUB;44534762.590000000000000;
202511;3023;2001001738;TIT_PUB;861310479.830000000000000;
202511;3161;2005005111;COTAS;1042833.818116000000000;
202511;3126;2021001229;VL_PG_RC;220026.760000000000000;
202511;3438;2006002147;CAIXA;44985.910000000000000;
202511;3825;1999005074;COTAS;16327.420000000000000;
202511;3188;1999002792;COTAS;165632.247845000000000;
202511;3825;1999005074;COTAS;23002.440000000000000;
202511;3188;1999003756;COTAS;5763157.768636000000000;10214125000178
202511;3188;2000007856;COTAS;4821991.259706000000000;10220247000177
202511;3825;1999005074;COTAS;2946343.757803000000000;
202511;2525;9970000000;TIT_PRIV;175904.000000000000000;
202511;2556;1993000119;COTAS;153778.112470000000000;
202511;3438;2006002147;COTAS;55379393.638809000000000;08661367000168
202511;3126;2021001229;COTAS;613223.538276000000000;
202511;3126;2021001318;COTAS;450183.884610000000000;
202511;3188;2023000947;COTAS;3475325.809944000000000;25244544000120
202511;3126;2024000665;COTAS;55643961.600191000000000;
202511;3037;1994001119;COTAS;163163.264637000000000;
202511;3438;2006002465;COTAS;1291761.848177000000000;
202511;3825;1999005074;COTAS;790460.982519000000000;
202511;3438;2007003856;COTAS;6989656.533248000000000;
202511;2556;1993000119;COTAS;2863651.277558000000000;
202511;3188;1989000983;TIT_PUB;306935574.150000000000000;
202511;3126;2021001318;COTAS;2323068.012907000000000;
202511;3188;2003000283;COTAS;1283568.747145000000000;27565843000191
202511;3188;2009002156;COTAS;45161503.950327000000000;10214125000178
202511;3825;2001001118;CAIXA;2000.000000000000000;
202511;3251;1995001465;COTAS;34900925.490894000000000;
202511;3188;2002000565;COTAS;5643842.028711000000000;10220241000108
202511;3126;2006004011;COTAS;486551.207710000000000;
202511;3188;1994002565;COTAS;4225885.859876000000000;
202511;3438;2008003256;VL_PG_RC;0.000000000000000;
202511;3126;2021001229;CAIXA;4000.000000000000000;
202511;2556;1993000119;COTAS;677378.991697000000000;
202511;3251;1995001465;COTAS;71473870.078560000000000;
202511;3099;1999004647;COTAS;374169.980000000000000;
202511;3188;2025000383;VL_PG_RC;-11.180000000000000;
202511;3126;2021001318;COTAS;904716.240543000000000;
202511;3188;2002000719;COTAS;9369230.220546000000000;18270776000197
202511;3438;2009003519;CAIXA;262917.230000000000000;
202511;3126;2024000665;TIT_PUB;27292835.800000000000000;
202511;3188;2003000283;VL_PG_RC;-21329.990000000000000;
202511;3188;1996001647;COTAS;623724.791315000000000;
202511;3188;2003000747;VL_PG_RC;-2830.360000000000000;
202511;3251;1995001465;COTAS;4200770.467171000000000;
202511;3438;2013001983;CAIXA;56232.380000000000000;
202511;3188;2003000747;TIT_PUB;2498015.010000000000000;
202511;3438;2021002438;COTAS;8356150.520588000000000;
202511;3037;1994001119;COTAS;18739958.426970000000000;
202511;3188;2010003292;COTAS;4061409.166328000000000;
202511;3188;2003001638;COTAS;698360.563309000000000;
202511;3251;1995001465;COTAS;664793.313192000000000;
202511;3126;2007002019;COTAS;1840984.166038000000000;
202511;3825;2002000492;VL_PG_RC;0.000000000000000;
202511;3304;1995002747;COTAS;6560444.230000000000000;
202511;3201;1994004274;CAIXA;9.230000000000000;
202511;3161;1994004118;COTAS;11139560.547812000000000;
202511;3304;1995002747;COTAS;393015.550766000000000;
202511;3825;2007003619;COTAS;430403505.231122000000000;
202511;3126;2021001229;COTAS;680766.031874000000000;
202511;3188;2003001638;COTAS;1537520.813665000000000;29298975000120
202511;3825;2017000418;COTAS;36243353.448933000000000;
202511;3472;1984001183;COTAS;279168827.401888000000000;20519416000128
202511;3161;2005005111;COTAS;17097523.940196000000000;
202511;3188;2010003292;COTAS;30673777.774469000000000;25244544000120
202511;2556;1998007618;COTAS;39761.711160000000000;
202511;3251;1995001465;COTAS;16556257.842096000000000;
202511;3161;2005005111;COTAS;1738738.624742000000000;
202511;2556;1998007618;OPERACAO_PARTICIPANTE;50590090.836432000000000;
202511;3126;2024000665;COTAS;19954743.070892000000000;
202511;2561;1999000447;COTAS;10222140.895062000000000;
202511;3188;1996001647;VL_PG_RC;-22866.370000000000000;
202511;3188;1996004883;COTAS;17570969.736501000000000;27565843000191
202511;3304;1995002747;COTAS;7687611.675757000000000;
202511;3126;2023000874;CAIXA;5999.950000000000000;
202511;3188;2003001638;COTAS;8274.735471000000000;34613727000166
202511;3188;2010003365;COTAS;4773293.785629000000000;18270776000197
202511;3188;2004002174;CAIXA;1239302.170000000000000;
202511;2561;2014001219;COTAS;6622233.394720000000000;
202511;3472;2023000718;COTAS;14319834.494954000000000;20519416000128
202511;3188;2010005211;COTAS;2222982.263493000000000;
202511;3304;1995002747;COTAS;8517932.811094000000000;
202511;3188;2004002174;COTAS;15680189.270932000000000;10220247000177
202511;3099;1999004892;COTAS;32226312.480000000000000;
202511;3304;1995002747;COTAS;4037831.244824000000000;
202511;3174;1994004029;COTAS;3193271954.477506000000000;37405187000113
202511;3527;1996002619;COTAS;112486615.855933000000000;
202511;3126;2024000665;COTAS;6310271.842338000000000;
202511;3126;2024000665;CAIXA;24578.010000000000000;
202511;3188;2003001638;COTAS;16603.113503000000000;10220247000177
202511;3126;9970000000;CAIXA;5324.550000000000000;
202511;3188;1997001047;COTAS;3456101.959830000000000;
202511;3839;1998004929;CAIXA;10943.620000000000000;
202511;3099;1999004892;COTAS;236897333.320067000000000;04701028000107
202511;3188;1997001047;COTAS;12847753.580630000000000;10220247000177
202511;3304;1995002811;COTAS;3044068.596011000000000;
202511;3839;2009001583;COTAS;73663.585882000000000;
202511;3188;1994002565;COTAS;3369107.240283000000000;10214125000178
202511;2659;2000002447;COTAS;6982297.280352000000000;
202511;3839;2009001583;COTAS;373857.000764000000000;
202511;3099;1999004892;VL_PG_RC;-374177.730000000000000;
202511;3527;1996002619;COTAS;19184783.359646000000000;
202511;3304;1995002811;COTAS;2523349.528278000000000;
202511;3304;1995002747;COTAS;2787493.570588000000000;
202511;3188;2010005211;COTAS;8338578.645708000000000;
202511;3304;1995002811;COTAS;1163180.543090000000000;
202511;3188;2003001638;COTAS;14139494.120371000000000;25244544000120
202511;3037;9970000000;VL_PG_RC;0.000000000000000;
202511;3161;1994004118;COTAS;26356179.563644000000000;
202511;3304;2011001838;COTAS;207114.262534000000000;
202511;3188;1998005674;COTAS;65679.296282000000000;10220247000177
202511;3188;1994002565;COTAS;23492861.409337000000000;34613727000166
202511;3188;2005006483;COTAS;211699.336606000000000;18270776000197
202511;3304;1995002811;COTAS;4882160.149154000000000;
202511;3126;2012001483;COTAS;607711.429772000000000;
202511;3527;1996002619;COTAS;52631832.698585000000000;
202511;3304;1995002811;COTAS;811183.362604000000000;
202511;3188;1998006247;COTAS;3926015.290876000000000;
202511;3126;2018000756;COTAS;7031516.927109000000000;
202511;3304;9970000000;COTAS;543884.699982000000000;
202511;3126;2021001229;COTAS;103304.647733000000000;
202511;3188;2004002174;COTAS;27491123.192228000000000;10220241000108
202511;3304;1995002811;COTAS;3777622.943587000000000;
202511;3188;2010005211;COTAS;5971307.017520000000000;29298975000120
202511;3887;1999004965;COTAS;3852858.434180000000000;
202511;2693;2021001938;VL_PG_RC;-1495.420000000000000;
202511;3161;1994004118;IMOVEIS;867600.000000000000000;
202511;2811;1993002774;CAIXA;3077565.260000000000000;
202511;3188;1994002565;VL_PG_RC;150223.880000000000000;
202511;3321;1995002992;COTAS;4832994.284421000000000;
202511;3188;1999002792;COTAS;457052.437203000000000;18270776000197
202511;3188;2007003074;COTAS;56069.428811000000000;
202511;3321;9970000000;VL_PG_RC;0.000000000000000;
202511;3321;1995002992;COTAS;1345752.342559000000000;
202511;3126;2021001229;COTAS;1066514.596231000000000;
202511;3161;2005005111;COTAS;2887793.185561000000000;
202511;3161;1994004118;COTAS;14438965.985561000000000;
202511;3188;1996001647;COTAS;27447.122253000000000;10220247000177
202511;3099;1999005392;OPERACAO_PARTICIPANTE;2104009.639938683000000;
202511;3161;1994004118;COTAS;4154820.308749000000000;
202511;3099;1994003065;COTAS;1853807.400000000000000;
202511;3188;2000007856;TIT_PUB;104429031.260000000000000;
202511;3126;1988000947;VL_PG_RC;322172.470000000000000;
202511;3188;1996001647;COTAS;741279.726430000000000;29298975000120
202511;3188;2012000665;CAIXA;53859.070000000000000;
202511;3174;1994004029;CAIXA;697784.060000000000000;
202511;3188;2002000719;COTAS;1212556.344200000000000;
202511;3188;2012000665;TIT_PUB;189852071.640000000000000;
202511;3188;1989000983;COTAS;1848751.888291000000000;
202511;3188;2007003074;COTAS;37720.253689000000000;
202511;3188;2004002174;COTAS;30050898.623899000000000;34613727000166
202511;3188;2010000374;COTAS;1158994.206978000000000;10214125000178
202511;3161;2005005111;COTAS;27327122.828174000000000;
202511;3126;1993001492;COTAS;590936.780014000000000;
202511;3188;1996001647;COTAS;9778.851446000000000;
202511;2811;1993002774;COTAS;2008587.418161000000000;
202511;3188;2010003292;COTAS;5040900.890443000000000;34613727000166
202511;3188;2013000456;COTAS;19308869.161339000000000;18270776000197
202511;3349;1995003638;COTAS;3445687.650000000000000;
202511;3188;1996004883;COTAS;710296.393504000000000;10220247000177
202511;3188;2002000719;COTAS;1660835.745068000000000;
202511;3188;2005000256;VL_PG_RC;-37816.320000000000000;
202511;3126;2021001229;COTAS;361991.717551000000000;
202511;3527;1996002619;TIT_PUB;39639478.880000000000000;
202511;3887;1999004965;COTAS;818846.561592000000000;
202511;3349;1995003638;COTAS;2000.000000000000000;
202511;3188;1996001647;COTAS;148514.545653000000000;34613727000166
202511;3188;1996004883;COTAS;100841499.496072000000000;25244544000120
202511;3349;1995003638;COTAS;6020579.316864000000000;
202511;3126;1995000711;COTAS;4893950.879310000000000;
202511;3161;2005005111;COTAS;556197.758861000000000;
202511;3126;1993002219;COTAS;7089399.367231000000000;
202511;3188;2003000283;TIT_PUB;32144727.410000000000000;
202511;3349;1995003638;COTAS;11339745.757597000000000;
202511;3188;1997001047;TIT_PUB;541470583.680000000000000;
202511;3126;1994002956;COTAS;19776689.483581000000000;
202511;3188;1996004883;COTAS;5916385.968997000000000;
202511;3887;1999004965;COTAS;34135.552834000000000;
202511;3188;1998004856;COTAS;806096.623890000000000;
202511;3188;2005001211;COTAS;1614435.142963000000000;
202511;3349;9970000000;CAIXA;5612.020000000000000;
202511;3161;2024000819;VL_PG_RC;0.000000000000000;
202511;3188;2005006483;COTAS;658203.654544000000000;
202511;3188;2017000574;COTAS;6202435.137837000000000;10220241000108
202511;3174;1994004029;COTAS;24010206.617433000000000;
202511;3321;1995002992;COTAS;217039.243495000000000;
202511;3188;2005006483;COTAS;2386667.453179000000000;10214125000178
202511;3188;2003000747;COTAS;43710.061837000000000;
202511;3126;1995001147;COTAS;18789344.968591000000000;
202511;3321;1995002992;COTAS;14933604.333096000000000;
202511;3188;1998005674;TIT_PUB;38582919.170000000000000;
202511;3407;1995003247;VL_PG_RC;-70247.480000000000000;
202511;3188;2010003292;OPERACAO_PARTICIPANTE;0.000000000000000;
202511;3126;2021001318;COTAS;1246838.262370000000000;
202511;3527;2020001365;CAIXA;42485.280000000000000;
202511;3188;2004002174;COTAS;171338566.443888000000000;25244544000120
202511;3887;1999004965;COTAS;2461580.565327000000000;
202511;3407;9970000000;COTAS;1888334.909989000000000;
202511;3188;2017000574;COTAS;15842048.940464000000000;25244544000120
202511;3188;2005000256;COTAS;474600.454458000000000;27565843000191
202511;3411;9970000000;CAIXA;3238.400000000000000;
202511;3174;1994004029;VL_PG_RC;-64303.770000000000000;
202511;3188;2005001211;COTAS;166963.589997000000000;
202511;3188;1998006247;COTAS;1016923.032907000000000;
202511;3188;1989000983;CAIXA;12940.390000000000000;
202511;3188;2010003365;COTAS;77095942.842428000000000;25244544000120
202511;3126;1995002674;COTAS;2603593.649708000000000;
202511;3188;2017000711;COTAS;8889012.631130000000000;10220241000108
202511;3126;1997000938;COTAS;9280352.997529000000000;
202511;3438;1988000556;VL_PG_RC;-727896.980000000000000;
202511;3321;1995002992;COTAS;2043473.964899000000000;
202511;3321;1995002992;COTAS;2444578.931499000000000;
202511;3188;2013000456;COTAS;1331013.293355000000000;
202511;3349;1995003638;COTAS;4933972.440788000000000;
202511;3438;1999001729;VL_PG_RC;0.000000000000000;
202511;3188;2009002156;COTAS;2663298.351730000000000;
202511;3126;1997001918;COTAS;5999035.650993000000000;
202511;2823;1994000392;COTAS;819756.059999000000000;
202511;3438;2000001238;VL_PG_RC;0.000000000000000;
202511;4042;2000004792;COTAS;1759992.979605000000000;
202511;3188;1989000983;COTAS;1910867.283334000000000;
202511;3188;2010003047;COTAS;3748.723529000000000;
202511;4091;2004002492;COTAS;28180592.319872000000000;
202511;3126;1997001918;COTAS;86903864.102117000000000;
202511;3188;1998004856;COTAS;1487956.199440000000000;
202511;3126;2024000665;COTAS;12438648.841196000000000;
202511;3188;2021003019;COTAS;3980518.226520000000000;18270776000197
202511;3188;2005001211;TIT_PUB;29481079.380000000000000;
202511;3411;2016001429;CAIXA;621.180000000000000;
202511;3188;2010003438;COTAS;3339531.646330000000000;
202511;3527;2020001365;COTAS;1447531.963483000000000;
202511;3188;2005006483;TIT_PUB;99074151.000000000000000;
202511;3188;1998004856;COTAS;6824001.063465000000000;10220241000108
202511;3527;2020001756;COTAS;74368495.085118000000000;
202511;3188;1998004856;COTAS;2948262.568710000000000;34613727000166
202511;3527;2020001756;COTAS;131948.875183000000000;
202511;3126;1999002318;COTAS;545110.094985000000000;
202511;3304;1995002747;COTAS;5289574.778065000000000;
202511;3188;1998005674;COTAS;444952.779799000000000;10214125000178
202511;3126;1995002674;COTAS;2424642.807001000000000;
202511;2823;1994000465;COTAS;39769674.384530000000000;
202511;3438;2000001238;OPERACAO_PARTICIPANTE;452235.100000000000000;
202511;3188;1999002792;CAIXA;89.420000000000000;
202511;3188;1994002565;IMOVEIS;2711916.430000000000000;
202511;3438;2000003011;VL_PG_RC;0.000000000000000;
202511;3188;1996004883;VL_PG_RC;-313084.050000000000000;
202511;3188;2007003074;COTAS;74704.990427000000000;
202511;3304;1995002747;COTAS;4608582.390486000000000;
202511;3188;1997001047;COTAS;5739521.130472000000000;
202511;3558;1996003992;COTAS;521952463.197252000000000;05114396000111
202511;3438;2000005111;COTAS;34631115.768512000000000;20030716000149
202511;3188;1998005674;COTAS;864387.946951000000000;29298975000120
202511;3126;1997000938;CAIXA;4000.000000000000000;
202511;3161;1994004118;COTAS;5091532.218218000000000;
202511;3188;1997001047;COTAS;14956925.574815000000000;29298975000120
202511;3438;2002002029;COTAS;5340.146000000000000;
202511;3188;2009002156;COTAS;55186809.339944000000000;18270776000197
202511;3126;2005005811;COTAS;3971135.284846000000000;
202511;3188;2010000374;COTAS;47108.085632000000000;
202511;3304;1995002747;COTAS;19596204.149397000000000;
202511;3126;1999002318;COTAS;1903621.401719000000000;
202511;3602;1979000638;COTAS;5968952.768747000000000;
202511;3161;1994004118;VL_PG_RC;-567031.600000000000000;
202511;2823;1994000465;COTAS;22138232.450627000000000;
202511;3188;1998005674;VL_PG_RC;-13570.320000000000000;
202511;3188;1997001047;COTAS;9864512.796802000000000;34613727000166
202511;3602;1979000638;COTAS;55088095.242043000000000;62655118000105
202511;3161;2005005111;OPERACAO_PARTICIPANTE;2589117.700000000000000;
202511;3188;2003000747;COTAS;280563.778629000000000;27565843000191
202511;3174;1994004029;COTAS;25732550.242674000000000;
202511;3188;2013000456;COTAS;427690.971167000000000;
202511;3438;2005002992;CAIXA;153307.240000000000000;
202511;3188;2013000456;COTAS;21652575.840677000000000;25244544000120
202511;3438;2001002092;CAIXA;15827.690000000000000;
202511;3126;2005005811;COTAS;5498499.575483000000000;
202511;3126;1999002318;COTAS;5992881.533164000000000;
202511;3188;1999002792;COTAS;312003.986056000000000;
202511;3188;1994002565;COTAS;3369564.472039000000000;
202511;3188;1997002183;COTAS;22215339.528951000000000;25244544000120
202511;3188;2010003365;VL_PG_RC;-346196.980000000000000;
202511;3126;2005005811;VL_PG_RC;781695.600000000000000;
202511;3188;1998005674;COTAS;400335.410066000000000;
202511;3188;2010005211;COTAS;1151420.613178000000000;
202511;2823;1994000538;COTAS;48591208.960332000000000;
202511;3188;2016000538;COTAS;3602352.213482000000000;10214125000178
202511;2823;1994000538;COTAS;71955479.426029000000000;
202511;3188;2004002174;COTAS;432900.346609000000000;
202511;3188;2019001047;COTAS;9402.496029000000000;27565843000191
202511;2823;1994000538;COTAS;50102524.364156000000000;
202511;3188;2016000538;OPERACAO_PARTICIPANTE;2712058.820026609000000;
202511;3188;1998005674;COTAS;317873.790274000000000;
202511;3188;2016000538;TIT_PUB;59549130.040000000000000;
202511;3126;2006003811;COTAS;169235.386364000000000;
202511;4101;2002001847;COTAS;9853518.214574000000000;
202511;3188;2005000256;COTAS;19306142.080963000000000;25244544000120
202511;3188;2017000711;TIT_PUB;95974608.470000000000000;
202511;3438;2005003638;VL_PG_RC;0.000000000000000;
202511;3188;1998006247;COTAS;10812450.590799000000000;10220241000108
202511;3126;2006003811;COTAS;135131.223873000000000;
202511;3438;2002002029;COTAS;79563.216216000000000;
202511;3188;2019000865;COTAS;8365932.614063000000000;10220241000108
202511;3188;1994002565;COTAS;5878492.569279000000000;29298975000120
202511;3188;2010005211;TIT_PUB;101874246.810000000000000;
202511;3188;1998006247;COTAS;10877288.741045000000000;34613727000166
202511;2841;2005004529;COTAS;1685429.583736000000000;
202511;3126;2006003811;VL_PG_RC;38820.530000000000000;
202511;3188;1999003756;VL_PG_RC;-27520.310000000000000;
202511;3126;2006004711;COTAS;11112189.285345000000000;
202511;3188;1996001647;COTAS;7879154.632714000000000;25244544000120
202511;3304;1995002747;COTAS;1904363.488500000000000;
202511;3188;2000007856;COTAS;642242.942065000000000;
202511;3438;2006000438;COTAS;9999808.269998000000000;
202511;3438;2002002029;OPERACAO_PARTICIPANTE;389786.670000000000000;
202511;3188;2009002156;COTAS;22143449.732526000000000;29298975000120
202511;3438;2006002611;OPERACAO_PARTICIPANTE;2449052.640000000000000;
202511;3438;2002002118;VL_PG_RC;-7578.260000000000000;
202511;3188;2019000865;COTAS;9197361.381088000000000;34613727000166
202511;3188;1997001047;COTAS;30720831.765444000000000;10220241000108
202511;3188;2009002156;COTAS;29598015.391049000000000;34613727000166
202511;3188;2000007856;CAIXA;155472.060000000000000;
202511;3438;2007003856;OPERACAO_PARTICIPANTE;234463.050000000000000;
202511;3188;2001000847;COTAS;7555.147507000000000;10220247000177
202511;3438;2008003256;COTAS;9986224.870001000000000;
202511;3602;1979000638;OPERACAO_PARTICIPANTE;15478018.730211216500000;
202511;2841;4028410029;COTAS;10276120.380403000000000;51911677000112
202511;3126;2008000192;COTAS;21827252.074042000000000;
202511;3188;1997001047;OPERACAO_PARTICIPANTE;4839741.949847865000000;
202511;3304;1995002811;COTAS;3508059.761325000000000;
202511;3188;2001000847;COTAS;207352.080655000000000;
202511;3188;2021003019;COTAS;920269.051562000000000;10214125000178
202511;3304;1995002811;COTAS;772122.593909000000000;
202511;3126;2008000192;COTAS;39745900.101768000000000;
202511;3188;2001000847;COTAS;10446181.890673000000000;25244544000120
202511;4114;2002004129;COTAS;30353031.088052000000000;59975239000120
202511;2841;4028410029;VL_PG_RC;-556.560000000000000;
202511;3188;2002000719;COTAS;21927935.882368000000000;10220241000108
202511;3188;2023000947;COTAS;71660.295000000000000;10214125000178
202511;4131;1998006311;VL_PG_RC;-19093.130000000000000;
202511;3188;1998004856;COTAS;48159.692516000000000;18270776000197
202511;3188;2012000665;COTAS;10878064.615775000000000;10220241000108
202511;3438;2009002083;VL_PG_RC;0.000000000000000;
202511;3188;2012000665;COTAS;7746117.778455000000000;34613727000166
202511;3188;2002000565;VL_PG_RC;-55810.490000000000000;
202511;3304;1995002811;COTAS;6558.908812000000000;
202511;4131;2002000247;OPERACAO_PARTICIPANTE;22229.910000000000000;
202511;3602;2009000511;COTAS;6015704.531227000000000;
202511;3188;2003000283;CAIXA;414.690000000000000;
202511;3188;2010000374;COTAS;2698488.075381000000000;25244544000120
202511;3188;2002000719;COTAS;4198548.705387000000000;27565843000191
202511;3304;1995002811;COTAS;3678725.422408000000000;
202511;3438;2016002018;COTAS;11213777.910338000000000;
202511;3188;2003000283;COTAS;536443.233200000000000;
202511;3304;1995002811;COTAS;1994163.651149000000000;
202511;3188;2003000747;COTAS;496625.348269000000000;10214125000178
202511;3304;1995002811;VL_PG_RC;134326.450000000000000;
202511;3126;2000007074;COTAS;10690463.800260000000000;
202511;3188;2003001638;COTAS;460530.070677000000000;
202511;3251;1995001465;COTAS;95606103.615350000000000;
202511;4131;2006006665;VL_PG_RC;-13109.700000000000000;
202511;4131;2008004538;TIT_PUB;43998389.880000000000000;
202511;3304;2011001838;COTAS;370523.238493000000000;
202511;3188;2012000665;OPERACAO_PARTICIPANTE;753568.710000000000000;
202511;3188;1998006247;COTAS;1192023.477571000000000;
202511;3188;2021003019;COTAS;640954.720019000000000;34613727000166
202511;3126;2000007074;VL_PG_RC;-43380.510000000000000;
202511;3188;2003000747;COTAS;218322.534161000000000;
202511;3188;1999003756;COTAS;805682.010007000000000;
202511;3602;2009000511;TIT_PRIV;2191461.610000000000000;
202511;3188;2010003292;COTAS;2324906.283261000000000;
202511;3188;2013000456;COTAS;4201507.191912000000000;10214125000178
202511;3321;1995002992;COTAS;191176.118294000000000;
202511;3188;2004002174;COTAS;7896821.846522000000000;29298975000120
202511;3251;1995001465;COTAS;8899535.172924000000000;
202511;3126;2008000192;COTAS;15947770.284151000000000;
202511;3188;2010003292;COTAS;4707160.716587000000000;10220247000177
202511;3126;2008000192;COTAS;32080641.760984000000000;
202511;3438;2006002147;OPERACAO_PARTICIPANTE;728139.580000000000000;
202511;3438;2020003392;VL_PG_RC;0.000000000000000;
202511;3188;2010003365;COTAS;1625331.617568000000000;
202511;3188;2013000456;VL_PG_RC;-8909.500000000000000;
202511;3321;1995002992;COTAS;5295209.662587000000000;
202511;3602;2009000511;TIT_PUB;296998356.020000000000000;
202511;3126;2008000192;COTAS;179170.596174000000000;
202511;3188;2005000256;COTAS;467006.974991000000000;
202511;3438;2021002047;COTAS;686037.801388000000000;
202511;3126;2001000774;COTAS;658025.452482000000000;
202511;3188;1999003756;COTAS;5666227.443541000000000;10220241000108
202511;3251;1995001465;COTAS;9054695.244304000000000;
202511;3126;2005005811;COTAS;306859.720554000000000;
202511;4131;2017000647;COTAS;18108171.159434000000000;
202511;3438;2007001111;COTAS;89674078.600000000000000;58617334000199
202511;3126;2009000447;COTAS;1230662.479247000000000;
202511;3251;1995001465;COTAS;12236469.922584000000000;
202511;3438;2021002438;OPERACAO_PARTICIPANTE;14623931.090000000000000;
202511;3602;2011001692;COTAS;1182197.243100000000000;
202511;3188;2005001211;COTAS;7159799.877718000000000;18270776000197
202511;3251;1995001465;COTAS;183398.459168000000000;
202511;3602;2020002965;VL_PG_RC;0.000000000000000;
202511;3188;1999003756;COTAS;2088946.355521000000000;10220247000177
202511;4131;2017000647;IMOVEIS;22757505.000000000000000;
202511;3251;1995001465;COTAS;37543.888135000000000;
202511;3251;1995001465;COTAS;25313.526304000000000;
202511;2841;9970000000;COTAS;640131.665306000000000;
202511;3188;2001000847;COTAS;424692.329732000000000;
202511;4131;9970000000;COTAS;17267116.408139000000000;
202511;3188;2005006483;CAIXA;446.920000000000000;
202511;3438;2021002918;CAIXA;677199.450000000000000;
202511;3304;1995002747;COTAS;2467883.006422000000000;
202511;3126;2005005811;COTAS;7707183.607710000000000;
202511;3188;2016000538;COTAS;2398363.859876000000000;
202511;3126;2006001183;COTAS;9285349.009996000000000;
202511;3472;9970000000;VL_PG_RC;0.000000000000000;
202511;3126;2006003811;COTAS;398555.695106000000000;
202511;3304;1995002747;COTAS;565127.232104000000000;
202511;3678;1989000819;VL_PG_RC;-43625.650000000000000;
202511;3188;2005006483;COTAS;35103.293520000000000;10220247000177
202511;3304;1995002811;COTAS;28223.233171000000000;
202511;3251;1995001465;TIT_PUB;111299485.210000000000000;
202511;3188;2002000565;TIT_PUB;66404826.460000000000000;
202511;2854;1995002518;CAIXA;772.100000000000000;
202511;3321;1995002992;COTAS;12542004.515076000000000;
202511;3304;1995002811;COTAS;2640878.324528000000000;
202511;3126;2006003811;COTAS;414400.848922000000000;
202511;3486;1996002074;COTAS;54275922.705510000000000;
202511;3811;1998004783;COTAS;15741084.751118000000000;
202511;3188;2010003365;COTAS;4520319.481082000000000;
202511;3349;1995003638;COTAS;3976.171116000000000;
202511;3438;2007001438;CAIXA;96045.160000000000000;
202511;4176;2004002883;COTAS;20532307.563876000000000;
202511;3486;1996002074;COTAS;8617855.158654000000000;
202511;3349;1995003638;COTAS;3389372.620000000000000;
202511;3188;2002000719;TIT_PUB;362036534.710000000000000;
202511;3126;2010000129;COTAS;511076.379164000000000;
202511;3527;1996002619;COTAS;288543545.629034000000000;
202511;3126;2010002547;COTAS;10554570.530873000000000;
202511;3304;1995002747;COTAS;5806430.444607000000000;
202511;3126;2006004011;COTAS;510661.677278000000000;
202511;3188;2005001211;COTAS;54321.147771000000000;10220247000177
202511;3126;2006007165;OPERACAO_PARTICIPANTE;9343588.778333159400000;
202511;3188;2005006483;COTAS;25096579.768747000000000;25244544000120
202511;4176;2023000319;COTAS;586036.737138000000000;
202511;3126;2007002019;VL_PG_RC;296377.190000000000000;
202511;3527;1996002619;VL_PG_RC;-470516.000000000000000;
202511;3349;1995003638;COTAS;7509192.500000000000000;
202511;3188;2017000574;CAIXA;11144.000000000000000;
202511;3126;2008000192;COTAS;579164.397337000000000;
202511;3304;1995002747;COTAS;1396637.715324000000000;
202511;3126;2012001483;COTAS;429477.887814000000000;
202511;3188;2010003365;COTAS;4130787.713944000000000;10220247000177
202511;3825;1981000674;TIT_PUB;44690835.860000000000000;
202511;3438;2009002083;COTAS;5654804.292258000000000;
202511;3188;2010003438;COTAS;984805.695982000000000;27565843000191
202511;3349;1995003638;COTAS;3335461.324988000000000;
202511;3304;1995002811;COTAS;32041.274462000000000;
202511;3126;2013000529;COTAS;3221165.344952000000000;
202511;3304;1995002811;COTAS;29713.480366000000000;
202511;3825;1989001092;CAIXA;2028.290000000000000;
202511;3188;2004002174;COTAS;10636796.302477000000000;27565843000191
202511;3304;1995002811;COTAS;3024326.491281000000000;
202511;3304;1995002811;COTAS;3871055.230997000000000;
202511;3188;2017000711;COTAS;4425317.547719000000000;10214125000178
202511;3188;2005001211;COTAS;17401853.139904000000000;25244544000120
202511;3304;2011001838;COTAS;1299853.803679000000000;
202511;3126;2021001156;COTAS;63012.958262000000000;
202511;3438;2009002083;COTAS;2850214.091181000000000;
202511;3126;2021001229;COTAS;252813.103952000000000;
202511;3527;2020001365;COTAS;41235118.952586000000000;
202511;3188;2010003438;TIT_PUB;257877782.420000000000000;
202511;3188;2005000256;COTAS;5309808.100088000000000;10214125000178
202511;3188;2005001211;COTAS;1993424.187019000000000;27565843000191
202511;3188;2017000711;VL_PG_RC;-118057.590000000000000;
202511;3126;2008000192;COTAS;1376012.997047000000000;
202511;3527;2020001365;COTAS;5118960.011984000000000;
202511;3126;2008000192;COTAS;22369695.148273000000000;
202511;3188;2005006483;VL_PG_RC;-85834.090000000000000;
202511;3188;2010005211;COTAS;11327797.934633000000000;27565843000191
202511;3188;2019001047;TIT_PUB;65111.670000000000000;
202511;3188;2009002156;TIT_PUB;801891314.110000000000000;
202511;3188;2012000665;COTAS;2271278.377220000000000;
202511;3188;2010000374;COTAS;267592.203679000000000;34613727000166
202511;3527;2020001756;COTAS;1100611.027933000000000;
202511;3825;1993001638;COTAS;46625291.032740000000000;
202511;3188;2012000665;COTAS;12206889.001241000000000;18270776000197
202511;3188;2010005211;COTAS;17891926.771267000000000;10214125000178
202511;3126;2010000129;COTAS;1492517.016082000000000;
202511;3825;1993001956;COTAS;1951563.139200000000000;
202511;4176;9970000000;CAIXA;82272.620000000000000;
202511;3438;2013001983;OPERACAO_PARTICIPANTE;90039.010000000000000;
202511;3527;2020001756;COTAS;4366639.828904000000000;
202511;4181;2004000147;CAIXA;0.000000000000000;
202511;3126;2021001318;COTAS;1198488.378390000000000;
202511;4181;2004000147;OPERACAO_PARTICIPANTE;27167512.098700000000000;
202511;2854;2022000447;COTAS;6253479.741717000000000;
202511;3126;2021001318;VL_PG_RC;178483.320000000000000;
202511;3126;2010000129;COTAS;604421.385541000000000;
202511;3188;2007003074;COTAS;1342628.009039000000000;18270776000197
202511;3126;2010002792;COTAS;584727.136199000000000;
202511;3304;1995002811;COTAS;761745.395400000000000;
202511;3304;9970000000;VL_PG_RC;0.000000000000000;
202511;3188;2023000947;COTAS;126849.519611000000000;
202511;3126;2024000118;VL_PG_RC;-0.940000000000000;
202511;3304;2011001838;COTAS;157272.550975000000000;
202511;3825;1993001956;COTAS;1032879.827877000000000;
202511;3321;1995002992;COTAS;8949475.166176000000000;
202511;3188;2025000383;COTAS;956494.065172000000000;25244544000120
202511;3825;1994000783;VL_PG_RC;0.000000000000000;
202511;3188;2013000456;COTAS;3267143.384035000000000;
202511;3531;1996003038;COTAS;81923435.686045000000000;05093013000176
202511;3126;9970000000;VL_PG_RC;-2535.620000000000000;
202511;3188;2017000711;COTAS;1773326.462721000000000;
202511;3321;1995002992;COTAS;5289142.995884000000000;
202511;3188;2010005211;COTAS;61800550.232655000000000;25244544000120
202511;3188;2005000256;COTAS;11551.355133000000000;10220247000177
202511;3349;1995003638;COTAS;2364722.910000000000000;
202511;3188;2012000665;COTAS;1706678.488501000000000;
202511;3407;1995003247;COTAS;46871.768321000000000;
202511;3126;2012001483;COTAS;1496869.822907000000000;
202511;3411;2014001065;CAIXA;323.230000000000000;
202511;3188;2009002156;VL_PG_RC;-665999.750000000000000;
202511;3411;2014001065;COTAS;95422986.447641000000000;13425757000179
202511;4203;2000006574;OPERACAO_PARTICIPANTE;33279615.862683776600000;
202511;3188;2017000711;COTAS;3173765.719576000000000;
202511;3126;2013000529;VL_PG_RC;218322.170000000000000;
202511;3188;9970000000;COTAS;56053482.427627000000000;25244544000120
202511;3438;2021002438;COTAS;33211812.950141000000000;
202511;3188;2017000711;OPERACAO_PARTICIPANTE;4045521.600095276400000;
202511;3472;1984001183;IMOVEIS;55543767.200000000000000;
202511;3188;2019000865;COTAS;17379139.073524000000000;25244544000120
202511;3304;2011001838;COTAS;1046984.375846000000000;
202511;3161;1994004118;COTAS;109265.581578000000000;
202511;3188;2021003019;COTAS;1307572.295585000000000;10220241000108
202511;3126;2018000756;COTAS;6250805.859184000000000;
202511;3349;1995003638;COTAS;4084589.767924000000000;
202511;3304;2011001838;VL_PG_RC;74198.470000000000000;
202511;3407;1995003247;COTAS;25023992.408507000000000;
202511;2912;2005006711;COTAS;459493228.849386000000000;09636594000104
202511;3188;2009002156;COTAS;9916066.834167000000000;
202511;3438;2000001238;COTAS;28414785.796304000000000;17706099000144
202511;3161;1994004118;COTAS;4663974.719854000000000;
202511;3188;2009002156;COTAS;8587373.606517000000000;
202511;3188;2019000865;COTAS;195194.026273000000000;
202511;3472;2023000718;COTAS;8310550.281337000000000;07504907000137
202511;3411;2014001065;COTAS;99552741.802160000000000;13970020000137
202511;4203;9970000000;TIT_PRIV;77448478.900000000000000;
202511;3161;2005005111;COTAS;701473.675620000000000;
202511;3188;2010000374;COTAS;272593.773122000000000;
202511;3251;1995001465;COTAS;152646.336254000000000;
202511;3251;1995001465;COTAS;9441548.372956000000000;
202511;3438;2000005111;COTAS;2222329.114764000000000;17706099000144
202511;3161;2005005111;COTAS;1345622.402072000000000;
202511;3531;1996003038;VL_PG_RC;-296253.490000000000000;
202511;3188;2010000374;COTAS;152312.285440000000000;
202511;2912;2005006711;COTAS;500511448.066716000000000;18138892000157
202511;3531;9970000000;COTAS;904615.781112000000000;
202511;2912;9970000000;COTAS;5285157.799117000000000;09564278000166
202511;3438;2002000956;VL_PG_RC;0.000000000000000;
202511;3411;2014001065;COTAS;30881701.307377000000000;45017499000188
202511;3438;2002002118;CAIXA;77516.840000000000000;
202511;3188;2009002156;COTAS;49649170.888141000000000;10220241000108
202511;3251;1995001465;COTAS;845943.392397000000000;
202511;3558;9970000000;TIT_PUB;1750976.780000000000000;
202511;3188;2010003365;OPERACAO_PARTICIPANTE;0.000000000000000;
202511;3304;1995002747;COTAS;217795.479108000000000;
202511;4217;2010004183;CAIXA;386.480000000000000;
202511;3188;2010000374;COTAS;1580673.795004000000000;10220247000177
202511;2931;1994000211;COTAS;11821968.550627000000000;
202511;3251;1995001465;COTAS;9766006.280583000000000;
202511;3251;1995001465;COTAS;6640479.485162000000000;
202511;3251;1995001465;COTAS;18066625.079009000000000;
202511;3825;1995001929;COTAS;158346927.960227000000000;
202511;3321;1995002992;COTAS;4988353.025596000000000;
202511;4221;2006004247;COTAS;4459523.347078000000000;
202511;3188;2010003438;COTAS;1759361.166540000000000;
202511;4221;2011002419;COTAS;1259982.519528000000000;
202511;3438;2006000438;OPERACAO_PARTICIPANTE;425190.330000000000000;
202511;3411;2016001429;COTAS;19307939.590788000000000;13970020000137
202511;4221;2011002419;COTAS;1246762.467882000000000;
202511;3321;1995002992;COTAS;14820299.758141000000000;
202511;3251;1995001465;COTAS;16400358.205672000000000;
202511;3592;2006005911;COTAS;61252410.000000000000000;
202511;3126;2021001156;COTAS;134619.265624000000000;
202511;3678;1990001319;COTAS;298365439.100000000000000;21053494000142
202511;4221;2015001883;COTAS;2408871.921733000000000;
202511;4248;2011001919;COTAS;506292827.552600000000000;08035716000136
202511;3411;2016001429;VL_PG_RC;-299.610000000000000;
202511;3527;2020001756;COTAS;789527.293768000000000;
202511;3161;2005005111;COTAS;5045496.831683000000000;
202511;2931;1994000211;COTAS;7583878.655554000000000;
202511;3174;1994004029;ACOES;97504.620000000000000;
202511;3251;1995001465;VL_PG_RC;108430.050000000000000;
202511;3825;1996001574;COTAS;1896076.051934000000000;
202511;3321;1995002992;COTAS;1855774.990568000000000;
202511;3251;1995001465;COTAS;5308104.601359000000000;
202511;3188;2010000374;COTAS;624318.493747000000000;29298975000120
202511;3678;2008001474;COTAS;124772647.261076000000000;03322908000100
202511;3527;9970000000;COTAS;2647583.079911000000000;
202511;3678;2020001918;VL_PG_RC;-1734.770000000000000;
202511;3531;1996003038;COTAS;28816554.307502000000000;
202511;3304;1995002747;COTAS;11890350.080206000000000;
202511;3304;1995002747;COTAS;2921549.460299000000000;
202511;3126;2021001156;COTAS;156603.192981000000000;
202511;2931;1994000211;COTAS;7606542.496255000000000;
202511;4248;2020001683;COTAS;2197894.133681000000000;26978182000163
202511;3678;9970000000;VL_PG_RC;-98.940000000000000;
202511;3304;1995002811;COTAS;3204160.545723000000000;
202511;3321;1995002992;COTAS;1342573.901453000000000;
202511;3126;2021001229;COTAS;166050.806686000000000;
202511;3304;1995002747;COTAS;4813884.163313000000000;
202511;3438;2008003256;CAIXA;55239.690000000000000;
202511;3811;1998004783;COTAS;18649586.078692000000000;
202511;3438;2012000347;COTAS;1709594.529922000000000;
202511;4248;2020001683;COTAS;1871762.972911000000000;28206291000198
202511;3304;1995002811;COTAS;1412833.774890000000000;
202511;3825;1981000674;VL_PG_RC;176067.970000000000000;
202511;4248;2020001683;COTAS;4759058.521566000000000;36617679000100
202511;3825;1995001929;COTAS;9010296.952928000000000;
202511;3531;9970000000;CAIXA;824.510000000000000;
202511;2931;1994000211;COTAS;13958791.819798000000000;
202511;3825;1996001574;COTAS;567254.844502000000000;
202511;3438;1988003083;CAIXA;41902.990000000000000;
202511;3321;1995002992;VL_PG_RC;343182.550000000000000;
202511;3304;1995002811;COTAS;1101601.795123000000000;
202511;3592;2006005911;COTAS;138053260.744542000000000;
202511;3188;1989000983;COTAS;1812742.182820000000000;
202511;3304;2011001838;CAIXA;4889.090000000000000;
202511;3188;1994002565;COTAS;9979100.656817000000000;18270776000197
202511;3438;1989001238;CAIXA;44264.510000000000000;
202511;3349;1995003638;COTAS;3582468.883055000000000;
202511;3438;2021002438;CAIXA;968417.850000000000000;
202511;3188;2010003047;VL_PG_RC;-1382.490000000000000;
202511;3006;1994002174;VL_PG_RC;0.000000000000000;
202511;3602;1979000638;CAIXA;2250.380000000000000;
202511;4279;2004002711;CAIXA;1041914.280000000000000;
202511;3825;1998001156;COTAS;107698992.715654000000000;
202511;3188;1994002565;TIT_PRIV;71627893.600000000000000;
202511;3304;1995002747;COTAS;142296.168618000000000;
202511;3188;2010003438;COTAS;15132381.240635000000000;10214125000178
202511;3126;2021001229;COTAS;1433106.390421000000000;
202511;3304;1995002747;COTAS;5542346.270898000000000;
202511;3825;1997000229;COTAS;122194276.459276000000000;
202511;3251;1995001465;COTAS;6832769.200665000000000;
202511;3602;1979000638;COTAS;56385831.933121000000000;
202511;3304;1995002747;COTAS;2654498.867809000000000;
202511;3188;2010003438;COTAS;56983628.168601000000000;25244544000120
202511;3349;1995003638;COTAS;2244953.551529000000000;
202511;4279;2016001992;COTAS;215848027.539498000000000;24249979000102
202511;3188;2012000665;COTAS;5075268.437433000000000;10214125000178
202511;3602;1979000638;COTAS;55278949.302926000000000;03162048000194
202511;3023;1979003718;COTAS;6707193.545818000000000;
202511;3188;2013000456;OPERACAO_PARTICIPANTE;4010430.709831479700000;
202511;3825;1998001156;VL_PG_RC;0.000000000000000;
202511;3602;2009000511;COTAS;8764800.036050000000000;
202511;3825;1999005074;ACOES;633923.930000000000000;
202511;3304;1995002747;COTAS;2674504.784922000000000;
202511;3161;1994004118;TIT_PUB;308575400.780000000000000;
202511;3188;1996001647;COTAS;12156.663520000000000;18270776000197
202511;4282;2004003065;CAIXA;134553.650000000000000;
202511;3438;1999001656;VL_PG_RC;0.000000000000000;
202511;3438;2005002992;COTAS;48227365.294779000000000;
202511;3188;1997001047;COTAS;6789679.575525000000000;
202511;3304;1995002747;COTAS;1127481.608198000000000;
202511;3304;1995002747;COTAS;2754004.487862000000000;
202511;3602;2011001692;COTAS;2115218.867597000000000;
202511;3438;2005002992;COTAS;7851574.559446000000000;06170648000192
202511;4282;2004003065;COTAS;1140618.320002000000000;
202511;3304;2011001838;COTAS;1802241.042435000000000;
202511;3438;2006002783;VL_PG_RC;-437.820000000000000;
202511;3188;2016000538;COTAS;23458187.741999000000000;18270776000197
202511;3825;1999005074;COTAS;9408.000000000000000;
202511;3304;1995002747;VL_PG_RC;-181636.590000000000000;
202511;3161;2005005111;COTAS;3966035.345500000000000;
202511;3438;2021002438;COTAS;127229195.553867000000000;
202511;4282;2004003065;COTAS;1563236.319999000000000;
202511;3188;1998004074;CAIXA;37701.230000000000000;
202511;3161;2005005111;COTAS;2304674.149530000000000;
202511;3321;1995002992;COTAS;4977474.967996000000000;
202511;3023;2001001738;COTAS;11977148.195397000000000;
202511;3349;1995003638;COTAS;21107876.089097000000000;
202511;3188;2016000538;COTAS;2221700.206754000000000;29298975000120
202511;3161;9970000000;COTAS;6732691.067786000000000;
202511;3825;2001001118;TIT_PUB;26794185.720000000000000;
202511;3188;2010003292;COTAS;6003210.559401000000000;18270776000197
202511;3825;2009002318;VL_PG_RC;0.000000000000000;
202511;4311;9970000000;CAIXA;4292.870000000000000;
202511;3251;1995001465;OPERACAO_PARTICIPANTE;24466516.620000000000000;
202511;3188;2010003292;COTAS;3729253.898755000000000;29298975000120
202511;3438;2021002918;COTAS;1700289.552794000000000;
202511;3304;2011001838;COTAS;370518.080622000000000;
202511;3825;1999005074;COTAS;9289.720000000000000;
202511;3602;2020002965;COTAS;100494.111268000000000;
202511;3188;2017000574;COTAS;7533381.254663000000000;34613727000166
202511;3825;2010005856;VL_PG_RC;0.000000000000000;
202511;3321;1995002992;COTAS;93187.041466000000000;
202511;3825;1999005074;COTAS;35573430.617882000000000;
202511;3023;2001001738;COTAS;56246995.989735000000000;38050501000155
202511;3037;1994001119;CAIXA;1549295.280000000000000;
202511;3188;2010003365;COTAS;2040338.871381000000000;10220241000108
202511;3321;1995002992;COTAS;3230034.276827000000000;
202511;3188;2013000456;COTAS;8623305.407498000000000;10220241000108
202511;3438;2021002918;COTAS;26444486.241825000000000;
202511;4368;9970000000;COTAS;32978295.102886000000000;
202511;3188;2021003019;VL_PG_RC;-24435.480000000000000;
202511;3825;2012002056;COTAS;10585294.690855000000000;
202511;3188;1998005674;COTAS;330800.846489000000000;10220241000108
202511;3825;1999005074;COTAS;158478.151797000000000;
202511;4412;2006001329;COTAS;5568438.810108000000000;
202511;3201;1994004274;COTAS;254224.919618000000000;
202511;3188;2013000456;COTAS;10955755.722659000000000;34613727000166
202511;3825;2015000119;CAIXA;2000.000000000000000;
202511;3188;1999003756;COTAS;16723257.272116000000000;25244544000120
202511;3304;1995002747;COTAS;1043806.133207000000000;
202511;3825;2012002056;CAIXA;579770.440000000000000;
202511;3188;2017000574;COTAS;16101720.294563000000000;18270776000197
202511;3188;2000007856;COTAS;15489885.019732000000000;25244544000120
202511;3825;2016000147;VL_PG_RC;0.000000000000000;
202511;3647;9970000000;VL_PG_RC;0.000000000000000;
202511;3349;1995003638;COTAS;8066359.541886000000000;
202511;3438;2012000347;COTAS;34163208.007859000000000;
202511;3037;1994001119;COTAS;3134581.680135000000000;
202511;3188;2017000711;COTAS;24599402.582771000000000;18270776000197
202511;3678;2008001474;CAIXA;1980.530000000000000;
202511;3349;9970000000;COTAS;11095840.226085000000000;
202511;3438;2020002183;CAIXA;19311.380000000000000;
202511;3188;2002000565;COTAS;366039.293848000000000;
202511;3161;9970000000;VL_PG_RC;-67.320000000000000;
202511;3438;2021002918;COTAS;197600.857830000000000;
202511;4412;2006001329;COTAS;5282474.708307000000000;
202511;3188;2019000865;COTAS;3901259.565256000000000;27565843000191
202511;3825;1988002265;CAIXA;2713.660000000000000;
202511;3472;9970000000;COTAS;52290957.890006000000000;11702118000188
202511;3472;1984001183;COTAS;287694757.565391000000000;04906948000161
202511;3321;1995002992;COTAS;5572983.944033000000000;
202511;3411;2006000292;CAIXA;2071.410000000000000;
202511;3037;1994001119;COTAS;5628950.152857000000000;
202511;3411;2006000292;COTAS;370506980.857477000000000;13425757000179
202511;4426;9970000000;TIT_PUB;5077346.580000000000000;
202511;3174;1994004029;COTAS;15730766.500662000000000;
202511;3349;9970000000;VL_PG_RC;-936.740000000000000;
202511;4443;1982002018;CAIXA;7156.340000000000000;
202511;3188;2002000719;COTAS;9074794.018771000000000;29298975000120
202511;3304;1995002747;COTAS;4268050.915990000000000;
202511;4443;1982002018;OPERACAO_PARTICIPANTE;4345192.340000000000000;
202511;3304;1995002747;COTAS;17696604.979210000000000;
202511;3411;2006000292;COTAS;116582099.770988000000000;45017499000188
202511;3825;2017000418;COTAS;8387031.636414000000000;31032406000180
202511;3825;1988002265;COTAS;3543082.665224000000000;
202511;3349;1995003638;COTAS;7472055.126270000000000;
202511;3825;2017000418;CAIXA;4000.000000000000000;
202511;3174;1994004029;COTAS;259146969.646097000000000;13021486000196
202511;3839;1998004929;COTAS;2015430.921929000000000;
202511;4461;9970000000;COTAS;323429.827511000000000;
202511;3304;1995002747;COTAS;1446430.728765000000000;
202511;3887;1999004965;COTAS;881987.408900000000000;
202511;3174;9970000000;CAIXA;3000.000000000000000;
202511;3188;2021003019;COTAS;575533.236773000000000;
202511;3349;1995003638;COTAS;15121552.212926000000000;
202511;3099;1996002392;CAIXA;1153.150000000000000;
202511;3304;1995002747;COTAS;301367.954987000000000;
202511;3472;2023000718;COTAS;15675850.965843000000000;04906948000161
202511;3407;1995003247;CAIXA;7968.330000000000000;
202511;3304;1995002811;COTAS;12182810.216465000000000;
202511;3349;1995003638;TIT_PRIV;8424267.250000000000000;
202511;3411;2016001356;CAIXA;233.270000000000000;
202511;3188;1996004883;COTAS;7217053.841541000000000;
202511;3304;1995002811;COTAS;685458.257591000000000;
202511;3188;1997001047;COTAS;1795880.838006000000000;
202511;3407;1995003247;COTAS;140785.281318000000000;
202511;3188;1997001047;COTAS;36967716.981775000000000;10214125000178
202511;3839;2009001583;VL_PG_RC;-9923.250000000000000;
202511;3304;1995002811;COTAS;132044.285697000000000;
202511;3251;1995001465;COTAS;469267.342114000000000;
202511;3861;1993001719;VL_PG_RC;-917.690000000000000;
202511;3188;2003000283;COTAS;350923.824545000000000;
202511;3438;1988000556;COTAS;1978261.715060000000000;
202511;3188;2021003019;COTAS;10312914.068976000000000;25244544000120
202511;3251;1995001465;COTAS;27695524.975936000000000;
202511;4515;2007003538;CAIXA;333140.830000000000000;
202511;3304;2011001838;COTAS;884546.379972000000000;
202511;4515;9970000000;CAIXA;432458.700000000000000;
202511;3438;1988003083;VL_PG_RC;-565478.830000000000000;
202511;3188;2021003019;COTAS;554435.424018000000000;29298975000120
202511;3887;1999004965;COTAS;4453749.059582000000000;
202511;3099;1997000318;COTAS;43378454.969122000000000;13411833000197
202511;3188;2023000947;TIT_PUB;14322949.660000000000000;
202511;3438;1999001656;CAIXA;79711.870000000000000;
202511;4529;2008002365;COTAS;5062400.828117000000000;
202511;3486;1996002074;VL_PG_RC;-32427.940000000000000;
202511;3304;1995002747;COTAS;247249.921531000000000;
202511;3887;1999004965;COTAS;7219482.985561000000000;
202511;3438;2005002992;VL_PG_RC;-15430.600000000000000;
202511;3321;1995002992;COTAS;15532223.598838000000000;
202511;3527;1996002619;COTAS;21024224.440753000000000;
202511;3321;1995002992;COTAS;6060971.765891000000000;
202511;3887;1999004965;COTAS;6357823.411459000000000;
202511;3825;1989001874;COTAS;16739934.068275000000000;
202511;3407;1995003247;COTAS;9782.123186000000000;
202511;3188;2003000283;COTAS;12292822.640997000000000;25244544000120
202511;3407;9970000000;VL_PG_RC;-33.400000000000000;
202511;4529;2008002365;COTAS;6487971.924701000000000;
202511;3304;1995002747;COTAS;9201691.692992000000000;
202511;4529;2008002365;COTAS;770684.884393000000000;
202511;3251;1995001465;COTAS;3122617.474678000000000;
202511;3527;2020001365;COTAS;51778177.920738000000000;
202511;3438;2000005111;COTAS;139735.642751000000000;
202511;3251;1995001465;COTAS;1131575.951402000000000;
202511;3438;2005003638;CAIXA;9088.440000000000000;
202511;4529;2008002365;COTAS;4601463.431454000000000;
202511;3321;1995002992;COTAS;1269575.659000000000000;
202511;3188;2003000747;COTAS;768073.568895000000000;10220247000177
202511;3349;1995003638;CAIXA;19781.740000000000000;
202511;3099;1999005465;CAIXA;5390.490000000000000;
202511;3349;1995003638;COTAS;19919216.080000000000000;
202511;3188;1998006247;COTAS;3183707.178257000000000;29298975000120
202511;3304;1995002747;COTAS;291587.325942000000000;
202511;3188;1999002792;COTAS;2217674.697322000000000;10220241000108
202511;3188;2003000747;COTAS;2056198.603516000000000;25244544000120
202511;3486;1996002074;COTAS;28058635.410005000000000;
202511;3527;2020001756;COTAS;3368756.344045000000000;
202511;4529;2008002365;TIT_PUB;227450106.800000000000000;
202511;3126;1988000947;IMOVEIS;9573.200000000000000;
202511;3349;1995003638;COTAS;7968987.990324000000000;
202511;3188;1999002792;COTAS;1253597.352784000000000;34613727000166
202511;3438;2002002118;COTAS;27622.354928000000000;
202511;3304;1995002747;COTAS;1836835.755960000000000;
202511;4532;2008004856;CAIXA;16253.810000000000000;
202511;3126;1993001492;COTAS;2811693.904383000000000;
202511;3188;1999002792;VL_PG_RC;-11067.780000000000000;
202511;3126;1993001492;COTAS;977921.554960000000000;
202511;3558;1996003992;CAIXA;1649489.560000000000000;
202511;3188;2004002174;TIT_PUB;103325472.090000000000000;
202511;3825;1989001874;TIT_PUB;92997521.040000000000000;
202511;3887;1999004965;COTAS;5146510.101132000000000;
202511;3188;2007003074;COTAS;298560.232650000000000;
202511;3304;1995002747;COTAS;5245881.410780000000000;
202511;3438;1988003083;COTAS;1798742.631558000000000;
202511;3438;2006000438;COTAS;11624671.559999000000000;51779306000129
202511;3438;1999001656;COTAS;93745312.890003000000000;36180815000147
202511;3438;2006002074;OPERACAO_PARTICIPANTE;1425793.250000000000000;
202511;3887;1999004965;OPERACAO_PARTICIPANTE;35118879.040000000000000;
202511;3349;1995003638;TIT_PUB;378162418.600000000000000;
202511;3407;1995003247;COTAS;12623441.216057000000000;
202511;3887;9970000000;COTAS;5023407.084268000000000;
202511;3438;2006002211;OPERACAO_PARTICIPANTE;67604.220000000000000;
202511;3304;1995002747;COTAS;2063178.764769000000000;
202511;3887;9970000000;COTAS;4830048.928714000000000;
202511;3126;1993001492;COTAS;10306249.270707000000000;
202511;3928;1999001265;COTAS;9724375.321874000000000;
202511;4546;2009000919;COTAS;5415367.687377000000000;
202511;3438;2005006556;VL_PG_RC;-39058.810000000000000;
202511;3304;1995002811;COTAS;86758.257070000000000;
202511;3438;2006002465;COTAS;64702250.090001000000000;54041112000110
202511;4577;2010001974;COTAS;2449099.737443000000000;
202511;3438;2016002018;COTAS;34112340.048290000000000;
202511;3438;2006002465;OPERACAO_PARTICIPANTE;1750578.560000000000000;
202511;3438;2021002438;VL_PG_RC;-2619.820000000000000;
202511;3304;1995002811;COTAS;5765203.435866000000000;
202511;3438;2008003256;COTAS;417576.734906000000000;
202511;3188;2007003074;COTAS;355036.598792000000000;27565843000191
202511;4011;2000002129;VL_PG_RC;-107.820000000000000;
202511;3188;2010003292;VL_PG_RC;-168002.570000000000000;
202511;3126;1993001492;COTAS;273330.528806000000000;
202511;3188;1999003756;COTAS;529327.352763000000000;
202511;4577;2010001974;COTAS;213543.940823000000000;
202511;3126;1993001492;COTAS;129176.792442000000000;
202511;3407;9970000000;CAIXA;200996.530000000000000;
202511;3304;1995002811;COTAS;3523793.080000000000000;
202511;3438;1999001656;COTAS;9905478.139997000000000;42814967000157
202511;3304;1995002811;COTAS;102748.645473000000000;
202511;3928;1999001265;COTAS;23354772.816342000000000;
202511;4042;2000004792;CAIXA;0.000000000000000;
202511;4011;2000002218;CAIXA;13073.480000000000000;
202511;3825;1997000229;COTAS;63790059.716987000000000;
202511;3304;1995002811;COTAS;201877.397968000000000;
202511;3411;2016001356;COTAS;19857925.880687000000000;13425757000179
202511;4042;2000004792;COTAS;4805711.011953000000000;
202511;4087;2007000156;COTAS;175850657.876572000000000;10635063000178
202511;3188;2001000847;VL_PG_RC;-26290.000000000000000;
202511;4594;9970000000;CAIXA;151314.160000000000000;
202511;3438;2020003392;COTAS;54931215.950156000000000;46206481000197
202511;4039;2000004229;COTAS;121436831.699796000000000;
202511;4604;2010002083;COTAS;23047576.000000000000000;
202511;3188;2010003438;CAIXA;9529.940000000000000;
202511;3411;2016001356;COTAS;20585230.977612000000000;13970020000137
202511;3592;9970000000;VL_PG_RC;-0.600000000000000;
202511;4087;2007000156;IMOVEIS;4377057.920000000000000;
202511;3486;1996002074;COTAS;31660442.540882000000000;
202511;3438;9970000000;VL_PG_RC;-1647168.930000000000000;
202511;4087;2007000156;TIT_PUB;26985938.480000000000000;
202511;3411;2016001356;COTAS;5956748.783300000000000;45017499000188
202511;3486;1996002074;COTAS;744856.706214000000000;
202511;3188;2002000565;COTAS;773186.616460000000000;
202511;3438;2021002918;COTAS;208345.065935000000000;
202511;4621;2010005392;COTAS;155198729.900059000000000;37821719000101
202511;3602;9970000000;COTAS;328514.616905000000000;
202511;3527;1996002619;COTAS;229025889.749098000000000;
202511;4091;2004002492;COTAS;8002.202125000000000;
202511;3188;2002000565;COTAS;6129905.416763000000000;10214125000178
202511;3188;2013000456;COTAS;2888400.566264000000000;29298975000120
202511;3602;9970000000;COTAS;517152.797406000000000;03162048000194
202511;3438;2021002918;COTAS;116495.820246000000000;
202511;4039;2000004229;VL_PG_RC;109199.190000000000000;
202511;3188;2002000565;COTAS;240144.103621000000000;10220247000177
202511;3527;2020001365;COTAS;4462021.875233000000000;
202511;3527;2020001365;COTAS;73900730.361858000000000;
202511;3126;1993001492;VL_PG_RC;350233.840000000000000;
202511;4042;9970000000;COTAS;1733510.739995000000000;
202511;4101;2024000983;VL_PG_RC;41.060000000000000;
202511;3825;1999005074;COTAS;12356.820000000000000;
202511;3527;2020001365;COTAS;79788885.529248000000000;
202511;3438;1988000556;CAIXA;0.000000000000000;
202511;3188;2016000538;COTAS;2596747.467171000000000;27565843000191
202511;3527;2020001365;COTAS;16399746.341282000000000;
202511;3438;1999001729;COTAS;151333030.850000000000000;13500098000198
202511;3527;2020001756;COTAS;74878747.859110000000000;
202511;4091;9970000000;COTAS;8828352.680005000000000;05426951000140
202511;4621;2022002083;OPERACAO_PARTICIPANTE;648567.750000000000000;
202511;3126;1993002219;COTAS;61600194.005869000000000;
202511;4101;2002001847;COTAS;263914337.772912000000000;30330483000153
202511;3304;1995002811;COTAS;518202.055349000000000;
202511;3188;2017000711;COTAS;2885645.971683000000000;29298975000120
202511;3647;1997001829;COTAS;2288953.693625000000000;
202511;4128;1995003565;COTAS;83544303.219984000000000;04700879000135
202511;3438;2002002118;COTAS;817205.985656000000000;
202511;3304;1995002811;COTAS;520682.758128000000000;
202511;4131;1987000374;OPERACAO_PARTICIPANTE;80776.740000000000000;
202511;3304;1995002811;COTAS;1231946.140398000000000;
202511;3825;1999005074;COTAS;1015475.272016000000000;
202511;4649;9970000000;VL_PG_RC;0.000000000000000;
202511;3438;2006000438;COTAS;102261612.452450000000000;15730745000183
202511;3472;1984001183;COTAS;226756847.140123000000000;
202511;3527;2020001756;COTAS;2268261.591169000000000;
202511;4131;2008004392;COTAS;252703.111216000000000;
202511;3438;2006002211;VL_PG_RC;0.000000000000000;
202511;4131;2008004392;COTAS;35480.821929000000000;
202511;3472;1984001183;COTAS;199471065.051103000000000;07504907000137
202511;3438;2001002092;COTAS;12261431.372936000000000;
202511;3438;2007001438;VL_PG_RC;0.000000000000000;
202511;3825;1999005074;COTAS;1340973.407569000000000;
202511;3438;2008003256;COTAS;54175819.695207000000000;
202511;3531;1996003038;CAIXA;43489.550000000000000;
202511;3188;2002000565;COTAS;21457224.240489000000000;25244544000120
202511;3304;1995002811;COTAS;2368828.097798000000000;
202511;3527;2020001756;COTAS;3955033.051382000000000;
202511;3438;2008003256;COTAS;12160104.369550000000000;
202511;4652;9970000000;COTAS;2153885.959912000000000;
202511;3188;2017000711;COTAS;11029478.620054000000000;34613727000166
202511;4131;2008004538;OPERACAO_PARTICIPANTE;84380.230000000000000;
202511;3678;2008001474;VL_PG_RC;-23948.570000000000000;
202511;3472;2023000718;COTAS;12234315.178287000000000;
202511;3558;1996003992;COTAS;1480722.068044000000000;
202511;3825;1999005074;COTAS;1696420.521137000000000;
202511;3558;9970000000;COTAS;3377233.160866000000000;
202511;3438;2012000347;CAIXA;150156.500000000000000;
202511;3678;9970000000;CAIXA;4342.590000000000000;
202511;3592;4018490038;COTAS;13670.720102000000000;
202511;3438;2013001983;COTAS;28441867.735028000000000;04587998000123
202511;3825;1999005074;VL_PG_RC;1096.270000000000000;
202511;3602;1979000638;ACOES;131253947.440000000000000;
202511;3438;2005002992;COTAS;41344191.049613000000000;
202511;4128;1995003565;VL_PG_RC;0.000000000000000;
202511;3602;2009000511;COTAS;19189011.061950000000000;50927335000128
202511;3188;2002000719;COTAS;5337217.484124000000000;10220247000177
202511;3438;2006000438;CAIXA;201154.090000000000000;
202511;4683;1990001165;COTAS;11945637.908833000000000;
202511;3438;2006002074;CAIXA;37408.100000000000000;
202511;3602;2009000511;OPERACAO_PARTICIPANTE;3841122.290024799100000;
202511;3825;2009002318;COTAS;48520991.703737000000000;
202511;3811;1998004783;COTAS;198634725.672404000000000;31943998000191
202511;3602;2011001692;ACOES;16142347.690000000000000;
202511;3438;2013001983;COTAS;29972140.877570000000000;15730745000183
202511;4131;2023001218;CAIXA;1456.670000000000000;
202511;3188;2002000719;COTAS;57005560.382234000000000;25244544000120
202511;3321;1995002992;CAIXA;10030.040000000000000;
202511;3602;1979000638;COTAS;62022171.292399000000000;21321600000121
202511;3825;1989001092;COTAS;366912.750721000000000;
202511;4131;1981000811;VL_PG_RC;-71491.330000000000000;
202511;3472;1984001183;COTAS;119720897.931610000000000;40209607000109
202511;3486;1996002074;COTAS;34177913.432267000000000;
202511;3825;2009003829;CAIXA;1000.000000000000000;
202511;3321;1995002992;COTAS;13429844.575711000000000;
202511;3602;2009000511;CAIXA;23170.850000000000000;
202511;3188;2019001047;CAIXA;240.000000000000000;
202511;3188;2003001638;CAIXA;903.720000000000000;
202511;3188;2003001638;COTAS;2893213.358309000000000;10220241000108
202511;3527;2020001365;COTAS;9124089.439136000000000;
202511;4683;1990001165;COTAS;227686131.657334000000000;27696713000198
202511;3188;2003001638;COTAS;54317.983735000000000;18270776000197
202511;3602;2009000511;COTAS;3301998.241675000000000;03162048000194
202511;4131;4003310047;CAIXA;13143.410000000000000;
202511;4131;9970000000;CAIXA;370570.990000000000000;
202511;3825;9970000000;COTAS;4351385.700569000000000;
202511;3472;1988001374;VL_PG_RC;0.000000000000000;
202511;3349;1995003638;COTAS;5122952.946352000000000;
202511;3304;1995002811;COTAS;1618800.530765000000000;
202511;4683;2008000818;COTAS;1285404.735125000000000;
202511;3304;1995002811;COTAS;1173610.671922000000000;
202511;3825;1989001874;COTAS;261436183.291257000000000;
202511;3861;9970000000;COTAS;653355.000023000000000;
202511;3304;2011001838;COTAS;1422152.329809000000000;
202511;3887;1999004965;COTAS;26149722.254781000000000;
202511;3321;1995002992;COTAS;1113209.968908000000000;
202511;3126;1994002956;COTAS;145780.080155000000000;
202511;3349;1995003638;COTAS;13469118.736448000000000;
202511;3602;2011001692;COTAS;2347774.521804000000000;
202511;4707;2013000138;COTAS;5027387.944658000000000;
202511;3602;2011001692;COTAS;7647180.342836000000000;
202511;4131;1986000419;CAIXA;312571.070000000000000;
202511;3602;2011001692;TIT_PRIV;2772146.850000000000000;
202511;3188;2005000256;COTAS;862750.984758000000000;
202511;3602;9970000000;COTAS;758694.222988000000000;21321600000121
202511;3825;1993001638;CAIXA;5041.620000000000000;
202511;3887;1999004965;COTAS;1782269.870211000000000;
202511;3321;1995002992;COTAS;2890013.157415000000000;
202511;3825;1988003318;TIT_PUB;14940771.020000000000000;
202511;3602;9970000000;COTAS;535089.395960000000000;50927335000128
202511;3825;1989001874;COTAS;12631352.215579000000000;
202511;3527;1996002619;COTAS;3544860.606846000000000;
202511;3438;2006002611;COTAS;143895122.049311000000000;08661367000168
202511;3825;1997000229;COTAS;3752366.744088000000000;
202511;3349;1995003638;COTAS;26058360.910650000000000;
202511;3527;2020001756;COTAS;27473953.039835000000000;
202511;3825;1997002574;COTAS;9597967.035787000000000;
202511;3321;1995002992;COTAS;13198076.162583000000000;
202511;3438;2007001111;COTAS;4360421.119434000000000;
202511;3438;2007003856;VL_PG_RC;0.000000000000000;
202511;3825;1999005074;COTAS;21124.600000000000000;
202511;3678;1990001319;VL_PG_RC;-49286.170000000000000;
202511;3188;2021003019;CAIXA;573689.220000000000000;
202511;3126;1994002956;COTAS;58312.030113000000000;
202511;3188;2023000947;COTAS;19125.690392000000000;
202511;3126;1995000711;COTAS;746472.365518000000000;
202511;3811;1998004783;COTAS;1328611.215470000000000;
202511;3825;1989001874;COTAS;4593860.752463000000000;
202511;3825;1993001638;TIT_PUB;16936854.990000000000000;
202511;3126;1995000711;COTAS;2473715.247064000000000;
202511;3825;1988002192;VL_PG_RC;0.000000000000000;
202511;3438;2008003256;COTAS;13843636.281216000000000;
202511;3321;1995002992;COTAS;3908400.082984000000000;
202511;3472;1984001183;VL_PG_RC;-200000.000000000000000;
202511;3825;1999005074;COTAS;2676511.487681000000000;
202511;4181;2004000147;COTAS;199651066.139575000000000;
202511;4131;2002000247;CAIXA;362863.250000000000000;
202511;3527;1996002619;COTAS;2892479.953113000000000;
202511;4131;2008004465;CAIXA;579.960000000000000;
202511;3825;1989001092;COTAS;12142651.318130000000000;
202511;3825;1994000783;CAIXA;2000.000000000000000;
202511;3825;1989001874;VL_PG_RC;0.000000000000000;
202511;3825;1995001929;TIT_PUB;27262626.480000000000000;
202511;4181;2004000147;IMOVEIS;491836.000000000000000;
202511;4131;2017000647;CAIXA;12856829.140000000000000;
202511;3188;9970000000;TIT_PUB;14338011.830000000000000;
202511;3531;1996003038;COTAS;2267678.657637000000000;
202511;4707;2013000138;COTAS;16057223.724414000000000;
202511;3251;1995001465;CAIXA;1332821.280000000000000;
202511;4042;2000004792;COTAS;7841257.180063000000000;
202511;3438;1999001011;COTAS;185285684.834219000000000;46206481000197
202511;3825;1999005074;COTAS;1010308.605931000000000;
202511;3825;1993001956;COTAS;17523314.440197000000000;
202511;4176;2004002883;COTAS;87169771.440929000000000;18000027000140
202511;3251;1995001465;COTAS;12207092.470063000000000;
202511;3472;2023000718;COTAS;19069758.733763000000000;42831476000114
202511;4203;2000001319;TIT_PRIV;2511475.270000000000000;
202511;3472;2023000718;VL_PG_RC;0.000000000000000;
202511;3251;1995001465;COTAS;4100723.463050000000000;
202511;4203;2000001556;COTAS;300601672.564175000000000;20077265000103
202511;3602;1979000638;IMOVEIS;348225000.000000000000000;
202511;3825;1999005074;COTAS;2362876.534244000000000;
202511;4176;2004002883;COTAS;184437762.839583000000000;31934038000165
202511;3438;2002000956;COTAS;246052126.729997000000000;04803035000110
202511;3126;1995001147;COTAS;266251370.854755000000000;
202511;4707;2013000138;COTAS;33767934.049123000000000;
202511;3438;2002002118;COTAS;4232261.690675000000000;20030716000149
202511;3602;2011001692;COTAS;12711168.868250000000000;
202511;4203;2000006574;COTAS;2116598.749049000000000;
202511;3602;2011001692;COTAS;22913743.433199000000000;21321600000121
202511;4707;2013000138;OPERACAO_PARTICIPANTE;2631692.079759856800000;
202511;3321;1995002992;COTAS;2754004.487862000000000;
202511;3825;1996001574;VL_PG_RC;0.000000000000000;
202511;4176;2023000319;COTAS;503842.804627000000000;
202511;3251;1995001465;COTAS;2957306.400449000000000;
202511;3349;1995003638;COTAS;9606294.079322000000000;
202511;4203;2004000929;VL_PG_RC;5269.510000000000000;
202511;3438;2006002783;OPERACAO_PARTICIPANTE;2798963.810000000000000;
202511;3825;1995001929;COTAS;11355957.900041000000000;
202511;3304;1995002747;COTAS;1725886.225394000000000;
202511;4087;2007000156;CAIXA;3218653.990000000000000;
202511;3188;2005000256;TIT_PUB;88742418.000000000000000;
202511;4131;1981000811;COTAS;11185609.138949000000000;39337958000108
202511;4131;1981000811;TIT_PUB;90847402.350000000000000;
202511;3304;1995002747;COTAS;1533255.680804000000000;
202511;4203;2000001556;VL_PG_RC;2348724.760000000000000;
202511;3438;2007003856;CAIXA;3804.320000000000000;
202511;3825;1998001083;COTAS;107890315.451129000000000;
202511;4203;2000002838;COTAS;1317018.196130000000000;
202511;3825;2007003619;CAIXA;3000.000000000000000;
202511;3531;1996003038;COTAS;1518462.970217000000000;
202511;3825;2007003619;COTAS;17778514.845987000000000;
202511;3558;1996003992;COTAS;2100865.022487000000000;
202511;3825;1997000229;CAIXA;1525.090000000000000;
202511;3558;1996003992;COTAS;277579.541603000000000;
202511;4707;2013000219;COTAS;22481199.381453000000000;
202511;3407;1995003247;COTAS;963142.811939000000000;
202511;4707;2013000219;COTAS;21646661.233998000000000;
202511;4217;1997000792;COTAS;577512.102436000000000;11435287000107
202511;3825;1999005074;COTAS;20330.000000000000000;
202511;4131;1998006719;VL_PG_RC;-19447.900000000000000;
202511;3304;1995002811;CAIXA;10056.650000000000000;
202511;3438;2020002183;COTAS;3747931.593739000000000;
202511;4217;1997000792;VL_PG_RC;-996.160000000000000;
202511;3486;1996002074;COTAS;15641529.194370000000000;
202511;4203;2000002838;COTAS;54574008.663894000000000;40190375000186
202511;3602;2011001692;TIT_PUB;438982600.110000000000000;
202511;3438;2021002047;VL_PG_RC;-22749.010000000000000;
202511;4203;2004000929;COTAS;128488.793364000000000;40170889000170
202511;3825;2017000418;COTAS;32319039.098821000000000;
202511;3438;1989001238;COTAS;902154.990559000000000;06170648000192
202511;3304;1995002811;COTAS;1728599.870825000000000;
202511;4217;2006004638;VL_PG_RC;1270861.380000000000000;
202511;3472;1984001183;COTAS;116502348.062255000000000;
202511;3304;1995002811;COTAS;4293993.340379000000000;
202511;3438;2000001092;CAIXA;0.000000000000000;
202511;3825;1999005074;COTAS;897984.767506000000000;
202511;3825;1999005074;COTAS;20176.000000000000000;
202511;4707;2013002092;COTAS;8967528.228705000000000;
202511;3486;1996002074;TIT_PUB;378370011.890000000000000;
202511;3825;2021001611;CAIXA;21986.740000000000000;
202511;3486;9970000000;VL_PG_RC;-3887.020000000000000;
202511;4217;2006004638;OPERACAO_PARTICIPANTE;8975241.120000000000000;
202511;4217;9970000000;CAIXA;2696.760000000000000;
202511;3188;2007003074;VL_PG_RC;-4110.520000000000000;
202511;3304;1995002811;COTAS;197051.773977000000000;
202511;3825;1999005074;COTAS;9044.000000000000000;
202511;3438;2000001238;CAIXA;16623.080000000000000;
202511;4221;2011002419;CAIXA;110848.550000000000000;
202511;4217;2021003329;COTAS;762520.384409000000000;11435287000107
202511;3839;1998004929;COTAS;68012145.453670000000000;
202511;3602;9970000000;CAIXA;231752.160000000000000;
202511;3472;2023000718;COTAS;62486312.086570000000000;07420547000195
202511;3188;2010003047;TIT_PUB;1061473.930000000000000;
202511;3647;1997001829;COTAS;2270921.003641000000000;
202511;3188;2012000665;VL_PG_RC;-148167.610000000000000;
202511;3304;2011001838;COTAS;1310534.523892000000000;
202511;4221;2011002419;COTAS;210785.944549000000000;
202511;3558;9970000000;COTAS;354956.231951000000000;
202511;3486;1996002074;COTAS;26923970.795769000000000;
202511;3825;1999005074;COTAS;27782.920000000000000;
202511;3304;2011001838;COTAS;351046.977618000000000;
202511;4707;2013002092;COTAS;61141892.540926000000000;
202511;3592;9970000000;CAIXA;18693.620000000000000;
202511;3438;2000003011;COTAS;113305524.675625000000000;46206481000197
202511;4707;2018001329;COTAS;369927.425197000000000;
202511;3188;2019000865;TIT_PUB;42323881.570000000000000;
202511;4707;2018001892;COTAS;544384.584621000000000;
202511;3928;1999001265;COTAS;10323881.690547000000000;
202511;4131;2002000247;COTAS;6120902.350312000000000;
202511;3647;1997001829;COTAS;576006.980643000000000;
202511;4217;2022000919;CAIXA;8771.210000000000000;
202511;3678;1989000819;CAIXA;1406.460000000000000;
202511;4221;2011002419;COTAS;569279.710512000000000;
202511;3527;1996002619;COTAS;14584576.369578000000000;
202511;3928;9970000000;VL_PG_RC;-560.980000000000000;
202511;4221;2012001629;COTAS;1175658.426436000000000;
202511;3527;1996002619;COTAS;22970603.737883000000000;
202511;3438;2002002029;VL_PG_RC;-879.210000000000000;
202511;3527;9970000000;CAIXA;52142.240000000000000;
202511;3438;2005002992;COTAS;2677736.851141000000000;
202511;3126;1995002674;COTAS;5218531.373928000000000;
202511;4217;2022002156;CAIXA;636.700000000000000;
202511;4221;2012001874;COTAS;4662653.883033000000000;
202511;3321;1995002992;COTAS;3316474.757989000000000;
202511;3592;9970000000;COTAS;5440513.969776000000000;
202511;3527;2020001365;COTAS;8316015.224573000000000;
202511;3811;9970000000;CAIXA;5319.590000000000000;
202511;3321;9970000000;CAIXA;35713.070000000000000;
202511;3527;2020001756;CAIXA;3355644.290000000000000;
202511;3825;1999005074;COTAS;5155022.035314000000000;
202511;4217;2022002474;COTAS;2711038.921731000000000;
202511;3602;1979000638;COTAS;9457572.770971000000000;
202511;4131;2002000247;TIT_PUB;37472538.080000000000000;
202511;3349;1995003638;COTAS;5318271.330000000000000;
202511;4131;2008004538;COTAS;356378.852796000000000;
202511;4011;2000002056;COTAS;814188.900000000000000;
202511;3438;2005003638;COTAS;22033954.541658000000000;
202511;4707;2019003856;COTAS;1271478.746668000000000;
202511;3825;1999005074;COTAS;14856118.558799000000000;
202511;3825;1999005074;COTAS;191649.816312000000000;
202511;3349;1995003638;COTAS;2774846.981624000000000;
202511;3825;1999005074;COTAS;586773.508048000000000;
202511;3438;2006002074;COTAS;67085016.907613000000000;08661367000168
202511;3527;9970000000;COTAS;3111048.838727000000000;
202511;3602;2009000511;COTAS;514017.164333000000000;
202511;3126;1999002318;COTAS;160238.035758000000000;
202511;4221;9970000000;COTAS;552319.170003000000000;
202511;4707;2019003856;COTAS;936129.582341000000000;
202511;3438;2006002465;CAIXA;72275.880000000000000;
202511;4707;2020000474;COTAS;591596.210145000000000;
202511;3201;9970000000;COTAS;8.427820000000000;
202511;3126;1999002318;COTAS;1294428.616999000000000;
202511;3251;1995001465;COTAS;2994520.248643000000000;
202511;3825;1988002192;CAIXA;184755.190000000000000;
202511;3527;2020001756;VL_PG_RC;-154379.230000000000000;
202511;4234;9970000000;CAIXA;231173.490000000000000;
202511;3825;2004000211;VL_PG_RC;0.000000000000000;
202511;4707;2020002647;COTAS;2772446.206126000000000;
202511;3126;1999002318;COTAS;943291.451769000000000;
202511;3251;1995001465;COTAS;1985050.380786000000000;
202511;3602;2011001692;CAIXA;3859.850000000000000;
202511;3126;1999002318;COTAS;1091395.991311000000000;
202511;3527;9970000000;VL_PG_RC;-3030.580000000000000;
202511;3126;1999002318;COTAS;6621653.173976000000000;
202511;3438;2006002465;COTAS;23793186.457879000000000;
202511;4221;2005000892;COTAS;1826161.321374000000000;
202511;3825;2012002056;COTAS;30896190.146848000000000;
202511;3825;1989001092;COTAS;1130368.690573000000000;
202511;3126;2000007074;COTAS;22508787.719243000000000;
202511;3825;2005004774;COTAS;39290605.840005000000000;
202511;3126;2001000774;COTAS;2273595.220019000000000;
202511;4221;2006004247;COTAS;1293128.189609000000000;
202511;4707;2020002647;COTAS;128322.290234000000000;
202511;3126;2001001983;COTAS;17782135.888632000000000;
202511;3602;1979000638;COTAS;4783569.918300000000000;
202511;3602;2011001692;OPERACAO_PARTICIPANTE;10877772.690193114600000;
202511;3126;2006003811;CAIXA;3818.400000000000000;
202511;3602;2020002965;COTAS;3870174.767749000000000;
202511;3602;1979000638;TIT_PRIV;33071274.280000000000000;
202511;3825;1989001092;COTAS;75220423.790444000000000;
202511;4042;2000004792;COTAS;5187739.192829000000000;
202511;3251;1995001465;COTAS;5452805.863174000000000;
202511;4091;2004002492;CAIXA;343726.750000000000000;
202511;3251;9970000000;VL_PG_RC;0.000000000000000;
202511;3825;2007003619;VL_PG_RC;0.000000000000000;
202511;4707;2020002647;COTAS;9069.613957000000000;
202511;4248;2009000838;COTAS;16804322.997082000000000;
202511;3407;1995003247;COTAS;159854.252685000000000;
202511;3304;1995002747;COTAS;3977649.610888000000000;
202511;3438;2000000118;COTAS;192364.332908000000000;17706099000144
202511;3126;2006003811;COTAS;50723.669973000000000;
202511;3825;2010005856;CAIXA;1000.000000000000000;
202511;3602;2009000511;COTAS;2387581.037171000000000;
202511;4248;2009000838;COTAS;28117834.797276000000000;03497804000136
202511;3825;1996001574;TIT_PUB;17454854.450000000000000;
202511;3438;2006002611;CAIXA;576943.030000000000000;
202511;3126;2006003811;COTAS;413925.674347000000000;
202511;3558;1996003992;COTAS;11972769.301772000000000;
202511;4091;2004002492;VL_PG_RC;-12245.110000000000000;
202511;4248;2009000838;COTAS;53578437.675158000000000;20726061000148
202511;3825;2012002056;COTAS;95997660.582579000000000;
202511;3825;1997000229;VL_PG_RC;0.000000000000000;
202511;3126;2006003811;COTAS;91791.232795000000000;
202511;3602;2009000511;COTAS;7106690.867032000000000;62655118000105
202511;3126;2006003992;COTAS;1805282.480218000000000;
202511;3602;9970000000;COTAS;278743.953910000000000;
202511;3825;2016000147;COTAS;45703883.121011000000000;
202511;4248;2011001919;OPERACAO_PARTICIPANTE;39983866.187965666400000;
202511;3126;2007001918;VL_PG_RC;-247.330000000000000;
202511;3602;2009000511;VL_PG_RC;-5710.600000000000000;
202511;3825;1998004619;CAIXA;1000.000000000000000;
202511;4221;2011002419;COTAS;2073734.101745000000000;
202511;3825;1999005074;CAIXA;59279.770000000000000;
202511;3438;2000001092;VL_PG_RC;-254720.510000000000000;
202511;4221;2012001629;COTAS;898926.757974000000000;
202511;3438;2010005465;VL_PG_RC;0.000000000000000;
202511;3647;1997001829;OPERACAO_PARTICIPANTE;90178.570000000000000;
202511;4248;2014001847;COTAS;230012625.017615000000000;21595984000170
202511;3825;2012002056;VL_PG_RC;0.000000000000000;
202511;4101;2002001847;COTAS;10875126.150546000000000;
202511;4248;9970000000;COTAS;205210925.789918000000000;23732198000101
202511;3825;1999005074;COTAS;32317.890000000000000;
202511;4221;2015001883;COTAS;294519.720399000000000;
202511;3438;2000005111;COTAS;3129268.611911000000000;
202511;4176;2004002883;COTAS;23407827.561651000000000;
202511;3438;2001002092;COTAS;1486564.942908000000000;
202511;4279;2018000111;VL_PG_RC;194498.500000000000000;
202511;3825;2015000119;COTAS;17175142.509088000000000;
202511;3126;2007002019;CAIXA;874865.620000000000000;
202511;3678;1999002083;COTAS;43382495.125898000000000;03322908000100
202511;3438;2005002992;OPERACAO_PARTICIPANTE;10521597.410000000000000;
202511;3304;1995002747;COTAS;28071.019751000000000;
202511;3647;1997001829;COTAS;12504482.964759000000000;
202511;3304;1995002747;COTAS;4303318.285782000000000;
202511;3825;2015000119;VL_PG_RC;0.000000000000000;
202511;4221;2015001883;COTAS;28761.836640000000000;
202511;3825;2020003211;COTAS;7132327.684413000000000;31032406000180
202511;3825;2020003211;COTAS;50822445.480723000000000;
202511;3825;1999005074;COTAS;2820359.981543000000000;
202511;4707;2022001265;COTAS;949792.013416000000000;
202511;3825;2021001611;VL_PG_RC;0.000000000000000;
202511;4707;9970000000;COTAS;64076559.516701000000000;
202511;3839;1998004929;COTAS;20024096.693933000000000;
202511;3558;1996003992;TIT_PUB;3747540.600000000000000;
202511;3839;1998004929;ACOES;49548142.700000000000000;
202511;3811;1998004783;COTAS;204317441.630141000000000;
202511;3811;9970000000;VL_PG_RC;0.000000000000000;
202511;3304;1995002811;COTAS;1870124.774061000000000;
202511;4176;2004002883;COTAS;22593032.989585000000000;
202511;4234;2004002956;COTAS;117091691.092286000000000;
202511;4707;9970000000;VL_PG_RC;77335.320000000000000;
202511;3839;1998004929;COTAS;4920395.473688000000000;
202511;3825;1995001929;COTAS;21416303.346065000000000;
202511;4282;2004003065;COTAS;2834013.940048000000000;
202511;3825;1999005074;COTAS;3086608.712430000000000;
202511;3825;1999005074;COTAS;792694.882852000000000;
202511;3126;2007002019;COTAS;2258501.560529000000000;
202511;4248;2009000838;COTAS;26102810.422437000000000;03079923000179
202511;4101;2002001847;COTAS;9840322.225941000000000;
202511;3438;2005003638;COTAS;1132041.872783000000000;
202511;4176;2004002883;VL_PG_RC;-1281564.700000000000000;
202511;3825;1988003318;VL_PG_RC;0.000000000000000;
202511;4176;2023000319;VL_PG_RC;-17591.700000000000000;
202511;4368;2005004211;COTAS;51949795.860986000000000;
202511;4711;2018000519;CAIXA;118767.890000000000000;
202511;3825;1997000229;COTAS;650.569028000000000;
202511;3304;2011001838;COTAS;1099663.020000000000000;
202511;3438;2005006556;CAIXA;0.000000000000000;
202511;3825;2001001118;COTAS;2255337.543738000000000;
202511;3558;9970000000;CAIXA;235667.430000000000000;
202511;3825;1997002574;COTAS;15720822.206011000000000;
202511;3438;2013001983;COTAS;2105530.697109000000000;
202511;3592;2006005911;VL_PG_RC;380374.850000000000000;
202511;3839;1998004929;VL_PG_RC;-7764.770000000000000;
202511;3592;4018490038;CAIXA;63677.420000000000000;
202511;3839;1998004929;COTAS;23118139.580995000000000;
202511;4131;1986000419;COTAS;3892126.984017000000000;
202511;3438;2006000438;COTAS;120495126.234988000000000;04587998000123
202511;4409;2006000829;COTAS;6831563.700000000000000;
202511;3438;2013001983;VL_PG_RC;2084473.610000000000000;
202511;4711;2019003538;VL_PG_RC;196.300000000000000;
202511;3602;2011001692;COTAS;3686270.460033000000000;03833841000178
202511;4248;2009000838;VL_PG_RC;-13813.300000000000000;
202511;3839;2009001583;COTAS;24954.984619000000000;
202511;3825;1998001083;TIT_PUB;67916511.630000000000000;
202511;3825;2005004774;VL_PG_RC;0.000000000000000;
202511;3825;1998001156;COTAS;28701523.262886000000000;
202511;4724;2013000383;COTAS;394993409.100000000000000;
202511;3861;1993001719;CAIXA;99539.180000000000000;
202511;3825;2007003619;TIT_PUB;23138256.110000000000000;
202511;3839;9970000000;COTAS;3865943.999275000000000;
202511;3825;1998001156;COTAS;112962382.623365000000000;
202511;3825;1994000783;TIT_PUB;21283643.240000000000000;
202511;3602;9970000000;COTAS;11931475.402278000000000;
202511;3438;2006002147;VL_PG_RC;0.000000000000000;
202511;4203;2000001319;COTAS;29665.516813000000000;
202511;3825;1995001929;VL_PG_RC;0.000000000000000;
202511;3887;1999004965;COTAS;697436.460000000000000;
202511;4203;2000001556;COTAS;176392.368597000000000;
202511;3304;9970000000;CAIXA;41743.700000000000000;
202511;4248;2014001847;COTAS;231923565.865823000000000;21596641000120
202511;3321;1995002992;COTAS;7570265.489936000000000;
202511;4131;1986000419;VL_PG_RC;-20330.920000000000000;
202511;3438;2006002465;VL_PG_RC;-2132.160000000000000;
202511;3438;2016002018;CAIXA;54999.220000000000000;
202511;3887;1999004965;COTAS;668696.099400000000000;
202511;3126;2007002019;COTAS;2908282.322086000000000;
202511;3321;1995002992;COTAS;6935217.752737000000000;
202511;3438;2008003256;COTAS;1201919.984412000000000;
202511;3321;1995002992;COTAS;754528.338863000000000;
202511;3887;1999004965;COTAS;630959.599110000000000;
202511;3602;9970000000;VL_PG_RC;-0.030000000000000;
202511;3825;1999005074;COTAS;11738.640000000000000;
202511;3887;1999004965;COTAS;11523788.023048000000000;
202511;3438;2009002083;COTAS;10673504.759501000000000;
202511;3438;2020002183;COTAS;2008975.128813000000000;
202511;4409;2006000829;COTAS;91397258.199999000000000;20833940000179
202511;3438;9970000000;COTAS;19843909.872881000000000;
202511;3825;1999005074;COTAS;2943112.340099000000000;
202511;3825;2009003829;COTAS;324047.122297000000000;
202511;3825;1996001574;COTAS;1603725.897489000000000;
202511;3825;2002000492;CAIXA;1000.000000000000000;
202511;3825;2012002056;COTAS;150605.433943000000000;
202511;3647;1997001829;VL_PG_RC;0.000000000000000;
202511;3825;2017000418;VL_PG_RC;329292.350000000000000;
202511;3861;9970000000;CAIXA;408.860000000000000;
202511;4279;2004002711;COTAS;380371186.807001000000000;
202511;3126;2008000192;COTAS;10094265.994847000000000;
202511;3825;2005003011;COTAS;44031360.114210000000000;
202511;3411;2006000292;COTAS;362223153.037846000000000;13970020000137
202511;4203;2000002838;OPERACAO_PARTICIPANTE;20091022.600316299100000;
202511;3825;2012000592;CAIXA;-90058.590000000000000;
202511;4724;2013000618;COTAS;38028023.400000000000000;
202511;3126;2008001229;COTAS;107880098.012434000000000;
202511;3678;1990001319;CAIXA;1187.010000000000000;
202511;3472;1984001183;COTAS;117337558.560163000000000;17133677000109
202511;4412;2006001329;COTAS;32067698.906300000000000;
202511;3678;2010001818;CAIXA;1794.970000000000000;
202511;4412;2006001329;COTAS;14000825.959902000000000;
202511;3825;1989001874;COTAS;185948020.237046000000000;
202511;4724;2013000618;COTAS;23534054.310082000000000;38098941000182
202511;4279;2004002711;COTAS;5416274454.526995000000000;24249979000102
202511;3825;1997000229;COTAS;4888092.010582000000000;
202511;3887;1999004965;COTAS;2281962.745478000000000;
202511;3839;1998004929;COTAS;21460925.247807000000000;
202511;4412;2006001329;COTAS;5929241.560000000000000;
202511;3887;1999004965;COTAS;7800045.234534000000000;
202511;4311;2005002747;VL_PG_RC;0.000000000000000;
202511;4724;2013000618;TIT_PRIV;1040748.880000000000000;
202511;4203;2000006574;COTAS;51403140.973152000000000;40190375000186
202511;4426;2006003111;COTAS;847087.500000000000000;
202511;3472;1984001183;COTAS;389336145.583732000000000;42831476000114
202511;3438;1999001011;CAIXA;460069.690000000000000;
202511;3438;2009002083;COTAS;12718108.576204000000000;
202511;3825;1997003783;TIT_PUB;66131814.570000000000000;
202511;4409;2006000829;COTAS;33381751.170036000000000;
202511;3887;1999004965;COTAS;2486544.315360000000000;
202511;3887;1999004965;COTAS;19717.240007000000000;
202511;4738;2013001347;COTAS;43140331.047953000000000;
202511;4412;9970000000;CAIXA;64829.070000000000000;
202511;4131;2006006665;OPERACAO_PARTICIPANTE;94662.370000000000000;
202511;3825;1993001956;VL_PG_RC;0.000000000000000;
202511;4426;2006003111;CAIXA;380.010000000000000;
202511;4011;2000002056;COTAS;1803954.540000000000000;
202511;4443;2006007165;VL_PG_RC;0.000000000000000;
202511;3825;1999005074;COTAS;13689.000000000000000;
202511;4738;2021002519;CAIXA;707.840000000000000;
202511;3887;1999004965;COTAS;3984622.948851000000000;
202511;3825;1999005074;COTAS;13618.560000000000000;
202511;4011;2000002218;COTAS;885271.166600000000000;
202511;3825;1999005074;COTAS;9504.530000000000000;
202511;4011;9970000000;VL_PG_RC;-587.180000000000000;
202511;3825;2001001118;VL_PG_RC;0.000000000000000;
202511;4087;9970000000;VL_PG_RC;0.000000000000000;
202511;3825;2005003011;CAIXA;771116.630000000000000;
202511;3438;2000000118;CAIXA;252.800000000000000;
202511;3887;1999004965;COTAS;1341617.500000000000000;
202511;4738;9970000000;COTAS;4421553.607363000000000;
202511;4091;2002001529;COTAS;25593871.088940000000000;05426951000140
202511;3438;2016002018;COTAS;1402572.485512000000000;
202511;3472;2023000718;COTAS;7118253.310621000000000;17133677000109
202511;4091;9970000000;CAIXA;27917.780000000000000;
202511;3438;2001002092;COTAS;11455986.103717000000000;
202511;3887;1999004965;COTAS;1944224.153964000000000;
202511;3438;2001002092;COTAS;6861562.039517000000000;
202511;4114;9970000000;VL_PG_RC;0.000000000000000;
202511;3438;2016002018;COTAS;18839669.804118000000000;
202511;3126;2012001483;COTAS;4132483.292788000000000;
202511;4203;2000006574;IMOVEIS;38519428.140000000000000;
202511;4131;2017000647;COTAS;5456409.989448000000000;
202511;3438;2020002183;COTAS;18314471.981764000000000;
202511;3438;2002002029;CAIXA;55887.100000000000000;
202511;3825;2007003619;COTAS;15033726.357368000000000;
202511;3825;2012002056;COTAS;2001773.405930000000000;
202511;3825;2016000147;COTAS;32616489.224440000000000;31032406000180
202511;4217;2021003329;CAIXA;56180.470000000000000;
202511;4131;2017000647;COTAS;26966229.763166000000000;
202511;4217;2022002474;COTAS;145651.289791000000000;11435287000107
202511;3438;2006000438;COTAS;2057375.618131000000000;
202511;3472;1984001183;COTAS;1462973.346919000000000;17703476000191
202511;3887;1999004965;COTAS;40974.594976000000000;
202511;3825;1994000783;COTAS;13584986.953349000000000;
202511;4461;9970000000;COTAS;669601.615109000000000;
202511;4217;9970000000;COTAS;3584609.616899000000000;
202511;3438;2006000438;VL_PG_RC;26574143.330000000000000;
202511;3825;1997003783;CAIXA;2000.000000000000000;
202511;3825;2020003211;COTAS;104227561.075410000000000;
202511;4738;9970000000;VL_PG_RC;0.000000000000000;
202511;4128;1995003565;CAIXA;178014.460000000000000;
202511;4529;2008002365;CAIXA;10158437.500000000000000;
202511;4131;2017000647;COTAS;96020575.555587000000000;
202511;3887;1999004965;COTAS;1012956.740231000000000;
202511;4176;2004002883;COTAS;21182854.826868000000000;
202511;4131;1981000811;CAIXA;773006.440000000000000;
202511;4176;2004002883;COTAS;185700.896207000000000;
202511;4529;2008002365;COTAS;1528761.895535000000000;
202511;3825;2020003211;COTAS;33563112.347158000000000;
202511;3887;1999004965;COTAS;977354.550837000000000;
202511;4131;1987000374;CAIXA;1898993.920000000000000;
202511;4176;2018002392;COTAS;12179099.902741000000000;14096253000115
202511;3887;1999004965;COTAS;2927975.698446000000000;
202511;3472;2023000718;COTAS;181893.095252000000000;17703476000191
202511;3928;1999001265;COTAS;16139645.255901000000000;
202511;3887;9970000000;TIT_PUB;2678597.290000000000000;
202511;3825;2021001611;COTAS;4660042.922291000000000;31032406000180
202511;3486;1996002074;COTAS;361517593.260459000000000;
202511;4011;2000002129;COTAS;1379469.960000000000000;
202511;3928;1999001265;COTAS;502440.275284000000000;
202511;4529;2008002365;COTAS;3550027.136737000000000;
202511;3839;2009001583;ACOES;617296.750000000000000;
202511;3486;1996002074;COTAS;18355089.250593000000000;
202511;4011;2000002218;TIT_PUB;49749572.630000000000000;
202511;4011;2014001456;TIT_PRIV;1535823.690000000000000;
202511;4532;9970000000;COTAS;2098271.716810000000000;
202511;3887;1999004965;COTAS;30354520.690102000000000;
202511;4741;2013001738;COTAS;17304065.648741000000000;
202511;4181;2004000147;COTAS;161873490.823508000000000;05508550000130
202511;4039;9970000000;CAIXA;76551.680000000000000;
202511;4203;2004000929;COTAS;11028015.551607000000000;40189280000142
202511;3887;1999004965;VL_PG_RC;279589.280000000000000;
202511;3438;2006002074;VL_PG_RC;0.000000000000000;
202511;3825;1999005074;COTAS;8277.180000000000000;
202511;4131;1998006311;CAIXA;60698.330000000000000;
202511;3825;1999005074;COTAS;24447.000000000000000;
202511;4426;2007002329;COTAS;5289975.000000000000000;
202511;3839;2009001583;COTAS;838226.514634000000000;
202511;3486;9970000000;TIT_PRIV;4354949.510000000000000;
202511;4546;2009000919;COTAS;2713395.636645000000000;
202511;3839;2009001583;COTAS;2990.824337000000000;
202511;3438;2006002211;CAIXA;107377.960000000000000;
202511;3126;2012001483;COTAS;3751486.321335000000000;
202511;4131;2008004538;VL_PG_RC;-52492.940000000000000;
202511;4039;9970000000;COTAS;3974165.460062000000000;
202511;3438;2006002465;COTAS;1641101.861659000000000;
202511;4755;2020002574;COTAS;224369.502051000000000;62502136000157
202511;4426;9970000000;TIT_PRIV;7830086.610000000000000;
202511;4755;9970000000;COTAS;21769.818927000000000;
202511;4203;2020002711;COTAS;213314.754351000000000;40189629000146
202511;4443;9970000000;VL_PG_RC;0.060000000000000;
202511;3825;1999005074;COTAS;34155.000000000000000;
202511;3839;2009001583;COTAS;267064.455868000000000;
202511;4131;2017000647;COTAS;1924502.595945000000000;
202511;4755;9970000000;TIT_PUB;1538756.040000000000000;
202511;4546;9970000000;CAIXA;176258.790000000000000;
202511;3486;9970000000;CAIXA;476042.420000000000000;
202511;3126;2012001483;COTAS;9244469.145295000000000;
202511;4131;2017000647;COTAS;16105193.077714000000000;
202511;4769;2015000429;COTAS;2057447.887971000000000;
202511;4577;2008003892;COTAS;9746010.295479000000000;
202511;3527;2020001365;COTAS;6922234.915645000000000;
202511;4221;2005000892;COTAS;2682644.051453000000000;
202511;4131;2017000647;COTAS;79224210.026868000000000;
202511;4039;2000004229;COTAS;113119032.511268000000000;
202511;4577;2010001974;COTAS;244608.919336000000000;
202511;4042;2000004792;COTAS;21284442.589826000000000;
202511;3825;1999005074;COTAS;1497926.853233000000000;
202511;4131;2023001218;VL_PG_RC;43.330000000000000;
202511;4474;9970000000;VL_PG_RC;0.000000000000000;
202511;4786;2016000856;COTAS;2543932.000001000000000;
202511;3861;1993001719;COTAS;342958886.519975000000000;05615541000148
202511;3825;2005004774;CAIXA;2000.000000000000000;
202511;4529;2008002365;IMOVEIS;18603175.700000000000000;
202511;4786;2016000856;COTAS;1548656.001520000000000;
202511;3126;2013000529;CAIXA;292394.390000000000000;
202511;3887;1999004965;COTAS;3595997.683558000000000;
202511;4581;1999000919;CAIXA;149466.670000000000000;
202511;3839;1998004929;COTAS;13723064.809655000000000;
202511;4221;2005000892;COTAS;11383797.075089000000000;
202511;4221;2006004247;COTAS;934534.118738000000000;
202511;3887;1999004965;COTAS;6795100.424271000000000;
202511;4039;2000004229;COTAS;595616515.424099000000000;10347270000127
202511;3527;1996002619;COTAS;6467535.193620000000000;
202511;3126;2013000529;COTAS;490012.244186000000000;
202511;4176;2018002392;COTAS;1178828.962992000000000;
202511;3887;1999004965;COTAS;5538885.654461000000000;
202511;3126;2021001156;COTAS;454022.186967000000000;
202511;4039;9970000000;VL_PG_RC;0.000000000000000;
202511;3887;1999004965;COTAS;5548889.200000000000000;
202511;3438;2006002783;CAIXA;91346.800000000000000;
202511;4221;2006004247;VL_PG_RC;204332.190000000000000;
202511;4577;2010001974;ACOES;1216872.680000000000000;
202511;4221;2006004247;OPERACAO_PARTICIPANTE;702046.422132000000000;
202511;3527;2020001756;COTAS;73973569.728952000000000;
202511;4011;2014001456;COTAS;7653020.552030000000000;
202511;4091;1974000338;TIT_PUB;852138614.320000000000000;
202511;4649;2010003756;COTAS;47203839.691201000000000;44917099000166
202511;4091;2002001529;VL_PG_RC;-1701.780000000000000;
202511;4221;2012001629;COTAS;987188.149511000000000;
202511;3438;2006002783;COTAS;146658418.714376000000000;08661367000168
202511;4652;2019001438;COTAS;1141352.130005000000000;49465951000125
202511;3438;2006002856;CAIXA;28936.250000000000000;
202511;4039;2000004229;CAIXA;108098.260000000000000;
202511;4221;2012001874;COTAS;5196747.961714000000000;
202511;3527;1996002619;COTAS;222851559.441139000000000;
202511;4221;2015001883;COTAS;170121.297731000000000;
202511;4577;2010001974;VL_PG_RC;-22019.780000000000000;
202511;4176;9970000000;COTAS;3858334.894164000000000;
202511;4786;2016000856;COTAS;1704026.000001000000000;
202511;4652;2019001438;VL_PG_RC;-3247.210000000000000;
202511;3126;2021001156;COTAS;455900.412991000000000;
202511;4221;2015001883;COTAS;77678.471684000000000;
202511;4581;1999000919;COTAS;243233154.530022000000000;62191841000180
202511;3438;2006002856;COTAS;40333778.569900000000000;08661367000168
202511;4248;2009000838;COTAS;133364146.445545000000000;18936232000111
202511;4604;2010002083;COTAS;2032052.484924000000000;
202511;4176;9970000000;VL_PG_RC;-0.010000000000000;
202511;3527;2020001365;COTAS;2432110.311518000000000;
202511;4181;9970000000;CAIXA;0.000000000000000;
202511;4221;2011002419;COTAS;66829.615485000000000;
202511;4203;2000001556;CAIXA;57118.570000000000000;
202511;3438;2009002083;CAIXA;292722.860000000000000;
202511;3592;2006005911;COTAS;478185703.396401000000000;
202511;4203;2000002838;COTAS;2431128856.557843000000000;05316787000119
202511;4604;2010002083;COTAS;93834022.374381000000000;
202511;3887;1999004965;TIT_PUB;477378834.930000000000000;
202511;4101;2002001847;CAIXA;63959.940000000000000;
202511;4786;2016000856;COTAS;7072105.000007000000000;
202511;3887;1999004965;COTAS;33935.339806000000000;
202511;4248;2009000838;COTAS;95005842.773908000000000;20726076000106
202511;3161;2005005111;COTAS;1482509.281657000000000;
202511;3887;1999004965;COTAS;7441076.455798000000000;
202511;4786;2016000856;COTAS;1639029.000001000000000;
202511;4042;2000004792;TIT_PUB;210491258.250000000000000;
202511;4203;2000002838;TIT_PRIV;187442095.610000000000000;
202511;4101;2002001847;COTAS;338957395.299520000000000;05615511000131
202511;3602;1979000638;VL_PG_RC;2421746.560000000000000;
202511;3438;2009002083;COTAS;1036813.228241000000000;
202511;4248;2009000838;COTAS;34899310.407222000000000;36518029000107
202511;3161;9970000000;CAIXA;32379.490000000000000;
202511;4248;2011001919;CAIXA;20328.380000000000000;
202511;3527;2020001756;COTAS;36296013.237874000000000;
202511;4248;2020001683;COTAS;5527225.860095000000000;20726130000113
202511;4203;2000006574;COTAS;1533020030.243850000000000;21596146000111
202511;4101;2002001847;COTAS;391765986.238424000000000;05615522000111
202511;4203;2000006574;COTAS;964145213.659634000000000;40189280000142
202511;4101;9970000000;CAIXA;140408.200000000000000;
202511;4652;9970000000;COTAS;39721.390000000000000;
202511;4248;2020001683;COTAS;295631.590810000000000;52350495000182
202511;4114;2002004129;CAIXA;503514.370000000000000;
202511;4091;2002001529;CAIXA;8338.000000000000000;
202511;4131;1981000811;OPERACAO_PARTICIPANTE;6484195.000000000000000;
202511;3602;2009000511;COTAS;16017128.727394000000000;21321600000121
202511;4091;2004002492;COTAS;4177245.112569000000000;
202511;3928;1999001265;COTAS;43957936.919848000000000;
202511;4091;2004002492;COTAS;12889924.436883000000000;
202511;3928;1999001265;COTAS;461507.369757000000000;
202511;4786;2016000856;COTAS;1964519.999029000000000;
202511;4221;2012001629;COTAS;420937.383175000000000;
202511;3527;2020001756;COTAS;27035931.760568000000000;
202511;3887;1999004965;COTAS;11413121.093336000000000;
202511;4091;2004002492;COTAS;409943250.438087000000000;05426951000140
202511;4279;2004002711;COTAS;40483210.263481000000000;51834466000123
202511;3887;9970000000;VL_PG_RC;-237.570000000000000;
202511;4091;2004002492;COTAS;2762714.760051000000000;
202511;4282;2004003065;COTAS;9137331.049995000000000;
202511;4786;2018001019;COTAS;97566.000013000000000;
202511;4282;2004003065;TIT_PUB;77439293.830000000000000;
202511;4101;2024000983;CAIXA;73.240000000000000;
202511;3161;9970000000;COTAS;893775.015334000000000;
202511;4131;1989001165;VL_PG_RC;-41776.530000000000000;
202511;3188;1997002183;COTAS;130953.586610000000000;
202511;4221;2012001629;COTAS;498675.146943000000000;
202511;3188;1998006247;CAIXA;10821.160000000000000;
202511;4621;2010002318;CAIXA;111.360000000000000;
202511;4221;2012001629;COTAS;479839.401983000000000;
202511;4621;2010002318;COTAS;2338253.565972000000000;37821719000101
202511;3531;1996003038;COTAS;65038133.205546000000000;05584616000170
202511;4221;2012001874;COTAS;8487542.323753000000000;
202511;4621;2022002083;CAIXA;6.630000000000000;
202511;4101;2024000983;COTAS;121625.508010000000000;05615511000131
202511;3602;2011001692;COTAS;12129655.958742000000000;62655118000105
202511;3531;1996003038;COTAS;54958432.533170000000000;41252666000114
202511;3188;1998006247;COTAS;32852739.195198000000000;18270776000197
202511;4221;2015001883;COTAS;242712.584414000000000;
202511;3438;2010005465;CAIXA;918.710000000000000;
202511;4131;1998006719;OPERACAO_PARTICIPANTE;37083.540000000000000;
202511;3438;2020003392;CAIXA;105787.170000000000000;
202511;4371;9970000000;CAIXA;0.000000000000000;
202511;4101;9970000000;COTAS;4465554.363060000000000;30330483000153
202511;4131;1981000811;COTAS;3401896.184125000000000;
202511;4621;2022002083;COTAS;6366427.052347000000000;37821719000101
202511;4666;2011000629;COTAS;158583053.276651000000000;59976505000139
202511;3531;1996003038;TIT_PUB;7895391.820000000000000;
202511;4203;2004000929;COTAS;1056723.018125000000000;40189629000146
202511;3928;1999001265;COTAS;3137177.332881000000000;
202511;3647;9970000000;COTAS;360443.429998000000000;
202511;3438;2021002438;COTAS;8636756.787074000000000;
202511;4131;2002000247;COTAS;395694.143771000000000;
202511;4621;2022002318;VL_PG_RC;0.000000000000000;
202511;4248;2009000838;COTAS;156907260.582848000000000;18936235000155
202511;4203;2020002711;COTAS;1989363.999648000000000;40189280000142
202511;4131;1986000419;TIT_PUB;17156083.760000000000000;
202511;4786;2018001019;COTAS;78558.000000000000000;
202511;4011;2000002056;VL_PG_RC;-119.080000000000000;
202511;3558;1996003992;OPERACAO_PARTICIPANTE;5493267.250000000000000;
202511;4131;2006006665;COTAS;528082.819724000000000;
202511;3558;9970000000;VL_PG_RC;1244.310000000000000;
202511;3438;2021002918;COTAS;84233.493561000000000;
202511;3678;1999002083;VL_PG_RC;-8608.400000000000000;
202511;4131;1986000419;COTAS;971351.878545000000000;
202511;4621;9970000000;VL_PG_RC;0.000000000000000;
202511;3592;2006005911;CAIXA;19597.060000000000000;
202511;3188;1999003756;COTAS;1310207.804235000000000;
202511;3472;1988001374;COTAS;544433202.584800000000000;02498188000175
202511;4131;2008004392;COTAS;371679.875846000000000;
202511;4786;2018001019;COTAS;339906.999997000000000;
202511;4666;2021002756;COTAS;47774365.490566000000000;59976184000172
202511;3188;1999003756;COTAS;205044.705521000000000;18270776000197
202511;3928;1999001265;COTAS;6361103.164102000000000;
202511;4131;1987000374;IMOVEIS;3792000.000000000000000;
202511;4011;2000002218;COTAS;1518500.270000000000000;
202511;3592;4018490038;VL_PG_RC;-27.150000000000000;
202511;3825;1988002192;COTAS;1366916.810640000000000;
202511;3928;9970000000;CAIXA;5200.000000000000000;
202511;3188;2000007856;COTAS;3253332.111326000000000;10214125000178
202511;4039;2000004229;COTAS;21740614.704748000000000;
202511;4217;2006004638;COTAS;89106026.642248000000000;60711818000144
202511;3825;1988002265;VL_PG_RC;6405.890000000000000;
202511;3472;9970000000;CAIXA;66330.850000000000000;
202511;4666;2011000629;COTAS;212986169.320159000000000;
202511;3188;2000007856;VL_PG_RC;-65883.010000000000000;
202511;4248;2020001683;COTAS;2959834.580266000000000;20726061000148
202511;4131;1986000419;OPERACAO_PARTICIPANTE;3828.840000000000000;
202511;3602;1979000638;COTAS;3637740.116256000000000;
202511;4217;2006004638;TIT_PUB;37145458.850000000000000;
202511;3602;1979000638;COTAS;150606466.563604000000000;50927335000128
202511;4409;2006000829;CAIXA;161371.840000000000000;
202511;3602;2009000511;ACOES;13064934.370000000000000;
202511;4412;2006001329;COTAS;11998317.790000000000000;
202511;4683;1990001165;COTAS;395304512.030447000000000;41287925000142
202511;4131;1989001165;CAIXA;611946.440000000000000;
202511;3188;2001000847;TIT_PUB;32389037.770000000000000;
202511;3825;1989001874;COTAS;23008154.878459000000000;
202511;4042;2000004792;COTAS;46606731.323831000000000;
202511;3825;1989001874;COTAS;3277034.115737000000000;
202511;4217;2010004183;VL_PG_RC;4692.010000000000000;
202511;4683;2004002311;COTAS;8596507.902544000000000;
202511;4786;2018001019;COTAS;117181.999996000000000;
202511;4131;2017000647;TIT_PUB;652024721.010000000000000;
202511;4011;2014001456;COTAS;2578833.439857000000000;
202511;3486;1996002074;CAIXA;3077957.320000000000000;
202511;4786;2018001019;COTAS;94558.000000000000000;
202511;4412;9970000000;COTAS;7823924.711535000000000;
202511;4042;9970000000;CAIXA;9937.420000000000000;
202511;3602;2009000511;COTAS;2908425.918279000000000;
202511;3825;1993001638;COTAS;15571798.413455000000000;
202511;4426;2006003111;COTAS;417449.108242000000000;
202511;3825;1996001574;CAIXA;2172.150000000000000;
202511;4131;1987000374;VL_PG_RC;-108729.210000000000000;
202511;4666;2011000947;COTAS;170311909.002724000000000;59976505000139
202511;3527;1996002619;COTAS;15709857.968561000000000;
202511;4217;2012001238;COTAS;1365072.076045000000000;
202511;4683;2005000647;COTAS;776616.780708000000000;
202511;4217;2022002156;COTAS;2890801.212924000000000;
202511;3602;2011001692;COTAS;8020939.374970000000000;
202511;4248;2020001683;COTAS;1365071.925362000000000;55198628000135
202511;4087;9970000000;COTAS;1732262.200002000000000;
202511;3188;2003001638;COTAS;566880.571196000000000;
202511;4091;1974000338;OPERACAO_PARTICIPANTE;15018843.329615707400000;
202511;4683;2008000818;COTAS;1658921.799509000000000;
202511;4666;2021002756;COTAS;47426115.396582000000000;59976505000139
202511;4176;2018002392;COTAS;1239354.714334000000000;17759357000150
202511;3188;2005000256;COTAS;843165.236269000000000;
202511;4707;2013000138;COTAS;5458715.150000000000000;
202511;4217;2022002474;CAIXA;375.600000000000000;
202511;4426;2007002329;COTAS;8634090.000000000000000;
202511;4279;2018000111;COTAS;11923115.779519000000000;24249995000197
202511;3188;2005000256;COTAS;4956014.939519000000000;10220241000108
202511;4707;2013000138;COTAS;155539352.587318000000000;
202511;4683;1990001165;COTAS;602572237.594946000000000;
202511;3825;1997002574;COTAS;2536482.560324000000000;
202511;4683;2004002311;COTAS;638640.788210000000000;
202511;3602;2020002965;COTAS;111815.340260000000000;50927335000128
202511;4221;2005000892;COTAS;1106093.846855000000000;
202511;4707;2013000219;COTAS;8956084.087681000000000;
202511;4426;2007002329;COTAS;2270147.817339000000000;
202511;3602;9970000000;COTAS;4198384.668810000000000;62655118000105
202511;3188;2005000256;COTAS;1215413.131773000000000;34613727000166
202511;4221;2006004247;COTAS;1168451.389431000000000;
202511;4461;9970000000;COTAS;344217.405298000000000;
202511;4221;2011002419;COTAS;23224.798301000000000;
202511;3188;2005001211;COTAS;3726239.445215000000000;10214125000178
202511;4091;2004002492;COTAS;4522984.080000000000000;
202511;4501;9970000000;VL_PG_RC;0.000000000000000;
202511;4786;2019000611;COTAS;187838.000021000000000;
202511;4707;2013000219;COTAS;37054160.670795000000000;
202511;4786;2019000611;COTAS;94438.000043000000000;
202511;3527;2020001756;COTAS;637482.649246000000000;
202511;4221;2011002419;COTAS;629798.339034000000000;
202511;3602;1979000638;COTAS;136581.968789000000000;
202511;4221;2015001883;CAIXA;190713.790000000000000;
202511;4131;1993001018;OPERACAO_PARTICIPANTE;35137.270000000000000;
202511;4707;2013002092;COTAS;7232511.260423000000000;
202511;4131;1993001018;COTAS;151527.620943000000000;
202511;4131;1998006311;OPERACAO_PARTICIPANTE;13774.450000000000000;
202511;3647;1997001829;CAIXA;11868.600000000000000;
202511;4091;2004002492;COTAS;24813589.990879000000000;
202511;4131;1998006311;COTAS;318687.764430000000000;
202511;3811;1998004783;COTAS;5819547.325091000000000;
202511;3188;2005001211;COTAS;4517830.755240000000000;10220241000108
202511;4515;2007003538;COTAS;216769088.299999000000000;09188149000110
202511;4131;1998006719;TIT_PUB;31041709.770000000000000;
202511;4515;9970000000;COTAS;1373284.559999000000000;09188149000110
202511;4091;2004002492;OPERACAO_PARTICIPANTE;45136332.849300431200000;
202511;4131;2006006665;COTAS;5003555.360245000000000;
202511;4101;2002001847;COTAS;35835714.809531000000000;
202511;3825;1988002192;TIT_PUB;72627637.250000000000000;
202511;4087;2007000156;COTAS;521995734.129207000000000;04118024000109
202511;4683;2004002311;COTAS;148754.958442000000000;
202511;4282;2004003065;COTAS;1906888.440001000000000;
202511;4786;2019000611;COTAS;224484.000004000000000;
202511;3602;1979000638;COTAS;46344551.524560000000000;
202511;3825;1988003318;CAIXA;1000.000000000000000;
202511;4683;2004002311;COTAS;167000.278777000000000;29055966000108
202511;4176;2018002392;COTAS;11314026.763473000000000;31934038000165
202511;3602;1979000638;COTAS;28930159.010529000000000;
202511;4176;2023000319;COTAS;617444.575602000000000;
202511;4529;2008002365;COTAS;115375.775261000000000;
202511;4114;2002004129;COTAS;225627815.220820000000000;08744969000189
202511;4091;1974000338;COTAS;4900703.414098000000000;
202511;3825;1997003783;VL_PG_RC;0.000000000000000;
202511;3602;2011001692;COTAS;23502975.698842000000000;50927335000128
202511;4282;2004003065;COTAS;561758.910000000000000;
202511;4131;2008004211;OPERACAO_PARTICIPANTE;31442.860000000000000;
202511;4131;2008004211;COTAS;2925863.896702000000000;
202511;4248;2011001919;COTAS;101033384.990175000000000;55198628000135
202511;4683;2005000647;COTAS;305753.747675000000000;
202511;4409;2006000829;COTAS;34126.750000000000000;
202511;3825;1989001092;VL_PG_RC;0.000000000000000;
202511;3602;2011001692;VL_PG_RC;-16144.260000000000000;
202511;4176;9970000000;COTAS;1818931.362910000000000;13401162000183
202511;4529;2008002365;COTAS;6537224.562144000000000;
202511;4683;2019000792;VL_PG_RC;-47151.760000000000000;
202511;4248;2014001847;CAIXA;200.000000000000000;
202511;4131;2008004392;CAIXA;23910.170000000000000;
202511;3825;1998001083;CAIXA;2270.600000000000000;
202511;4248;2014001847;COTAS;9079770.646901000000000;18936235000155
202511;4203;2000001319;ACOES;6628.150000000000000;
202511;4248;2020001683;COTAS;330823.499267000000000;32240211000198
202511;4114;2002004129;VL_PG_RC;-320033.920000000000000;
202511;3602;2020002965;ACOES;102004.410000000000000;
202511;4279;2016001992;COTAS;8409400.817448000000000;51834466000123
202511;4791;2016001283;COTAS;2059878.800000000000000;
202511;4409;2006000829;VL_PG_RC;0.000000000000000;
202511;3647;1997001829;COTAS;996063.374071000000000;
202511;3825;1998001083;COTAS;11794235.480966000000000;
202511;4529;2008002365;OPERACAO_PARTICIPANTE;22866784.916964000000000;
202511;4131;2008004465;OPERACAO_PARTICIPANTE;4682.200000000000000;
202511;3188;2005001211;COTAS;4731626.420372000000000;34613727000166
202511;4279;9970000000;CAIXA;2893402.750000000000000;
202511;4131;2017000647;COTAS;38728914.292835000000000;
202511;4203;2000001319;COTAS;8579170.408294000000000;46171916000105
202511;3647;1997001829;COTAS;343206.946911000000000;
202511;4791;2016001283;COTAS;2194994.760000000000000;
202511;4707;2013002092;COTAS;5130783.600000000000000;
202511;4091;2002001529;TIT_PUB;359119919.740000000000000;
202511;4412;2006001329;COTAS;4219522.235254000000000;
202511;4131;1981000811;COTAS;6459497.485904000000000;39665916000104
202511;3188;2005001211;VL_PG_RC;-44131.280000000000000;
202511;4131;1987000374;COTAS;1255096.873953000000000;
202511;3188;2009002156;COTAS;232145601.550312000000000;25244544000120
202511;4131;2008004211;VL_PG_RC;-31508.050000000000000;
202511;4791;2016001283;COTAS;7588692.250003000000000;
202511;4707;2013002092;COTAS;31581551.195233000000000;
202511;4131;2017000647;COTAS;8819874.089000000000000;
202511;4282;2004003065;COTAS;66553.540000000000000;
202511;4131;2008004211;TIT_PUB;44709955.820000000000000;
202511;4282;2004003065;COTAS;3594729.760000000000000;
202511;4683;2022001338;CAIXA;1207.700000000000000;
202511;4203;2000001556;OPERACAO_PARTICIPANTE;1788624.950179105700000;
202511;4131;2008004392;VL_PG_RC;-1129.310000000000000;
202511;4529;9970000000;VL_PG_RC;0.000000000000000;
202511;4683;2022001338;COTAS;1092747.082692000000000;29055966000108
202511;3825;1998001156;CAIXA;2000.000000000000000;
202511;4801;2016001518;COTAS;25842996.019980000000000;
202511;4131;2008004465;TIT_PUB;158382.260000000000000;
202511;3825;1993001956;CAIXA;2276.870000000000000;
202511;4131;2017000647;COTAS;12054231.270015000000000;
202511;4101;2002001847;VL_PG_RC;1077.110000000000000;
202511;4176;2004002883;COTAS;254823523.209180000000000;17759357000150
202511;3825;1999005074;COTAS;65829.511510000000000;
202511;3825;1995001929;CAIXA;57898.920000000000000;
202511;3825;2001001118;COTAS;31445306.484097000000000;
202511;4426;2006003111;ACOES;5100074.200000000000000;
202511;3188;2009002229;VL_PG_RC;0.000000000000000;
202511;4203;2000006574;COTAS;425533030.917092000000000;46171916000105
202511;4176;2018002392;COTAS;1382857.463740000000000;
202511;4368;2005004211;COTAS;10498624.296374000000000;
202511;3647;1997001829;COTAS;4348.144097000000000;
202511;4368;2005004211;OPERACAO_PARTICIPANTE;3024195.880000000000000;
202511;3188;2010000374;COTAS;1042201.187382000000000;10220241000108
202511;4385;2005006311;OPERACAO_PARTICIPANTE;2647817.610000000000000;
202511;4426;2006003111;VL_PG_RC;25732.650000000000000;
202511;4203;9970000000;CAIXA;12739480.570000000000000;
202511;3188;2010000374;COTAS;1490844.022884000000000;18270776000197
202511;3678;2010001818;VL_PG_RC;-352.880000000000000;
202511;4114;2002004129;COTAS;48087869.510938000000000;59500277000126
202511;3811;1998004783;COTAS;140770457.622000000000000;
202511;3825;2005003011;COTAS;136150847.716113000000000;
202511;3188;2010003292;COTAS;2223093.766005000000000;10220241000108
202511;4412;2006001329;CAIXA;9176.010000000000000;
202511;4546;2009000919;COTAS;5334383.211061000000000;
202511;3188;2010005211;VL_PG_RC;-63412.490000000000000;
202511;4131;1998006311;TIT_PUB;11436526.640000000000000;
202511;4707;2018001329;COTAS;88570.176544000000000;
202511;3188;2017000574;COTAS;1389638.239007000000000;
202511;4176;2023000319;COTAS;841324.808938000000000;
202511;3825;2007003619;COTAS;10052497.561569000000000;
202511;4546;2009000919;COTAS;5331790.169727000000000;
202511;3825;2016000147;CAIXA;4000.000000000000000;
202511;3825;2021001611;COTAS;4696278.414047000000000;
202511;4131;2006006665;CAIXA;250331.680000000000000;
202511;3839;1998004929;COTAS;149730824.053288000000000;
202511;4546;2009000919;COTAS;5172910.454876000000000;
202511;4203;9970000000;VL_PG_RC;25895.660000000000000;
202511;4181;2004000147;COTAS;5146510.100000000000000;
202511;4426;2007002329;TIT_PRIV;1480863677.510000000000000;
202511;3825;1996001574;OPERACAO_PARTICIPANTE;463981.390000000000000;
202511;4443;9970000000;CAIXA;11171.510000000000000;
202511;3188;2017000574;COTAS;2160327.546628000000000;
202511;4443;1982002018;COTAS;5518772.086483000000000;
202511;4546;2009000919;TIT_PRIV;20704751.290000000000000;
202511;3811;1998004783;COTAS;59053937.390690000000000;
202511;4217;2021003329;COTAS;4797804.954028000000000;
202511;4707;2018001892;COTAS;637722.845665000000000;
202511;4577;9970000000;COTAS;5294679.883995000000000;
202511;3811;1998004783;COTAS;1983800.462563000000000;
202511;3188;2017000574;COTAS;2002298.624702000000000;29298975000120
202511;4443;1982002018;COTAS;328971.897672000000000;
202511;4707;2019003856;COTAS;61404.603221000000000;
202511;3839;2009001583;COTAS;255608.158390000000000;
202511;3188;2019000865;COTAS;2494791.008840000000000;29298975000120
202511;4683;9970000000;CAIXA;8548.900000000000000;
202511;4474;9970000000;CAIXA;13093.230000000000000;
202511;4221;2006004247;COTAS;410084.513745000000000;
202511;4707;2020000474;COTAS;1039182.074046000000000;
202511;4532;2008004856;COTAS;6848677.109088000000000;
202511;4515;2007003538;COTAS;216012865.560001000000000;16557853000169
202511;3825;1997002574;VL_PG_RC;0.000000000000000;
202511;4707;2013000138;COTAS;9424313.093761000000000;
202511;4203;2020002711;COTAS;199555.219948000000000;40189032000100
202511;3811;1998004783;COTAS;266765577.029044000000000;
202511;3188;2019000865;VL_PG_RC;-97780.330000000000000;
202511;3839;9970000000;VL_PG_RC;0.000000000000000;
202511;3811;1998004783;VL_PG_RC;-158629.800000000000000;
202511;4131;2006006665;TIT_PUB;13579887.950000000000000;
202511;3825;1981000674;CAIXA;18169.790000000000000;
202511;4515;2007003538;COTAS;110496792.480000000000000;55222854000104
202511;4813;2017000965;COTAS;5544547.854353000000000;
202511;4546;2009000919;COTAS;5324603.227720000000000;
202511;4221;2011002419;COTAS;36237.761590000000000;
202511;4176;2018002392;VL_PG_RC;219629.880000000000000;
202511;4546;2009000919;TIT_PUB;126624529.030000000000000;
202511;3861;1993001719;COTAS;342661364.810027000000000;05112343000161
202511;4813;2017000965;COTAS;1871185.282953000000000;
202511;3928;1999001265;VL_PG_RC;-44057.540000000000000;
202511;4827;2022002611;CAIXA;6103.770000000000000;
202511;4546;2009000919;OPERACAO_PARTICIPANTE;414857.580000000000000;
202511;4181;9970000000;COTAS;2253898.582115000000000;
202511;4581;1999000919;COTAS;92822.915711000000000;
202511;4707;2022001265;TIT_PUB;24109273.980000000000000;
202511;4042;2000004792;COTAS;426344.618360000000000;
202511;3825;1998001083;COTAS;594499.879346000000000;
202511;3825;1997000229;COTAS;74477684.224490000000000;
202511;3188;2021003019;COTAS;246383.893867000000000;
202511;4577;9970000000;VL_PG_RC;-1700.040000000000000;
202511;3825;1998001156;COTAS;1963610.393027000000000;
202511;4604;2010002083;VL_PG_RC;-142239.500000000000000;
202511;4176;2004002883;CAIXA;8801389.180000000000000;
202511;4604;2010002083;COTAS;100937062.872214000000000;
202511;4711;2014000638;CAIXA;85841.500000000000000;
202511;4087;9970000000;CAIXA;245458.470000000000000;
202511;4203;2020002711;VL_PG_RC;-1451.500000000000000;
202511;4577;2008003892;COTAS;4186691.298517000000000;
202511;4203;9970000000;ACOES;6108.750000000000000;
202511;4724;2013000383;ACOES;222446549.290000000000000;
202511;4203;2000001319;COTAS;58824493.494336000000000;24069639000191
202511;4755;2014000311;COTAS;561363.422469000000000;
202511;4203;2000001319;VL_PG_RC;797721.730000000000000;
202511;4755;2014000311;TIT_PUB;6336904.980000000000000;
202511;3188;2023000947;COTAS;145125.849946000000000;
202511;3825;1998001156;TIT_PUB;16701548.500000000000000;
202511;4621;2010005392;OPERACAO_PARTICIPANTE;1762221.180000000000000;
202511;4203;9970000000;COTAS;8573014.942788000000000;
202511;3825;1999005074;COTAS;10228.270000000000000;
202511;4707;2013000138;COTAS;3028554.280382000000000;
202511;4091;1974000338;CAIXA;33575.930000000000000;
202511;4221;2015001883;COTAS;384446.985235000000000;
202511;4621;9970000000;CAIXA;38840.910000000000000;
202511;3825;1998004619;VL_PG_RC;0.000000000000000;
202511;4707;2013000138;COTAS;22793805.273766000000000;
202511;4203;2000001556;IMOVEIS;3131204.720000000000000;
202511;4577;2008003892;COTAS;1353431.355065000000000;
202511;4621;2011001765;COTAS;29900181.950984000000000;37821719000101
202511;3825;1999005074;COTAS;23394.200000000000000;
202511;3188;2023000947;COTAS;635638.140770000000000;18270776000197
202511;4091;1974000338;COTAS;58843271.469775000000000;05426951000140
202511;4755;2015001247;COTAS;176664.610268000000000;
202511;3188;9970000000;CAIXA;458126.190000000000000;
202511;4091;2004002492;COTAS;10046202.926922000000000;
202511;4769;2015000429;COTAS;584203.644087000000000;
202511;4581;9970000000;COTAS;8663.185270000000000;
202511;4203;2000002838;COTAS;12759077.684435000000000;40170889000170
202511;4707;2013000138;COTAS;83479361.798340000000000;
202511;4091;2004002492;TIT_PUB;757290758.660000000000000;
202511;4649;2010003756;COTAS;239395099.894763000000000;12440761000143
202511;4707;2013000138;COTAS;48539840.511713000000000;
202511;4217;1997000792;COTAS;948043.033297000000000;14115118000170
202511;3825;1999005074;COTAS;22154.060000000000000;
202511;4652;2010004329;COTAS;5192122.920002000000000;49465951000125
202511;3825;1999005074;COTAS;531714.661632000000000;
202511;4221;9970000000;VL_PG_RC;0.000000000000000;
202511;3188;9970000000;COTAS;816080.810899000000000;18270776000197
202511;4831;1988002729;OPERACAO_PARTICIPANTE;521725.420000000000000;
202511;4234;2004002956;VL_PG_RC;-91351.880000000000000;
202511;4604;2010002083;COTAS;8972308.992008000000000;
202511;4203;2000006574;VL_PG_RC;18286404.200000000000000;
202511;4831;1998003647;COTAS;9688900.374685000000000;
202511;4203;2000002838;COTAS;104936494.607128000000000;40189629000146
202511;3825;1999005074;COTAS;8618087.641801000000000;
202511;4101;9970000000;COTAS;5147800.661083000000000;05615511000131
202511;4217;2022000374;CAIXA;7297.250000000000000;
202511;4707;2013000219;COTAS;16417104.342000000000000;
202511;3825;2005003011;VL_PG_RC;0.000000000000000;
202511;4128;1995003565;COTAS;84014457.180224000000000;08931953000185
202511;4831;2006006811;CAIXA;264997.720000000000000;
202511;4203;2000006574;COTAS;2212743.206249000000000;
202511;3251;1995001465;COTAS;27101309.733038000000000;
202511;4707;2013000219;COTAS;3925903.684727000000000;
202511;3251;1995001465;COTAS;1198425.391400000000000;
202511;4769;2015000429;COTAS;1179874.902344000000000;
202511;4203;2020002711;COTAS;367510.100535000000000;40190375000186
202511;4831;2006006811;COTAS;9702923.098429000000000;
202511;3825;2009002318;CAIXA;1934.100000000000000;
202511;4831;2006006811;COTAS;318723141.109977000000000;20468585000186
202511;4707;2013000219;COTAS;21924136.116642000000000;
202511;4234;9970000000;COTAS;2847737.716709000000000;
202511;3825;2012000592;VL_PG_RC;0.000000000000000;
202511;4786;2018001019;VL_PG_RC;-215.230000000000000;
202511;3825;2012002056;COTAS;2414210.036007000000000;
202511;4203;9970000000;COTAS;448629358.209472000000000;37332601000101
202511;3251;1995001465;COTAS;4061188.369488000000000;
202511;4217;2010004183;COTAS;143202.334526000000000;11435287000107
202511;4621;2010002318;VL_PG_RC;-1562.950000000000000;
202511;4217;2024000738;CAIXA;54540.820000000000000;
202511;4131;1998006719;CAIXA;218246.470000000000000;
202511;4786;2019000611;COTAS;9752358.002541000000000;
202511;4707;2013000219;COTAS;15531424.446890000000000;
202511;3825;2001001118;COTAS;22841517.994161000000000;
202511;4217;2010004183;COTAS;2721263.647510000000000;
202511;4649;2010003756;CAIXA;320149.380000000000000;
202511;4831;2019001829;COTAS;754557645.949043000000000;20468585000186
202511;4652;2010004329;VL_PG_RC;-5010.290000000000000;
202511;3825;2002000492;COTAS;33233485.109777000000000;
202511;3825;2012002056;COTAS;193055.872635000000000;
202511;4217;2012001238;COTAS;71874.846165000000000;11435287000107
202511;4652;2010004329;COTAS;4071228.610002000000000;08998851000187
202511;3825;2017000418;COTAS;20707821.300136000000000;
202511;4248;2009000838;COTAS;103811554.536236000000000;20726130000113
202511;3251;9970000000;CAIXA;372874.130000000000000;
202511;4683;2004002311;COTAS;161543.425753000000000;
202511;4683;1990001165;COTAS;25072166.494862000000000;10377941000100
202511;4621;2010005392;COTAS;51669715.550000000000000;61347280000101
202511;4217;2022000374;COTAS;2720908.734043000000000;
202511;4844;2019000547;COTAS;4258539.960830000000000;
202511;4221;2005000892;CAIXA;354332.830000000000000;
202511;3825;2009003829;VL_PG_RC;0.000000000000000;
202511;3825;2010005856;COTAS;30203763.504140000000000;
202511;4683;2004002311;COTAS;14270353.301352000000000;
202511;3839;1998004929;COTAS;5173261.680579000000000;
202511;4683;1990001165;VL_PG_RC;-1492533.860000000000000;
202511;4221;2005000892;COTAS;1159884.003358000000000;
202511;4707;2013000219;COTAS;4902389.936424000000000;
202511;4221;2005000892;VL_PG_RC;202075.340000000000000;
202511;4131;2008004211;CAIXA;442802.210000000000000;
202511;4221;2005000892;COTAS;4399495.698779000000000;
202511;4683;2004002311;COTAS;113356.546602000000000;41287925000142
202511;4707;2013002092;COTAS;6243359.600000000000000;
202511;3304;1995002747;COTAS;3700828.497844000000000;
202511;4221;2005000892;COTAS;388199.253730000000000;
202511;4217;2022000374;VL_PG_RC;256.450000000000000;
202511;3839;1998004929;COTAS;209646.000288000000000;
202511;4791;2016001283;COTAS;4862936.230000000000000;
202511;4621;2011001765;VL_PG_RC;-11339.680000000000000;
202511;4248;2011001919;COTAS;322471975.670419000000000;28206291000198
202511;4683;2007002965;VL_PG_RC;-4415.490000000000000;
202511;3839;9970000000;CAIXA;22601.210000000000000;
202511;4683;2008000818;CAIXA;3175.110000000000000;
202511;3861;9970000000;VL_PG_RC;0.000000000000000;
202511;4801;2016001518;CAIXA;3488589.240000000000000;
202511;4217;2022000919;COTAS;408402.131869000000000;11435287000107
202511;4683;2008000818;COTAS;34254093.819614000000000;29055966000108
202511;3825;2012000592;COTAS;51497353.181500000000000;
202511;4221;2005000892;COTAS;1048428.343995000000000;
202511;4221;2012001629;CAIXA;118722.130000000000000;
202511;4801;2016001518;COTAS;57132315.147394000000000;
202511;4131;2017000647;COTAS;3803271.151846000000000;
202511;3825;2012000592;COTAS;13901548.425778000000000;
202511;3825;2016000147;COTAS;14675910.552936000000000;
202511;4683;2019000792;COTAS;495199.833581000000000;27696713000198
202511;4221;2012001629;COTAS;166900.586040000000000;
202511;4844;2019000547;COTAS;5717378.144824000000000;
202511;4217;2022002156;COTAS;304482.937567000000000;11435287000107
202511;3825;2016000147;COTAS;113314122.516710000000000;
202511;4176;2004002883;COTAS;413972680.323426000000000;
202511;4707;2013002092;COTAS;60252572.565260000000000;
202511;4683;2004002311;COTAS;33166.134734000000000;27696713000198
202511;4707;2013002092;COTAS;32426832.281386000000000;
202511;4801;2016001518;COTAS;9755265.450000000000000;
202511;4176;2023000319;CAIXA;7799.580000000000000;
202511;4707;2013000138;COTAS;6243359.600000000000000;
202511;4181;2004000147;COTAS;4789766.985532000000000;
202511;4217;9970000000;VL_PG_RC;-415.700000000000000;
202511;3887;1999004965;COTAS;9017917.307450000000000;
202511;4707;2013002092;COTAS;16130410.902625000000000;
202511;4221;2011002419;COTAS;973611.976993000000000;
202511;4707;2018001329;COTAS;627500.460423000000000;
202511;4248;2020001683;COTAS;3047225.725444000000000;
202511;4683;2005000647;COTAS;12281841.794057000000000;27696713000198
202511;4221;2012001629;COTAS;473738.129755000000000;
202511;4221;2015001883;COTAS;215478.128210000000000;
202511;4221;2012001874;CAIXA;399717.500000000000000;
202511;4707;2013000138;COTAS;6371664.775530000000000;
202511;4221;2012001629;COTAS;450756.417952000000000;
202511;4892;2021002829;VL_PG_RC;-992.720000000000000;
202511;4621;2022002083;VL_PG_RC;-1169.170000000000000;
202511;4248;2009000838;COTAS;29456108.285282000000000;28206291000198
202511;4683;2008000818;COTAS;1181516.264687000000000;
202511;4221;2012001874;COTAS;2287891.673313000000000;
202511;3304;1995002747;COTAS;2423871.134590000000000;
202511;3928;1999001265;CAIXA;12721.800000000000000;
202511;4801;2021000818;VL_PG_RC;0.000000000000000;
202511;3825;2020003211;CAIXA;4000.000000000000000;
202511;4181;9970000000;COTAS;2562732.443606000000000;
202511;4248;2020001683;COTAS;1592131.507026000000000;03497804000136
202511;4203;2000001319;OPERACAO_PARTICIPANTE;144746.300000000000000;
202511;4707;2013000138;COTAS;73598160.085230000000000;
202511;4248;2011001919;COTAS;899244513.053034000000000;20726130000113
202511;4831;1988002729;CAIXA;6200.280000000000000;
202511;4621;9970000000;COTAS;1686688.299478000000000;37821719000101
202511;4892;9970000000;COTAS;8893808.328623000000000;
202511;3928;1999001265;COTAS;308835383.417442000000000;
202511;4831;1993000429;COTAS;4178.534225000000000;
202511;4248;2020001683;COTAS;6834246.468510000000000;08035716000136
202511;3304;1995002747;TIT_PUB;213836774.820000000000000;
202511;4221;2012001874;COTAS;788299.237549000000000;
202511;4234;2004002956;COTAS;168173211.011764000000000;19718324000198
202511;4279;2004002711;TIT_PRIV;146124559.560000000000000;
202511;4011;2000002056;CAIXA;26855.020000000000000;
202511;4131;2017000647;OPERACAO_PARTICIPANTE;115853322.738992266900000;
202511;4649;2010003756;VL_PG_RC;-9482.970000000000000;
202511;4831;1993000429;COTAS;1452255.774747000000000;15435379000130
202511;4248;9970000000;COTAS;3724163.863793000000000;18936235000155
202511;4131;9970000000;VL_PG_RC;6099.340000000000000;
202511;4831;1998003647;COTAS;12681093.884395000000000;
202511;4279;2004002711;VL_PG_RC;-1497352.450000000000000;
202511;3839;2009001583;CAIXA;2506.760000000000000;
202511;4707;2013000219;COTAS;6243359.600000000000000;
202511;4248;2000001718;CAIXA;200.000000000000000;
202511;4707;2018001892;COTAS;3784080.896878000000000;
202511;4279;2016001992;COTAS;275614244.951115000000000;24249995000197
202511;4203;2000001556;COTAS;92929002.263645000000000;46171916000105
202511;4683;2008000818;VL_PG_RC;-165788.150000000000000;
202511;4203;2000002838;ACOES;456578.440000000000000;
202511;4279;2016001992;CAIXA;69881.000000000000000;
202511;4707;2018001892;COTAS;1650937.567212000000000;
202511;3839;2009001583;COTAS;59322.499951000000000;
202511;4707;2013000138;COTAS;7651799.994331000000000;
202511;4707;2013000138;TIT_PUB;386791435.490000000000000;
202511;4203;2000002838;COTAS;98170652.628045000000000;40189032000100
202511;3861;1993001719;COTAS;33163832.987936000000000;
202511;4831;1998003647;COTAS;35802480.378743000000000;
202511;4176;2004002883;COTAS;252336104.623643000000000;14096253000115
202511;3887;1999004965;COTAS;2387581.046122000000000;
202511;4707;2013002092;COTAS;4302235.331284000000000;
202511;4707;2018001892;TIT_PUB;15058331.170000000000000;
202511;4707;2013000219;COTAS;331313539.971824000000000;
202511;4011;2014001456;VL_PG_RC;-312.900000000000000;
202511;4831;1998003647;COTAS;16763605.650590000000000;
202511;4282;2004003065;COTAS;2176580.030000000000000;
202511;4707;2013002092;COTAS;71277859.650242000000000;
202511;4221;2012001874;COTAS;2128997.560668000000000;
202511;4831;2019001829;COTAS;10293020.200000000000000;
202511;4831;2020000611;CAIXA;93478.060000000000000;
202511;4707;2013002092;COTAS;43560875.751846000000000;
202511;4707;2019003856;COTAS;380023.741267000000000;
202511;4221;2015001883;COTAS;1228354.492692000000000;
202511;3887;1999004965;COTAS;1152337.056234000000000;
202511;4203;2000002838;COTAS;466276543.955883000000000;55894074000100
202511;4248;2009000838;COTAS;25641193.559120000000000;26978182000163
202511;3887;1999004965;COTAS;1924502.576283000000000;
202511;4176;2018002392;CAIXA;12092.780000000000000;
202511;4683;2019000792;COTAS;58240.989643000000000;41287925000142
202511;4844;2019000547;COTAS;7951671.995577000000000;
202511;4844;2019000547;COTAS;4428237.365544000000000;
202511;4844;2019000547;COTAS;3546168.518910000000000;
202511;4248;2009000838;COTAS;38253510.426866000000000;36617679000100
202511;4844;2019000547;COTAS;3842424.833059000000000;
202511;4176;2018002392;COTAS;1281592.956450000000000;
202511;4282;2004003065;COTAS;2711842.049999000000000;
202511;4844;2019000547;COTAS;3171962.931722000000000;
202511;4683;2022001338;VL_PG_RC;-18254.980000000000000;
202511;4248;2011001919;COTAS;182625146.589441000000000;03497804000136
202511;4221;2015001883;COTAS;85936.265742000000000;
202511;4282;2004003065;COTAS;4444320.209999000000000;
202511;4844;2019000547;TIT_PUB;60599629.570000000000000;
202511;4311;1997002256;COTAS;87980535.800000000000000;
202511;4844;9970000000;COTAS;1458065.466488000000000;
202511;4181;9970000000;VL_PG_RC;-4212.350000000000000;
202511;4892;2021000583;COTAS;18588520.633863000000000;
202511;4371;2005004911;VL_PG_RC;0.000000000000000;
202511;4311;9970000000;VL_PG_RC;0.000000000000000;
202511;4221;2015001883;COTAS;82690.317757000000000;
202511;4234;9970000000;COTAS;1007454.777881000000000;
202511;4409;2006000829;COTAS;59538648.100000000000000;19729240000150
202511;4707;2013000138;COTAS;4104622.800000000000000;
202511;4368;2005004211;VL_PG_RC;-33773.730000000000000;
202511;4248;2000001718;COTAS;627338153.350316000000000;12636386000101
202511;4409;9970000000;VL_PG_RC;0.000000000000000;
202511;4248;2000001718;COTAS;2282802.067036000000000;18936235000155
202511;4385;2005006311;COTAS;71102610.680009000000000;
202511;4707;2013002092;COTAS;42817837.159019000000000;
202511;4412;2006001329;COTAS;25213747.549992000000000;
202511;3887;1999004965;COTAS;2752383.278155000000000;
202511;4707;2013000138;COTAS;66220894.029812000000000;
202511;4203;2000001319;CAIXA;31951.560000000000000;
202511;4203;2000001556;ACOES;35696.830000000000000;
202511;4707;2013000138;COTAS;2704800.072727000000000;
202511;4707;2013000219;COTAS;4273649.684174000000000;
202511;4707;2013002092;COTAS;20885079.094620000000000;
202511;4203;2000002838;VL_PG_RC;35638650.750000000000000;
202511;4947;9970000000;COTAS;7638876.424759000000000;51869529000187
202511;4042;2000004792;COTAS;1659855.554064000000000;
202511;4385;2005006311;VL_PG_RC;-2166.440000000000000;
202511;4707;2013002092;VL_PG_RC;-918378.970000000000000;
202511;4042;2000004792;COTAS;43764421.119298000000000;
202511;4409;9970000000;CAIXA;24189.550000000000000;
202511;3887;9970000000;COTAS;36219.370011000000000;
202511;4426;2006003111;COTAS;95877333.909165000000000;
202511;4474;2006005774;COTAS;35262316.570000000000000;17913394000171
202511;4203;2000002838;COTAS;374614748.705503000000000;46171916000105
202511;4248;2000001718;VL_PG_RC;-6583.990000000000000;
202511;4707;2018001329;COTAS;2379543.670602000000000;
202511;4707;2018001892;COTAS;842384.556987000000000;
202511;4203;2000006574;COTAS;92335047.580793000000000;40189629000146
202511;4707;2018001329;COTAS;82971.273600000000000;
202511;4248;2009000838;COTAS;27688239.438068000000000;19602288000100
202511;4707;2013000219;COTAS;23683288.510900000000000;
202511;4042;2000004792;VL_PG_RC;0.000000000000000;
202511;4707;2019003856;COTAS;1000694.339803000000000;
202511;4501;9970000000;CAIXA;112982.050000000000000;
202511;4248;2011001919;COTAS;687968090.138944000000000;20726076000106
202511;4248;9970000000;CAIXA;34498.300000000000000;
202511;4707;2019003856;COTAS;418062.582562000000000;
202511;4042;9970000000;VL_PG_RC;0.000000000000000;
202511;4011;2000002129;COTAS;575607.970000000000000;
202511;4707;2019003856;COTAS;2417401.213902000000000;
202511;4426;2006003111;COTAS;1371480.000000000000000;
202511;4443;1982002018;COTAS;110988.114871000000000;
202511;4707;2020000474;COTAS;285901.168880000000000;
202511;4707;2020000474;COTAS;1600487.744971000000000;
202511;4011;2000002129;TIT_PUB;20542452.540000000000000;
202511;3304;1995002811;COTAS;513882.463352000000000;
202511;3304;2011001838;COTAS;321328.520315000000000;
202511;4707;2020000474;COTAS;823007.126770000000000;
202511;4282;2004003065;COTAS;686449.330001000000000;
202511;4087;2007000156;COTAS;608598522.789477000000000;10638696000130
202511;4282;2004003065;COTAS;1928858.580001000000000;
202511;4707;2020000474;COTAS;21556.497314000000000;
202511;4091;1974000338;VL_PG_RC;231835.330000000000000;
202511;4443;1988000947;VL_PG_RC;0.000000000000000;
202511;4368;2005004211;COTAS;51953213.006789000000000;
202511;4203;2004000929;OPERACAO_PARTICIPANTE;68151.040007068500000;
202511;4282;2004003065;COTAS;1579224.827316000000000;
202511;4707;2020000474;VL_PG_RC;-9848.050000000000000;
202511;4091;2002001529;COTAS;4001.101062000000000;
202511;4087;2007000156;VL_PG_RC;-32481.720000000000000;
202511;3304;2011001838;COTAS;3004483.269070000000000;
202511;4101;2002001847;COTAS;26828374.674088000000000;
202511;3304;2011001838;COTAS;57925.750649000000000;
202511;4707;2020002647;COTAS;505479.186062000000000;
202511;4203;2000006574;ACOES;261978.370000000000000;
202511;4707;2020002647;COTAS;2477628.190377000000000;
202511;4707;2013000219;COTAS;35222206.203201000000000;
202511;3321;1995002992;COTAS;0.089836000000000;
202511;4203;9970000000;COTAS;1207725.537194000000000;
202511;4311;2005002747;COTAS;7337292.580000000000000;
202511;4217;2006004638;CAIXA;3160.630000000000000;
202511;4529;2008002365;VL_PG_RC;-35652.060000000000000;
202511;4203;2000006574;COTAS;86380853.706205000000000;40189032000100
202511;4461;2006005065;CAIXA;993025.730000000000000;
202511;4443;1998002292;VL_PG_RC;0.000000000000000;
202511;4091;2004002492;COTAS;4349461.800000000000000;
202511;4707;2020002647;COTAS;2632974.208338000000000;
202511;4368;9970000000;COTAS;34486289.385636000000000;
202511;4515;2007003538;VL_PG_RC;0.000000000000000;
202511;4131;1981000811;COTAS;3257458.738958000000000;
202511;4368;9970000000;COTAS;39428630.347980000000000;
202511;4707;2013002092;COTAS;73079766.576256000000000;
202511;4461;9970000000;COTAS;518409.415238000000000;
202511;3321;1995002992;COTAS;10942730.653237000000000;
202511;4707;2020002647;COTAS;38639.997571000000000;
202511;4707;2020002647;COTAS;362256.906903000000000;
202511;4515;9970000000;VL_PG_RC;0.000000000000000;
202511;4203;2004000929;CAIXA;2013.380000000000000;
202511;4091;2004002492;TIT_PRIV;4977463.420000000000000;
202511;4131;1989001165;TIT_PUB;44341679.690000000000000;
202511;3321;1995002992;COTAS;22401308.090788000000000;
202511;4131;1993001018;CAIXA;45960.990000000000000;
202511;4707;2022001265;COTAS;7223192.816326000000000;
202511;4532;2008004856;COTAS;7550509.549975000000000;
202511;4221;2005000892;COTAS;3386644.579261000000000;
202511;4532;2008004856;COTAS;4107774.224939000000000;
202511;3321;1995002992;COTAS;317162.139540000000000;
202511;4101;2002001847;COTAS;39172889.911258000000000;31570069000184
202511;4501;2007002183;CAIXA;135109.790000000000000;
202511;4707;9970000000;COTAS;14630.680051000000000;
202511;4131;2008004538;COTAS;4693821.113183000000000;
202511;4707;2018001329;TIT_PUB;15595966.610000000000000;
202511;4532;2008004856;VL_PG_RC;0.000000000000000;
202511;4707;2020000474;COTAS;183702.604365000000000;
202511;4707;2022001265;COTAS;3768350.139617000000000;
202511;4707;2018001892;COTAS;587590.879991000000000;
202511;4724;2013000383;COTAS;260173609.930317000000000;
202511;4711;2018000519;VL_PG_RC;192.110000000000000;
202511;4203;2020002711;COTAS;25932.581090000000000;40170889000170
202511;4711;2019003538;COTAS;22591438.990441000000000;26324274000120
202511;4443;1982002018;COTAS;5157205.735848000000000;
202511;4724;2013000383;COTAS;138189585.615598000000000;42922268000120
202511;4529;2008002365;COTAS;5540453.508467000000000;
202511;4707;2022001265;COTAS;7776186.095875000000000;
202511;4546;2009000919;COTAS;7795060.546931000000000;
202511;3321;1995002992;TIT_PRIV;4611127.980000000000000;
202511;4546;2009000919;CAIXA;71944.300000000000000;
202511;4529;2008002365;COTAS;3900104.713305000000000;
202511;4738;2013001347;COTAS;14324081.251756000000000;
202511;4707;2018001892;COTAS;3067358.000919000000000;
202511;4741;2013001738;COTAS;123582172.355129000000000;58399655000164
202511;4577;2010001974;COTAS;500318.841666000000000;
202511;4741;2013001738;VL_PG_RC;-752.720000000000000;
202511;4221;2005000892;COTAS;14022549.352435000000000;
202511;4203;9970000000;COTAS;132857844.063578000000000;03102070000149
202511;4577;2010001974;COTAS;180338.953527000000000;
202511;4707;2018001892;COTAS;3090532.966562000000000;
202511;4594;2009003683;CAIXA;507387.440000000000000;
202511;4546;2009000919;VL_PG_RC;-134955.540000000000000;
202511;4217;2021003329;COTAS;4797614.451589000000000;
202511;4131;2023001218;COTAS;999.999637000000000;
202511;4755;2014000311;COTAS;15349502.193685000000000;
202511;4101;9970000000;VL_PG_RC;-1690.390000000000000;
202511;4529;2008002365;COTAS;11045621.425731000000000;
202511;4594;9970000000;COTAS;395276.240010000000000;
202511;4707;9970000000;COTAS;536246.665166000000000;
202511;4443;1982002018;TIT_PRIV;0.000000000000000;
202511;4604;2010002083;OPERACAO_PARTICIPANTE;6085300.525360777200000;
202511;4176;2018002392;COTAS;1188175.783427000000000;
202511;4649;2010003756;COTAS;7132631.189152000000000;50423703000109
202511;4532;2008004856;COTAS;7535769.863380000000000;
202511;4461;9970000000;COTAS;2213642.229189000000000;
202511;4755;2014000311;COTAS;54052743.891895000000000;62502136000157
202511;4203;2000002838;CAIXA;89859.410000000000000;
202511;4724;2013000383;COTAS;233128956.960473000000000;08070830000105
202511;4474;2006005774;VL_PG_RC;-14917218.160000000000000;
202511;4755;2015001247;COTAS;201490.142550000000000;
202511;4546;2009000919;COTAS;3669096.250032000000000;
202511;4217;2021003329;VL_PG_RC;-86487.470000000000000;
202511;3349;1995003638;COTAS;408877.904198000000000;
202511;4577;2008003892;COTAS;4102849.018874000000000;
202511;4577;2010001974;COTAS;2695557.080431000000000;
202511;4755;2015001247;COTAS;52056.085013000000000;
202511;4711;2008002047;COTAS;64051145.357565000000000;46975834000113
202511;4711;2014000638;COTAS;137424166.287933000000000;26324274000120
202511;4707;2020000474;COTAS;347350.288456000000000;
202511;4203;2000002838;COTAS;1097964671.239016000000000;40189280000142
202511;4577;2010001974;COTAS;1605616.869385000000000;
202511;4131;1981000811;COTAS;20977447.881152000000000;
202511;4707;2020002647;COTAS;681090.146930000000000;
202511;4221;2005000892;COTAS;1116073.359477000000000;
202511;3349;1995003638;COTAS;15643617.371900000000000;
202511;4724;2013000383;VL_PG_RC;8734488.130000000000000;
202511;4577;2010001974;COTAS;592384.948635000000000;
202511;4724;2013000618;COTAS;19559004.132838000000000;20155943000109
202511;4577;9970000000;COTAS;171134.106495000000000;
202511;4711;2018000519;COTAS;11054253.305790000000000;46975834000113
202511;4577;2008003892;COTAS;879401.852709000000000;
202511;4131;1989001165;COTAS;5344538.419392000000000;
202511;4203;2000006574;CAIXA;50001.890000000000000;
202511;4724;2013000618;ACOES;21593152.510000000000000;
202511;4131;1993001018;TIT_PUB;3304455.710000000000000;
202511;4724;2013000618;COTAS;135535308.781951000000000;
202511;4501;9970000000;COTAS;103459.872078000000000;19366069000161
202511;4203;2004000929;COTAS;988612.545721000000000;40189032000100
202511;4738;2013001347;COTAS;12953482.189713000000000;
202511;4221;2005000892;COTAS;2296131.559656000000000;
202511;4755;2015001247;VL_PG_RC;0.000000000000000;
202511;4769;2015000429;VL_PG_RC;-4879.290000000000000;
202511;4131;2017000647;COTAS;51484347.725706000000000;39665916000104
202511;4577;2010001974;COTAS;113641.676159000000000;
202511;4724;2013000618;VL_PG_RC;-209062.970000000000000;
202511;4217;2021003329;COTAS;4797642.682080000000000;
202511;4594;2009003683;VL_PG_RC;0.000000000000000;
202511;4786;2024000347;COTAS;534903.001311000000000;
202511;4221;2006004247;COTAS;2407557.468551000000000;
202511;4604;2010002083;TIT_PUB;25760391.160000000000000;
202511;4666;2021002756;VL_PG_RC;-759.680000000000000;
202511;4738;9970000000;COTAS;4319950.308078000000000;
202511;4581;1999000919;COTAS;2109855196.399968000000000;62192196000110
202511;4581;9970000000;COTAS;503798.364123000000000;20726178000121
202511;4724;2013000383;COTAS;226372932.351833000000000;20155943000109
202511;4683;2005000647;COTAS;96130.360756000000000;
202511;4581;9970000000;COTAS;811268.074408000000000;41837660000109
202511;4791;2016001283;COTAS;1841588.670000000000000;
202511;3349;1995003638;COTAS;17486200.818600000000000;
202511;4515;2007003538;COTAS;189676957.580010000000000;23216805000172
202511;4724;9970000000;TIT_PUB;34079571.750000000000000;
202511;4131;4003310047;VL_PG_RC;-29633.240000000000000;
202511;4707;2013000138;COTAS;27809205.201600000000000;
202511;4738;2013001347;COTAS;14144722.088966000000000;
202511;4221;2006004247;COTAS;11353214.576040000000000;
202511;4176;2004002883;COTAS;323912752.877506000000000;13401162000183
202511;4707;2013000138;COTAS;4156925.596401000000000;
202511;4529;2008002365;COTAS;1654707.117925000000000;
202511;4604;9970000000;COTAS;787977.536302000000000;
202511;4221;2005000892;OPERACAO_PARTICIPANTE;3587339.670095000000000;
202511;4738;2013001347;TIT_PUB;84474338.360000000000000;
202511;4221;2006004247;COTAS;2425579.093960000000000;
202511;4221;2011002419;COTAS;4242333.769095000000000;
202511;4724;2013000383;COTAS;342370184.344053000000000;41722175000190
202511;4176;2004002883;OPERACAO_PARTICIPANTE;133207506.536283999800000;
202511;4594;1989001629;CAIXA;96988.150000000000000;
202511;4618;9970000000;COTAS;3301586.110001000000000;19366021000153
202511;4594;9970000000;VL_PG_RC;0.000000000000000;
202511;4649;2010003756;OPERACAO_PARTICIPANTE;4985416.260000000000000;
202511;4738;2013001347;CAIXA;10082.090000000000000;
202511;4221;2006004247;COTAS;1178993.510494000000000;
202511;4741;9970000000;VL_PG_RC;-47.900000000000000;
202511;3349;1995003638;OPERACAO_PARTICIPANTE;17906666.110035035300000;
202511;4604;2010002083;COTAS;4986590.974696000000000;
202511;4529;2008002365;COTAS;6243637.589762000000000;
202511;4741;2013001738;COTAS;196160657.978357000000000;58808244000185
202511;4827;9970000000;VL_PG_RC;-1578.480000000000000;
202511;4741;2013001738;COTAS;317358460.698607000000000;58809176000179
202511;4666;2011000629;COTAS;152635390.715701000000000;59976184000172
202511;4707;2013000219;COTAS;53226072.014400000000000;
202511;4221;2012001629;VL_PG_RC;76850.110000000000000;
202511;4176;2018002392;COTAS;13243546.322786000000000;
202511;4666;2011000947;CAIXA;77289.740000000000000;
202511;4221;2011002419;VL_PG_RC;97548.950000000000000;
202511;3411;2006000292;VL_PG_RC;-7549.400000000000000;
202511;4532;2008004856;COTAS;13544170.223965000000000;
202511;4683;1990001165;COTAS;163167426.558639000000000;
202511;4176;2023000319;COTAS;22346216.837440000000000;17759357000150
202511;4831;1981000283;COTAS;-494130.503884000000000;
202511;3411;9970000000;COTAS;1169739.635679000000000;
202511;4604;2010002083;COTAS;8892766.907472000000000;
202511;4755;2020002574;CAIXA;471.060000000000000;
202511;4532;9970000000;CAIXA;29226.850000000000000;
202511;4741;9970000000;CAIXA;11063.590000000000000;
202511;4786;2018001019;CAIXA;312.730000000000000;
202511;4604;9970000000;CAIXA;2231.950000000000000;
202511;4707;2013000219;COTAS;7090697.290710000000000;
202511;4738;2021002519;COTAS;68786.016122000000000;
202511;4683;1990001165;COTAS;293240409.785466000000000;
202511;4181;2004000147;COTAS;5601278.891673000000000;
202511;4683;2019000792;COTAS;47559096.846689000000000;
202511;4707;2013000219;COTAS;8259565.479573000000000;
202511;4221;2012001874;COTAS;1619197.607600000000000;
202511;4755;2015001247;COTAS;210176.591706000000000;
202511;4707;2013000219;COTAS;5388607.242506000000000;
202511;4203;2000001319;COTAS;28259.644234000000000;
202511;4707;2013000219;COTAS;20937075.953565000000000;
202511;4546;2009000919;ACOES;126.410000000000000;
202511;4217;2022000374;COTAS;143263.750638000000000;11435287000107
202511;4755;2020002574;COTAS;131969.346491000000000;
202511;4203;2000001556;COTAS;184078.327252000000000;
202511;4831;1981000283;COTAS;302142.996000000000000;
202511;3411;9970000000;VL_PG_RC;-9.980000000000000;
202511;4604;9970000000;VL_PG_RC;-2697.150000000000000;
202511;4546;2009000919;COTAS;3060428.064485000000000;
202511;4217;2022000919;COTAS;3878562.117213000000000;
202511;4577;2008003892;COTAS;2276350.402944000000000;
202511;4217;2022002156;COTAS;2890681.174917000000000;
202511;4707;2013000138;COTAS;5672557.842148000000000;
202511;4707;2013000219;TIT_PUB;240411223.130000000000000;
202511;4831;1981000283;COTAS;43467612.300090000000000;15435379000130
202511;4707;2013002092;COTAS;50711073.387062000000000;
202511;4707;2013002092;COTAS;25360153.082329000000000;
202511;3438;1989001238;VL_PG_RC;0.000000000000000;
202511;4577;2008003892;COTAS;923422.845953000000000;
202511;4755;2020002574;VL_PG_RC;-0.040000000000000;
202511;4221;2012001874;COTAS;4252243.698611000000000;
202511;4221;2012001874;VL_PG_RC;391690.270000000000000;
202511;4577;2010001974;COTAS;1132509.033010000000000;
202511;4707;2018001329;COTAS;793902.789079000000000;
202511;4831;1988002729;IMOVEIS;820000.000000000000000;
202511;4707;2018001329;COTAS;47648.573361000000000;
202511;4707;2018001329;COTAS;2339887.833247000000000;
202511;4831;1993000429;CAIXA;52210.010000000000000;
202511;4217;2022002156;VL_PG_RC;-14011.850000000000000;
202511;4755;9970000000;COTAS;1920758.300718000000000;
202511;4738;9970000000;COTAS;28119.241277000000000;
202511;4707;2018001892;COTAS;645347.554400000000000;
202511;4221;2015001883;VL_PG_RC;19491.820000000000000;
202511;4755;9970000000;COTAS;1479944.764594000000000;62502136000157
202511;4221;2005000892;COTAS;1257894.858850000000000;
202511;4707;2019003856;COTAS;130292.568327000000000;
202511;4577;2010001974;COTAS;248228.411224000000000;
202511;3438;1999001729;CAIXA;249105.760000000000000;
202511;4221;9970000000;CAIXA;149051.170000000000000;
202511;4234;2004002956;CAIXA;91976.300000000000000;
202511;4831;1998003647;COTAS;149280209.509049000000000;15435379000130
202511;4786;2018001019;COTAS;45129.000046000000000;
202511;4221;2012001629;COTAS;5898400.399150000000000;
202511;4221;2012001629;COTAS;475548.856741000000000;
202511;3438;2000000118;VL_PG_RC;0.000000000000000;
202511;4221;2012001629;OPERACAO_PARTICIPANTE;356402.427792000000000;
202511;4707;2018001329;COTAS;4488366.452103000000000;
202511;4577;2010001974;OPERACAO_PARTICIPANTE;1373682.510000000000000;
202511;4581;1999000919;VL_PG_RC;-195332.570000000000000;
202511;4221;2015001883;COTAS;548905.874193000000000;
202511;3438;2001002092;VL_PG_RC;-41546.920000000000000;
202511;4221;2012001874;COTAS;19581407.148736000000000;
202511;4769;2015000429;COTAS;2056392.686906000000000;
202511;4221;2012001874;COTAS;2246096.373961000000000;
202511;4707;2018001329;COTAS;434443.743949000000000;
202511;4618;2009002474;COTAS;104162070.680000000000000;19366021000153
202511;4248;2009000838;COTAS;16081269.560607000000000;55198628000135
202511;4741;2013001738;CAIXA;3527878.980000000000000;
202511;4581;9970000000;COTAS;986127.802872000000000;41687175000104
202511;3438;2002002118;OPERACAO_PARTICIPANTE;307039.990000000000000;
202511;4786;2016000856;COTAS;2634055.997517000000000;
202511;4786;2018001019;COTAS;34625.000014000000000;
202511;4203;2000001556;TIT_PRIV;25572323.910000000000000;
202511;4831;2020000611;COTAS;2981832.373382000000000;
202511;4786;2024000347;COTAS;97704.000024000000000;
202511;4618;2009002474;VL_PG_RC;0.000000000000000;
202511;4707;2020000474;COTAS;164563.533954000000000;
202511;4618;2009002474;CAIXA;495356.400000000000000;
202511;4221;2012001874;OPERACAO_PARTICIPANTE;1386289.002660000000000;
202511;4741;2013001738;COTAS;688175277.980639000000000;59068994000120
202511;4786;2024000347;VL_PG_RC;-93.960000000000000;
202511;4621;2010002318;OPERACAO_PARTICIPANTE;10640.630000000000000;
202511;4707;2018001892;COTAS;194926.026561000000000;
202511;4755;2014000311;COTAS;7481.545803000000000;
202511;4786;2019000611;COTAS;108794.000105000000000;
202511;4248;2009000838;COTAS;80533190.580525000000000;08035716000136
202511;4707;2018001892;COTAS;1363050.354654000000000;
202511;4248;2011001919;COTAS;1184806229.183646000000000;18936232000111
202511;3438;2005002992;COTAS;109809153.764311000000000;
202511;4203;2000006574;TIT_PRIV;372965622.160000000000000;
202511;4755;2020002574;COTAS;108456.282462000000000;
202511;4203;2020002711;CAIXA;363.310000000000000;
202511;4707;2020002647;COTAS;363322.972200000000000;
202511;3438;2006002211;COTAS;78866590.539999000000000;13863699000165
202511;4621;2010005392;VL_PG_RC;-78236.620000000000000;
202511;4707;2018001892;VL_PG_RC;-24397.910000000000000;
202511;4221;2015001883;COTAS;81950.931829000000000;
202511;4618;9970000000;CAIXA;570948.550000000000000;
202511;4217;2024000738;VL_PG_RC;0.000000000000000;
202511;4248;2011001919;COTAS;515156108.463268000000000;20726061000148
202511;4221;2015001883;OPERACAO_PARTICIPANTE;41192.440000000000000;
202511;4831;2020000611;TIT_PRIV;2354466.950000000000000;
202511;4786;2024000347;COTAS;479434.999998000000000;
202511;4786;9970000000;CAIXA;1022.160000000000000;
202511;4707;2020000474;COTAS;217221.871974000000000;
202511;4858;2018002211;COTAS;65409.464289000000000;
202511;4621;2010005392;CAIXA;248.820000000000000;
202511;4248;2011001919;COTAS;331694068.160844000000000;36518029000107
202511;3438;2006002856;VL_PG_RC;0.000000000000000;
202511;4786;9970000000;COTAS;1993248.000518000000000;
202511;4217;9970000000;COTAS;188643.333646000000000;11435287000107
202511;4755;9970000000;COTAS;2095285.314267000000000;
202511;4248;2011001919;COTAS;26848571.531245000000000;52350495000182
202511;4652;2010004574;COTAS;98684396.539999000000000;08998851000187
202511;4221;2006004247;CAIXA;145685.450000000000000;
202511;3438;2007001111;CAIXA;92703.280000000000000;
202511;4786;9970000000;COTAS;56891.000000000000000;
202511;4786;2018001019;COTAS;4462911.001161000000000;
202511;4621;2011001765;OPERACAO_PARTICIPANTE;332329.550000000000000;
202511;4248;2020001683;CAIXA;7539.000000000000000;
202511;3438;2007001438;COTAS;31709304.320000000000000;
202511;4707;2020000474;TIT_PUB;6289043.530000000000000;
202511;4652;2010004574;CAIXA;17626.050000000000000;
202511;4707;2020002647;COTAS;3135096.283904000000000;
202511;4221;2006004247;COTAS;1225274.038906000000000;
202511;3438;2009003519;COTAS;4104634.673846000000000;
202511;4221;2006004247;COTAS;1107534.915510000000000;
202511;4707;2020002647;COTAS;3456100.372107000000000;
202511;4279;2004002711;COTAS;365986001.867480000000000;24249941000121
202511;4791;2016001283;COTAS;9262570.770779000000000;
202511;4786;9970000000;COTAS;393032.000181000000000;
202511;4791;2016001283;COTAS;2410993.530000000000000;
202511;3438;2009003519;COTAS;23897206.250000000000000;05482325000171
202511;4652;2010004574;VL_PG_RC;-164576.000000000000000;
202511;4791;2016001283;COTAS;3020870.250000000000000;
202511;4801;2016001518;COTAS;7066371.166521000000000;
202511;4786;2019000611;COTAS;41978.999962000000000;
202511;4248;2000001718;OPERACAO_PARTICIPANTE;646438.019910959000000;
202511;4707;2020002647;TIT_PUB;10895798.760000000000000;
202511;4221;2011002419;COTAS;600591.150098000000000;
202511;4707;2020002647;VL_PG_RC;-16941.080000000000000;
202511;4707;2022001265;COTAS;4610783.432759000000000;
202511;4248;2011001919;COTAS;153202047.945681000000000;
202511;4707;2022001265;COTAS;769975.123584000000000;
202511;4801;9970000000;COTAS;4586864.120010000000000;
202511;4801;9970000000;COTAS;1670986.830436000000000;
202511;4707;2022001265;COTAS;7243228.045410000000000;
202511;4711;2019003538;COTAS;2789597.915575000000000;46975866000119
202511;4724;2013000618;COTAS;16855512.180000000000000;
202511;4801;9970000000;VL_PG_RC;0.000000000000000;
202511;4711;2008001938;COTAS;2338785582.945360000000000;26324274000120
202511;4652;2010004574;COTAS;99406413.540005000000000;49465951000125
202511;4786;2019000611;VL_PG_RC;-454.910000000000000;
202511;4282;2004003065;COTAS;3800017.850006000000000;
202511;4791;2016001283;TIT_PUB;175837290.710000000000000;
202511;4279;9970000000;COTAS;16294847.135370000000000;
202511;4711;2018000519;COTAS;3446184.180378000000000;46975866000119
202511;4801;2016001518;COTAS;9867048.899997000000000;
202511;4282;2004003065;COTAS;1845906.070157000000000;
202511;4711;2019003538;CAIXA;21099.500000000000000;
202511;4248;2011001919;COTAS;108425088.025398000000000;03079923000179
202511;4282;2004003065;COTAS;1511058.190043000000000;
202511;4813;9970000000;COTAS;3184057.711747000000000;
202511;4724;2013000618;COTAS;15765398.179928000000000;42922268000120
202511;4248;2011001919;COTAS;51883972.781936000000000;32240211000198
202511;3438;2009003519;COTAS;202852250.180001000000000;11110873000173
202511;4724;2013000618;COTAS;24552866.052242000000000;
202511;3438;2010005465;COTAS;23071173.080001000000000;25423301000159
202511;4801;9970000000;COTAS;70304.570003000000000;
202511;3438;2013001983;COTAS;941710.531869000000000;
202511;4282;9970000000;CAIXA;312090.870000000000000;
202511;4666;9970000000;CAIXA;401567.060000000000000;
202511;4652;9970000000;VL_PG_RC;0.000000000000000;
202511;4801;9970000000;COTAS;2561200.700017000000000;
202511;3438;2016002018;COTAS;2359127.165579000000000;
202511;4801;9970000000;COTAS;239695.479989000000000;
202511;4311;1997002256;CAIXA;539.500000000000000;
202511;4724;2013000618;OPERACAO_PARTICIPANTE;26788623.011246547000000;
202511;4248;2020001683;COTAS;52470968.117513000000000;18936235000155
202511;3438;2020002183;COTAS;22980441.289669000000000;
202511;4368;9970000000;CAIXA;644520.580000000000000;
202511;3438;2020002183;OPERACAO_PARTICIPANTE;488081.920000000000000;
202511;4724;9970000000;VL_PG_RC;-1763.640000000000000;
202511;4738;2013001347;COTAS;221103.098566000000000;
202511;3438;2021002047;CAIXA;0.000000000000000;
202511;4786;2024000347;CAIXA;3357.210000000000000;
202511;4282;2004003065;COTAS;1055037.210001000000000;
202511;4786;2024000347;COTAS;97755.000008000000000;
202511;4666;9970000000;VL_PG_RC;-605.330000000000000;
202511;3438;2021002438;COTAS;14721203.562746000000000;
202511;4666;2011000629;COTAS;61576338.966397000000000;
202511;4248;2020001683;COTAS;3779656.602814000000000;19602288000100
202511;4279;2016001992;COTAS;793899.564819000000000;
202511;4827;2018002465;COTAS;656099.640000000000000;
202511;4234;2004002956;COTAS;65959867.065862000000000;32812263000191
202511;4683;1990001165;TIT_PUB;138692696.550000000000000;
202511;4368;2005004211;COTAS;111804607.173559000000000;11392037000129
202511;4831;1974000583;CAIXA;32931.670000000000000;
202511;4279;2018000111;COTAS;1143642.396736000000000;24249941000121
202511;4738;2021002519;COTAS;99708.091025000000000;
202511;4385;2005006311;COTAS;76500553.700000000000000;
202511;4738;2021002519;COTAS;108314.915350000000000;
202511;4683;2005000647;COTAS;36318164.538453000000000;
202511;4248;2011001919;COTAS;88727456.225639000000000;19602288000100
202511;4368;2005004211;COTAS;348850863.065262000000000;47541133000139
202511;4738;2021002519;VL_PG_RC;0.000000000000000;
202511;4282;2004003065;COTAS;1123335.750001000000000;
202511;4738;9970000000;CAIXA;22046.300000000000000;
202511;4409;9970000000;COTAS;1745732.200030000000000;
202511;4791;2016001283;COTAS;1472368.380090000000000;
202511;4282;9970000000;VL_PG_RC;-2000.000000000000000;
202511;4707;2013000219;COTAS;9299889.604407000000000;
202511;4666;2011000629;COTAS;45924265.482087000000000;59982154000179
202511;4707;2013000219;OPERACAO_PARTICIPANTE;2895243.664545663700000;
202511;4741;2013001738;COTAS;1097033475.397644000000000;58736115000129
202511;4741;2013001738;COTAS;186172920.022304000000000;58806326000190
202511;4666;2011000947;COTAS;89534905.813169000000000;59976184000172
202511;4248;2011001919;VL_PG_RC;-89941.810000000000000;
202511;3438;2021002438;COTAS;5600965.165298000000000;
202511;4385;9970000000;CAIXA;878.330000000000000;
202511;3527;1996002619;COTAS;2670824.602787000000000;
202511;4741;9970000000;COTAS;5961031.492375000000000;
202511;4801;2016001518;COTAS;28592408.296483000000000;
202511;4412;2006001329;COTAS;3993693.109583000000000;
202511;4426;2006003111;ALUGUEL;2808384.000000000000000;
202511;4741;2013001738;COTAS;284467156.311569000000000;63660907000105
202511;4827;2018002465;COTAS;10299238.661706000000000;
202511;4755;2014000311;COTAS;1262477.796095000000000;
202511;4311;1997002256;VL_PG_RC;0.000000000000000;
202511;4741;9970000000;COTAS;26194742.250786000000000;63660907000105
202511;4311;2005002747;CAIXA;539.500000000000000;
202511;4769;9970000000;COTAS;6474620.686838000000000;
202511;4827;2018002465;COTAS;1946620.375498000000000;
202511;4831;1998003647;COTAS;30478704.459151000000000;37452344000141
202511;4368;2005004211;CAIXA;606247.400000000000000;
202511;4707;2013002092;COTAS;56726998.818480000000000;
202511;4827;2022002611;VL_PG_RC;-2306.410000000000000;
202511;4831;2019001829;COTAS;42362816.037562000000000;37452344000141
202511;4831;1998003647;IMOVEIS;13745289.490000000000000;
202511;4755;2014000311;COTAS;6072365.161608000000000;
202511;3527;2020001365;COTAS;11568015.182504000000000;
202511;4801;2016001518;COTAS;8500946.370076000000000;
202511;4844;2019000547;COTAS;3041240.088574000000000;
202511;4368;9970000000;VL_PG_RC;-4147.550000000000000;
202511;4844;9970000000;COTAS;320976.695584000000000;
202511;4755;2014000311;VL_PG_RC;0.020000000000000;
202511;4801;2021000818;COTAS;4987460.891297000000000;
202511;3527;2020001756;COTAS;4078550.977477000000000;
202511;4769;2015000429;COTAS;1099348.091737000000000;
202511;4412;2006001329;COTAS;15559287.869219000000000;
202511;4412;2006001329;COTAS;11672295.560001000000000;
202511;4666;2021002756;CAIXA;4225746.430000000000000;
202511;4683;2004002311;VL_PG_RC;-12988.700000000000000;
202511;4412;2006001329;COTAS;46248285.860000000000000;46246589000103
202511;4426;2006003111;COTAS;422461.806373000000000;
202511;4683;2005000647;COTAS;1914186.649102000000000;
202511;4769;2015000429;COTAS;137405068.630245000000000;55536644000190
202511;4827;2018002465;COTAS;15752318.266119000000000;
202511;4786;2018001019;COTAS;617739.999999000000000;
202511;4412;2006001329;VL_PG_RC;639048.530000000000000;
202511;4707;2013002092;COTAS;55965571.943718000000000;
202511;4707;2013002092;COTAS;12348134.042206000000000;
202511;4426;2006003111;TIT_PUB;81353741.800000000000000;
202511;4371;2005004911;CAIXA;0.000000000000000;
202511;4844;9970000000;VL_PG_RC;-2118.840000000000000;
202511;4385;2005006311;CAIXA;88752.100000000000000;
202511;4831;2006006811;VL_PG_RC;4588094.880000000000000;
202511;4426;2007002329;ALUGUEL;19325315.800000000000000;
202511;4831;2019001829;COTAS;10319789.667342000000000;
202511;4707;2018001329;COTAS;4586182.762943000000000;
202511;4443;1982002018;COTAS;118235481.431360000000000;12581016000114
202511;4861;9970000000;CAIXA;42104.550000000000000;
202511;4426;2007002329;CAIXA;772390.070000000000000;
202511;4831;2019001829;COTAS;93395928.224445000000000;20468746000131
202511;4786;2018001019;COTAS;32688.000001000000000;
202511;4707;2018001329;VL_PG_RC;-25736.210000000000000;
202511;4443;9970000000;COTAS;5793543.746135000000000;
202511;4707;2019003856;COTAS;1504736.564896000000000;
202511;4707;2020000474;COTAS;353494.158756000000000;
202511;4385;9970000000;COTAS;7118809.769991000000000;
202511;4831;2020000611;COTAS;-3734.268498000000000;
202511;4443;1982002018;COTAS;497880032.674438000000000;12580631000106
202511;4248;2014001847;OPERACAO_PARTICIPANTE;490676.210000000000000;
202511;4248;2020001683;COTAS;1142726.356584000000000;03079923000179
202511;4461;2006005065;COTAS;986560530.549996000000000;08648690000100
202511;4769;2021001083;VL_PG_RC;-0.120000000000000;
202511;4385;9970000000;VL_PG_RC;0.000000000000000;
202511;4786;2016000856;VL_PG_RC;-4452.870000000000000;
202511;4875;2020002329;VL_PG_RC;-32633.520000000000000;
202511;4707;2020000474;COTAS;513189.385704000000000;
202511;4461;2006005065;VL_PG_RC;0.000000000000000;
202511;4875;9970000000;VL_PG_RC;-2508.930000000000000;
202511;4683;2005000647;VL_PG_RC;-89911.990000000000000;
202511;3531;1996003038;COTAS;47316655.613660000000000;41252712000185
202511;4786;2019000611;COTAS;869432.999998000000000;
202511;4827;2018002465;COTAS;3251731.368139000000000;
202511;4529;2008002365;COTAS;1678841.994309000000000;
202511;4786;2019000611;COTAS;694541.999998000000000;
202511;4409;2006000829;COTAS;3506649.810004000000000;
202511;4529;9970000000;CAIXA;5198.470000000000000;
202511;4786;9970000000;COTAS;977674.999998000000000;
202511;4827;2019003465;CAIXA;22204.540000000000000;
202511;4532;2008004856;COTAS;4113869.618046000000000;
202511;4831;9970000000;CAIXA;333613.410000000000000;
202511;4248;2020001683;COTAS;14313754.613480000000000;20726076000106
202511;4577;2008003892;ACOES;11179852.820000000000000;
202511;4831;1974000583;OPERACAO_PARTICIPANTE;2118484.359936574100000;
202511;4831;1998003647;COTAS;82446784.456555000000000;42774842000140
202511;4844;2019000547;COTAS;1402815.833476000000000;
202511;4861;9970000000;VL_PG_RC;-1684.310000000000000;
202511;4461;9970000000;COTAS;600519.912785000000000;
202511;4707;2013002092;COTAS;14651338.747175000000000;
202511;4831;2006006811;COTAS;14184544.247730000000000;42774871000102
202511;4831;2006006811;IMOVEIS;6786357.630000000000000;
202511;4831;2019001829;COTAS;98120619.794616000000000;42774871000102
202511;4791;2016001283;COTAS;2690299.100001000000000;
202511;4412;2006001329;COTAS;32259183.419755000000000;
202511;4248;2020001683;COTAS;1620806.297375000000000;36518029000107
202511;4791;9970000000;COTAS;350444.720000000000000;
202511;4577;2008003892;COTAS;20144405.451476000000000;
202511;3531;9970000000;VL_PG_RC;-80.840000000000000;
202511;3602;1979000638;COTAS;14806531.941624000000000;
202511;4707;2013002092;TIT_PUB;291602703.000000000000000;
202511;4248;2020001683;VL_PG_RC;65515.780000000000000;
202511;4831;2020000611;COTAS;333947.223520000000000;
202511;4831;2020000611;OPERACAO_PARTICIPANTE;2160850.419915831200000;
202511;4248;9970000000;VL_PG_RC;-4608.160000000000000;
202511;4279;2004002711;COTAS;20643972.577036000000000;
202511;4791;9970000000;COTAS;2309562.139998000000000;
202511;4412;9970000000;VL_PG_RC;-617666.990000000000000;
202511;4577;2008003892;COTAS;21616414.091790000000000;
202511;4707;2020002647;COTAS;1243577.113362000000000;
202511;3602;2009000511;COTAS;3588597.669417000000000;03833841000178
202511;4707;2020002647;COTAS;217221.871974000000000;
202511;4801;2016001518;COTAS;48519477.789439000000000;
202511;4707;2018001329;COTAS;1624721.685138000000000;
202511;4844;2019000547;COTAS;7673788.877505000000000;
202511;4707;2018001329;COTAS;167504.029463000000000;
202511;4461;9970000000;VL_PG_RC;834.820000000000000;
202511;4577;2008003892;COTAS;14306259.678857000000000;
202511;4801;2016001518;COTAS;8774711.999971000000000;
202511;4707;2018001892;COTAS;596607.373190000000000;
202511;4875;2020002329;CAIXA;888.250000000000000;
202511;3602;2011001692;COTAS;1193790.471913000000000;
202511;4707;9970000000;COTAS;26025578.334832000000000;
202511;4858;2018002211;COTAS;71610.702741000000000;
202511;4707;2019003856;COTAS;460894.897300000000000;
202511;4707;2020000474;COTAS;106416.177890000000000;
202511;4791;9970000000;VL_PG_RC;-2943.520000000000000;
202511;4426;2006003111;COTAS;427706.355668000000000;
202511;4707;9970000000;COTAS;6581570.033939000000000;
202511;4711;2008002047;COTAS;22571712.763158000000000;46975866000119
202511;4827;2019003465;COTAS;10739903.026416000000000;
202511;4801;2016001518;COTAS;11929588.209999000000000;
202511;4577;2008003892;VL_PG_RC;-164315.060000000000000;
202511;4426;2007002329;ACOES;30389552.520000000000000;
202511;4711;2008001938;CAIXA;13822.930000000000000;
202511;4827;2022002611;COTAS;1595311.438611000000000;
202511;4581;1999000919;COTAS;3371511590.556680000000000;62191155000100
202511;4711;2008002047;VL_PG_RC;368.240000000000000;
202511;4801;9970000000;COTAS;2595.590000000000000;
202511;4279;2004002711;COTAS;1113029221.534845000000000;24249995000197
202511;4581;1999000919;COTAS;121723976.511820000000000;62192415000161
202511;4813;2017000965;COTAS;16869911.002681000000000;
202511;4711;2014000638;COTAS;22326558.221997000000000;46975834000113
202511;4724;2013000383;COTAS;176904770.790000000000000;
202511;3602;2020002965;COTAS;445569.262490000000000;62655118000105
202511;4875;9970000000;CAIXA;51274.780000000000000;
202511;4892;2021002829;CAIXA;114663.070000000000000;
202511;4594;1989001629;VL_PG_RC;0.000000000000000;
202511;4724;2013000383;TIT_PRIV;9366739.890000000000000;
202511;4892;9970000000;COTAS;5039089.575547000000000;
202511;4594;2009003683;COTAS;601351667.761110000000000;29045652000124
202511;4858;2018002211;TIT_PUB;321586.560000000000000;
202511;4947;1996003747;COTAS;44388026.908406000000000;
202511;4426;2007002329;COTAS;2215864.897213000000000;
202511;4831;2006006811;COTAS;327957172.073312000000000;20468746000131
202511;4831;1993000429;COTAS;933885.382868000000000;
202511;4831;1998003647;CAIXA;286151.970000000000000;
202511;4858;9970000000;VL_PG_RC;0.000000000000000;
202511;4279;2016001992;COTAS;42468756.755997000000000;24249941000121
202511;4426;9970000000;COTAS;6104641.213422000000000;
202511;4831;1998003647;COTAS;466941732.762764000000000;20468585000186
202511;3647;1997001829;COTAS;5773537.759325000000000;
202511;4604;2010002083;COTAS;5724380.223495000000000;
202511;3678;1989000819;COTAS;248871268.639999000000000;21053457000134
202511;4724;2013000618;TIT_PUB;966056034.310000000000000;
202511;3811;1998004783;CAIXA;98553.350000000000000;
202511;4724;2013000618;COTAS;23010418.558231000000000;08070830000105
202511;4461;9970000000;CAIXA;39425.500000000000000;
202511;4831;2019001829;COTAS;54944715.541627000000000;42774842000140
202511;4461;9970000000;COTAS;633176.888898000000000;
202511;4831;9970000000;VL_PG_RC;876935.660000000000000;
202511;4947;1996003747;COTAS;287091629.487274000000000;51761747000101
202511;4844;2019000547;COTAS;3830140.616686000000000;
202511;4474;2006005774;COTAS;26498630.529999000000000;25316471000134
202511;4604;2010002083;COTAS;3605141.440384000000000;
202511;4831;2006006811;COTAS;-12910.275220000000000;
202511;4875;2020002329;TIT_PRIV;1523514.280000000000000;
202511;4831;2019001829;COTAS;1125571.166407000000000;
202511;4738;2013001347;COTAS;12019211.589422000000000;
202511;3825;1989001874;COTAS;34733128.631485000000000;
202511;4844;2019000547;COTAS;14209095.374813000000000;
202511;4738;2013001347;COTAS;42461821.368335000000000;
202511;4831;2019001829;VL_PG_RC;-779347.890000000000000;
202511;4738;9970000000;COTAS;3358153.770304000000000;
202511;4844;2019000547;VL_PG_RC;-5863.210000000000000;
202511;4529;2008002365;COTAS;6652317.420781000000000;
202511;3825;1993001638;VL_PG_RC;0.000000000000000;
202511;3825;1993001956;COTAS;3127150.591847000000000;
202511;4546;9970000000;VL_PG_RC;0.000000000000000;
202511;4649;2010003756;COTAS;170484523.137371000000000;50424405000125
202511;4755;2015001247;TIT_PUB;221735.170000000000000;
202511;4649;9970000000;CAIXA;50885.370000000000000;
202511;4546;2009000919;COTAS;5106752.074541000000000;
202511;4769;2015000429;COTAS;3739350.538796000000000;
202511;3825;1996001574;COTAS;15098018.256130000000000;
202511;4769;9970000000;COTAS;6339292.385594000000000;
202511;4786;2016000856;CAIXA;201.560000000000000;
202511;4844;9970000000;COTAS;2723178.044862000000000;
202511;4666;9970000000;COTAS;7816127.851280000000000;
202511;4786;2016000856;COTAS;7070521.000020000000000;
202511;4577;2008003892;CAIXA;578766.520000000000000;
202511;4581;9970000000;CAIXA;42173.780000000000000;
202511;4683;1990001165;COTAS;506690135.970674000000000;29055966000108
202511;3825;1997000229;COTAS;5624738.996971000000000;
202511;3825;1997002574;CAIXA;4313.140000000000000;
202511;4844;9970000000;COTAS;1353213.884934000000000;
202511;4683;2004002311;CAIXA;1398.630000000000000;
202511;4604;2010002083;COTAS;240241.161808000000000;
202511;4875;2020002329;TIT_PUB;109957377.030000000000000;
202511;4741;2013001738;COTAS;17418854.380450000000000;
202511;4741;2013001738;COTAS;289588994.325233000000000;58807091000151
202511;4279;2016001992;VL_PG_RC;-75301.180000000000000;
202511;4279;2018000111;CAIXA;9786.150000000000000;
202511;4892;2021000583;TIT_PUB;43418073.230000000000000;
202511;4683;2007002965;CAIXA;1062.670000000000000;
202511;3825;1997003783;COTAS;706188.038892000000000;
202511;4755;2014000311;CAIXA;87369.950000000000000;
202511;4604;2010002083;COTAS;12085376.031062000000000;
202511;4604;2010002083;COTAS;205749599.553236000000000;
202511;4892;2021002829;COTAS;1081726.062518000000000;
202511;4858;2018002211;COTAS;519310.875720000000000;
202511;4666;2011000629;COTAS;88597006.389958000000000;
202511;4755;2015001247;COTAS;172287.332712000000000;
202511;4831;2020000611;COTAS;10290.569598000000000;
202511;3825;1998004619;COTAS;36163832.983457000000000;
202511;4947;1996003747;COTAS;100776046.611796000000000;
202511;4861;2019000474;COTAS;50313595.499999000000000;
202511;4786;2016000856;COTAS;4127380.001908000000000;
202511;4683;2008000818;COTAS;20782675.563206000000000;27696713000198
202511;4755;2015001247;COTAS;1150889.501609000000000;62502136000157
202511;4786;2018001019;COTAS;57326.000000000000000;
202511;4279;2018000111;COTAS;17464806.726524000000000;24249979000102
202511;4282;2004003065;COTAS;3924133.720012000000000;
202511;4282;2004003065;COTAS;5275982.510001000000000;
202511;4282;2004003065;COTAS;321516780.257512000000000;08983443000151
202511;4368;2005004211;COTAS;51938216.615535000000000;
202511;4947;1996003747;COTAS;117341303.390236000000000;46685249000189
202511;4666;2011000629;VL_PG_RC;2413683.290000000000000;
202511;4683;2022001338;COTAS;1065723.395418000000000;
202511;4581;1999000919;IMOVEIS;1108000.000000000000000;
202511;4831;2020000611;COTAS;6001612.743469000000000;15435379000130
202511;4368;2005004211;COTAS;409507346.281204000000000;47541085000189
202511;4409;2006000829;COTAS;79539.960000000000000;
202511;3825;1999005074;COTAS;174611.630325000000000;
202511;3825;1999005074;COTAS;743311.695153000000000;
202511;4666;2021002756;COTAS;15015076.363892000000000;59982154000179
202511;3825;2004000211;COTAS;68829468.117947000000000;
202511;4769;2015000429;COTAS;12005432.078710000000000;
202511;4683;1990001165;CAIXA;31986349.710000000000000;
202511;4892;2021000583;COTAS;2555886.505776000000000;
202511;4604;2010002083;COTAS;14438965.985561000000000;
202511;4831;2025000138;VL_PG_RC;-0.010000000000000;
202511;4786;2019000611;COTAS;157115.999999000000000;
202511;4412;2006001329;COTAS;42826050.200343000000000;59383135000126
202511;3825;2012002056;COTAS;1194750.727654000000000;
202511;4621;2011001765;CAIXA;6662.730000000000000;
202511;4844;2019000547;COTAS;7233110.550520000000000;
202511;4861;2019000474;COTAS;3920424.999932000000000;
202511;3825;2015000119;COTAS;5560584.010479000000000;
202511;4683;1990001165;COTAS;4806518.042151000000000;
202511;4683;9970000000;VL_PG_RC;0.000000000000000;
202511;4707;2013000138;COTAS;3473364.308137000000000;
202511;3825;2020003211;VL_PG_RC;0.000000000000000;
202511;4621;2022002318;CAIXA;0.000000000000000;
202511;4769;2015000429;TIT_PUB;162789940.380000000000000;
202511;4786;2019000611;COTAS;63755.999999000000000;
202511;4683;2004002311;COTAS;208347.163696000000000;
202511;3825;2021001611;COTAS;31063195.780353000000000;
202511;4707;2013000138;COTAS;43113971.385074000000000;
202511;3825;9970000000;VL_PG_RC;0.000000000000000;
202511;4683;2022001338;COTAS;881161.392406000000000;
202511;3839;2009001583;COTAS;1787661.319810000000000;
202511;3839;2009001583;COTAS;174601.304791000000000;
202511;4786;2019000611;COTAS;694780.999997000000000;
202511;4683;2022001338;COTAS;8288640.820497000000000;
202511;4707;2013000138;COTAS;82081626.676217000000000;
202511;4683;9970000000;COTAS;11235220.566775000000000;
202511;3861;1993001719;COTAS;22598249.706189000000000;
202511;3861;1993001719;COTAS;35354434.629607000000000;
202511;4652;2024000029;CAIXA;14425.600000000000000;
202511;4707;2013000138;COTAS;1822230.121092000000000;
202511;4769;9970000000;COTAS;5206200.449890000000000;
202511;4652;9970000000;CAIXA;3932.500000000000000;
202511;3887;1999004965;TIT_PRIV;25173864.260000000000000;
202511;4707;2013000138;COTAS;14205386.844854000000000;
202511;4707;2013000138;COTAS;30538670.808772000000000;
202511;4786;2016000856;COTAS;29635373.000002000000000;
202511;4666;2011000629;CAIXA;1180054.730000000000000;
202511;4786;2016000856;COTAS;72714605.018931000000000;
202511;4786;2019000611;COTAS;178653.000000000000000;
202511;3928;1999001265;COTAS;442595.838093000000000;
202511;4791;2016001283;COTAS;5179335.000000000000000;
202511;4707;2013000219;COTAS;51304489.298531000000000;
202511;4707;2013000138;VL_PG_RC;-752195.510000000000000;
202511;4707;2013000219;COTAS;54335846.584575000000000;
202511;4786;2018001019;COTAS;1574467.999156000000000;
202511;4707;2013002092;COTAS;17232905.921000000000000;
202511;4011;2000002056;COTAS;384900.485125000000000;
202511;4791;2016001283;COTAS;3011274.950002000000000;
202511;4011;2014001456;CAIXA;8592.540000000000000;
202511;4707;2013000219;COTAS;281138.630167000000000;
202511;4707;2013002092;COTAS;9477797.737010000000000;
202511;4666;2011000947;COTAS;26637882.845357000000000;59982154000179
202511;4707;2013000219;COTAS;22032049.073000000000000;
202511;4707;2013002092;COTAS;4262409.713149000000000;
202511;4791;2020001047;CAIXA;30324.100000000000000;
202511;4707;2013002092;COTAS;34614885.876402000000000;
202511;4786;2018001019;COTAS;339781.999965000000000;
202511;4707;2013000219;VL_PG_RC;-796347.770000000000000;
202511;4707;2018001892;COTAS;2133932.066207000000000;
202511;4707;2013002092;CAIXA;63016.270000000000000;
202511;4707;2018001892;COTAS;284005.183503000000000;
202511;4707;2013002092;COTAS;5458715.150000000000000;
202511;4707;2019003856;COTAS;3788693.174389000000000;
202511;4791;9970000000;COTAS;1109541.600002000000000;
202511;4707;2013002092;COTAS;24180168.516448000000000;
202511;4707;2020000474;COTAS;1020472.705074000000000;
202511;4791;9970000000;COTAS;1881047.449999000000000;
202511;4786;2018001019;COTAS;62398.000000000000000;
202511;4011;2014001456;TIT_PUB;52451421.940000000000000;
202511;4707;2020000474;COTAS;339772.360203000000000;
202511;4801;2016001518;COTAS;10716188.160253000000000;
202511;4786;9970000000;COTAS;434831.999590000000000;
202511;4707;2020000474;COTAS;1647190.304852000000000;
202511;4813;9970000000;COTAS;3176982.561428000000000;
202511;4707;2013002092;COTAS;6750565.076907000000000;
202511;4707;2020002647;COTAS;2301558.317440000000000;
202511;4791;2016001283;COTAS;8013229.020006000000000;
202511;4791;9970000000;COTAS;2289722.199998000000000;
202511;4801;9970000000;COTAS;330861.440000000000000;
202511;4683;2005000647;COTAS;1783132.461899000000000;
202511;4039;2000004229;OPERACAO_PARTICIPANTE;22311852.220000000000000;
202511;4707;2013002092;COTAS;352832868.412523000000000;
202511;4683;2005000647;COTAS;15812505.200862000000000;41287925000142
202511;4042;2000004792;COTAS;302369.367298000000000;
202511;4683;2008000818;COTAS;30645005.287774000000000;
202511;4827;2018002465;COTAS;2154376.225403000000000;
202511;4683;2008000818;COTAS;56429603.091822000000000;
202511;4707;2018001329;COTAS;326889.339505000000000;
202511;4813;2017000965;VL_PG_RC;0.000000000000000;
202511;4827;2018002465;CAIXA;102512.680000000000000;
202511;4831;1974000583;COTAS;558941580.528681000000000;09606154000104
202511;4827;2018002465;COTAS;1384014.541415000000000;
202511;4683;2022001338;COTAS;121857.442805000000000;
202511;4707;2018001892;COTAS;440208.701600000000000;
202511;4683;2022001338;COTAS;58009.156380000000000;
202511;4711;2008002047;COTAS;345309123.858859000000000;26324274000120
202511;4707;2013000138;CAIXA;33257.930000000000000;
202511;4426;2007002329;COTAS;2241326.159865000000000;
202511;4707;2013000138;COTAS;27136875.721774000000000;
202511;4827;2020000547;VL_PG_RC;0.000000000000000;
202511;4831;1981000283;IMOVEIS;11610000.000000000000000;
202511;4711;2019003538;COTAS;7286470.729341000000000;46975834000113
202511;4707;2019003856;COTAS;1785991.605897000000000;
202511;4042;2000004792;TIT_PRIV;50563059.330000000000000;
202511;4091;1974000338;IMOVEIS;26630700.000000000000000;
202511;4831;1993000429;COTAS;-1618.477438000000000;
202511;4831;1993000429;COTAS;120358657.778211000000000;62383089000170
202511;4707;2019003856;COTAS;603761.511503000000000;
202511;4711;9970000000;COTAS;3938786.820730000000000;26324274000120
202511;4831;1974000583;IMOVEIS;12244795.420000000000000;
202511;4426;2007002329;VL_PG_RC;-210218.960000000000000;
202511;4724;2013000383;CAIXA;185366.500000000000000;
202511;4831;2006006811;TIT_PRIV;5121139.600000000000000;
202511;4707;2013000138;COTAS;35492234.344478000000000;
202511;4091;2002001529;OPERACAO_PARTICIPANTE;5388239.459969538300000;
202511;4724;2013000383;COTAS;32451969.840000000000000;
202511;4724;2013000383;COTAS;238798974.771028000000000;38098941000182
202511;4091;2004002492;COTAS;31870794.483464000000000;
202511;4831;2006006811;COTAS;10464331.107972000000000;
202511;4861;2019000474;COTAS;279164.500063000000000;
202511;4426;9970000000;VL_PG_RC;-1025.840000000000000;
202511;4091;2004002492;COTAS;465401300.819146000000000;31569976000103
202511;4831;2006006811;COTAS;6068341.257033000000000;37452344000141
202511;4091;9970000000;VL_PG_RC;0.000000000000000;
202511;4831;2006006811;OPERACAO_PARTICIPANTE;18225282.650344340800000;
202511;4101;2002001847;COTAS;26492717.937114000000000;
202511;4461;9970000000;COTAS;1001312.595873000000000;
202511;4101;2002001847;COTAS;293241353.816200000000000;07377701000193
202511;4707;2013000138;COTAS;11682215.198707000000000;
202511;4724;2013000383;OPERACAO_PARTICIPANTE;336163420.421007993200000;
202511;4128;9970000000;CAIXA;307589.370000000000000;
202511;4861;2019000474;VL_PG_RC;-333.410000000000000;
202511;4738;2013001347;COTAS;41244719.682530000000000;
202511;4131;1981000811;COTAS;30605203.303912000000000;
202511;4707;2013000219;COTAS;29125259.129711000000000;
202511;4769;2015000429;COTAS;1491677.013743000000000;
202511;4875;2020002329;COTAS;3743278.678693000000000;
202511;4892;2021002829;COTAS;1889866.611334000000000;
202511;4131;1993001018;VL_PG_RC;-7117.990000000000000;
202511;4831;2020000611;COTAS;311762346.387879000000000;62589720000191
202511;4131;1998006719;COTAS;622833.792875000000000;
202511;4786;2016000856;COTAS;21091895.999913000000000;
202511;4131;1998006719;COTAS;2665013.074997000000000;
202511;4892;9970000000;CAIXA;302.980000000000000;
202511;4707;2013000219;COTAS;21428709.631511000000000;
202511;4707;2013000219;COTAS;55221533.162856000000000;
202511;4707;2013002092;COTAS;6532734.692512000000000;
202511;4844;2019000547;COTAS;21862824.291451000000000;
202511;4791;2016001283;COTAS;6772658.970000000000000;
202511;4131;2008004211;COTAS;4391006.258687000000000;
202511;4707;2018001329;COTAS;359282.513147000000000;
202511;4791;2016001283;COTAS;1797421.439999000000000;
202511;4707;2018001329;COTAS;1041049.723670000000000;
202511;4791;2016001283;COTAS;2692707.770002000000000;
202511;4707;2018001329;COTAS;291626.722991000000000;
202511;4801;9970000000;COTAS;693982.039996000000000;
202511;4707;2018001329;COTAS;603761.511503000000000;
202511;4844;2019000547;COTAS;14237888.067220000000000;
202511;4131;2008004465;COTAS;56123.676273000000000;39337958000108
202511;4131;2017000647;COTAS;8764158.579589000000000;
202511;4131;2017000647;COTAS;62094533.914895000000000;39337958000108
202511;4176;2023000319;COTAS;7082942.582348000000000;
202511;4707;2019003856;COTAS;4008421.048165000000000;
202511;4181;2004000147;VL_PG_RC;-32207.330000000000000;
202511;4827;2018002465;TIT_PUB;23903105.560000000000000;
202511;4875;9970000000;COTAS;1112034.618174000000000;
202511;4844;2019000547;COTAS;4402721.934764000000000;
202511;4827;9970000000;CAIXA;73545.720000000000000;
202511;4203;2000006574;COTAS;2892751425.781024000000000;05362670000171
202511;4707;2019003856;COTAS;34036.527694000000000;
202511;4203;2004000929;COTAS;549537.957196000000000;40190375000186
202511;4707;2019003856;TIT_PUB;16543187.100000000000000;
202511;4707;2020000474;COTAS;2530661.916327000000000;
202511;4217;1997000792;TIT_PUB;15917894.590000000000000;
202511;4831;1993000429;OPERACAO_PARTICIPANTE;1473449.530005699300000;
202511;4707;2020000474;COTAS;6180.143576000000000;
202511;4831;1998003647;COTAS;71065144.537440000000000;42774871000102
202511;4217;2012001238;CAIXA;535.050000000000000;
202511;4707;2020002647;COTAS;706988.317511000000000;
202511;4892;2021002829;COTAS;3025039.876090000000000;
202511;4221;2012001629;COTAS;4739750.670244000000000;
202511;4707;2022001265;COTAS;1964943.460990000000000;
202511;4234;2004002956;OPERACAO_PARTICIPANTE;138624.330000000000000;
202511;4831;2006006811;COTAS;60422985.518785000000000;42774842000140
202511;4474;2006005774;CAIXA;775073.150000000000000;
202511;4234;9970000000;VL_PG_RC;-3123.190000000000000;
202511;4711;2008001938;VL_PG_RC;464.750000000000000;
202511;4501;2007002183;COTAS;11848037.079704000000000;19366069000161
202511;4248;2009000838;COTAS;8056971.533278000000000;32240211000198
202511;4711;9970000000;VL_PG_RC;-600.000000000000000;
202511;4501;2007002183;VL_PG_RC;0.000000000000000;
202511;4724;9970000000;CAIXA;4358791.170000000000000;
202511;4947;1996003747;COTAS;331676570.330235000000000;51869529000187
202511;4529;2008002365;COTAS;4857718.134569000000000;
202511;4831;2019001829;OPERACAO_PARTICIPANTE;77492589.561309775000000;
202511;4532;2008004856;COTAS;24304678.372842000000000;
202511;4532;9970000000;VL_PG_RC;0.000000000000000;
202511;4858;2018002211;VL_PG_RC;-2133.420000000000000;
202511;4755;2014000311;COTAS;6168665.107954000000000;
202511;4831;2020000611;VL_PG_RC;1272590.100000000000000;
202511;4755;9970000000;COTAS;1168891.208175000000000;61650236000168
202511;4844;2019000547;COTAS;6539724.968930000000000;
202511;4248;2009000838;OPERACAO_PARTICIPANTE;8902804.598154744200000;
202511;4947;1996003747;COTAS;40776879.654639000000000;55575357000190
202511;4875;9970000000;COTAS;1261290.705533000000000;
202511;4546;2009000919;COTAS;5392187.479046000000000;
202511;4875;2020002329;COTAS;7761077.128720000000000;
202511;4577;9970000000;COTAS;120027.838848000000000;
202511;4786;2016000856;COTAS;2105666.000000000000000;
202511;4581;9970000000;VL_PG_RC;0.000000000000000;
202511;4791;2016001283;COTAS;291023.280000000000000;
202511;4248;2011001919;COTAS;163806007.848632000000000;26978182000163
202511;4604;2010002083;COTAS;82151.150648000000000;
202511;4791;2016001283;VL_PG_RC;2315125.140000000000000;
202511;4875;9970000000;TIT_PRIV;7728828.820000000000000;
202511;4618;9970000000;VL_PG_RC;0.000000000000000;
202511;4801;2016001518;COTAS;47750438.139704000000000;
202511;4892;2021000583;VL_PG_RC;-8943.170000000000000;
202511;4652;2024000029;COTAS;219768.740018000000000;
202511;4801;2016001518;COTAS;7561033.360000000000000;
202511;4248;2011001919;COTAS;325918455.643289000000000;36617679000100
202511;4875;9970000000;TIT_PUB;16478228.690000000000000;
202511;4892;2021000583;COTAS;6582774.042009000000000;
202511;4947;1996003747;COTAS;92427161.000801000000000;57888197000164
202511;4947;1996003747;COTAS;113467764.985219000000000;51527264000139
202511;4947;1996003747;OPERACAO_PARTICIPANTE;88980471.645735562000000;
202511;4892;9970000000;COTAS;8708249.376464000000000;
202511;4248;2014001847;COTAS;3512276.473411000000000;
202511;4892;9970000000;VL_PG_RC;-2631.400000000000000;
202511;4724;2013000383;TIT_PUB;9040953297.700000000000000;
202511;4947;9970000000;COTAS;3931071.089207000000000;
202511;4724;2013000618;COTAS;20077567.584280000000000;37467600000174
202511;271;1983000256;COTAS;8846020.168691000000000;
202511;4738;2013001347;COTAS;43168055.210871000000000;
202511;4801;2016001518;COTAS;17874470.879999000000000;
202511;4738;2013001347;COTAS;58593939.238973000000000;
202511;271;2008002111;COTAS;688219.406155000000000;
202511;4741;2013001738;COTAS;607082205.659965000000000;58738052000140
202511;271;9970000000;CAIXA;42914.760000000000000;
202511;299;1981000518;COTAS;8995358.949394000000000;
202511;4741;2013001738;COTAS;412361999.581111000000000;61861865000137
202511;299;1981000518;COTAS;35537874.261149000000000;
202511;299;1981000518;COTAS;13284931.382684000000000;
202511;299;1981000518;VL_PG_RC;-99146.220000000000000;
202511;4813;2017000965;CAIXA;0.000000000000000;
202511;309;2019001683;CAIXA;178.600000000000000;
202511;312;1978000138;COTAS;13302450.000000000000000;
202511;4279;2016001992;COTAS;16455627.497980000000000;
202511;4813;9970000000;CAIXA;1228.860000000000000;
202511;4282;2004003065;COTAS;4146885.550000000000000;
202511;4741;2013001738;TIT_PRIV;102435805.560000000000000;
202511;4827;2018002465;COTAS;1975700.897282000000000;
202511;4282;2004003065;COTAS;500746.384678000000000;
202511;4741;9970000000;COTAS;5968238.693475000000000;
202511;4827;2018002465;VL_PG_RC;-55030.290000000000000;
202511;4282;2004003065;COTAS;5041439.060000000000000;
202511;4755;2014000311;COTAS;2552957.941048000000000;
202511;4831;1981000283;VL_PG_RC;3037153.740000000000000;
202511;4282;2004003065;COTAS;432849.877856000000000;
202511;4755;2020002574;COTAS;77774.230447000000000;
202511;4831;1988002729;COTAS;116664180.414451000000000;05058237000147
202511;4769;2015000429;CAIXA;58.190000000000000;
202511;4282;9970000000;TIT_PUB;4290823.160000000000000;
202511;4831;1998003647;COTAS;9131295.469114000000000;
202511;4769;2021001083;COTAS;7645.466649000000000;
202511;4786;2019000611;COTAS;122305.999999000000000;
202511;4801;2016001518;COTAS;48375411.570000000000000;
202511;4371;9970000000;VL_PG_RC;0.000000000000000;
202511;4801;2016001518;COTAS;11259479.120013000000000;
202511;4801;2016001518;COTAS;78941975.459982000000000;
202511;4666;2011000947;VL_PG_RC;451993.000000000000000;
202511;4801;2016001518;COTAS;5121283.850047000000000;
202511;4801;9970000000;COTAS;193589.599998000000000;
202511;4827;2018002465;COTAS;2606642.268957000000000;
202511;4683;2007002965;COTAS;1837450.489832000000000;
202511;4827;2019003465;VL_PG_RC;-9970.820000000000000;
202511;4683;2008000818;COTAS;18265833.075004000000000;
202511;4831;1974000583;VL_PG_RC;47669.920000000000000;
202511;4426;2006003111;TIT_PRIV;180585988.980000000000000;
202511;4683;2008000818;COTAS;392184171.228218000000000;52226189000139
202511;4831;2006006811;TIT_PUB;24683123.820000000000000;
202511;4707;2013000138;COTAS;21540076.421899000000000;
202511;4707;2013000138;COTAS;37290259.262708000000000;
202511;312;1978000138;TIT_PUB;6176850555.350000000000000;
202511;4707;2013000138;COTAS;11383088.589196000000000;
202511;312;1978000219;VL_PG_RC;-26732.050000000000000;
202511;312;9970000000;COTAS;151952.192229000000000;
202511;4707;2013000219;COTAS;39115152.166179000000000;
202511;4426;2007002329;TIT_PUB;714082799.010000000000000;
202511;4831;2019001829;COTAS;1563063.082090000000000;
202511;4707;2013000219;COTAS;7069994.679162000000000;
202511;4426;9970000000;CAIXA;0.000000000000000;
202511;4831;2019001829;COTAS;24959659.991976000000000;
202511;4529;2008002365;COTAS;550.624987000000000;
202511;4831;2020000611;COTAS;0.000000000000000;20468585000186
202511;4546;9970000000;COTAS;615206.140148000000000;
202511;4831;9970000000;COTAS;6377530.226668000000000;15435379000130
202511;4707;2013000219;COTAS;12348134.042206000000000;
202511;4831;9970000000;COTAS;31953087.699202000000000;20468585000186
202511;326;1979002118;IMOVEIS;157816117.840000000000000;
202511;4707;2013002092;COTAS;20614976.975577000000000;
202511;4844;9970000000;COTAS;1287961.432115000000000;
202511;326;2021002111;CAIXA;6106.920000000000000;
202511;326;2022001419;VL_PG_RC;0.000000000000000;
202511;4707;2013002092;OPERACAO_PARTICIPANTE;2852173.771709504300000;
202511;326;2023001838;CAIXA;25714.450000000000000;
202511;4707;2018001329;COTAS;81036.525545000000000;
202511;361;1980002029;COTAS;70557934.375478000000000;
202511;4707;2018001329;COTAS;924857.702572000000000;
202511;361;1980002029;COTAS;117110430.314769000000000;39725887000110
202511;361;2001002165;COTAS;8953429.191481000000000;
202511;361;2001002165;COTAS;123999042.828727000000000;18681157000195
202511;361;2001002165;COTAS;16041089.444062000000000;57188854000160
202511;361;2001002238;COTAS;365272952.373636000000000;05855398000161
202511;4831;1998003647;COTAS;81906582.639426000000000;20468746000131
202511;4577;2008003892;COTAS;2053576.102522000000000;
202511;4831;2006006811;COTAS;34846.005677000000000;
202511;4947;9970000000;COTAS;5886648.162781000000000;51763468000179
202511;4892;9970000000;COTAS;5454540.997256000000000;
202511;4707;2018001329;COTAS;871575.723766000000000;
202511;4577;2010001974;COTAS;151273.726225000000000;
202511;4707;2018001892;COTAS;182332.208642000000000;
202511;4947;9970000000;VL_PG_RC;-8008.490000000000000;
202511;4831;2019001829;COTAS;351301.489823000000000;
202511;4577;9970000000;CAIXA;124533.670000000000000;
202511;4831;2019001829;COTAS;200250611.117916000000000;15435379000130
202511;4581;9970000000;COTAS;8800688.122816000000000;11005764000196
202511;4652;2010004329;CAIXA;6080.260000000000000;
202511;4831;2020000611;IMOVEIS;2003195.050000000000000;
202511;4831;2025000138;CAIXA;1428.730000000000000;
202511;4947;1996003747;VL_PG_RC;-1282864.670000000000000;
202511;4707;2018001892;COTAS;2216270.896057000000000;
202511;4652;2019001438;CAIXA;3616.240000000000000;
202511;4858;2018002211;CAIXA;2597.160000000000000;
202511;4652;2024000029;VL_PG_RC;-943.500000000000000;
202511;4861;2019000474;COTAS;32416321.199996000000000;
202511;4861;9970000000;COTAS;2632694.650001000000000;
202511;4707;2018001892;COTAS;640586.332055000000000;
202511;4683;2005000647;CAIXA;1672.590000000000000;
202511;4707;2019003856;COTAS;597360.147931000000000;
202511;4892;2021000583;CAIXA;712.800000000000000;
202511;4683;2005000647;COTAS;2678034.198220000000000;
202511;4707;2020002647;COTAS;780751.018672000000000;
202511;4947;1996003747;COTAS;25927339.144536000000000;
202511;4683;2005000647;COTAS;36079893.876434000000000;29055966000108
202511;4683;2008000818;COTAS;28651509.571413000000000;41287925000142
202511;4711;2008002047;CAIXA;235765.240000000000000;
202511;4683;2019000792;COTAS;3119947.608979000000000;
202511;4724;9970000000;COTAS;146994218.244895000000000;
202511;4683;2019000792;COTAS;8637028.582635000000000;29055966000108
202511;4738;2013001347;COTAS;57998937.435118000000000;
202511;4738;2013001347;VL_PG_RC;0.000000000000000;
202511;361;2019002647;COTAS;281941208.760193000000000;05855398000161
202511;4738;2021002519;COTAS;80306.812942000000000;
202511;361;2019002647;VL_PG_RC;-286991.590000000000000;
202511;4755;2015001247;COTAS;1341288.325111000000000;61650236000168
202511;4755;2020002574;COTAS;274997.179215000000000;61650236000168
202511;361;2022002938;COTAS;633528.579678000000000;39725887000110
202511;388;9970000000;COTAS;4566039.416514000000000;
202511;391;1979001529;COTAS;2806782.554370000000000;
202511;391;2020001519;COTAS;108527.760000000000000;
202511;4683;2022001338;COTAS;130919.829479000000000;
202511;391;2020001519;COTAS;7350457.493455000000000;05097813000165
202511;401;1988000629;CAIXA;4409.320000000000000;
202511;4707;2013000138;COTAS;5260921.544809000000000;
202511;4755;9970000000;COTAS;1750577.801250000000000;
202511;4707;2013002092;COTAS;75232876.775905000000000;
202511;4755;9970000000;VL_PG_RC;0.750000000000000;
202511;401;1997000611;COTAS;5611409.926789000000000;
202511;4707;2013002092;COTAS;6414758.597195000000000;
202511;4769;9970000000;CAIXA;3903.100000000000000;
202511;494;2010000838;CAIXA;10484.080000000000000;
202511;4707;2013002092;COTAS;5843095.461839000000000;
202511;494;9970000000;COTAS;704858.848300000000000;
202511;4769;9970000000;COTAS;6329497.579240000000000;
202511;504;9970000000;CAIXA;101924.270000000000000;
202511;4707;2018001329;COTAS;2757425.164898000000000;
202511;535;2019002574;COTAS;286073.998768000000000;
202511;4769;9970000000;COTAS;6325204.978994000000000;
202511;4707;2018001329;COTAS;1364878.940818000000000;
202511;535;2019002574;COTAS;14072933.625200000000000;05092810000139
202511;4769;9970000000;VL_PG_RC;-1745.180000000000000;
202511;4707;2018001892;COTAS;581975.735992000000000;
202511;4786;2016000856;COTAS;2984257.000001000000000;
202511;4707;2018001892;COTAS;676397.773807000000000;
202511;4707;2018001892;COTAS;645841.044380000000000;
202511;535;2019002574;COTAS;4468068.345571000000000;55983603000142
202511;4786;2016000856;COTAS;2274856.999997000000000;
202511;4707;2019003856;COTAS;5801445.339877000000000;
202511;549;1979001456;COTAS;551446121.420813000000000;45339221000127
202511;4707;2019003856;COTAS;887420.697319000000000;
202511;549;1979001456;VL_PG_RC;330156.700000000000000;
202511;4786;2018001019;COTAS;1576396.000060000000000;
202511;4707;2019003856;VL_PG_RC;-25804.020000000000000;
202511;4786;2019000611;COTAS;3038153.999896000000000;
202511;549;2005003883;COTAS;382984922.445258000000000;33913650000187
202511;4707;2020002647;COTAS;589845.490351000000000;
202511;4786;2019000611;COTAS;27265.999999000000000;
202511;4707;2022001265;COTAS;4448823.338313000000000;
202511;4791;2016001283;COTAS;2574953.700000000000000;
202511;549;9970000000;CAIXA;25000.000000000000000;
202511;4707;2022001265;COTAS;2591339.956108000000000;
202511;4791;2016001283;COTAS;4406034.539999000000000;
202511;4707;2022001265;VL_PG_RC;-37069.760000000000000;
202511;4791;2020001047;COTAS;511647.819999000000000;
202511;549;9970000000;COTAS;17722404.691530000000000;33913650000187
202511;4711;2014000638;COTAS;10198416.110942000000000;46975866000119
202511;4791;2020001047;VL_PG_RC;-4.260000000000000;
202511;552;1979002665;OPERACAO_PARTICIPANTE;4504319.900000000000000;
202511;4711;2014000638;VL_PG_RC;194.370000000000000;
202511;4724;2013000383;COTAS;942857117.691856000000000;
202511;4791;9970000000;CAIXA;65320.650000000000000;
202511;4724;2013000618;COTAS;2934526.000000000000000;
202511;4791;9970000000;COTAS;2227638.210001000000000;
202511;4724;2013000618;COTAS;34159292.873525000000000;41722175000190
202511;4801;2016001518;COTAS;7612116.999999000000000;
202511;4947;1996003747;COTAS;2041568256.933411000000000;51760661000156
202511;4813;2017000965;COTAS;20231367.175018000000000;
202511;4827;9970000000;COTAS;58395.840230000000000;
202511;4831;1981000283;COTAS;10293020.200000000000000;
202511;4831;1981000283;COTAS;892645821.943388000000000;05134438000186
202511;4831;1993000429;IMOVEIS;816699.960000000000000;
202511;552;1979002665;TIT_PUB;565764560.870000000000000;
202511;4831;1998003647;COTAS;2849964.385854000000000;
202511;552;9970000000;COTAS;133759.586656000000000;
202511;4831;1998003647;VL_PG_RC;35750.090000000000000;
202511;571;2020002418;COTAS;224002.146439000000000;
202511;4831;2006006811;COTAS;50807186.462944000000000;15435379000130
202511;571;2020002418;COTAS;145877.323990000000000;
202511;4741;2013001738;TIT_PUB;384667740.990000000000000;
202511;571;2020002418;COTAS;1200359.052340000000000;
202511;4831;2025000138;COTAS;474357.015713000000000;20468585000186
202511;4755;9970000000;CAIXA;500.560000000000000;
202511;4755;9970000000;COTAS;5148283.243346000000000;
202511;4858;9970000000;CAIXA;21080.460000000000000;
202511;571;2023001511;COTAS;779772.556104000000000;
202511;4769;2015000429;COTAS;1464977.803971000000000;
202511;4861;2019000474;CAIXA;63269.830000000000000;
202511;571;9970000000;COTAS;4505198.531659000000000;
202511;4769;2015000429;COTAS;2461202.496963000000000;
202511;4861;2019000474;COTAS;8354925.699998000000000;
202511;4769;2015000429;COTAS;2059076.689523000000000;
202511;4892;2021000583;COTAS;8765293.429668000000000;
202511;611;1979000956;ACOES;2120990.500000000000000;
202511;4786;2018001019;COTAS;250058.000042000000000;
202511;4892;2021000583;COTAS;4334637.427766000000000;
202511;4786;2019000611;CAIXA;402.810000000000000;
202511;4947;1996003747;COTAS;13089605.145011000000000;
202511;4786;2019000611;COTAS;3034733.997913000000000;
202511;611;1979000956;VL_PG_RC;-224252.190000000000000;
202511;4947;1996003747;COTAS;321452949.724254000000000;51763468000179
202511;4786;2019000611;COTAS;483803.000071000000000;
202511;4786;9970000000;COTAS;449147.000054000000000;
202511;611;1979004056;COTAS;17478794.226052000000000;
202511;4786;9970000000;COTAS;5843.000003000000000;
202511;4791;2016001283;CAIXA;4881256.130000000000000;
202511;4801;2016001518;COTAS;101771016.200003000000000;
202511;4801;2016001518;COTAS;8556016.682228000000000;
202511;4801;2016001518;VL_PG_RC;0.000000000000000;
202511;4801;2021000818;CAIXA;50149.960000000000000;
202511;4801;9970000000;COTAS;69043.729994000000000;
202511;611;1979004056;COTAS;56039659.192376000000000;42378811000170
202511;611;1983000418;VL_PG_RC;118652.190000000000000;
202511;4801;9970000000;COTAS;33142.380114000000000;
202511;611;1984001019;COTAS;169676.699927000000000;
202511;611;1984001019;COTAS;5970781.508782000000000;
202511;4813;2017000965;COTAS;2440204.733038000000000;
202511;611;1984001019;COTAS;4292728.515016000000000;
202511;611;1990000347;COTAS;19965386.481764000000000;
202511;4813;2017000965;COTAS;2475604.015846000000000;
202511;4813;9970000000;VL_PG_RC;0.000000000000000;
202511;4831;1981000283;CAIXA;37506.540000000000000;
202511;611;1990000347;TIT_PUB;24521170.350000000000000;
202511;4947;9970000000;CAIXA;4024.670000000000000;
202511;611;1990000592;COTAS;1465106.595286000000000;
202511;4831;1988002729;VL_PG_RC;4374372.250000000000000;
202511;4831;2019001829;CAIXA;225192.160000000000000;
202511;611;2009002865;COTAS;6302810223.608693000000000;
202511;4831;2019001829;COTAS;33949323.322935000000000;
202511;4844;2019000547;COTAS;4598495.625422000000000;
202511;611;2019002183;COTAS;26389.723802000000000;
202511;4892;2021000583;COTAS;9071530.282716000000000;
202511;611;2019002183;TIT_PRIV;737901.430000000000000;
202511;611;9970000000;COTAS;30907351.612189000000000;
202511;655;1970000147;CAIXA;342835.260000000000000;
202511;655;1970000147;COTAS;25929459.487014000000000;05117292000160
202511;655;1999003111;CAIXA;107030.510000000000000;
202511;655;1999003111;COTAS;7090472.384824000000000;33255042000122
202511;655;1999003111;VL_PG_RC;285590.000000000000000;
202511;655;2000005918;CAIXA;6000.000000000000000;
202511;655;2000005918;COTAS;385073.505550000000000;04118854000128
202511;655;2000005918;COTAS;928789.026601000000000;36615983000118
202511;4947;1996003747;COTAS;48215219.500000000000000;59051487000184
202511;655;2000007392;CAIXA;0.000000000000000;
202511;655;2000007392;COTAS;520355.134678000000000;04118854000128
202511;655;2002001911;COTAS;3529724.032650000000000;32862087000100
202511;655;2002001911;OPERACAO_PARTICIPANTE;207742.340000000000000;
202511;655;2002001911;TIT_PUB;214083.140000000000000;
202511;655;2002003874;CAIXA;147373.210000000000000;
202511;655;2002003874;VL_PG_RC;-15.830000000000000;
202511;655;2003002618;COTAS;-229923.295564000000000;
202511;655;2003002618;COTAS;247602144.764205000000000;04118854000128
202511;655;2004002638;COTAS;10979263.860630000000000;41902409000180
202511;655;2007001519;COTAS;1787990.422422000000000;
202511;655;2008002756;COTAS;3249625.248203000000000;36615983000118
202511;655;2010000447;COTAS;14825165.839214000000000;19587206000198
202511;655;2010001583;OPCOES;-40580.130000000000000;
202511;655;2010004019;COTAS;328853.350670000000000;41902409000180
202511;655;2010004019;COTAS;2224541.214324000000000;62680015000103
202511;655;2018000292;COTAS;3955632.598296000000000;21397837000196
202511;655;2019003783;CAIXA;46739.720000000000000;
202511;655;2021000011;COTAS;1823397.105853000000000;
202511;655;2021000011;COTAS;168709485.304085000000000;41902409000180
202511;655;2021000011;TIT_PRIV;1645382.990000000000000;
202511;655;2021003183;COTAS;13420.018595000000000;
202511;655;2021003183;COTAS;899406.293400000000000;
202511;655;2021003183;COTAS;67230688.441041000000000;19587206000198
202511;655;2021003183;COTAS;53229610.514585000000000;32862118000115
202511;655;9970000000;COTAS;32652.535557000000000;52026196000197
202511;686;2022000765;COTAS;44569703.255847000000000;
202511;686;2022001818;CAIXA;187966.410000000000000;
202511;691;1981000429;CAIXA;460777.950000000000000;
202511;691;1981000429;COTAS;1245352.772142000000000;
202511;713;2006001892;TIT_PUB;12424612.210000000000000;
202511;713;2011000556;COTAS;97412472.236871000000000;
202511;713;2011000556;COTAS;75426047.846544000000000;
202511;713;2011000556;COTAS;18653675.458361000000000;
202511;713;2011000556;IMOVEIS;70769969.840000000000000;
202511;727;1971000256;COTAS;10193725.439197000000000;
202511;727;9970000000;TIT_PUB;104673.780000000000000;
202511;731;2006005611;CAIXA;387339.110000000000000;
202511;731;2018001647;COTAS;9162439.451821000000000;61707947000121
202511;758;2002002411;COTAS;154415510.814153000000000;
202511;792;1988000718;CAIXA;10795.110000000000000;
202511;792;1988000718;COTAS;371329.260800000000000;
202511;792;1998000818;IMOVEIS;112774.450000000000000;
202511;792;1999002865;COTAS;3712248.391885000000000;
202511;792;1999002865;COTAS;1667073.109732000000000;
202511;792;1999003047;COTAS;692103.285483000000000;
202511;792;1999003047;VL_PG_RC;-50058.450000000000000;
202511;802;1977000118;COTAS;1601880708.493612000000000;34546404000105
202511;821;1988000238;COTAS;11573509.663382000000000;
202511;821;9970000000;CAIXA;4999.650000000000000;
202511;864;1971000183;VL_PG_RC;-202919.110000000000000;
202511;864;2002000311;OPERACAO_PARTICIPANTE;6863054.299027715500000;
202511;864;2022000692;CAIXA;55385.520000000000000;
202511;881;1979000247;COTAS;20331632.019164000000000;
202511;881;1994000929;COTAS;11961886.645146000000000;
202511;881;2000003656;COTAS;-14667.971013000000000;
202511;881;2000003656;IMOVEIS;91379378.140000000000000;
202511;881;2000003729;COTAS;2271760.716934000000000;
202511;881;2000003974;COTAS;1578.580926000000000;
202511;881;2008001619;COTAS;-382.053567000000000;
202511;881;2008001619;COTAS;-3353.065156000000000;
202511;895;1985000792;TIT_PRIV;161776432.540000000000000;
202511;895;2012001718;COTAS;2969639.402037000000000;
202511;895;2014002118;COTAS;903013.767037000000000;
202511;936;1990001483;COTAS;521735.339384000000000;
202511;936;1990001483;IMOVEIS;29390621.000000000000000;
202511;936;1998003256;COTAS;143734.388806000000000;
202511;936;1998003256;COTAS;1278881.742905000000000;
202511;936;1998003256;OPERACAO_PARTICIPANTE;2503211.360008441900000;
202511;936;1998003256;TIT_PUB;35738648.200000000000000;
202511;936;2010002156;COTAS;5727354.780000000000000;
202511;936;2010002156;COTAS;18573001.630560000000000;
202511;936;9970000000;COTAS;68077662.267707000000000;
202511;941;1980001618;COTAS;31872874.219666000000000;
202511;941;1998007774;COTAS;77044932.960870000000000;
202511;941;1998007774;COTAS;52925883.614145000000000;
202511;941;1998007774;COTAS;56859865.530422000000000;
202511;941;1998007774;COTAS;59273267.955943000000000;
202511;941;2023000165;COTAS;7707937.195238000000000;
202511;967;2000000983;VL_PG_RC;-735.940000000000000;
202511;967;2002003947;VL_PG_RC;-11004.370000000000000;
202511;967;2013001592;COTAS;3000957.000000000000000;
202511;967;4009670029;COTAS;2571608076.346682000000000;21596134000197
202511;971;2000006711;COTAS;821292.156027000000000;
202511;971;2000006711;COTAS;84380494.097866000000000;
202511;984;1990001629;COTAS;488664.417161000000000;
202511;984;1994002883;COTAS;214613.055273000000000;
202511;984;1994002883;COTAS;3029641.071471000000000;
202511;984;2005001538;COTAS;7276395.025773000000000;
202511;984;2005001538;COTAS;2482872.695787000000000;
202511;984;2017001211;COTAS;1188494.170712000000000;
202511;984;9970000000;COTAS;485147.352999000000000;
202511;998;1988001129;OPERACAO_PARTICIPANTE;11716746.748828325300000;
202511;1033;1975000218;COTAS;1462857.683302000000000;
202511;1033;1975000218;TIT_PRIV;65572633.430000000000000;
202511;1033;1979003556;CAIXA;98808.120000000000000;
202511;1033;2000007538;COTAS;5.823680000000000;
202511;1033;2000007538;COTAS;1746777.254503000000000;
202511;1033;2000007538;COTAS;14502189.102983000000000;
202511;1033;2000007538;COTAS;37484226.710998000000000;
202511;1033;2000007538;TIT_PRIV;220595204.240000000000000;
202511;1051;9970000000;COTAS;3393127.992756000000000;
202511;1078;1984000918;COTAS;11692501.438508000000000;
202511;1078;1984000918;COTAS;58226032.667446000000000;37967685000150
202511;1081;1979004374;COTAS;1013396.279259000000000;
202511;1081;1979004374;COTAS;88093216.487852000000000;
202511;1081;1979004374;IMOVEIS;2635272.890000000000000;
202511;1081;2002001456;VL_PG_RC;-45438837.210000000000000;
202511;1081;2006000365;VL_PG_RC;-14043.580000000000000;
202511;1081;2016002311;TIT_PUB;280524.960000000000000;
202511;1105;1974000419;COTAS;1036560128.528350000000000;
202511;1171;9970000000;ACOES;927227.300000000000000;
202511;1171;9970000000;COTAS;1.365589000000000;
202511;1184;1984000111;CAIXA;10156.450000000000000;
202511;1184;1984000111;VL_PG_RC;-26284.490000000000000;
202511;1184;1984000292;TIT_PUB;260418763.990000000000000;
202511;1198;1998003019;COTAS;1125530.421062000000000;
202511;1198;1998003019;COTAS;17571768.293605000000000;39959611000105
202511;1208;1995003956;OPERACAO_PARTICIPANTE;81258403.349130836500000;
202511;1208;1998001474;CAIXA;7860.120000000000000;
202511;1208;1998001474;VL_PG_RC;14428018.700000000000000;
202511;1208;2013001411;OPERACAO_PARTICIPANTE;27380993.300239536900000;
202511;1239;1979002738;CAIXA;115803989.790000000000000;
202511;1239;1979003165;COTAS;7720660.450491000000000;
202511;1239;1979003165;OPERACAO_PARTICIPANTE;43657738.771722520000000;
202511;1239;1982002174;COTAS;99093.297918000000000;
202511;1239;1982002174;OPERACAO_PARTICIPANTE;14762211.439579740000000;
202511;1239;1982002247;IMOVEIS;100276926.650000000000000;
202511;1239;1995003018;CAIXA;1162980.850000000000000;
202511;1239;1995003311;COTAS;262741198.460683000000000;
202511;1239;1998007383;CAIXA;117.970000000000000;
202511;1239;2018001418;VL_PG_RC;-87.570000000000000;
202511;1242;1985001519;VL_PG_RC;-343779.960000000000000;
202511;1242;1985001683;COTAS;265950.660000000000000;
202511;1242;1985001683;COTAS;209933568.213342000000000;09087799000170
202511;1242;2021001792;COTAS;126887719.499404000000000;18731304000194
202511;1261;2005006165;COTAS;106113106.984506000000000;
202511;1273;9970000000;TIT_PUB;321627.860000000000000;
202511;1314;2005000965;CAIXA;563088.560000000000000;
202511;1359;1991002165;COTAS;7793864.135920000000000;
202511;1359;1991002238;COTAS;11863632.903485000000000;
202511;1381;9970000000;COTAS;8526804.851094000000000;
202511;1403;1981000747;CAIXA;6143.730000000000000;
202511;1403;2000008038;COTAS;4516758.555996000000000;
202511;1403;2008004783;COTAS;10371939.939702000000000;
202511;1403;2008004783;COTAS;4145757.358417000000000;
202511;1403;2008004783;COTAS;2305895.690090000000000;
202511;1403;2008004783;TIT_PRIV;13541852.860000000000000;
202511;1403;2016000619;CAIXA;26759.600000000000000;
202511;1403;2016000619;COTAS;7738660.906756000000000;
202511;1403;2016000619;COTAS;11067195.118134000000000;41300431000150
202511;1403;9970000000;COTAS;112132.220299000000000;
202511;1403;9970000000;COTAS;752282.547002000000000;
202511;1403;9970000000;VL_PG_RC;-58170.280000000000000;
202511;1434;1980002347;COTAS;8574898.464826000000000;
202511;1434;1980002347;COTAS;300763.403736000000000;
202511;1434;1980002347;TIT_PUB;50979505.450000000000000;
202511;1434;1985000474;CAIXA;35986.570000000000000;
202511;1434;1985000474;COTAS;21880643.389632000000000;41799499000126
202511;1434;1996002211;COTAS;40240693.678495000000000;04495282000104
202511;1434;1996002211;TIT_PUB;281809301.550000000000000;
202511;1434;2000000411;CAIXA;29242.060000000000000;
202511;1434;2000006965;COTAS;135990240.887256000000000;
202511;1434;2000006965;COTAS;24524838.913667000000000;04495282000104
202511;1434;2000006965;COTAS;89454999.358642000000000;41799499000126
202511;1434;2005005029;COTAS;5474978.406597000000000;
202511;1434;2005005029;COTAS;17498134.364806000000000;
202511;1434;2009003292;OPERACAO_PARTICIPANTE;322001.809987090200000;
202511;1479;1997002711;COTAS;104588058.265085000000000;41610657000158
202511;1479;1997002711;COTAS;163778390.783698000000000;42449329000184
202511;1479;2012000738;COTAS;702241.371457000000000;
202511;1479;2012000738;COTAS;83953.325097000000000;
202511;1479;2012000738;TIT_PUB;25188706.180000000000000;
202511;1482;1982000929;VL_PG_RC;-56.870000000000000;
202511;1482;1982003211;VL_PG_RC;-0.660000000000000;
202511;1482;1983000329;VL_PG_RC;-18146.320000000000000;
202511;1482;1985000865;VL_PG_RC;-121.040000000000000;
202511;1482;1987000838;CAIXA;0.000000000000000;
202511;1482;1987000838;VL_PG_RC;-5181.770000000000000;
202511;1482;1987001811;TIT_PUB;45564870.710000000000000;
202511;1482;1988002656;COTAS;51077209.356994000000000;
202511;1482;1989000592;TIT_PUB;5638133.850000000000000;
202511;1482;1989002447;VL_PG_RC;-546.330000000000000;
202511;1482;1990001947;TIT_PUB;42497363.610000000000000;
202511;1482;1993001492;COTAS;1320.695648000000000;
202511;1482;1994000783;COTAS;1127.124315000000000;
202511;1482;1995000892;VL_PG_RC;-10916.170000000000000;
202511;1482;1996000756;CAIXA;0.000000000000000;
202511;1482;1997001683;CAIXA;0.000000000000000;
202511;1482;1997001683;VL_PG_RC;-14114.260000000000000;
202511;1482;1998003892;COTAS;34162906.032200000000000;
202511;1482;2000003192;COTAS;12251414.072560000000000;32273485000183
202511;1482;2000004083;VL_PG_RC;-5408.910000000000000;
202511;1482;2000007211;COTAS;75666118.680844000000000;
202511;1482;2000007211;COTAS;10306336.693199000000000;
202511;1482;2001000138;COTAS;172968269.737822000000000;
202511;1482;2002001618;VL_PG_RC;120732.420000000000000;
202511;1482;2003001247;COTAS;1054743279.346949000000000;05701082000115
202511;1482;2004000392;COTAS;62076739.361311000000000;
202511;1482;2004000392;COTAS;85949927.827198000000000;28428287000174
202511;1482;2004000538;COTAS;213523806.224782000000000;
202511;1482;2004003138;TIT_PUB;22014919.750000000000000;
202511;1482;2005004065;CAIXA;0.000000000000000;
202511;1482;2005004065;VL_PG_RC;75243.140000000000000;
202511;1482;2005004383;VL_PG_RC;-64924.030000000000000;
202511;1482;2005004456;COTAS;38636313.848153000000000;
202511;1482;2005005665;CAIXA;0.000000000000000;
202511;1482;2005005665;COTAS;8214026.885910000000000;
202511;1482;2007002711;COTAS;848316.105794000000000;
202511;1482;2008003329;COTAS;33684105.118655000000000;
202511;1482;2009001818;CAIXA;0.000000000000000;
202511;1482;2009001818;COTAS;2163893.338643000000000;
202511;1482;2010003111;COTAS;7536580.510191000000000;
202511;1482;2010003111;COTAS;35608653.502752000000000;
202511;1482;2011002011;COTAS;115292.909483000000000;31032327000179
202511;1482;2013001819;CAIXA;0.000000000000000;
202511;1482;2016002174;COTAS;36727608.445386000000000;
202511;1482;2018001965;VL_PG_RC;-66334.920000000000000;
202511;1511;9970000000;COTAS;1790982.661301000000000;
202511;1523;1977000274;COTAS;11561.768209000000000;
202511;1523;1977000274;COTAS;46845994607.762681000000000;14120561000139
202511;1523;1977000274;COTAS;5161395598.231263000000000;14386893000160
202511;1523;1998004465;COTAS;19613.824062000000000;
202511;1523;1998004465;COTAS;44424223.500494000000000;14387403000140
202511;1523;1998004465;COTAS;17449724.961994000000000;28581662000111
202511;1523;1998004465;COTAS;18135256.782957000000000;57752951000134
202511;1523;2006003674;COTAS;60065297.751558000000000;15154481000167
202511;1523;2006003674;COTAS;96583908.779624000000000;49534273000105
202511;1523;2006003674;COTAS;27734768.864875000000000;60184714000129
202511;1523;2006003674;COTAS;138806647.582294000000000;63405106000195
202511;1523;2006003674;COTAS;138673319.066296000000000;63445061000182
202511;1554;9970000000;COTAS;1113640.808759000000000;
202511;1571;9970000000;VL_PG_RC;-75131.050000000000000;
202511;1585;2006000911;COTAS;6079117.102218000000000;
202511;1585;2006000911;COTAS;100158973.135248000000000;
202511;1585;2006000911;COTAS;1256282958.708589000000000;32225875000188
202511;1585;9970000000;COTAS;2617010.448616000000000;32225875000188
202511;1612;2022002229;COTAS;396353480.702102000000000;04588085000121
202511;1612;2022002229;COTAS;53478219.676674000000000;42119596000193
202511;1612;9970000000;CAIXA;469897.390000000000000;
202511;1674;1989002056;COTAS;448694.617641000000000;
202511;1674;2014000492;COTAS;3904588.336193000000000;
202511;1674;2015000356;COTAS;4596764.807894000000000;
202511;1674;2016000783;COTAS;1047368.926470000000000;
202511;1674;2016000783;VL_PG_RC;79354.540000000000000;
202511;1674;2019001918;COTAS;4696265.345169000000000;
202511;1674;2019001918;COTAS;455527.051985000000000;
202511;1688;1979002274;COTAS;26819110.390000000000000;
202511;1688;2021000338;CAIXA;37.030000000000000;
202511;1688;2021000419;CAIXA;46.640000000000000;
202511;1701;1999000838;COTAS;4110201.353022000000000;
202511;1701;1999000838;COTAS;208235087.434958000000000;31389791000117
202511;1715;1979000174;COTAS;17453703.820543000000000;
202511;1715;1979000174;COTAS;8601660.697295000000000;
202511;1715;2008004619;COTAS;25635674.831313000000000;
202511;1729;1990001092;COTAS;5355451.984188000000000;
202511;1729;1990001092;COTAS;127984737.730000000000000;15259169000138
202511;1729;9970000000;VL_PG_RC;-216.280000000000000;
202511;1732;9970000000;VL_PG_RC;-361.540000000000000;
202511;1746;1982003065;CAIXA;5233.860000000000000;
202511;1746;1982003065;COTAS;39276321.974455000000000;
202511;1763;1990000819;CAIXA;7083.800000000000000;
202511;1763;1990000819;COTAS;61884817.543641000000000;17339084000195
202511;1781;1980000174;COTAS;51770600.000000000000000;
202511;1781;1980000174;COTAS;51017678.600000000000000;
202511;1781;1980000174;OPCOES;-390131388.890000000000000;
202511;1781;1998003574;COTAS;677980717.133483000000000;49766087000100
202511;1804;1988001838;COTAS;7984496.687933000000000;
202511;1818;2002000174;COTAS;74428273.479999000000000;19941829000117
202511;1821;1980002274;COTAS;514963972.860000000000000;59982664000146
202511;1852;1985001047;COTAS;502726247.240124000000000;01622154000188
202511;1852;1985001047;COTAS;418000039.061440000000000;11121992000121
202511;1883;2006003356;CAIXA;19472.480000000000000;
202511;1911;1992001618;COTAS;167738.796262000000000;
202511;1911;1997003211;COTAS;1981200.092467000000000;
202511;1911;1998004147;VL_PG_RC;-16361.780000000000000;
202511;1911;1999002156;TIT_PUB;21138972.300000000000000;
202511;1911;2005004847;COTAS;1554858.540722000000000;
202511;1911;2005004847;COTAS;1689404.741025000000000;21791224000139
202511;1911;2005004847;OPERACAO_PARTICIPANTE;1642925.569843448200000;
202511;1911;2006001411;COTAS;6627311.579565000000000;26304143000180
202511;1911;2009003365;COTAS;3303924.938512000000000;21791224000139
202511;1911;2018001711;COTAS;2898.380833000000000;
202511;1924;1989000274;COTAS;7048437.961863000000000;
202511;1924;1989000347;COTAS;21821969.999998000000000;15060258000150
202511;1924;9970000000;COTAS;82502.710000000000000;
202511;1969;1999004019;VL_PG_RC;-5243.710000000000000;
202511;1972;2005001783;COTAS;6081214.465876000000000;
202511;1972;2005001783;COTAS;7300783.220894000000000;
202511;1991;1996003119;COTAS;369376595.999428000000000;
202511;2021;2013001118;CAIXA;3487.000000000000000;
202511;2066;1974000192;COTAS;12242560.126039000000000;
202511;2066;1974000192;COTAS;18890580.267967000000000;
202511;2083;1973000156;CAIXA;1616.800000000000000;
202511;2083;1995002356;TIT_PRIV;515465.390000000000000;
202511;2083;2000008283;COTAS;719533864.070826000000000;05170419000105
202511;2083;2000008283;COTAS;54073571.110398000000000;35600762000103
202511;2083;2011002265;COTAS;128897037.315496000000000;05170419000105
202511;2083;2011002265;OPERACAO_PARTICIPANTE;3226772.470194706500000;
202511;2083;2020000229;COTAS;10503372.813953000000000;16569908000150
202511;2169;1972000111;OPERACAO_PARTICIPANTE;1669967.260000000000000;
202511;2169;1999000374;COTAS;18896871.659719000000000;
202511;2169;1999000374;COTAS;357064149.686563000000000;02143194000100
202511;2172;2005005592;COTAS;203507649.365599000000000;31615270000130
202511;2172;2005005592;VL_PG_RC;-4867.970000000000000;
202511;2231;1982002883;COTAS;514062.875311000000000;
202511;2231;1998000583;TIT_PUB;250958.080000000000000;
202511;2231;2008003019;COTAS;646795.487781000000000;44703493000100
202511;2231;2010002229;COTAS;8740446.574651000000000;
202511;2231;2010002229;COTAS;72179894.800174000000000;44703493000100
202511;2231;2010002474;COTAS;8230619.141665000000000;
202511;2231;2010002474;VL_PG_RC;-453882.250000000000000;
202511;2231;2011001218;COTAS;6606.307827000000000;
202511;2231;2011001218;COTAS;17624337.299960000000000;
202511;2231;2011001218;COTAS;2862864.767555000000000;44703472000186
202511;2231;2012001947;IMOVEIS;19909847.800000000000000;
202511;2231;2019003074;COTAS;18171779.301401000000000;
202511;2258;1990000118;COTAS;3852333.796334000000000;
202511;2258;1990000118;COTAS;2534174.385377000000000;49927877000111
202511;2258;1993000992;COTAS;113448086.298495000000000;50620290000144
202511;2258;1994003138;COTAS;36672453.455824000000000;52985327000163
202511;2258;1996002147;COTAS;19230608.452879000000000;50625158000125
202511;2258;1999003683;COTAS;3826212.385640000000000;50620435000107
202511;2258;2000004474;CAIXA;0.000000000000000;
202511;2258;2002001138;VL_PG_RC;-21094.850000000000000;
202511;2258;2003002911;COTAS;174953043.971573000000000;50620290000144
202511;2258;2003003029;TIT_PUB;8939454.270000000000000;
202511;2258;2006001647;COTAS;513121.337493000000000;
202511;2258;2006006411;COTAS;43472.646103000000000;
202511;2258;2007000611;COTAS;4619133.494575000000000;50625158000125
202511;2258;2007002256;CAIXA;0.000000000000000;
202511;2258;2007002256;COTAS;9150.094903000000000;
202511;2258;2007002418;VL_PG_RC;-60581.120000000000000;
202511;2258;2009001656;CAIXA;0.000000000000000;
202511;2258;2010001338;COTAS;24204424.321306000000000;50620290000144
202511;2258;2012000983;COTAS;20406738.057641000000000;50625158000125
202511;2258;2012001092;COTAS;113797939.814572000000000;50620290000144
202511;2258;2012001165;CAIXA;0.000000000000000;
202511;2258;2012001165;COTAS;19199.961720000000000;
202511;2258;2012001319;CAIXA;0.000000000000000;
202511;2258;2014000719;COTAS;18516.501893000000000;
202511;2258;2016000929;COTAS;3735243.278305000000000;50620435000107
202511;2258;2016000929;VL_PG_RC;-16829.360000000000000;
202511;2258;2016001038;COTAS;24866396.256753000000000;04052631000105
202511;2258;2017001147;COTAS;2161005.948701000000000;50620435000107
202511;2258;2019001292;VL_PG_RC;-4606.840000000000000;
202511;2258;2019003147;COTAS;6306079.699241000000000;50641862000171
202511;2258;2019003392;COTAS;306286.681382000000000;50620290000144
202511;2258;2020001111;COTAS;42251794.001119000000000;51059844000149
202511;2258;2020003465;COTAS;73795.126105000000000;
202511;2258;2021000974;COTAS;90190767.655605000000000;50620435000107
202511;2258;2023000092;COTAS;1625473.720915000000000;50625158000125
202511;2258;2023001129;COTAS;1292771.319290000000000;50620435000107
202511;2292;1990002129;COTAS;2767828.985152000000000;50765883000107
202511;2292;1998002756;COTAS;73595677.880057000000000;41562294000122
202511;2292;1998002829;COTAS;990606.560696000000000;
202511;2292;1998002829;COTAS;8751956.346565000000000;
202511;2292;1998002829;OPERACAO_PARTICIPANTE;4511066.016534000000000;
202511;2292;2016000392;COTAS;49786.524715000000000;
202511;2292;2016000392;COTAS;18073.889343000000000;
202511;2292;2018002538;COTAS;156649.885387000000000;
202511;2292;2018002538;COTAS;589515.704680000000000;
202511;2292;2018002538;COTAS;13280374.439030000000000;04764252000148
202511;2292;9970000000;COTAS;8529589.379349000000000;
202511;2302;1988000483;COTAS;27424039.201364000000000;
202511;2316;1979000719;COTAS;278973.635365000000000;56479808000158
202511;2316;2015001311;CAIXA;26809.220000000000000;
202511;2316;2015001311;VL_PG_RC;-778513.400000000000000;
202511;2333;2019000938;COTAS;2782990.834866000000000;
202511;2333;9970000000;VL_PG_RC;-2900.520000000000000;
202511;2395;9970000000;COTAS;9499017.230345000000000;
202511;2395;9970000000;VL_PG_RC;0.000000000000000;
202511;2422;1982001747;ACOES;2894.460000000000000;
202511;2422;2002002819;COTAS;7575692.938386000000000;14205056000197
202511;2422;2002003238;OPERACAO_PARTICIPANTE;11316.830247209500000;
202511;2422;2002003718;OPERACAO_PARTICIPANTE;10584.380254201700000;
202511;2422;9970000000;COTAS;68696713.490210000000000;14205056000197
202511;2484;2004001992;COTAS;52734320.891124000000000;42865356000138
202511;2511;9970000000;CAIXA;7510.850000000000000;
202511;2525;1974000265;COTAS;4900703.414098000000000;
202511;2525;1974000265;VL_PG_RC;34158.470000000000000;
202511;2525;1979004511;COTAS;310936474.454004000000000;58430028000149
202511;2525;1979004511;TIT_PRIV;5564714.000000000000000;
202511;2525;2020002256;COTAS;1054694.163720000000000;41763054000196
202511;2525;2023000556;COTAS;501033.096445000000000;54874511000161
202511;2556;1993000119;COTAS;7412134.843156000000000;
202511;2556;1993000119;COTAS;107346325.308422000000000;
202511;2556;1993000119;COTAS;58115974.819568000000000;27880083000107
202511;2556;1998007618;COTAS;339353.400000000000000;
202511;2556;1998007618;IMOVEIS;27576077.640000000000000;
202511;2556;2018001574;TIT_PRIV;452347.570000000000000;
202511;2556;9970000000;COTAS;4882.195841000000000;
202511;2561;2014000174;COTAS;100176806.112227000000000;41545586000157
202511;2659;2000002447;COTAS;23488056.704449000000000;
202511;2659;2000002447;VL_PG_RC;-632704.790000000000000;
202511;2811;1993002774;COTAS;25352333.646095000000000;
202511;2811;1993002774;COTAS;19789248.441878000000000;
202511;2811;9970000000;COTAS;247745.085162000000000;
202511;2811;9970000000;COTAS;1315773.085846000000000;
202511;2823;1994000392;COTAS;686009.640392000000000;
202511;2823;1994000465;COTAS;60768978.766713000000000;
202511;2823;1994000465;COTAS;215341729.435420000000000;
202511;2823;1994000465;COTAS;16736777.947873000000000;
202511;2823;1994000465;COTAS;12366452.590232000000000;
202511;2823;1994000465;VL_PG_RC;6523341.590000000000000;
202511;2909;2016000465;COTAS;38734094.551740000000000;34867829000108
202511;2909;9970000000;CAIXA;64305.830000000000000;
202511;2912;2005006711;COTAS;386745862.608962000000000;08830058000174
202511;2912;2005006711;COTAS;475734777.360780000000000;09564278000166
202511;2912;9970000000;COTAS;748286.353629000000000;18138892000157
202511;2931;1994000211;COTAS;2612485.663184000000000;
202511;2931;9970000000;VL_PG_RC;0.000000000000000;
202511;2991;1985000547;COTAS;5269974.702435000000000;
202511;2991;1985000547;COTAS;770104.552500000000000;
202511;2991;1985000547;OPERACAO_PARTICIPANTE;1461781.780000000000000;
202511;2991;1994002492;COTAS;54277973.749633000000000;
202511;2991;1994002492;COTAS;18135808.796213000000000;
202511;2991;1994002492;COTAS;4211266.200000000000000;
202511;3023;2001001738;COTAS;10250775.132950000000000;
202511;3023;2001001738;COTAS;961759545.269077000000000;32265488000175
202511;3037;1994001119;COTAS;13137886.534945000000000;
202511;3099;1994004411;COTAS;53360.150000000000000;
202511;3099;1994004411;COTAS;4737354.170011000000000;13411833000197
202511;3099;1996002392;OPERACAO_PARTICIPANTE;4997.709999988800000;
202511;3099;1999005392;COTAS;1153402.910000000000000;
202511;3099;2020003074;CAIXA;973.820000000000000;
202511;3126;1993001492;COTAS;37595230.731187000000000;
202511;3126;1993002219;COTAS;7404963.696000000000000;
202511;3126;1995000711;COTAS;3147581.403810000000000;
202511;3126;1995001147;COTAS;2343179.889967000000000;
202511;3126;1997000938;COTAS;23698940.614868000000000;
202511;3126;1997001918;VL_PG_RC;451845.480000000000000;
202511;3126;1998002292;COTAS;206536.534160000000000;
202511;3126;1999002318;COTAS;6038117.880271000000000;
202511;3126;1999002318;COTAS;79041575.905856000000000;
202511;3126;2000007074;TIT_PRIV;117792.150000000000000;
202511;3126;2001000774;COTAS;121016.030719000000000;
202511;3126;2001000774;COTAS;493317.124774000000000;
202511;3126;2001001983;COTAS;2893866.495802000000000;
202511;3126;2005005811;COTAS;1984259.774092000000000;
202511;3126;2005005811;COTAS;3892352.250487000000000;
202511;3126;2005005811;COTAS;21992996.285822000000000;
202511;3126;2006001183;COTAS;2636803.781138000000000;
202511;3126;2006004011;COTAS;759103.184129000000000;
202511;3126;2006004011;VL_PG_RC;1122539.340000000000000;
202511;3126;2006004711;COTAS;18546048.259124000000000;
202511;3126;2006007165;COTAS;53034005.731619000000000;
202511;3126;2007002019;COTAS;13990635.216888000000000;
202511;3126;2008000192;COTAS;1782836.899167000000000;
202511;3126;2008000192;COTAS;6359106.008109000000000;
202511;3126;2008000192;TIT_PUB;29738139.680000000000000;
202511;3126;2009000447;COTAS;1424789.850662000000000;
202511;3126;2010000129;COTAS;7556647.388341000000000;
202511;3126;2010002547;CAIXA;7000.000000000000000;
202511;3126;2010002792;COTAS;1373073.106818000000000;
202511;3126;2010002792;COTAS;1460129.156048000000000;
202511;3126;2012001483;COTAS;1761203.534519000000000;
202511;3126;2018000756;COTAS;562492.258709000000000;
202511;3126;2018000756;COTAS;128975.161761000000000;
202511;3126;2021001156;COTAS;477914.789252000000000;
202511;3126;2021001156;COTAS;658406.835496000000000;
202511;3126;2021001156;COTAS;253542.147096000000000;
202511;3161;1994004118;COTAS;4131624.453840000000000;
202511;3161;2005005111;COTAS;949400.023724000000000;
202511;3161;2005005111;TIT_PUB;39811325.720000000000000;
202511;3174;1994004029;COTAS;548092311.094539000000000;58370379000101
202511;3174;1994004029;OPERACAO_PARTICIPANTE;47004869.039913296800000;
202511;3174;9970000000;COTAS;23789593.549562000000000;
202511;3188;1989000983;COTAS;33313104.268548000000000;18270776000197
202511;3188;1994002565;CAIXA;8255.280000000000000;
202511;3188;1996001647;COTAS;181878.827165000000000;
202511;3188;1996004883;COTAS;12578120.667248000000000;29298975000120
202511;3188;1998004856;COTAS;3382941.022748000000000;29298975000120
202511;3188;1999002792;COTAS;13688.639615000000000;10220247000177
202511;3188;2001000847;OPERACAO_PARTICIPANTE;19052.240000000000000;
202511;3188;2002000565;COTAS;998376.349114000000000;27565843000191
202511;3188;2003000283;COTAS;11448238.844745000000000;18270776000197
202511;3188;2003000747;COTAS;155284.485739000000000;29298975000120
202511;3188;2003001638;COTAS;456581.202427000000000;
202511;3188;2003001638;TIT_PUB;62637909.380000000000000;
202511;3188;2004002174;COTAS;9940934.490622000000000;
202511;3188;2005000256;COTAS;2155880.185719000000000;29298975000120
202511;3188;2005001211;COTAS;261277.819637000000000;
202511;3188;2005006483;COTAS;2125785.257462000000000;27565843000191
202511;3188;2009002156;COTAS;5102906.917909000000000;
202511;3188;2009002156;COTAS;53194876.150862000000000;10220247000177
202511;3188;2010000374;VL_PG_RC;-11176.410000000000000;
202511;3188;2010003292;COTAS;6.753301000000000;
202511;3188;2010003292;IMOVEIS;34306283.960000000000000;
202511;3188;2010005074;VL_PG_RC;-4894.320000000000000;
202511;3188;2016000538;VL_PG_RC;16598.930000000000000;
202511;3188;2017000711;COTAS;21719845.733350000000000;25244544000120
202511;3188;2019000865;COTAS;3604630.118480000000000;
202511;3188;2019001047;COTAS;45844.698686000000000;18270776000197
202511;3201;1994004274;VL_PG_RC;0.000000000000000;
202511;3201;9970000000;VL_PG_RC;0.000000000000000;
202511;3251;1995001465;COTAS;2269658.040000000000000;
202511;3251;1995001465;COTAS;1472484.387679000000000;
202511;3251;1995001465;COTAS;478815.290582000000000;
202511;3304;1995002747;CAIXA;66859.780000000000000;
202511;3304;1995002747;COTAS;4745819.412661000000000;
202511;3304;1995002747;COTAS;2743589.495416000000000;
202511;3304;1995002747;COTAS;397579.396164000000000;
202511;3304;1995002811;COTAS;402795.215157000000000;
202511;3304;2011001838;COTAS;1205380.587178000000000;
202511;3304;2011001838;COTAS;724688.681298000000000;
202511;3321;1995002992;COTAS;17141487.959646000000000;
202511;3321;1995002992;COTAS;6659939.315865000000000;
202511;3321;1995002992;TIT_PUB;66965068.140000000000000;
202511;3349;1995003638;COTAS;7583878.606354000000000;
202511;3349;1995003638;COTAS;6039610.801019000000000;
202511;3411;2016001356;VL_PG_RC;-360.510000000000000;
202511;3438;1999001011;VL_PG_RC;0.000000000000000;
202511;3438;2000003011;CAIXA;224269.790000000000000;
202511;3438;2000003011;COTAS;114529137.900000000000000;45046280000107
202511;3438;2000005111;CAIXA;33172.170000000000000;
202511;3438;2000005111;COTAS;13376197.496904000000000;17695440000103
202511;3438;2000005111;VL_PG_RC;-2377.770000000000000;
202511;3438;2002002029;COTAS;56699856.871825000000000;17695440000103
202511;3438;2002002118;COTAS;77238831.141271000000000;17695440000103
202511;3438;2005002992;COTAS;32248677.311581000000000;
202511;3438;2005006556;OPERACAO_PARTICIPANTE;2316105.740000000000000;
202511;3438;2007003856;COTAS;338536.002344000000000;
202511;3438;2009003519;VL_PG_RC;-131464.400000000000000;
202511;3438;2016002018;VL_PG_RC;-75540.510000000000000;
202511;3438;2021002438;COTAS;5072753.501345000000000;
202511;3438;2021002918;COTAS;95394.342477000000000;
202511;3438;2021002918;VL_PG_RC;-22457.120000000000000;
202511;3472;2023000718;COTAS;5522141.771554000000000;40209607000109
202511;3527;1996002619;CAIXA;75609.520000000000000;
202511;3527;1996002619;COTAS;15368154.852267000000000;
202511;3527;2020001365;VL_PG_RC;-180704.980000000000000;
202511;3558;1996003992;COTAS;222810.196645000000000;
202511;3558;1996003992;VL_PG_RC;-51372.260000000000000;
202511;3592;2006005911;COTAS;5955105.949087000000000;
202511;3592;2006005911;TIT_PUB;49598469.480000000000000;
202511;3602;1979000638;COTAS;1922819.744154000000000;
202511;3602;1979000638;COTAS;12538896.601764000000000;
202511;3602;1979000638;COTAS;36067889.710734000000000;03833841000178
202511;3602;2009000511;COTAS;5539870.390399000000000;
202511;3602;2011001692;COTAS;5115885.568421000000000;03162048000194
202511;3602;2020002965;COTAS;59903.066758000000000;
202511;3602;9970000000;TIT_PUB;5944440.050000000000000;
202511;3647;1997001829;TIT_PUB;23216680.500000000000000;
202511;3678;2020001918;CAIXA;1944.020000000000000;
202511;3678;2020001918;COTAS;2014730.370339000000000;03322908000100
202511;3678;9970000000;COTAS;3997277.306771000000000;03322908000100
202511;3811;1998004783;COTAS;11183486.328183000000000;
202511;3825;1988002265;COTAS;65324655.980631000000000;
202511;3825;1988003318;COTAS;4902900.664476000000000;
202511;3825;1989001092;TIT_PUB;4359066.800000000000000;
202511;3825;1989001874;COTAS;37993773.345343000000000;
202511;3825;1989001874;COTAS;39610975.106263000000000;
202511;3825;1993001956;TIT_PUB;10066231.140000000000000;
202511;3825;1996001574;COTAS;53269029.037418000000000;
202511;3825;1996001574;COTAS;3194362.259195000000000;
202511;3825;1997003783;COTAS;76372114.921466000000000;
202511;3825;1999005074;COTAS;11790.493152000000000;
202511;3825;2004000211;CAIXA;1000.000000000000000;
202511;3825;2005004774;COTAS;538845254.264509000000000;
202511;3825;2007003619;COTAS;26956716.475163000000000;
202511;3825;9970000000;CAIXA;0.000000000000000;
202511;3887;1999004965;COTAS;11229359.256785000000000;
202511;3887;1999004965;COTAS;5575701.963560000000000;
202511;3928;1999001265;COTAS;75981540.613231000000000;
202511;3928;9970000000;COTAS;4884780.460651000000000;
202511;4011;2000002056;TIT_PUB;23692241.020000000000000;
202511;4011;2000002129;CAIXA;29634.440000000000000;
202511;4011;2000002218;VL_PG_RC;-774.570000000000000;
202511;4039;2000004229;COTAS;13984027.583795000000000;
202511;4101;2002001847;COTAS;14195913.809601000000000;
202511;4101;2002001847;COTAS;10031821.718744000000000;
202511;4114;2002004129;COTAS;392425515.134522000000000;05093031000158
202511;4128;9970000000;VL_PG_RC;0.000000000000000;
202511;4131;1981000811;COTAS;38715136.272153000000000;
202511;4131;1987000374;COTAS;6386072.055497000000000;
202511;4131;1987000374;TIT_PUB;56945168.630000000000000;
202511;4131;1989001165;OPERACAO_PARTICIPANTE;63013.290000000000000;
202511;4131;1993001018;COTAS;768039.831244000000000;
202511;4131;1998006311;COTAS;2918494.871620000000000;
202511;4131;2002000247;VL_PG_RC;-36810.110000000000000;
202511;4131;2008004465;COTAS;6927810.308681000000000;
202511;4131;2008004465;VL_PG_RC;-13271.810000000000000;
202511;4131;2008004538;CAIXA;653.550000000000000;
202511;4131;2017000647;VL_PG_RC;1753848.860000000000000;
202511;4176;2018002392;COTAS;14749991.298456000000000;13401162000183
202511;4176;9970000000;COTAS;12205486.808809000000000;17759357000150
202511;4203;2000002838;COTAS;1376784.192151000000000;
202511;4203;2000002838;IMOVEIS;38409417.130000000000000;
202511;4203;2000006574;COTAS;4956610.471509000000000;03102070000149
202511;4203;2000006574;COTAS;11226760.195563000000000;40170889000170
202511;4217;1997000792;CAIXA;194.850000000000000;
202511;4217;2012001238;VL_PG_RC;8542.890000000000000;
202511;4217;2022000919;COTAS;3878444.195454000000000;
202511;4217;2022000919;VL_PG_RC;1910.020000000000000;
202511;4217;2022002474;VL_PG_RC;709.020000000000000;
202511;4221;2006004247;COTAS;2743775.053920000000000;
202511;4221;2006004247;COTAS;10960334.633996000000000;
202511;4221;2011002419;COTAS;606009.864786000000000;
202511;4221;2012001629;COTAS;1834899.768338000000000;
202511;4221;2012001874;COTAS;20463719.986057000000000;
202511;4221;2012001874;COTAS;2355325.690878000000000;
202511;4221;2012001874;COTAS;2266361.333450000000000;
202511;4248;2009000838;CAIXA;26837.820000000000000;
202511;4248;2009000838;COTAS;3803487.783331000000000;52350495000182
202511;4248;2011001919;COTAS;1274869941.598611000000000;18936235000155
202511;4248;2014001847;VL_PG_RC;-4185.720000000000000;
202511;4248;2020001683;COTAS;11376382.980852000000000;18936232000111
202511;4279;9970000000;VL_PG_RC;-1851.660000000000000;
202511;4282;2004003065;COTAS;4671582.930001000000000;
202511;4282;2004003065;VL_PG_RC;-1975.840000000000000;
202511;4311;9970000000;COTAS;8441246.985290000000000;
202511;4368;2005004211;COTAS;230192716.866143000000000;
202511;4368;2005004211;COTAS;319865318.226771000000000;46373036000111
202511;4426;2007002329;COTAS;780602014.049241000000000;
202511;4443;1982002018;COTAS;638889466.866302000000000;12558695000100
202511;4443;1982002018;VL_PG_RC;-0.210000000000000;
202511;4529;2008002365;COTAS;4835646.566570000000000;
202511;4529;2008002365;TIT_PRIV;41393040.830000000000000;
202511;4546;2009000919;COTAS;2708293.340679000000000;
202511;4546;2009000919;COTAS;2473382.071337000000000;
202511;4546;9970000000;TIT_PUB;266987.240000000000000;
202511;4577;2008003892;COTAS;1406168.939991000000000;
202511;4577;2010001974;CAIXA;202083.180000000000000;
202511;4581;1999000919;OPERACAO_PARTICIPANTE;25726475.380000000000000;
202511;4594;1989001629;COTAS;10199390.031571000000000;
202511;4604;2010002083;CAIXA;10331.050000000000000;
202511;4604;2010002083;COTAS;87973408.392271000000000;
202511;4652;2019001438;COTAS;1031240.960000000000000;08998851000187
202511;4666;2011000629;COTAS;137329382.197229000000000;
202511;4683;2005000647;COTAS;39222878.382439000000000;
202511;4683;2019000792;CAIXA;887073.030000000000000;
202511;4683;2019000792;COTAS;24363545.429019000000000;
202511;4707;2013000138;COTAS;46311057.944825000000000;
202511;4707;2013000138;COTAS;52506186.403785000000000;
202511;4707;2013000219;CAIXA;145292.240000000000000;
202511;4707;2013000219;COTAS;5458715.150000000000000;
202511;4707;2013000219;COTAS;4065415.036261000000000;
202511;4707;2013000219;COTAS;4788730.000000000000000;
202511;4707;2013000219;COTAS;2613103.806902000000000;
202511;4707;2013000219;COTAS;5873838.403699000000000;
202511;4707;2013000219;COTAS;90218009.717933000000000;
202511;4707;2013000219;COTAS;15608824.061033000000000;
202511;4707;2013000219;COTAS;81847036.109827000000000;
202511;4707;2013002092;COTAS;5850487.879712000000000;
202511;4707;2013002092;COTAS;44005869.411820000000000;
202511;4707;2013002092;COTAS;2285881.621368000000000;
202511;4707;2013002092;COTAS;5649486.034345000000000;
202511;4707;2018001329;COTAS;3546216.648661000000000;
202511;4707;2018001329;COTAS;712344.010078000000000;
202511;4707;2018001892;COTAS;767064.703519000000000;
202511;4707;2018001892;COTAS;329612.910196000000000;
202511;4707;2019003856;COTAS;116028.880068000000000;
202511;4707;2019003856;COTAS;5862744.653343000000000;
202511;4707;2022001265;COTAS;7658916.103539000000000;
202511;4707;9970000000;COTAS;15522577.509217000000000;
202511;4711;2018000519;COTAS;10129431.388518000000000;26324274000120
202511;4711;9970000000;CAIXA;14832.390000000000000;
202511;4724;2013000383;COTAS;233122331.919790000000000;37467600000174
202511;4724;2013000618;CAIXA;492.880000000000000;
202511;4738;2013001347;COTAS;13055123.514321000000000;
202511;4741;2013001738;COTAS;801251251.127125000000000;58805989000190
202511;4741;9970000000;COTAS;12782537.327837000000000;61861865000137
202511;4755;2014000311;COTAS;57982349.079630000000000;61650236000168
202511;4755;2015001247;CAIXA;1186.110000000000000;
202511;4786;2016000856;COTAS;21078241.998463000000000;
202511;4786;2016000856;COTAS;8390189.001096000000000;
202511;4786;2016000856;COTAS;2235685.000249000000000;
202511;4786;2024000347;COTAS;2888041.000752000000000;
202511;4786;9970000000;VL_PG_RC;-2235.360000000000000;
202511;4791;9970000000;COTAS;530535.659999000000000;
202511;4801;2016001518;COTAS;21354515.859996000000000;
202511;4813;2017000965;COTAS;8654924.016150000000000;
202511;4813;2017000965;TIT_PUB;42196343.810000000000000;
202511;4827;9970000000;COTAS;1733548.883998000000000;
202511;4831;1981000283;OPERACAO_PARTICIPANTE;10890510.880439650300000;
202511;4831;1993000429;COTAS;130570.748747000000000;
202511;4831;1993000429;VL_PG_RC;562725.180000000000000;
202511;4831;1998003647;OPERACAO_PARTICIPANTE;30495129.629406809400000;
202511;4831;2006006811;COTAS;1123557.348928000000000;
202511;4831;2019001829;IMOVEIS;4984915.120000000000000;
202511;4844;2019000547;COTAS;1448454.606173000000000;
202511;4858;2018002211;COTAS;198095.787001000000000;
202511;4892;9970000000;COTAS;3784076.684393000000000;
202511;4947;1996003747;CAIXA;175974.190000000000000;
202511;4947;1996003747;COTAS;61787570.886363000000000;46685235000165
202511;4947;9970000000;COTAS;3826581.506496000000000;51761747000101
